datetime,open,high,low,close,volume,dividends,stock splits
2026-01-15 09:30:00-05:00,1.559999942779541,1.5700000524520874,1.5499999523162842,1.5562000274658203,606500,0.0,0.0
2026-01-15 09:35:00-05:00,1.5568000078201294,1.565999984741211,1.5399999618530273,1.5499999523162842,1084670,0.0,0.0
2026-01-15 09:40:00-05:00,1.5549999475479126,1.559999942779541,1.5399999618530273,1.5491000413894653,760721,0.0,0.0
2026-01-15 09:45:00-05:00,1.5449999570846558,1.559399962425232,1.5399999618530273,1.55239999294281,1051871,0.0,0.0
2026-01-15 09:50:00-05:00,1.5499999523162842,1.559999942779541,1.5399999618530273,1.559999942779541,995179,0.0,0.0
2026-01-15 09:55:00-05:00,1.5513999462127686,1.559999942779541,1.5499999523162842,1.5506999492645264,657178,0.0,0.0
2026-01-15 10:00:00-05:00,1.559000015258789,1.5699000358581543,1.5499999523162842,1.565000057220459,323952,0.0,0.0
2026-01-15 10:05:00-05:00,1.5643999576568604,1.590000033378601,1.559999942779541,1.590000033378601,845555,0.0,0.0
2026-01-15 10:10:00-05:00,1.5850000381469727,1.590000033378601,1.5800000429153442,1.590000033378601,427773,0.0,0.0
2026-01-15 10:15:00-05:00,1.5800000429153442,1.600000023841858,1.5800000429153442,1.596500039100647,378622,0.0,0.0
2026-01-15 10:20:00-05:00,1.5996999740600586,1.6100000143051147,1.5800000429153442,1.5889999866485596,1080558,0.0,0.0
2026-01-15 10:25:00-05:00,1.590000033378601,1.6200000047683716,1.5850000381469727,1.6100000143051147,1006827,0.0,0.0
2026-01-15 10:30:00-05:00,1.6150000095367432,1.6200000047683716,1.6009999513626099,1.6200000047683716,741034,0.0,0.0
2026-01-15 10:35:00-05:00,1.6114000082015991,1.6399999856948853,1.6100000143051147,1.6331000328063965,969865,0.0,0.0
2026-01-15 10:40:00-05:00,1.6349999904632568,1.6399999856948853,1.6299999952316284,1.6349999904632568,1002976,0.0,0.0
2026-01-15 10:45:00-05:00,1.6349999904632568,1.659999966621399,1.6299999952316284,1.6549999713897705,937981,0.0,0.0
2026-01-15 10:50:00-05:00,1.6549999713897705,1.659999966621399,1.6299999952316284,1.6363999843597412,978431,0.0,0.0
2026-01-15 10:55:00-05:00,1.6398999691009521,1.6399999856948853,1.6299999952316284,1.6349999904632568,562428,0.0,0.0
2026-01-15 11:00:00-05:00,1.6349999904632568,1.649999976158142,1.6299999952316284,1.6399999856948853,483330,0.0,0.0
2026-01-15 11:05:00-05:00,1.649999976158142,1.649999976158142,1.6299999952316284,1.6410000324249268,765511,0.0,0.0
2026-01-15 11:10:00-05:00,1.6399999856948853,1.649999976158142,1.6399999856948853,1.6399999856948853,398400,0.0,0.0
2026-01-15 11:15:00-05:00,1.6399999856948853,1.649999976158142,1.6299999952316284,1.6349999904632568,890924,0.0,0.0
2026-01-15 11:20:00-05:00,1.6349999904632568,1.6399999856948853,1.6299999952316284,1.6349999904632568,131906,0.0,0.0
2026-01-15 11:25:00-05:00,1.6399999856948853,1.6399999856948853,1.6200000047683716,1.625,759572,0.0,0.0
2026-01-15 11:30:00-05:00,1.6201000213623047,1.6299999952316284,1.6200000047683716,1.625,412748,0.0,0.0
2026-01-15 11:35:00-05:00,1.625,1.6399999856948853,1.6200000047683716,1.6349999904632568,479245,0.0,0.0
2026-01-15 11:40:00-05:00,1.6349999904632568,1.6399999856948853,1.6299999952316284,1.63100004196167,191647,0.0,0.0
2026-01-15 11:45:00-05:00,1.6299999952316284,1.6399999856948853,1.6200000047683716,1.6200000047683716,943760,0.0,0.0
2026-01-15 11:50:00-05:00,1.6299999952316284,1.6299999952316284,1.6200000047683716,1.6200000047683716,395489,0.0,0.0
2026-01-15 11:55:00-05:00,1.6200000047683716,1.6299999952316284,1.6200000047683716,1.625,175045,0.0,0.0
2026-01-15 12:00:00-05:00,1.625,1.6299999952316284,1.6200000047683716,1.6200000047683716,100722,0.0,0.0
2026-01-15 12:05:00-05:00,1.6200000047683716,1.6299999952316284,1.6100000143051147,1.6292999982833862,662320,0.0,0.0
2026-01-15 12:10:00-05:00,1.6299999952316284,1.6299999952316284,1.6109999418258667,1.6150000095367432,408223,0.0,0.0
2026-01-15 12:15:00-05:00,1.6200000047683716,1.6299999952316284,1.6100000143051147,1.6201000213623047,331242,0.0,0.0
2026-01-15 12:20:00-05:00,1.625,1.6299999952316284,1.6200000047683716,1.625,60946,0.0,0.0
2026-01-15 12:25:00-05:00,1.6299999952316284,1.6349999904632568,1.6200000047683716,1.6349999904632568,323234,0.0,0.0
2026-01-15 12:30:00-05:00,1.6299999952316284,1.6399999856948853,1.6299999952316284,1.6349999904632568,62577,0.0,0.0
2026-01-15 12:35:00-05:00,1.6349999904632568,1.649999976158142,1.6299999952316284,1.6492999792099,841856,0.0,0.0
2026-01-15 12:40:00-05:00,1.6449999809265137,1.649999976158142,1.6299999952316284,1.6349999904632568,478761,0.0,0.0
2026-01-15 12:45:00-05:00,1.6308000087738037,1.6399999856948853,1.6299999952316284,1.6349999904632568,128711,0.0,0.0
2026-01-15 12:50:00-05:00,1.6349999904632568,1.6399999856948853,1.6299999952316284,1.6399999856948853,101168,0.0,0.0
2026-01-15 12:55:00-05:00,1.6399999856948853,1.6399999856948853,1.6299999952316284,1.6349999904632568,105418,0.0,0.0
2026-01-15 13:00:00-05:00,1.6299999952316284,1.6399999856948853,1.6200000047683716,1.625,333038,0.0,0.0
2026-01-15 13:05:00-05:00,1.6263999938964844,1.6399999856948853,1.6200000047683716,1.6349999904632568,333307,0.0,0.0
2026-01-15 13:10:00-05:00,1.6349999904632568,1.6399999856948853,1.6299999952316284,1.638100028038025,94368,0.0,0.0
2026-01-15 13:15:00-05:00,1.6349999904632568,1.6399999856948853,1.6299999952316284,1.6399999856948853,96717,0.0,0.0
2026-01-15 13:20:00-05:00,1.6349999904632568,1.649999976158142,1.6299999952316284,1.6390000581741333,776279,0.0,0.0
2026-01-15 13:25:00-05:00,1.6375999450683594,1.6399999856948853,1.6299999952316284,1.6349999904632568,1242169,0.0,0.0
2026-01-15 13:30:00-05:00,1.6399999856948853,1.649999976158142,1.6299999952316284,1.6299999952316284,878645,0.0,0.0
2026-01-15 13:35:00-05:00,1.625,1.6299999952316284,1.6200000047683716,1.625,200025,0.0,0.0
2026-01-15 13:40:00-05:00,1.625,1.639299988746643,1.6200000047683716,1.63100004196167,391333,0.0,0.0
2026-01-15 13:45:00-05:00,1.6349999904632568,1.635599970817566,1.6200000047683716,1.6200000047683716,253514,0.0,0.0
2026-01-15 13:50:00-05:00,1.6299999952316284,1.6299999952316284,1.6200000047683716,1.6299999952316284,453617,0.0,0.0
2026-01-15 13:55:00-05:00,1.6298999786376953,1.6299999952316284,1.6200000047683716,1.6299999952316284,96679,0.0,0.0
2026-01-15 14:00:00-05:00,1.625,1.6299999952316284,1.6200000047683716,1.6200000047683716,113005,0.0,0.0
2026-01-15 14:05:00-05:00,1.625,1.6399999856948853,1.6200000047683716,1.6399999856948853,283502,0.0,0.0
2026-01-15 14:10:00-05:00,1.6399999856948853,1.649999976158142,1.6299999952316284,1.6449999809265137,688748,0.0,0.0
2026-01-15 14:15:00-05:00,1.6449999809265137,1.6497000455856323,1.6299999952316284,1.6399999856948853,360578,0.0,0.0
2026-01-15 14:20:00-05:00,1.6306999921798706,1.6399999856948853,1.6299999952316284,1.6399999856948853,118856,0.0,0.0
2026-01-15 14:25:00-05:00,1.6349999904632568,1.6399999856948853,1.6299999952316284,1.6399999856948853,158976,0.0,0.0
2026-01-15 14:30:00-05:00,1.6390999555587769,1.6449999809265137,1.6299999952316284,1.6347999572753906,240059,0.0,0.0
2026-01-15 14:35:00-05:00,1.6349999904632568,1.6399999856948853,1.6299999952316284,1.6399999856948853,67801,0.0,0.0
2026-01-15 14:40:00-05:00,1.6349999904632568,1.6449999809265137,1.6299999952316284,1.6349999904632568,459101,0.0,0.0
2026-01-15 14:45:00-05:00,1.6399999856948853,1.649999976158142,1.6299999952316284,1.6406999826431274,466328,0.0,0.0
2026-01-15 14:50:00-05:00,1.6401000022888184,1.645400047302246,1.6299999952316284,1.6349999904632568,285999,0.0,0.0
2026-01-15 14:55:00-05:00,1.6349999904632568,1.6399999856948853,1.6299999952316284,1.6399999856948853,69415,0.0,0.0
2026-01-15 15:00:00-05:00,1.6399999856948853,1.6399999856948853,1.6200000047683716,1.625,277989,0.0,0.0
2026-01-15 15:05:00-05:00,1.625,1.6299999952316284,1.6200000047683716,1.625,88013,0.0,0.0
2026-01-15 15:10:00-05:00,1.625,1.6299999952316284,1.6200000047683716,1.625,186974,0.0,0.0
2026-01-15 15:15:00-05:00,1.625,1.6299999952316284,1.6200000047683716,1.6234999895095825,120698,0.0,0.0
2026-01-15 15:20:00-05:00,1.6200000047683716,1.625,1.6100000143051147,1.6193000078201294,350414,0.0,0.0
2026-01-15 15:25:00-05:00,1.6100000143051147,1.6200000047683716,1.600000023841858,1.6050000190734863,415120,0.0,0.0
2026-01-15 15:30:00-05:00,1.604599952697754,1.6100000143051147,1.600000023841858,1.6087000370025635,129067,0.0,0.0
2026-01-15 15:35:00-05:00,1.6100000143051147,1.6100000143051147,1.600000023841858,1.6050000190734863,101853,0.0,0.0
2026-01-15 15:40:00-05:00,1.600000023841858,1.6100000143051147,1.600000023841858,1.600000023841858,100727,0.0,0.0
2026-01-15 15:45:00-05:00,1.6050000190734863,1.6100000143051147,1.600000023841858,1.6050000190734863,144971,0.0,0.0
2026-01-15 15:50:00-05:00,1.600000023841858,1.6100000143051147,1.590000033378601,1.5964000225067139,718698,0.0,0.0
2026-01-15 15:55:00-05:00,1.5950000286102295,1.600000023841858,1.590000033378601,1.600000023841858,533889,0.0,0.0
2026-01-16 09:30:00-05:00,1.600000023841858,1.6399999856948853,1.590000033378601,1.6299999952316284,1330360,0.0,0.0
2026-01-16 09:35:00-05:00,1.6363999843597412,1.659999966621399,1.6200000047683716,1.6349999904632568,1671625,0.0,0.0
2026-01-16 09:40:00-05:00,1.6368999481201172,1.649999976158142,1.6200000047683716,1.6238000392913818,1195023,0.0,0.0
2026-01-16 09:45:00-05:00,1.6200000047683716,1.6399999856948853,1.6200000047683716,1.6349999904632568,783692,0.0,0.0
2026-01-16 09:50:00-05:00,1.6349999904632568,1.6399999856948853,1.6200000047683716,1.6216000318527222,242650,0.0,0.0
2026-01-16 09:55:00-05:00,1.6299999952316284,1.6299999952316284,1.610700011253357,1.6226999759674072,468067,0.0,0.0
2026-01-16 10:00:00-05:00,1.6232999563217163,1.6299999952316284,1.6200000047683716,1.6241999864578247,430923,0.0,0.0
2026-01-16 10:05:00-05:00,1.6294000148773193,1.6299999952316284,1.6100000143051147,1.621999979019165,917283,0.0,0.0
2026-01-16 10:10:00-05:00,1.6213949918746948,1.6213949918746948,1.6100000143051147,1.6100000143051147,367186,0.0,0.0
2026-01-16 10:15:00-05:00,1.6196999549865723,1.6299999952316284,1.6100000143051147,1.6100000143051147,472101,0.0,0.0
2026-01-16 10:20:00-05:00,1.6150000095367432,1.6299999952316284,1.6100000143051147,1.6299999952316284,699699,0.0,0.0
2026-01-16 10:25:00-05:00,1.6253999471664429,1.6299999952316284,1.6200000047683716,1.6299999952316284,175018,0.0,0.0
2026-01-16 10:30:00-05:00,1.625,1.6299999952316284,1.6200000047683716,1.6200000047683716,241264,0.0,0.0
2026-01-16 10:35:00-05:00,1.625,1.6299999952316284,1.6200000047683716,1.621000051498413,310395,0.0,0.0
2026-01-16 10:40:00-05:00,1.6200000047683716,1.6299999952316284,1.6150000095367432,1.625100016593933,673171,0.0,0.0
2026-01-16 10:45:00-05:00,1.629699945449829,1.6399999856948853,1.6200000047683716,1.6399999856948853,1146922,0.0,0.0
2026-01-16 10:50:00-05:00,1.6399999856948853,1.6699999570846558,1.6299999952316284,1.6526000499725342,1538441,0.0,0.0
2026-01-16 10:55:00-05:00,1.649999976158142,1.6699999570846558,1.649999976158142,1.666700005531311,559556,0.0,0.0
2026-01-16 11:00:00-05:00,1.6699999570846558,1.6699999570846558,1.649999976158142,1.6510000228881836,447288,0.0,0.0
2026-01-16 11:05:00-05:00,1.6549999713897705,1.659999966621399,1.649999976158142,1.6549999713897705,191089,0.0,0.0
2026-01-16 11:10:00-05:00,1.649999976158142,1.659999966621399,1.649999976158142,1.6549999713897705,326524,0.0,0.0
2026-01-16 11:15:00-05:00,1.659999966621399,1.6799999475479126,1.6549999713897705,1.6610000133514404,1047359,0.0,0.0
2026-01-16 11:20:00-05:00,1.659999966621399,1.6699999570846558,1.6399999856948853,1.649999976158142,928372,0.0,0.0
2026-01-16 11:25:00-05:00,1.649999976158142,1.649999976158142,1.6299999952316284,1.6349999904632568,505213,0.0,0.0
2026-01-16 11:30:00-05:00,1.6349999904632568,1.649999976158142,1.6299999952316284,1.649999976158142,212767,0.0,0.0
2026-01-16 11:35:00-05:00,1.6449999809265137,1.649999976158142,1.6399999856948853,1.6399999856948853,81062,0.0,0.0
2026-01-16 11:40:00-05:00,1.6449999809265137,1.659999966621399,1.6399999856948853,1.6549999713897705,831650,0.0,0.0
2026-01-16 11:45:00-05:00,1.6549999713897705,1.659999966621399,1.649999976158142,1.649999976158142,193540,0.0,0.0
2026-01-16 11:50:00-05:00,1.6549999713897705,1.659999966621399,1.649999976158142,1.649999976158142,992832,0.0,0.0
2026-01-16 11:55:00-05:00,1.652500033378601,1.659999966621399,1.649999976158142,1.6549999713897705,112636,0.0,0.0
2026-01-16 12:00:00-05:00,1.6500999927520752,1.659999966621399,1.649999976158142,1.649999976158142,85105,0.0,0.0
2026-01-16 12:05:00-05:00,1.6513999700546265,1.659999966621399,1.6399999856948853,1.6549999713897705,726807,0.0,0.0
2026-01-16 12:10:00-05:00,1.65339994430542,1.659999966621399,1.649999976158142,1.6549999713897705,49735,0.0,0.0
2026-01-16 12:15:00-05:00,1.659999966621399,1.659999966621399,1.6349999904632568,1.6349999904632568,373674,0.0,0.0
2026-01-16 12:20:00-05:00,1.63100004196167,1.6399999856948853,1.6299999952316284,1.6349999904632568,509956,0.0,0.0
2026-01-16 12:25:00-05:00,1.6399999856948853,1.6399999856948853,1.6200000047683716,1.6202000379562378,249702,0.0,0.0
2026-01-16 12:30:00-05:00,1.6294000148773193,1.6299999952316284,1.6200000047683716,1.625,122586,0.0,0.0
2026-01-16 12:35:00-05:00,1.625,1.6299999952316284,1.6200000047683716,1.625,748247,0.0,0.0
2026-01-16 12:40:00-05:00,1.6259000301361084,1.6299999952316284,1.6200000047683716,1.6299999952316284,99970,0.0,0.0
2026-01-16 12:45:00-05:00,1.6200000047683716,1.6299999952316284,1.6200000047683716,1.6200000047683716,79538,0.0,0.0
2026-01-16 12:50:00-05:00,1.6200000047683716,1.6299999952316284,1.6200000047683716,1.6299999952316284,83658,0.0,0.0
2026-01-16 12:55:00-05:00,1.625,1.6299999952316284,1.6100000143051147,1.628999948501587,452225,0.0,0.0
2026-01-16 13:00:00-05:00,1.6201000213623047,1.6349999904632568,1.6200000047683716,1.6299999952316284,188187,0.0,0.0
2026-01-16 13:05:00-05:00,1.6349999904632568,1.6399999856948853,1.6299999952316284,1.6349999904632568,78030,0.0,0.0
2026-01-16 13:10:00-05:00,1.6399999856948853,1.6399999856948853,1.6200000047683716,1.6201000213623047,268499,0.0,0.0
2026-01-16 13:15:00-05:00,1.6298999786376953,1.6399999856948853,1.6200000047683716,1.6299999952316284,208895,0.0,0.0
2026-01-16 13:20:00-05:00,1.6332999467849731,1.6399999856948853,1.6200000047683716,1.6200000047683716,150124,0.0,0.0
2026-01-16 13:25:00-05:00,1.6200000047683716,1.6299999952316284,1.6200000047683716,1.6200000047683716,172278,0.0,0.0
2026-01-16 13:30:00-05:00,1.6200000047683716,1.6299999952316284,1.6200000047683716,1.6200000047683716,232006,0.0,0.0
2026-01-16 13:35:00-05:00,1.6200000047683716,1.6299999952316284,1.6200000047683716,1.6237000226974487,49788,0.0,0.0
2026-01-16 13:40:00-05:00,1.620300054550171,1.6299999952316284,1.6200000047683716,1.6200000047683716,99693,0.0,0.0
2026-01-16 13:45:00-05:00,1.6200000047683716,1.6299999952316284,1.6200000047683716,1.625,89286,0.0,0.0
2026-01-16 13:50:00-05:00,1.622499942779541,1.6299999952316284,1.6200000047683716,1.6299999952316284,51670,0.0,0.0
2026-01-16 13:55:00-05:00,1.6200000047683716,1.6299999952316284,1.6200000047683716,1.6200000047683716,67535,0.0,0.0
2026-01-16 14:00:00-05:00,1.6202000379562378,1.6299999952316284,1.6200000047683716,1.6200000047683716,124113,0.0,0.0
2026-01-16 14:05:00-05:00,1.625,1.6299999952316284,1.6200000047683716,1.6200000047683716,116181,0.0,0.0
2026-01-16 14:10:00-05:00,1.6200000047683716,1.6299999952316284,1.6200000047683716,1.625,94436,0.0,0.0
2026-01-16 14:15:00-05:00,1.6200000047683716,1.6299999952316284,1.6200000047683716,1.625,81220,0.0,0.0
2026-01-16 14:20:00-05:00,1.6200000047683716,1.6299999952316284,1.6100000143051147,1.6200000047683716,356527,0.0,0.0
2026-01-16 14:25:00-05:00,1.6200000047683716,1.6298999786376953,1.6100000143051147,1.6200000047683716,284312,0.0,0.0
2026-01-16 14:30:00-05:00,1.6200000047683716,1.6200000047683716,1.6100000143051147,1.6101000308990479,99246,0.0,0.0
2026-01-16 14:35:00-05:00,1.6100000143051147,1.6200000047683716,1.6100000143051147,1.6100000143051147,90794,0.0,0.0
2026-01-16 14:40:00-05:00,1.6100000143051147,1.6200000047683716,1.6100000143051147,1.6150000095367432,49866,0.0,0.0
2026-01-16 14:45:00-05:00,1.6100000143051147,1.6200000047683716,1.6100000143051147,1.6100000143051147,72272,0.0,0.0
2026-01-16 14:50:00-05:00,1.6100000143051147,1.6200000047683716,1.6100000143051147,1.6150000095367432,87133,0.0,0.0
2026-01-16 14:55:00-05:00,1.6150000095367432,1.6200000047683716,1.6100000143051147,1.6200000047683716,214999,0.0,0.0
2026-01-16 15:00:00-05:00,1.6150000095367432,1.6150000095367432,1.600000023841858,1.600000023841858,202215,0.0,0.0
2026-01-16 15:05:00-05:00,1.6100000143051147,1.6100000143051147,1.600000023841858,1.6050000190734863,142764,0.0,0.0
2026-01-16 15:10:00-05:00,1.6015000343322754,1.6100000143051147,1.600000023841858,1.6100000143051147,101429,0.0,0.0
2026-01-16 15:15:00-05:00,1.600000023841858,1.6100000143051147,1.600000023841858,1.600000023841858,147133,0.0,0.0
2026-01-16 15:20:00-05:00,1.600000023841858,1.6100000143051147,1.600000023841858,1.6050000190734863,248093,0.0,0.0
2026-01-16 15:25:00-05:00,1.600000023841858,1.6200000047683716,1.590000033378601,1.6150000095367432,562478,0.0,0.0
2026-01-16 15:30:00-05:00,1.6150000095367432,1.6200000047683716,1.6050000190734863,1.6050000190734863,386890,0.0,0.0
2026-01-16 15:35:00-05:00,1.6093000173568726,1.6100000143051147,1.600000023841858,1.6100000143051147,159294,0.0,0.0
2026-01-16 15:40:00-05:00,1.6050000190734863,1.6100000143051147,1.600000023841858,1.600000023841858,98097,0.0,0.0
2026-01-16 15:45:00-05:00,1.600000023841858,1.6200000047683716,1.5950000286102295,1.6100000143051147,1211092,0.0,0.0
2026-01-16 15:50:00-05:00,1.6100000143051147,1.6200000047683716,1.6100000143051147,1.6150000095367432,146599,0.0,0.0
2026-01-16 15:55:00-05:00,1.6100000143051147,1.6200000047683716,1.600000023841858,1.6089999675750732,716333,0.0,0.0
2026-01-20 09:30:00-05:00,1.5700000524520874,1.5800000429153442,1.559999942779541,1.5799000263214111,1697543,0.0,0.0
2026-01-20 09:35:00-05:00,1.5750000476837158,1.600000023841858,1.5700000524520874,1.5848000049591064,1508146,0.0,0.0
2026-01-20 09:40:00-05:00,1.590000033378601,1.600000023841858,1.5800000429153442,1.585800051689148,1512708,0.0,0.0
2026-01-20 09:45:00-05:00,1.589400053024292,1.600000023841858,1.5700000524520874,1.5750000476837158,1197084,0.0,0.0
2026-01-20 09:50:00-05:00,1.5750000476837158,1.5800000429153442,1.559999942779541,1.565000057220459,1120128,0.0,0.0
2026-01-20 09:55:00-05:00,1.5700000524520874,1.5700000524520874,1.559999942779541,1.5700000524520874,897777,0.0,0.0
2026-01-20 10:00:00-05:00,1.5670000314712524,1.5700000524520874,1.559999942779541,1.5700000524520874,404110,0.0,0.0
2026-01-20 10:05:00-05:00,1.565999984741211,1.5700000524520874,1.559999942779541,1.565000057220459,146056,0.0,0.0
2026-01-20 10:10:00-05:00,1.5700000524520874,1.5700000524520874,1.5499999523162842,1.5549999475479126,774505,0.0,0.0
2026-01-20 10:15:00-05:00,1.5549999475479126,1.5700000524520874,1.5499999523162842,1.565000057220459,594637,0.0,0.0
2026-01-20 10:20:00-05:00,1.559999942779541,1.5800000429153442,1.559999942779541,1.5750000476837158,865021,0.0,0.0
2026-01-20 10:25:00-05:00,1.5800000429153442,1.5800000429153442,1.5700000524520874,1.5750000476837158,422794,0.0,0.0
2026-01-20 10:30:00-05:00,1.5789999961853027,1.5800000429153442,1.5700000524520874,1.5800000429153442,170047,0.0,0.0
2026-01-20 10:35:00-05:00,1.5748000144958496,1.590000033378601,1.5700000524520874,1.5889999866485596,445353,0.0,0.0
2026-01-20 10:40:00-05:00,1.5850000381469727,1.600000023841858,1.5800000429153442,1.5950000286102295,223773,0.0,0.0
2026-01-20 10:45:00-05:00,1.5950000286102295,1.600000023841858,1.590000033378601,1.590000033378601,148701,0.0,0.0
2026-01-20 10:50:00-05:00,1.593999981880188,1.600000023841858,1.5800000429153442,1.5800000429153442,580149,0.0,0.0
2026-01-20 10:55:00-05:00,1.5800000429153442,1.600000023841858,1.5800000429153442,1.5950000286102295,300659,0.0,0.0
2026-01-20 11:00:00-05:00,1.594499945640564,1.600000023841858,1.590000033378601,1.590000033378601,245720,0.0,0.0
2026-01-20 11:05:00-05:00,1.593500018119812,1.600000023841858,1.590000033378601,1.600000023841858,1444740,0.0,0.0
2026-01-20 11:10:00-05:00,1.5989999771118164,1.600000023841858,1.590000033378601,1.600000023841858,370585,0.0,0.0
2026-01-20 11:15:00-05:00,1.5901000499725342,1.6100000143051147,1.590000033378601,1.6098999977111816,174932,0.0,0.0
2026-01-20 11:20:00-05:00,1.6100000143051147,1.6200000047683716,1.600000023841858,1.6050000190734863,735460,0.0,0.0
2026-01-20 11:25:00-05:00,1.6009999513626099,1.6100000143051147,1.590000033378601,1.6015000343322754,664314,0.0,0.0
2026-01-20 11:30:00-05:00,1.6030000448226929,1.6100000143051147,1.600000023841858,1.604599952697754,997322,0.0,0.0
2026-01-20 11:35:00-05:00,1.6033999919891357,1.6100000143051147,1.600000023841858,1.6100000143051147,105462,0.0,0.0
2026-01-20 11:40:00-05:00,1.600000023841858,1.6100000143051147,1.600000023841858,1.6050000190734863,180640,0.0,0.0
2026-01-20 11:45:00-05:00,1.600000023841858,1.6100000143051147,1.600000023841858,1.600000023841858,58569,0.0,0.0
2026-01-20 11:50:00-05:00,1.6100000143051147,1.6100000143051147,1.600000023841858,1.600100040435791,124454,0.0,0.0
2026-01-20 11:55:00-05:00,1.6050000190734863,1.6100000143051147,1.600000023841858,1.6100000143051147,1029358,0.0,0.0
2026-01-20 12:00:00-05:00,1.6050000190734863,1.6100000143051147,1.590000033378601,1.5997999906539917,1347570,0.0,0.0
2026-01-20 12:05:00-05:00,1.5950000286102295,1.6100000143051147,1.5950000286102295,1.600000023841858,362568,0.0,0.0
2026-01-20 12:10:00-05:00,1.6050000190734863,1.6100000143051147,1.590000033378601,1.590000033378601,1649933,0.0,0.0
2026-01-20 12:15:00-05:00,1.5901000499725342,1.600000023841858,1.590000033378601,1.600000023841858,272383,0.0,0.0
2026-01-20 12:20:00-05:00,1.590000033378601,1.600000023841858,1.590000033378601,1.590000033378601,83767,0.0,0.0
2026-01-20 12:25:00-05:00,1.590000033378601,1.600000023841858,1.5801000595092773,1.600000023841858,545700,0.0,0.0
2026-01-20 12:30:00-05:00,1.600000023841858,1.600000023841858,1.590000033378601,1.590000033378601,286881,0.0,0.0
2026-01-20 12:35:00-05:00,1.590000033378601,1.5989999771118164,1.5800000429153442,1.5851000547409058,881584,0.0,0.0
2026-01-20 12:40:00-05:00,1.5892000198364258,1.590000033378601,1.5800000429153442,1.5850000381469727,934151,0.0,0.0
2026-01-20 12:45:00-05:00,1.5851000547409058,1.590000033378601,1.5700000524520874,1.590000033378601,965295,0.0,0.0
2026-01-20 12:50:00-05:00,1.5889999866485596,1.590000033378601,1.5800000429153442,1.590000033378601,192767,0.0,0.0
2026-01-20 12:55:00-05:00,1.5844999551773071,1.590000033378601,1.5800000429153442,1.581313967704773,466425,0.0,0.0
2026-01-20 13:00:00-05:00,1.5850000381469727,1.590000033378601,1.5800000429153442,1.5885000228881836,124383,0.0,0.0
2026-01-20 13:05:00-05:00,1.590000033378601,1.600000023841858,1.5809999704360962,1.590999960899353,682667,0.0,0.0
2026-01-20 13:10:00-05:00,1.5930999517440796,1.600000023841858,1.590000033378601,1.5901999473571777,1055464,0.0,0.0
2026-01-20 13:15:00-05:00,1.590000033378601,1.600000023841858,1.590000033378601,1.590000033378601,279759,0.0,0.0
2026-01-20 13:20:00-05:00,1.590000033378601,1.600000023841858,1.590000033378601,1.590000033378601,98054,0.0,0.0
2026-01-20 13:25:00-05:00,1.590000033378601,1.600000023841858,1.590000033378601,1.5950000286102295,60386,0.0,0.0
2026-01-20 13:30:00-05:00,1.590000033378601,1.600000023841858,1.5800000429153442,1.589900016784668,322450,0.0,0.0
2026-01-20 13:35:00-05:00,1.5800000429153442,1.590000033378601,1.5800000429153442,1.5851000547409058,214117,0.0,0.0
2026-01-20 13:40:00-05:00,1.5809999704360962,1.590000033378601,1.5800000429153442,1.5800000429153442,67115,0.0,0.0
2026-01-20 13:45:00-05:00,1.590000033378601,1.600000023841858,1.5800000429153442,1.5950000286102295,2068490,0.0,0.0
2026-01-20 13:50:00-05:00,1.590000033378601,1.593999981880188,1.5800000429153442,1.5850000381469727,173887,0.0,0.0
2026-01-20 13:55:00-05:00,1.5850000381469727,1.590000033378601,1.5800000429153442,1.5850000381469727,62697,0.0,0.0
2026-01-20 14:00:00-05:00,1.5851000547409058,1.590000033378601,1.5800000429153442,1.5850000381469727,173859,0.0,0.0
2026-01-20 14:05:00-05:00,1.5850000381469727,1.590000033378601,1.5800000429153442,1.5801000595092773,241418,0.0,0.0
2026-01-20 14:10:00-05:00,1.5850000381469727,1.590000033378601,1.5700000524520874,1.5800000429153442,290222,0.0,0.0
2026-01-20 14:15:00-05:00,1.5750000476837158,1.5800000429153442,1.5700000524520874,1.5750000476837158,85771,0.0,0.0
2026-01-20 14:20:00-05:00,1.5750000476837158,1.5800000429153442,1.5700000524520874,1.5750000476837158,81554,0.0,0.0
2026-01-20 14:25:00-05:00,1.5750000476837158,1.5800000429153442,1.559999942779541,1.5700000524520874,585894,0.0,0.0
2026-01-20 14:30:00-05:00,1.5700000524520874,1.5750000476837158,1.559999942779541,1.565000057220459,337197,0.0,0.0
2026-01-20 14:35:00-05:00,1.565000057220459,1.5700000524520874,1.559999942779541,1.565000057220459,77503,0.0,0.0
2026-01-20 14:40:00-05:00,1.565000057220459,1.5700000524520874,1.559999942779541,1.565000057220459,69372,0.0,0.0
2026-01-20 14:45:00-05:00,1.5700000524520874,1.5700000524520874,1.559999942779541,1.5700000524520874,109720,0.0,0.0
2026-01-20 14:50:00-05:00,1.559999942779541,1.5700000524520874,1.559999942779541,1.565000057220459,112319,0.0,0.0
2026-01-20 14:55:00-05:00,1.5700000524520874,1.5700000524520874,1.559999942779541,1.5644999742507935,112064,0.0,0.0
2026-01-20 15:00:00-05:00,1.565000057220459,1.5700000524520874,1.559999942779541,1.5609999895095825,68978,0.0,0.0
2026-01-20 15:05:00-05:00,1.559999942779541,1.5700000524520874,1.559999942779541,1.5600999593734741,78093,0.0,0.0
2026-01-20 15:10:00-05:00,1.5600999593734741,1.5700000524520874,1.559999942779541,1.565000057220459,134390,0.0,0.0
2026-01-20 15:15:00-05:00,1.5700000524520874,1.5700000524520874,1.559999942779541,1.565000057220459,60021,0.0,0.0
2026-01-20 15:20:00-05:00,1.559999942779541,1.5700000524520874,1.559999942779541,1.565000057220459,66223,0.0,0.0
2026-01-20 15:25:00-05:00,1.5644999742507935,1.5700000524520874,1.559999942779541,1.559999942779541,59489,0.0,0.0
2026-01-20 15:30:00-05:00,1.565000057220459,1.5700000524520874,1.559999942779541,1.559999942779541,109096,0.0,0.0
2026-01-20 15:35:00-05:00,1.565000057220459,1.5700000524520874,1.559999942779541,1.5642999410629272,150170,0.0,0.0
2026-01-20 15:40:00-05:00,1.5700000524520874,1.5700000524520874,1.559999942779541,1.565000057220459,85383,0.0,0.0
2026-01-20 15:45:00-05:00,1.565000057220459,1.5700000524520874,1.559999942779541,1.565000057220459,152618,0.0,0.0
2026-01-20 15:50:00-05:00,1.559999942779541,1.5700000524520874,1.559999942779541,1.559999942779541,133159,0.0,0.0
2026-01-20 15:55:00-05:00,1.565000057220459,1.5700000524520874,1.559999942779541,1.565000057220459,625229,0.0,0.0
2026-01-21 09:30:00-05:00,1.5800000429153442,1.6100000143051147,1.5750000476837158,1.600000023841858,1801798,0.0,0.0
2026-01-21 09:35:00-05:00,1.6009999513626099,1.6100000143051147,1.590000033378601,1.590000033378601,405099,0.0,0.0
2026-01-21 09:40:00-05:00,1.5950000286102295,1.600000023841858,1.590000033378601,1.600000023841858,316961,0.0,0.0
2026-01-21 09:45:00-05:00,1.590000033378601,1.6200000047683716,1.590000033378601,1.6150000095367432,520152,0.0,0.0
2026-01-21 09:50:00-05:00,1.6150000095367432,1.6399999856948853,1.604599952697754,1.6349999904632568,1257595,0.0,0.0
2026-01-21 09:55:00-05:00,1.6349999904632568,1.6699999570846558,1.6299999952316284,1.6538000106811523,1449258,0.0,0.0
2026-01-21 10:00:00-05:00,1.6598999500274658,1.6699999570846558,1.6426000595092773,1.6549999713897705,1395016,0.0,0.0
2026-01-21 10:05:00-05:00,1.659999966621399,1.6699999570846558,1.649999976158142,1.6650999784469604,1636779,0.0,0.0
2026-01-21 10:10:00-05:00,1.6649999618530273,1.690000057220459,1.659999966621399,1.6894999742507935,2160799,0.0,0.0
2026-01-21 10:15:00-05:00,1.690000057220459,1.690000057220459,1.6610000133514404,1.6799999475479126,1844143,0.0,0.0
2026-01-21 10:20:00-05:00,1.684999942779541,1.690000057220459,1.649999976158142,1.6699999570846558,1619732,0.0,0.0
2026-01-21 10:25:00-05:00,1.6629999876022339,1.6699999570846558,1.6500999927520752,1.6614999771118164,1207612,0.0,0.0
2026-01-21 10:30:00-05:00,1.6649999618530273,1.6699999570846558,1.659999966621399,1.6649999618530273,565898,0.0,0.0
2026-01-21 10:35:00-05:00,1.6649999618530273,1.7000000476837158,1.659999966621399,1.690000057220459,1991365,0.0,0.0
2026-01-21 10:40:00-05:00,1.695199966430664,1.7000000476837158,1.690000057220459,1.690000057220459,686691,0.0,0.0
2026-01-21 10:45:00-05:00,1.690000057220459,1.7000000476837158,1.6799999475479126,1.6990000009536743,801408,0.0,0.0
2026-01-21 10:50:00-05:00,1.6998000144958496,1.7000000476837158,1.6799999475479126,1.6799999475479126,1937257,0.0,0.0
2026-01-21 10:55:00-05:00,1.6852999925613403,1.7000000476837158,1.6699999570846558,1.6850999593734741,1909498,0.0,0.0
2026-01-21 11:00:00-05:00,1.6857000589370728,1.6999000310897827,1.6799999475479126,1.684999942779541,1795119,0.0,0.0
2026-01-21 11:05:00-05:00,1.6892999410629272,1.690000057220459,1.6699999570846558,1.6792999505996704,506724,0.0,0.0
2026-01-21 11:10:00-05:00,1.6799999475479126,1.690000057220459,1.6699999570846558,1.6699999570846558,1002771,0.0,0.0
2026-01-21 11:15:00-05:00,1.6749999523162842,1.6799999475479126,1.659999966621399,1.6606999635696411,245556,0.0,0.0
2026-01-21 11:20:00-05:00,1.6649999618530273,1.6699999570846558,1.649999976158142,1.659999966621399,584640,0.0,0.0
2026-01-21 11:25:00-05:00,1.6549999713897705,1.659999966621399,1.6399999856948853,1.6460000276565552,204369,0.0,0.0
2026-01-21 11:30:00-05:00,1.649999976158142,1.649999976158142,1.6200000047683716,1.6349999904632568,535273,0.0,0.0
2026-01-21 11:35:00-05:00,1.6399999856948853,1.6399999856948853,1.6200000047683716,1.625,874406,0.0,0.0
2026-01-21 11:40:00-05:00,1.6299999952316284,1.6299999952316284,1.6200000047683716,1.625,195463,0.0,0.0
2026-01-21 11:45:00-05:00,1.6299999952316284,1.6299999952316284,1.6100000143051147,1.6100000143051147,973205,0.0,0.0
2026-01-21 11:50:00-05:00,1.6200000047683716,1.6200000047683716,1.600000023841858,1.605299949645996,961130,0.0,0.0
2026-01-21 11:55:00-05:00,1.600100040435791,1.6200000047683716,1.600100040435791,1.6167000532150269,384789,0.0,0.0
2026-01-21 12:00:00-05:00,1.6100000143051147,1.6200000047683716,1.600000023841858,1.6050000190734863,708224,0.0,0.0
2026-01-21 12:05:00-05:00,1.6100000143051147,1.6100000143051147,1.600000023841858,1.600000023841858,916971,0.0,0.0
2026-01-21 12:10:00-05:00,1.6009999513626099,1.6100000143051147,1.590000033378601,1.5950000286102295,1050378,0.0,0.0
2026-01-21 12:15:00-05:00,1.5907000303268433,1.600000023841858,1.590000033378601,1.600000023841858,260048,0.0,0.0
2026-01-21 12:20:00-05:00,1.5950000286102295,1.600000023841858,1.590000033378601,1.590999960899353,137631,0.0,0.0
2026-01-21 12:25:00-05:00,1.600000023841858,1.6100000143051147,1.590000033378601,1.6050000190734863,1266600,0.0,0.0
2026-01-21 12:30:00-05:00,1.6053999662399292,1.6100000143051147,1.5800000429153442,1.590000033378601,2421707,0.0,0.0
2026-01-21 12:35:00-05:00,1.5931999683380127,1.600000023841858,1.590000033378601,1.593999981880188,86845,0.0,0.0
2026-01-21 12:40:00-05:00,1.600000023841858,1.600000023841858,1.590000033378601,1.5950000286102295,970187,0.0,0.0
2026-01-21 12:45:00-05:00,1.5950000286102295,1.600000023841858,1.590000033378601,1.590000033378601,183623,0.0,0.0
2026-01-21 12:50:00-05:00,1.600000023841858,1.600000023841858,1.590000033378601,1.590000033378601,198101,0.0,0.0
2026-01-21 12:55:00-05:00,1.600000023841858,1.600000023841858,1.590000033378601,1.5950000286102295,154973,0.0,0.0
2026-01-21 13:00:00-05:00,1.590000033378601,1.600000023841858,1.5800000429153442,1.590000033378601,702079,0.0,0.0
2026-01-21 13:05:00-05:00,1.5901999473571777,1.600000023841858,1.5800000429153442,1.5893000364303589,337632,0.0,0.0
2026-01-21 13:10:00-05:00,1.590000033378601,1.590000033378601,1.5800000429153442,1.5800000429153442,232457,0.0,0.0
2026-01-21 13:15:00-05:00,1.5839999914169312,1.590000033378601,1.5800000429153442,1.590000033378601,65852,0.0,0.0
2026-01-21 13:20:00-05:00,1.589400053024292,1.590000033378601,1.5800000429153442,1.5836000442504883,113739,0.0,0.0
2026-01-21 13:25:00-05:00,1.590000033378601,1.590000033378601,1.5800000429153442,1.5861999988555908,108700,0.0,0.0
2026-01-21 13:30:00-05:00,1.5800000429153442,1.600000023841858,1.5800000429153442,1.590000033378601,463584,0.0,0.0
2026-01-21 13:35:00-05:00,1.5993000268936157,1.600000023841858,1.590000033378601,1.600000023841858,75056,0.0,0.0
2026-01-21 13:40:00-05:00,1.5980000495910645,1.600000023841858,1.590000033378601,1.59660005569458,878226,0.0,0.0
2026-01-21 13:45:00-05:00,1.600000023841858,1.600000023841858,1.590000033378601,1.59660005569458,263730,0.0,0.0
2026-01-21 13:50:00-05:00,1.590999960899353,1.600000023841858,1.590000033378601,1.590000033378601,735060,0.0,0.0
2026-01-21 13:55:00-05:00,1.590999960899353,1.600000023841858,1.590000033378601,1.590999960899353,246073,0.0,0.0
2026-01-21 14:00:00-05:00,1.5950000286102295,1.600000023841858,1.5800000429153442,1.590000033378601,853772,0.0,0.0
2026-01-21 14:05:00-05:00,1.5812000036239624,1.590000033378601,1.5800000429153442,1.5800000429153442,137175,0.0,0.0
2026-01-21 14:10:00-05:00,1.5800000429153442,1.590000033378601,1.5800000429153442,1.5800000429153442,80068,0.0,0.0
2026-01-21 14:15:00-05:00,1.5824999809265137,1.590000033378601,1.5800000429153442,1.5824999809265137,113881,0.0,0.0
2026-01-21 14:20:00-05:00,1.5800000429153442,1.590000033378601,1.5800000429153442,1.590000033378601,85320,0.0,0.0
2026-01-21 14:25:00-05:00,1.5800000429153442,1.5950000286102295,1.5700000524520874,1.5950000286102295,456400,0.0,0.0
2026-01-21 14:30:00-05:00,1.590000033378601,1.6050000190734863,1.590000033378601,1.6028000116348267,237422,0.0,0.0
2026-01-21 14:35:00-05:00,1.600000023841858,1.6200000047683716,1.600000023841858,1.6188000440597534,362737,0.0,0.0
2026-01-21 14:40:00-05:00,1.6150000095367432,1.6299999952316284,1.6100000143051147,1.625,422020,0.0,0.0
2026-01-21 14:45:00-05:00,1.621000051498413,1.6299999952316284,1.6200000047683716,1.6200000047683716,225241,0.0,0.0
2026-01-21 14:50:00-05:00,1.6200000047683716,1.6299999952316284,1.6200000047683716,1.6200000047683716,179170,0.0,0.0
2026-01-21 14:55:00-05:00,1.6241999864578247,1.6299999952316284,1.6200000047683716,1.625,151796,0.0,0.0
2026-01-21 15:00:00-05:00,1.625,1.6299999952316284,1.6100000143051147,1.6150000095367432,422884,0.0,0.0
2026-01-21 15:05:00-05:00,1.6150000095367432,1.6200000047683716,1.6100000143051147,1.6197999715805054,154606,0.0,0.0
2026-01-21 15:10:00-05:00,1.6150000095367432,1.6200000047683716,1.6100000143051147,1.6100000143051147,90460,0.0,0.0
2026-01-21 15:15:00-05:00,1.6150000095367432,1.6200000047683716,1.6100000143051147,1.6100000143051147,136858,0.0,0.0
2026-01-21 15:20:00-05:00,1.610200047492981,1.6200000047683716,1.600000023841858,1.600000023841858,203655,0.0,0.0
2026-01-21 15:25:00-05:00,1.6100000143051147,1.6100000143051147,1.600000023841858,1.6050000190734863,133873,0.0,0.0
2026-01-21 15:30:00-05:00,1.600000023841858,1.6100000143051147,1.600000023841858,1.6100000143051147,121381,0.0,0.0
2026-01-21 15:35:00-05:00,1.600000023841858,1.6100000143051147,1.600000023841858,1.600000023841858,67293,0.0,0.0
2026-01-21 15:40:00-05:00,1.6050000190734863,1.6100000143051147,1.600000023841858,1.600000023841858,295143,0.0,0.0
2026-01-21 15:45:00-05:00,1.6050000190734863,1.6200000047683716,1.600000023841858,1.6101000308990479,416624,0.0,0.0
2026-01-21 15:50:00-05:00,1.6100000143051147,1.6200000047683716,1.6100000143051147,1.6109999418258667,290014,0.0,0.0
2026-01-21 15:55:00-05:00,1.6150000095367432,1.6200000047683716,1.6100000143051147,1.6150000095367432,420519,0.0,0.0
2026-01-22 09:30:00-05:00,1.6299999952316284,1.649999976158142,1.6200000047683716,1.62909996509552,1050363,0.0,0.0
2026-01-22 09:35:00-05:00,1.625,1.6299999952316284,1.6101000308990479,1.625,1030581,0.0,0.0
2026-01-22 09:40:00-05:00,1.6223000288009644,1.6299999952316284,1.6200000047683716,1.6200000047683716,671430,0.0,0.0
2026-01-22 09:45:00-05:00,1.6200000047683716,1.6299999952316284,1.6100000143051147,1.6198999881744385,2033732,0.0,0.0
2026-01-22 09:50:00-05:00,1.6200000047683716,1.6200000047683716,1.600000023841858,1.61899995803833,1063797,0.0,0.0
2026-01-22 09:55:00-05:00,1.6150000095367432,1.6200000047683716,1.6100000143051147,1.6100000143051147,376194,0.0,0.0
2026-01-22 10:00:00-05:00,1.6129000186920166,1.6200000047683716,1.6100000143051147,1.6150000095367432,1189031,0.0,0.0
2026-01-22 10:05:00-05:00,1.6150000095367432,1.6200000047683716,1.600100040435791,1.6150000095367432,1602697,0.0,0.0
2026-01-22 10:10:00-05:00,1.6145999431610107,1.6200000047683716,1.6100000143051147,1.6100000143051147,252331,0.0,0.0
2026-01-22 10:15:00-05:00,1.6150000095367432,1.6299999952316284,1.6100000143051147,1.6200000047683716,550052,0.0,0.0
2026-01-22 10:20:00-05:00,1.625,1.6299999952316284,1.6200000047683716,1.6200000047683716,589778,0.0,0.0
2026-01-22 10:25:00-05:00,1.6200000047683716,1.6299999952316284,1.6200000047683716,1.6253999471664429,197816,0.0,0.0
2026-01-22 10:30:00-05:00,1.625,1.6399999856948853,1.6200000047683716,1.6349999904632568,813567,0.0,0.0
2026-01-22 10:35:00-05:00,1.6399999856948853,1.6399999856948853,1.6299999952316284,1.6399999856948853,219897,0.0,0.0
2026-01-22 10:40:00-05:00,1.6306999921798706,1.649999976158142,1.6299999952316284,1.6446000337600708,401446,0.0,0.0
2026-01-22 10:45:00-05:00,1.6405999660491943,1.6699999570846558,1.6399999856948853,1.6649999618530273,2032408,0.0,0.0
2026-01-22 10:50:00-05:00,1.659999966621399,1.6699999570846558,1.6399999856948853,1.6449999809265137,1299731,0.0,0.0
2026-01-22 10:55:00-05:00,1.6399999856948853,1.659999966621399,1.6399999856948853,1.649999976158142,687486,0.0,0.0
2026-01-22 11:00:00-05:00,1.659000039100647,1.659999966621399,1.649999976158142,1.6598000526428223,475163,0.0,0.0
2026-01-22 11:05:00-05:00,1.649999976158142,1.659999966621399,1.649999976158142,1.659999966621399,221530,0.0,0.0
2026-01-22 11:10:00-05:00,1.649999976158142,1.659999966621399,1.649999976158142,1.652999997138977,134288,0.0,0.0
2026-01-22 11:15:00-05:00,1.659999966621399,1.659999966621399,1.6399999856948853,1.6399999856948853,373825,0.0,0.0
2026-01-22 11:20:00-05:00,1.649999976158142,1.659999966621399,1.6399999856948853,1.649999976158142,567286,0.0,0.0
2026-01-22 11:25:00-05:00,1.659999966621399,1.6699999570846558,1.649999976158142,1.6699999570846558,382801,0.0,0.0
2026-01-22 11:30:00-05:00,1.6649999618530273,1.6699999570846558,1.659999966621399,1.6649999618530273,183359,0.0,0.0
2026-01-22 11:35:00-05:00,1.659999966621399,1.6699999570846558,1.649999976158142,1.659999966621399,539257,0.0,0.0
2026-01-22 11:40:00-05:00,1.6549999713897705,1.659999966621399,1.649999976158142,1.659999966621399,164892,0.0,0.0
2026-01-22 11:45:00-05:00,1.659999966621399,1.6699999570846558,1.649999976158142,1.6649999618530273,266869,0.0,0.0
2026-01-22 11:50:00-05:00,1.6649999618530273,1.6799999475479126,1.659999966621399,1.6699999570846558,860152,0.0,0.0
2026-01-22 11:55:00-05:00,1.6799999475479126,1.6799999475479126,1.659999966621399,1.6690000295639038,1260479,0.0,0.0
2026-01-22 12:00:00-05:00,1.6699999570846558,1.6699999570846558,1.659999966621399,1.659999966621399,583651,0.0,0.0
2026-01-22 12:05:00-05:00,1.6649999618530273,1.6699999570846558,1.659999966621399,1.660099983215332,187369,0.0,0.0
2026-01-22 12:10:00-05:00,1.659999966621399,1.6699999570846558,1.659999966621399,1.659999966621399,131422,0.0,0.0
2026-01-22 12:15:00-05:00,1.6699999570846558,1.6799999475479126,1.659999966621399,1.6744999885559082,789297,0.0,0.0
2026-01-22 12:20:00-05:00,1.6710000038146973,1.6799999475479126,1.659999966621399,1.6699999570846558,709623,0.0,0.0
2026-01-22 12:25:00-05:00,1.6699999570846558,1.6699999570846558,1.659999966621399,1.659999966621399,65803,0.0,0.0
2026-01-22 12:30:00-05:00,1.6649999618530273,1.6699999570846558,1.659999966621399,1.6699999570846558,229056,0.0,0.0
2026-01-22 12:35:00-05:00,1.6699999570846558,1.6699999570846558,1.649999976158142,1.649999976158142,495161,0.0,0.0
2026-01-22 12:40:00-05:00,1.649999976158142,1.6699999570846558,1.649999976158142,1.6610000133514404,387226,0.0,0.0
2026-01-22 12:45:00-05:00,1.6610000133514404,1.690000057220459,1.659999966621399,1.690000057220459,1612864,0.0,0.0
2026-01-22 12:50:00-05:00,1.690000057220459,1.690000057220459,1.6799999475479126,1.6799999475479126,402566,0.0,0.0
2026-01-22 12:55:00-05:00,1.690000057220459,1.7000000476837158,1.6799999475479126,1.6950000524520874,683696,0.0,0.0
2026-01-22 13:00:00-05:00,1.6950000524520874,1.7000000476837158,1.6799999475479126,1.6799999475479126,370304,0.0,0.0
2026-01-22 13:05:00-05:00,1.6799999475479126,1.690000057220459,1.6799999475479126,1.6799999475479126,186719,0.0,0.0
2026-01-22 13:10:00-05:00,1.684999942779541,1.690000057220459,1.6799999475479126,1.6828999519348145,289678,0.0,0.0
2026-01-22 13:15:00-05:00,1.6799999475479126,1.7000000476837158,1.6799999475479126,1.690000057220459,438203,0.0,0.0
2026-01-22 13:20:00-05:00,1.691499948501587,1.7000000476837158,1.684999942779541,1.6950000524520874,471794,0.0,0.0
2026-01-22 13:25:00-05:00,1.6950000524520874,1.7000000476837158,1.690000057220459,1.6907000541687012,152788,0.0,0.0
2026-01-22 13:30:00-05:00,1.690000057220459,1.7000000476837158,1.690000057220459,1.690000057220459,249599,0.0,0.0
2026-01-22 13:35:00-05:00,1.6950000524520874,1.7000000476837158,1.6799999475479126,1.690000057220459,539659,0.0,0.0
2026-01-22 13:40:00-05:00,1.690000057220459,1.690000057220459,1.6699999570846558,1.6749999523162842,786596,0.0,0.0
2026-01-22 13:45:00-05:00,1.6749999523162842,1.6799999475479126,1.6699999570846558,1.6749999523162842,877592,0.0,0.0
2026-01-22 13:50:00-05:00,1.670300006866455,1.6761000156402588,1.659999966621399,1.6699999570846558,650516,0.0,0.0
2026-01-22 13:55:00-05:00,1.6698999404907227,1.6799999475479126,1.659999966621399,1.6699999570846558,1136840,0.0,0.0
2026-01-22 14:00:00-05:00,1.6649999618530273,1.6699999570846558,1.659999966621399,1.6649999618530273,87462,0.0,0.0
2026-01-22 14:05:00-05:00,1.6699999570846558,1.6699999570846558,1.659999966621399,1.659999966621399,532050,0.0,0.0
2026-01-22 14:10:00-05:00,1.6649999618530273,1.6699999570846558,1.659999966621399,1.6693999767303467,334187,0.0,0.0
2026-01-22 14:15:00-05:00,1.663100004196167,1.663100004196167,1.649999976158142,1.659999966621399,499743,0.0,0.0
2026-01-22 14:20:00-05:00,1.6549999713897705,1.659999966621399,1.649999976158142,1.6549999713897705,312348,0.0,0.0
2026-01-22 14:25:00-05:00,1.6549999713897705,1.6699999570846558,1.649999976158142,1.6649999618530273,459117,0.0,0.0
2026-01-22 14:30:00-05:00,1.659999966621399,1.6699999570846558,1.659999966621399,1.6610000133514404,76436,0.0,0.0
2026-01-22 14:35:00-05:00,1.6649999618530273,1.6699999570846558,1.659999966621399,1.6649999618530273,93740,0.0,0.0
2026-01-22 14:40:00-05:00,1.6698999404907227,1.6699999570846558,1.659999966621399,1.659999966621399,279592,0.0,0.0
2026-01-22 14:45:00-05:00,1.659999966621399,1.6699999570846558,1.6506999731063843,1.659999966621399,965673,0.0,0.0
2026-01-22 14:50:00-05:00,1.6549999713897705,1.659999966621399,1.649999976158142,1.659999966621399,120196,0.0,0.0
2026-01-22 14:55:00-05:00,1.6549999713897705,1.6699999570846558,1.649999976158142,1.659999966621399,340424,0.0,0.0
2026-01-22 15:00:00-05:00,1.6649999618530273,1.6699999570846558,1.659999966621399,1.659999966621399,285640,0.0,0.0
2026-01-22 15:05:00-05:00,1.659999966621399,1.6699999570846558,1.659999966621399,1.6649999618530273,493510,0.0,0.0
2026-01-22 15:10:00-05:00,1.666100025177002,1.6699999570846558,1.659999966621399,1.6649999618530273,240595,0.0,0.0
2026-01-22 15:15:00-05:00,1.659999966621399,1.6699999570846558,1.659999966621399,1.6699999570846558,82051,0.0,0.0
2026-01-22 15:20:00-05:00,1.6649999618530273,1.6699999570846558,1.659999966621399,1.659999966621399,93897,0.0,0.0
2026-01-22 15:25:00-05:00,1.6649999618530273,1.6749999523162842,1.659999966621399,1.6699999570846558,423727,0.0,0.0
2026-01-22 15:30:00-05:00,1.6699999570846558,1.6799999475479126,1.659999966621399,1.6649999618530273,849181,0.0,0.0
2026-01-22 15:35:00-05:00,1.659999966621399,1.6699999570846558,1.659999966621399,1.659999966621399,99734,0.0,0.0
2026-01-22 15:40:00-05:00,1.6639000177383423,1.6699999570846558,1.659999966621399,1.6633000373840332,644252,0.0,0.0
2026-01-22 15:45:00-05:00,1.660099983215332,1.6699999570846558,1.659999966621399,1.6699999570846558,402844,0.0,0.0
2026-01-22 15:50:00-05:00,1.6649999618530273,1.6699999570846558,1.659999966621399,1.659999966621399,327286,0.0,0.0
2026-01-22 15:55:00-05:00,1.663100004196167,1.6699999570846558,1.649999976158142,1.6549999713897705,1096252,0.0,0.0
2026-01-23 09:30:00-05:00,1.649999976158142,1.649999976158142,1.6299999952316284,1.6398999691009521,1209606,0.0,0.0
2026-01-23 09:35:00-05:00,1.6399999856948853,1.649999976158142,1.6301000118255615,1.6410000324249268,1611048,0.0,0.0
2026-01-23 09:40:00-05:00,1.649999976158142,1.659999966621399,1.6399999856948853,1.6410000324249268,506687,0.0,0.0
2026-01-23 09:45:00-05:00,1.649999976158142,1.649999976158142,1.6299999952316284,1.6332000494003296,1153113,0.0,0.0
2026-01-23 09:50:00-05:00,1.63100004196167,1.6377999782562256,1.6200000047683716,1.6200000047683716,897836,0.0,0.0
2026-01-23 09:55:00-05:00,1.6216000318527222,1.6399999856948853,1.6200000047683716,1.6299999952316284,1100536,0.0,0.0
2026-01-23 10:00:00-05:00,1.6399999856948853,1.6399999856948853,1.6200000047683716,1.6390000581741333,1063434,0.0,0.0
2026-01-23 10:05:00-05:00,1.6399999856948853,1.6399999856948853,1.6200000047683716,1.625,1540297,0.0,0.0
2026-01-23 10:10:00-05:00,1.625,1.6299999952316284,1.6200000047683716,1.6299999952316284,1159463,0.0,0.0
2026-01-23 10:15:00-05:00,1.6299999952316284,1.6399999856948853,1.6200000047683716,1.6299999952316284,2076499,0.0,0.0
2026-01-23 10:20:00-05:00,1.6299999952316284,1.6510000228881836,1.6299999952316284,1.6510000228881836,911736,0.0,0.0
2026-01-23 10:25:00-05:00,1.6549999713897705,1.659999966621399,1.649999976158142,1.649999976158142,1505866,0.0,0.0
2026-01-23 10:30:00-05:00,1.6549999713897705,1.6699999570846558,1.649999976158142,1.6603000164031982,1061597,0.0,0.0
2026-01-23 10:35:00-05:00,1.6699999570846558,1.6699999570846558,1.659999966621399,1.659999966621399,300252,0.0,0.0
2026-01-23 10:40:00-05:00,1.659999966621399,1.6799999475479126,1.659999966621399,1.6749999523162842,808451,0.0,0.0
2026-01-23 10:45:00-05:00,1.6699999570846558,1.6799999475479126,1.659999966621399,1.6649999618530273,833530,0.0,0.0
2026-01-23 10:50:00-05:00,1.669700026512146,1.6749999523162842,1.659999966621399,1.6649999618530273,469248,0.0,0.0
2026-01-23 10:55:00-05:00,1.6649999618530273,1.6690000295639038,1.6399999856948853,1.649899959564209,1035680,0.0,0.0
2026-01-23 11:00:00-05:00,1.649999976158142,1.649999976158142,1.6299999952316284,1.6349999904632568,1874034,0.0,0.0
2026-01-23 11:05:00-05:00,1.6299999952316284,1.6399999856948853,1.6200000047683716,1.6200000047683716,939829,0.0,0.0
2026-01-23 11:10:00-05:00,1.625,1.6299999952316284,1.600000023841858,1.6050000190734863,2698403,0.0,0.0
2026-01-23 11:15:00-05:00,1.6100000143051147,1.6200000047683716,1.600000023841858,1.6050000190734863,1812132,0.0,0.0
2026-01-23 11:20:00-05:00,1.6100000143051147,1.6100000143051147,1.600000023841858,1.600000023841858,1606018,0.0,0.0
2026-01-23 11:25:00-05:00,1.6050000190734863,1.6100000143051147,1.600000023841858,1.600000023841858,1059154,0.0,0.0
2026-01-23 11:30:00-05:00,1.600000023841858,1.6100000143051147,1.590000033378601,1.600000023841858,807051,0.0,0.0
2026-01-23 11:35:00-05:00,1.600000023841858,1.600000023841858,1.590000033378601,1.600000023841858,383133,0.0,0.0
2026-01-23 11:40:00-05:00,1.594599962234497,1.600000023841858,1.590000033378601,1.590000033378601,221784,0.0,0.0
2026-01-23 11:45:00-05:00,1.5950000286102295,1.600000023841858,1.590000033378601,1.590000033378601,114395,0.0,0.0
2026-01-23 11:50:00-05:00,1.5950000286102295,1.600000023841858,1.5800000429153442,1.5800000429153442,651409,0.0,0.0
2026-01-23 11:55:00-05:00,1.590000033378601,1.590000033378601,1.5800000429153442,1.590000033378601,236959,0.0,0.0
2026-01-23 12:00:00-05:00,1.590000033378601,1.590000033378601,1.5800000429153442,1.590000033378601,235253,0.0,0.0
2026-01-23 12:05:00-05:00,1.5800000429153442,1.600000023841858,1.5800000429153442,1.590000033378601,1323824,0.0,0.0
2026-01-23 12:10:00-05:00,1.590000033378601,1.5989999771118164,1.5800000429153442,1.589900016784668,792932,0.0,0.0
2026-01-23 12:15:00-05:00,1.590000033378601,1.600000023841858,1.5850000381469727,1.5950000286102295,273060,0.0,0.0
2026-01-23 12:20:00-05:00,1.600000023841858,1.600000023841858,1.5839999914169312,1.590000033378601,779112,0.0,0.0
2026-01-23 12:25:00-05:00,1.5985000133514404,1.600000023841858,1.590000033378601,1.5950000286102295,124326,0.0,0.0
2026-01-23 12:30:00-05:00,1.600000023841858,1.600000023841858,1.5800000429153442,1.5885000228881836,557139,0.0,0.0
2026-01-23 12:35:00-05:00,1.5850000381469727,1.590000033378601,1.5800000429153442,1.5861999988555908,712021,0.0,0.0
2026-01-23 12:40:00-05:00,1.590000033378601,1.590000033378601,1.5800000429153442,1.590000033378601,169654,0.0,0.0
2026-01-23 12:45:00-05:00,1.5850000381469727,1.590000033378601,1.5800000429153442,1.5850000381469727,151266,0.0,0.0
2026-01-23 12:50:00-05:00,1.590000033378601,1.590000033378601,1.5800000429153442,1.5850000381469727,157863,0.0,0.0
2026-01-23 12:55:00-05:00,1.5850000381469727,1.590000033378601,1.559999942779541,1.5700000524520874,2275476,0.0,0.0
2026-01-23 13:00:00-05:00,1.565000057220459,1.5700000524520874,1.559999942779541,1.565000057220459,1170267,0.0,0.0
2026-01-23 13:05:00-05:00,1.5645999908447266,1.5700000524520874,1.559999942779541,1.5642999410629272,382846,0.0,0.0
2026-01-23 13:10:00-05:00,1.5700000524520874,1.5700000524520874,1.559999942779541,1.5700000524520874,533095,0.0,0.0
2026-01-23 13:15:00-05:00,1.5700000524520874,1.5789999961853027,1.559999942779541,1.5750000476837158,2061357,0.0,0.0
2026-01-23 13:20:00-05:00,1.5721999406814575,1.5800000429153442,1.5609999895095825,1.5700000524520874,959097,0.0,0.0
2026-01-23 13:25:00-05:00,1.5750000476837158,1.5800000429153442,1.5700000524520874,1.5800000429153442,167177,0.0,0.0
2026-01-23 13:30:00-05:00,1.5750000476837158,1.5800000429153442,1.5700000524520874,1.5700000524520874,530289,0.0,0.0
2026-01-23 13:35:00-05:00,1.5700000524520874,1.5800000429153442,1.5700000524520874,1.5800000429153442,133194,0.0,0.0
2026-01-23 13:40:00-05:00,1.5700000524520874,1.5800000429153442,1.5700000524520874,1.5800000429153442,136283,0.0,0.0
2026-01-23 13:45:00-05:00,1.5750000476837158,1.5800000429153442,1.5700000524520874,1.5750000476837158,108208,0.0,0.0
2026-01-23 13:50:00-05:00,1.5750000476837158,1.5800000429153442,1.5700000524520874,1.5750000476837158,150224,0.0,0.0
2026-01-23 13:55:00-05:00,1.5750000476837158,1.5800000429153442,1.5700000524520874,1.5700000524520874,125197,0.0,0.0
2026-01-23 14:00:00-05:00,1.5750000476837158,1.5800000429153442,1.5700000524520874,1.5750000476837158,166075,0.0,0.0
2026-01-23 14:05:00-05:00,1.5750000476837158,1.5800000429153442,1.5700000524520874,1.5800000429153442,103579,0.0,0.0
2026-01-23 14:10:00-05:00,1.5710359811782837,1.5800000429153442,1.5700000524520874,1.5750000476837158,113463,0.0,0.0
2026-01-23 14:15:00-05:00,1.5793999433517456,1.5800000429153442,1.5700000524520874,1.5700000524520874,123274,0.0,0.0
2026-01-23 14:20:00-05:00,1.5700000524520874,1.5800000429153442,1.5700000524520874,1.5700000524520874,154308,0.0,0.0
2026-01-23 14:25:00-05:00,1.5700000524520874,1.5800000429153442,1.5700000524520874,1.5700000524520874,134899,0.0,0.0
2026-01-23 14:30:00-05:00,1.5700000524520874,1.5800000429153442,1.559999942779541,1.565000057220459,369202,0.0,0.0
2026-01-23 14:35:00-05:00,1.565000057220459,1.5700000524520874,1.559999942779541,1.565000057220459,187240,0.0,0.0
2026-01-23 14:40:00-05:00,1.565000057220459,1.5700000524520874,1.559999942779541,1.559999942779541,106785,0.0,0.0
2026-01-23 14:45:00-05:00,1.559999942779541,1.5700000524520874,1.559999942779541,1.565000057220459,136788,0.0,0.0
2026-01-23 14:50:00-05:00,1.559999942779541,1.5700000524520874,1.5499999523162842,1.565000057220459,1838639,0.0,0.0
2026-01-23 14:55:00-05:00,1.5700000524520874,1.5700000524520874,1.559999942779541,1.5700000524520874,128927,0.0,0.0
2026-01-23 15:00:00-05:00,1.565000057220459,1.5700000524520874,1.5499999523162842,1.5499999523162842,523673,0.0,0.0
2026-01-23 15:05:00-05:00,1.5573240518569946,1.559999942779541,1.5499999523162842,1.559999942779541,1104110,0.0,0.0
2026-01-23 15:10:00-05:00,1.5599000453948975,1.559999942779541,1.5499999523162842,1.5549999475479126,302570,0.0,0.0
2026-01-23 15:15:00-05:00,1.559399962425232,1.559999942779541,1.5499999523162842,1.5499999523162842,383142,0.0,0.0
2026-01-23 15:20:00-05:00,1.5549999475479126,1.559999942779541,1.5499999523162842,1.5551999807357788,212662,0.0,0.0
2026-01-23 15:25:00-05:00,1.5549999475479126,1.559999942779541,1.5499999523162842,1.559399962425232,171143,0.0,0.0
2026-01-23 15:30:00-05:00,1.5549999475479126,1.559999942779541,1.5499999523162842,1.559999942779541,712250,0.0,0.0
2026-01-23 15:35:00-05:00,1.559999942779541,1.5700000524520874,1.5500999689102173,1.5657999515533447,294362,0.0,0.0
2026-01-23 15:40:00-05:00,1.565000057220459,1.5700000524520874,1.559999942779541,1.559999942779541,244158,0.0,0.0
2026-01-23 15:45:00-05:00,1.565000057220459,1.5700000524520874,1.559999942779541,1.559999942779541,150694,0.0,0.0
2026-01-23 15:50:00-05:00,1.565000057220459,1.5700000524520874,1.559999942779541,1.559999942779541,326538,0.0,0.0
2026-01-23 15:55:00-05:00,1.559999942779541,1.5700000524520874,1.559999942779541,1.559999942779541,697938,0.0,0.0
2026-01-26 09:30:00-05:00,1.5499999523162842,1.5700000524520874,1.5099999904632568,1.5149999856948853,2258685,0.0,0.0
2026-01-26 09:35:00-05:00,1.519700050354004,1.5299999713897705,1.5099999904632568,1.5185999870300293,1787197,0.0,0.0
2026-01-26 09:40:00-05:00,1.5187000036239624,1.5399999618530273,1.5099999904632568,1.531000018119812,2771315,0.0,0.0
2026-01-26 09:45:00-05:00,1.531000018119812,1.5399999618530273,1.5199999809265137,1.5199999809265137,1699812,0.0,0.0
2026-01-26 09:50:00-05:00,1.524999976158142,1.5299999713897705,1.5099999904632568,1.5149999856948853,1527450,0.0,0.0
2026-01-26 09:55:00-05:00,1.5149999856948853,1.5149999856948853,1.4800000190734863,1.4900000095367432,3483657,0.0,0.0
2026-01-26 10:00:00-05:00,1.4900000095367432,1.5099999904632568,1.4900000095367432,1.5089999437332153,1393267,0.0,0.0
2026-01-26 10:05:00-05:00,1.5099999904632568,1.5099999904632568,1.5,1.5049999952316284,641403,0.0,0.0
2026-01-26 10:10:00-05:00,1.5049999952316284,1.5199999809265137,1.5,1.5199999809265137,1895310,0.0,0.0
2026-01-26 10:15:00-05:00,1.5149999856948853,1.5199999809265137,1.5099999904632568,1.5149999856948853,1524387,0.0,0.0
2026-01-26 10:20:00-05:00,1.5149999856948853,1.5199999809265137,1.5099999904632568,1.5198999643325806,632581,0.0,0.0
2026-01-26 10:25:00-05:00,1.5199999809265137,1.5199999809265137,1.5099999904632568,1.5099999904632568,308141,0.0,0.0
2026-01-26 10:30:00-05:00,1.5149999856948853,1.5299999713897705,1.5099999904632568,1.5299999713897705,1001003,0.0,0.0
2026-01-26 10:35:00-05:00,1.5199999809265137,1.5299999713897705,1.5199999809265137,1.524999976158142,411830,0.0,0.0
2026-01-26 10:40:00-05:00,1.5210000276565552,1.5299999713897705,1.5099999904632568,1.5199999809265137,451737,0.0,0.0
2026-01-26 10:45:00-05:00,1.5199999809265137,1.5199999809265137,1.5099999904632568,1.5110000371932983,365254,0.0,0.0
2026-01-26 10:50:00-05:00,1.5199999809265137,1.5199999809265137,1.5099999904632568,1.5099999904632568,252773,0.0,0.0
2026-01-26 10:55:00-05:00,1.5198999643325806,1.5299999713897705,1.5099999904632568,1.524999976158142,314884,0.0,0.0
2026-01-26 11:00:00-05:00,1.524999976158142,1.534999966621399,1.5099999904632568,1.5099999904632568,1081768,0.0,0.0
2026-01-26 11:05:00-05:00,1.5099999904632568,1.5199999809265137,1.5099999904632568,1.5199999809265137,638471,0.0,0.0
2026-01-26 11:10:00-05:00,1.5149999856948853,1.5199999809265137,1.5099999904632568,1.5099999904632568,240076,0.0,0.0
2026-01-26 11:15:00-05:00,1.5099999904632568,1.5199999809265137,1.5,1.5096999406814575,602294,0.0,0.0
2026-01-26 11:20:00-05:00,1.5049999952316284,1.5099999904632568,1.5,1.5099999904632568,210094,0.0,0.0
2026-01-26 11:25:00-05:00,1.5049999952316284,1.5099999904632568,1.5,1.5,168856,0.0,0.0
2026-01-26 11:30:00-05:00,1.5,1.5099999904632568,1.5,1.5099999904632568,589029,0.0,0.0
2026-01-26 11:35:00-05:00,1.5096999406814575,1.5099999904632568,1.5,1.5049999952316284,670638,0.0,0.0
2026-01-26 11:40:00-05:00,1.5099999904632568,1.5399999618530273,1.5,1.5149999856948853,2161666,0.0,0.0
2026-01-26 11:45:00-05:00,1.5199999809265137,1.5299999713897705,1.5099999904632568,1.5299999713897705,559364,0.0,0.0
2026-01-26 11:50:00-05:00,1.524999976158142,1.5299999713897705,1.5199999809265137,1.524999976158142,613710,0.0,0.0
2026-01-26 11:55:00-05:00,1.5199999809265137,1.5299999713897705,1.5199999809265137,1.5199999809265137,395851,0.0,0.0
2026-01-26 12:00:00-05:00,1.5273000001907349,1.5499999523162842,1.5199999809265137,1.524999976158142,1722609,0.0,0.0
2026-01-26 12:05:00-05:00,1.524999976158142,1.5399999618530273,1.5199999809265137,1.5299999713897705,1062625,0.0,0.0
2026-01-26 12:10:00-05:00,1.5399999618530273,1.5499999523162842,1.5299999713897705,1.5449999570846558,833609,0.0,0.0
2026-01-26 12:15:00-05:00,1.5449999570846558,1.5499999523162842,1.534999966621399,1.5399999618530273,917193,0.0,0.0
2026-01-26 12:20:00-05:00,1.5399999618530273,1.5499999523162842,1.531499981880188,1.5399999618530273,1070439,0.0,0.0
2026-01-26 12:25:00-05:00,1.5434999465942383,1.5449999570846558,1.5299999713897705,1.5388000011444092,846152,0.0,0.0
2026-01-26 12:30:00-05:00,1.534999966621399,1.5499999523162842,1.5299999713897705,1.5449999570846558,1155396,0.0,0.0
2026-01-26 12:35:00-05:00,1.5410000085830688,1.5499999523162842,1.5399999618530273,1.5449999570846558,230771,0.0,0.0
2026-01-26 12:40:00-05:00,1.5449999570846558,1.5499999523162842,1.5399999618530273,1.5449999570846558,576753,0.0,0.0
2026-01-26 12:45:00-05:00,1.5499000549316406,1.5499999523162842,1.5399999618530273,1.5399999618530273,171055,0.0,0.0
2026-01-26 12:50:00-05:00,1.5499999523162842,1.5499999523162842,1.5399999618530273,1.5499999523162842,364872,0.0,0.0
2026-01-26 12:55:00-05:00,1.5444999933242798,1.5499999523162842,1.5399999618530273,1.5449999570846558,188152,0.0,0.0
2026-01-26 13:00:00-05:00,1.5399999618530273,1.5499999523162842,1.5299999713897705,1.534999966621399,1181436,0.0,0.0
2026-01-26 13:05:00-05:00,1.534999966621399,1.5399999618530273,1.5299999713897705,1.534999966621399,137871,0.0,0.0
2026-01-26 13:10:00-05:00,1.534999966621399,1.5399999618530273,1.5199999809265137,1.5399999618530273,745133,0.0,0.0
2026-01-26 13:15:00-05:00,1.5299999713897705,1.5399999618530273,1.5299999713897705,1.534999966621399,112480,0.0,0.0
2026-01-26 13:20:00-05:00,1.5299999713897705,1.5399999618530273,1.5299999713897705,1.5299999713897705,729859,0.0,0.0
2026-01-26 13:25:00-05:00,1.5299999713897705,1.5399999618530273,1.5199999809265137,1.5199999809265137,1341119,0.0,0.0
2026-01-26 13:30:00-05:00,1.524999976158142,1.5299999713897705,1.5199999809265137,1.5299999713897705,180961,0.0,0.0
2026-01-26 13:35:00-05:00,1.5299999713897705,1.5299999713897705,1.5199999809265137,1.5246000289916992,113764,0.0,0.0
2026-01-26 13:40:00-05:00,1.5199999809265137,1.5299999713897705,1.5199999809265137,1.5290000438690186,84539,0.0,0.0
2026-01-26 13:45:00-05:00,1.524999976158142,1.5299999713897705,1.5099999904632568,1.5199999809265137,324812,0.0,0.0
2026-01-26 13:50:00-05:00,1.5149999856948853,1.5199999809265137,1.5099999904632568,1.5149999856948853,197044,0.0,0.0
2026-01-26 13:55:00-05:00,1.5149999856948853,1.5299999713897705,1.5099999904632568,1.524999976158142,578290,0.0,0.0
2026-01-26 14:00:00-05:00,1.524999976158142,1.5299999713897705,1.5099999904632568,1.5140000581741333,294017,0.0,0.0
2026-01-26 14:05:00-05:00,1.5099999904632568,1.5199999809265137,1.5,1.5049999952316284,645343,0.0,0.0
2026-01-26 14:10:00-05:00,1.5099999904632568,1.5099999904632568,1.5,1.5049999952316284,130019,0.0,0.0
2026-01-26 14:15:00-05:00,1.5049999952316284,1.5099999904632568,1.5,1.5049999952316284,164726,0.0,0.0
2026-01-26 14:20:00-05:00,1.5,1.5099999904632568,1.4900000095367432,1.4950000047683716,639088,0.0,0.0
2026-01-26 14:25:00-05:00,1.4950000047683716,1.5,1.4900000095367432,1.4950000047683716,211554,0.0,0.0
2026-01-26 14:30:00-05:00,1.5,1.5,1.4900000095367432,1.4950000047683716,163861,0.0,0.0
2026-01-26 14:35:00-05:00,1.4950000047683716,1.507200002670288,1.4900000095367432,1.496399998664856,569933,0.0,0.0
2026-01-26 14:40:00-05:00,1.4946000576019287,1.5,1.4900000095367432,1.5,323211,0.0,0.0
2026-01-26 14:45:00-05:00,1.4950000047683716,1.5,1.4900000095367432,1.5,362493,0.0,0.0
2026-01-26 14:50:00-05:00,1.4950000047683716,1.5,1.4900000095367432,1.4997999668121338,200736,0.0,0.0
2026-01-26 14:55:00-05:00,1.5,1.5,1.4845000505447388,1.4946999549865723,998549,0.0,0.0
2026-01-26 15:00:00-05:00,1.4961999654769897,1.5,1.4800000190734863,1.4950000047683716,600148,0.0,0.0
2026-01-26 15:05:00-05:00,1.4950000047683716,1.5,1.4900000095367432,1.4900000095367432,169534,0.0,0.0
2026-01-26 15:10:00-05:00,1.4950000047683716,1.5,1.4900000095367432,1.4996999502182007,375053,0.0,0.0
2026-01-26 15:15:00-05:00,1.4950000047683716,1.5,1.4900000095367432,1.5,337911,0.0,0.0
2026-01-26 15:20:00-05:00,1.5,1.5,1.4900000095367432,1.4996999502182007,195468,0.0,0.0
2026-01-26 15:25:00-05:00,1.4996999502182007,1.5,1.4900000095367432,1.4900000095367432,471694,0.0,0.0
2026-01-26 15:30:00-05:00,1.4905999898910522,1.5,1.4900000095367432,1.4950000047683716,295315,0.0,0.0
2026-01-26 15:35:00-05:00,1.4950000047683716,1.5,1.4800000190734863,1.4900000095367432,693573,0.0,0.0
2026-01-26 15:40:00-05:00,1.4900000095367432,1.5,1.4850000143051147,1.4950000047683716,297940,0.0,0.0
2026-01-26 15:45:00-05:00,1.4900000095367432,1.5,1.4900000095367432,1.5,153429,0.0,0.0
2026-01-26 15:50:00-05:00,1.4950000047683716,1.5,1.4900000095367432,1.4946000576019287,192518,0.0,0.0
2026-01-26 15:55:00-05:00,1.4900000095367432,1.5,1.4900000095367432,1.4958000183105469,913504,0.0,0.0
2026-01-27 09:30:00-05:00,1.5,1.5099999904632568,1.4500000476837158,1.4700000286102295,1825074,0.0,0.0
2026-01-27 09:35:00-05:00,1.4699000120162964,1.4700000286102295,1.4500000476837158,1.4550000429153442,1079461,0.0,0.0
2026-01-27 09:40:00-05:00,1.4550000429153442,1.4700000286102295,1.440000057220459,1.465000033378601,1542386,0.0,0.0
2026-01-27 09:45:00-05:00,1.465000033378601,1.475000023841858,1.4500000476837158,1.4670000076293945,1468647,0.0,0.0
2026-01-27 09:50:00-05:00,1.465000033378601,1.4700000286102295,1.4600000381469727,1.4600000381469727,253527,0.0,0.0
2026-01-27 09:55:00-05:00,1.4700000286102295,1.4700000286102295,1.4500000476837158,1.4574999809265137,927539,0.0,0.0
2026-01-27 10:00:00-05:00,1.4550000429153442,1.4600000381469727,1.4500000476837158,1.4550000429153442,563879,0.0,0.0
2026-01-27 10:05:00-05:00,1.4509999752044678,1.4600000381469727,1.4500000476837158,1.4558000564575195,561195,0.0,0.0
2026-01-27 10:10:00-05:00,1.4566999673843384,1.4600000381469727,1.4500000476837158,1.4600000381469727,626963,0.0,0.0
2026-01-27 10:15:00-05:00,1.4589999914169312,1.4700000286102295,1.4500000476837158,1.4600000381469727,1134488,0.0,0.0
2026-01-27 10:20:00-05:00,1.4656000137329102,1.4700000286102295,1.4600000381469727,1.465000033378601,293709,0.0,0.0
2026-01-27 10:25:00-05:00,1.4681999683380127,1.4700000286102295,1.4600000381469727,1.4700000286102295,262480,0.0,0.0
2026-01-27 10:30:00-05:00,1.465000033378601,1.4700000286102295,1.4600000381469727,1.4600000381469727,183776,0.0,0.0
2026-01-27 10:35:00-05:00,1.4700000286102295,1.4700000286102295,1.4600000381469727,1.4600000381469727,177829,0.0,0.0
2026-01-27 10:40:00-05:00,1.4700000286102295,1.4700000286102295,1.4600000381469727,1.465000033378601,264381,0.0,0.0
2026-01-27 10:45:00-05:00,1.46589994430542,1.4800000190734863,1.4645999670028687,1.4800000190734863,529341,0.0,0.0
2026-01-27 10:50:00-05:00,1.475000023841858,1.4800000190734863,1.4700000286102295,1.4700000286102295,168822,0.0,0.0
2026-01-27 10:55:00-05:00,1.4800000190734863,1.4800000190734863,1.4600000381469727,1.4700000286102295,506503,0.0,0.0
2026-01-27 11:00:00-05:00,1.4700000286102295,1.4700000286102295,1.4600000381469727,1.465000033378601,117559,0.0,0.0
2026-01-27 11:05:00-05:00,1.4600000381469727,1.4700000286102295,1.4600000381469727,1.4700000286102295,109316,0.0,0.0
2026-01-27 11:10:00-05:00,1.4700000286102295,1.4700000286102295,1.4600000381469727,1.468999981880188,526768,0.0,0.0
2026-01-27 11:15:00-05:00,1.4666999578475952,1.4700000286102295,1.4600000381469727,1.4700000286102295,738843,0.0,0.0
2026-01-27 11:20:00-05:00,1.4700000286102295,1.4700000286102295,1.4600000381469727,1.4700000286102295,154172,0.0,0.0
2026-01-27 11:25:00-05:00,1.4600000381469727,1.4800000190734863,1.4600000381469727,1.4700000286102295,1415527,0.0,0.0
2026-01-27 11:30:00-05:00,1.465000033378601,1.4800000190734863,1.4600000381469727,1.4700000286102295,2427524,0.0,0.0
2026-01-27 11:35:00-05:00,1.465000033378601,1.4700000286102295,1.4600000381469727,1.4600000381469727,152897,0.0,0.0
2026-01-27 11:40:00-05:00,1.465000033378601,1.4700000286102295,1.4600000381469727,1.4600000381469727,172372,0.0,0.0
2026-01-27 11:45:00-05:00,1.4600000381469727,1.4700000286102295,1.4600000381469727,1.4600000381469727,126870,0.0,0.0
2026-01-27 11:50:00-05:00,1.4700000286102295,1.4700000286102295,1.4600000381469727,1.465000033378601,248086,0.0,0.0
2026-01-27 11:55:00-05:00,1.465000033378601,1.4700000286102295,1.4600000381469727,1.4700000286102295,177430,0.0,0.0
2026-01-27 12:00:00-05:00,1.4600000381469727,1.4700000286102295,1.4600000381469727,1.4600000381469727,167625,0.0,0.0
2026-01-27 12:05:00-05:00,1.468500018119812,1.4700000286102295,1.4600000381469727,1.4600000381469727,128397,0.0,0.0
2026-01-27 12:10:00-05:00,1.4700000286102295,1.4700000286102295,1.4500000476837158,1.4509999752044678,702853,0.0,0.0
2026-01-27 12:15:00-05:00,1.4550000429153442,1.4600000381469727,1.4500000476837158,1.4500000476837158,299670,0.0,0.0
2026-01-27 12:20:00-05:00,1.4550000429153442,1.4600000381469727,1.4500000476837158,1.4550000429153442,170228,0.0,0.0
2026-01-27 12:25:00-05:00,1.4500000476837158,1.4600000381469727,1.4500000476837158,1.4550000429153442,404888,0.0,0.0
2026-01-27 12:30:00-05:00,1.4550000429153442,1.4600000381469727,1.4500000476837158,1.4600000381469727,207391,0.0,0.0
2026-01-27 12:35:00-05:00,1.4600000381469727,1.4600000381469727,1.4500000476837158,1.4600000381469727,88910,0.0,0.0
2026-01-27 12:40:00-05:00,1.4600000381469727,1.4600000381469727,1.4500000476837158,1.4539999961853027,98334,0.0,0.0
2026-01-27 12:45:00-05:00,1.4599000215530396,1.4600000381469727,1.4500000476837158,1.4500000476837158,216259,0.0,0.0
2026-01-27 12:50:00-05:00,1.4550000429153442,1.4600000381469727,1.4500000476837158,1.4550000429153442,195192,0.0,0.0
2026-01-27 12:55:00-05:00,1.4550000429153442,1.4600000381469727,1.440000057220459,1.4450000524520874,1943649,0.0,0.0
2026-01-27 13:00:00-05:00,1.4499000310897827,1.4500000476837158,1.440000057220459,1.4499000310897827,890810,0.0,0.0
2026-01-27 13:05:00-05:00,1.4450000524520874,1.4500000476837158,1.440000057220459,1.4499000310897827,188742,0.0,0.0
2026-01-27 13:10:00-05:00,1.4500000476837158,1.4500000476837158,1.440000057220459,1.4499000310897827,182927,0.0,0.0
2026-01-27 13:15:00-05:00,1.448699951171875,1.4500000476837158,1.440000057220459,1.4450000524520874,167840,0.0,0.0
2026-01-27 13:20:00-05:00,1.4499000310897827,1.4500000476837158,1.440000057220459,1.4450000524520874,372286,0.0,0.0
2026-01-27 13:25:00-05:00,1.440000057220459,1.4600000381469727,1.440000057220459,1.4550000429153442,492560,0.0,0.0
2026-01-27 13:30:00-05:00,1.4600000381469727,1.4600000381469727,1.4500000476837158,1.4550000429153442,99344,0.0,0.0
2026-01-27 13:35:00-05:00,1.4550000429153442,1.4600000381469727,1.4500000476837158,1.4550000429153442,101525,0.0,0.0
2026-01-27 13:40:00-05:00,1.4600000381469727,1.4600000381469727,1.4500000476837158,1.4600000381469727,100845,0.0,0.0
2026-01-27 13:45:00-05:00,1.4550000429153442,1.4600000381469727,1.4500000476837158,1.4550000429153442,161243,0.0,0.0
2026-01-27 13:50:00-05:00,1.4550000429153442,1.4600000381469727,1.4500000476837158,1.4598000049591064,120444,0.0,0.0
2026-01-27 13:55:00-05:00,1.4500000476837158,1.4600000381469727,1.4500000476837158,1.4550000429153442,333837,0.0,0.0
2026-01-27 14:00:00-05:00,1.4596999883651733,1.4700000286102295,1.4500000476837158,1.465000033378601,194527,0.0,0.0
2026-01-27 14:05:00-05:00,1.465000033378601,1.4700000286102295,1.4600000381469727,1.465000033378601,242974,0.0,0.0
2026-01-27 14:10:00-05:00,1.4600000381469727,1.4700000286102295,1.4600000381469727,1.4600000381469727,179454,0.0,0.0
2026-01-27 14:15:00-05:00,1.465000033378601,1.4700000286102295,1.4600000381469727,1.4600000381469727,441432,0.0,0.0
2026-01-27 14:20:00-05:00,1.4620000123977661,1.4700000286102295,1.4500000476837158,1.4550000429153442,369223,0.0,0.0
2026-01-27 14:25:00-05:00,1.4550000429153442,1.4600000381469727,1.4500000476837158,1.4500000476837158,322118,0.0,0.0
2026-01-27 14:30:00-05:00,1.4600000381469727,1.4600000381469727,1.4500000476837158,1.4550000429153442,145258,0.0,0.0
2026-01-27 14:35:00-05:00,1.4550000429153442,1.4600000381469727,1.4500000476837158,1.4600000381469727,129959,0.0,0.0
2026-01-27 14:40:00-05:00,1.4550000429153442,1.4600000381469727,1.4500000476837158,1.4600000381469727,288549,0.0,0.0
2026-01-27 14:45:00-05:00,1.4550000429153442,1.4600000381469727,1.4500000476837158,1.4600000381469727,176561,0.0,0.0
2026-01-27 14:50:00-05:00,1.4500000476837158,1.4600000381469727,1.4500000476837158,1.4500000476837158,156519,0.0,0.0
2026-01-27 14:55:00-05:00,1.4538999795913696,1.4600000381469727,1.4500000476837158,1.4550000429153442,173063,0.0,0.0
2026-01-27 15:00:00-05:00,1.4500000476837158,1.4600000381469727,1.4500000476837158,1.4500000476837158,198401,0.0,0.0
2026-01-27 15:05:00-05:00,1.4550000429153442,1.4600000381469727,1.4500000476837158,1.4600000381469727,161028,0.0,0.0
2026-01-27 15:10:00-05:00,1.4500000476837158,1.4600000381469727,1.4500000476837158,1.4589999914169312,134150,0.0,0.0
2026-01-27 15:15:00-05:00,1.4514000415802002,1.4600000381469727,1.4500000476837158,1.4600000381469727,129827,0.0,0.0
2026-01-27 15:20:00-05:00,1.4550000429153442,1.4600000381469727,1.4500000476837158,1.4545999765396118,112587,0.0,0.0
2026-01-27 15:25:00-05:00,1.4500000476837158,1.4600000381469727,1.4500000476837158,1.4600000381469727,119131,0.0,0.0
2026-01-27 15:30:00-05:00,1.4600000381469727,1.4600000381469727,1.440000057220459,1.4450000524520874,338799,0.0,0.0
2026-01-27 15:35:00-05:00,1.4500000476837158,1.4500000476837158,1.440000057220459,1.440000057220459,468205,0.0,0.0
2026-01-27 15:40:00-05:00,1.4450000524520874,1.4500000476837158,1.440000057220459,1.4450000524520874,240197,0.0,0.0
2026-01-27 15:45:00-05:00,1.440000057220459,1.4500000476837158,1.440000057220459,1.4450000524520874,238155,0.0,0.0
2026-01-27 15:50:00-05:00,1.4450000524520874,1.4600000381469727,1.440000057220459,1.4550000429153442,562879,0.0,0.0
2026-01-27 15:55:00-05:00,1.4509999752044678,1.4600000381469727,1.440000057220459,1.4500000476837158,565064,0.0,0.0
2026-01-28 09:30:00-05:00,1.4500000476837158,1.4600000381469727,1.440000057220459,1.4594000577926636,1993206,0.0,0.0
2026-01-28 09:35:00-05:00,1.4600000381469727,1.4600000381469727,1.440000057220459,1.4500000476837158,710845,0.0,0.0
2026-01-28 09:40:00-05:00,1.4500000476837158,1.4600000381469727,1.4500000476837158,1.4560999870300293,297982,0.0,0.0
2026-01-28 09:45:00-05:00,1.4500000476837158,1.4700000286102295,1.4500000476837158,1.4599000215530396,1084832,0.0,0.0
2026-01-28 09:50:00-05:00,1.4596999883651733,1.4700000286102295,1.4500000476837158,1.4651000499725342,782316,0.0,0.0
2026-01-28 09:55:00-05:00,1.468999981880188,1.468999981880188,1.4500000476837158,1.4550000429153442,487749,0.0,0.0
2026-01-28 10:00:00-05:00,1.4594000577926636,1.4600000381469727,1.4500000476837158,1.4600000381469727,172749,0.0,0.0
2026-01-28 10:05:00-05:00,1.4550000429153442,1.4600000381469727,1.4500000476837158,1.4600000381469727,246252,0.0,0.0
2026-01-28 10:10:00-05:00,1.4550000429153442,1.4600000381469727,1.440000057220459,1.4545999765396118,751692,0.0,0.0
2026-01-28 10:15:00-05:00,1.4600000381469727,1.4600000381469727,1.4500000476837158,1.4600000381469727,184637,0.0,0.0
2026-01-28 10:20:00-05:00,1.4600000381469727,1.4600000381469727,1.4500000476837158,1.4600000381469727,190173,0.0,0.0
2026-01-28 10:25:00-05:00,1.4600000381469727,1.4600000381469727,1.4500000476837158,1.4550000429153442,143123,0.0,0.0
2026-01-28 10:30:00-05:00,1.4550000429153442,1.4700000286102295,1.4500000476837158,1.4700000286102295,890206,0.0,0.0
2026-01-28 10:35:00-05:00,1.4600000381469727,1.4700000286102295,1.4600000381469727,1.465000033378601,244625,0.0,0.0
2026-01-28 10:40:00-05:00,1.465000033378601,1.4700000286102295,1.4500000476837158,1.4550000429153442,351707,0.0,0.0
2026-01-28 10:45:00-05:00,1.4589999914169312,1.4700000286102295,1.4500000476837158,1.4579999446868896,1416589,0.0,0.0
2026-01-28 10:50:00-05:00,1.457900047302246,1.4600000381469727,1.4500000476837158,1.4550000429153442,94938,0.0,0.0
2026-01-28 10:55:00-05:00,1.4600000381469727,1.4600000381469727,1.4500000476837158,1.4550000429153442,249502,0.0,0.0
2026-01-28 11:00:00-05:00,1.4500000476837158,1.4600000381469727,1.4500000476837158,1.4500000476837158,160420,0.0,0.0
2026-01-28 11:05:00-05:00,1.4500000476837158,1.4600000381469727,1.440000057220459,1.4500000476837158,737961,0.0,0.0
2026-01-28 11:10:00-05:00,1.4450000524520874,1.4500000476837158,1.440000057220459,1.440000057220459,792492,0.0,0.0
2026-01-28 11:15:00-05:00,1.440000057220459,1.4500000476837158,1.440000057220459,1.440000057220459,182793,0.0,0.0
2026-01-28 11:20:00-05:00,1.440000057220459,1.4500000476837158,1.440000057220459,1.440000057220459,197903,0.0,0.0
2026-01-28 11:25:00-05:00,1.440000057220459,1.4500000476837158,1.440000057220459,1.4450000524520874,185770,0.0,0.0
2026-01-28 11:30:00-05:00,1.440999984741211,1.4500000476837158,1.440000057220459,1.4500000476837158,225115,0.0,0.0
2026-01-28 11:35:00-05:00,1.4500000476837158,1.4500000476837158,1.440000057220459,1.440000057220459,154257,0.0,0.0
2026-01-28 11:40:00-05:00,1.4500000476837158,1.4500000476837158,1.440000057220459,1.440000057220459,163308,0.0,0.0
2026-01-28 11:45:00-05:00,1.440000057220459,1.4500000476837158,1.440000057220459,1.4500000476837158,170570,0.0,0.0
2026-01-28 11:50:00-05:00,1.4500000476837158,1.4500000476837158,1.440000057220459,1.440000057220459,125712,0.0,0.0
2026-01-28 11:55:00-05:00,1.440000057220459,1.4500000476837158,1.440000057220459,1.4490000009536743,329934,0.0,0.0
2026-01-28 12:00:00-05:00,1.4450000524520874,1.4500000476837158,1.440000057220459,1.440000057220459,133504,0.0,0.0
2026-01-28 12:05:00-05:00,1.4500000476837158,1.4500000476837158,1.440000057220459,1.4450000524520874,163186,0.0,0.0
2026-01-28 12:10:00-05:00,1.4500000476837158,1.4500000476837158,1.440000057220459,1.444700002670288,146939,0.0,0.0
2026-01-28 12:15:00-05:00,1.4500000476837158,1.4500000476837158,1.440000057220459,1.4490000009536743,264852,0.0,0.0
2026-01-28 12:20:00-05:00,1.440000057220459,1.4500000476837158,1.4299999475479126,1.4364999532699585,639581,0.0,0.0
2026-01-28 12:25:00-05:00,1.434999942779541,1.4500000476837158,1.4299999475479126,1.440000057220459,384051,0.0,0.0
2026-01-28 12:30:00-05:00,1.440000057220459,1.4500000476837158,1.4299999475479126,1.440000057220459,901088,0.0,0.0
2026-01-28 12:35:00-05:00,1.4450000524520874,1.4500000476837158,1.440000057220459,1.4500000476837158,160626,0.0,0.0
2026-01-28 12:40:00-05:00,1.4500000476837158,1.4500000476837158,1.440000057220459,1.440000057220459,85154,0.0,0.0
2026-01-28 12:45:00-05:00,1.440000057220459,1.4500000476837158,1.440000057220459,1.4450000524520874,135554,0.0,0.0
2026-01-28 12:50:00-05:00,1.4450000524520874,1.4500000476837158,1.440000057220459,1.440000057220459,97526,0.0,0.0
2026-01-28 12:55:00-05:00,1.4500000476837158,1.4600000381469727,1.440000057220459,1.4450000524520874,511232,0.0,0.0
2026-01-28 13:00:00-05:00,1.4490000009536743,1.4600000381469727,1.440000057220459,1.4449000358581543,926733,0.0,0.0
2026-01-28 13:05:00-05:00,1.4450000524520874,1.4500000476837158,1.440000057220459,1.4500000476837158,304166,0.0,0.0
2026-01-28 13:10:00-05:00,1.4500000476837158,1.4500000476837158,1.440000057220459,1.440000057220459,147762,0.0,0.0
2026-01-28 13:15:00-05:00,1.4450000524520874,1.4500000476837158,1.440000057220459,1.4450000524520874,98007,0.0,0.0
2026-01-28 13:20:00-05:00,1.4450000524520874,1.4500000476837158,1.440000057220459,1.440000057220459,78075,0.0,0.0
2026-01-28 13:25:00-05:00,1.4500000476837158,1.4500000476837158,1.440000057220459,1.4465999603271484,74632,0.0,0.0
2026-01-28 13:30:00-05:00,1.4500000476837158,1.4500000476837158,1.440000057220459,1.4500000476837158,75499,0.0,0.0
2026-01-28 13:35:00-05:00,1.4450000524520874,1.4500000476837158,1.440000057220459,1.4450000524520874,128947,0.0,0.0
2026-01-28 13:40:00-05:00,1.4450000524520874,1.4500000476837158,1.440000057220459,1.4500000476837158,647719,0.0,0.0
2026-01-28 13:45:00-05:00,1.4450000524520874,1.4500000476837158,1.440000057220459,1.4500000476837158,190928,0.0,0.0
2026-01-28 13:50:00-05:00,1.4450000524520874,1.4500000476837158,1.440000057220459,1.4450000524520874,158473,0.0,0.0
2026-01-28 13:55:00-05:00,1.4493999481201172,1.4500000476837158,1.440000057220459,1.440000057220459,103977,0.0,0.0
2026-01-28 14:00:00-05:00,1.440000057220459,1.4500000476837158,1.4299999475479126,1.440000057220459,378315,0.0,0.0
2026-01-28 14:05:00-05:00,1.434999942779541,1.4500000476837158,1.4299999475479126,1.440000057220459,396583,0.0,0.0
2026-01-28 14:10:00-05:00,1.440999984741211,1.4500000476837158,1.440000057220459,1.4450000524520874,224755,0.0,0.0
2026-01-28 14:15:00-05:00,1.4450000524520874,1.4500000476837158,1.440000057220459,1.4450000524520874,121209,0.0,0.0
2026-01-28 14:20:00-05:00,1.4498000144958496,1.4500000476837158,1.440000057220459,1.4450000524520874,86360,0.0,0.0
2026-01-28 14:25:00-05:00,1.4450000524520874,1.4500000476837158,1.4299999475479126,1.4299999475479126,454957,0.0,0.0
2026-01-28 14:30:00-05:00,1.434999942779541,1.4500000476837158,1.4299999475479126,1.434999942779541,1478188,0.0,0.0
2026-01-28 14:35:00-05:00,1.4356000423431396,1.440000057220459,1.4299999475479126,1.434999942779541,756209,0.0,0.0
2026-01-28 14:40:00-05:00,1.440000057220459,1.440000057220459,1.4299999475479126,1.440000057220459,112361,0.0,0.0
2026-01-28 14:45:00-05:00,1.434999942779541,1.440000057220459,1.4299999475479126,1.434999942779541,148044,0.0,0.0
2026-01-28 14:50:00-05:00,1.434999942779541,1.440000057220459,1.4299999475479126,1.434999942779541,154285,0.0,0.0
2026-01-28 14:55:00-05:00,1.4299999475479126,1.440000057220459,1.4199999570846558,1.430999994277954,1509816,0.0,0.0
2026-01-28 15:00:00-05:00,1.4299999475479126,1.440000057220459,1.4299999475479126,1.440000057220459,262312,0.0,0.0
2026-01-28 15:05:00-05:00,1.4299999475479126,1.440000057220459,1.4299999475479126,1.4299999475479126,327703,0.0,0.0
2026-01-28 15:10:00-05:00,1.440000057220459,1.440000057220459,1.4199999570846558,1.4249999523162842,493749,0.0,0.0
2026-01-28 15:15:00-05:00,1.4249999523162842,1.4299999475479126,1.4199999570846558,1.4199999570846558,309391,0.0,0.0
2026-01-28 15:20:00-05:00,1.4256999492645264,1.4299999475479126,1.4199999570846558,1.4249999523162842,352656,0.0,0.0
2026-01-28 15:25:00-05:00,1.4249999523162842,1.4299999475479126,1.4199999570846558,1.4199999570846558,696985,0.0,0.0
2026-01-28 15:30:00-05:00,1.4199999570846558,1.4299999475479126,1.409999966621399,1.4149999618530273,1072396,0.0,0.0
2026-01-28 15:35:00-05:00,1.4149999618530273,1.4199999570846558,1.409999966621399,1.4199999570846558,270178,0.0,0.0
2026-01-28 15:40:00-05:00,1.4149999618530273,1.4199999570846558,1.409999966621399,1.4198999404907227,391713,0.0,0.0
2026-01-28 15:45:00-05:00,1.4149999618530273,1.4199999570846558,1.409999966621399,1.4149999618530273,436256,0.0,0.0
2026-01-28 15:50:00-05:00,1.4199999570846558,1.4299999475479126,1.409999966621399,1.4249999523162842,1285130,0.0,0.0
2026-01-28 15:55:00-05:00,1.4200999736785889,1.440000057220459,1.4199999570846558,1.440000057220459,1045947,0.0,0.0
2026-01-29 09:30:00-05:00,1.4299999475479126,1.4299999475479126,1.409999966621399,1.4149999618530273,1342461,0.0,0.0
2026-01-29 09:35:00-05:00,1.4149999618530273,1.4299999475479126,1.409999966621399,1.4249999523162842,664442,0.0,0.0
2026-01-29 09:40:00-05:00,1.4199999570846558,1.4299999475479126,1.409999966621399,1.4148999452590942,737628,0.0,0.0
2026-01-29 09:45:00-05:00,1.410099983215332,1.4199999570846558,1.409999966621399,1.4149999618530273,370177,0.0,0.0
2026-01-29 09:50:00-05:00,1.4199999570846558,1.4299999475479126,1.409999966621399,1.4199999570846558,1093762,0.0,0.0
2026-01-29 09:55:00-05:00,1.4249999523162842,1.4299999475479126,1.4199999570846558,1.4249999523162842,646247,0.0,0.0
2026-01-29 10:00:00-05:00,1.4199999570846558,1.4299999475479126,1.409999966621399,1.4275000095367432,1369489,0.0,0.0
2026-01-29 10:05:00-05:00,1.4279999732971191,1.440000057220459,1.4199999570846558,1.4299999475479126,728642,0.0,0.0
2026-01-29 10:10:00-05:00,1.4299999475479126,1.440000057220459,1.4199999570846558,1.4199999570846558,1311279,0.0,0.0
2026-01-29 10:15:00-05:00,1.4249999523162842,1.4299999475479126,1.4199999570846558,1.4199999570846558,413515,0.0,0.0
2026-01-29 10:20:00-05:00,1.4199999570846558,1.440000057220459,1.4199999570846558,1.440000057220459,1029269,0.0,0.0
2026-01-29 10:25:00-05:00,1.4368000030517578,1.4500000476837158,1.4299999475479126,1.433500051498413,2190827,0.0,0.0
2026-01-29 10:30:00-05:00,1.434999942779541,1.440000057220459,1.4299999475479126,1.440000057220459,240792,0.0,0.0
2026-01-29 10:35:00-05:00,1.4299999475479126,1.440000057220459,1.4199999570846558,1.4290000200271606,1682024,0.0,0.0
2026-01-29 10:40:00-05:00,1.4299999475479126,1.4299999475479126,1.4199999570846558,1.4249999523162842,379387,0.0,0.0
2026-01-29 10:45:00-05:00,1.4199999570846558,1.4299999475479126,1.4199999570846558,1.4199999570846558,129650,0.0,0.0
2026-01-29 10:50:00-05:00,1.4199999570846558,1.440000057220459,1.4199999570846558,1.4291000366210938,608564,0.0,0.0
2026-01-29 10:55:00-05:00,1.4249999523162842,1.4500000476837158,1.4199999570846558,1.4500000476837158,1803525,0.0,0.0
2026-01-29 11:00:00-05:00,1.4490000009536743,1.4600000381469727,1.440000057220459,1.4509999752044678,1132331,0.0,0.0
2026-01-29 11:05:00-05:00,1.4536000490188599,1.4600000381469727,1.440000057220459,1.440000057220459,1074996,0.0,0.0
2026-01-29 11:10:00-05:00,1.4488999843597412,1.4500000476837158,1.440000057220459,1.4496999979019165,286805,0.0,0.0
2026-01-29 11:15:00-05:00,1.44350004196167,1.4600000381469727,1.440000057220459,1.4521000385284424,395968,0.0,0.0
2026-01-29 11:20:00-05:00,1.4543999433517456,1.4600000381469727,1.4400999546051025,1.4450000524520874,1293120,0.0,0.0
2026-01-29 11:25:00-05:00,1.4450000524520874,1.4500000476837158,1.440000057220459,1.4420000314712524,1152514,0.0,0.0
2026-01-29 11:30:00-05:00,1.4429999589920044,1.4500000476837158,1.440000057220459,1.4450000524520874,431078,0.0,0.0
2026-01-29 11:35:00-05:00,1.4450000524520874,1.4500000476837158,1.440000057220459,1.4450000524520874,1650579,0.0,0.0
2026-01-29 11:40:00-05:00,1.4473999738693237,1.4500000476837158,1.440000057220459,1.4450000524520874,528004,0.0,0.0
2026-01-29 11:45:00-05:00,1.4450000524520874,1.4500000476837158,1.440000057220459,1.4450000524520874,279128,0.0,0.0
2026-01-29 11:50:00-05:00,1.4500000476837158,1.4500000476837158,1.440000057220459,1.4500000476837158,110324,0.0,0.0
2026-01-29 11:55:00-05:00,1.4450000524520874,1.4500000476837158,1.440000057220459,1.448099970817566,349425,0.0,0.0
2026-01-29 12:00:00-05:00,1.4490000009536743,1.4550000429153442,1.440000057220459,1.4500000476837158,1256205,0.0,0.0
2026-01-29 12:05:00-05:00,1.4450000524520874,1.4520000219345093,1.4299999475479126,1.4306000471115112,1410198,0.0,0.0
2026-01-29 12:10:00-05:00,1.434999942779541,1.4500000476837158,1.4299999475479126,1.4450000524520874,397178,0.0,0.0
2026-01-29 12:15:00-05:00,1.4450000524520874,1.4550000429153442,1.440000057220459,1.4500000476837158,893986,0.0,0.0
2026-01-29 12:20:00-05:00,1.4500000476837158,1.458799958229065,1.440000057220459,1.4459999799728394,709836,0.0,0.0
2026-01-29 12:25:00-05:00,1.4450000524520874,1.4500000476837158,1.440000057220459,1.4450000524520874,71673,0.0,0.0
2026-01-29 12:30:00-05:00,1.4450000524520874,1.4500000476837158,1.440000057220459,1.445199966430664,145928,0.0,0.0
2026-01-29 12:35:00-05:00,1.4450000524520874,1.4500000476837158,1.440000057220459,1.4450000524520874,69524,0.0,0.0
2026-01-29 12:40:00-05:00,1.4450000524520874,1.4459999799728394,1.4299999475479126,1.434999942779541,952753,0.0,0.0
2026-01-29 12:45:00-05:00,1.434999942779541,1.440000057220459,1.4299999475479126,1.4355000257492065,98892,0.0,0.0
2026-01-29 12:50:00-05:00,1.434999942779541,1.440000057220459,1.4299999475479126,1.4299999475479126,157862,0.0,0.0
2026-01-29 12:55:00-05:00,1.434999942779541,1.440000057220459,1.4299999475479126,1.434999942779541,85259,0.0,0.0
2026-01-29 13:00:00-05:00,1.4299999475479126,1.440000057220459,1.4199999570846558,1.4249999523162842,366251,0.0,0.0
2026-01-29 13:05:00-05:00,1.429800033569336,1.4299999475479126,1.4199999570846558,1.4258999824523926,178111,0.0,0.0
2026-01-29 13:10:00-05:00,1.4299999475479126,1.4299999475479126,1.4199999570846558,1.4299999475479126,416870,0.0,0.0
2026-01-29 13:15:00-05:00,1.4249999523162842,1.4299999475479126,1.4199999570846558,1.426200032234192,180054,0.0,0.0
2026-01-29 13:20:00-05:00,1.4249999523162842,1.4299999475479126,1.4199999570846558,1.4299999475479126,192161,0.0,0.0
2026-01-29 13:25:00-05:00,1.4299999475479126,1.4299999475479126,1.4199999570846558,1.4249999523162842,128868,0.0,0.0
2026-01-29 13:30:00-05:00,1.4249999523162842,1.4299999475479126,1.409999966621399,1.4199999570846558,2200021,0.0,0.0
2026-01-29 13:35:00-05:00,1.4199999570846558,1.4299999475479126,1.409999966621399,1.4249999523162842,1410425,0.0,0.0
2026-01-29 13:40:00-05:00,1.4299999475479126,1.4299999475479126,1.4199999570846558,1.427299976348877,144071,0.0,0.0
2026-01-29 13:45:00-05:00,1.4255000352859497,1.4299999475479126,1.4199999570846558,1.4249999523162842,294602,0.0,0.0
2026-01-29 13:50:00-05:00,1.4249999523162842,1.4299999475479126,1.4199999570846558,1.4249999523162842,154266,0.0,0.0
2026-01-29 13:55:00-05:00,1.4299999475479126,1.4299999475479126,1.409999966621399,1.4149999618530273,1166925,0.0,0.0
2026-01-29 14:00:00-05:00,1.4149999618530273,1.4199999570846558,1.409999966621399,1.4149999618530273,268368,0.0,0.0
2026-01-29 14:05:00-05:00,1.409999966621399,1.4199999570846558,1.409999966621399,1.409999966621399,203785,0.0,0.0
2026-01-29 14:10:00-05:00,1.4199999570846558,1.4199999570846558,1.409999966621399,1.4149999618530273,167265,0.0,0.0
2026-01-29 14:15:00-05:00,1.4149999618530273,1.4199999570846558,1.409999966621399,1.4149999618530273,125276,0.0,0.0
2026-01-29 14:20:00-05:00,1.4149999618530273,1.4199999570846558,1.409999966621399,1.4149999618530273,114235,0.0,0.0
2026-01-29 14:25:00-05:00,1.4149999618530273,1.4199999570846558,1.409999966621399,1.409999966621399,123138,0.0,0.0
2026-01-29 14:30:00-05:00,1.409999966621399,1.4199999570846558,1.399999976158142,1.4049999713897705,511598,0.0,0.0
2026-01-29 14:35:00-05:00,1.4049999713897705,1.409999966621399,1.399999976158142,1.4049999713897705,238287,0.0,0.0
2026-01-29 14:40:00-05:00,1.4049999713897705,1.409999966621399,1.399999976158142,1.409999966621399,150653,0.0,0.0
2026-01-29 14:45:00-05:00,1.4002000093460083,1.409999966621399,1.399999976158142,1.4049999713897705,142755,0.0,0.0
2026-01-29 14:50:00-05:00,1.4049999713897705,1.409999966621399,1.399999976158142,1.4049999713897705,282402,0.0,0.0
2026-01-29 14:55:00-05:00,1.4049999713897705,1.409999966621399,1.3899999856948853,1.3899999856948853,691943,0.0,0.0
2026-01-29 15:00:00-05:00,1.399999976158142,1.399999976158142,1.3899999856948853,1.399399995803833,312555,0.0,0.0
2026-01-29 15:05:00-05:00,1.3949999809265137,1.399999976158142,1.3899999856948853,1.399999976158142,271963,0.0,0.0
2026-01-29 15:10:00-05:00,1.3949999809265137,1.399999976158142,1.3899999856948853,1.3949999809265137,236825,0.0,0.0
2026-01-29 15:15:00-05:00,1.399899959564209,1.399999976158142,1.3799999952316284,1.3799999952316284,463442,0.0,0.0
2026-01-29 15:20:00-05:00,1.3845000267028809,1.3899999856948853,1.3799999952316284,1.3799999952316284,252754,0.0,0.0
2026-01-29 15:25:00-05:00,1.3849999904632568,1.3899999856948853,1.3799999952316284,1.3899999856948853,211347,0.0,0.0
2026-01-29 15:30:00-05:00,1.3849999904632568,1.3899999856948853,1.3799999952316284,1.3849999904632568,236160,0.0,0.0
2026-01-29 15:35:00-05:00,1.3849999904632568,1.3899999856948853,1.3799999952316284,1.3877999782562256,214395,0.0,0.0
2026-01-29 15:40:00-05:00,1.3849999904632568,1.3899999856948853,1.3700000047683716,1.3799999952316284,705833,0.0,0.0
2026-01-29 15:45:00-05:00,1.375,1.3899999856948853,1.3700000047683716,1.3799999952316284,434572,0.0,0.0
2026-01-29 15:50:00-05:00,1.3799999952316284,1.3899999856948853,1.3700000047683716,1.3799999952316284,526702,0.0,0.0
2026-01-29 15:55:00-05:00,1.3700000047683716,1.3799999952316284,1.3600000143051147,1.3600000143051147,1584342,0.0,0.0
2026-01-30 09:30:00-05:00,1.3700000047683716,1.399999976158142,1.350000023841858,1.399999976158142,1755265,0.0,0.0
2026-01-30 09:35:00-05:00,1.3949999809265137,1.4199999570846558,1.3849999904632568,1.4149999618530273,1993647,0.0,0.0
2026-01-30 09:40:00-05:00,1.4149999618530273,1.4299999475479126,1.399999976158142,1.399999976158142,1163992,0.0,0.0
2026-01-30 09:45:00-05:00,1.4098000526428223,1.4199999570846558,1.3799999952316284,1.3799999952316284,512972,0.0,0.0
2026-01-30 09:50:00-05:00,1.3849999904632568,1.3899999856948853,1.3700000047683716,1.378999948501587,863981,0.0,0.0
2026-01-30 09:55:00-05:00,1.375,1.3799999952316284,1.3700000047683716,1.375599980354309,441008,0.0,0.0
2026-01-30 10:00:00-05:00,1.375,1.3899999856948853,1.3700000047683716,1.3849999904632568,365814,0.0,0.0
2026-01-30 10:05:00-05:00,1.3799999952316284,1.399999976158142,1.3799999952316284,1.392799973487854,1174670,0.0,0.0
2026-01-30 10:10:00-05:00,1.3949999809265137,1.399999976158142,1.3899999856948853,1.3899999856948853,198540,0.0,0.0
2026-01-30 10:15:00-05:00,1.3899999856948853,1.399999976158142,1.3849999904632568,1.3949999809265137,549022,0.0,0.0
2026-01-30 10:20:00-05:00,1.3949999809265137,1.409999966621399,1.3899999856948853,1.3990000486373901,830445,0.0,0.0
2026-01-30 10:25:00-05:00,1.3899999856948853,1.399999976158142,1.3899999856948853,1.3945000171661377,244734,0.0,0.0
2026-01-30 10:30:00-05:00,1.396299958229065,1.399999976158142,1.3799999952316284,1.3949999809265137,678341,0.0,0.0
2026-01-30 10:35:00-05:00,1.3949999809265137,1.409999966621399,1.3899999856948853,1.404099941253662,2048716,0.0,0.0
2026-01-30 10:40:00-05:00,1.4000999927520752,1.409999966621399,1.3899999856948853,1.4098999500274658,1220372,0.0,0.0
2026-01-30 10:45:00-05:00,1.4049999713897705,1.4199999570846558,1.399999976158142,1.4103000164031982,2131430,0.0,0.0
2026-01-30 10:50:00-05:00,1.4114999771118164,1.4199999570846558,1.409999966621399,1.409999966621399,1300604,0.0,0.0
2026-01-30 10:55:00-05:00,1.4132000207901,1.4199999570846558,1.409999966621399,1.4149999618530273,1087859,0.0,0.0
2026-01-30 11:00:00-05:00,1.4199999570846558,1.4199999570846558,1.409999966621399,1.409999966621399,215201,0.0,0.0
2026-01-30 11:05:00-05:00,1.4199999570846558,1.4199999570846558,1.4005000591278076,1.4160000085830688,614516,0.0,0.0
2026-01-30 11:10:00-05:00,1.4199999570846558,1.4254000186920166,1.409999966621399,1.4114999771118164,826839,0.0,0.0
2026-01-30 11:15:00-05:00,1.410099983215332,1.4199999570846558,1.399999976158142,1.4149999618530273,2194063,0.0,0.0
2026-01-30 11:20:00-05:00,1.4199999570846558,1.4199999570846558,1.409999966621399,1.4110000133514404,985934,0.0,0.0
2026-01-30 11:25:00-05:00,1.4127999544143677,1.4191999435424805,1.399999976158142,1.409999966621399,1671567,0.0,0.0
2026-01-30 11:30:00-05:00,1.4093999862670898,1.409999966621399,1.399999976158142,1.4049999713897705,267026,0.0,0.0
2026-01-30 11:35:00-05:00,1.4049999713897705,1.409999966621399,1.3899999856948853,1.3949999809265137,388732,0.0,0.0
2026-01-30 11:40:00-05:00,1.3949999809265137,1.399999976158142,1.3899999856948853,1.3949999809265137,573919,0.0,0.0
2026-01-30 11:45:00-05:00,1.3949999809265137,1.399999976158142,1.3799999952316284,1.3799999952316284,1214183,0.0,0.0
2026-01-30 11:50:00-05:00,1.3849999904632568,1.3899999856948853,1.3799999952316284,1.3799999952316284,235592,0.0,0.0
2026-01-30 11:55:00-05:00,1.3799999952316284,1.3899999856948853,1.3799999952316284,1.3799999952316284,510071,0.0,0.0
2026-01-30 12:00:00-05:00,1.3799999952316284,1.3899999856948853,1.3799999952316284,1.3898999691009521,208337,0.0,0.0
2026-01-30 12:05:00-05:00,1.3799999952316284,1.3899999856948853,1.3799999952316284,1.3799999952316284,203586,0.0,0.0
2026-01-30 12:10:00-05:00,1.3832999467849731,1.3899999856948853,1.3799999952316284,1.3799999952316284,424708,0.0,0.0
2026-01-30 12:15:00-05:00,1.3799999952316284,1.3899999856948853,1.3799999952316284,1.382099986076355,319699,0.0,0.0
2026-01-30 12:20:00-05:00,1.3799999952316284,1.3899999856948853,1.3799999952316284,1.3849999904632568,137629,0.0,0.0
2026-01-30 12:25:00-05:00,1.3799999952316284,1.399999976158142,1.3799999952316284,1.3949999809265137,1694229,0.0,0.0
2026-01-30 12:30:00-05:00,1.3926000595092773,1.399999976158142,1.3899999856948853,1.399999976158142,374449,0.0,0.0
2026-01-30 12:35:00-05:00,1.3899999856948853,1.3949999809265137,1.3799999952316284,1.3899999856948853,271396,0.0,0.0
2026-01-30 12:40:00-05:00,1.3799999952316284,1.3899999856948853,1.3799999952316284,1.3899999856948853,156787,0.0,0.0
2026-01-30 12:45:00-05:00,1.3799999952316284,1.3899999856948853,1.3799999952316284,1.3899999856948853,157546,0.0,0.0
2026-01-30 12:50:00-05:00,1.3899999856948853,1.3899999856948853,1.3799999952316284,1.3849999904632568,264988,0.0,0.0
2026-01-30 12:55:00-05:00,1.3799999952316284,1.3899999856948853,1.3799999952316284,1.3849999904632568,78276,0.0,0.0
2026-01-30 13:00:00-05:00,1.3799999952316284,1.399999976158142,1.3799999952316284,1.3910000324249268,252285,0.0,0.0
2026-01-30 13:05:00-05:00,1.392899990081787,1.399999976158142,1.3849999904632568,1.398800015449524,603941,0.0,0.0
2026-01-30 13:10:00-05:00,1.3949999809265137,1.399999976158142,1.3899999856948853,1.3949999809265137,63203,0.0,0.0
2026-01-30 13:15:00-05:00,1.3949999809265137,1.399999976158142,1.3799999952316284,1.3910000324249268,1874383,0.0,0.0
2026-01-30 13:20:00-05:00,1.3899999856948853,1.3990000486373901,1.3799999952316284,1.3805999755859375,1018959,0.0,0.0
2026-01-30 13:25:00-05:00,1.3849999904632568,1.399999976158142,1.3799999952316284,1.3899999856948853,1977202,0.0,0.0
2026-01-30 13:30:00-05:00,1.3899999856948853,1.3960000276565552,1.3799999952316284,1.3849999904632568,2016300,0.0,0.0
2026-01-30 13:35:00-05:00,1.3899999856948853,1.3899999856948853,1.3799999952316284,1.3899999856948853,245480,0.0,0.0
2026-01-30 13:40:00-05:00,1.3849999904632568,1.3899999856948853,1.3799999952316284,1.3799999952316284,327588,0.0,0.0
2026-01-30 13:45:00-05:00,1.3799999952316284,1.3899999856948853,1.3799999952316284,1.3849999904632568,111582,0.0,0.0
2026-01-30 13:50:00-05:00,1.3849999904632568,1.3899999856948853,1.3799999952316284,1.3799999952316284,112206,0.0,0.0
2026-01-30 13:55:00-05:00,1.3849999904632568,1.409999966621399,1.3799999952316284,1.4009000062942505,1253059,0.0,0.0
2026-01-30 14:00:00-05:00,1.399999976158142,1.4199999570846558,1.399999976158142,1.409999966621399,770150,0.0,0.0
2026-01-30 14:05:00-05:00,1.4149999618530273,1.4199999570846558,1.399999976158142,1.399999976158142,466470,0.0,0.0
2026-01-30 14:10:00-05:00,1.4049999713897705,1.409999966621399,1.3899999856948853,1.3899999856948853,286627,0.0,0.0
2026-01-30 14:15:00-05:00,1.3949999809265137,1.399999976158142,1.3899999856948853,1.399999976158142,82750,0.0,0.0
2026-01-30 14:20:00-05:00,1.3949999809265137,1.399999976158142,1.3901000022888184,1.399999976158142,480361,0.0,0.0
2026-01-30 14:25:00-05:00,1.3969000577926636,1.409999966621399,1.3899999856948853,1.392300009727478,460149,0.0,0.0
2026-01-30 14:30:00-05:00,1.3995000123977661,1.399999976158142,1.3799999952316284,1.3899999856948853,462312,0.0,0.0
2026-01-30 14:35:00-05:00,1.3849999904632568,1.3899999856948853,1.3799999952316284,1.3799999952316284,231887,0.0,0.0
2026-01-30 14:40:00-05:00,1.3899999856948853,1.3899999856948853,1.3799999952316284,1.3799999952316284,92448,0.0,0.0
2026-01-30 14:45:00-05:00,1.3849999904632568,1.3899999856948853,1.3799999952316284,1.3799999952316284,170830,0.0,0.0
2026-01-30 14:50:00-05:00,1.3799999952316284,1.3899999856948853,1.3799999952316284,1.3799999952316284,150909,0.0,0.0
2026-01-30 14:55:00-05:00,1.3799999952316284,1.3899999856948853,1.3700000047683716,1.3799999952316284,546092,0.0,0.0
2026-01-30 15:00:00-05:00,1.3799999952316284,1.3799999952316284,1.3700000047683716,1.375,155369,0.0,0.0
2026-01-30 15:05:00-05:00,1.375,1.3799999952316284,1.3700000047683716,1.3700000047683716,220793,0.0,0.0
2026-01-30 15:10:00-05:00,1.3700000047683716,1.3799999952316284,1.3700000047683716,1.370300054550171,656115,0.0,0.0
2026-01-30 15:15:00-05:00,1.3700000047683716,1.3799999952316284,1.3700000047683716,1.3760000467300415,657450,0.0,0.0
2026-01-30 15:20:00-05:00,1.3700000047683716,1.3799999952316284,1.3600000143051147,1.3700000047683716,975134,0.0,0.0
2026-01-30 15:25:00-05:00,1.3700000047683716,1.3700000047683716,1.3600000143051147,1.3700000047683716,372983,0.0,0.0
2026-01-30 15:30:00-05:00,1.3700000047683716,1.3700000047683716,1.3600000143051147,1.3700000047683716,438074,0.0,0.0
2026-01-30 15:35:00-05:00,1.3600000143051147,1.3700000047683716,1.350000023841858,1.350100040435791,511618,0.0,0.0
2026-01-30 15:40:00-05:00,1.3550000190734863,1.3700000047683716,1.350000023841858,1.3650000095367432,827995,0.0,0.0
2026-01-30 15:45:00-05:00,1.3650000095367432,1.3700000047683716,1.3600000143051147,1.3650000095367432,200298,0.0,0.0
2026-01-30 15:50:00-05:00,1.3650000095367432,1.3700000047683716,1.3600000143051147,1.3698999881744385,419365,0.0,0.0
2026-01-30 15:55:00-05:00,1.3650000095367432,1.3899999856948853,1.3600000143051147,1.3799999952316284,1508223,0.0,0.0
2026-02-02 09:30:00-05:00,1.3799999952316284,1.3899999856948853,1.350000023841858,1.3799999952316284,1380170,0.0,0.0
2026-02-02 09:35:00-05:00,1.381700038909912,1.440000057220459,1.3799999952316284,1.4355000257492065,1304493,0.0,0.0
2026-02-02 09:40:00-05:00,1.437600016593933,1.4593000411987305,1.409999966621399,1.4358999729156494,1664052,0.0,0.0
2026-02-02 09:45:00-05:00,1.4332000017166138,1.4550000429153442,1.4299999475479126,1.440000057220459,1406567,0.0,0.0
2026-02-02 09:50:00-05:00,1.4407000541687012,1.4500000476837158,1.4199999570846558,1.4199999570846558,942340,0.0,0.0
2026-02-02 09:55:00-05:00,1.4200999736785889,1.4280999898910522,1.409999966621399,1.4149999618530273,810830,0.0,0.0
2026-02-02 10:00:00-05:00,1.419700026512146,1.4299999475479126,1.4121999740600586,1.4249999523162842,556126,0.0,0.0
2026-02-02 10:05:00-05:00,1.4249999523162842,1.4299999475479126,1.399999976158142,1.4021999835968018,854074,0.0,0.0
2026-02-02 10:10:00-05:00,1.405500054359436,1.4199999570846558,1.399999976158142,1.4193999767303467,582315,0.0,0.0
2026-02-02 10:15:00-05:00,1.4149999618530273,1.4299999475479126,1.409999966621399,1.4200999736785889,580465,0.0,0.0
2026-02-02 10:20:00-05:00,1.4249999523162842,1.440000057220459,1.4199999570846558,1.434999942779541,1461678,0.0,0.0
2026-02-02 10:25:00-05:00,1.434999942779541,1.440000057220459,1.4299999475479126,1.4399000406265259,650409,0.0,0.0
2026-02-02 10:30:00-05:00,1.4315999746322632,1.4500000476837158,1.4299999475479126,1.440000057220459,1571435,0.0,0.0
2026-02-02 10:35:00-05:00,1.434999942779541,1.4500000476837158,1.4299999475479126,1.4426000118255615,1782191,0.0,0.0
2026-02-02 10:40:00-05:00,1.440000057220459,1.4500000476837158,1.434999942779541,1.4400999546051025,879330,0.0,0.0
2026-02-02 10:45:00-05:00,1.4450000524520874,1.4500000476837158,1.440000057220459,1.4500000476837158,231674,0.0,0.0
2026-02-02 10:50:00-05:00,1.4450000524520874,1.4500000476837158,1.4299999475479126,1.4449000358581543,728833,0.0,0.0
2026-02-02 10:55:00-05:00,1.444599986076355,1.4500000476837158,1.4299999475479126,1.440000057220459,2142783,0.0,0.0
2026-02-02 11:00:00-05:00,1.434999942779541,1.440000057220459,1.4299999475479126,1.440000057220459,217212,0.0,0.0
2026-02-02 11:05:00-05:00,1.4299999475479126,1.440000057220459,1.4299999475479126,1.4399000406265259,252152,0.0,0.0
2026-02-02 11:10:00-05:00,1.434999942779541,1.4499000310897827,1.4299999475479126,1.434499979019165,675500,0.0,0.0
2026-02-02 11:15:00-05:00,1.434999942779541,1.4500000476837158,1.4299999475479126,1.4450000524520874,350373,0.0,0.0
2026-02-02 11:20:00-05:00,1.4450000524520874,1.4500000476837158,1.440000057220459,1.4500000476837158,302941,0.0,0.0
2026-02-02 11:25:00-05:00,1.440000057220459,1.4600000381469727,1.440000057220459,1.4500000476837158,1035996,0.0,0.0
2026-02-02 11:30:00-05:00,1.4500000476837158,1.4600000381469727,1.440000057220459,1.4499000310897827,899708,0.0,0.0
2026-02-02 11:35:00-05:00,1.4400999546051025,1.4500000476837158,1.440000057220459,1.4500000476837158,342838,0.0,0.0
2026-02-02 11:40:00-05:00,1.4500000476837158,1.4600000381469727,1.440000057220459,1.4500000476837158,490038,0.0,0.0
2026-02-02 11:45:00-05:00,1.4500000476837158,1.4600000381469727,1.444200038909912,1.4550000429153442,664061,0.0,0.0
2026-02-02 11:50:00-05:00,1.4500999450683594,1.4600000381469727,1.4500000476837158,1.4550000429153442,399485,0.0,0.0
2026-02-02 11:55:00-05:00,1.4500000476837158,1.4800000190734863,1.4500000476837158,1.4800000190734863,647264,0.0,0.0
2026-02-02 12:00:00-05:00,1.4799000024795532,1.4800000190734863,1.4700000286102295,1.475000023841858,1740856,0.0,0.0
2026-02-02 12:05:00-05:00,1.4800000190734863,1.4800000190734863,1.4700000286102295,1.4700000286102295,677819,0.0,0.0
2026-02-02 12:10:00-05:00,1.4700000286102295,1.4799000024795532,1.4600000381469727,1.4700000286102295,690322,0.0,0.0
2026-02-02 12:15:00-05:00,1.4600000381469727,1.4800000190734863,1.4600000381469727,1.4700000286102295,449641,0.0,0.0
2026-02-02 12:20:00-05:00,1.4697999954223633,1.4700000286102295,1.4600000381469727,1.4700000286102295,213180,0.0,0.0
2026-02-02 12:25:00-05:00,1.465000033378601,1.4700000286102295,1.4600000381469727,1.465000033378601,820874,0.0,0.0
2026-02-02 12:30:00-05:00,1.465000033378601,1.4700000286102295,1.4550000429153442,1.465000033378601,480879,0.0,0.0
2026-02-02 12:35:00-05:00,1.4601000547409058,1.4700000286102295,1.4600000381469727,1.465000033378601,376304,0.0,0.0
2026-02-02 12:40:00-05:00,1.4600000381469727,1.4700000286102295,1.4500000476837158,1.4564000368118286,2460953,0.0,0.0
2026-02-02 12:45:00-05:00,1.4585000276565552,1.4600000381469727,1.4500000476837158,1.4550000429153442,198534,0.0,0.0
2026-02-02 12:50:00-05:00,1.4500000476837158,1.4700000286102295,1.4500000476837158,1.4700000286102295,369888,0.0,0.0
2026-02-02 12:55:00-05:00,1.4700000286102295,1.4700000286102295,1.4600000381469727,1.465000033378601,139121,0.0,0.0
2026-02-02 13:00:00-05:00,1.4600000381469727,1.4700000286102295,1.4500000476837158,1.4558000564575195,308613,0.0,0.0
2026-02-02 13:05:00-05:00,1.4600000381469727,1.4600000381469727,1.4500000476837158,1.4500000476837158,575901,0.0,0.0
2026-02-02 13:10:00-05:00,1.4500000476837158,1.4600000381469727,1.4500000476837158,1.451200008392334,362977,0.0,0.0
2026-02-02 13:15:00-05:00,1.4500000476837158,1.4600000381469727,1.440000057220459,1.440000057220459,354394,0.0,0.0
2026-02-02 13:20:00-05:00,1.4500000476837158,1.4500000476837158,1.440000057220459,1.4450000524520874,171918,0.0,0.0
2026-02-02 13:25:00-05:00,1.4450000524520874,1.4500000476837158,1.440000057220459,1.4465999603271484,261605,0.0,0.0
2026-02-02 13:30:00-05:00,1.4500000476837158,1.4500000476837158,1.440000057220459,1.4500000476837158,207598,0.0,0.0
2026-02-02 13:35:00-05:00,1.4500000476837158,1.4500000476837158,1.440000057220459,1.4450000524520874,177925,0.0,0.0
2026-02-02 13:40:00-05:00,1.4450000524520874,1.4500000476837158,1.440000057220459,1.4400999546051025,543887,0.0,0.0
2026-02-02 13:45:00-05:00,1.4400999546051025,1.4500000476837158,1.440000057220459,1.440000057220459,2057354,0.0,0.0
2026-02-02 13:50:00-05:00,1.440000057220459,1.4400999546051025,1.4299999475479126,1.4299999475479126,282599,0.0,0.0
2026-02-02 13:55:00-05:00,1.4299999475479126,1.440000057220459,1.4299999475479126,1.434999942779541,127144,0.0,0.0
2026-02-02 14:00:00-05:00,1.440000057220459,1.440000057220459,1.4299999475479126,1.434999942779541,378035,0.0,0.0
2026-02-02 14:05:00-05:00,1.434999942779541,1.440000057220459,1.4299999475479126,1.434999942779541,110712,0.0,0.0
2026-02-02 14:10:00-05:00,1.434999942779541,1.440000057220459,1.4299999475479126,1.434999942779541,594863,0.0,0.0
2026-02-02 14:15:00-05:00,1.434999942779541,1.434999942779541,1.4199999570846558,1.4299999475479126,555519,0.0,0.0
2026-02-02 14:20:00-05:00,1.4249999523162842,1.4299999475479126,1.4199999570846558,1.4199999570846558,371156,0.0,0.0
2026-02-02 14:25:00-05:00,1.4249999523162842,1.4299999475479126,1.4199999570846558,1.4249999523162842,98816,0.0,0.0
2026-02-02 14:30:00-05:00,1.4249999523162842,1.4299999475479126,1.409999966621399,1.4149999618530273,263224,0.0,0.0
2026-02-02 14:35:00-05:00,1.4151999950408936,1.4299999475479126,1.409999966621399,1.4249999523162842,701517,0.0,0.0
2026-02-02 14:40:00-05:00,1.4199999570846558,1.4299999475479126,1.4199999570846558,1.4199999570846558,102968,0.0,0.0
2026-02-02 14:45:00-05:00,1.4199999570846558,1.4299999475479126,1.4199999570846558,1.4223999977111816,126541,0.0,0.0
2026-02-02 14:50:00-05:00,1.4249999523162842,1.4299999475479126,1.410099983215332,1.4199999570846558,417450,0.0,0.0
2026-02-02 14:55:00-05:00,1.419700026512146,1.4299999475479126,1.4149999618530273,1.4249999523162842,320877,0.0,0.0
2026-02-02 15:00:00-05:00,1.4249999523162842,1.4299999475479126,1.409999966621399,1.4153000116348267,396482,0.0,0.0
2026-02-02 15:05:00-05:00,1.4199999570846558,1.4199999570846558,1.409999966621399,1.4101999998092651,112556,0.0,0.0
2026-02-02 15:10:00-05:00,1.410099983215332,1.4199999570846558,1.409999966621399,1.409999966621399,202253,0.0,0.0
2026-02-02 15:15:00-05:00,1.409999966621399,1.4199999570846558,1.4049999713897705,1.4160000085830688,1247897,0.0,0.0
2026-02-02 15:20:00-05:00,1.4149999618530273,1.4199999570846558,1.409999966621399,1.4149999618530273,168637,0.0,0.0
2026-02-02 15:25:00-05:00,1.410099983215332,1.4199999570846558,1.409999966621399,1.4149999618530273,215451,0.0,0.0
2026-02-02 15:30:00-05:00,1.4149999618530273,1.4199999570846558,1.409999966621399,1.409999966621399,1136487,0.0,0.0
2026-02-02 15:35:00-05:00,1.409999966621399,1.4199999570846558,1.399999976158142,1.399999976158142,559137,0.0,0.0
2026-02-02 15:40:00-05:00,1.399999976158142,1.409999966621399,1.399999976158142,1.4049999713897705,135891,0.0,0.0
2026-02-02 15:45:00-05:00,1.4049999713897705,1.409999966621399,1.399999976158142,1.4049999713897705,262147,0.0,0.0
2026-02-02 15:50:00-05:00,1.399999976158142,1.409999966621399,1.399999976158142,1.399999976158142,289683,0.0,0.0
2026-02-02 15:55:00-05:00,1.399999976158142,1.4149999618530273,1.399999976158142,1.409999966621399,1079532,0.0,0.0
2026-02-03 09:30:00-05:00,1.399999976158142,1.409999966621399,1.3799999952316284,1.3949999809265137,1183030,0.0,0.0
2026-02-03 09:35:00-05:00,1.3899999856948853,1.399999976158142,1.3799999952316284,1.3949999809265137,548978,0.0,0.0
2026-02-03 09:40:00-05:00,1.3899999856948853,1.409999966621399,1.3899999856948853,1.4040000438690186,486298,0.0,0.0
2026-02-03 09:45:00-05:00,1.4049999713897705,1.409999966621399,1.3899999856948853,1.399999976158142,357502,0.0,0.0
2026-02-03 09:50:00-05:00,1.4049999713897705,1.409999966621399,1.3899999856948853,1.399999976158142,252982,0.0,0.0
2026-02-03 09:55:00-05:00,1.399999976158142,1.399999976158142,1.3700000047683716,1.3798999786376953,760854,0.0,0.0
2026-02-03 10:00:00-05:00,1.375599980354309,1.3899999856948853,1.3700000047683716,1.3849999904632568,1838090,0.0,0.0
2026-02-03 10:05:00-05:00,1.3898999691009521,1.3899999856948853,1.3799999952316284,1.3849999904632568,600277,0.0,0.0
2026-02-03 10:10:00-05:00,1.3898999691009521,1.3899999856948853,1.3700000047683716,1.3799999952316284,1877382,0.0,0.0
2026-02-03 10:15:00-05:00,1.375,1.3899999856948853,1.3700000047683716,1.375,1181751,0.0,0.0
2026-02-03 10:20:00-05:00,1.3798999786376953,1.399999976158142,1.3702000379562378,1.3901000022888184,1960301,0.0,0.0
2026-02-03 10:25:00-05:00,1.3932000398635864,1.409999966621399,1.3899999856948853,1.409999966621399,1115783,0.0,0.0
2026-02-03 10:30:00-05:00,1.4049999713897705,1.440000057220459,1.4049999713897705,1.4357000589370728,1973175,0.0,0.0
2026-02-03 10:35:00-05:00,1.4342999458312988,1.441499948501587,1.4299999475479126,1.434999942779541,1181741,0.0,0.0
2026-02-03 10:40:00-05:00,1.434999942779541,1.440000057220459,1.4199999570846558,1.434999942779541,1496800,0.0,0.0
2026-02-03 10:45:00-05:00,1.4390000104904175,1.4500000476837158,1.4299999475479126,1.440000057220459,1603633,0.0,0.0
2026-02-03 10:50:00-05:00,1.4500000476837158,1.4500000476837158,1.4299999475479126,1.4402999877929688,1754361,0.0,0.0
2026-02-03 10:55:00-05:00,1.4400999546051025,1.4500000476837158,1.4299999475479126,1.440000057220459,2361237,0.0,0.0
2026-02-03 11:00:00-05:00,1.440000057220459,1.4500000476837158,1.4299999475479126,1.434999942779541,1525251,0.0,0.0
2026-02-03 11:05:00-05:00,1.440000057220459,1.440000057220459,1.4199999570846558,1.4249999523162842,465804,0.0,0.0
2026-02-03 11:10:00-05:00,1.4293999671936035,1.4299999475479126,1.4199999570846558,1.4199999570846558,325833,0.0,0.0
2026-02-03 11:15:00-05:00,1.4199999570846558,1.4299999475479126,1.409999966621399,1.4199999570846558,656494,0.0,0.0
2026-02-03 11:20:00-05:00,1.4228999614715576,1.4299999475479126,1.409999966621399,1.4199999570846558,681351,0.0,0.0
2026-02-03 11:25:00-05:00,1.4200999736785889,1.4299999475479126,1.409999966621399,1.4198999404907227,750602,0.0,0.0
2026-02-03 11:30:00-05:00,1.4149999618530273,1.4199999570846558,1.409999966621399,1.4149999618530273,189100,0.0,0.0
2026-02-03 11:35:00-05:00,1.4149999618530273,1.4199999570846558,1.409999966621399,1.4199999570846558,178019,0.0,0.0
2026-02-03 11:40:00-05:00,1.409999966621399,1.4199999570846558,1.409999966621399,1.417199969291687,154528,0.0,0.0
2026-02-03 11:45:00-05:00,1.4149999618530273,1.4199999570846558,1.399999976158142,1.4147000312805176,567498,0.0,0.0
2026-02-03 11:50:00-05:00,1.419700026512146,1.4199999570846558,1.409999966621399,1.4199999570846558,80762,0.0,0.0
2026-02-03 11:55:00-05:00,1.409999966621399,1.4199999570846558,1.399999976158142,1.4140000343322754,635116,0.0,0.0
2026-02-03 12:00:00-05:00,1.410099983215332,1.4199999570846558,1.409999966621399,1.4199999570846558,149318,0.0,0.0
2026-02-03 12:05:00-05:00,1.410099983215332,1.4199999570846558,1.4010000228881836,1.4149999618530273,1393251,0.0,0.0
2026-02-03 12:10:00-05:00,1.409999966621399,1.4199999570846558,1.3949999809265137,1.409999966621399,1132027,0.0,0.0
2026-02-03 12:15:00-05:00,1.4049999713897705,1.409999966621399,1.399999976158142,1.4000999927520752,69957,0.0,0.0
2026-02-03 12:20:00-05:00,1.399999976158142,1.409999966621399,1.3899999856948853,1.399999976158142,342905,0.0,0.0
2026-02-03 12:25:00-05:00,1.399999976158142,1.399999976158142,1.3899999856948853,1.3899999856948853,437177,0.0,0.0
2026-02-03 12:30:00-05:00,1.3949999809265137,1.399999976158142,1.3799999952316284,1.3940999507904053,1241031,0.0,0.0
2026-02-03 12:35:00-05:00,1.3899999856948853,1.399999976158142,1.3899999856948853,1.3968000411987305,135997,0.0,0.0
2026-02-03 12:40:00-05:00,1.3899999856948853,1.399999976158142,1.3799999952316284,1.3925000429153442,1312001,0.0,0.0
2026-02-03 12:45:00-05:00,1.3903000354766846,1.399999976158142,1.3799999952316284,1.3899999856948853,2176206,0.0,0.0
2026-02-03 12:50:00-05:00,1.3841999769210815,1.3899999856948853,1.3799999952316284,1.3899999856948853,1289327,0.0,0.0
2026-02-03 12:55:00-05:00,1.3899999856948853,1.3899999856948853,1.3799999952316284,1.3799999952316284,296507,0.0,0.0
2026-02-03 13:00:00-05:00,1.3849999904632568,1.3899999856948853,1.3799999952316284,1.3868000507354736,188123,0.0,0.0
2026-02-03 13:05:00-05:00,1.3849999904632568,1.3899999856948853,1.3799999952316284,1.389799952507019,158396,0.0,0.0
2026-02-03 13:10:00-05:00,1.3849999904632568,1.3899999856948853,1.3700000047683716,1.375,1049874,0.0,0.0
2026-02-03 13:15:00-05:00,1.375,1.3799999952316284,1.3700000047683716,1.3702000379562378,907420,0.0,0.0
2026-02-03 13:20:00-05:00,1.375,1.3799999952316284,1.3601000308990479,1.3700000047683716,1175437,0.0,0.0
2026-02-03 13:25:00-05:00,1.3701000213623047,1.3720999956130981,1.3600000143051147,1.3700000047683716,676229,0.0,0.0
2026-02-03 13:30:00-05:00,1.3700000047683716,1.3700000047683716,1.3600000143051147,1.3650000095367432,192333,0.0,0.0
2026-02-03 13:35:00-05:00,1.3602999448776245,1.3700000047683716,1.3600000143051147,1.3700000047683716,366995,0.0,0.0
2026-02-03 13:40:00-05:00,1.3650000095367432,1.3700000047683716,1.3600000143051147,1.3600000143051147,142573,0.0,0.0
2026-02-03 13:45:00-05:00,1.3700000047683716,1.3700000047683716,1.350000023841858,1.3600000143051147,980080,0.0,0.0
2026-02-03 13:50:00-05:00,1.3700000047683716,1.3700000047683716,1.350000023841858,1.3597999811172485,1008044,0.0,0.0
2026-02-03 13:55:00-05:00,1.357800006866455,1.3700000047683716,1.3530000448226929,1.3600000143051147,823690,0.0,0.0
2026-02-03 14:00:00-05:00,1.3600000143051147,1.3700000047683716,1.3600000143051147,1.3650000095367432,192252,0.0,0.0
2026-02-03 14:05:00-05:00,1.3650000095367432,1.3700000047683716,1.350000023841858,1.3550000190734863,716828,0.0,0.0
2026-02-03 14:10:00-05:00,1.3550000190734863,1.3700000047683716,1.350000023841858,1.3650000095367432,511217,0.0,0.0
2026-02-03 14:15:00-05:00,1.3650000095367432,1.3700000047683716,1.3600000143051147,1.3650000095367432,339840,0.0,0.0
2026-02-03 14:20:00-05:00,1.3694000244140625,1.3700000047683716,1.3600000143051147,1.3698999881744385,589896,0.0,0.0
2026-02-03 14:25:00-05:00,1.3700000047683716,1.3700000047683716,1.3600000143051147,1.3650000095367432,473246,0.0,0.0
2026-02-03 14:30:00-05:00,1.3600000143051147,1.3700000047683716,1.3600000143051147,1.3650000095367432,99136,0.0,0.0
2026-02-03 14:35:00-05:00,1.3650000095367432,1.3799999952316284,1.3600000143051147,1.3700000047683716,274064,0.0,0.0
2026-02-03 14:40:00-05:00,1.3700000047683716,1.3799999952316284,1.3600000143051147,1.3701000213623047,406390,0.0,0.0
2026-02-03 14:45:00-05:00,1.3700000047683716,1.3799999952316284,1.3700000047683716,1.3702000379562378,209503,0.0,0.0
2026-02-03 14:50:00-05:00,1.3700000047683716,1.3799999952316284,1.3700000047683716,1.3701000213623047,157035,0.0,0.0
2026-02-03 14:55:00-05:00,1.3700000047683716,1.3899999856948853,1.3700000047683716,1.3899999856948853,318888,0.0,0.0
2026-02-03 15:00:00-05:00,1.3799999952316284,1.3899999856948853,1.3799999952316284,1.3799999952316284,192640,0.0,0.0
2026-02-03 15:05:00-05:00,1.3849999904632568,1.3899999856948853,1.3799999952316284,1.3861000537872314,163971,0.0,0.0
2026-02-03 15:10:00-05:00,1.3849999904632568,1.3899999856948853,1.3799999952316284,1.3799999952316284,152206,0.0,0.0
2026-02-03 15:15:00-05:00,1.3898999691009521,1.399999976158142,1.3799999952316284,1.3949999809265137,528471,0.0,0.0
2026-02-03 15:20:00-05:00,1.3910000324249268,1.399999976158142,1.3899999856948853,1.399999976158142,92417,0.0,0.0
2026-02-03 15:25:00-05:00,1.399999976158142,1.399999976158142,1.3899999856948853,1.3905999660491943,97290,0.0,0.0
2026-02-03 15:30:00-05:00,1.399999976158142,1.399999976158142,1.3799999952316284,1.3849999904632568,327127,0.0,0.0
2026-02-03 15:35:00-05:00,1.3849999904632568,1.3899999856948853,1.3799999952316284,1.3898999691009521,218089,0.0,0.0
2026-02-03 15:40:00-05:00,1.3899999856948853,1.3899999856948853,1.3799999952316284,1.3899999856948853,126549,0.0,0.0
2026-02-03 15:45:00-05:00,1.3899999856948853,1.399999976158142,1.3801000118255615,1.3949999809265137,282084,0.0,0.0
2026-02-03 15:50:00-05:00,1.399999976158142,1.399999976158142,1.3899999856948853,1.3949999809265137,124933,0.0,0.0
2026-02-03 15:55:00-05:00,1.3949999809265137,1.399999976158142,1.3799999952316284,1.3849999904632568,704584,0.0,0.0
2026-02-04 09:30:00-05:00,1.3700000047683716,1.399999976158142,1.3650000095367432,1.399899959564209,922605,0.0,0.0
2026-02-04 09:35:00-05:00,1.399999976158142,1.409999966621399,1.3899999856948853,1.40339994430542,1146663,0.0,0.0
2026-02-04 09:40:00-05:00,1.399999976158142,1.4800000190734863,1.399999976158142,1.4670000076293945,2097516,0.0,0.0
2026-02-04 09:45:00-05:00,1.4600000381469727,1.5,1.4600000381469727,1.4950000047683716,1859437,0.0,0.0
2026-02-04 09:50:00-05:00,1.4900000095367432,1.5,1.4600000381469727,1.4799000024795532,1477554,0.0,0.0
2026-02-04 09:55:00-05:00,1.475000023841858,1.4800000190734863,1.4600000381469727,1.4645999670028687,1226967,0.0,0.0
2026-02-04 10:00:00-05:00,1.465000033378601,1.4800000190734863,1.4600000381469727,1.475000023841858,1692616,0.0,0.0
2026-02-04 10:05:00-05:00,1.475000023841858,1.4900000095367432,1.4700000286102295,1.4700000286102295,852489,0.0,0.0
2026-02-04 10:10:00-05:00,1.4700000286102295,1.4800000190734863,1.4600000381469727,1.475000023841858,1865860,0.0,0.0
2026-02-04 10:15:00-05:00,1.4700000286102295,1.4800000190734863,1.4600000381469727,1.465000033378601,525730,0.0,0.0
2026-02-04 10:20:00-05:00,1.4600000381469727,1.4900000095367432,1.4600000381469727,1.4804999828338623,1093201,0.0,0.0
2026-02-04 10:25:00-05:00,1.4865000247955322,1.4900000095367432,1.4800000190734863,1.4800000190734863,397322,0.0,0.0
2026-02-04 10:30:00-05:00,1.4850000143051147,1.4900000095367432,1.4600000381469727,1.4699000120162964,521342,0.0,0.0
2026-02-04 10:35:00-05:00,1.4699000120162964,1.4800000190734863,1.4600000381469727,1.4754999876022339,379362,0.0,0.0
2026-02-04 10:40:00-05:00,1.4799000024795532,1.4900000095367432,1.4700000286102295,1.4850000143051147,2164251,0.0,0.0
2026-02-04 10:45:00-05:00,1.4900000095367432,1.5,1.4800000190734863,1.4950000047683716,1466104,0.0,0.0
2026-02-04 10:50:00-05:00,1.4900000095367432,1.5099999904632568,1.4800000190734863,1.4850000143051147,2053807,0.0,0.0
2026-02-04 10:55:00-05:00,1.4800000190734863,1.5,1.4800000190734863,1.4950000047683716,1955066,0.0,0.0
2026-02-04 11:00:00-05:00,1.4900000095367432,1.5099999904632568,1.4900000095367432,1.5099999904632568,879534,0.0,0.0
2026-02-04 11:05:00-05:00,1.5003999471664429,1.5199999809265137,1.4800000190734863,1.4831000566482544,1914776,0.0,0.0
2026-02-04 11:10:00-05:00,1.482699990272522,1.4900000095367432,1.4700000286102295,1.4850000143051147,1130207,0.0,0.0
2026-02-04 11:15:00-05:00,1.4850000143051147,1.4900000095367432,1.4700000286102295,1.4767999649047852,431294,0.0,0.0
2026-02-04 11:20:00-05:00,1.4738999605178833,1.4800000190734863,1.4700000286102295,1.475000023841858,332146,0.0,0.0
2026-02-04 11:25:00-05:00,1.475000023841858,1.4800000190734863,1.4700000286102295,1.475000023841858,173700,0.0,0.0
2026-02-04 11:30:00-05:00,1.4800000190734863,1.4800000190734863,1.4646999835968018,1.475000023841858,544645,0.0,0.0
2026-02-04 11:35:00-05:00,1.4701000452041626,1.4800000190734863,1.4600000381469727,1.465000033378601,412677,0.0,0.0
2026-02-04 11:40:00-05:00,1.4600000381469727,1.4700000286102295,1.4500000476837158,1.4550000429153442,1771075,0.0,0.0
2026-02-04 11:45:00-05:00,1.4550000429153442,1.4600000381469727,1.440000057220459,1.4455000162124634,636656,0.0,0.0
2026-02-04 11:50:00-05:00,1.445199966430664,1.4600000381469727,1.440000057220459,1.4500000476837158,401745,0.0,0.0
2026-02-04 11:55:00-05:00,1.4500000476837158,1.4600000381469727,1.4500000476837158,1.4600000381469727,289082,0.0,0.0
2026-02-04 12:00:00-05:00,1.4500000476837158,1.4600000381469727,1.4500000476837158,1.4550000429153442,136622,0.0,0.0
2026-02-04 12:05:00-05:00,1.4550000429153442,1.4600000381469727,1.440000057220459,1.440000057220459,480816,0.0,0.0
2026-02-04 12:10:00-05:00,1.4450000524520874,1.4700000286102295,1.440000057220459,1.465000033378601,521954,0.0,0.0
2026-02-04 12:15:00-05:00,1.4700000286102295,1.4700000286102295,1.4600000381469727,1.4694000482559204,291392,0.0,0.0
2026-02-04 12:20:00-05:00,1.4699000120162964,1.4700000286102295,1.4600000381469727,1.4628700017929077,1071043,0.0,0.0
2026-02-04 12:25:00-05:00,1.4700000286102295,1.4700000286102295,1.4400999546051025,1.4501999616622925,877402,0.0,0.0
2026-02-04 12:30:00-05:00,1.4528000354766846,1.4600000381469727,1.440000057220459,1.4550000429153442,477354,0.0,0.0
2026-02-04 12:35:00-05:00,1.454300045967102,1.4600000381469727,1.440000057220459,1.4500000476837158,588345,0.0,0.0
2026-02-04 12:40:00-05:00,1.4550000429153442,1.4600000381469727,1.4500000476837158,1.4500000476837158,186413,0.0,0.0
2026-02-04 12:45:00-05:00,1.4500000476837158,1.4600000381469727,1.440000057220459,1.4550000429153442,737600,0.0,0.0
2026-02-04 12:50:00-05:00,1.4550000429153442,1.4600000381469727,1.440000057220459,1.440000057220459,157678,0.0,0.0
2026-02-04 12:55:00-05:00,1.4500000476837158,1.4700000286102295,1.440000057220459,1.4700000286102295,911385,0.0,0.0
2026-02-04 13:00:00-05:00,1.465000033378601,1.4700000286102295,1.4500000476837158,1.4550000429153442,580548,0.0,0.0
2026-02-04 13:05:00-05:00,1.4594000577926636,1.4600000381469727,1.440000057220459,1.440000057220459,668901,0.0,0.0
2026-02-04 13:10:00-05:00,1.4424999952316284,1.4500000476837158,1.4299999475479126,1.440000057220459,428105,0.0,0.0
2026-02-04 13:15:00-05:00,1.434999942779541,1.440000057220459,1.4299999475479126,1.434999942779541,430603,0.0,0.0
2026-02-04 13:20:00-05:00,1.434999942779541,1.4500000476837158,1.4199999570846558,1.4490000009536743,1122879,0.0,0.0
2026-02-04 13:25:00-05:00,1.4450000524520874,1.4600000381469727,1.440000057220459,1.4500000476837158,2147518,0.0,0.0
2026-02-04 13:30:00-05:00,1.4600000381469727,1.4600000381469727,1.440000057220459,1.4500000476837158,356394,0.0,0.0
2026-02-04 13:35:00-05:00,1.440000057220459,1.4500000476837158,1.440000057220459,1.440000057220459,112792,0.0,0.0
2026-02-04 13:40:00-05:00,1.440000057220459,1.4600000381469727,1.440000057220459,1.4500999450683594,358536,0.0,0.0
2026-02-04 13:45:00-05:00,1.4500000476837158,1.458400011062622,1.4299999475479126,1.4299999475479126,1302247,0.0,0.0
2026-02-04 13:50:00-05:00,1.440000057220459,1.4700000286102295,1.4299999475479126,1.4599000215530396,1551626,0.0,0.0
2026-02-04 13:55:00-05:00,1.458400011062622,1.4800000190734863,1.4500999450683594,1.475000023841858,1383763,0.0,0.0
2026-02-04 14:00:00-05:00,1.4701000452041626,1.4799000024795532,1.4600000381469727,1.4600000381469727,622728,0.0,0.0
2026-02-04 14:05:00-05:00,1.4600000381469727,1.5,1.4600000381469727,1.49399995803833,2930610,0.0,0.0
2026-02-04 14:10:00-05:00,1.4901000261306763,1.5199999809265137,1.4900000095367432,1.5,1175624,0.0,0.0
2026-02-04 14:15:00-05:00,1.4901000261306763,1.5,1.4900000095367432,1.5,348989,0.0,0.0
2026-02-04 14:20:00-05:00,1.4966000318527222,1.5099999904632568,1.4900000095367432,1.5049999952316284,575148,0.0,0.0
2026-02-04 14:25:00-05:00,1.5049999952316284,1.5099999904632568,1.4900000095367432,1.4950000047683716,624353,0.0,0.0
2026-02-04 14:30:00-05:00,1.4979000091552734,1.5,1.4900000095367432,1.4900000095367432,666559,0.0,0.0
2026-02-04 14:35:00-05:00,1.49399995803833,1.5,1.4800000190734863,1.4901000261306763,613280,0.0,0.0
2026-02-04 14:40:00-05:00,1.4900000095367432,1.5,1.4900000095367432,1.499899983406067,140763,0.0,0.0
2026-02-04 14:45:00-05:00,1.4900000095367432,1.5199999809265137,1.4900000095367432,1.5098999738693237,944515,0.0,0.0
2026-02-04 14:50:00-05:00,1.5058000087738037,1.5199999809265137,1.5,1.5149999856948853,1085003,0.0,0.0
2026-02-04 14:55:00-05:00,1.5099999904632568,1.5299999713897705,1.5099999904632568,1.524999976158142,352928,0.0,0.0
2026-02-04 15:00:00-05:00,1.5199999809265137,1.5299999713897705,1.5199999809265137,1.5199999809265137,168773,0.0,0.0
2026-02-04 15:05:00-05:00,1.5199999809265137,1.5299999713897705,1.5099999904632568,1.5299999713897705,1323170,0.0,0.0
2026-02-04 15:10:00-05:00,1.524999976158142,1.5299999713897705,1.5099999904632568,1.51010000705719,750278,0.0,0.0
2026-02-04 15:15:00-05:00,1.5099999904632568,1.5198999643325806,1.5010000467300415,1.5049999952316284,1186578,0.0,0.0
2026-02-04 15:20:00-05:00,1.5049999952316284,1.5199999809265137,1.5,1.5149999856948853,425210,0.0,0.0
2026-02-04 15:25:00-05:00,1.5149999856948853,1.5199999809265137,1.5099999904632568,1.5149999856948853,94846,0.0,0.0
2026-02-04 15:30:00-05:00,1.5149999856948853,1.5299999713897705,1.5099999904632568,1.524999976158142,700685,0.0,0.0
2026-02-04 15:35:00-05:00,1.5199999809265137,1.534999966621399,1.5199999809265137,1.5299999713897705,383220,0.0,0.0
2026-02-04 15:40:00-05:00,1.5199999809265137,1.5299999713897705,1.5199999809265137,1.524999976158142,154889,0.0,0.0
2026-02-04 15:45:00-05:00,1.5199999809265137,1.5255000591278076,1.5099999904632568,1.5149999856948853,245086,0.0,0.0
2026-02-04 15:50:00-05:00,1.5199999809265137,1.5199999809265137,1.5099999904632568,1.5162999629974365,314955,0.0,0.0
2026-02-04 15:55:00-05:00,1.5199999809265137,1.5199999809265137,1.4800000190734863,1.4850000143051147,1218644,0.0,0.0
2026-02-05 09:30:00-05:00,1.4600000381469727,1.4800000190734863,1.4528000354766846,1.465000033378601,931207,0.0,0.0
2026-02-05 09:35:00-05:00,1.4700000286102295,1.4800000190734863,1.4600000381469727,1.469599962234497,715449,0.0,0.0
2026-02-05 09:40:00-05:00,1.4699000120162964,1.4900000095367432,1.4500000476837158,1.4600000381469727,808600,0.0,0.0
2026-02-05 09:45:00-05:00,1.4630999565124512,1.4700000286102295,1.440000057220459,1.4501999616622925,902224,0.0,0.0
2026-02-05 09:50:00-05:00,1.4550000429153442,1.4700000286102295,1.4500000476837158,1.4636000394821167,1209144,0.0,0.0
2026-02-05 09:55:00-05:00,1.4600000381469727,1.4800000190734863,1.4600000381469727,1.4700000286102295,1474373,0.0,0.0
2026-02-05 10:00:00-05:00,1.4800000190734863,1.4800000190734863,1.4500000476837158,1.4621000289916992,1701651,0.0,0.0
2026-02-05 10:05:00-05:00,1.4641000032424927,1.4700000286102295,1.4500000476837158,1.4600000381469727,1554008,0.0,0.0
2026-02-05 10:10:00-05:00,1.4601000547409058,1.4700000286102295,1.440000057220459,1.4500000476837158,1216808,0.0,0.0
2026-02-05 10:15:00-05:00,1.4450000524520874,1.4700000286102295,1.440000057220459,1.465000033378601,1352338,0.0,0.0
2026-02-05 10:20:00-05:00,1.4700000286102295,1.4800000190734863,1.4600000381469727,1.465000033378601,1871292,0.0,0.0
2026-02-05 10:25:00-05:00,1.4700000286102295,1.4700000286102295,1.4500000476837158,1.4600000381469727,3315840,0.0,0.0
2026-02-05 10:30:00-05:00,1.4616999626159668,1.4700000286102295,1.4550000429153442,1.4643000364303589,609337,0.0,0.0
2026-02-05 10:35:00-05:00,1.4600000381469727,1.4700000286102295,1.4299999475479126,1.4450000524520874,1341355,0.0,0.0
2026-02-05 10:40:00-05:00,1.4457999467849731,1.4500000476837158,1.440000057220459,1.4450000524520874,373167,0.0,0.0
2026-02-05 10:45:00-05:00,1.440000057220459,1.4500000476837158,1.4299999475479126,1.440000057220459,1312174,0.0,0.0
2026-02-05 10:50:00-05:00,1.4500000476837158,1.4500000476837158,1.440000057220459,1.4500000476837158,568166,0.0,0.0
2026-02-05 10:55:00-05:00,1.4500000476837158,1.4500000476837158,1.440000057220459,1.4493999481201172,211698,0.0,0.0
2026-02-05 11:00:00-05:00,1.440000057220459,1.4500000476837158,1.4299999475479126,1.434999942779541,1847531,0.0,0.0
2026-02-05 11:05:00-05:00,1.440000057220459,1.440000057220459,1.4299999475479126,1.4300999641418457,1807356,0.0,0.0
2026-02-05 11:10:00-05:00,1.4322999715805054,1.440000057220459,1.4199999570846558,1.4249999523162842,1411223,0.0,0.0
2026-02-05 11:15:00-05:00,1.427299976348877,1.440000057220459,1.4199999570846558,1.4398000240325928,975717,0.0,0.0
2026-02-05 11:20:00-05:00,1.434999942779541,1.4450000524520874,1.4299999475479126,1.440000057220459,1090853,0.0,0.0
2026-02-05 11:25:00-05:00,1.440000057220459,1.440000057220459,1.4299999475479126,1.4299999475479126,155164,0.0,0.0
2026-02-05 11:30:00-05:00,1.4299999475479126,1.4500000476837158,1.4299999475479126,1.440000057220459,450027,0.0,0.0
2026-02-05 11:35:00-05:00,1.4399000406265259,1.440000057220459,1.4299999475479126,1.434999942779541,686713,0.0,0.0
2026-02-05 11:40:00-05:00,1.434999942779541,1.440000057220459,1.4199999570846558,1.4200999736785889,1249662,0.0,0.0
2026-02-05 11:45:00-05:00,1.4249999523162842,1.4299999475479126,1.399999976158142,1.4149999618530273,1965502,0.0,0.0
2026-02-05 11:50:00-05:00,1.410099983215332,1.4199999570846558,1.399999976158142,1.409999966621399,543278,0.0,0.0
2026-02-05 11:55:00-05:00,1.4149999618530273,1.4199999570846558,1.399999976158142,1.399999976158142,441799,0.0,0.0
2026-02-05 12:00:00-05:00,1.399999976158142,1.409999966621399,1.3899999856948853,1.399999976158142,595999,0.0,0.0
2026-02-05 12:05:00-05:00,1.399999976158142,1.40910005569458,1.3899999856948853,1.406599998474121,664205,0.0,0.0
2026-02-05 12:10:00-05:00,1.4049999713897705,1.409999966621399,1.3899999856948853,1.4045000076293945,431695,0.0,0.0
2026-02-05 12:15:00-05:00,1.409999966621399,1.409999966621399,1.399999976158142,1.4049999713897705,126567,0.0,0.0
2026-02-05 12:20:00-05:00,1.409999966621399,1.409999966621399,1.399999976158142,1.409999966621399,267353,0.0,0.0
2026-02-05 12:25:00-05:00,1.413699984550476,1.4199999570846558,1.409999966621399,1.409999966621399,142657,0.0,0.0
2026-02-05 12:30:00-05:00,1.4199999570846558,1.4199999570846558,1.399999976158142,1.4149999618530273,583378,0.0,0.0
2026-02-05 12:35:00-05:00,1.4199999570846558,1.4199999570846558,1.409999966621399,1.409999966621399,114215,0.0,0.0
2026-02-05 12:40:00-05:00,1.409999966621399,1.4199999570846558,1.409999966621399,1.409999966621399,64043,0.0,0.0
2026-02-05 12:45:00-05:00,1.409999966621399,1.4199999570846558,1.409999966621399,1.4149999618530273,873298,0.0,0.0
2026-02-05 12:50:00-05:00,1.409999966621399,1.4199999570846558,1.399999976158142,1.409999966621399,428138,0.0,0.0
2026-02-05 12:55:00-05:00,1.4098999500274658,1.4199999570846558,1.399999976158142,1.399999976158142,1121567,0.0,0.0
2026-02-05 13:00:00-05:00,1.409999966621399,1.409999966621399,1.399999976158142,1.4047000408172607,982992,0.0,0.0
2026-02-05 13:05:00-05:00,1.4049999713897705,1.409999966621399,1.399999976158142,1.4049999713897705,246781,0.0,0.0
2026-02-05 13:10:00-05:00,1.4049999713897705,1.409999966621399,1.399999976158142,1.409999966621399,403186,0.0,0.0
2026-02-05 13:15:00-05:00,1.4049999713897705,1.409999966621399,1.399999976158142,1.409999966621399,182482,0.0,0.0
2026-02-05 13:20:00-05:00,1.4049999713897705,1.409999966621399,1.399999976158142,1.4049999713897705,338502,0.0,0.0
2026-02-05 13:25:00-05:00,1.399999976158142,1.409999966621399,1.399999976158142,1.399999976158142,478564,0.0,0.0
2026-02-05 13:30:00-05:00,1.4049999713897705,1.409999966621399,1.3901000022888184,1.409999966621399,377538,0.0,0.0
2026-02-05 13:35:00-05:00,1.4027999639511108,1.409999966621399,1.399999976158142,1.4049999713897705,156328,0.0,0.0
2026-02-05 13:40:00-05:00,1.399999976158142,1.409999966621399,1.3899999856948853,1.4004000425338745,826775,0.0,0.0
2026-02-05 13:45:00-05:00,1.406599998474121,1.409999966621399,1.3899999856948853,1.4049999713897705,646195,0.0,0.0
2026-02-05 13:50:00-05:00,1.399999976158142,1.409999966621399,1.3914999961853027,1.4049999713897705,492948,0.0,0.0
2026-02-05 13:55:00-05:00,1.399999976158142,1.409999966621399,1.399999976158142,1.399999976158142,100955,0.0,0.0
2026-02-05 14:00:00-05:00,1.4049999713897705,1.4199999570846558,1.399999976158142,1.4081000089645386,1116697,0.0,0.0
2026-02-05 14:05:00-05:00,1.409999966621399,1.4199999570846558,1.4049999713897705,1.410099983215332,1006923,0.0,0.0
2026-02-05 14:10:00-05:00,1.409999966621399,1.4199999570846558,1.409999966621399,1.4199999570846558,320620,0.0,0.0
2026-02-05 14:15:00-05:00,1.4149999618530273,1.4199999570846558,1.409999966621399,1.4199999570846558,116058,0.0,0.0
2026-02-05 14:20:00-05:00,1.409999966621399,1.4199999570846558,1.409999966621399,1.4155000448226929,63511,0.0,0.0
2026-02-05 14:25:00-05:00,1.4153000116348267,1.4199999570846558,1.409999966621399,1.409999966621399,177765,0.0,0.0
2026-02-05 14:30:00-05:00,1.4149999618530273,1.4199999570846558,1.4049999713897705,1.409999966621399,691962,0.0,0.0
2026-02-05 14:35:00-05:00,1.4149999618530273,1.4299999475479126,1.409999966621399,1.4199999570846558,704368,0.0,0.0
2026-02-05 14:40:00-05:00,1.4149999618530273,1.4199999570846558,1.409999966621399,1.409999966621399,57411,0.0,0.0
2026-02-05 14:45:00-05:00,1.409999966621399,1.4199999570846558,1.409999966621399,1.4133000373840332,565664,0.0,0.0
2026-02-05 14:50:00-05:00,1.410599946975708,1.4199999570846558,1.4000999927520752,1.4149999618530273,173439,0.0,0.0
2026-02-05 14:55:00-05:00,1.410099983215332,1.4149999618530273,1.399999976158142,1.4098999500274658,242803,0.0,0.0
2026-02-05 15:00:00-05:00,1.399999976158142,1.409999966621399,1.399999976158142,1.399999976158142,78189,0.0,0.0
2026-02-05 15:05:00-05:00,1.4049999713897705,1.409999966621399,1.399999976158142,1.406599998474121,102269,0.0,0.0
2026-02-05 15:10:00-05:00,1.409999966621399,1.409999966621399,1.399999976158142,1.399999976158142,87592,0.0,0.0
2026-02-05 15:15:00-05:00,1.399999976158142,1.409999966621399,1.399999976158142,1.399999976158142,104867,0.0,0.0
2026-02-05 15:20:00-05:00,1.4000999927520752,1.4093999862670898,1.3899999856948853,1.399999976158142,466638,0.0,0.0
2026-02-05 15:25:00-05:00,1.402999997138977,1.409999966621399,1.3899999856948853,1.399999976158142,727002,0.0,0.0
2026-02-05 15:30:00-05:00,1.409999966621399,1.409999966621399,1.399999976158142,1.4049999713897705,698045,0.0,0.0
2026-02-05 15:35:00-05:00,1.399999976158142,1.409999966621399,1.3949999809265137,1.399999976158142,609084,0.0,0.0
2026-02-05 15:40:00-05:00,1.4049999713897705,1.409999966621399,1.399999976158142,1.399999976158142,93578,0.0,0.0
2026-02-05 15:45:00-05:00,1.4049999713897705,1.409999966621399,1.399999976158142,1.402500033378601,200479,0.0,0.0
2026-02-05 15:50:00-05:00,1.399999976158142,1.409999966621399,1.399999976158142,1.4017000198364258,173897,0.0,0.0
2026-02-05 15:55:00-05:00,1.4000999927520752,1.409999966621399,1.3899999856948853,1.4049999713897705,922624,0.0,0.0
2026-02-06 09:30:00-05:00,1.4199999570846558,1.475000023841858,1.409999966621399,1.4700000286102295,940936,0.0,0.0
2026-02-06 09:35:00-05:00,1.4632999897003174,1.4800000190734863,1.4600000381469727,1.4600000381469727,699493,0.0,0.0
2026-02-06 09:40:00-05:00,1.4600000381469727,1.4700000286102295,1.4500000476837158,1.4636000394821167,1249781,0.0,0.0
2026-02-06 09:45:00-05:00,1.465000033378601,1.465000033378601,1.440000057220459,1.4500000476837158,1233745,0.0,0.0
2026-02-06 09:50:00-05:00,1.4413000345230103,1.4500000476837158,1.4299999475479126,1.434999942779541,356586,0.0,0.0
2026-02-06 09:55:00-05:00,1.434999942779541,1.4500000476837158,1.4299999475479126,1.4399000406265259,1954296,0.0,0.0
2026-02-06 10:00:00-05:00,1.4390000104904175,1.4500000476837158,1.4299999475479126,1.4450000524520874,564835,0.0,0.0
2026-02-06 10:05:00-05:00,1.4450000524520874,1.4500000476837158,1.440000057220459,1.4450000524520874,1182215,0.0,0.0
2026-02-06 10:10:00-05:00,1.4450000524520874,1.4600000381469727,1.440000057220459,1.4594000577926636,1312517,0.0,0.0
2026-02-06 10:15:00-05:00,1.4550000429153442,1.4700000286102295,1.4500000476837158,1.4601000547409058,1139432,0.0,0.0
2026-02-06 10:20:00-05:00,1.4700000286102295,1.4700000286102295,1.4500000476837158,1.4600000381469727,2049004,0.0,0.0
2026-02-06 10:25:00-05:00,1.4500999450683594,1.4700000286102295,1.4500000476837158,1.465000033378601,2298855,0.0,0.0
2026-02-06 10:30:00-05:00,1.4644999504089355,1.4700000286102295,1.4600000381469727,1.4700000286102295,300394,0.0,0.0
2026-02-06 10:35:00-05:00,1.465000033378601,1.4800000190734863,1.4601000547409058,1.4701000452041626,1160746,0.0,0.0
2026-02-06 10:40:00-05:00,1.475000023841858,1.4800000190734863,1.4700000286102295,1.475000023841858,676263,0.0,0.0
2026-02-06 10:45:00-05:00,1.4707000255584717,1.4800000190734863,1.4700000286102295,1.4713000059127808,568568,0.0,0.0
2026-02-06 10:50:00-05:00,1.475000023841858,1.4800000190734863,1.4600000381469727,1.465000033378601,2907387,0.0,0.0
2026-02-06 10:55:00-05:00,1.465000033378601,1.4700000286102295,1.4500000476837158,1.4601000547409058,333594,0.0,0.0
2026-02-06 11:00:00-05:00,1.4634000062942505,1.4700000286102295,1.4600000381469727,1.4600000381469727,229824,0.0,0.0
2026-02-06 11:05:00-05:00,1.4600000381469727,1.4700000286102295,1.4600000381469727,1.4699000120162964,1711065,0.0,0.0
2026-02-06 11:10:00-05:00,1.4700000286102295,1.4700000286102295,1.4600000381469727,1.465000033378601,970049,0.0,0.0
2026-02-06 11:15:00-05:00,1.4600000381469727,1.4700000286102295,1.4500000476837158,1.465000033378601,1271112,0.0,0.0
2026-02-06 11:20:00-05:00,1.461300015449524,1.4700000286102295,1.4600000381469727,1.4700000286102295,159065,0.0,0.0
2026-02-06 11:25:00-05:00,1.4600000381469727,1.4700000286102295,1.4600000381469727,1.4700000286102295,510423,0.0,0.0
2026-02-06 11:30:00-05:00,1.4700000286102295,1.4800000190734863,1.4600000381469727,1.4600000381469727,1311712,0.0,0.0
2026-02-06 11:35:00-05:00,1.4600000381469727,1.4700000286102295,1.4600000381469727,1.4600000381469727,270050,0.0,0.0
2026-02-06 11:40:00-05:00,1.4600000381469727,1.4700000286102295,1.4600000381469727,1.4700000286102295,171431,0.0,0.0
2026-02-06 11:45:00-05:00,1.4600000381469727,1.4700000286102295,1.4600000381469727,1.4700000286102295,302781,0.0,0.0
2026-02-06 11:50:00-05:00,1.4699000120162964,1.4800000190734863,1.4675999879837036,1.4800000190734863,563943,0.0,0.0
2026-02-06 11:55:00-05:00,1.4700000286102295,1.4800000190734863,1.4700000286102295,1.4700000286102295,295432,0.0,0.0
2026-02-06 12:00:00-05:00,1.475000023841858,1.4800000190734863,1.4700000286102295,1.475000023841858,183977,0.0,0.0
2026-02-06 12:05:00-05:00,1.4700000286102295,1.4900000095367432,1.4700000286102295,1.4850000143051147,684981,0.0,0.0
2026-02-06 12:10:00-05:00,1.4800000190734863,1.4900000095367432,1.475000023841858,1.479099988937378,435016,0.0,0.0
2026-02-06 12:15:00-05:00,1.4800000190734863,1.4800000190734863,1.4700000286102295,1.4800000190734863,1824186,0.0,0.0
2026-02-06 12:20:00-05:00,1.475000023841858,1.4800000190734863,1.4700000286102295,1.4737999439239502,704346,0.0,0.0
2026-02-06 12:25:00-05:00,1.4700000286102295,1.4800000190734863,1.4700000286102295,1.4765000343322754,126822,0.0,0.0
2026-02-06 12:30:00-05:00,1.4700000286102295,1.4800000190734863,1.4700000286102295,1.4701000452041626,314711,0.0,0.0
2026-02-06 12:35:00-05:00,1.475000023841858,1.4800000190734863,1.4700000286102295,1.4771000146865845,355103,0.0,0.0
2026-02-06 12:40:00-05:00,1.4700000286102295,1.5,1.4700000286102295,1.4900000095367432,1689437,0.0,0.0
2026-02-06 12:45:00-05:00,1.4900000095367432,1.5,1.4800000190734863,1.4809000492095947,620945,0.0,0.0
2026-02-06 12:50:00-05:00,1.4815000295639038,1.4900000095367432,1.4800000190734863,1.4800000190734863,1668894,0.0,0.0
2026-02-06 12:55:00-05:00,1.483199954032898,1.4900000095367432,1.4800000190734863,1.4842000007629395,2172899,0.0,0.0
2026-02-06 13:00:00-05:00,1.4800000190734863,1.4900000095367432,1.4800000190734863,1.4850000143051147,126576,0.0,0.0
2026-02-06 13:05:00-05:00,1.4850000143051147,1.4900000095367432,1.4710999727249146,1.475000023841858,383939,0.0,0.0
2026-02-06 13:10:00-05:00,1.4700000286102295,1.4800000190734863,1.4700000286102295,1.475000023841858,99634,0.0,0.0
2026-02-06 13:15:00-05:00,1.475000023841858,1.4800000190734863,1.4700000286102295,1.4800000190734863,166738,0.0,0.0
2026-02-06 13:20:00-05:00,1.4773999452590942,1.4800000190734863,1.4600000381469727,1.4700000286102295,490107,0.0,0.0
2026-02-06 13:25:00-05:00,1.4700000286102295,1.4800000190734863,1.4600000381469727,1.475000023841858,611541,0.0,0.0
2026-02-06 13:30:00-05:00,1.475000023841858,1.4800000190734863,1.4700000286102295,1.4700000286102295,109182,0.0,0.0
2026-02-06 13:35:00-05:00,1.475000023841858,1.4800000190734863,1.4700000286102295,1.475000023841858,85100,0.0,0.0
2026-02-06 13:40:00-05:00,1.4794000387191772,1.4800000190734863,1.4700000286102295,1.4800000190734863,84808,0.0,0.0
2026-02-06 13:45:00-05:00,1.4700000286102295,1.4800000190734863,1.4700000286102295,1.475000023841858,150414,0.0,0.0
2026-02-06 13:50:00-05:00,1.4733999967575073,1.4900000095367432,1.4700000286102295,1.4900000095367432,224329,0.0,0.0
2026-02-06 13:55:00-05:00,1.4845000505447388,1.4900000095367432,1.4800000190734863,1.4850000143051147,134086,0.0,0.0
2026-02-06 14:00:00-05:00,1.4800000190734863,1.5,1.4800000190734863,1.4901000261306763,616735,0.0,0.0
2026-02-06 14:05:00-05:00,1.4950000047683716,1.5,1.4800000190734863,1.4901000261306763,1276183,0.0,0.0
2026-02-06 14:10:00-05:00,1.4900000095367432,1.5,1.4800000190734863,1.489799976348877,2726764,0.0,0.0
2026-02-06 14:15:00-05:00,1.488800048828125,1.4900000095367432,1.4800000190734863,1.4900000095367432,890248,0.0,0.0
2026-02-06 14:20:00-05:00,1.4850000143051147,1.4900000095367432,1.4800000190734863,1.4850000143051147,97981,0.0,0.0
2026-02-06 14:25:00-05:00,1.4800000190734863,1.4900000095367432,1.4800000190734863,1.4800000190734863,166164,0.0,0.0
2026-02-06 14:30:00-05:00,1.4800000190734863,1.5,1.4800000190734863,1.4950000047683716,995515,0.0,0.0
2026-02-06 14:35:00-05:00,1.4950000047683716,1.5,1.4900000095367432,1.4945000410079956,147041,0.0,0.0
2026-02-06 14:40:00-05:00,1.4950000047683716,1.5,1.4900000095367432,1.4950000047683716,221711,0.0,0.0
2026-02-06 14:45:00-05:00,1.4905999898910522,1.5099999904632568,1.4900000095367432,1.500100016593933,802861,0.0,0.0
2026-02-06 14:50:00-05:00,1.5,1.5099999904632568,1.4900000095367432,1.5,965254,0.0,0.0
2026-02-06 14:55:00-05:00,1.5049999952316284,1.5099999904632568,1.5,1.5,247168,0.0,0.0
2026-02-06 15:00:00-05:00,1.5,1.5099999904632568,1.4900000095367432,1.4900000095367432,392326,0.0,0.0
2026-02-06 15:05:00-05:00,1.4950000047683716,1.5,1.4900000095367432,1.4900000095367432,235981,0.0,0.0
2026-02-06 15:10:00-05:00,1.4900000095367432,1.5,1.4900000095367432,1.4900000095367432,571145,0.0,0.0
2026-02-06 15:15:00-05:00,1.4900000095367432,1.5,1.4900000095367432,1.4900000095367432,341509,0.0,0.0
2026-02-06 15:20:00-05:00,1.4900000095367432,1.5,1.4900000095367432,1.493399977684021,527876,0.0,0.0
2026-02-06 15:25:00-05:00,1.4900000095367432,1.5,1.4900000095367432,1.493299961090088,469036,0.0,0.0
2026-02-06 15:30:00-05:00,1.4900000095367432,1.5,1.4900000095367432,1.493499994277954,378103,0.0,0.0
2026-02-06 15:35:00-05:00,1.5,1.5,1.4800000190734863,1.4850000143051147,223891,0.0,0.0
2026-02-06 15:40:00-05:00,1.4850000143051147,1.4900000095367432,1.4800000190734863,1.4850000143051147,252441,0.0,0.0
2026-02-06 15:45:00-05:00,1.4850000143051147,1.5,1.4800000190734863,1.4900000095367432,348334,0.0,0.0
2026-02-06 15:50:00-05:00,1.4950000047683716,1.5,1.4900000095367432,1.4950000047683716,221658,0.0,0.0
2026-02-06 15:55:00-05:00,1.4950000047683716,1.5099999904632568,1.4900000095367432,1.4900000095367432,990057,0.0,0.0
2026-02-09 09:30:00-05:00,1.440000057220459,1.4500000476837158,1.3700000047683716,1.3700000047683716,2935967,0.0,0.0
2026-02-09 09:35:00-05:00,1.3724000453948975,1.3899999856948853,1.3300000429153442,1.375,2392562,0.0,0.0
2026-02-09 09:40:00-05:00,1.3743000030517578,1.3799999952316284,1.3600000143051147,1.3698999881744385,631124,0.0,0.0
2026-02-09 09:45:00-05:00,1.3668999671936035,1.3799999952316284,1.350000023841858,1.350000023841858,958737,0.0,0.0
2026-02-09 09:50:00-05:00,1.3579000234603882,1.3600000143051147,1.350000023841858,1.3550000190734863,549634,0.0,0.0
2026-02-09 09:55:00-05:00,1.3589999675750732,1.3600000143051147,1.350000023841858,1.3569999933242798,546950,0.0,0.0
2026-02-09 10:00:00-05:00,1.3600000143051147,1.3700000047683716,1.340000033378601,1.3650000095367432,2175999,0.0,0.0
2026-02-09 10:05:00-05:00,1.3650000095367432,1.3799999952316284,1.3600000143051147,1.3700000047683716,1962120,0.0,0.0
2026-02-09 10:10:00-05:00,1.3665000200271606,1.3799999952316284,1.3600000143051147,1.3765000104904175,660783,0.0,0.0
2026-02-09 10:15:00-05:00,1.375,1.3899999856948853,1.3700000047683716,1.375,1766867,0.0,0.0
2026-02-09 10:20:00-05:00,1.375,1.3799999952316284,1.3700000047683716,1.3700000047683716,220958,0.0,0.0
2026-02-09 10:25:00-05:00,1.3799999952316284,1.3799999952316284,1.3600000143051147,1.375,750392,0.0,0.0
2026-02-09 10:30:00-05:00,1.3799999952316284,1.3799999952316284,1.3700000047683716,1.3700000047683716,255910,0.0,0.0
2026-02-09 10:35:00-05:00,1.375,1.3799999952316284,1.3700000047683716,1.375,103416,0.0,0.0
2026-02-09 10:40:00-05:00,1.375,1.3799999952316284,1.3700000047683716,1.375,156475,0.0,0.0
2026-02-09 10:45:00-05:00,1.375,1.3799999952316284,1.3700000047683716,1.375,158213,0.0,0.0
2026-02-09 10:50:00-05:00,1.375,1.3799999952316284,1.3700000047683716,1.3743000030517578,149888,0.0,0.0
2026-02-09 10:55:00-05:00,1.375,1.3799999952316284,1.3700000047683716,1.375,189986,0.0,0.0
2026-02-09 11:00:00-05:00,1.375,1.3799999952316284,1.3700000047683716,1.375,906516,0.0,0.0
2026-02-09 11:05:00-05:00,1.375,1.3799999952316284,1.3700000047683716,1.375,124915,0.0,0.0
2026-02-09 11:10:00-05:00,1.3798999786376953,1.3799999952316284,1.3700000047683716,1.375,273619,0.0,0.0
2026-02-09 11:15:00-05:00,1.375,1.3799999952316284,1.3600000143051147,1.375,820319,0.0,0.0
2026-02-09 11:20:00-05:00,1.375,1.3799999952316284,1.3700000047683716,1.3799999952316284,133612,0.0,0.0
2026-02-09 11:25:00-05:00,1.375,1.3799999952316284,1.3700000047683716,1.3798999786376953,101083,0.0,0.0
2026-02-09 11:30:00-05:00,1.3799999952316284,1.3799999952316284,1.3700000047683716,1.375,64883,0.0,0.0
2026-02-09 11:35:00-05:00,1.375,1.3799999952316284,1.3600000143051147,1.375,758910,0.0,0.0
2026-02-09 11:40:00-05:00,1.3700000047683716,1.3799999952316284,1.3700000047683716,1.375,97786,0.0,0.0
2026-02-09 11:45:00-05:00,1.3799999952316284,1.3799999952316284,1.3700000047683716,1.375,82113,0.0,0.0
2026-02-09 11:50:00-05:00,1.375,1.3799999952316284,1.3700000047683716,1.3700000047683716,72536,0.0,0.0
2026-02-09 11:55:00-05:00,1.3700000047683716,1.3799999952316284,1.3700000047683716,1.3798999786376953,136772,0.0,0.0
2026-02-09 12:00:00-05:00,1.3701000213623047,1.3799999952316284,1.3700000047683716,1.375,105597,0.0,0.0
2026-02-09 12:05:00-05:00,1.3789000511169434,1.3799999952316284,1.3700000047683716,1.375,343234,0.0,0.0
2026-02-09 12:10:00-05:00,1.375,1.3799999952316284,1.3700000047683716,1.375,1065081,0.0,0.0
2026-02-09 12:15:00-05:00,1.375,1.3799999952316284,1.3700000047683716,1.3799999952316284,98602,0.0,0.0
2026-02-09 12:20:00-05:00,1.3799999952316284,1.3799999952316284,1.3700000047683716,1.3701000213623047,284473,0.0,0.0
2026-02-09 12:25:00-05:00,1.3700000047683716,1.3799999952316284,1.3600000143051147,1.3650000095367432,400434,0.0,0.0
2026-02-09 12:30:00-05:00,1.3685369491577148,1.3700000047683716,1.3600000143051147,1.3650000095367432,307759,0.0,0.0
2026-02-09 12:35:00-05:00,1.3650000095367432,1.3700000047683716,1.3600000143051147,1.3698999881744385,451911,0.0,0.0
2026-02-09 12:40:00-05:00,1.3650000095367432,1.3700000047683716,1.350000023841858,1.3600000143051147,871974,0.0,0.0
2026-02-09 12:45:00-05:00,1.3650000095367432,1.3700000047683716,1.350000023841858,1.3550000190734863,734116,0.0,0.0
2026-02-09 12:50:00-05:00,1.3550000190734863,1.3600000143051147,1.350000023841858,1.3550000190734863,338186,0.0,0.0
2026-02-09 12:55:00-05:00,1.3551000356674194,1.3700000047683716,1.350000023841858,1.3550000190734863,1587853,0.0,0.0
2026-02-09 13:00:00-05:00,1.3550000190734863,1.3600000143051147,1.350000023841858,1.3600000143051147,372666,0.0,0.0
2026-02-09 13:05:00-05:00,1.3600000143051147,1.3700000047683716,1.350000023841858,1.3650000095367432,634219,0.0,0.0
2026-02-09 13:10:00-05:00,1.3600000143051147,1.3700000047683716,1.3600000143051147,1.3650000095367432,63761,0.0,0.0
2026-02-09 13:15:00-05:00,1.3600000143051147,1.3700000047683716,1.3600000143051147,1.3650000095367432,83378,0.0,0.0
2026-02-09 13:20:00-05:00,1.3696000576019287,1.3700000047683716,1.350000023841858,1.3550000190734863,459895,0.0,0.0
2026-02-09 13:25:00-05:00,1.3550000190734863,1.3600000143051147,1.350000023841858,1.350000023841858,521979,0.0,0.0
2026-02-09 13:30:00-05:00,1.3560999631881714,1.3600000143051147,1.350000023841858,1.3550000190734863,679833,0.0,0.0
2026-02-09 13:35:00-05:00,1.350000023841858,1.3600000143051147,1.350000023841858,1.350100040435791,320589,0.0,0.0
2026-02-09 13:40:00-05:00,1.350000023841858,1.3600000143051147,1.340000033378601,1.3450000286102295,1202226,0.0,0.0
2026-02-09 13:45:00-05:00,1.3450000286102295,1.3600000143051147,1.3450000286102295,1.3551000356674194,677608,0.0,0.0
2026-02-09 13:50:00-05:00,1.350000023841858,1.3600000143051147,1.350000023841858,1.3600000143051147,83176,0.0,0.0
2026-02-09 13:55:00-05:00,1.3594000339508057,1.3600000143051147,1.350000023841858,1.354099988937378,81170,0.0,0.0
2026-02-09 14:00:00-05:00,1.3594000339508057,1.3600000143051147,1.350000023841858,1.3598999977111816,79634,0.0,0.0
2026-02-09 14:05:00-05:00,1.3550000190734863,1.3600000143051147,1.350000023841858,1.3550000190734863,204458,0.0,0.0
2026-02-09 14:10:00-05:00,1.3550000190734863,1.3600000143051147,1.350000023841858,1.350000023841858,101042,0.0,0.0
2026-02-09 14:15:00-05:00,1.3600000143051147,1.3600000143051147,1.350000023841858,1.3600000143051147,82868,0.0,0.0
2026-02-09 14:20:00-05:00,1.3550000190734863,1.3600000143051147,1.350000023841858,1.3550000190734863,72191,0.0,0.0
2026-02-09 14:25:00-05:00,1.3550000190734863,1.3600000143051147,1.350000023841858,1.3550000190734863,391027,0.0,0.0
2026-02-09 14:30:00-05:00,1.3600000143051147,1.3600000143051147,1.350000023841858,1.3600000143051147,100260,0.0,0.0
2026-02-09 14:35:00-05:00,1.3550000190734863,1.3600000143051147,1.350000023841858,1.350000023841858,212934,0.0,0.0
2026-02-09 14:40:00-05:00,1.350000023841858,1.3600000143051147,1.350000023841858,1.350000023841858,192896,0.0,0.0
2026-02-09 14:45:00-05:00,1.350000023841858,1.3600000143051147,1.350000023841858,1.350000023841858,389805,0.0,0.0
2026-02-09 14:50:00-05:00,1.3550000190734863,1.3600000143051147,1.350000023841858,1.350100040435791,185442,0.0,0.0
2026-02-09 14:55:00-05:00,1.3569999933242798,1.3600000143051147,1.350000023841858,1.3509999513626099,320969,0.0,0.0
2026-02-09 15:00:00-05:00,1.350100040435791,1.3600000143051147,1.350000023841858,1.3550000190734863,263687,0.0,0.0
2026-02-09 15:05:00-05:00,1.3550000190734863,1.3600000143051147,1.350000023841858,1.3550000190734863,215432,0.0,0.0
2026-02-09 15:10:00-05:00,1.3600000143051147,1.3600000143051147,1.350000023841858,1.350000023841858,65638,0.0,0.0
2026-02-09 15:15:00-05:00,1.3550000190734863,1.3600000143051147,1.350000023841858,1.3600000143051147,194640,0.0,0.0
2026-02-09 15:20:00-05:00,1.3550000190734863,1.3600000143051147,1.350000023841858,1.350000023841858,182868,0.0,0.0
2026-02-09 15:25:00-05:00,1.3550000190734863,1.3600000143051147,1.350000023841858,1.350000023841858,80012,0.0,0.0
2026-02-09 15:30:00-05:00,1.350000023841858,1.3600000143051147,1.350000023841858,1.3550000190734863,134238,0.0,0.0
2026-02-09 15:35:00-05:00,1.350100040435791,1.3600000143051147,1.350000023841858,1.3600000143051147,132414,0.0,0.0
2026-02-09 15:40:00-05:00,1.3600000143051147,1.3600000143051147,1.350000023841858,1.3550000190734863,130546,0.0,0.0
2026-02-09 15:45:00-05:00,1.350000023841858,1.3600000143051147,1.350000023841858,1.3573999404907227,300284,0.0,0.0
2026-02-09 15:50:00-05:00,1.3550000190734863,1.3600000143051147,1.350000023841858,1.3550000190734863,287666,0.0,0.0
2026-02-09 15:55:00-05:00,1.3550000190734863,1.3600000143051147,1.340000033378601,1.3450000286102295,1465477,0.0,0.0
2026-02-10 09:30:00-05:00,1.350000023841858,1.3600000143051147,1.340000033378601,1.3450000286102295,1229740,0.0,0.0
2026-02-10 09:35:00-05:00,1.350000023841858,1.350000023841858,1.340000033378601,1.347000002861023,368847,0.0,0.0
2026-02-10 09:40:00-05:00,1.340000033378601,1.350000023841858,1.340000033378601,1.340000033378601,140665,0.0,0.0
2026-02-10 09:45:00-05:00,1.3485000133514404,1.350000023841858,1.340000033378601,1.3450000286102295,126599,0.0,0.0
2026-02-10 09:50:00-05:00,1.3450000286102295,1.350000023841858,1.340000033378601,1.3401000499725342,729782,0.0,0.0
2026-02-10 09:55:00-05:00,1.340000033378601,1.340000033378601,1.3300000429153442,1.3350000381469727,636193,0.0,0.0
2026-02-10 10:00:00-05:00,1.3350000381469727,1.340000033378601,1.3300000429153442,1.3300000429153442,223507,0.0,0.0
2026-02-10 10:05:00-05:00,1.3350000381469727,1.340000033378601,1.3300000429153442,1.3350000381469727,409968,0.0,0.0
2026-02-10 10:10:00-05:00,1.3350000381469727,1.340000033378601,1.3300000429153442,1.3350000381469727,243137,0.0,0.0
2026-02-10 10:15:00-05:00,1.3396999835968018,1.3450000286102295,1.3300000429153442,1.3450000286102295,1039257,0.0,0.0
2026-02-10 10:20:00-05:00,1.3450000286102295,1.350000023841858,1.340000033378601,1.3450000286102295,433512,0.0,0.0
2026-02-10 10:25:00-05:00,1.3450000286102295,1.3550000190734863,1.340000033378601,1.3489999771118164,365067,0.0,0.0
2026-02-10 10:30:00-05:00,1.350000023841858,1.3700000047683716,1.3401000499725342,1.3650000095367432,624327,0.0,0.0
2026-02-10 10:35:00-05:00,1.3700000047683716,1.3700000047683716,1.3600000143051147,1.3650000095367432,413374,0.0,0.0
2026-02-10 10:40:00-05:00,1.3601000308990479,1.3700000047683716,1.3600000143051147,1.3650000095367432,362947,0.0,0.0
2026-02-10 10:45:00-05:00,1.3650000095367432,1.375,1.3600000143051147,1.3634999990463257,783852,0.0,0.0
2026-02-10 10:50:00-05:00,1.3634999990463257,1.3700000047683716,1.3600000143051147,1.3601000308990479,103076,0.0,0.0
2026-02-10 10:55:00-05:00,1.361799955368042,1.3700000047683716,1.350000023841858,1.3598999977111816,768209,0.0,0.0
2026-02-10 11:00:00-05:00,1.3600000143051147,1.3700000047683716,1.351099967956543,1.3696999549865723,1259592,0.0,0.0
2026-02-10 11:05:00-05:00,1.3700000047683716,1.3799999952316284,1.3600000143051147,1.3798999786376953,742595,0.0,0.0
2026-02-10 11:10:00-05:00,1.3701000213623047,1.3799999952316284,1.3700000047683716,1.3700000047683716,371876,0.0,0.0
2026-02-10 11:15:00-05:00,1.375,1.3899999856948853,1.3700000047683716,1.3849999904632568,696194,0.0,0.0
2026-02-10 11:20:00-05:00,1.3899999856948853,1.3899999856948853,1.3700000047683716,1.3700000047683716,482876,0.0,0.0
2026-02-10 11:25:00-05:00,1.375,1.3799999952316284,1.3700000047683716,1.3767999410629272,642567,0.0,0.0
2026-02-10 11:30:00-05:00,1.375,1.3799999952316284,1.3700000047683716,1.375,1235987,0.0,0.0
2026-02-10 11:35:00-05:00,1.3705999851226807,1.3799999952316284,1.3700000047683716,1.3799999952316284,408709,0.0,0.0
2026-02-10 11:40:00-05:00,1.3700000047683716,1.3899999856948853,1.3700000047683716,1.3849999904632568,636326,0.0,0.0
2026-02-10 11:45:00-05:00,1.3849999904632568,1.3899999856948853,1.3799999952316284,1.3849999904632568,67290,0.0,0.0
2026-02-10 11:50:00-05:00,1.3799999952316284,1.3899999856948853,1.3799999952316284,1.3899999856948853,104844,0.0,0.0
2026-02-10 11:55:00-05:00,1.3849999904632568,1.3899999856948853,1.3799999952316284,1.3849999904632568,168839,0.0,0.0
2026-02-10 12:00:00-05:00,1.3849999904632568,1.3899999856948853,1.3799999952316284,1.3801000118255615,157160,0.0,0.0
2026-02-10 12:05:00-05:00,1.3799999952316284,1.3899999856948853,1.3799999952316284,1.3849999904632568,87855,0.0,0.0
2026-02-10 12:10:00-05:00,1.3894000053405762,1.3899999856948853,1.3799999952316284,1.3898999691009521,36549,0.0,0.0
2026-02-10 12:15:00-05:00,1.3849999904632568,1.3899999856948853,1.3799999952316284,1.3865000009536743,104894,0.0,0.0
2026-02-10 12:20:00-05:00,1.3849999904632568,1.3899999856948853,1.3700000047683716,1.3759000301361084,215793,0.0,0.0
2026-02-10 12:25:00-05:00,1.3701000213623047,1.3799999952316284,1.3700000047683716,1.3704999685287476,92501,0.0,0.0
2026-02-10 12:30:00-05:00,1.3700000047683716,1.3799999952316284,1.3700000047683716,1.375,68778,0.0,0.0
2026-02-10 12:35:00-05:00,1.3798999786376953,1.3799999952316284,1.3700000047683716,1.3700000047683716,55809,0.0,0.0
2026-02-10 12:40:00-05:00,1.375,1.3799999952316284,1.3700000047683716,1.3700000047683716,29038,0.0,0.0
2026-02-10 12:45:00-05:00,1.3700000047683716,1.3799999952316284,1.3700000047683716,1.375,34271,0.0,0.0
2026-02-10 12:50:00-05:00,1.3700000047683716,1.3799999952316284,1.3700000047683716,1.375,70388,0.0,0.0
2026-02-10 12:55:00-05:00,1.375,1.3799999952316284,1.3700000047683716,1.3700000047683716,172847,0.0,0.0
2026-02-10 13:00:00-05:00,1.3700000047683716,1.3799999952316284,1.3700000047683716,1.3705999851226807,34960,0.0,0.0
2026-02-10 13:05:00-05:00,1.3703999519348145,1.3799999952316284,1.3700000047683716,1.375,87930,0.0,0.0
2026-02-10 13:10:00-05:00,1.3700000047683716,1.3700000047683716,1.340000033378601,1.340000033378601,466716,0.0,0.0
2026-02-10 13:15:00-05:00,1.3496999740600586,1.350000023841858,1.340000033378601,1.3494000434875488,241019,0.0,0.0
2026-02-10 13:20:00-05:00,1.3450000286102295,1.350000023841858,1.340000033378601,1.350000023841858,144388,0.0,0.0
2026-02-10 13:25:00-05:00,1.350000023841858,1.350000023841858,1.340000033378601,1.3450000286102295,72429,0.0,0.0
2026-02-10 13:30:00-05:00,1.3450000286102295,1.350000023841858,1.340000033378601,1.340000033378601,55604,0.0,0.0
2026-02-10 13:35:00-05:00,1.350000023841858,1.350000023841858,1.340000033378601,1.3450000286102295,245102,0.0,0.0
2026-02-10 13:40:00-05:00,1.350000023841858,1.350000023841858,1.340000033378601,1.3450000286102295,74921,0.0,0.0
2026-02-10 13:45:00-05:00,1.350000023841858,1.350000023841858,1.340000033378601,1.3450000286102295,40244,0.0,0.0
2026-02-10 13:50:00-05:00,1.3450000286102295,1.350000023841858,1.340000033378601,1.3450000286102295,101839,0.0,0.0
2026-02-10 13:55:00-05:00,1.3450000286102295,1.350000023841858,1.340000033378601,1.350000023841858,38628,0.0,0.0
2026-02-10 14:00:00-05:00,1.340000033378601,1.350000023841858,1.340000033378601,1.3450000286102295,72406,0.0,0.0
2026-02-10 14:05:00-05:00,1.3450000286102295,1.350000023841858,1.340000033378601,1.3450000286102295,20646,0.0,0.0
2026-02-10 14:10:00-05:00,1.350000023841858,1.350000023841858,1.340000033378601,1.350000023841858,28062,0.0,0.0
2026-02-10 14:15:00-05:00,1.350000023841858,1.3600000143051147,1.340000033378601,1.350000023841858,1149359,0.0,0.0
2026-02-10 14:20:00-05:00,1.3598999977111816,1.3600000143051147,1.350000023841858,1.3550000190734863,239335,0.0,0.0
2026-02-10 14:25:00-05:00,1.3569999933242798,1.3600000143051147,1.350000023841858,1.3550000190734863,54157,0.0,0.0
2026-02-10 14:30:00-05:00,1.350000023841858,1.3600000143051147,1.350000023841858,1.3543000221252441,51621,0.0,0.0
2026-02-10 14:35:00-05:00,1.3600000143051147,1.3600000143051147,1.350000023841858,1.3550000190734863,74870,0.0,0.0
2026-02-10 14:40:00-05:00,1.3600000143051147,1.3600000143051147,1.350000023841858,1.3586889505386353,66593,0.0,0.0
2026-02-10 14:45:00-05:00,1.3600000143051147,1.3600000143051147,1.350000023841858,1.3600000143051147,82806,0.0,0.0
2026-02-10 14:50:00-05:00,1.3550000190734863,1.3600000143051147,1.350000023841858,1.350000023841858,47298,0.0,0.0
2026-02-10 14:55:00-05:00,1.350000023841858,1.3600000143051147,1.350000023841858,1.3550000190734863,32019,0.0,0.0
2026-02-10 15:00:00-05:00,1.3550000190734863,1.3600000143051147,1.350000023841858,1.3550000190734863,168961,0.0,0.0
2026-02-10 15:05:00-05:00,1.350000023841858,1.3600000143051147,1.350000023841858,1.3550000190734863,50956,0.0,0.0
2026-02-10 15:10:00-05:00,1.3600000143051147,1.3600000143051147,1.350000023841858,1.3550000190734863,65113,0.0,0.0
2026-02-10 15:15:00-05:00,1.350000023841858,1.3600000143051147,1.350000023841858,1.350000023841858,56849,0.0,0.0
2026-02-10 15:20:00-05:00,1.3550000190734863,1.3594000339508057,1.350000023841858,1.3515000343322754,73144,0.0,0.0
2026-02-10 15:25:00-05:00,1.350000023841858,1.3600000143051147,1.350000023841858,1.3550000190734863,32626,0.0,0.0
2026-02-10 15:30:00-05:00,1.350000023841858,1.350000023841858,1.340000033378601,1.3450000286102295,292377,0.0,0.0
2026-02-10 15:35:00-05:00,1.3450000286102295,1.350000023841858,1.340000033378601,1.3450000286102295,103129,0.0,0.0
2026-02-10 15:40:00-05:00,1.350000023841858,1.350000023841858,1.340000033378601,1.3450000286102295,101780,0.0,0.0
2026-02-10 15:45:00-05:00,1.3450000286102295,1.350000023841858,1.340000033378601,1.3450000286102295,63245,0.0,0.0
2026-02-10 15:50:00-05:00,1.3450000286102295,1.350000023841858,1.340000033378601,1.3450000286102295,238797,0.0,0.0
2026-02-10 15:55:00-05:00,1.3450000286102295,1.350000023841858,1.340000033378601,1.3450000286102295,396363,0.0,0.0
2026-02-11 09:30:00-05:00,1.3300000429153442,1.339900016784668,1.309999942779541,1.315000057220459,1889439,0.0,0.0
2026-02-11 09:35:00-05:00,1.309999942779541,1.3200000524520874,1.2999999523162842,1.3199000358581543,1811654,0.0,0.0
2026-02-11 09:40:00-05:00,1.315000057220459,1.3200000524520874,1.309999942779541,1.3200000524520874,1165547,0.0,0.0
2026-02-11 09:45:00-05:00,1.3199000358581543,1.3200000524520874,1.309999942779541,1.3200000524520874,533001,0.0,0.0
2026-02-11 09:50:00-05:00,1.315000057220459,1.3200000524520874,1.2899999618530273,1.2999000549316406,1270720,0.0,0.0
2026-02-11 09:55:00-05:00,1.2999000549316406,1.2999999523162842,1.2799999713897705,1.284999966621399,1632981,0.0,0.0
2026-02-11 10:00:00-05:00,1.284999966621399,1.2899999618530273,1.2799999713897705,1.2899999618530273,505188,0.0,0.0
2026-02-11 10:05:00-05:00,1.2799999713897705,1.2899999618530273,1.2799999713897705,1.2799999713897705,1103850,0.0,0.0
2026-02-11 10:10:00-05:00,1.2799999713897705,1.2899999618530273,1.2799999713897705,1.2898999452590942,935361,0.0,0.0
2026-02-11 10:15:00-05:00,1.2799999713897705,1.2899999618530273,1.2799999713897705,1.284999966621399,461232,0.0,0.0
2026-02-11 10:20:00-05:00,1.2800999879837036,1.2899999618530273,1.2699999809265137,1.2776000499725342,989378,0.0,0.0
2026-02-11 10:25:00-05:00,1.2798999547958374,1.309999942779541,1.2798999547958374,1.3099000453948975,1883799,0.0,0.0
2026-02-11 10:30:00-05:00,1.3049999475479126,1.340000033378601,1.2999999523162842,1.3299000263214111,2151688,0.0,0.0
2026-02-11 10:35:00-05:00,1.3242000341415405,1.3300000429153442,1.2999999523162842,1.3049999475479126,1806509,0.0,0.0
2026-02-11 10:40:00-05:00,1.309999942779541,1.309999942779541,1.2899999618530273,1.2949999570846558,661711,0.0,0.0
2026-02-11 10:45:00-05:00,1.2999999523162842,1.2999999523162842,1.2899999618530273,1.2994999885559082,538998,0.0,0.0
2026-02-11 10:50:00-05:00,1.2949999570846558,1.2999999523162842,1.2899999618530273,1.2899999618530273,270042,0.0,0.0
2026-02-11 10:55:00-05:00,1.2949999570846558,1.309999942779541,1.2899999618530273,1.2999000549316406,3039811,0.0,0.0
2026-02-11 11:00:00-05:00,1.2971999645233154,1.309999942779541,1.2949999570846558,1.3049999475479126,675196,0.0,0.0
2026-02-11 11:05:00-05:00,1.3049999475479126,1.309999942779541,1.2999999523162842,1.3097000122070312,108574,0.0,0.0
2026-02-11 11:10:00-05:00,1.2999999523162842,1.309999942779541,1.2999999523162842,1.309999942779541,548781,0.0,0.0
2026-02-11 11:15:00-05:00,1.309999942779541,1.3200000524520874,1.3049999475479126,1.3150999546051025,1202017,0.0,0.0
2026-02-11 11:20:00-05:00,1.315000057220459,1.3200000524520874,1.309999942779541,1.311385989189148,168869,0.0,0.0
2026-02-11 11:25:00-05:00,1.315000057220459,1.3200000524520874,1.2999999523162842,1.315000057220459,1140567,0.0,0.0
2026-02-11 11:30:00-05:00,1.315000057220459,1.3200000524520874,1.3049999475479126,1.3099000453948975,360891,0.0,0.0
2026-02-11 11:35:00-05:00,1.3049999475479126,1.3200000524520874,1.2999999523162842,1.3049999475479126,1321925,0.0,0.0
2026-02-11 11:40:00-05:00,1.3049999475479126,1.309999942779541,1.2999999523162842,1.2999999523162842,466528,0.0,0.0
2026-02-11 11:45:00-05:00,1.2999999523162842,1.309999942779541,1.2899999618530273,1.2949999570846558,1433274,0.0,0.0
2026-02-11 11:50:00-05:00,1.2962000370025635,1.2999999523162842,1.2899999618530273,1.2899999618530273,1208013,0.0,0.0
2026-02-11 11:55:00-05:00,1.2999999523162842,1.2999999523162842,1.2899999618530273,1.2949999570846558,312212,0.0,0.0
2026-02-11 12:00:00-05:00,1.2900999784469604,1.2949999570846558,1.2799999713897705,1.284999966621399,895723,0.0,0.0
2026-02-11 12:05:00-05:00,1.284999966621399,1.2899999618530273,1.2799999713897705,1.284999966621399,294422,0.0,0.0
2026-02-11 12:10:00-05:00,1.2799999713897705,1.2899999618530273,1.2799999713897705,1.2897000312805176,408498,0.0,0.0
2026-02-11 12:15:00-05:00,1.2899999618530273,1.2999999523162842,1.2799999713897705,1.2900999784469604,1745070,0.0,0.0
2026-02-11 12:20:00-05:00,1.2949999570846558,1.2999999523162842,1.2899999618530273,1.2949999570846558,158425,0.0,0.0
2026-02-11 12:25:00-05:00,1.2932000160217285,1.2999999523162842,1.2899999618530273,1.2980999946594238,214535,0.0,0.0
2026-02-11 12:30:00-05:00,1.2949999570846558,1.2999999523162842,1.2799999713897705,1.2898999452590942,634080,0.0,0.0
2026-02-11 12:35:00-05:00,1.284999966621399,1.2899999618530273,1.2799999713897705,1.284999966621399,592896,0.0,0.0
2026-02-11 12:40:00-05:00,1.284999966621399,1.2899999618530273,1.2799999713897705,1.284999966621399,219468,0.0,0.0
2026-02-11 12:45:00-05:00,1.2800999879837036,1.2899999618530273,1.2799999713897705,1.284999966621399,113858,0.0,0.0
2026-02-11 12:50:00-05:00,1.284999966621399,1.2899999618530273,1.274999976158142,1.2799999713897705,902894,0.0,0.0
2026-02-11 12:55:00-05:00,1.2799999713897705,1.2899999618530273,1.2699999809265137,1.2799999713897705,915842,0.0,0.0
2026-02-11 13:00:00-05:00,1.274999976158142,1.2799999713897705,1.2699999809265137,1.274999976158142,371539,0.0,0.0
2026-02-11 13:05:00-05:00,1.274999976158142,1.2799999713897705,1.2599999904632568,1.274999976158142,959855,0.0,0.0
2026-02-11 13:10:00-05:00,1.2735999822616577,1.2799999713897705,1.2699999809265137,1.2766000032424927,199160,0.0,0.0
2026-02-11 13:15:00-05:00,1.2799999713897705,1.2799999713897705,1.2699999809265137,1.274999976158142,214561,0.0,0.0
2026-02-11 13:20:00-05:00,1.274999976158142,1.2799999713897705,1.2699999809265137,1.274999976158142,91073,0.0,0.0
2026-02-11 13:25:00-05:00,1.2699999809265137,1.2799999713897705,1.2699999809265137,1.274999976158142,193081,0.0,0.0
2026-02-11 13:30:00-05:00,1.2798999547958374,1.2799999713897705,1.2699999809265137,1.274999976158142,174697,0.0,0.0
2026-02-11 13:35:00-05:00,1.2752000093460083,1.2799999713897705,1.2699999809265137,1.2699999809265137,142310,0.0,0.0
2026-02-11 13:40:00-05:00,1.274999976158142,1.2899999618530273,1.2699999809265137,1.2899999618530273,1220365,0.0,0.0
2026-02-11 13:45:00-05:00,1.284999966621399,1.2899999618530273,1.2799999713897705,1.2899999618530273,368886,0.0,0.0
2026-02-11 13:50:00-05:00,1.2899999618530273,1.2899999618530273,1.2799999713897705,1.284999966621399,246844,0.0,0.0
2026-02-11 13:55:00-05:00,1.2861000299453735,1.2899999618530273,1.2799999713897705,1.284999966621399,135418,0.0,0.0
2026-02-11 14:00:00-05:00,1.284999966621399,1.2899999618530273,1.2799999713897705,1.2888000011444092,106998,0.0,0.0
2026-02-11 14:05:00-05:00,1.2899999618530273,1.2899999618530273,1.2799999713897705,1.2899999618530273,165979,0.0,0.0
2026-02-11 14:10:00-05:00,1.284999966621399,1.2899999618530273,1.2799999713897705,1.2884999513626099,112348,0.0,0.0
2026-02-11 14:15:00-05:00,1.2899999618530273,1.2999999523162842,1.2799999713897705,1.2949999570846558,517973,0.0,0.0
2026-02-11 14:20:00-05:00,1.2899999618530273,1.2999999523162842,1.2899999618530273,1.2999999523162842,83330,0.0,0.0
2026-02-11 14:25:00-05:00,1.2949999570846558,1.2999999523162842,1.2899999618530273,1.2913000583648682,133788,0.0,0.0
2026-02-11 14:30:00-05:00,1.2949999570846558,1.2999999523162842,1.2899999618530273,1.2949999570846558,70062,0.0,0.0
2026-02-11 14:35:00-05:00,1.2994999885559082,1.2999999523162842,1.2899999618530273,1.2949999570846558,175504,0.0,0.0
2026-02-11 14:40:00-05:00,1.2949999570846558,1.2999999523162842,1.2899999618530273,1.2949999570846558,139072,0.0,0.0
2026-02-11 14:45:00-05:00,1.2949999570846558,1.3200000524520874,1.2899999618530273,1.30649995803833,1336984,0.0,0.0
2026-02-11 14:50:00-05:00,1.2999999523162842,1.309999942779541,1.2999999523162842,1.3049999475479126,136144,0.0,0.0
2026-02-11 14:55:00-05:00,1.3049999475479126,1.309999942779541,1.2949999570846558,1.2999000549316406,479918,0.0,0.0
2026-02-11 15:00:00-05:00,1.2949999570846558,1.309999942779541,1.2899999618530273,1.309999942779541,227586,0.0,0.0
2026-02-11 15:05:00-05:00,1.3049999475479126,1.309999942779541,1.2949999570846558,1.2949999570846558,367521,0.0,0.0
2026-02-11 15:10:00-05:00,1.2949999570846558,1.2999999523162842,1.2899999618530273,1.2949999570846558,732018,0.0,0.0
2026-02-11 15:15:00-05:00,1.2949999570846558,1.2999999523162842,1.2899999618530273,1.2949999570846558,137961,0.0,0.0
2026-02-11 15:20:00-05:00,1.2999999523162842,1.2999999523162842,1.2899999618530273,1.2899999618530273,104711,0.0,0.0
2026-02-11 15:25:00-05:00,1.2949999570846558,1.2999999523162842,1.2899999618530273,1.2899999618530273,92085,0.0,0.0
2026-02-11 15:30:00-05:00,1.2899999618530273,1.2999999523162842,1.2799999713897705,1.2847000360488892,306431,0.0,0.0
2026-02-11 15:35:00-05:00,1.284999966621399,1.2899999618530273,1.2799999713897705,1.284999966621399,98371,0.0,0.0
2026-02-11 15:40:00-05:00,1.284999966621399,1.2899999618530273,1.2799999713897705,1.284999966621399,184096,0.0,0.0
2026-02-11 15:45:00-05:00,1.284999966621399,1.2899999618530273,1.2799999713897705,1.284999966621399,115015,0.0,0.0
2026-02-11 15:50:00-05:00,1.284999966621399,1.2899999618530273,1.2799999713897705,1.284999966621399,165057,0.0,0.0
2026-02-11 15:55:00-05:00,1.284999966621399,1.2899999618530273,1.2699999809265137,1.2799999713897705,742695,0.0,0.0
2026-02-12 09:30:00-05:00,1.2699999809265137,1.2994999885559082,1.2699999809265137,1.284999966621399,822270,0.0,0.0
2026-02-12 09:35:00-05:00,1.2890000343322754,1.2999999523162842,1.2699999809265137,1.2949999570846558,1130506,0.0,0.0
2026-02-12 09:40:00-05:00,1.2949999570846558,1.2949999570846558,1.2699999809265137,1.2799999713897705,1451331,0.0,0.0
2026-02-12 09:45:00-05:00,1.274999976158142,1.2899999618530273,1.2700999975204468,1.281999945640564,2295773,0.0,0.0
2026-02-12 09:50:00-05:00,1.284999966621399,1.2899999618530273,1.2699999809265137,1.284999966621399,1806204,0.0,0.0
2026-02-12 09:55:00-05:00,1.284999966621399,1.2899999618530273,1.2599999904632568,1.2699999809265137,1716280,0.0,0.0
2026-02-12 10:00:00-05:00,1.2699999809265137,1.2699999809265137,1.2599999904632568,1.2649999856948853,1768997,0.0,0.0
2026-02-12 10:05:00-05:00,1.2649999856948853,1.2699999809265137,1.2599999904632568,1.2699999809265137,231355,0.0,0.0
2026-02-12 10:10:00-05:00,1.2699999809265137,1.2699999809265137,1.25,1.2699999809265137,2851481,0.0,0.0
2026-02-12 10:15:00-05:00,1.2699999809265137,1.2799999713897705,1.2649999856948853,1.269700050354004,2410522,0.0,0.0
2026-02-12 10:20:00-05:00,1.269700050354004,1.2699999809265137,1.2599999904632568,1.2649999856948853,1971249,0.0,0.0
2026-02-12 10:25:00-05:00,1.2699999809265137,1.2699999809265137,1.2599999904632568,1.2649999856948853,343617,0.0,0.0
2026-02-12 10:30:00-05:00,1.2699999809265137,1.2699999809265137,1.2599999904632568,1.2699999809265137,168791,0.0,0.0
2026-02-12 10:35:00-05:00,1.2599999904632568,1.2699999809265137,1.2599999904632568,1.26010000705719,149882,0.0,0.0
2026-02-12 10:40:00-05:00,1.2649999856948853,1.2699999809265137,1.25,1.2549999952316284,386482,0.0,0.0
2026-02-12 10:45:00-05:00,1.2549999952316284,1.2599999904632568,1.25,1.2599999904632568,1244870,0.0,0.0
2026-02-12 10:50:00-05:00,1.2599999904632568,1.2599999904632568,1.25,1.2549999952316284,473387,0.0,0.0
2026-02-12 10:55:00-05:00,1.2599999904632568,1.2599999904632568,1.25,1.2545000314712524,391863,0.0,0.0
2026-02-12 11:00:00-05:00,1.2549999952316284,1.2599999904632568,1.25,1.2598999738693237,251736,0.0,0.0
2026-02-12 11:05:00-05:00,1.2549999952316284,1.2599999904632568,1.2400000095367432,1.2549999952316284,1209533,0.0,0.0
2026-02-12 11:10:00-05:00,1.2549999952316284,1.2599999904632568,1.25,1.25,277497,0.0,0.0
2026-02-12 11:15:00-05:00,1.2549999952316284,1.2599999904632568,1.25,1.2549999952316284,372499,0.0,0.0
2026-02-12 11:20:00-05:00,1.2549999952316284,1.2599999904632568,1.25,1.2549999952316284,566090,0.0,0.0
2026-02-12 11:25:00-05:00,1.2584999799728394,1.2599999904632568,1.25,1.2549999952316284,255077,0.0,0.0
2026-02-12 11:30:00-05:00,1.2549999952316284,1.2599999904632568,1.25,1.25,168850,0.0,0.0
2026-02-12 11:35:00-05:00,1.2549999952316284,1.2599999904632568,1.25,1.2599999904632568,255515,0.0,0.0
2026-02-12 11:40:00-05:00,1.2599999904632568,1.2599999904632568,1.25,1.2549999952316284,195512,0.0,0.0
2026-02-12 11:45:00-05:00,1.2549999952316284,1.2599999904632568,1.25,1.2599999904632568,178008,0.0,0.0
2026-02-12 11:50:00-05:00,1.25,1.2599999904632568,1.25,1.253499984741211,365399,0.0,0.0
2026-02-12 11:55:00-05:00,1.2549999952316284,1.2599999904632568,1.25,1.2549999952316284,117993,0.0,0.0
2026-02-12 12:00:00-05:00,1.25,1.2599999904632568,1.25,1.2549999952316284,177860,0.0,0.0
2026-02-12 12:05:00-05:00,1.2599999904632568,1.2599999904632568,1.25,1.2549999952316284,244736,0.0,0.0
2026-02-12 12:10:00-05:00,1.2599999904632568,1.2599999904632568,1.25,1.2549999952316284,300353,0.0,0.0
2026-02-12 12:15:00-05:00,1.2549999952316284,1.2599999904632568,1.25,1.2599999904632568,163434,0.0,0.0
2026-02-12 12:20:00-05:00,1.2599999904632568,1.2599999904632568,1.25,1.2549999952316284,190660,0.0,0.0
2026-02-12 12:25:00-05:00,1.2549999952316284,1.2599999904632568,1.25,1.2599999904632568,128889,0.0,0.0
2026-02-12 12:30:00-05:00,1.2549999952316284,1.2599999904632568,1.25,1.2599999904632568,115064,0.0,0.0
2026-02-12 12:35:00-05:00,1.2549999952316284,1.2699999809265137,1.25,1.2549999952316284,769479,0.0,0.0
2026-02-12 12:40:00-05:00,1.2549999952316284,1.2599999904632568,1.25,1.2549999952316284,183102,0.0,0.0
2026-02-12 12:45:00-05:00,1.2549999952316284,1.2599999904632568,1.2400000095367432,1.2599999904632568,1365885,0.0,0.0
2026-02-12 12:50:00-05:00,1.2599999904632568,1.2599999904632568,1.2400000095367432,1.2467999458312988,4019400,0.0,0.0
2026-02-12 12:55:00-05:00,1.2497999668121338,1.25,1.2400000095367432,1.25,554837,0.0,0.0
2026-02-12 13:00:00-05:00,1.2450000047683716,1.25,1.2400000095367432,1.2400000095367432,377228,0.0,0.0
2026-02-12 13:05:00-05:00,1.2450000047683716,1.25,1.2400000095367432,1.2450000047683716,96975,0.0,0.0
2026-02-12 13:10:00-05:00,1.2400000095367432,1.25,1.2400000095367432,1.2450000047683716,164252,0.0,0.0
2026-02-12 13:15:00-05:00,1.2450000047683716,1.25,1.2400000095367432,1.2450000047683716,171455,0.0,0.0
2026-02-12 13:20:00-05:00,1.2450000047683716,1.2599999904632568,1.2400000095367432,1.2549999952316284,1392261,0.0,0.0
2026-02-12 13:25:00-05:00,1.2549999952316284,1.2599999904632568,1.2400000095367432,1.2549999952316284,2035364,0.0,0.0
2026-02-12 13:30:00-05:00,1.2549999952316284,1.2599999904632568,1.2400000095367432,1.25,2354229,0.0,0.0
2026-02-12 13:35:00-05:00,1.25,1.25,1.2400000095367432,1.2450000047683716,320993,0.0,0.0
2026-02-12 13:40:00-05:00,1.25,1.25,1.2400000095367432,1.25,115579,0.0,0.0
2026-02-12 13:45:00-05:00,1.25,1.25,1.2400000095367432,1.25,119111,0.0,0.0
2026-02-12 13:50:00-05:00,1.25,1.25,1.2400000095367432,1.25,258727,0.0,0.0
2026-02-12 13:55:00-05:00,1.25,1.25,1.2400000095367432,1.2450000047683716,168653,0.0,0.0
2026-02-12 14:00:00-05:00,1.25,1.25,1.2400000095367432,1.2450000047683716,150157,0.0,0.0
2026-02-12 14:05:00-05:00,1.2450000047683716,1.25,1.2400000095367432,1.2450000047683716,119361,0.0,0.0
2026-02-12 14:10:00-05:00,1.25,1.25,1.2400000095367432,1.2450000047683716,422632,0.0,0.0
2026-02-12 14:15:00-05:00,1.2450000047683716,1.25,1.2400000095367432,1.2450000047683716,153503,0.0,0.0
2026-02-12 14:20:00-05:00,1.2450000047683716,1.25,1.2400000095367432,1.246999979019165,230998,0.0,0.0
2026-02-12 14:25:00-05:00,1.25,1.25,1.2400000095367432,1.2450000047683716,129820,0.0,0.0
2026-02-12 14:30:00-05:00,1.25,1.25,1.2400000095367432,1.2400000095367432,204991,0.0,0.0
2026-02-12 14:35:00-05:00,1.2450000047683716,1.25,1.2300000190734863,1.2300000190734863,609352,0.0,0.0
2026-02-12 14:40:00-05:00,1.2350000143051147,1.2400000095367432,1.2200000286102295,1.2350000143051147,1665733,0.0,0.0
2026-02-12 14:45:00-05:00,1.2350000143051147,1.2400000095367432,1.2300000190734863,1.2400000095367432,399653,0.0,0.0
2026-02-12 14:50:00-05:00,1.2300000190734863,1.2400000095367432,1.2300000190734863,1.2350000143051147,148471,0.0,0.0
2026-02-12 14:55:00-05:00,1.2400000095367432,1.2400000095367432,1.2300000190734863,1.2350000143051147,214412,0.0,0.0
2026-02-12 15:00:00-05:00,1.2350000143051147,1.2400000095367432,1.2300000190734863,1.2350000143051147,152672,0.0,0.0
2026-02-12 15:05:00-05:00,1.2400000095367432,1.2400000095367432,1.2300000190734863,1.2350000143051147,135695,0.0,0.0
2026-02-12 15:10:00-05:00,1.2350000143051147,1.2400000095367432,1.2300000190734863,1.2350000143051147,322601,0.0,0.0
2026-02-12 15:15:00-05:00,1.2300000190734863,1.2400000095367432,1.2300000190734863,1.2350000143051147,157670,0.0,0.0
2026-02-12 15:20:00-05:00,1.2350000143051147,1.2400000095367432,1.2200000286102295,1.225000023841858,320210,0.0,0.0
2026-02-12 15:25:00-05:00,1.2300000190734863,1.2300000190734863,1.2200000286102295,1.225000023841858,128966,0.0,0.0
2026-02-12 15:30:00-05:00,1.225000023841858,1.2300000190734863,1.2200000286102295,1.225000023841858,178684,0.0,0.0
2026-02-12 15:35:00-05:00,1.2295000553131104,1.2300000190734863,1.2200000286102295,1.2200000286102295,195664,0.0,0.0
2026-02-12 15:40:00-05:00,1.225000023841858,1.2300000190734863,1.2200000286102295,1.2300000190734863,159707,0.0,0.0
2026-02-12 15:45:00-05:00,1.225000023841858,1.2300000190734863,1.2100000381469727,1.2200000286102295,421918,0.0,0.0
2026-02-12 15:50:00-05:00,1.215000033378601,1.2200000286102295,1.2100000381469727,1.215000033378601,366516,0.0,0.0
2026-02-12 15:55:00-05:00,1.215000033378601,1.2200000286102295,1.2100000381469727,1.218000054359436,895956,0.0,0.0
2026-02-13 09:30:00-05:00,1.2300000190734863,1.2750999927520752,1.2300000190734863,1.2617000341415405,1189036,0.0,0.0
2026-02-13 09:35:00-05:00,1.2681000232696533,1.309999942779541,1.2599999904632568,1.3049999475479126,1706361,0.0,0.0
2026-02-13 09:40:00-05:00,1.306399941444397,1.3300000429153442,1.2999999523162842,1.3209999799728394,1287531,0.0,0.0
2026-02-13 09:45:00-05:00,1.3250000476837158,1.3300000429153442,1.2999999523162842,1.3099000453948975,1729460,0.0,0.0
2026-02-13 09:50:00-05:00,1.3049999475479126,1.3200000524520874,1.2999999523162842,1.3049999475479126,1307742,0.0,0.0
2026-02-13 09:55:00-05:00,1.3049999475479126,1.3200000524520874,1.2899999618530273,1.2899999618530273,1880133,0.0,0.0
2026-02-13 10:00:00-05:00,1.2949999570846558,1.3049999475479126,1.2799999713897705,1.3049999475479126,1529434,0.0,0.0
2026-02-13 10:05:00-05:00,1.3049999475479126,1.3077000379562378,1.2899999618530273,1.2949999570846558,1093153,0.0,0.0
2026-02-13 10:10:00-05:00,1.2999999523162842,1.3049999475479126,1.2799999713897705,1.284999966621399,1994798,0.0,0.0
2026-02-13 10:15:00-05:00,1.284999966621399,1.2899999618530273,1.2699999809265137,1.2736999988555908,879680,0.0,0.0
2026-02-13 10:20:00-05:00,1.2699999809265137,1.2799999713897705,1.2699999809265137,1.274999976158142,387901,0.0,0.0
2026-02-13 10:25:00-05:00,1.2799999713897705,1.2799999713897705,1.2699999809265137,1.2699999809265137,174247,0.0,0.0
2026-02-13 10:30:00-05:00,1.274999976158142,1.2899999618530273,1.2699999809265137,1.2871999740600586,949600,0.0,0.0
2026-02-13 10:35:00-05:00,1.284999966621399,1.2899999618530273,1.2799999713897705,1.2839000225067139,236702,0.0,0.0
2026-02-13 10:40:00-05:00,1.2800999879837036,1.2899999618530273,1.2699999809265137,1.274999976158142,1529858,0.0,0.0
2026-02-13 10:45:00-05:00,1.274999976158142,1.2799999713897705,1.2599999904632568,1.2649999856948853,1312768,0.0,0.0
2026-02-13 10:50:00-05:00,1.2649999856948853,1.2699999809265137,1.2599999904632568,1.2649999856948853,162132,0.0,0.0
2026-02-13 10:55:00-05:00,1.2599999904632568,1.2699999809265137,1.2599999904632568,1.2699999809265137,177793,0.0,0.0
2026-02-13 11:00:00-05:00,1.2599999904632568,1.2799999713897705,1.2599999904632568,1.2699999809265137,428337,0.0,0.0
2026-02-13 11:05:00-05:00,1.274999976158142,1.2899999618530273,1.2699999809265137,1.284999966621399,560220,0.0,0.0
2026-02-13 11:10:00-05:00,1.284999966621399,1.2899999618530273,1.2699999809265137,1.2899999618530273,2064612,0.0,0.0
2026-02-13 11:15:00-05:00,1.2899999618530273,1.2899999618530273,1.2799999713897705,1.2898999452590942,173850,0.0,0.0
2026-02-13 11:20:00-05:00,1.2899999618530273,1.2999999523162842,1.2799999713897705,1.2999999523162842,843463,0.0,0.0
2026-02-13 11:25:00-05:00,1.2999999523162842,1.2999999523162842,1.2899999618530273,1.294800043106079,359141,0.0,0.0
2026-02-13 11:30:00-05:00,1.2949999570846558,1.2999999523162842,1.2899999618530273,1.2949999570846558,1149488,0.0,0.0
2026-02-13 11:35:00-05:00,1.2899999618530273,1.2949999570846558,1.2799999713897705,1.284999966621399,681834,0.0,0.0
2026-02-13 11:40:00-05:00,1.2799999713897705,1.2899999618530273,1.2799999713897705,1.2898000478744507,1343858,0.0,0.0
2026-02-13 11:45:00-05:00,1.284999966621399,1.2899999618530273,1.2799999713897705,1.2899999618530273,222033,0.0,0.0
2026-02-13 11:50:00-05:00,1.2799999713897705,1.2999999523162842,1.2799999713897705,1.2949999570846558,1628080,0.0,0.0
2026-02-13 11:55:00-05:00,1.2949999570846558,1.2999999523162842,1.2899999618530273,1.2899999618530273,324951,0.0,0.0
2026-02-13 12:00:00-05:00,1.295799970626831,1.2999999523162842,1.2799999713897705,1.2899999618530273,581707,0.0,0.0
2026-02-13 12:05:00-05:00,1.284999966621399,1.2899999618530273,1.2799999713897705,1.2800999879837036,702718,0.0,0.0
2026-02-13 12:10:00-05:00,1.2803000211715698,1.2899999618530273,1.2799999713897705,1.284999966621399,356986,0.0,0.0
2026-02-13 12:15:00-05:00,1.284999966621399,1.2899999618530273,1.2799999713897705,1.2799999713897705,192827,0.0,0.0
2026-02-13 12:20:00-05:00,1.2799999713897705,1.2999999523162842,1.2799999713897705,1.2949999570846558,971770,0.0,0.0
2026-02-13 12:25:00-05:00,1.2949999570846558,1.2949999570846558,1.2799999713897705,1.2897000312805176,1211714,0.0,0.0
2026-02-13 12:30:00-05:00,1.284999966621399,1.2899999618530273,1.2799999713897705,1.2799999713897705,342957,0.0,0.0
2026-02-13 12:35:00-05:00,1.284999966621399,1.2899999618530273,1.2799999713897705,1.287500023841858,71970,0.0,0.0
2026-02-13 12:40:00-05:00,1.2799999713897705,1.2899999618530273,1.2799999713897705,1.284999966621399,164507,0.0,0.0
2026-02-13 12:45:00-05:00,1.284999966621399,1.2899999618530273,1.2699999809265137,1.270300030708313,542744,0.0,0.0
2026-02-13 12:50:00-05:00,1.2699999809265137,1.2799999713897705,1.2699999809265137,1.2699999809265137,1302052,0.0,0.0
2026-02-13 12:55:00-05:00,1.2798999547958374,1.2799999713897705,1.2699999809265137,1.2699999809265137,170967,0.0,0.0
2026-02-13 13:00:00-05:00,1.274999976158142,1.2799999713897705,1.263800024986267,1.2702000141143799,1111200,0.0,0.0
2026-02-13 13:05:00-05:00,1.2764999866485596,1.2799999713897705,1.2699999809265137,1.2799999713897705,90956,0.0,0.0
2026-02-13 13:10:00-05:00,1.2799999713897705,1.2899999618530273,1.2699999809265137,1.2699999809265137,385318,0.0,0.0
2026-02-13 13:15:00-05:00,1.2699999809265137,1.2799999713897705,1.2699999809265137,1.2785999774932861,174831,0.0,0.0
2026-02-13 13:20:00-05:00,1.2700999975204468,1.2899999618530273,1.2699999809265137,1.284999966621399,732259,0.0,0.0
2026-02-13 13:25:00-05:00,1.2800999879837036,1.284999966621399,1.2699999809265137,1.274999976158142,663817,0.0,0.0
2026-02-13 13:30:00-05:00,1.2699999809265137,1.2799999713897705,1.2699999809265137,1.2799999713897705,298352,0.0,0.0
2026-02-13 13:35:00-05:00,1.2699999809265137,1.2799999713897705,1.2699999809265137,1.2798999547958374,89721,0.0,0.0
2026-02-13 13:40:00-05:00,1.2799999713897705,1.2799999713897705,1.2699999809265137,1.274999976158142,228848,0.0,0.0
2026-02-13 13:45:00-05:00,1.2699999809265137,1.2799999713897705,1.2699999809265137,1.2799999713897705,111326,0.0,0.0
2026-02-13 13:50:00-05:00,1.2760000228881836,1.2799999713897705,1.2699999809265137,1.274999976158142,104362,0.0,0.0
2026-02-13 13:55:00-05:00,1.274999976158142,1.2799999713897705,1.2699999809265137,1.274999976158142,112321,0.0,0.0
2026-02-13 14:00:00-05:00,1.2750999927520752,1.2799999713897705,1.2699999809265137,1.274999976158142,156104,0.0,0.0
2026-02-13 14:05:00-05:00,1.2699999809265137,1.2799999713897705,1.2649999856948853,1.274999976158142,317667,0.0,0.0
2026-02-13 14:10:00-05:00,1.2799999713897705,1.2799999713897705,1.2599999904632568,1.274999976158142,773676,0.0,0.0
2026-02-13 14:15:00-05:00,1.274999976158142,1.2799999713897705,1.2699999809265137,1.274999976158142,163501,0.0,0.0
2026-02-13 14:20:00-05:00,1.274999976158142,1.2799999713897705,1.2699999809265137,1.2699999809265137,190200,0.0,0.0
2026-02-13 14:25:00-05:00,1.2699999809265137,1.2740000486373901,1.2599999904632568,1.2649999856948853,1460040,0.0,0.0
2026-02-13 14:30:00-05:00,1.2649999856948853,1.2699999809265137,1.2599999904632568,1.26010000705719,221036,0.0,0.0
2026-02-13 14:35:00-05:00,1.2649999856948853,1.2699999809265137,1.2599999904632568,1.2699999809265137,128501,0.0,0.0
2026-02-13 14:40:00-05:00,1.2599999904632568,1.2699999809265137,1.2599999904632568,1.2599999904632568,133761,0.0,0.0
2026-02-13 14:45:00-05:00,1.2699999809265137,1.2699999809265137,1.25,1.2598999738693237,221071,0.0,0.0
2026-02-13 14:50:00-05:00,1.2549999952316284,1.2699999809265137,1.25,1.2599999904632568,731699,0.0,0.0
2026-02-13 14:55:00-05:00,1.2599999904632568,1.2661000490188599,1.25,1.25,702629,0.0,0.0
2026-02-13 15:00:00-05:00,1.2559000253677368,1.2599999904632568,1.25,1.2533999681472778,258855,0.0,0.0
2026-02-13 15:05:00-05:00,1.2599999904632568,1.2599999904632568,1.25,1.2599999904632568,107053,0.0,0.0
2026-02-13 15:10:00-05:00,1.2549999952316284,1.2599999904632568,1.2400000095367432,1.2402000427246094,461268,0.0,0.0
2026-02-13 15:15:00-05:00,1.2450000047683716,1.25,1.2400000095367432,1.2450000047683716,108408,0.0,0.0
2026-02-13 15:20:00-05:00,1.2466000318527222,1.2599999904632568,1.2400000095367432,1.2599999904632568,327396,0.0,0.0
2026-02-13 15:25:00-05:00,1.2599999904632568,1.2599999904632568,1.2400000095367432,1.2450000047683716,202053,0.0,0.0
2026-02-13 15:30:00-05:00,1.25,1.25,1.2400000095367432,1.2400000095367432,126250,0.0,0.0
2026-02-13 15:35:00-05:00,1.2450000047683716,1.25,1.2400000095367432,1.246899962425232,88350,0.0,0.0
2026-02-13 15:40:00-05:00,1.2450000047683716,1.25,1.2400000095367432,1.2450000047683716,114966,0.0,0.0
2026-02-13 15:45:00-05:00,1.2450000047683716,1.25,1.2400000095367432,1.2450000047683716,223164,0.0,0.0
2026-02-13 15:50:00-05:00,1.2400000095367432,1.25,1.2400000095367432,1.2450000047683716,225462,0.0,0.0
2026-02-13 15:55:00-05:00,1.2400000095367432,1.25,1.2300000190734863,1.2350000143051147,1043224,0.0,0.0
2026-02-17 09:30:00-05:00,1.25,1.2799999713897705,1.25,1.2549999952316284,2479641,0.0,0.0
2026-02-17 09:35:00-05:00,1.2592999935150146,1.2799999713897705,1.25,1.2685999870300293,1465649,0.0,0.0
2026-02-17 09:40:00-05:00,1.2657999992370605,1.2699999809265137,1.25,1.2549999952316284,1974201,0.0,0.0
2026-02-17 09:45:00-05:00,1.2599999904632568,1.2599999904632568,1.25,1.25,527619,0.0,0.0
2026-02-17 09:50:00-05:00,1.2549999952316284,1.2599999904632568,1.2400000095367432,1.250100016593933,1135396,0.0,0.0
2026-02-17 09:55:00-05:00,1.250100016593933,1.2599999904632568,1.2400000095367432,1.2450000047683716,1260298,0.0,0.0
2026-02-17 10:00:00-05:00,1.2450000047683716,1.2649999856948853,1.2400000095367432,1.2549999952316284,1416593,0.0,0.0
2026-02-17 10:05:00-05:00,1.2549999952316284,1.2599999904632568,1.25,1.2516000270843506,1026745,0.0,0.0
2026-02-17 10:10:00-05:00,1.25,1.2699999809265137,1.2400000095367432,1.2698999643325806,2553578,0.0,0.0
2026-02-17 10:15:00-05:00,1.2649999856948853,1.2699999809265137,1.25,1.26010000705719,1947859,0.0,0.0
2026-02-17 10:20:00-05:00,1.2627999782562256,1.2698999643325806,1.2401000261306763,1.25,1558568,0.0,0.0
2026-02-17 10:25:00-05:00,1.2549999952316284,1.2549999952316284,1.2300000190734863,1.2350000143051147,968524,0.0,0.0
2026-02-17 10:30:00-05:00,1.2350000143051147,1.2400000095367432,1.2300000190734863,1.2304999828338623,340658,0.0,0.0
2026-02-17 10:35:00-05:00,1.2350000143051147,1.2400000095367432,1.2200000286102295,1.2300000190734863,853499,0.0,0.0
2026-02-17 10:40:00-05:00,1.225000023841858,1.2300000190734863,1.2200000286102295,1.2300000190734863,825372,0.0,0.0
2026-02-17 10:45:00-05:00,1.2300000190734863,1.2400000095367432,1.2200000286102295,1.2300000190734863,990589,0.0,0.0
2026-02-17 10:50:00-05:00,1.2369179725646973,1.2400000095367432,1.2300000190734863,1.2350000143051147,180510,0.0,0.0
2026-02-17 10:55:00-05:00,1.2300000190734863,1.2400000095367432,1.2300000190734863,1.2350000143051147,816196,0.0,0.0
2026-02-17 11:00:00-05:00,1.2350000143051147,1.2400000095367432,1.2300000190734863,1.2300000190734863,415642,0.0,0.0
2026-02-17 11:05:00-05:00,1.2300000190734863,1.2400000095367432,1.2300000190734863,1.2350000143051147,514766,0.0,0.0
2026-02-17 11:10:00-05:00,1.2350000143051147,1.2400000095367432,1.2300000190734863,1.2350000143051147,182704,0.0,0.0
2026-02-17 11:15:00-05:00,1.2301000356674194,1.25,1.2300000190734863,1.2460999488830566,516466,0.0,0.0
2026-02-17 11:20:00-05:00,1.2450000047683716,1.25,1.2400000095367432,1.2400000095367432,437710,0.0,0.0
2026-02-17 11:25:00-05:00,1.2400000095367432,1.25,1.2400000095367432,1.2450000047683716,548576,0.0,0.0
2026-02-17 11:30:00-05:00,1.2404999732971191,1.25,1.2400000095367432,1.2450000047683716,608609,0.0,0.0
2026-02-17 11:35:00-05:00,1.2450000047683716,1.2599999904632568,1.2400000095367432,1.2450000047683716,905388,0.0,0.0
2026-02-17 11:40:00-05:00,1.2450000047683716,1.25,1.2350000143051147,1.2350000143051147,502902,0.0,0.0
2026-02-17 11:45:00-05:00,1.2400000095367432,1.25,1.2300000190734863,1.2450000047683716,406986,0.0,0.0
2026-02-17 11:50:00-05:00,1.2400000095367432,1.25,1.2400000095367432,1.249899983406067,116374,0.0,0.0
2026-02-17 11:55:00-05:00,1.2450000047683716,1.25,1.2400000095367432,1.2400000095367432,160852,0.0,0.0
2026-02-17 12:00:00-05:00,1.2450000047683716,1.25,1.2400000095367432,1.2450000047683716,273320,0.0,0.0
2026-02-17 12:05:00-05:00,1.2400000095367432,1.25,1.2400000095367432,1.249899983406067,101395,0.0,0.0
2026-02-17 12:10:00-05:00,1.2450000047683716,1.25,1.2400000095367432,1.2400000095367432,212491,0.0,0.0
2026-02-17 12:15:00-05:00,1.2400000095367432,1.25,1.2400000095367432,1.2400000095367432,511901,0.0,0.0
2026-02-17 12:20:00-05:00,1.2400000095367432,1.25,1.2400000095367432,1.2450000047683716,393329,0.0,0.0
2026-02-17 12:25:00-05:00,1.2400000095367432,1.25,1.2400000095367432,1.25,101183,0.0,0.0
2026-02-17 12:30:00-05:00,1.25,1.25,1.2400000095367432,1.2400000095367432,254779,0.0,0.0
2026-02-17 12:35:00-05:00,1.2400000095367432,1.25,1.2400000095367432,1.2400000095367432,582133,0.0,0.0
2026-02-17 12:40:00-05:00,1.2400000095367432,1.25,1.2300000190734863,1.23989999294281,539379,0.0,0.0
2026-02-17 12:45:00-05:00,1.2350000143051147,1.2400000095367432,1.2300000190734863,1.2350000143051147,191806,0.0,0.0
2026-02-17 12:50:00-05:00,1.2350000143051147,1.2400000095367432,1.2300000190734863,1.2300000190734863,140480,0.0,0.0
2026-02-17 12:55:00-05:00,1.2350000143051147,1.2400000095367432,1.2300000190734863,1.2350000143051147,183869,0.0,0.0
2026-02-17 13:00:00-05:00,1.2350000143051147,1.2400000095367432,1.2300000190734863,1.2350000143051147,455138,0.0,0.0
2026-02-17 13:05:00-05:00,1.2350000143051147,1.2400000095367432,1.2300000190734863,1.239799976348877,682505,0.0,0.0
2026-02-17 13:10:00-05:00,1.2353999614715576,1.25,1.2300000190734863,1.2450000047683716,1645853,0.0,0.0
2026-02-17 13:15:00-05:00,1.2450000047683716,1.25,1.2400000095367432,1.2450000047683716,116177,0.0,0.0
2026-02-17 13:20:00-05:00,1.2450000047683716,1.25,1.2400000095367432,1.2450000047683716,84985,0.0,0.0
2026-02-17 13:25:00-05:00,1.243899941444397,1.25,1.2400000095367432,1.2450000047683716,85073,0.0,0.0
2026-02-17 13:30:00-05:00,1.2450000047683716,1.2599999904632568,1.2400000095367432,1.25,286226,0.0,0.0
2026-02-17 13:35:00-05:00,1.2549999952316284,1.2599999904632568,1.25,1.2549999952316284,394068,0.0,0.0
2026-02-17 13:40:00-05:00,1.2599999904632568,1.2599999904632568,1.25,1.2549999952316284,510276,0.0,0.0
2026-02-17 13:45:00-05:00,1.256700038909912,1.2599999904632568,1.25,1.25,336340,0.0,0.0
2026-02-17 13:50:00-05:00,1.25,1.2599999904632568,1.2400000095367432,1.25,978894,0.0,0.0
2026-02-17 13:55:00-05:00,1.2583999633789062,1.2599999904632568,1.2400000095367432,1.25,1077131,0.0,0.0
2026-02-17 14:00:00-05:00,1.245300054550171,1.2599999904632568,1.2450000047683716,1.25,1478787,0.0,0.0
2026-02-17 14:05:00-05:00,1.25,1.2598999738693237,1.25,1.25,87704,0.0,0.0
2026-02-17 14:10:00-05:00,1.25,1.2599999904632568,1.25,1.25,381771,0.0,0.0
2026-02-17 14:15:00-05:00,1.25,1.2599999904632568,1.25,1.25,235236,0.0,0.0
2026-02-17 14:20:00-05:00,1.25,1.2599999904632568,1.25,1.25,143731,0.0,0.0
2026-02-17 14:25:00-05:00,1.25,1.2599999904632568,1.2400000095367432,1.2450000047683716,279687,0.0,0.0
2026-02-17 14:30:00-05:00,1.2450000047683716,1.2599999904632568,1.2450000047683716,1.2549999952316284,190657,0.0,0.0
2026-02-17 14:35:00-05:00,1.25,1.2599999904632568,1.25,1.25,80134,0.0,0.0
2026-02-17 14:40:00-05:00,1.2549999952316284,1.2599999904632568,1.25,1.250100016593933,296152,0.0,0.0
2026-02-17 14:45:00-05:00,1.250100016593933,1.2599999904632568,1.2450000047683716,1.2549999952316284,792130,0.0,0.0
2026-02-17 14:50:00-05:00,1.2537000179290771,1.2599999904632568,1.25,1.2520999908447266,392293,0.0,0.0
2026-02-17 14:55:00-05:00,1.2502000331878662,1.2599999904632568,1.25,1.25,400829,0.0,0.0
2026-02-17 15:00:00-05:00,1.25,1.2599999904632568,1.2400000095367432,1.25,1113751,0.0,0.0
2026-02-17 15:05:00-05:00,1.25,1.25,1.2400000095367432,1.25,248095,0.0,0.0
2026-02-17 15:10:00-05:00,1.2400000095367432,1.25,1.2400000095367432,1.25,137942,0.0,0.0
2026-02-17 15:15:00-05:00,1.2400000095367432,1.25,1.2400000095367432,1.2450000047683716,196751,0.0,0.0
2026-02-17 15:20:00-05:00,1.25,1.25,1.2400000095367432,1.2400000095367432,146410,0.0,0.0
2026-02-17 15:25:00-05:00,1.2450000047683716,1.25,1.2400000095367432,1.2450000047683716,130452,0.0,0.0
2026-02-17 15:30:00-05:00,1.2450000047683716,1.25,1.2400000095367432,1.2400000095367432,132080,0.0,0.0
2026-02-17 15:35:00-05:00,1.2400000095367432,1.25,1.2400000095367432,1.2450000047683716,177191,0.0,0.0
2026-02-17 15:40:00-05:00,1.2450000047683716,1.2599999904632568,1.2400000095367432,1.250100016593933,1231868,0.0,0.0
2026-02-17 15:45:00-05:00,1.25,1.2599999904632568,1.25,1.2549999952316284,818629,0.0,0.0
2026-02-17 15:50:00-05:00,1.2549999952316284,1.2599999904632568,1.25,1.2599999904632568,512113,0.0,0.0
2026-02-17 15:55:00-05:00,1.2549999952316284,1.2599999904632568,1.2400000095367432,1.25,1438854,0.0,0.0
2026-02-18 09:30:00-05:00,1.2450000047683716,1.2599999904632568,1.2400000095367432,1.25,959489,0.0,0.0
2026-02-18 09:35:00-05:00,1.2450000047683716,1.2599999904632568,1.2400000095367432,1.25,910250,0.0,0.0
2026-02-18 09:40:00-05:00,1.2555999755859375,1.2599999904632568,1.25,1.2502000331878662,858622,0.0,0.0
2026-02-18 09:45:00-05:00,1.25,1.2599999904632568,1.25,1.25,1154299,0.0,0.0
2026-02-18 09:50:00-05:00,1.2549999952316284,1.2599999904632568,1.25,1.2549999952316284,306389,0.0,0.0
2026-02-18 09:55:00-05:00,1.2590999603271484,1.2599999904632568,1.25,1.25,1010454,0.0,0.0
2026-02-18 10:00:00-05:00,1.25,1.2699999809265137,1.25,1.2649999856948853,1385579,0.0,0.0
2026-02-18 10:05:00-05:00,1.2649999856948853,1.274999976158142,1.2599999904632568,1.2599999904632568,1634558,0.0,0.0
2026-02-18 10:10:00-05:00,1.2649999856948853,1.2699999809265137,1.25,1.2598999738693237,976244,0.0,0.0
2026-02-18 10:15:00-05:00,1.2549999952316284,1.2699999809265137,1.25,1.26010000705719,435293,0.0,0.0
2026-02-18 10:20:00-05:00,1.2699999809265137,1.2799999713897705,1.2599999904632568,1.2798999547958374,603495,0.0,0.0
2026-02-18 10:25:00-05:00,1.274999976158142,1.2899999618530273,1.2704999446868896,1.2799999713897705,882727,0.0,0.0
2026-02-18 10:30:00-05:00,1.2899999618530273,1.2899999618530273,1.2799999713897705,1.284999966621399,308332,0.0,0.0
2026-02-18 10:35:00-05:00,1.284999966621399,1.309999942779541,1.2799999713897705,1.3000999689102173,997387,0.0,0.0
2026-02-18 10:40:00-05:00,1.3049999475479126,1.309999942779541,1.2999999523162842,1.3049999475479126,1448698,0.0,0.0
2026-02-18 10:45:00-05:00,1.3000999689102173,1.309999942779541,1.2799999713897705,1.2898999452590942,1447212,0.0,0.0
2026-02-18 10:50:00-05:00,1.281999945640564,1.2899999618530273,1.2799999713897705,1.2888000011444092,172679,0.0,0.0
2026-02-18 10:55:00-05:00,1.284999966621399,1.2899999618530273,1.2799999713897705,1.2899999618530273,1479026,0.0,0.0
2026-02-18 11:00:00-05:00,1.2799999713897705,1.2899999618530273,1.2799999713897705,1.2799999713897705,591537,0.0,0.0
2026-02-18 11:05:00-05:00,1.2799999713897705,1.2899999618530273,1.2599999904632568,1.2649999856948853,781960,0.0,0.0
2026-02-18 11:10:00-05:00,1.2649999856948853,1.2699999809265137,1.2599999904632568,1.2599999904632568,184697,0.0,0.0
2026-02-18 11:15:00-05:00,1.2610000371932983,1.2699999809265137,1.2599999904632568,1.2599999904632568,326579,0.0,0.0
2026-02-18 11:20:00-05:00,1.2599999904632568,1.2699999809265137,1.2599999904632568,1.2599999904632568,166030,0.0,0.0
2026-02-18 11:25:00-05:00,1.2599999904632568,1.2699999809265137,1.2599999904632568,1.2599999904632568,75491,0.0,0.0
2026-02-18 11:30:00-05:00,1.2599999904632568,1.2699999809265137,1.2599999904632568,1.2649999856948853,110153,0.0,0.0
2026-02-18 11:35:00-05:00,1.2599999904632568,1.2699999809265137,1.2599999904632568,1.2599999904632568,124959,0.0,0.0
2026-02-18 11:40:00-05:00,1.2599999904632568,1.2699999809265137,1.2599999904632568,1.2599999904632568,115051,0.0,0.0
2026-02-18 11:45:00-05:00,1.2599999904632568,1.2699999809265137,1.2599999904632568,1.2599999904632568,115342,0.0,0.0
2026-02-18 11:50:00-05:00,1.2599999904632568,1.2699999809265137,1.2599999904632568,1.2599999904632568,108307,0.0,0.0
2026-02-18 11:55:00-05:00,1.2695000171661377,1.2699999809265137,1.2599999904632568,1.2599999904632568,142940,0.0,0.0
2026-02-18 12:00:00-05:00,1.2699999809265137,1.2699999809265137,1.2599999904632568,1.2599999904632568,124656,0.0,0.0
2026-02-18 12:05:00-05:00,1.2681000232696533,1.2699999809265137,1.2599999904632568,1.261299967765808,667355,0.0,0.0
2026-02-18 12:10:00-05:00,1.2599999904632568,1.2699999809265137,1.2599999904632568,1.2599999904632568,153749,0.0,0.0
2026-02-18 12:15:00-05:00,1.2649999856948853,1.2699999809265137,1.2599999904632568,1.2599999904632568,192576,0.0,0.0
2026-02-18 12:20:00-05:00,1.2649999856948853,1.2699999809265137,1.25,1.2596999406814575,483615,0.0,0.0
2026-02-18 12:25:00-05:00,1.2549999952316284,1.2599999904632568,1.25,1.2599999904632568,255157,0.0,0.0
2026-02-18 12:30:00-05:00,1.2549999952316284,1.2599999904632568,1.25,1.2599999904632568,166377,0.0,0.0
2026-02-18 12:35:00-05:00,1.2549999952316284,1.2599999904632568,1.25,1.2549999952316284,141480,0.0,0.0
2026-02-18 12:40:00-05:00,1.2599999904632568,1.2599999904632568,1.25,1.2549999952316284,109057,0.0,0.0
2026-02-18 12:45:00-05:00,1.25,1.2599999904632568,1.25,1.2549999952316284,143310,0.0,0.0
2026-02-18 12:50:00-05:00,1.25,1.2599999904632568,1.25,1.2549999952316284,187692,0.0,0.0
2026-02-18 12:55:00-05:00,1.25,1.2599999904632568,1.2400000095367432,1.25,1261447,0.0,0.0
2026-02-18 13:00:00-05:00,1.2467000484466553,1.2599999904632568,1.2400000095367432,1.2450000047683716,1591563,0.0,0.0
2026-02-18 13:05:00-05:00,1.249899983406067,1.2599999904632568,1.2400000095367432,1.2549999952316284,425711,0.0,0.0
2026-02-18 13:10:00-05:00,1.2549999952316284,1.2599999904632568,1.25,1.25,174749,0.0,0.0
2026-02-18 13:15:00-05:00,1.2549999952316284,1.2599999904632568,1.25,1.2549999952316284,238489,0.0,0.0
2026-02-18 13:20:00-05:00,1.2547999620437622,1.2599999904632568,1.2400000095367432,1.2561999559402466,1223405,0.0,0.0
2026-02-18 13:25:00-05:00,1.2599999904632568,1.2599999904632568,1.25,1.2549999952316284,125377,0.0,0.0
2026-02-18 13:30:00-05:00,1.2549999952316284,1.2599999904632568,1.2400000095367432,1.2400000095367432,287137,0.0,0.0
2026-02-18 13:35:00-05:00,1.249899983406067,1.25,1.2400000095367432,1.25,246497,0.0,0.0
2026-02-18 13:40:00-05:00,1.25,1.25,1.2400000095367432,1.2450000047683716,105391,0.0,0.0
2026-02-18 13:45:00-05:00,1.2450000047683716,1.25,1.2400000095367432,1.25,255290,0.0,0.0
2026-02-18 13:50:00-05:00,1.25,1.25,1.2400000095367432,1.25,118807,0.0,0.0
2026-02-18 13:55:00-05:00,1.2450000047683716,1.25,1.2400000095367432,1.2400000095367432,81867,0.0,0.0
2026-02-18 14:00:00-05:00,1.249899983406067,1.25,1.2400000095367432,1.2450000047683716,84096,0.0,0.0
2026-02-18 14:05:00-05:00,1.2450000047683716,1.25,1.2400000095367432,1.2400000095367432,111675,0.0,0.0
2026-02-18 14:10:00-05:00,1.2400000095367432,1.25,1.2400000095367432,1.25,98775,0.0,0.0
2026-02-18 14:15:00-05:00,1.25,1.25,1.2400000095367432,1.2400000095367432,152720,0.0,0.0
2026-02-18 14:20:00-05:00,1.2484999895095825,1.25,1.2400000095367432,1.249899983406067,87407,0.0,0.0
2026-02-18 14:25:00-05:00,1.2400000095367432,1.25,1.2400000095367432,1.25,179482,0.0,0.0
2026-02-18 14:30:00-05:00,1.2400000095367432,1.25,1.2400000095367432,1.2400000095367432,232347,0.0,0.0
2026-02-18 14:35:00-05:00,1.2400000095367432,1.25,1.2400000095367432,1.25,170838,0.0,0.0
2026-02-18 14:40:00-05:00,1.2450000047683716,1.25,1.2400000095367432,1.25,267823,0.0,0.0
2026-02-18 14:45:00-05:00,1.2400000095367432,1.25,1.2400000095367432,1.25,151017,0.0,0.0
2026-02-18 14:50:00-05:00,1.2400000095367432,1.25,1.2400000095367432,1.2400000095367432,211206,0.0,0.0
2026-02-18 14:55:00-05:00,1.2400000095367432,1.25,1.2400000095367432,1.2400000095367432,109145,0.0,0.0
2026-02-18 15:00:00-05:00,1.2450000047683716,1.25,1.2400000095367432,1.2450000047683716,134263,0.0,0.0
2026-02-18 15:05:00-05:00,1.2450000047683716,1.25,1.2400000095367432,1.2400000095367432,167152,0.0,0.0
2026-02-18 15:10:00-05:00,1.2400000095367432,1.25,1.2400000095367432,1.2400000095367432,120328,0.0,0.0
2026-02-18 15:15:00-05:00,1.2400000095367432,1.2599999904632568,1.2400000095367432,1.25,478516,0.0,0.0
2026-02-18 15:20:00-05:00,1.25,1.2599999904632568,1.25,1.25,199497,0.0,0.0
2026-02-18 15:25:00-05:00,1.25,1.2599999904632568,1.25,1.25,115850,0.0,0.0
2026-02-18 15:30:00-05:00,1.25,1.2599999904632568,1.25,1.25,114813,0.0,0.0
2026-02-18 15:35:00-05:00,1.25,1.2599999904632568,1.25,1.25,259064,0.0,0.0
2026-02-18 15:40:00-05:00,1.25,1.2599999904632568,1.25,1.25,182099,0.0,0.0
2026-02-18 15:45:00-05:00,1.2549999952316284,1.2599999904632568,1.25,1.25,187208,0.0,0.0
2026-02-18 15:50:00-05:00,1.2549999952316284,1.2699999809265137,1.25,1.2699999809265137,476233,0.0,0.0
2026-02-18 15:55:00-05:00,1.2699999809265137,1.2699999809265137,1.25,1.25,1127757,0.0,0.0
2026-02-19 09:30:00-05:00,1.2300000190734863,1.25,1.2300000190734863,1.2450000047683716,675607,0.0,0.0
2026-02-19 09:35:00-05:00,1.2493000030517578,1.25,1.2300000190734863,1.23989999294281,355272,0.0,0.0
2026-02-19 09:40:00-05:00,1.2400000095367432,1.25,1.2300000190734863,1.2450000047683716,179668,0.0,0.0
2026-02-19 09:45:00-05:00,1.2450000047683716,1.2699999809265137,1.2300000190734863,1.2551000118255615,1350531,0.0,0.0
2026-02-19 09:50:00-05:00,1.2599999904632568,1.2699999809265137,1.25,1.25,284846,0.0,0.0
2026-02-19 09:55:00-05:00,1.2599999904632568,1.2699999809265137,1.25,1.2549999952316284,254892,0.0,0.0
2026-02-19 10:00:00-05:00,1.25,1.2599999904632568,1.25,1.250100016593933,315707,0.0,0.0
2026-02-19 10:05:00-05:00,1.25,1.2592999935150146,1.2400000095367432,1.2400000095367432,269659,0.0,0.0
2026-02-19 10:10:00-05:00,1.2450000047683716,1.25,1.2400000095367432,1.2415000200271606,136029,0.0,0.0
2026-02-19 10:15:00-05:00,1.2450000047683716,1.25,1.2400000095367432,1.2450000047683716,104810,0.0,0.0
2026-02-19 10:20:00-05:00,1.2450000047683716,1.25,1.2400000095367432,1.2400000095367432,181562,0.0,0.0
2026-02-19 10:25:00-05:00,1.2462999820709229,1.25,1.2400000095367432,1.25,228652,0.0,0.0
2026-02-19 10:30:00-05:00,1.2400000095367432,1.25,1.2400000095367432,1.25,118057,0.0,0.0
2026-02-19 10:35:00-05:00,1.25,1.25,1.2400000095367432,1.2450000047683716,121513,0.0,0.0
2026-02-19 10:40:00-05:00,1.2450000047683716,1.2549999952316284,1.2400000095367432,1.2400000095367432,366187,0.0,0.0
2026-02-19 10:45:00-05:00,1.2400000095367432,1.25,1.2300000190734863,1.23989999294281,513894,0.0,0.0
2026-02-19 10:50:00-05:00,1.2350000143051147,1.2400000095367432,1.2300000190734863,1.2350000143051147,477634,0.0,0.0
2026-02-19 10:55:00-05:00,1.2350000143051147,1.2400000095367432,1.2300000190734863,1.2300000190734863,311248,0.0,0.0
2026-02-19 11:00:00-05:00,1.2300000190734863,1.2400000095367432,1.2300000190734863,1.2350000143051147,138340,0.0,0.0
2026-02-19 11:05:00-05:00,1.2350000143051147,1.2400000095367432,1.2300000190734863,1.2300000190734863,186662,0.0,0.0
2026-02-19 11:10:00-05:00,1.2350000143051147,1.2400000095367432,1.2300000190734863,1.2350000143051147,124678,0.0,0.0
2026-02-19 11:15:00-05:00,1.2350000143051147,1.2400000095367432,1.2300000190734863,1.2366000413894653,143986,0.0,0.0
2026-02-19 11:20:00-05:00,1.2350000143051147,1.2400000095367432,1.2300000190734863,1.2400000095367432,122908,0.0,0.0
2026-02-19 11:25:00-05:00,1.2350000143051147,1.2400000095367432,1.2300000190734863,1.2300000190734863,142861,0.0,0.0
2026-02-19 11:30:00-05:00,1.2350000143051147,1.2400000095367432,1.2300000190734863,1.2350000143051147,185791,0.0,0.0
2026-02-19 11:35:00-05:00,1.2351000308990479,1.2400000095367432,1.2300000190734863,1.2300000190734863,84071,0.0,0.0
2026-02-19 11:40:00-05:00,1.2350000143051147,1.2400000095367432,1.2300000190734863,1.2400000095367432,71777,0.0,0.0
2026-02-19 11:45:00-05:00,1.2350000143051147,1.2400000095367432,1.2300000190734863,1.2350000143051147,150646,0.0,0.0
2026-02-19 11:50:00-05:00,1.2300000190734863,1.2400000095367432,1.2300000190734863,1.2350000143051147,102465,0.0,0.0
2026-02-19 11:55:00-05:00,1.2350000143051147,1.2400000095367432,1.2300000190734863,1.2300000190734863,94008,0.0,0.0
2026-02-19 12:00:00-05:00,1.2400000095367432,1.2400000095367432,1.2200000286102295,1.225000023841858,758954,0.0,0.0
2026-02-19 12:05:00-05:00,1.2300000190734863,1.2300000190734863,1.2200000286102295,1.2200000286102295,123949,0.0,0.0
2026-02-19 12:10:00-05:00,1.225000023841858,1.2300000190734863,1.2200000286102295,1.225000023841858,126000,0.0,0.0
2026-02-19 12:15:00-05:00,1.2300000190734863,1.2300000190734863,1.2200000286102295,1.225000023841858,148358,0.0,0.0
2026-02-19 12:20:00-05:00,1.2300000190734863,1.2300000190734863,1.2200000286102295,1.225000023841858,138861,0.0,0.0
2026-02-19 12:25:00-05:00,1.2300000190734863,1.2300000190734863,1.2200000286102295,1.225000023841858,99908,0.0,0.0
2026-02-19 12:30:00-05:00,1.2300000190734863,1.2300000190734863,1.2200000286102295,1.2299000024795532,300742,0.0,0.0
2026-02-19 12:35:00-05:00,1.225100040435791,1.2300000190734863,1.2200000286102295,1.2200000286102295,76095,0.0,0.0
2026-02-19 12:40:00-05:00,1.225000023841858,1.2300000190734863,1.2200000286102295,1.2300000190734863,99537,0.0,0.0
2026-02-19 12:45:00-05:00,1.2200000286102295,1.2300000190734863,1.2200000286102295,1.225000023841858,96715,0.0,0.0
2026-02-19 12:50:00-05:00,1.2200000286102295,1.2300000190734863,1.2200000286102295,1.2300000190734863,96785,0.0,0.0
2026-02-19 12:55:00-05:00,1.2300000190734863,1.2300000190734863,1.2200000286102295,1.2200000286102295,141094,0.0,0.0
2026-02-19 13:00:00-05:00,1.2200000286102295,1.2300000190734863,1.2200000286102295,1.2200000286102295,134343,0.0,0.0
2026-02-19 13:05:00-05:00,1.2300000190734863,1.2300000190734863,1.2200000286102295,1.2200000286102295,93752,0.0,0.0
2026-02-19 13:10:00-05:00,1.2200000286102295,1.2300000190734863,1.2200000286102295,1.225000023841858,122284,0.0,0.0
2026-02-19 13:15:00-05:00,1.2200000286102295,1.2300000190734863,1.2200000286102295,1.225000023841858,323531,0.0,0.0
2026-02-19 13:20:00-05:00,1.2200000286102295,1.2200000286102295,1.2100000381469727,1.2100000381469727,753533,0.0,0.0
2026-02-19 13:25:00-05:00,1.2100000381469727,1.2200000286102295,1.2100000381469727,1.2200000286102295,131154,0.0,0.0
2026-02-19 13:30:00-05:00,1.2151999473571777,1.2200000286102295,1.2100000381469727,1.2100000381469727,198334,0.0,0.0
2026-02-19 13:35:00-05:00,1.2199000120162964,1.2200000286102295,1.2100000381469727,1.215000033378601,130507,0.0,0.0
2026-02-19 13:40:00-05:00,1.2100000381469727,1.2200000286102295,1.2100000381469727,1.2197999954223633,760693,0.0,0.0
2026-02-19 13:45:00-05:00,1.2200000286102295,1.2300000190734863,1.2100000381469727,1.225000023841858,626510,0.0,0.0
2026-02-19 13:50:00-05:00,1.2300000190734863,1.2300000190734863,1.2200000286102295,1.225000023841858,180404,0.0,0.0
2026-02-19 13:55:00-05:00,1.225000023841858,1.2300000190734863,1.2200000286102295,1.2200000286102295,155769,0.0,0.0
2026-02-19 14:00:00-05:00,1.225000023841858,1.2300000190734863,1.2200000286102295,1.2200000286102295,93227,0.0,0.0
2026-02-19 14:05:00-05:00,1.225000023841858,1.2300000190734863,1.2200000286102295,1.2299000024795532,118721,0.0,0.0
2026-02-19 14:10:00-05:00,1.225000023841858,1.2300000190734863,1.2200000286102295,1.225000023841858,113944,0.0,0.0
2026-02-19 14:15:00-05:00,1.2200000286102295,1.2300000190734863,1.2200000286102295,1.2300000190734863,112777,0.0,0.0
2026-02-19 14:20:00-05:00,1.225000023841858,1.2300000190734863,1.2200000286102295,1.225000023841858,96644,0.0,0.0
2026-02-19 14:25:00-05:00,1.2200000286102295,1.2300000190734863,1.2200000286102295,1.225000023841858,176333,0.0,0.0
2026-02-19 14:30:00-05:00,1.225000023841858,1.2300000190734863,1.2200000286102295,1.225000023841858,157823,0.0,0.0
2026-02-19 14:35:00-05:00,1.225000023841858,1.2300000190734863,1.2200000286102295,1.225000023841858,138082,0.0,0.0
2026-02-19 14:40:00-05:00,1.2200000286102295,1.2300000190734863,1.2200000286102295,1.2200000286102295,143333,0.0,0.0
2026-02-19 14:45:00-05:00,1.2200000286102295,1.2300000190734863,1.2200000286102295,1.2300000190734863,117459,0.0,0.0
2026-02-19 14:50:00-05:00,1.2200000286102295,1.2300000190734863,1.2200000286102295,1.225000023841858,175074,0.0,0.0
2026-02-19 14:55:00-05:00,1.2300000190734863,1.2300000190734863,1.2200000286102295,1.2200000286102295,137526,0.0,0.0
2026-02-19 15:00:00-05:00,1.225000023841858,1.2300000190734863,1.2200000286102295,1.225000023841858,144085,0.0,0.0
2026-02-19 15:05:00-05:00,1.225000023841858,1.2300000190734863,1.2200000286102295,1.225000023841858,163664,0.0,0.0
2026-02-19 15:10:00-05:00,1.225000023841858,1.2300000190734863,1.2200000286102295,1.225000023841858,88425,0.0,0.0
2026-02-19 15:15:00-05:00,1.225000023841858,1.2300000190734863,1.2200000286102295,1.2200000286102295,187017,0.0,0.0
2026-02-19 15:20:00-05:00,1.2295000553131104,1.2300000190734863,1.2200000286102295,1.2300000190734863,332266,0.0,0.0
2026-02-19 15:25:00-05:00,1.2300000190734863,1.2400000095367432,1.225000023841858,1.2400000095367432,338001,0.0,0.0
2026-02-19 15:30:00-05:00,1.2350000143051147,1.2400000095367432,1.2300000190734863,1.2350000143051147,114818,0.0,0.0
2026-02-19 15:35:00-05:00,1.2400000095367432,1.2400000095367432,1.2300000190734863,1.2300000190734863,196154,0.0,0.0
2026-02-19 15:40:00-05:00,1.2300000190734863,1.2400000095367432,1.2300000190734863,1.2350000143051147,206579,0.0,0.0
2026-02-19 15:45:00-05:00,1.2300000190734863,1.2400000095367432,1.2300000190734863,1.2300000190734863,163689,0.0,0.0
2026-02-19 15:50:00-05:00,1.2350000143051147,1.2400000095367432,1.2300000190734863,1.2350000143051147,196862,0.0,0.0
2026-02-19 15:55:00-05:00,1.2350000143051147,1.2400000095367432,1.2300000190734863,1.2350000143051147,707139,0.0,0.0
2026-02-20 09:30:00-05:00,1.2300000190734863,1.2300000190734863,1.2106000185012817,1.2163000106811523,873951,0.0,0.0
2026-02-20 09:35:00-05:00,1.2193000316619873,1.2200000286102295,1.2100000381469727,1.2100000381469727,243963,0.0,0.0
2026-02-20 09:40:00-05:00,1.2200000286102295,1.2300000190734863,1.2100000381469727,1.2200000286102295,379811,0.0,0.0
2026-02-20 09:45:00-05:00,1.215000033378601,1.2200000286102295,1.2000000476837158,1.2100000381469727,747366,0.0,0.0
2026-02-20 09:50:00-05:00,1.2100000381469727,1.2100000381469727,1.2000000476837158,1.2062000036239624,486702,0.0,0.0
2026-02-20 09:55:00-05:00,1.2050000429153442,1.2100000381469727,1.2000000476837158,1.2050000429153442,261333,0.0,0.0
2026-02-20 10:00:00-05:00,1.2089999914169312,1.2300000190734863,1.2000000476837158,1.225000023841858,601255,0.0,0.0
2026-02-20 10:05:00-05:00,1.225000023841858,1.2300000190734863,1.2100000381469727,1.22160005569458,559842,0.0,0.0
2026-02-20 10:10:00-05:00,1.2200000286102295,1.2300000190734863,1.2100000381469727,1.2100000381469727,436719,0.0,0.0
2026-02-20 10:15:00-05:00,1.2200000286102295,1.2200000286102295,1.2000999450683594,1.2100000381469727,1360554,0.0,0.0
2026-02-20 10:20:00-05:00,1.215000033378601,1.2200000286102295,1.2000000476837158,1.215000033378601,1348596,0.0,0.0
2026-02-20 10:25:00-05:00,1.2135000228881836,1.2135000228881836,1.2000000476837158,1.207800030708313,993854,0.0,0.0
2026-02-20 10:30:00-05:00,1.2100000381469727,1.2100000381469727,1.2000000476837158,1.2050000429153442,312648,0.0,0.0
2026-02-20 10:35:00-05:00,1.2100000381469727,1.2100000381469727,1.2000000476837158,1.2050000429153442,147923,0.0,0.0
2026-02-20 10:40:00-05:00,1.2050000429153442,1.2100000381469727,1.190000057220459,1.2000000476837158,2040692,0.0,0.0
2026-02-20 10:45:00-05:00,1.2015999555587769,1.2100000381469727,1.190000057220459,1.2000000476837158,1623401,0.0,0.0
2026-02-20 10:50:00-05:00,1.2000000476837158,1.2100000381469727,1.190000057220459,1.2000000476837158,1514124,0.0,0.0
2026-02-20 10:55:00-05:00,1.1984000205993652,1.2100000381469727,1.190000057220459,1.2000000476837158,1292648,0.0,0.0
2026-02-20 11:00:00-05:00,1.2050000429153442,1.2100000381469727,1.2000000476837158,1.2050000429153442,571940,0.0,0.0
2026-02-20 11:05:00-05:00,1.2050000429153442,1.2100000381469727,1.2000000476837158,1.2050000429153442,195217,0.0,0.0
2026-02-20 11:10:00-05:00,1.2050000429153442,1.2100000381469727,1.2000000476837158,1.2050000429153442,169592,0.0,0.0
2026-02-20 11:15:00-05:00,1.2050000429153442,1.2100000381469727,1.190000057220459,1.1902999877929688,676085,0.0,0.0
2026-02-20 11:20:00-05:00,1.1950000524520874,1.2000000476837158,1.190000057220459,1.1999000310897827,209149,0.0,0.0
2026-02-20 11:25:00-05:00,1.1948000192642212,1.2000000476837158,1.190000057220459,1.1950000524520874,164903,0.0,0.0
2026-02-20 11:30:00-05:00,1.1950000524520874,1.2000000476837158,1.190000057220459,1.1950000524520874,260403,0.0,0.0
2026-02-20 11:35:00-05:00,1.1950000524520874,1.2000000476837158,1.190000057220459,1.2000000476837158,190400,0.0,0.0
2026-02-20 11:40:00-05:00,1.1950000524520874,1.2000000476837158,1.190000057220459,1.1970000267028809,176815,0.0,0.0
2026-02-20 11:45:00-05:00,1.2000000476837158,1.2000000476837158,1.190000057220459,1.1993000507354736,131730,0.0,0.0
2026-02-20 11:50:00-05:00,1.1950000524520874,1.2100000381469727,1.190000057220459,1.2000000476837158,766196,0.0,0.0
2026-02-20 11:55:00-05:00,1.2000000476837158,1.2100000381469727,1.2000000476837158,1.2099000215530396,404693,0.0,0.0
2026-02-20 12:00:00-05:00,1.2050000429153442,1.2100000381469727,1.2000000476837158,1.2050000429153442,671587,0.0,0.0
2026-02-20 12:05:00-05:00,1.2050000429153442,1.2100000381469727,1.1900999546051025,1.1950000524520874,757746,0.0,0.0
2026-02-20 12:10:00-05:00,1.1950000524520874,1.2000000476837158,1.190000057220459,1.1999000310897827,181209,0.0,0.0
2026-02-20 12:15:00-05:00,1.1957000494003296,1.2000000476837158,1.190000057220459,1.1950000524520874,187248,0.0,0.0
2026-02-20 12:20:00-05:00,1.1950000524520874,1.2000000476837158,1.190000057220459,1.1950000524520874,164728,0.0,0.0
2026-02-20 12:25:00-05:00,1.1950000524520874,1.2000000476837158,1.190000057220459,1.190000057220459,96104,0.0,0.0
2026-02-20 12:30:00-05:00,1.1950000524520874,1.2000000476837158,1.190000057220459,1.2000000476837158,257915,0.0,0.0
2026-02-20 12:35:00-05:00,1.2000000476837158,1.2000000476837158,1.190000057220459,1.2000000476837158,246621,0.0,0.0
2026-02-20 12:40:00-05:00,1.1987080574035645,1.2000000476837158,1.190000057220459,1.1950000524520874,138347,0.0,0.0
2026-02-20 12:45:00-05:00,1.2000000476837158,1.2000000476837158,1.190000057220459,1.2000000476837158,618742,0.0,0.0
2026-02-20 12:50:00-05:00,1.2000000476837158,1.2100000381469727,1.190000057220459,1.2000999450683594,707442,0.0,0.0
2026-02-20 12:55:00-05:00,1.2050000429153442,1.2100000381469727,1.190000057220459,1.2000000476837158,443477,0.0,0.0
2026-02-20 13:00:00-05:00,1.2050000429153442,1.2100000381469727,1.190000057220459,1.1950000524520874,173615,0.0,0.0
2026-02-20 13:05:00-05:00,1.1950000524520874,1.2000000476837158,1.190000057220459,1.190000057220459,97108,0.0,0.0
2026-02-20 13:10:00-05:00,1.1950000524520874,1.2000000476837158,1.190000057220459,1.1950000524520874,145342,0.0,0.0
2026-02-20 13:15:00-05:00,1.2000000476837158,1.2000000476837158,1.190000057220459,1.1950000524520874,116032,0.0,0.0
2026-02-20 13:20:00-05:00,1.1950000524520874,1.2000000476837158,1.190000057220459,1.1950000524520874,169702,0.0,0.0
2026-02-20 13:25:00-05:00,1.1950000524520874,1.2000000476837158,1.190000057220459,1.2000000476837158,153035,0.0,0.0
2026-02-20 13:30:00-05:00,1.1950000524520874,1.2000000476837158,1.190000057220459,1.2000000476837158,207794,0.0,0.0
2026-02-20 13:35:00-05:00,1.1950000524520874,1.2000000476837158,1.190000057220459,1.1950000524520874,72886,0.0,0.0
2026-02-20 13:40:00-05:00,1.2000000476837158,1.2000000476837158,1.190000057220459,1.1950000524520874,66188,0.0,0.0
2026-02-20 13:45:00-05:00,1.2000000476837158,1.2100000381469727,1.1900999546051025,1.2000000476837158,585747,0.0,0.0
2026-02-20 13:50:00-05:00,1.2000000476837158,1.2100000381469727,1.190000057220459,1.2000000476837158,238372,0.0,0.0
2026-02-20 13:55:00-05:00,1.190000057220459,1.2000000476837158,1.190000057220459,1.1950000524520874,178468,0.0,0.0
2026-02-20 14:00:00-05:00,1.2000000476837158,1.2100000381469727,1.190000057220459,1.1950000524520874,635878,0.0,0.0
2026-02-20 14:05:00-05:00,1.1950000524520874,1.2000000476837158,1.190000057220459,1.1999000310897827,84749,0.0,0.0
2026-02-20 14:10:00-05:00,1.1950000524520874,1.2000000476837158,1.190000057220459,1.1950000524520874,217746,0.0,0.0
2026-02-20 14:15:00-05:00,1.1999000310897827,1.2000000476837158,1.190000057220459,1.1950000524520874,126735,0.0,0.0
2026-02-20 14:20:00-05:00,1.1950000524520874,1.2000000476837158,1.190000057220459,1.2000000476837158,132697,0.0,0.0
2026-02-20 14:25:00-05:00,1.1999000310897827,1.2000000476837158,1.190000057220459,1.1950000524520874,95372,0.0,0.0
2026-02-20 14:30:00-05:00,1.1950000524520874,1.2000000476837158,1.190000057220459,1.1950000524520874,110766,0.0,0.0
2026-02-20 14:35:00-05:00,1.1950000524520874,1.2000000476837158,1.190000057220459,1.1998000144958496,194838,0.0,0.0
2026-02-20 14:40:00-05:00,1.1950000524520874,1.2000000476837158,1.190000057220459,1.1950000524520874,310135,0.0,0.0
2026-02-20 14:45:00-05:00,1.1950000524520874,1.2000000476837158,1.190000057220459,1.1950000524520874,131618,0.0,0.0
2026-02-20 14:50:00-05:00,1.1950000524520874,1.2000000476837158,1.190000057220459,1.2000000476837158,197953,0.0,0.0
2026-02-20 14:55:00-05:00,1.2000000476837158,1.2000000476837158,1.190000057220459,1.1950000524520874,203897,0.0,0.0
2026-02-20 15:00:00-05:00,1.190000057220459,1.2000000476837158,1.190000057220459,1.1969000101089478,89140,0.0,0.0
2026-02-20 15:05:00-05:00,1.1950000524520874,1.2000000476837158,1.190000057220459,1.2000000476837158,136518,0.0,0.0
2026-02-20 15:10:00-05:00,1.1950000524520874,1.2000000476837158,1.190000057220459,1.1950000524520874,250291,0.0,0.0
2026-02-20 15:15:00-05:00,1.1950000524520874,1.2000000476837158,1.190000057220459,1.1950000524520874,99853,0.0,0.0
2026-02-20 15:20:00-05:00,1.1950000524520874,1.2000000476837158,1.190500020980835,1.1950000524520874,129607,0.0,0.0
2026-02-20 15:25:00-05:00,1.1950000524520874,1.2000000476837158,1.190000057220459,1.1950000524520874,104720,0.0,0.0
2026-02-20 15:30:00-05:00,1.190000057220459,1.2000000476837158,1.190000057220459,1.190000057220459,101997,0.0,0.0
2026-02-20 15:35:00-05:00,1.190000057220459,1.2000000476837158,1.190000057220459,1.1950000524520874,102301,0.0,0.0
2026-02-20 15:40:00-05:00,1.1950000524520874,1.2000000476837158,1.190000057220459,1.190000057220459,277221,0.0,0.0
2026-02-20 15:45:00-05:00,1.2000000476837158,1.2000000476837158,1.190000057220459,1.1993000507354736,143355,0.0,0.0
2026-02-20 15:50:00-05:00,1.2000000476837158,1.2000000476837158,1.190000057220459,1.2000000476837158,160085,0.0,0.0
2026-02-20 15:55:00-05:00,1.1950000524520874,1.2000000476837158,1.190000057220459,1.1950000524520874,738595,0.0,0.0
2026-02-23 09:30:00-05:00,1.190000057220459,1.2050000429153442,1.159999966621399,1.1759999990463257,1625906,0.0,0.0
2026-02-23 09:35:00-05:00,1.179900050163269,1.1799999475479126,1.159999966621399,1.1649999618530273,477652,0.0,0.0
2026-02-23 09:40:00-05:00,1.1699999570846558,1.1799999475479126,1.149999976158142,1.1725000143051147,866340,0.0,0.0
2026-02-23 09:45:00-05:00,1.1749999523162842,1.1799999475479126,1.159999966621399,1.1649999618530273,729372,0.0,0.0
2026-02-23 09:50:00-05:00,1.1690000295639038,1.1699999570846558,1.159999966621399,1.1694999933242798,544612,0.0,0.0
2026-02-23 09:55:00-05:00,1.1699999570846558,1.1699999570846558,1.159999966621399,1.159999966621399,270904,0.0,0.0
2026-02-23 10:00:00-05:00,1.1698999404907227,1.1699999570846558,1.159999966621399,1.159999966621399,226979,0.0,0.0
2026-02-23 10:05:00-05:00,1.1699999570846558,1.1699999570846558,1.159999966621399,1.159999966621399,197997,0.0,0.0
2026-02-23 10:10:00-05:00,1.1699999570846558,1.1699999570846558,1.159999966621399,1.159999966621399,290212,0.0,0.0
2026-02-23 10:15:00-05:00,1.1649999618530273,1.1699999570846558,1.159999966621399,1.169700026512146,233010,0.0,0.0
2026-02-23 10:20:00-05:00,1.1699999570846558,1.1699999570846558,1.159999966621399,1.1649999618530273,360153,0.0,0.0
2026-02-23 10:25:00-05:00,1.1699999570846558,1.1799999475479126,1.159999966621399,1.1799999475479126,595715,0.0,0.0
2026-02-23 10:30:00-05:00,1.1749999523162842,1.190000057220459,1.1699999570846558,1.190000057220459,589025,0.0,0.0
2026-02-23 10:35:00-05:00,1.190000057220459,1.2000000476837158,1.1899000406265259,1.1900999546051025,577152,0.0,0.0
2026-02-23 10:40:00-05:00,1.190000057220459,1.2000000476837158,1.190000057220459,1.190000057220459,258945,0.0,0.0
2026-02-23 10:45:00-05:00,1.1950000524520874,1.2000000476837158,1.190000057220459,1.190000057220459,544570,0.0,0.0
2026-02-23 10:50:00-05:00,1.1901999711990356,1.1950000524520874,1.1799999475479126,1.1799999475479126,180569,0.0,0.0
2026-02-23 10:55:00-05:00,1.184999942779541,1.190000057220459,1.1799999475479126,1.184999942779541,166457,0.0,0.0
2026-02-23 11:00:00-05:00,1.1829999685287476,1.2000000476837158,1.1799999475479126,1.2000000476837158,342190,0.0,0.0
2026-02-23 11:05:00-05:00,1.190000057220459,1.2000000476837158,1.190000057220459,1.190000057220459,147701,0.0,0.0
2026-02-23 11:10:00-05:00,1.2000000476837158,1.2000000476837158,1.190000057220459,1.1950000524520874,136352,0.0,0.0
2026-02-23 11:15:00-05:00,1.190000057220459,1.2000000476837158,1.190000057220459,1.190000057220459,128780,0.0,0.0
2026-02-23 11:20:00-05:00,1.190000057220459,1.2000000476837158,1.190000057220459,1.1929999589920044,189829,0.0,0.0
2026-02-23 11:25:00-05:00,1.2000000476837158,1.2000000476837158,1.190000057220459,1.1900999546051025,135994,0.0,0.0
2026-02-23 11:30:00-05:00,1.190000057220459,1.2000000476837158,1.190000057220459,1.2000000476837158,121469,0.0,0.0
2026-02-23 11:35:00-05:00,1.190000057220459,1.2000000476837158,1.190000057220459,1.1950000524520874,146468,0.0,0.0
2026-02-23 11:40:00-05:00,1.1950000524520874,1.2000000476837158,1.190000057220459,1.2000000476837158,78700,0.0,0.0
2026-02-23 11:45:00-05:00,1.190000057220459,1.2000000476837158,1.190000057220459,1.2000000476837158,100976,0.0,0.0
2026-02-23 11:50:00-05:00,1.190000057220459,1.2000000476837158,1.190000057220459,1.190000057220459,121091,0.0,0.0
2026-02-23 11:55:00-05:00,1.190000057220459,1.2000000476837158,1.190000057220459,1.190000057220459,83133,0.0,0.0
2026-02-23 12:00:00-05:00,1.1956000328063965,1.2000000476837158,1.190000057220459,1.2000000476837158,111644,0.0,0.0
2026-02-23 12:05:00-05:00,1.190000057220459,1.2000000476837158,1.190000057220459,1.190000057220459,113908,0.0,0.0
2026-02-23 12:10:00-05:00,1.194599986076355,1.2000000476837158,1.190000057220459,1.190000057220459,379151,0.0,0.0
2026-02-23 12:15:00-05:00,1.190000057220459,1.1959999799728394,1.1799999475479126,1.190000057220459,318773,0.0,0.0
2026-02-23 12:20:00-05:00,1.18149995803833,1.190000057220459,1.1799999475479126,1.190000057220459,129678,0.0,0.0
2026-02-23 12:25:00-05:00,1.1799999475479126,1.190000057220459,1.1799999475479126,1.1799999475479126,136949,0.0,0.0
2026-02-23 12:30:00-05:00,1.184999942779541,1.190000057220459,1.1799999475479126,1.184999942779541,136623,0.0,0.0
2026-02-23 12:35:00-05:00,1.1799999475479126,1.190000057220459,1.1799999475479126,1.1898000240325928,122149,0.0,0.0
2026-02-23 12:40:00-05:00,1.1892000436782837,1.2000000476837158,1.1799999475479126,1.2000000476837158,252110,0.0,0.0
2026-02-23 12:45:00-05:00,1.190000057220459,1.2000000476837158,1.190000057220459,1.191100001335144,198784,0.0,0.0
2026-02-23 12:50:00-05:00,1.1950000524520874,1.2000000476837158,1.190000057220459,1.1950000524520874,293491,0.0,0.0
2026-02-23 12:55:00-05:00,1.190000057220459,1.2000000476837158,1.190000057220459,1.190000057220459,124507,0.0,0.0
2026-02-23 13:00:00-05:00,1.190000057220459,1.2100000381469727,1.190000057220459,1.190000057220459,477861,0.0,0.0
2026-02-23 13:05:00-05:00,1.190000057220459,1.2000000476837158,1.190000057220459,1.190000057220459,99310,0.0,0.0
2026-02-23 13:10:00-05:00,1.190000057220459,1.2000000476837158,1.190000057220459,1.1999000310897827,378562,0.0,0.0
2026-02-23 13:15:00-05:00,1.198199987411499,1.2100000381469727,1.190000057220459,1.2094000577926636,903549,0.0,0.0
2026-02-23 13:20:00-05:00,1.2000000476837158,1.2100000381469727,1.2000000476837158,1.2000000476837158,401862,0.0,0.0
2026-02-23 13:25:00-05:00,1.2000999450683594,1.2100000381469727,1.2000000476837158,1.2100000381469727,174143,0.0,0.0
2026-02-23 13:30:00-05:00,1.2050000429153442,1.2100000381469727,1.190000057220459,1.190000057220459,293140,0.0,0.0
2026-02-23 13:35:00-05:00,1.190000057220459,1.2000000476837158,1.190000057220459,1.1900999546051025,132903,0.0,0.0
2026-02-23 13:40:00-05:00,1.2000000476837158,1.2000000476837158,1.190000057220459,1.190000057220459,59048,0.0,0.0
2026-02-23 13:45:00-05:00,1.1950000524520874,1.2000000476837158,1.190000057220459,1.190000057220459,75427,0.0,0.0
2026-02-23 13:50:00-05:00,1.190000057220459,1.2000000476837158,1.190000057220459,1.1950000524520874,92196,0.0,0.0
2026-02-23 13:55:00-05:00,1.1950000524520874,1.2000000476837158,1.190000057220459,1.2000000476837158,81457,0.0,0.0
2026-02-23 14:00:00-05:00,1.1950000524520874,1.2000000476837158,1.190000057220459,1.1950000524520874,206403,0.0,0.0
2026-02-23 14:05:00-05:00,1.2000000476837158,1.2000000476837158,1.190000057220459,1.2000000476837158,141937,0.0,0.0
2026-02-23 14:10:00-05:00,1.1950000524520874,1.2000000476837158,1.190000057220459,1.2000000476837158,130238,0.0,0.0
2026-02-23 14:15:00-05:00,1.1950000524520874,1.2000000476837158,1.190000057220459,1.2000000476837158,94267,0.0,0.0
2026-02-23 14:20:00-05:00,1.1999000310897827,1.2000000476837158,1.1799999475479126,1.1829999685287476,484382,0.0,0.0
2026-02-23 14:25:00-05:00,1.190000057220459,1.190000057220459,1.1799999475479126,1.190000057220459,106353,0.0,0.0
2026-02-23 14:30:00-05:00,1.1799999475479126,1.190000057220459,1.1799999475479126,1.1799999475479126,101728,0.0,0.0
2026-02-23 14:35:00-05:00,1.1799999475479126,1.190000057220459,1.1799999475479126,1.190000057220459,143765,0.0,0.0
2026-02-23 14:40:00-05:00,1.190000057220459,1.2000000476837158,1.1799999475479126,1.1948000192642212,803048,0.0,0.0
2026-02-23 14:45:00-05:00,1.190000057220459,1.2000000476837158,1.190000057220459,1.2000000476837158,91979,0.0,0.0
2026-02-23 14:50:00-05:00,1.2000000476837158,1.2000000476837158,1.190000057220459,1.2000000476837158,89583,0.0,0.0
2026-02-23 14:55:00-05:00,1.1950000524520874,1.2000000476837158,1.190000057220459,1.2000000476837158,149505,0.0,0.0
2026-02-23 15:00:00-05:00,1.2000000476837158,1.2000000476837158,1.190000057220459,1.2000000476837158,100257,0.0,0.0
2026-02-23 15:05:00-05:00,1.190000057220459,1.2000000476837158,1.190000057220459,1.2000000476837158,187734,0.0,0.0
2026-02-23 15:10:00-05:00,1.2000000476837158,1.2000000476837158,1.1799999475479126,1.190000057220459,363957,0.0,0.0
2026-02-23 15:15:00-05:00,1.190000057220459,1.190000057220459,1.1799999475479126,1.1799999475479126,102816,0.0,0.0
2026-02-23 15:20:00-05:00,1.190000057220459,1.190000057220459,1.1699999570846558,1.1749999523162842,864510,0.0,0.0
2026-02-23 15:25:00-05:00,1.1749999523162842,1.190000057220459,1.1699999570846558,1.1799999475479126,744797,0.0,0.0
2026-02-23 15:30:00-05:00,1.1799999475479126,1.1799999475479126,1.1699999570846558,1.1799999475479126,178756,0.0,0.0
2026-02-23 15:35:00-05:00,1.1699999570846558,1.1799999475479126,1.1699999570846558,1.1799999475479126,195081,0.0,0.0
2026-02-23 15:40:00-05:00,1.1799999475479126,1.1799999475479126,1.1699999570846558,1.1749999523162842,195845,0.0,0.0
2026-02-23 15:45:00-05:00,1.1799999475479126,1.1799999475479126,1.1699999570846558,1.170199990272522,307245,0.0,0.0
2026-02-23 15:50:00-05:00,1.1749999523162842,1.1799999475479126,1.159999966621399,1.1649999618530273,483683,0.0,0.0
2026-02-23 15:55:00-05:00,1.1649999618530273,1.1699999570846558,1.149999976158142,1.159999966621399,1607514,0.0,0.0
2026-02-24 09:30:00-05:00,1.1649999618530273,1.1799999475479126,1.149999976158142,1.1770000457763672,906496,0.0,0.0
2026-02-24 09:35:00-05:00,1.1763999462127686,1.190000057220459,1.1699999570846558,1.1799999475479126,263871,0.0,0.0
2026-02-24 09:40:00-05:00,1.1799999475479126,1.190000057220459,1.1699999570846558,1.1812000274658203,276327,0.0,0.0
2026-02-24 09:45:00-05:00,1.184999942779541,1.190000057220459,1.1699999570846558,1.1799999475479126,429413,0.0,0.0
2026-02-24 09:50:00-05:00,1.1749999523162842,1.1799999475479126,1.1699999570846558,1.1799999475479126,162143,0.0,0.0
2026-02-24 09:55:00-05:00,1.1749999523162842,1.1799999475479126,1.1699999570846558,1.1749999523162842,156151,0.0,0.0
2026-02-24 10:00:00-05:00,1.179900050163269,1.1799999475479126,1.159999966621399,1.1749999523162842,446868,0.0,0.0
2026-02-24 10:05:00-05:00,1.1699999570846558,1.1799999475479126,1.1699999570846558,1.1699999570846558,196441,0.0,0.0
2026-02-24 10:10:00-05:00,1.1749999523162842,1.1799999475479126,1.1699999570846558,1.1799999475479126,168660,0.0,0.0
2026-02-24 10:15:00-05:00,1.1799999475479126,1.2000000476837158,1.1699999570846558,1.190000057220459,696993,0.0,0.0
2026-02-24 10:20:00-05:00,1.1950000524520874,1.2000000476837158,1.1799999475479126,1.1799999475479126,525032,0.0,0.0
2026-02-24 10:25:00-05:00,1.1799999475479126,1.190000057220459,1.1799999475479126,1.184999942779541,139303,0.0,0.0
2026-02-24 10:30:00-05:00,1.184999942779541,1.190000057220459,1.1799999475479126,1.1799999475479126,199732,0.0,0.0
2026-02-24 10:35:00-05:00,1.184999942779541,1.190000057220459,1.1799999475479126,1.1799999475479126,179479,0.0,0.0
2026-02-24 10:40:00-05:00,1.184999942779541,1.190000057220459,1.1799999475479126,1.184999942779541,185837,0.0,0.0
2026-02-24 10:45:00-05:00,1.1799999475479126,1.190000057220459,1.1799999475479126,1.184999942779541,124407,0.0,0.0
2026-02-24 10:50:00-05:00,1.184999942779541,1.190000057220459,1.1799999475479126,1.190000057220459,137075,0.0,0.0
2026-02-24 10:55:00-05:00,1.1884000301361084,1.190000057220459,1.1799999475479126,1.184999942779541,125741,0.0,0.0
2026-02-24 11:00:00-05:00,1.1799999475479126,1.190000057220459,1.1799999475479126,1.190000057220459,111748,0.0,0.0
2026-02-24 11:05:00-05:00,1.184999942779541,1.190000057220459,1.1799999475479126,1.190000057220459,99377,0.0,0.0
2026-02-24 11:10:00-05:00,1.190000057220459,1.190000057220459,1.1799999475479126,1.184999942779541,122907,0.0,0.0
2026-02-24 11:15:00-05:00,1.184999942779541,1.190000057220459,1.1799999475479126,1.184999942779541,188966,0.0,0.0
2026-02-24 11:20:00-05:00,1.184999942779541,1.190000057220459,1.1799999475479126,1.190000057220459,98965,0.0,0.0
2026-02-24 11:25:00-05:00,1.184999942779541,1.190000057220459,1.1799999475479126,1.1799999475479126,168409,0.0,0.0
2026-02-24 11:30:00-05:00,1.184999942779541,1.190000057220459,1.1799999475479126,1.190000057220459,155852,0.0,0.0
2026-02-24 11:35:00-05:00,1.184999942779541,1.190000057220459,1.1799999475479126,1.184999942779541,208208,0.0,0.0
2026-02-24 11:40:00-05:00,1.184999942779541,1.190000057220459,1.1799999475479126,1.190000057220459,95252,0.0,0.0
2026-02-24 11:45:00-05:00,1.184999942779541,1.190000057220459,1.1799999475479126,1.190000057220459,96403,0.0,0.0
2026-02-24 11:50:00-05:00,1.1799999475479126,1.190000057220459,1.1799999475479126,1.1799999475479126,99621,0.0,0.0
2026-02-24 11:55:00-05:00,1.184999942779541,1.190000057220459,1.1799999475479126,1.184999942779541,150433,0.0,0.0
2026-02-24 12:00:00-05:00,1.1799999475479126,1.190000057220459,1.1699999570846558,1.1749999523162842,330030,0.0,0.0
2026-02-24 12:05:00-05:00,1.1749999523162842,1.1799999475479126,1.159999966621399,1.1649999618530273,334802,0.0,0.0
2026-02-24 12:10:00-05:00,1.1649999618530273,1.1699999570846558,1.159999966621399,1.1699999570846558,112907,0.0,0.0
2026-02-24 12:15:00-05:00,1.159999966621399,1.1699999570846558,1.159999966621399,1.1649999618530273,158880,0.0,0.0
2026-02-24 12:20:00-05:00,1.1699999570846558,1.1699999570846558,1.159999966621399,1.1699999570846558,160087,0.0,0.0
2026-02-24 12:25:00-05:00,1.1699999570846558,1.1699999570846558,1.159999966621399,1.1649999618530273,153457,0.0,0.0
2026-02-24 12:30:00-05:00,1.1699999570846558,1.1699999570846558,1.159999966621399,1.1649999618530273,110170,0.0,0.0
2026-02-24 12:35:00-05:00,1.1649999618530273,1.1699999570846558,1.159999966621399,1.159999966621399,431314,0.0,0.0
2026-02-24 12:40:00-05:00,1.159999966621399,1.1699999570846558,1.159999966621399,1.1649999618530273,117747,0.0,0.0
2026-02-24 12:45:00-05:00,1.1699999570846558,1.1699999570846558,1.159999966621399,1.1649999618530273,134120,0.0,0.0
2026-02-24 12:50:00-05:00,1.1649999618530273,1.1799999475479126,1.159999966621399,1.1749999523162842,807324,0.0,0.0
2026-02-24 12:55:00-05:00,1.1749999523162842,1.1799999475479126,1.1699999570846558,1.1749999523162842,85585,0.0,0.0
2026-02-24 13:00:00-05:00,1.1799999475479126,1.1799999475479126,1.1699999570846558,1.1699999570846558,245686,0.0,0.0
2026-02-24 13:05:00-05:00,1.1749999523162842,1.1799999475479126,1.1699999570846558,1.1749999523162842,79731,0.0,0.0
2026-02-24 13:10:00-05:00,1.1749999523162842,1.1799999475479126,1.1699999570846558,1.1699999570846558,129120,0.0,0.0
2026-02-24 13:15:00-05:00,1.1799999475479126,1.1799999475479126,1.1699999570846558,1.1749999523162842,109235,0.0,0.0
2026-02-24 13:20:00-05:00,1.1749999523162842,1.1799999475479126,1.1699999570846558,1.1749999523162842,61615,0.0,0.0
2026-02-24 13:25:00-05:00,1.1749999523162842,1.1799999475479126,1.1699999570846558,1.1749999523162842,125915,0.0,0.0
2026-02-24 13:30:00-05:00,1.1749999523162842,1.190000057220459,1.1699999570846558,1.1799999475479126,377446,0.0,0.0
2026-02-24 13:35:00-05:00,1.184999942779541,1.190000057220459,1.1799999475479126,1.1799999475479126,126823,0.0,0.0
2026-02-24 13:40:00-05:00,1.190000057220459,1.190000057220459,1.1799999475479126,1.1799999475479126,121030,0.0,0.0
2026-02-24 13:45:00-05:00,1.1799999475479126,1.190000057220459,1.1799999475479126,1.190000057220459,126683,0.0,0.0
2026-02-24 13:50:00-05:00,1.1799999475479126,1.190000057220459,1.1799999475479126,1.190000057220459,114483,0.0,0.0
2026-02-24 13:55:00-05:00,1.1799999475479126,1.190000057220459,1.1799999475479126,1.1799999475479126,136975,0.0,0.0
2026-02-24 14:00:00-05:00,1.1799999475479126,1.190000057220459,1.1799999475479126,1.180299997329712,96448,0.0,0.0
2026-02-24 14:05:00-05:00,1.1799999475479126,1.190000057220459,1.1799999475479126,1.1799999475479126,418484,0.0,0.0
2026-02-24 14:10:00-05:00,1.1800999641418457,1.190000057220459,1.1699999570846558,1.1749999523162842,385315,0.0,0.0
2026-02-24 14:15:00-05:00,1.1699999570846558,1.1799999475479126,1.1699999570846558,1.179900050163269,164854,0.0,0.0
2026-02-24 14:20:00-05:00,1.1799999475479126,1.1799999475479126,1.1699999570846558,1.1705000400543213,73034,0.0,0.0
2026-02-24 14:25:00-05:00,1.1799999475479126,1.1799999475479126,1.1699999570846558,1.1699999570846558,102140,0.0,0.0
2026-02-24 14:30:00-05:00,1.1699999570846558,1.1799999475479126,1.159999966621399,1.1699999570846558,1002882,0.0,0.0
2026-02-24 14:35:00-05:00,1.1649999618530273,1.1799999475479126,1.1649999618530273,1.1799999475479126,379306,0.0,0.0
2026-02-24 14:40:00-05:00,1.1749999523162842,1.1799999475479126,1.1699999570846558,1.1749999523162842,77192,0.0,0.0
2026-02-24 14:45:00-05:00,1.1699999570846558,1.1799999475479126,1.1699999570846558,1.1799999475479126,197899,0.0,0.0
2026-02-24 14:50:00-05:00,1.1797000169754028,1.1799999475479126,1.1699999570846558,1.1699999570846558,113948,0.0,0.0
2026-02-24 14:55:00-05:00,1.1757999658584595,1.1799999475479126,1.1699999570846558,1.1699999570846558,120759,0.0,0.0
2026-02-24 15:00:00-05:00,1.1749999523162842,1.1799999475479126,1.1699999570846558,1.1749999523162842,94189,0.0,0.0
2026-02-24 15:05:00-05:00,1.1699999570846558,1.1799999475479126,1.1699999570846558,1.1749999523162842,94056,0.0,0.0
2026-02-24 15:10:00-05:00,1.1699999570846558,1.1799999475479126,1.1699999570846558,1.1699999570846558,82447,0.0,0.0
2026-02-24 15:15:00-05:00,1.1699999570846558,1.1799999475479126,1.1699999570846558,1.1699999570846558,80729,0.0,0.0
2026-02-24 15:20:00-05:00,1.1799999475479126,1.1799999475479126,1.1699999570846558,1.1749999523162842,180075,0.0,0.0
2026-02-24 15:25:00-05:00,1.1699999570846558,1.1799999475479126,1.1699999570846558,1.1749999523162842,228155,0.0,0.0
2026-02-24 15:30:00-05:00,1.1749999523162842,1.1799999475479126,1.1699999570846558,1.1749999523162842,169589,0.0,0.0
2026-02-24 15:35:00-05:00,1.1749999523162842,1.190000057220459,1.1699999570846558,1.190000057220459,249330,0.0,0.0
2026-02-24 15:40:00-05:00,1.184999942779541,1.190000057220459,1.1799999475479126,1.1825000047683716,413149,0.0,0.0
2026-02-24 15:45:00-05:00,1.1799999475479126,1.190000057220459,1.1799999475479126,1.1799999475479126,320509,0.0,0.0
2026-02-24 15:50:00-05:00,1.1799999475479126,1.190000057220459,1.1799999475479126,1.1799999475479126,366125,0.0,0.0
2026-02-24 15:55:00-05:00,1.1805000305175781,1.190000057220459,1.1699999570846558,1.1749999523162842,1184068,0.0,0.0
2026-02-25 09:30:00-05:00,1.1799999475479126,1.2100000381469727,1.1699999570846558,1.2063000202178955,2272580,0.0,0.0
2026-02-25 09:35:00-05:00,1.2000000476837158,1.2100000381469727,1.1799999475479126,1.184999942779541,488024,0.0,0.0
2026-02-25 09:40:00-05:00,1.184999942779541,1.190000057220459,1.1799999475479126,1.1799999475479126,212738,0.0,0.0
2026-02-25 09:45:00-05:00,1.1799999475479126,1.2000000476837158,1.1799999475479126,1.2000000476837158,431733,0.0,0.0
2026-02-25 09:50:00-05:00,1.2000000476837158,1.2000000476837158,1.190000057220459,1.1920000314712524,304874,0.0,0.0
2026-02-25 09:55:00-05:00,1.1950000524520874,1.1950000524520874,1.1799999475479126,1.1799999475479126,601287,0.0,0.0
2026-02-25 10:00:00-05:00,1.1868000030517578,1.190000057220459,1.1799999475479126,1.190000057220459,209528,0.0,0.0
2026-02-25 10:05:00-05:00,1.184999942779541,1.190000057220459,1.1699999570846558,1.1799999475479126,625352,0.0,0.0
2026-02-25 10:10:00-05:00,1.1799999475479126,1.190000057220459,1.1799999475479126,1.1837999820709229,203896,0.0,0.0
2026-02-25 10:15:00-05:00,1.184999942779541,1.1897000074386597,1.1799999475479126,1.184999942779541,140959,0.0,0.0
2026-02-25 10:20:00-05:00,1.184999942779541,1.190000057220459,1.1799999475479126,1.184999942779541,210947,0.0,0.0
2026-02-25 10:25:00-05:00,1.184999942779541,1.190000057220459,1.1799999475479126,1.190000057220459,151100,0.0,0.0
2026-02-25 10:30:00-05:00,1.190000057220459,1.190000057220459,1.1799999475479126,1.1799999475479126,174984,0.0,0.0
2026-02-25 10:35:00-05:00,1.1825000047683716,1.190000057220459,1.1799999475479126,1.184999942779541,105500,0.0,0.0
2026-02-25 10:40:00-05:00,1.190000057220459,1.190000057220459,1.1799999475479126,1.184999942779541,193039,0.0,0.0
2026-02-25 10:45:00-05:00,1.184999942779541,1.190000057220459,1.1799999475479126,1.184999942779541,140943,0.0,0.0
2026-02-25 10:50:00-05:00,1.1799999475479126,1.190000057220459,1.1799999475479126,1.1799999475479126,123308,0.0,0.0
2026-02-25 10:55:00-05:00,1.184999942779541,1.190000057220459,1.1799999475479126,1.190000057220459,115687,0.0,0.0
2026-02-25 11:00:00-05:00,1.190000057220459,1.190000057220459,1.1799999475479126,1.184999942779541,93387,0.0,0.0
2026-02-25 11:05:00-05:00,1.1897000074386597,1.190000057220459,1.1799999475479126,1.184999942779541,198972,0.0,0.0
2026-02-25 11:10:00-05:00,1.1799999475479126,1.190000057220459,1.1799999475479126,1.1828999519348145,432450,0.0,0.0
2026-02-25 11:15:00-05:00,1.1799999475479126,1.1799999475479126,1.1699999570846558,1.1699999570846558,427516,0.0,0.0
2026-02-25 11:20:00-05:00,1.1799999475479126,1.184999942779541,1.1699999570846558,1.1799999475479126,506524,0.0,0.0
2026-02-25 11:25:00-05:00,1.1819000244140625,1.1894999742507935,1.1699999570846558,1.1799999475479126,917132,0.0,0.0
2026-02-25 11:30:00-05:00,1.1749999523162842,1.1799999475479126,1.1699999570846558,1.1754000186920166,143272,0.0,0.0
2026-02-25 11:35:00-05:00,1.1799999475479126,1.1799999475479126,1.1699999570846558,1.1799999475479126,238130,0.0,0.0
2026-02-25 11:40:00-05:00,1.1749999523162842,1.1799999475479126,1.1699999570846558,1.179900050163269,125827,0.0,0.0
2026-02-25 11:45:00-05:00,1.1749999523162842,1.1799999475479126,1.1699999570846558,1.1749999523162842,307168,0.0,0.0
2026-02-25 11:50:00-05:00,1.1799999475479126,1.1799999475479126,1.1699999570846558,1.1699999570846558,129095,0.0,0.0
2026-02-25 11:55:00-05:00,1.1699999570846558,1.1799999475479126,1.1699999570846558,1.1699999570846558,117823,0.0,0.0
2026-02-25 12:00:00-05:00,1.1699999570846558,1.1799999475479126,1.1699999570846558,1.1749999523162842,116115,0.0,0.0
2026-02-25 12:05:00-05:00,1.1699999570846558,1.1799999475479126,1.159999966621399,1.1649999618530273,793073,0.0,0.0
2026-02-25 12:10:00-05:00,1.1649999618530273,1.1699999570846558,1.159999966621399,1.1699999570846558,919485,0.0,0.0
2026-02-25 12:15:00-05:00,1.1699999570846558,1.1799999475479126,1.1649999618530273,1.1759999990463257,556200,0.0,0.0
2026-02-25 12:20:00-05:00,1.1799999475479126,1.1799999475479126,1.1699999570846558,1.1749999523162842,127520,0.0,0.0
2026-02-25 12:25:00-05:00,1.1699999570846558,1.1799999475479126,1.1699999570846558,1.1759999990463257,158151,0.0,0.0
2026-02-25 12:30:00-05:00,1.1699999570846558,1.1755000352859497,1.159999966621399,1.1699999570846558,908655,0.0,0.0
2026-02-25 12:35:00-05:00,1.159999966621399,1.1699999570846558,1.159999966621399,1.1669000387191772,231961,0.0,0.0
2026-02-25 12:40:00-05:00,1.1649999618530273,1.1799999475479126,1.1649999618530273,1.1749999523162842,414435,0.0,0.0
2026-02-25 12:45:00-05:00,1.1749999523162842,1.1799999475479126,1.1699999570846558,1.1720999479293823,232509,0.0,0.0
2026-02-25 12:50:00-05:00,1.1699999570846558,1.1799999475479126,1.1699999570846558,1.1749999523162842,236736,0.0,0.0
2026-02-25 12:55:00-05:00,1.1749999523162842,1.1799999475479126,1.1699999570846558,1.1799999475479126,132803,0.0,0.0
2026-02-25 13:00:00-05:00,1.1699999570846558,1.1799999475479126,1.1699999570846558,1.1699999570846558,136498,0.0,0.0
2026-02-25 13:05:00-05:00,1.1699999570846558,1.1799999475479126,1.1699999570846558,1.1749999523162842,87922,0.0,0.0
2026-02-25 13:10:00-05:00,1.1699999570846558,1.1799999475479126,1.1699999570846558,1.1699999570846558,104687,0.0,0.0
2026-02-25 13:15:00-05:00,1.1699999570846558,1.1799999475479126,1.1699999570846558,1.1699999570846558,165752,0.0,0.0
2026-02-25 13:20:00-05:00,1.1749999523162842,1.1799999475479126,1.1699999570846558,1.1699999570846558,91864,0.0,0.0
2026-02-25 13:25:00-05:00,1.1799999475479126,1.1799999475479126,1.1699999570846558,1.1799999475479126,109551,0.0,0.0
2026-02-25 13:30:00-05:00,1.179900050163269,1.1799999475479126,1.1699999570846558,1.1699999570846558,149406,0.0,0.0
2026-02-25 13:35:00-05:00,1.1699999570846558,1.1799999475479126,1.1699999570846558,1.1799999475479126,116029,0.0,0.0
2026-02-25 13:40:00-05:00,1.1699999570846558,1.1799999475479126,1.1699999570846558,1.1797000169754028,103683,0.0,0.0
2026-02-25 13:45:00-05:00,1.1799999475479126,1.1799999475479126,1.1699999570846558,1.176300048828125,140120,0.0,0.0
2026-02-25 13:50:00-05:00,1.1799999475479126,1.1799999475479126,1.1699999570846558,1.1749999523162842,166047,0.0,0.0
2026-02-25 13:55:00-05:00,1.1799999475479126,1.1799999475479126,1.1699999570846558,1.1749999523162842,102006,0.0,0.0
2026-02-25 14:00:00-05:00,1.1749999523162842,1.1799999475479126,1.1699999570846558,1.1799999475479126,118686,0.0,0.0
2026-02-25 14:05:00-05:00,1.1749999523162842,1.1799999475479126,1.1699999570846558,1.1749999523162842,140352,0.0,0.0
2026-02-25 14:10:00-05:00,1.1799999475479126,1.1799999475479126,1.1699999570846558,1.1699999570846558,115735,0.0,0.0
2026-02-25 14:15:00-05:00,1.1749999523162842,1.1799999475479126,1.1699999570846558,1.1699999570846558,141747,0.0,0.0
2026-02-25 14:20:00-05:00,1.1799999475479126,1.1799999475479126,1.1699999570846558,1.1749999523162842,279641,0.0,0.0
2026-02-25 14:25:00-05:00,1.1749999523162842,1.1799999475479126,1.1699999570846558,1.1699999570846558,145501,0.0,0.0
2026-02-25 14:30:00-05:00,1.1749999523162842,1.1799999475479126,1.1699999570846558,1.1699999570846558,127741,0.0,0.0
2026-02-25 14:35:00-05:00,1.179900050163269,1.1799999475479126,1.1699999570846558,1.1749999523162842,174968,0.0,0.0
2026-02-25 14:40:00-05:00,1.1699999570846558,1.1799999475479126,1.1699999570846558,1.1749999523162842,156276,0.0,0.0
2026-02-25 14:45:00-05:00,1.1749999523162842,1.1799999475479126,1.1699999570846558,1.1699999570846558,241059,0.0,0.0
2026-02-25 14:50:00-05:00,1.1699999570846558,1.1799999475479126,1.1699999570846558,1.1699999570846558,163755,0.0,0.0
2026-02-25 14:55:00-05:00,1.1749999523162842,1.1799999475479126,1.1699999570846558,1.1699999570846558,131090,0.0,0.0
2026-02-25 15:00:00-05:00,1.1749999523162842,1.1799999475479126,1.1699999570846558,1.1699999570846558,118946,0.0,0.0
2026-02-25 15:05:00-05:00,1.1699999570846558,1.1799999475479126,1.1699999570846558,1.1699999570846558,155898,0.0,0.0
2026-02-25 15:10:00-05:00,1.1699999570846558,1.1799999475479126,1.1699999570846558,1.1699999570846558,162884,0.0,0.0
2026-02-25 15:15:00-05:00,1.1699999570846558,1.1799999475479126,1.1699999570846558,1.1699999570846558,134165,0.0,0.0
2026-02-25 15:20:00-05:00,1.1699999570846558,1.1799999475479126,1.1699999570846558,1.1699999570846558,175892,0.0,0.0
2026-02-25 15:25:00-05:00,1.1699999570846558,1.1799999475479126,1.1699999570846558,1.1699999570846558,148669,0.0,0.0
2026-02-25 15:30:00-05:00,1.1799999475479126,1.1799999475479126,1.1699999570846558,1.1699999570846558,326790,0.0,0.0
2026-02-25 15:35:00-05:00,1.1699999570846558,1.1799999475479126,1.1699999570846558,1.1749999523162842,89472,0.0,0.0
2026-02-25 15:40:00-05:00,1.1699999570846558,1.1799999475479126,1.1699999570846558,1.1699999570846558,100286,0.0,0.0
2026-02-25 15:45:00-05:00,1.1699999570846558,1.1799999475479126,1.1699999570846558,1.1749999523162842,190737,0.0,0.0
2026-02-25 15:50:00-05:00,1.1749999523162842,1.1799999475479126,1.1699999570846558,1.1699999570846558,528395,0.0,0.0
2026-02-25 15:55:00-05:00,1.1700999736785889,1.1799999475479126,1.159999966621399,1.1649999618530273,1343885,0.0,0.0
2026-02-26 09:30:00-05:00,1.159999966621399,1.1799999475479126,1.149999976158142,1.1794999837875366,1620856,0.0,0.0
2026-02-26 09:35:00-05:00,1.1699999570846558,1.1799999475479126,1.159999966621399,1.173699975013733,475706,0.0,0.0
2026-02-26 09:40:00-05:00,1.1699999570846558,1.1799999475479126,1.1699999570846558,1.1749999523162842,536824,0.0,0.0
2026-02-26 09:45:00-05:00,1.1699999570846558,1.1799999475479126,1.1699999570846558,1.1699999570846558,320352,0.0,0.0
2026-02-26 09:50:00-05:00,1.1699999570846558,1.1799999475479126,1.1699999570846558,1.1799999475479126,381229,0.0,0.0
2026-02-26 09:55:00-05:00,1.1764999628067017,1.190000057220459,1.1699999570846558,1.1799999475479126,680747,0.0,0.0
2026-02-26 10:00:00-05:00,1.1799999475479126,1.184999942779541,1.1699999570846558,1.1799999475479126,533320,0.0,0.0
2026-02-26 10:05:00-05:00,1.1749999523162842,1.1799999475479126,1.1699999570846558,1.179900050163269,246861,0.0,0.0
2026-02-26 10:10:00-05:00,1.1699999570846558,1.1799999475479126,1.1699999570846558,1.1699999570846558,158861,0.0,0.0
2026-02-26 10:15:00-05:00,1.1700999736785889,1.1799999475479126,1.159999966621399,1.159999966621399,342325,0.0,0.0
2026-02-26 10:20:00-05:00,1.160099983215332,1.1699999570846558,1.159999966621399,1.159999966621399,142369,0.0,0.0
2026-02-26 10:25:00-05:00,1.159999966621399,1.1699999570846558,1.149999976158142,1.1649999618530273,939719,0.0,0.0
2026-02-26 10:30:00-05:00,1.159999966621399,1.1699999570846558,1.159999966621399,1.1699999570846558,316731,0.0,0.0
2026-02-26 10:35:00-05:00,1.159999966621399,1.1699999570846558,1.159999966621399,1.1685999631881714,618611,0.0,0.0
2026-02-26 10:40:00-05:00,1.1698999404907227,1.1799999475479126,1.159999966621399,1.1749999523162842,738577,0.0,0.0
2026-02-26 10:45:00-05:00,1.1699999570846558,1.1799999475479126,1.1699999570846558,1.1699999570846558,298170,0.0,0.0
2026-02-26 10:50:00-05:00,1.1799999475479126,1.1799999475479126,1.1699999570846558,1.1699999570846558,617845,0.0,0.0
2026-02-26 10:55:00-05:00,1.1699999570846558,1.2000000476837158,1.1699999570846558,1.190000057220459,1399871,0.0,0.0
2026-02-26 11:00:00-05:00,1.190000057220459,1.2000000476837158,1.1799999475479126,1.190000057220459,699771,0.0,0.0
2026-02-26 11:05:00-05:00,1.184999942779541,1.190000057220459,1.1799999475479126,1.184999942779541,325286,0.0,0.0
2026-02-26 11:10:00-05:00,1.1866999864578247,1.190000057220459,1.1799999475479126,1.1813000440597534,209171,0.0,0.0
2026-02-26 11:15:00-05:00,1.1801999807357788,1.190000057220459,1.1699999570846558,1.1714999675750732,619185,0.0,0.0
2026-02-26 11:20:00-05:00,1.1699999570846558,1.1799999475479126,1.159999966621399,1.170199990272522,1482540,0.0,0.0
2026-02-26 11:25:00-05:00,1.1699999570846558,1.1799999475479126,1.1699999570846558,1.1699999570846558,363623,0.0,0.0
2026-02-26 11:30:00-05:00,1.1699999570846558,1.1749999523162842,1.159999966621399,1.1699999570846558,371911,0.0,0.0
2026-02-26 11:35:00-05:00,1.159999966621399,1.1699999570846558,1.149999976158142,1.159999966621399,855643,0.0,0.0
2026-02-26 11:40:00-05:00,1.149999976158142,1.159999966621399,1.149999976158142,1.1549999713897705,201357,0.0,0.0
2026-02-26 11:45:00-05:00,1.1549999713897705,1.159999966621399,1.149999976158142,1.156499981880188,453354,0.0,0.0
2026-02-26 11:50:00-05:00,1.1549999713897705,1.159999966621399,1.149999976158142,1.1549999713897705,258663,0.0,0.0
2026-02-26 11:55:00-05:00,1.149999976158142,1.159999966621399,1.149999976158142,1.159999966621399,322787,0.0,0.0
2026-02-26 12:00:00-05:00,1.159999966621399,1.159999966621399,1.149999976158142,1.1549999713897705,155623,0.0,0.0
2026-02-26 12:05:00-05:00,1.1549999713897705,1.159999966621399,1.149999976158142,1.1549999713897705,152058,0.0,0.0
2026-02-26 12:10:00-05:00,1.149999976158142,1.159999966621399,1.149999976158142,1.149999976158142,167894,0.0,0.0
2026-02-26 12:15:00-05:00,1.149999976158142,1.159999966621399,1.149999976158142,1.1549999713897705,121532,0.0,0.0
2026-02-26 12:20:00-05:00,1.159999966621399,1.159999966621399,1.149999976158142,1.149999976158142,164647,0.0,0.0
2026-02-26 12:25:00-05:00,1.159999966621399,1.159999966621399,1.149999976158142,1.149999976158142,287768,0.0,0.0
2026-02-26 12:30:00-05:00,1.1549999713897705,1.159999966621399,1.149999976158142,1.1562999486923218,179141,0.0,0.0
2026-02-26 12:35:00-05:00,1.159999966621399,1.159999966621399,1.149999976158142,1.1549999713897705,97925,0.0,0.0
2026-02-26 12:40:00-05:00,1.1549999713897705,1.159999966621399,1.149999976158142,1.1556999683380127,167815,0.0,0.0
2026-02-26 12:45:00-05:00,1.149999976158142,1.159999966621399,1.149999976158142,1.1549999713897705,220183,0.0,0.0
2026-02-26 12:50:00-05:00,1.159999966621399,1.159999966621399,1.149999976158142,1.159999966621399,403610,0.0,0.0
2026-02-26 12:55:00-05:00,1.1543999910354614,1.159999966621399,1.1399999856948853,1.159999966621399,1614164,0.0,0.0
2026-02-26 13:00:00-05:00,1.159999966621399,1.159999966621399,1.1399999856948853,1.1399999856948853,1044007,0.0,0.0
2026-02-26 13:05:00-05:00,1.1449999809265137,1.149999976158142,1.1399999856948853,1.149999976158142,129009,0.0,0.0
2026-02-26 13:10:00-05:00,1.1449999809265137,1.149999976158142,1.1399999856948853,1.149899959564209,275306,0.0,0.0
2026-02-26 13:15:00-05:00,1.1449999809265137,1.149999976158142,1.1399999856948853,1.1399999856948853,142612,0.0,0.0
2026-02-26 13:20:00-05:00,1.1399999856948853,1.149999976158142,1.1399999856948853,1.1399999856948853,130823,0.0,0.0
2026-02-26 13:25:00-05:00,1.1399999856948853,1.149999976158142,1.1399999856948853,1.1399999856948853,151220,0.0,0.0
2026-02-26 13:30:00-05:00,1.1399999856948853,1.149999976158142,1.1399999856948853,1.1449999809265137,136704,0.0,0.0
2026-02-26 13:35:00-05:00,1.1449999809265137,1.159999966621399,1.1399999856948853,1.1549999713897705,340375,0.0,0.0
2026-02-26 13:40:00-05:00,1.1549999713897705,1.159999966621399,1.149999976158142,1.149999976158142,134533,0.0,0.0
2026-02-26 13:45:00-05:00,1.149999976158142,1.159999966621399,1.149999976158142,1.149999976158142,93679,0.0,0.0
2026-02-26 13:50:00-05:00,1.1540000438690186,1.159999966621399,1.149999976158142,1.159999966621399,102319,0.0,0.0
2026-02-26 13:55:00-05:00,1.159999966621399,1.159999966621399,1.149999976158142,1.149999976158142,190872,0.0,0.0
2026-02-26 14:00:00-05:00,1.159999966621399,1.159999966621399,1.149999976158142,1.149999976158142,114000,0.0,0.0
2026-02-26 14:05:00-05:00,1.159999966621399,1.159999966621399,1.149999976158142,1.149999976158142,139179,0.0,0.0
2026-02-26 14:10:00-05:00,1.1516000032424927,1.159999966621399,1.149999976158142,1.149999976158142,268913,0.0,0.0
2026-02-26 14:15:00-05:00,1.149999976158142,1.159999966621399,1.149999976158142,1.159999966621399,130021,0.0,0.0
2026-02-26 14:20:00-05:00,1.149999976158142,1.159999966621399,1.149999976158142,1.149999976158142,156450,0.0,0.0
2026-02-26 14:25:00-05:00,1.149999976158142,1.159999966621399,1.149999976158142,1.149999976158142,195559,0.0,0.0
2026-02-26 14:30:00-05:00,1.159999966621399,1.159999966621399,1.149999976158142,1.149999976158142,97963,0.0,0.0
2026-02-26 14:35:00-05:00,1.159600019454956,1.1699999570846558,1.149999976158142,1.159999966621399,895731,0.0,0.0
2026-02-26 14:40:00-05:00,1.159999966621399,1.1699999570846558,1.159999966621399,1.159999966621399,77216,0.0,0.0
2026-02-26 14:45:00-05:00,1.1692999601364136,1.1699999570846558,1.159999966621399,1.159999966621399,103492,0.0,0.0
2026-02-26 14:50:00-05:00,1.1649999618530273,1.1699999570846558,1.159999966621399,1.159999966621399,260130,0.0,0.0
2026-02-26 14:55:00-05:00,1.1699999570846558,1.1699999570846558,1.159999966621399,1.159999966621399,275427,0.0,0.0
2026-02-26 15:00:00-05:00,1.159999966621399,1.1699999570846558,1.159999966621399,1.159999966621399,262714,0.0,0.0
2026-02-26 15:05:00-05:00,1.1649999618530273,1.1699999570846558,1.159999966621399,1.159999966621399,151765,0.0,0.0
2026-02-26 15:10:00-05:00,1.1699999570846558,1.1699999570846558,1.159999966621399,1.159999966621399,172140,0.0,0.0
2026-02-26 15:15:00-05:00,1.159999966621399,1.1699999570846558,1.159999966621399,1.159999966621399,109058,0.0,0.0
2026-02-26 15:20:00-05:00,1.1699999570846558,1.1699999570846558,1.159999966621399,1.160099983215332,152490,0.0,0.0
2026-02-26 15:25:00-05:00,1.1649999618530273,1.1699999570846558,1.159999966621399,1.159999966621399,200329,0.0,0.0
2026-02-26 15:30:00-05:00,1.159999966621399,1.1699999570846558,1.159999966621399,1.159999966621399,195015,0.0,0.0
2026-02-26 15:35:00-05:00,1.1646000146865845,1.1699999570846558,1.159999966621399,1.1612999439239502,305118,0.0,0.0
2026-02-26 15:40:00-05:00,1.1612999439239502,1.1698999404907227,1.149999976158142,1.159999966621399,427146,0.0,0.0
2026-02-26 15:45:00-05:00,1.1549999713897705,1.159999966621399,1.149999976158142,1.149999976158142,228174,0.0,0.0
2026-02-26 15:50:00-05:00,1.149999976158142,1.159999966621399,1.1399999856948853,1.1399999856948853,563230,0.0,0.0
2026-02-26 15:55:00-05:00,1.1406999826431274,1.149999976158142,1.1299999952316284,1.1299999952316284,1448969,0.0,0.0
2026-02-27 09:30:00-05:00,1.1399999856948853,1.1699999570846558,1.1200000047683716,1.152500033378601,2685134,0.0,0.0
2026-02-27 09:35:00-05:00,1.1549999713897705,1.1699999570846558,1.149999976158142,1.1549999713897705,911456,0.0,0.0
2026-02-27 09:40:00-05:00,1.1597000360488892,1.159999966621399,1.1399999856948853,1.149999976158142,493962,0.0,0.0
2026-02-27 09:45:00-05:00,1.1449999809265137,1.149999976158142,1.1399999856948853,1.1449999809265137,256721,0.0,0.0
2026-02-27 09:50:00-05:00,1.1471999883651733,1.159999966621399,1.1349999904632568,1.149999976158142,778867,0.0,0.0
2026-02-27 09:55:00-05:00,1.159999966621399,1.159999966621399,1.149999976158142,1.1584999561309814,453763,0.0,0.0
2026-02-27 10:00:00-05:00,1.149999976158142,1.159999966621399,1.1399999856948853,1.1449999809265137,380116,0.0,0.0
2026-02-27 10:05:00-05:00,1.1449999809265137,1.149999976158142,1.1399999856948853,1.1449999809265137,191100,0.0,0.0
2026-02-27 10:10:00-05:00,1.1497000455856323,1.149999976158142,1.1399999856948853,1.1399999856948853,181223,0.0,0.0
2026-02-27 10:15:00-05:00,1.1449999809265137,1.159999966621399,1.1399999856948853,1.149999976158142,988086,0.0,0.0
2026-02-27 10:20:00-05:00,1.1399999856948853,1.149999976158142,1.1399999856948853,1.149899959564209,217194,0.0,0.0
2026-02-27 10:25:00-05:00,1.149999976158142,1.149999976158142,1.1399999856948853,1.149999976158142,178270,0.0,0.0
2026-02-27 10:30:00-05:00,1.1449999809265137,1.149999976158142,1.1399999856948853,1.1449999809265137,224651,0.0,0.0
2026-02-27 10:35:00-05:00,1.149999976158142,1.159999966621399,1.1399999856948853,1.1549999713897705,789827,0.0,0.0
2026-02-27 10:40:00-05:00,1.159999966621399,1.1699999570846558,1.1549999713897705,1.159999966621399,574003,0.0,0.0
2026-02-27 10:45:00-05:00,1.159999966621399,1.1699999570846558,1.159999966621399,1.159999966621399,677132,0.0,0.0
2026-02-27 10:50:00-05:00,1.1627999544143677,1.1699999570846558,1.149999976158142,1.1549999713897705,339673,0.0,0.0
2026-02-27 10:55:00-05:00,1.149999976158142,1.159999966621399,1.149999976158142,1.153499960899353,223372,0.0,0.0
2026-02-27 11:00:00-05:00,1.149999976158142,1.159999966621399,1.149999976158142,1.149999976158142,171429,0.0,0.0
2026-02-27 11:05:00-05:00,1.149999976158142,1.159999966621399,1.1399999856948853,1.149999976158142,558452,0.0,0.0
2026-02-27 11:10:00-05:00,1.1500999927520752,1.159999966621399,1.149999976158142,1.149999976158142,132547,0.0,0.0
2026-02-27 11:15:00-05:00,1.149999976158142,1.159999966621399,1.149999976158142,1.159999966621399,153982,0.0,0.0
2026-02-27 11:20:00-05:00,1.149999976158142,1.159999966621399,1.149999976158142,1.149999976158142,146358,0.0,0.0
2026-02-27 11:25:00-05:00,1.149999976158142,1.159999966621399,1.149999976158142,1.149999976158142,170034,0.0,0.0
2026-02-27 11:30:00-05:00,1.149999976158142,1.159999966621399,1.149999976158142,1.149999976158142,225680,0.0,0.0
2026-02-27 11:35:00-05:00,1.1500999927520752,1.159999966621399,1.1449999809265137,1.1497000455856323,228110,0.0,0.0
2026-02-27 11:40:00-05:00,1.1449999809265137,1.159999966621399,1.1399999856948853,1.149999976158142,502648,0.0,0.0
2026-02-27 11:45:00-05:00,1.149999976158142,1.159999966621399,1.1399999856948853,1.1399999856948853,694721,0.0,0.0
2026-02-27 11:50:00-05:00,1.149999976158142,1.149999976158142,1.1399999856948853,1.1399999856948853,282079,0.0,0.0
2026-02-27 11:55:00-05:00,1.1399999856948853,1.149999976158142,1.1399999856948853,1.1449999809265137,148748,0.0,0.0
2026-02-27 12:00:00-05:00,1.149999976158142,1.149999976158142,1.1399999856948853,1.1449999809265137,149146,0.0,0.0
2026-02-27 12:05:00-05:00,1.1399999856948853,1.159999966621399,1.1399999856948853,1.1502000093460083,1526985,0.0,0.0
2026-02-27 12:10:00-05:00,1.1500999927520752,1.159999966621399,1.149999976158142,1.149999976158142,257960,0.0,0.0
2026-02-27 12:15:00-05:00,1.159999966621399,1.159999966621399,1.1449999809265137,1.149999976158142,790964,0.0,0.0
2026-02-27 12:20:00-05:00,1.1549999713897705,1.159999966621399,1.149999976158142,1.149999976158142,320008,0.0,0.0
2026-02-27 12:25:00-05:00,1.149999976158142,1.159999966621399,1.149999976158142,1.159999966621399,212526,0.0,0.0
2026-02-27 12:30:00-05:00,1.149999976158142,1.159999966621399,1.149999976158142,1.159999966621399,166453,0.0,0.0
2026-02-27 12:35:00-05:00,1.149999976158142,1.159999966621399,1.149999976158142,1.149999976158142,144193,0.0,0.0
2026-02-27 12:40:00-05:00,1.149999976158142,1.1699999570846558,1.149999976158142,1.159999966621399,574190,0.0,0.0
2026-02-27 12:45:00-05:00,1.1660000085830688,1.1699999570846558,1.159999966621399,1.1649999618530273,209900,0.0,0.0
2026-02-27 12:50:00-05:00,1.159999966621399,1.1699999570846558,1.159999966621399,1.159999966621399,129894,0.0,0.0
2026-02-27 12:55:00-05:00,1.1649999618530273,1.1699999570846558,1.159999966621399,1.1649999618530273,130009,0.0,0.0
2026-02-27 13:00:00-05:00,1.159999966621399,1.1699999570846558,1.159999966621399,1.159999966621399,194943,0.0,0.0
2026-02-27 13:05:00-05:00,1.159999966621399,1.1699999570846558,1.159999966621399,1.159999966621399,237746,0.0,0.0
2026-02-27 13:10:00-05:00,1.159999966621399,1.1799999475479126,1.159999966621399,1.1799999475479126,1022738,0.0,0.0
2026-02-27 13:15:00-05:00,1.1699999570846558,1.1799999475479126,1.1699999570846558,1.1699999570846558,218240,0.0,0.0
2026-02-27 13:20:00-05:00,1.1699999570846558,1.1799999475479126,1.1699999570846558,1.1699999570846558,198480,0.0,0.0
2026-02-27 13:25:00-05:00,1.1699999570846558,1.1799999475479126,1.1699999570846558,1.179900050163269,392634,0.0,0.0
2026-02-27 13:30:00-05:00,1.1699999570846558,1.1799999475479126,1.1699999570846558,1.1699999570846558,165334,0.0,0.0
2026-02-27 13:35:00-05:00,1.1699999570846558,1.1799999475479126,1.1699999570846558,1.1699999570846558,170557,0.0,0.0
2026-02-27 13:40:00-05:00,1.1699999570846558,1.1799999475479126,1.159999966621399,1.1749999523162842,511592,0.0,0.0
2026-02-27 13:45:00-05:00,1.1793999671936035,1.1799999475479126,1.1699999570846558,1.1699999570846558,152096,0.0,0.0
2026-02-27 13:50:00-05:00,1.1713000535964966,1.1799999475479126,1.1699999570846558,1.1699999570846558,128612,0.0,0.0
2026-02-27 13:55:00-05:00,1.1699999570846558,1.1799999475479126,1.1699999570846558,1.1749999523162842,124357,0.0,0.0
2026-02-27 14:00:00-05:00,1.1699999570846558,1.1799999475479126,1.1699999570846558,1.1699999570846558,159094,0.0,0.0
2026-02-27 14:05:00-05:00,1.1699999570846558,1.1799999475479126,1.159999966621399,1.1612999439239502,496332,0.0,0.0
2026-02-27 14:10:00-05:00,1.1649999618530273,1.1699999570846558,1.159999966621399,1.159999966621399,98541,0.0,0.0
2026-02-27 14:15:00-05:00,1.159999966621399,1.1649999618530273,1.149999976158142,1.1549999713897705,1286505,0.0,0.0
2026-02-27 14:20:00-05:00,1.159999966621399,1.159999966621399,1.149999976158142,1.149999976158142,192072,0.0,0.0
2026-02-27 14:25:00-05:00,1.1549999713897705,1.159999966621399,1.149999976158142,1.1549999713897705,143762,0.0,0.0
2026-02-27 14:30:00-05:00,1.159999966621399,1.159999966621399,1.149999976158142,1.159999966621399,153082,0.0,0.0
2026-02-27 14:35:00-05:00,1.1549999713897705,1.159999966621399,1.149999976158142,1.1549999713897705,191179,0.0,0.0
2026-02-27 14:40:00-05:00,1.1549999713897705,1.159999966621399,1.149999976158142,1.1549999713897705,257935,0.0,0.0
2026-02-27 14:45:00-05:00,1.1549999713897705,1.159999966621399,1.149999976158142,1.1598999500274658,315347,0.0,0.0
2026-02-27 14:50:00-05:00,1.159999966621399,1.159999966621399,1.1449999809265137,1.149999976158142,669210,0.0,0.0
2026-02-27 14:55:00-05:00,1.149999976158142,1.159999966621399,1.149999976158142,1.149999976158142,277070,0.0,0.0
2026-02-27 15:00:00-05:00,1.152999997138977,1.159999966621399,1.149999976158142,1.159999966621399,179089,0.0,0.0
2026-02-27 15:05:00-05:00,1.159999966621399,1.159999966621399,1.1449999809265137,1.149999976158142,317561,0.0,0.0
2026-02-27 15:10:00-05:00,1.149999976158142,1.159999966621399,1.149999976158142,1.149999976158142,205565,0.0,0.0
2026-02-27 15:15:00-05:00,1.149999976158142,1.159999966621399,1.149999976158142,1.1521999835968018,316661,0.0,0.0
2026-02-27 15:20:00-05:00,1.149999976158142,1.159999966621399,1.149999976158142,1.149999976158142,385756,0.0,0.0
2026-02-27 15:25:00-05:00,1.149999976158142,1.159999966621399,1.149999976158142,1.149999976158142,199751,0.0,0.0
2026-02-27 15:30:00-05:00,1.1563999652862549,1.159999966621399,1.149999976158142,1.149999976158142,134959,0.0,0.0
2026-02-27 15:35:00-05:00,1.1549999713897705,1.1699999570846558,1.149999976158142,1.159999966621399,885755,0.0,0.0
2026-02-27 15:40:00-05:00,1.1649999618530273,1.1699999570846558,1.159999966621399,1.159999966621399,127093,0.0,0.0
2026-02-27 15:45:00-05:00,1.159999966621399,1.1699999570846558,1.159999966621399,1.1649999618530273,313790,0.0,0.0
2026-02-27 15:50:00-05:00,1.159999966621399,1.1699999570846558,1.149999976158142,1.149999976158142,465893,0.0,0.0
2026-02-27 15:55:00-05:00,1.149999976158142,1.159999966621399,1.1449999809265137,1.1500999927520752,1463274,0.0,0.0
2026-03-02 09:30:00-05:00,1.1299999952316284,1.1399999856948853,1.1100000143051147,1.118299961090088,2284694,0.0,0.0
2026-03-02 09:35:00-05:00,1.1200000047683716,1.1299999952316284,1.1100000143051147,1.1252000331878662,1376296,0.0,0.0
2026-03-02 09:40:00-05:00,1.1200000047683716,1.1399999856948853,1.1200000047683716,1.1334999799728394,914616,0.0,0.0
2026-03-02 09:45:00-05:00,1.1299999952316284,1.1399999856948853,1.1200000047683716,1.1200000047683716,1026190,0.0,0.0
2026-03-02 09:50:00-05:00,1.1299999952316284,1.1299999952316284,1.1100000143051147,1.125,1239565,0.0,0.0
2026-03-02 09:55:00-05:00,1.1299999952316284,1.1299999952316284,1.1200000047683716,1.125,210117,0.0,0.0
2026-03-02 10:00:00-05:00,1.1299999952316284,1.1299999952316284,1.1200000047683716,1.1247999668121338,450869,0.0,0.0
2026-03-02 10:05:00-05:00,1.1200000047683716,1.1299999952316284,1.1150000095367432,1.1299999952316284,1125507,0.0,0.0
2026-03-02 10:10:00-05:00,1.125,1.1399999856948853,1.1200000047683716,1.1349999904632568,791952,0.0,0.0
2026-03-02 10:15:00-05:00,1.1349999904632568,1.1399999856948853,1.1299999952316284,1.1299999952316284,195805,0.0,0.0
2026-03-02 10:20:00-05:00,1.1299999952316284,1.149999976158142,1.1299999952316284,1.1435999870300293,566774,0.0,0.0
2026-03-02 10:25:00-05:00,1.1434999704360962,1.149999976158142,1.1399999856948853,1.149999976158142,179023,0.0,0.0
2026-03-02 10:30:00-05:00,1.1449999809265137,1.149999976158142,1.1399999856948853,1.1399999856948853,242564,0.0,0.0
2026-03-02 10:35:00-05:00,1.1449999809265137,1.149999976158142,1.1399999856948853,1.1449999809265137,189447,0.0,0.0
2026-03-02 10:40:00-05:00,1.1449999809265137,1.149999976158142,1.1399999856948853,1.1449999809265137,236000,0.0,0.0
2026-03-02 10:45:00-05:00,1.1449999809265137,1.159999966621399,1.1399999856948853,1.1549999713897705,613610,0.0,0.0
2026-03-02 10:50:00-05:00,1.159999966621399,1.159999966621399,1.149999976158142,1.149999976158142,256066,0.0,0.0
2026-03-02 10:55:00-05:00,1.159999966621399,1.159999966621399,1.149999976158142,1.159999966621399,233340,0.0,0.0
2026-03-02 11:00:00-05:00,1.149999976158142,1.159999966621399,1.149999976158142,1.1549999713897705,212943,0.0,0.0
2026-03-02 11:05:00-05:00,1.1549999713897705,1.159999966621399,1.149999976158142,1.1549999713897705,223152,0.0,0.0
2026-03-02 11:10:00-05:00,1.159999966621399,1.159999966621399,1.149999976158142,1.149999976158142,286366,0.0,0.0
2026-03-02 11:15:00-05:00,1.1549999713897705,1.159999966621399,1.149999976158142,1.149999976158142,659087,0.0,0.0
2026-03-02 11:20:00-05:00,1.1500999927520752,1.159999966621399,1.1399999856948853,1.1549999713897705,889132,0.0,0.0
2026-03-02 11:25:00-05:00,1.149999976158142,1.159999966621399,1.1399999856948853,1.1449999809265137,446871,0.0,0.0
2026-03-02 11:30:00-05:00,1.1449999809265137,1.149999976158142,1.1399999856948853,1.1449999809265137,170371,0.0,0.0
2026-03-02 11:35:00-05:00,1.1449999809265137,1.149999976158142,1.1399999856948853,1.1399999856948853,189743,0.0,0.0
2026-03-02 11:40:00-05:00,1.149999976158142,1.149999976158142,1.1399999856948853,1.149999976158142,210064,0.0,0.0
2026-03-02 11:45:00-05:00,1.1449999809265137,1.159999966621399,1.1399999856948853,1.149999976158142,384441,0.0,0.0
2026-03-02 11:50:00-05:00,1.149999976158142,1.159999966621399,1.149999976158142,1.1536999940872192,132623,0.0,0.0
2026-03-02 11:55:00-05:00,1.1549999713897705,1.159999966621399,1.149999976158142,1.149999976158142,234262,0.0,0.0
2026-03-02 12:00:00-05:00,1.149999976158142,1.159999966621399,1.149999976158142,1.149999976158142,565067,0.0,0.0
2026-03-02 12:05:00-05:00,1.1549999713897705,1.159999966621399,1.149999976158142,1.1549999713897705,148339,0.0,0.0
2026-03-02 12:10:00-05:00,1.149999976158142,1.159999966621399,1.149999976158142,1.1500999927520752,181759,0.0,0.0
2026-03-02 12:15:00-05:00,1.149999976158142,1.159999966621399,1.149999976158142,1.159999966621399,146126,0.0,0.0
2026-03-02 12:20:00-05:00,1.149999976158142,1.159999966621399,1.149999976158142,1.149999976158142,178139,0.0,0.0
2026-03-02 12:25:00-05:00,1.159999966621399,1.159999966621399,1.149999976158142,1.149999976158142,160999,0.0,0.0
2026-03-02 12:30:00-05:00,1.149999976158142,1.159999966621399,1.1399999856948853,1.149999976158142,447291,0.0,0.0
2026-03-02 12:35:00-05:00,1.149999976158142,1.159999966621399,1.149999976158142,1.149999976158142,111642,0.0,0.0
2026-03-02 12:40:00-05:00,1.149999976158142,1.159999966621399,1.149999976158142,1.149999976158142,205005,0.0,0.0
2026-03-02 12:45:00-05:00,1.1500999927520752,1.159999966621399,1.149999976158142,1.159999966621399,139046,0.0,0.0
2026-03-02 12:50:00-05:00,1.149999976158142,1.159999966621399,1.149999976158142,1.149999976158142,167210,0.0,0.0
2026-03-02 12:55:00-05:00,1.1549999713897705,1.159999966621399,1.149999976158142,1.159999966621399,260877,0.0,0.0
2026-03-02 13:00:00-05:00,1.159999966621399,1.159999966621399,1.149999976158142,1.149999976158142,231309,0.0,0.0
2026-03-02 13:05:00-05:00,1.149999976158142,1.159999966621399,1.149999976158142,1.149999976158142,272286,0.0,0.0
2026-03-02 13:10:00-05:00,1.1549999713897705,1.159999966621399,1.149999976158142,1.159999966621399,156612,0.0,0.0
2026-03-02 13:15:00-05:00,1.149999976158142,1.159999966621399,1.149999976158142,1.149999976158142,112918,0.0,0.0
2026-03-02 13:20:00-05:00,1.1542999744415283,1.159999966621399,1.149999976158142,1.1503000259399414,284572,0.0,0.0
2026-03-02 13:25:00-05:00,1.159999966621399,1.159999966621399,1.149999976158142,1.1549999713897705,96769,0.0,0.0
2026-03-02 13:30:00-05:00,1.149999976158142,1.159999966621399,1.149999976158142,1.149999976158142,136621,0.0,0.0
2026-03-02 13:35:00-05:00,1.159999966621399,1.159999966621399,1.149999976158142,1.159999966621399,160483,0.0,0.0
2026-03-02 13:40:00-05:00,1.1549999713897705,1.159999966621399,1.149999976158142,1.149999976158142,144975,0.0,0.0
2026-03-02 13:45:00-05:00,1.149999976158142,1.159999966621399,1.149999976158142,1.149999976158142,720490,0.0,0.0
2026-03-02 13:50:00-05:00,1.1549999713897705,1.159999966621399,1.149999976158142,1.1502000093460083,347695,0.0,0.0
2026-03-02 13:55:00-05:00,1.1512000560760498,1.159999966621399,1.1399999856948853,1.1399999856948853,450507,0.0,0.0
2026-03-02 14:00:00-05:00,1.1399999856948853,1.149999976158142,1.1399999856948853,1.1449999809265137,192546,0.0,0.0
2026-03-02 14:05:00-05:00,1.1399999856948853,1.149999976158142,1.1399999856948853,1.1449999809265137,125700,0.0,0.0
2026-03-02 14:10:00-05:00,1.1399999856948853,1.149999976158142,1.1399999856948853,1.149999976158142,112803,0.0,0.0
2026-03-02 14:15:00-05:00,1.149999976158142,1.149999976158142,1.1399999856948853,1.1399999856948853,103445,0.0,0.0
2026-03-02 14:20:00-05:00,1.1449999809265137,1.149999976158142,1.1399999856948853,1.1399999856948853,108522,0.0,0.0
2026-03-02 14:25:00-05:00,1.1399999856948853,1.149999976158142,1.1399999856948853,1.1399999856948853,164919,0.0,0.0
2026-03-02 14:30:00-05:00,1.149999976158142,1.149999976158142,1.1399999856948853,1.149999976158142,172549,0.0,0.0
2026-03-02 14:35:00-05:00,1.1449999809265137,1.149999976158142,1.1399999856948853,1.1399999856948853,136788,0.0,0.0
2026-03-02 14:40:00-05:00,1.1399999856948853,1.149999976158142,1.1399999856948853,1.1399999856948853,142437,0.0,0.0
2026-03-02 14:45:00-05:00,1.149999976158142,1.149999976158142,1.1399999856948853,1.1399999856948853,110929,0.0,0.0
2026-03-02 14:50:00-05:00,1.1399999856948853,1.149999976158142,1.1399999856948853,1.149999976158142,116673,0.0,0.0
2026-03-02 14:55:00-05:00,1.1399999856948853,1.149999976158142,1.1399999856948853,1.1449999809265137,124541,0.0,0.0
2026-03-02 15:00:00-05:00,1.1399999856948853,1.149999976158142,1.1399999856948853,1.149999976158142,168441,0.0,0.0
2026-03-02 15:05:00-05:00,1.1449999809265137,1.149999976158142,1.1399999856948853,1.1401000022888184,126890,0.0,0.0
2026-03-02 15:10:00-05:00,1.1399999856948853,1.149999976158142,1.1399999856948853,1.1399999856948853,210810,0.0,0.0
2026-03-02 15:15:00-05:00,1.1449999809265137,1.149999976158142,1.1399999856948853,1.149999976158142,193897,0.0,0.0
2026-03-02 15:20:00-05:00,1.1399999856948853,1.149999976158142,1.1399999856948853,1.1399999856948853,140731,0.0,0.0
2026-03-02 15:25:00-05:00,1.1399999856948853,1.149999976158142,1.1399999856948853,1.149999976158142,238093,0.0,0.0
2026-03-02 15:30:00-05:00,1.1449999809265137,1.149999976158142,1.1399999856948853,1.1495000123977661,239802,0.0,0.0
2026-03-02 15:35:00-05:00,1.1399999856948853,1.149999976158142,1.1399999856948853,1.1399999856948853,186356,0.0,0.0
2026-03-02 15:40:00-05:00,1.1399999856948853,1.149999976158142,1.1399999856948853,1.1449999809265137,122973,0.0,0.0
2026-03-02 15:45:00-05:00,1.1399999856948853,1.149999976158142,1.1399999856948853,1.149899959564209,259741,0.0,0.0
2026-03-02 15:50:00-05:00,1.149999976158142,1.149999976158142,1.1299999952316284,1.1399999856948853,725763,0.0,0.0
2026-03-02 15:55:00-05:00,1.1399999856948853,1.149999976158142,1.1349999904632568,1.1399999856948853,795061,0.0,0.0
2026-03-03 09:30:00-05:00,1.1299999952316284,1.1399999856948853,1.1200000047683716,1.1299999952316284,1113087,0.0,0.0
2026-03-03 09:35:00-05:00,1.1299999952316284,1.1299999952316284,1.1200000047683716,1.1299999952316284,250098,0.0,0.0
2026-03-03 09:40:00-05:00,1.1295000314712524,1.1299999952316284,1.1200000047683716,1.1200000047683716,349432,0.0,0.0
2026-03-03 09:45:00-05:00,1.1200000047683716,1.1299999952316284,1.1200000047683716,1.1299999952316284,304516,0.0,0.0
2026-03-03 09:50:00-05:00,1.1200000047683716,1.1299999952316284,1.1200000047683716,1.125,215844,0.0,0.0
2026-03-03 09:55:00-05:00,1.1298999786376953,1.1299999952316284,1.1200000047683716,1.1200000047683716,244867,0.0,0.0
2026-03-03 10:00:00-05:00,1.1200000047683716,1.1299999952316284,1.1200000047683716,1.1200000047683716,232835,0.0,0.0
2026-03-03 10:05:00-05:00,1.1200000047683716,1.1299999952316284,1.1100000143051147,1.1100000143051147,658008,0.0,0.0
2026-03-03 10:10:00-05:00,1.1100000143051147,1.1200000047683716,1.1100000143051147,1.1200000047683716,315818,0.0,0.0
2026-03-03 10:15:00-05:00,1.1100000143051147,1.1200000047683716,1.100000023841858,1.1050000190734863,855772,0.0,0.0
2026-03-03 10:20:00-05:00,1.1100000143051147,1.1100000143051147,1.100000023841858,1.1033999919891357,437267,0.0,0.0
2026-03-03 10:25:00-05:00,1.1100000143051147,1.1100000143051147,1.100000023841858,1.1050000190734863,586984,0.0,0.0
2026-03-03 10:30:00-05:00,1.1050000190734863,1.1100000143051147,1.100000023841858,1.1050000190734863,302391,0.0,0.0
2026-03-03 10:35:00-05:00,1.1050000190734863,1.1200000047683716,1.100000023841858,1.1150000095367432,1155314,0.0,0.0
2026-03-03 10:40:00-05:00,1.1100000143051147,1.1200000047683716,1.1100000143051147,1.1100000143051147,285446,0.0,0.0
2026-03-03 10:45:00-05:00,1.1200000047683716,1.1200000047683716,1.1100000143051147,1.1145000457763672,262236,0.0,0.0
2026-03-03 10:50:00-05:00,1.1100000143051147,1.1200000047683716,1.100000023841858,1.1200000047683716,1229695,0.0,0.0
2026-03-03 10:55:00-05:00,1.1100000143051147,1.1200000047683716,1.1100000143051147,1.1101000308990479,175711,0.0,0.0
2026-03-03 11:00:00-05:00,1.1200000047683716,1.1200000047683716,1.1100000143051147,1.1200000047683716,239247,0.0,0.0
2026-03-03 11:05:00-05:00,1.1150000095367432,1.1200000047683716,1.1100000143051147,1.1100000143051147,173604,0.0,0.0
2026-03-03 11:10:00-05:00,1.1200000047683716,1.1200000047683716,1.1100000143051147,1.1100000143051147,207544,0.0,0.0
2026-03-03 11:15:00-05:00,1.1100000143051147,1.1200000047683716,1.1100000143051147,1.1100000143051147,214251,0.0,0.0
2026-03-03 11:20:00-05:00,1.1100000143051147,1.1200000047683716,1.1100000143051147,1.1100000143051147,299441,0.0,0.0
2026-03-03 11:25:00-05:00,1.1100000143051147,1.1200000047683716,1.1100000143051147,1.1200000047683716,204749,0.0,0.0
2026-03-03 11:30:00-05:00,1.1150000095367432,1.1200000047683716,1.1100000143051147,1.1150000095367432,179051,0.0,0.0
2026-03-03 11:35:00-05:00,1.1150000095367432,1.1200000047683716,1.1100000143051147,1.1200000047683716,325062,0.0,0.0
2026-03-03 11:40:00-05:00,1.1200000047683716,1.1200000047683716,1.1100000143051147,1.1100000143051147,168503,0.0,0.0
2026-03-03 11:45:00-05:00,1.1200000047683716,1.1299999952316284,1.1100000143051147,1.1234999895095825,607253,0.0,0.0
2026-03-03 11:50:00-05:00,1.125,1.1299999952316284,1.1200000047683716,1.1298999786376953,180759,0.0,0.0
2026-03-03 11:55:00-05:00,1.1200000047683716,1.1299999952316284,1.1200000047683716,1.122499942779541,231835,0.0,0.0
2026-03-03 12:00:00-05:00,1.1200000047683716,1.1299999952316284,1.1200000047683716,1.1200000047683716,627990,0.0,0.0
2026-03-03 12:05:00-05:00,1.1201000213623047,1.1299999952316284,1.1200000047683716,1.1200000047683716,155378,0.0,0.0
2026-03-03 12:10:00-05:00,1.1299999952316284,1.1299999952316284,1.1200000047683716,1.125,213823,0.0,0.0
2026-03-03 12:15:00-05:00,1.1200000047683716,1.1299999952316284,1.1200000047683716,1.1200000047683716,166576,0.0,0.0
2026-03-03 12:20:00-05:00,1.1299999952316284,1.1299999952316284,1.1200000047683716,1.1299999952316284,248988,0.0,0.0
2026-03-03 12:25:00-05:00,1.1200000047683716,1.1299999952316284,1.1200000047683716,1.1299999952316284,129723,0.0,0.0
2026-03-03 12:30:00-05:00,1.1299999952316284,1.1299999952316284,1.1100000143051147,1.125,575429,0.0,0.0
2026-03-03 12:35:00-05:00,1.125,1.1299999952316284,1.1100000143051147,1.1150000095367432,854339,0.0,0.0
2026-03-03 12:40:00-05:00,1.1198999881744385,1.1200000047683716,1.1100000143051147,1.1150000095367432,1179355,0.0,0.0
2026-03-03 12:45:00-05:00,1.1200000047683716,1.1200000047683716,1.1100000143051147,1.1100000143051147,170610,0.0,0.0
2026-03-03 12:50:00-05:00,1.1200000047683716,1.1200000047683716,1.1100000143051147,1.1200000047683716,358201,0.0,0.0
2026-03-03 12:55:00-05:00,1.1150000095367432,1.1200000047683716,1.1100000143051147,1.1100000143051147,183751,0.0,0.0
2026-03-03 13:00:00-05:00,1.1100000143051147,1.1200000047683716,1.1100000143051147,1.1200000047683716,287935,0.0,0.0
2026-03-03 13:05:00-05:00,1.1100000143051147,1.125,1.1100000143051147,1.1201000213623047,582335,0.0,0.0
2026-03-03 13:10:00-05:00,1.125,1.1299999952316284,1.1200000047683716,1.1200000047683716,373231,0.0,0.0
2026-03-03 13:15:00-05:00,1.1200000047683716,1.1399999856948853,1.1200000047683716,1.1399999856948853,635518,0.0,0.0
2026-03-03 13:20:00-05:00,1.1299999952316284,1.1399999856948853,1.1299999952316284,1.1399999856948853,185576,0.0,0.0
2026-03-03 13:25:00-05:00,1.1299999952316284,1.1399999856948853,1.1299999952316284,1.1399999856948853,184731,0.0,0.0
2026-03-03 13:30:00-05:00,1.1299999952316284,1.1399999856948853,1.1299999952316284,1.1299999952316284,141363,0.0,0.0
2026-03-03 13:35:00-05:00,1.1299999952316284,1.159999966621399,1.1299999952316284,1.1500999927520752,979701,0.0,0.0
2026-03-03 13:40:00-05:00,1.149999976158142,1.159999966621399,1.149999976158142,1.1549999713897705,242448,0.0,0.0
2026-03-03 13:45:00-05:00,1.159999966621399,1.159999966621399,1.149999976158142,1.149999976158142,1001072,0.0,0.0
2026-03-03 13:50:00-05:00,1.149999976158142,1.159999966621399,1.149999976158142,1.149999976158142,314099,0.0,0.0
2026-03-03 13:55:00-05:00,1.149999976158142,1.1699999570846558,1.149999976158142,1.159999966621399,826411,0.0,0.0
2026-03-03 14:00:00-05:00,1.159999966621399,1.1699999570846558,1.159999966621399,1.160099983215332,421214,0.0,0.0
2026-03-03 14:05:00-05:00,1.159999966621399,1.1699999570846558,1.159999966621399,1.159999966621399,230262,0.0,0.0
2026-03-03 14:10:00-05:00,1.159999966621399,1.1699999570846558,1.159999966621399,1.1699999570846558,190517,0.0,0.0
2026-03-03 14:15:00-05:00,1.159999966621399,1.1699999570846558,1.159999966621399,1.1699999570846558,153068,0.0,0.0
2026-03-03 14:20:00-05:00,1.1699999570846558,1.1699999570846558,1.159999966621399,1.1699999570846558,123079,0.0,0.0
2026-03-03 14:25:00-05:00,1.1650999784469604,1.1699999570846558,1.159999966621399,1.1699999570846558,151997,0.0,0.0
2026-03-03 14:30:00-05:00,1.1649999618530273,1.1699999570846558,1.159999966621399,1.159999966621399,114060,0.0,0.0
2026-03-03 14:35:00-05:00,1.1699999570846558,1.1699999570846558,1.159999966621399,1.1699999570846558,121879,0.0,0.0
2026-03-03 14:40:00-05:00,1.1634999513626099,1.1699999570846558,1.159999966621399,1.1649999618530273,101682,0.0,0.0
2026-03-03 14:45:00-05:00,1.1699999570846558,1.1699999570846558,1.159999966621399,1.159999966621399,140707,0.0,0.0
2026-03-03 14:50:00-05:00,1.159999966621399,1.1699999570846558,1.159999966621399,1.159999966621399,102500,0.0,0.0
2026-03-03 14:55:00-05:00,1.1648999452590942,1.1699999570846558,1.159999966621399,1.159999966621399,188414,0.0,0.0
2026-03-03 15:00:00-05:00,1.159999966621399,1.1699999570846558,1.159999966621399,1.159999966621399,88327,0.0,0.0
2026-03-03 15:05:00-05:00,1.159999966621399,1.1699999570846558,1.159999966621399,1.159999966621399,177114,0.0,0.0
2026-03-03 15:10:00-05:00,1.159999966621399,1.1699999570846558,1.159999966621399,1.1649999618530273,103659,0.0,0.0
2026-03-03 15:15:00-05:00,1.1605000495910645,1.1699999570846558,1.159999966621399,1.1649999618530273,301243,0.0,0.0
2026-03-03 15:20:00-05:00,1.160099983215332,1.1699999570846558,1.159999966621399,1.159999966621399,119606,0.0,0.0
2026-03-03 15:25:00-05:00,1.1649999618530273,1.1699999570846558,1.159999966621399,1.159999966621399,125321,0.0,0.0
2026-03-03 15:30:00-05:00,1.159999966621399,1.1699999570846558,1.159999966621399,1.159999966621399,185926,0.0,0.0
2026-03-03 15:35:00-05:00,1.159999966621399,1.1699999570846558,1.159999966621399,1.159999966621399,106140,0.0,0.0
2026-03-03 15:40:00-05:00,1.160099983215332,1.1699999570846558,1.149999976158142,1.1500999927520752,389509,0.0,0.0
2026-03-03 15:45:00-05:00,1.149999976158142,1.159999966621399,1.1349999904632568,1.1399999856948853,1324520,0.0,0.0
2026-03-03 15:50:00-05:00,1.1449999809265137,1.149999976158142,1.1399999856948853,1.1399999856948853,209260,0.0,0.0
2026-03-03 15:55:00-05:00,1.1399999856948853,1.149999976158142,1.1150000095367432,1.125,1527853,0.0,0.0
2026-03-04 09:30:00-05:00,1.1399999856948853,1.159999966621399,1.1299999952316284,1.1399999856948853,675044,0.0,0.0
2026-03-04 09:35:00-05:00,1.1399999856948853,1.149999976158142,1.1299999952316284,1.1299999952316284,474879,0.0,0.0
2026-03-04 09:40:00-05:00,1.1299999952316284,1.1399999856948853,1.1299999952316284,1.1299999952316284,201060,0.0,0.0
2026-03-04 09:45:00-05:00,1.1328999996185303,1.149999976158142,1.1200000047683716,1.1399999856948853,554976,0.0,0.0
2026-03-04 09:50:00-05:00,1.1399999856948853,1.159999966621399,1.1399999856948853,1.1546000242233276,442281,0.0,0.0
2026-03-04 09:55:00-05:00,1.1550999879837036,1.159999966621399,1.149999976158142,1.159999966621399,293842,0.0,0.0
2026-03-04 10:00:00-05:00,1.159999966621399,1.1699999570846558,1.149999976158142,1.1543999910354614,1342696,0.0,0.0
2026-03-04 10:05:00-05:00,1.1598999500274658,1.159999966621399,1.149999976158142,1.159999966621399,564493,0.0,0.0
2026-03-04 10:10:00-05:00,1.159999966621399,1.1699999570846558,1.149999976158142,1.1649999618530273,844137,0.0,0.0
2026-03-04 10:15:00-05:00,1.1699999570846558,1.1699999570846558,1.159999966621399,1.1699999570846558,304605,0.0,0.0
2026-03-04 10:20:00-05:00,1.1649999618530273,1.1799999475479126,1.159999966621399,1.1749999523162842,952504,0.0,0.0
2026-03-04 10:25:00-05:00,1.1749999523162842,1.1799999475479126,1.159999966621399,1.1699999570846558,365477,0.0,0.0
2026-03-04 10:30:00-05:00,1.1649999618530273,1.1699999570846558,1.159999966621399,1.159999966621399,240108,0.0,0.0
2026-03-04 10:35:00-05:00,1.1643999814987183,1.1699999570846558,1.159999966621399,1.159999966621399,253852,0.0,0.0
2026-03-04 10:40:00-05:00,1.1699999570846558,1.1699999570846558,1.159999966621399,1.159999966621399,416127,0.0,0.0
2026-03-04 10:45:00-05:00,1.159999966621399,1.1699999570846558,1.149999976158142,1.159999966621399,840501,0.0,0.0
2026-03-04 10:50:00-05:00,1.1649999618530273,1.1699999570846558,1.159999966621399,1.1698999404907227,178406,0.0,0.0
2026-03-04 10:55:00-05:00,1.1699999570846558,1.1799999475479126,1.159999966621399,1.1699999570846558,415018,0.0,0.0
2026-03-04 11:00:00-05:00,1.1749999523162842,1.1799999475479126,1.1699999570846558,1.1799999475479126,203150,0.0,0.0
2026-03-04 11:05:00-05:00,1.1799999475479126,1.1799999475479126,1.1699999570846558,1.1799999475479126,201981,0.0,0.0
2026-03-04 11:10:00-05:00,1.1749999523162842,1.1799999475479126,1.1699999570846558,1.1699999570846558,259507,0.0,0.0
2026-03-04 11:15:00-05:00,1.1749999523162842,1.1799999475479126,1.1699999570846558,1.1699999570846558,235572,0.0,0.0
2026-03-04 11:20:00-05:00,1.1749999523162842,1.1799999475479126,1.1699999570846558,1.1799999475479126,243812,0.0,0.0
2026-03-04 11:25:00-05:00,1.1749999523162842,1.1799999475479126,1.1699999570846558,1.1799999475479126,232203,0.0,0.0
2026-03-04 11:30:00-05:00,1.1699999570846558,1.1799999475479126,1.1699999570846558,1.1799999475479126,254436,0.0,0.0
2026-03-04 11:35:00-05:00,1.1799999475479126,1.1799999475479126,1.1699999570846558,1.1699999570846558,177153,0.0,0.0
2026-03-04 11:40:00-05:00,1.1750999689102173,1.190000057220459,1.1699999570846558,1.1799999475479126,582143,0.0,0.0
2026-03-04 11:45:00-05:00,1.1799999475479126,1.190000057220459,1.1799999475479126,1.1799999475479126,262576,0.0,0.0
2026-03-04 11:50:00-05:00,1.1799999475479126,1.190000057220459,1.1799999475479126,1.190000057220459,230350,0.0,0.0
2026-03-04 11:55:00-05:00,1.190000057220459,1.190000057220459,1.1799999475479126,1.1890000104904175,217353,0.0,0.0
2026-03-04 12:00:00-05:00,1.1799999475479126,1.190000057220459,1.1799999475479126,1.184999942779541,237753,0.0,0.0
2026-03-04 12:05:00-05:00,1.190000057220459,1.190000057220459,1.1799999475479126,1.1799999475479126,211270,0.0,0.0
2026-03-04 12:10:00-05:00,1.1799999475479126,1.2000000476837158,1.1799999475479126,1.190000057220459,807950,0.0,0.0
2026-03-04 12:15:00-05:00,1.190000057220459,1.2000000476837158,1.190000057220459,1.2000000476837158,559317,0.0,0.0
2026-03-04 12:20:00-05:00,1.190000057220459,1.2000000476837158,1.190000057220459,1.1900999546051025,241332,0.0,0.0
2026-03-04 12:25:00-05:00,1.190000057220459,1.2000000476837158,1.190000057220459,1.190000057220459,204020,0.0,0.0
2026-03-04 12:30:00-05:00,1.190000057220459,1.2000000476837158,1.190000057220459,1.190000057220459,172002,0.0,0.0
2026-03-04 12:35:00-05:00,1.2000000476837158,1.2100000381469727,1.190000057220459,1.2050000429153442,1019010,0.0,0.0
2026-03-04 12:40:00-05:00,1.2100000381469727,1.2100000381469727,1.2000000476837158,1.2100000381469727,315349,0.0,0.0
2026-03-04 12:45:00-05:00,1.2100000381469727,1.2100000381469727,1.190000057220459,1.190000057220459,364881,0.0,0.0
2026-03-04 12:50:00-05:00,1.1900999546051025,1.2000000476837158,1.190000057220459,1.1950000524520874,212396,0.0,0.0
2026-03-04 12:55:00-05:00,1.190000057220459,1.2000000476837158,1.190000057220459,1.2000000476837158,141688,0.0,0.0
2026-03-04 13:00:00-05:00,1.190000057220459,1.2000000476837158,1.190000057220459,1.2000000476837158,176205,0.0,0.0
2026-03-04 13:05:00-05:00,1.2000000476837158,1.2000000476837158,1.190000057220459,1.1950000524520874,172650,0.0,0.0
2026-03-04 13:10:00-05:00,1.190000057220459,1.2100000381469727,1.190000057220459,1.2000000476837158,945695,0.0,0.0
2026-03-04 13:15:00-05:00,1.2000000476837158,1.2100000381469727,1.2000000476837158,1.2019000053405762,428599,0.0,0.0
2026-03-04 13:20:00-05:00,1.2000000476837158,1.2100000381469727,1.2000000476837158,1.2000000476837158,197210,0.0,0.0
2026-03-04 13:25:00-05:00,1.2100000381469727,1.2100000381469727,1.2000000476837158,1.2000999450683594,190944,0.0,0.0
2026-03-04 13:30:00-05:00,1.2050000429153442,1.2100000381469727,1.190000057220459,1.190000057220459,480365,0.0,0.0
2026-03-04 13:35:00-05:00,1.1901999711990356,1.2000000476837158,1.190000057220459,1.1900999546051025,160073,0.0,0.0
2026-03-04 13:40:00-05:00,1.190000057220459,1.2000000476837158,1.190000057220459,1.190000057220459,145193,0.0,0.0
2026-03-04 13:45:00-05:00,1.1950000524520874,1.2000000476837158,1.190000057220459,1.190000057220459,170482,0.0,0.0
2026-03-04 13:50:00-05:00,1.190000057220459,1.2000000476837158,1.190000057220459,1.190000057220459,119050,0.0,0.0
2026-03-04 13:55:00-05:00,1.1950000524520874,1.2000000476837158,1.190000057220459,1.2000000476837158,131178,0.0,0.0
2026-03-04 14:00:00-05:00,1.2000000476837158,1.2000000476837158,1.190000057220459,1.1950000524520874,126946,0.0,0.0
2026-03-04 14:05:00-05:00,1.2000000476837158,1.2000000476837158,1.190000057220459,1.190000057220459,128370,0.0,0.0
2026-03-04 14:10:00-05:00,1.190000057220459,1.2000000476837158,1.190000057220459,1.2000000476837158,204026,0.0,0.0
2026-03-04 14:15:00-05:00,1.190000057220459,1.2100000381469727,1.190000057220459,1.2000000476837158,435948,0.0,0.0
2026-03-04 14:20:00-05:00,1.2000000476837158,1.2100000381469727,1.2000000476837158,1.2100000381469727,125304,0.0,0.0
2026-03-04 14:25:00-05:00,1.2050000429153442,1.2100000381469727,1.2000000476837158,1.2000000476837158,104774,0.0,0.0
2026-03-04 14:30:00-05:00,1.2000999450683594,1.2100000381469727,1.2000000476837158,1.2000999450683594,181990,0.0,0.0
2026-03-04 14:35:00-05:00,1.2050000429153442,1.2100000381469727,1.2000000476837158,1.2050000429153442,126239,0.0,0.0
2026-03-04 14:40:00-05:00,1.2100000381469727,1.2100000381469727,1.2000000476837158,1.2050000429153442,133571,0.0,0.0
2026-03-04 14:45:00-05:00,1.2000000476837158,1.2100000381469727,1.2000000476837158,1.2000000476837158,229141,0.0,0.0
2026-03-04 14:50:00-05:00,1.2100000381469727,1.2100000381469727,1.2000000476837158,1.2000000476837158,358591,0.0,0.0
2026-03-04 14:55:00-05:00,1.2050000429153442,1.2100000381469727,1.2000000476837158,1.2000000476837158,120277,0.0,0.0
2026-03-04 15:00:00-05:00,1.2100000381469727,1.2100000381469727,1.2000000476837158,1.2000000476837158,156423,0.0,0.0
2026-03-04 15:05:00-05:00,1.2000000476837158,1.2100000381469727,1.2000000476837158,1.2100000381469727,122703,0.0,0.0
2026-03-04 15:10:00-05:00,1.2000000476837158,1.2100000381469727,1.190000057220459,1.190000057220459,309183,0.0,0.0
2026-03-04 15:15:00-05:00,1.1902999877929688,1.2000000476837158,1.190000057220459,1.190000057220459,155615,0.0,0.0
2026-03-04 15:20:00-05:00,1.1900999546051025,1.2000000476837158,1.190000057220459,1.190000057220459,170650,0.0,0.0
2026-03-04 15:25:00-05:00,1.1900999546051025,1.2000000476837158,1.190000057220459,1.190000057220459,88036,0.0,0.0
2026-03-04 15:30:00-05:00,1.190000057220459,1.2000000476837158,1.190000057220459,1.190000057220459,303282,0.0,0.0
2026-03-04 15:35:00-05:00,1.190000057220459,1.2000000476837158,1.190000057220459,1.190000057220459,88854,0.0,0.0
2026-03-04 15:40:00-05:00,1.190000057220459,1.2000000476837158,1.1799999475479126,1.190000057220459,384964,0.0,0.0
2026-03-04 15:45:00-05:00,1.1799999475479126,1.190000057220459,1.1799999475479126,1.1799999475479126,151585,0.0,0.0
2026-03-04 15:50:00-05:00,1.184999942779541,1.190000057220459,1.1799999475479126,1.184999942779541,103245,0.0,0.0
2026-03-04 15:55:00-05:00,1.184999942779541,1.190000057220459,1.1699999570846558,1.1699999570846558,891465,0.0,0.0
2026-03-05 09:30:00-05:00,1.1699999570846558,1.2000000476837158,1.159999966621399,1.2000000476837158,681996,0.0,0.0
2026-03-05 09:35:00-05:00,1.2000000476837158,1.2000000476837158,1.190000057220459,1.2000000476837158,696264,0.0,0.0
2026-03-05 09:40:00-05:00,1.1950000524520874,1.2000000476837158,1.190000057220459,1.2000000476837158,393947,0.0,0.0
2026-03-05 09:45:00-05:00,1.190000057220459,1.2000000476837158,1.190000057220459,1.190000057220459,549993,0.0,0.0
2026-03-05 09:50:00-05:00,1.2000000476837158,1.2100000381469727,1.190000057220459,1.2000000476837158,729989,0.0,0.0
2026-03-05 09:55:00-05:00,1.2050000429153442,1.2100000381469727,1.2000000476837158,1.2100000381469727,399607,0.0,0.0
2026-03-05 10:00:00-05:00,1.2050000429153442,1.2200000286102295,1.2000999450683594,1.2200000286102295,743783,0.0,0.0
2026-03-05 10:05:00-05:00,1.2100000381469727,1.25,1.2100000381469727,1.2400000095367432,1551093,0.0,0.0
2026-03-05 10:10:00-05:00,1.235700011253357,1.2450000047683716,1.2300000190734863,1.2300000190734863,1670054,0.0,0.0
2026-03-05 10:15:00-05:00,1.2300000190734863,1.2400000095367432,1.2300000190734863,1.2350000143051147,388995,0.0,0.0
2026-03-05 10:20:00-05:00,1.2300000190734863,1.25,1.2100000381469727,1.215000033378601,1203327,0.0,0.0
2026-03-05 10:25:00-05:00,1.2199000120162964,1.2200000286102295,1.2100000381469727,1.215000033378601,421932,0.0,0.0
2026-03-05 10:30:00-05:00,1.215000033378601,1.2200000286102295,1.2000000476837158,1.2101999521255493,884564,0.0,0.0
2026-03-05 10:35:00-05:00,1.2100000381469727,1.2200000286102295,1.2000000476837158,1.215000033378601,918545,0.0,0.0
2026-03-05 10:40:00-05:00,1.2100000381469727,1.2200000286102295,1.2100000381469727,1.2101000547409058,1183762,0.0,0.0
2026-03-05 10:45:00-05:00,1.2100000381469727,1.2200000286102295,1.2100000381469727,1.2100000381469727,349663,0.0,0.0
2026-03-05 10:50:00-05:00,1.2200000286102295,1.2200000286102295,1.2100000381469727,1.2100000381469727,224276,0.0,0.0
2026-03-05 10:55:00-05:00,1.2101000547409058,1.2200000286102295,1.2100000381469727,1.2100000381469727,288535,0.0,0.0
2026-03-05 11:00:00-05:00,1.2100000381469727,1.2200000286102295,1.2050000429153442,1.215000033378601,1336033,0.0,0.0
2026-03-05 11:05:00-05:00,1.215000033378601,1.2200000286102295,1.2000000476837158,1.2100000381469727,879589,0.0,0.0
2026-03-05 11:10:00-05:00,1.2100000381469727,1.2100000381469727,1.2000000476837158,1.2000000476837158,201737,0.0,0.0
2026-03-05 11:15:00-05:00,1.2000000476837158,1.2100000381469727,1.2000000476837158,1.2000000476837158,168257,0.0,0.0
2026-03-05 11:20:00-05:00,1.2000000476837158,1.2100000381469727,1.2000000476837158,1.2099000215530396,217745,0.0,0.0
2026-03-05 11:25:00-05:00,1.2100000381469727,1.2100000381469727,1.2000000476837158,1.2000000476837158,217103,0.0,0.0
2026-03-05 11:30:00-05:00,1.2100000381469727,1.2100000381469727,1.2000000476837158,1.2000000476837158,194552,0.0,0.0
2026-03-05 11:35:00-05:00,1.2000000476837158,1.2100000381469727,1.2000000476837158,1.2050000429153442,253046,0.0,0.0
2026-03-05 11:40:00-05:00,1.2000000476837158,1.2100000381469727,1.2000000476837158,1.2000000476837158,189106,0.0,0.0
2026-03-05 11:45:00-05:00,1.2000999450683594,1.2100000381469727,1.2000000476837158,1.2100000381469727,178037,0.0,0.0
2026-03-05 11:50:00-05:00,1.2000000476837158,1.2100000381469727,1.2000000476837158,1.2100000381469727,174463,0.0,0.0
2026-03-05 11:55:00-05:00,1.2000000476837158,1.2100000381469727,1.2000000476837158,1.2000000476837158,187185,0.0,0.0
2026-03-05 12:00:00-05:00,1.2100000381469727,1.2100000381469727,1.2000000476837158,1.2100000381469727,188336,0.0,0.0
2026-03-05 12:05:00-05:00,1.2000000476837158,1.2100000381469727,1.2000000476837158,1.2100000381469727,191056,0.0,0.0
2026-03-05 12:10:00-05:00,1.2100000381469727,1.2100000381469727,1.2000000476837158,1.2000000476837158,152689,0.0,0.0
2026-03-05 12:15:00-05:00,1.2050000429153442,1.2100000381469727,1.2000000476837158,1.2100000381469727,207266,0.0,0.0
2026-03-05 12:20:00-05:00,1.2100000381469727,1.2100000381469727,1.2000000476837158,1.2000999450683594,179775,0.0,0.0
2026-03-05 12:25:00-05:00,1.2000000476837158,1.2100000381469727,1.2000000476837158,1.2000999450683594,193447,0.0,0.0
2026-03-05 12:30:00-05:00,1.2049000263214111,1.2100000381469727,1.190000057220459,1.2000000476837158,435979,0.0,0.0
2026-03-05 12:35:00-05:00,1.190000057220459,1.2000000476837158,1.190000057220459,1.190000057220459,177683,0.0,0.0
2026-03-05 12:40:00-05:00,1.2000000476837158,1.2000000476837158,1.190000057220459,1.2000000476837158,222738,0.0,0.0
2026-03-05 12:45:00-05:00,1.190000057220459,1.2000000476837158,1.190000057220459,1.190000057220459,251469,0.0,0.0
2026-03-05 12:50:00-05:00,1.190000057220459,1.2000000476837158,1.184999942779541,1.190000057220459,1111674,0.0,0.0
2026-03-05 12:55:00-05:00,1.2000000476837158,1.2000000476837158,1.190000057220459,1.190000057220459,145003,0.0,0.0
2026-03-05 13:00:00-05:00,1.190000057220459,1.2000000476837158,1.190000057220459,1.190000057220459,136669,0.0,0.0
2026-03-05 13:05:00-05:00,1.2000000476837158,1.2000000476837158,1.190000057220459,1.190000057220459,124107,0.0,0.0
2026-03-05 13:10:00-05:00,1.1950000524520874,1.2000000476837158,1.190000057220459,1.1999000310897827,127029,0.0,0.0
2026-03-05 13:15:00-05:00,1.1950000524520874,1.2000000476837158,1.190000057220459,1.1900999546051025,103153,0.0,0.0
2026-03-05 13:20:00-05:00,1.1950000524520874,1.2000000476837158,1.190000057220459,1.190000057220459,197730,0.0,0.0
2026-03-05 13:25:00-05:00,1.190000057220459,1.2000000476837158,1.190000057220459,1.1950000524520874,133537,0.0,0.0
2026-03-05 13:30:00-05:00,1.190000057220459,1.2000000476837158,1.190000057220459,1.1900999546051025,158136,0.0,0.0
2026-03-05 13:35:00-05:00,1.190000057220459,1.2000000476837158,1.190000057220459,1.190000057220459,138137,0.0,0.0
2026-03-05 13:40:00-05:00,1.2000000476837158,1.2000000476837158,1.190000057220459,1.2000000476837158,125238,0.0,0.0
2026-03-05 13:45:00-05:00,1.2000000476837158,1.2000000476837158,1.190000057220459,1.2000000476837158,128421,0.0,0.0
2026-03-05 13:50:00-05:00,1.190000057220459,1.2000000476837158,1.190000057220459,1.2000000476837158,252668,0.0,0.0
2026-03-05 13:55:00-05:00,1.2000000476837158,1.2000000476837158,1.1799999475479126,1.190000057220459,304291,0.0,0.0
2026-03-05 14:00:00-05:00,1.184999942779541,1.190000057220459,1.1799999475479126,1.1899000406265259,1426518,0.0,0.0
2026-03-05 14:05:00-05:00,1.184999942779541,1.2000000476837158,1.184999942779541,1.2000000476837158,409748,0.0,0.0
2026-03-05 14:10:00-05:00,1.190000057220459,1.2000000476837158,1.190000057220459,1.190000057220459,122357,0.0,0.0
2026-03-05 14:15:00-05:00,1.2000000476837158,1.2000000476837158,1.190000057220459,1.1999000310897827,107167,0.0,0.0
2026-03-05 14:20:00-05:00,1.2000000476837158,1.2000000476837158,1.190000057220459,1.190000057220459,126483,0.0,0.0
2026-03-05 14:25:00-05:00,1.190000057220459,1.2000000476837158,1.190000057220459,1.190000057220459,113978,0.0,0.0
2026-03-05 14:30:00-05:00,1.1999000310897827,1.2000000476837158,1.190000057220459,1.2000000476837158,125745,0.0,0.0
2026-03-05 14:35:00-05:00,1.190000057220459,1.2000000476837158,1.190000057220459,1.2000000476837158,128608,0.0,0.0
2026-03-05 14:40:00-05:00,1.2000000476837158,1.2000000476837158,1.190000057220459,1.190000057220459,136455,0.0,0.0
2026-03-05 14:45:00-05:00,1.2000000476837158,1.2000000476837158,1.190000057220459,1.2000000476837158,101084,0.0,0.0
2026-03-05 14:50:00-05:00,1.190000057220459,1.2000000476837158,1.190000057220459,1.2000000476837158,145437,0.0,0.0
2026-03-05 14:55:00-05:00,1.2000000476837158,1.2000000476837158,1.190000057220459,1.190000057220459,112916,0.0,0.0
2026-03-05 15:00:00-05:00,1.2000000476837158,1.2000000476837158,1.190000057220459,1.190000057220459,109548,0.0,0.0
2026-03-05 15:05:00-05:00,1.2000000476837158,1.2000000476837158,1.190000057220459,1.2000000476837158,111519,0.0,0.0
2026-03-05 15:10:00-05:00,1.190000057220459,1.2000000476837158,1.190000057220459,1.190000057220459,107175,0.0,0.0
2026-03-05 15:15:00-05:00,1.1950000524520874,1.2000000476837158,1.190000057220459,1.2000000476837158,187076,0.0,0.0
2026-03-05 15:20:00-05:00,1.2000000476837158,1.2000000476837158,1.190000057220459,1.190000057220459,150422,0.0,0.0
2026-03-05 15:25:00-05:00,1.190000057220459,1.2000000476837158,1.190000057220459,1.2000000476837158,130769,0.0,0.0
2026-03-05 15:30:00-05:00,1.2000000476837158,1.2000000476837158,1.190000057220459,1.190000057220459,108338,0.0,0.0
2026-03-05 15:35:00-05:00,1.2000000476837158,1.2000000476837158,1.190000057220459,1.2000000476837158,126792,0.0,0.0
2026-03-05 15:40:00-05:00,1.1950000524520874,1.2000000476837158,1.190000057220459,1.190000057220459,119920,0.0,0.0
2026-03-05 15:45:00-05:00,1.190000057220459,1.2000000476837158,1.190000057220459,1.190000057220459,147742,0.0,0.0
2026-03-05 15:50:00-05:00,1.1950000524520874,1.2000000476837158,1.190000057220459,1.2000000476837158,163397,0.0,0.0
2026-03-05 15:55:00-05:00,1.2000000476837158,1.2050000429153442,1.1799999475479126,1.2050000429153442,977105,0.0,0.0
2026-03-06 09:30:00-05:00,1.190000057220459,1.2000000476837158,1.1799999475479126,1.190000057220459,542211,0.0,0.0
2026-03-06 09:35:00-05:00,1.2000000476837158,1.2000000476837158,1.1799999475479126,1.190000057220459,557985,0.0,0.0
2026-03-06 09:40:00-05:00,1.184999942779541,1.190000057220459,1.1799999475479126,1.1799999475479126,249117,0.0,0.0
2026-03-06 09:45:00-05:00,1.1799999475479126,1.190000057220459,1.1699999570846558,1.1749999523162842,483053,0.0,0.0
2026-03-06 09:50:00-05:00,1.1749999523162842,1.1799999475479126,1.1699999570846558,1.1699999570846558,358830,0.0,0.0
2026-03-06 09:55:00-05:00,1.1799999475479126,1.1799999475479126,1.1699999570846558,1.1699999570846558,263534,0.0,0.0
2026-03-06 10:00:00-05:00,1.1799999475479126,1.1799999475479126,1.1699999570846558,1.1699999570846558,347778,0.0,0.0
2026-03-06 10:05:00-05:00,1.1699999570846558,1.1799999475479126,1.1699999570846558,1.1799999475479126,343037,0.0,0.0
2026-03-06 10:10:00-05:00,1.1749999523162842,1.1799999475479126,1.1699999570846558,1.1699999570846558,241784,0.0,0.0
2026-03-06 10:15:00-05:00,1.1799999475479126,1.1799999475479126,1.1699999570846558,1.1799999475479126,219561,0.0,0.0
2026-03-06 10:20:00-05:00,1.1699999570846558,1.1799999475479126,1.1699999570846558,1.1699999570846558,287025,0.0,0.0
2026-03-06 10:25:00-05:00,1.1739000082015991,1.1799999475479126,1.1699999570846558,1.1699999570846558,245862,0.0,0.0
2026-03-06 10:30:00-05:00,1.1749999523162842,1.1799999475479126,1.1699999570846558,1.1799999475479126,213951,0.0,0.0
2026-03-06 10:35:00-05:00,1.1699999570846558,1.1799999475479126,1.1699999570846558,1.1799999475479126,219103,0.0,0.0
2026-03-06 10:40:00-05:00,1.1699999570846558,1.1799999475479126,1.1699999570846558,1.1699999570846558,435976,0.0,0.0
2026-03-06 10:45:00-05:00,1.1766999959945679,1.1799999475479126,1.1699999570846558,1.1699999570846558,247888,0.0,0.0
2026-03-06 10:50:00-05:00,1.1749999523162842,1.1799999475479126,1.1699999570846558,1.1799999475479126,252463,0.0,0.0
2026-03-06 10:55:00-05:00,1.1699999570846558,1.1799999475479126,1.1699999570846558,1.1799999475479126,240715,0.0,0.0
2026-03-06 11:00:00-05:00,1.179900050163269,1.1799999475479126,1.1699999570846558,1.1699999570846558,198729,0.0,0.0
2026-03-06 11:05:00-05:00,1.1699999570846558,1.1799999475479126,1.1699999570846558,1.1699999570846558,222155,0.0,0.0
2026-03-06 11:10:00-05:00,1.1699999570846558,1.1799999475479126,1.1699999570846558,1.1799999475479126,247498,0.0,0.0
2026-03-06 11:15:00-05:00,1.1699999570846558,1.1799999475479126,1.1699999570846558,1.1700999736785889,188445,0.0,0.0
2026-03-06 11:20:00-05:00,1.1699999570846558,1.1799999475479126,1.1699999570846558,1.1699999570846558,359036,0.0,0.0
2026-03-06 11:25:00-05:00,1.1799999475479126,1.1799999475479126,1.159999966621399,1.159999966621399,562693,0.0,0.0
2026-03-06 11:30:00-05:00,1.1649999618530273,1.1699999570846558,1.159999966621399,1.159999966621399,225843,0.0,0.0
2026-03-06 11:35:00-05:00,1.159999966621399,1.1699999570846558,1.159999966621399,1.159999966621399,301480,0.0,0.0
2026-03-06 11:40:00-05:00,1.1649999618530273,1.1699999570846558,1.159999966621399,1.159999966621399,233199,0.0,0.0
2026-03-06 11:45:00-05:00,1.159999966621399,1.1699999570846558,1.159999966621399,1.1699999570846558,265038,0.0,0.0
2026-03-06 11:50:00-05:00,1.159999966621399,1.1699999570846558,1.159999966621399,1.1699999570846558,172369,0.0,0.0
2026-03-06 11:55:00-05:00,1.1699999570846558,1.1699999570846558,1.159999966621399,1.1649999618530273,163605,0.0,0.0
2026-03-06 12:00:00-05:00,1.159999966621399,1.1699999570846558,1.159999966621399,1.159999966621399,157719,0.0,0.0
2026-03-06 12:05:00-05:00,1.159999966621399,1.1699999570846558,1.159999966621399,1.160099983215332,181597,0.0,0.0
2026-03-06 12:10:00-05:00,1.159999966621399,1.1699999570846558,1.159999966621399,1.159999966621399,175918,0.0,0.0
2026-03-06 12:15:00-05:00,1.1649999618530273,1.1699999570846558,1.159999966621399,1.159999966621399,164684,0.0,0.0
2026-03-06 12:20:00-05:00,1.1699999570846558,1.1699999570846558,1.159999966621399,1.1649999618530273,189597,0.0,0.0
2026-03-06 12:25:00-05:00,1.1699999570846558,1.1699999570846558,1.159999966621399,1.160099983215332,315049,0.0,0.0
2026-03-06 12:30:00-05:00,1.1649999618530273,1.1699999570846558,1.159999966621399,1.159999966621399,166429,0.0,0.0
2026-03-06 12:35:00-05:00,1.159999966621399,1.1699999570846558,1.159999966621399,1.1699999570846558,200838,0.0,0.0
2026-03-06 12:40:00-05:00,1.159999966621399,1.1699999570846558,1.149999976158142,1.149999976158142,437049,0.0,0.0
2026-03-06 12:45:00-05:00,1.159999966621399,1.159999966621399,1.149999976158142,1.159999966621399,162389,0.0,0.0
2026-03-06 12:50:00-05:00,1.159999966621399,1.159999966621399,1.149999976158142,1.1549999713897705,138626,0.0,0.0
2026-03-06 12:55:00-05:00,1.159999966621399,1.159999966621399,1.149999976158142,1.149999976158142,150403,0.0,0.0
2026-03-06 13:00:00-05:00,1.149999976158142,1.159999966621399,1.149999976158142,1.159999966621399,231498,0.0,0.0
2026-03-06 13:05:00-05:00,1.149999976158142,1.159999966621399,1.149999976158142,1.149999976158142,207177,0.0,0.0
2026-03-06 13:10:00-05:00,1.1500999927520752,1.159999966621399,1.149999976158142,1.1598999500274658,355543,0.0,0.0
2026-03-06 13:15:00-05:00,1.1549999713897705,1.159999966621399,1.149999976158142,1.159999966621399,1348110,0.0,0.0
2026-03-06 13:20:00-05:00,1.1582000255584717,1.1699999570846558,1.149999976158142,1.1612999439239502,1397760,0.0,0.0
2026-03-06 13:25:00-05:00,1.1649999618530273,1.1699999570846558,1.149999976158142,1.1598999500274658,603354,0.0,0.0
2026-03-06 13:30:00-05:00,1.159999966621399,1.1699999570846558,1.149999976158142,1.159999966621399,726087,0.0,0.0
2026-03-06 13:35:00-05:00,1.159999966621399,1.1699999570846558,1.159999966621399,1.159999966621399,166402,0.0,0.0
2026-03-06 13:40:00-05:00,1.1628999710083008,1.1699999570846558,1.159999966621399,1.1699999570846558,161080,0.0,0.0
2026-03-06 13:45:00-05:00,1.159999966621399,1.1699999570846558,1.159999966621399,1.159999966621399,146417,0.0,0.0
2026-03-06 13:50:00-05:00,1.1699999570846558,1.1699999570846558,1.159999966621399,1.1699999570846558,162359,0.0,0.0
2026-03-06 13:55:00-05:00,1.1649999618530273,1.1699999570846558,1.159999966621399,1.1699999570846558,122344,0.0,0.0
2026-03-06 14:00:00-05:00,1.1699999570846558,1.1699999570846558,1.159999966621399,1.159999966621399,187190,0.0,0.0
2026-03-06 14:05:00-05:00,1.1698999404907227,1.1699999570846558,1.159999966621399,1.159999966621399,183646,0.0,0.0
2026-03-06 14:10:00-05:00,1.1699999570846558,1.1699999570846558,1.159999966621399,1.1699999570846558,252810,0.0,0.0
2026-03-06 14:15:00-05:00,1.1699999570846558,1.1699999570846558,1.159999966621399,1.159999966621399,139884,0.0,0.0
2026-03-06 14:20:00-05:00,1.159999966621399,1.1699999570846558,1.159999966621399,1.159999966621399,167366,0.0,0.0
2026-03-06 14:25:00-05:00,1.159999966621399,1.1699999570846558,1.159999966621399,1.159999966621399,129285,0.0,0.0
2026-03-06 14:30:00-05:00,1.1699999570846558,1.1699999570846558,1.159999966621399,1.1699999570846558,173691,0.0,0.0
2026-03-06 14:35:00-05:00,1.1699999570846558,1.1699999570846558,1.159999966621399,1.159999966621399,104153,0.0,0.0
2026-03-06 14:40:00-05:00,1.1649999618530273,1.1699999570846558,1.159999966621399,1.1649999618530273,149689,0.0,0.0
2026-03-06 14:45:00-05:00,1.159999966621399,1.1699999570846558,1.159999966621399,1.159999966621399,124885,0.0,0.0
2026-03-06 14:50:00-05:00,1.1699999570846558,1.1699999570846558,1.159999966621399,1.159999966621399,82063,0.0,0.0
2026-03-06 14:55:00-05:00,1.1699999570846558,1.1699999570846558,1.159999966621399,1.1649999618530273,136053,0.0,0.0
2026-03-06 15:00:00-05:00,1.1649999618530273,1.1699999570846558,1.159999966621399,1.159999966621399,136488,0.0,0.0
2026-03-06 15:05:00-05:00,1.1649999618530273,1.1699999570846558,1.159999966621399,1.1699999570846558,124337,0.0,0.0
2026-03-06 15:10:00-05:00,1.159999966621399,1.1699999570846558,1.159999966621399,1.1699999570846558,149000,0.0,0.0
2026-03-06 15:15:00-05:00,1.1699999570846558,1.1699999570846558,1.159999966621399,1.159999966621399,145927,0.0,0.0
2026-03-06 15:20:00-05:00,1.1699999570846558,1.1699999570846558,1.159999966621399,1.1649999618530273,123364,0.0,0.0
2026-03-06 15:25:00-05:00,1.1699999570846558,1.1699999570846558,1.149999976158142,1.149999976158142,344509,0.0,0.0
2026-03-06 15:30:00-05:00,1.149999976158142,1.159999966621399,1.149999976158142,1.159999966621399,110686,0.0,0.0
2026-03-06 15:35:00-05:00,1.149999976158142,1.159999966621399,1.149999976158142,1.1549999713897705,307882,0.0,0.0
2026-03-06 15:40:00-05:00,1.149999976158142,1.159999966621399,1.149999976158142,1.1549999713897705,133573,0.0,0.0
2026-03-06 15:45:00-05:00,1.149999976158142,1.159999966621399,1.149999976158142,1.159999966621399,158629,0.0,0.0
2026-03-06 15:50:00-05:00,1.149999976158142,1.1699999570846558,1.149999976158142,1.1649999618530273,1192891,0.0,0.0
2026-03-06 15:55:00-05:00,1.159999966621399,1.1699999570846558,1.159999966621399,1.159999966621399,630026,0.0,0.0
2026-03-09 09:30:00-04:00,1.149999976158142,1.159999966621399,1.1399999856948853,1.1399999856948853,1172797,0.0,0.0
2026-03-09 09:35:00-04:00,1.1399999856948853,1.149999976158142,1.1399999856948853,1.1399999856948853,554155,0.0,0.0
2026-03-09 09:40:00-04:00,1.1449999809265137,1.149999976158142,1.1399999856948853,1.1399999856948853,646401,0.0,0.0
2026-03-09 09:45:00-04:00,1.1449999809265137,1.149999976158142,1.1399999856948853,1.1399999856948853,535711,0.0,0.0
2026-03-09 09:50:00-04:00,1.1449999809265137,1.159999966621399,1.1399999856948853,1.149999976158142,1941525,0.0,0.0
2026-03-09 09:55:00-04:00,1.149999976158142,1.149999976158142,1.1399999856948853,1.149999976158142,440859,0.0,0.0
2026-03-09 10:00:00-04:00,1.1399999856948853,1.149999976158142,1.1399999856948853,1.149999976158142,390939,0.0,0.0
2026-03-09 10:05:00-04:00,1.149999976158142,1.149999976158142,1.1399999856948853,1.1399999856948853,1114129,0.0,0.0
2026-03-09 10:10:00-04:00,1.1399999856948853,1.149999976158142,1.1399999856948853,1.1449999809265137,435806,0.0,0.0
2026-03-09 10:15:00-04:00,1.149999976158142,1.149999976158142,1.1399999856948853,1.1449999809265137,402319,0.0,0.0
2026-03-09 10:20:00-04:00,1.1449999809265137,1.149999976158142,1.1399999856948853,1.1399999856948853,356298,0.0,0.0
2026-03-09 10:25:00-04:00,1.149899959564209,1.149999976158142,1.1200000047683716,1.1299999952316284,1009684,0.0,0.0
2026-03-09 10:30:00-04:00,1.125,1.1299999952316284,1.1100000143051147,1.1200000047683716,2238309,0.0,0.0
2026-03-09 10:35:00-04:00,1.1150000095367432,1.1200000047683716,1.1100000143051147,1.118399977684021,723560,0.0,0.0
2026-03-09 10:40:00-04:00,1.1200000047683716,1.1200000047683716,1.1100000143051147,1.1200000047683716,603370,0.0,0.0
2026-03-09 10:45:00-04:00,1.1200000047683716,1.1200000047683716,1.1100000143051147,1.1150000095367432,539732,0.0,0.0
2026-03-09 10:50:00-04:00,1.1200000047683716,1.1200000047683716,1.1100000143051147,1.1100000143051147,402312,0.0,0.0
2026-03-09 10:55:00-04:00,1.1100000143051147,1.1200000047683716,1.1100000143051147,1.1200000047683716,495144,0.0,0.0
2026-03-09 11:00:00-04:00,1.1100000143051147,1.1200000047683716,1.1100000143051147,1.1200000047683716,498371,0.0,0.0
2026-03-09 11:05:00-04:00,1.1100000143051147,1.1200000047683716,1.1100000143051147,1.1200000047683716,286141,0.0,0.0
2026-03-09 11:10:00-04:00,1.1200000047683716,1.1200000047683716,1.1100000143051147,1.1150000095367432,556873,0.0,0.0
2026-03-09 11:15:00-04:00,1.1200000047683716,1.1299999952316284,1.1100000143051147,1.1200000047683716,1433303,0.0,0.0
2026-03-09 11:20:00-04:00,1.1299999952316284,1.1299999952316284,1.1200000047683716,1.1201000213623047,1117419,0.0,0.0
2026-03-09 11:25:00-04:00,1.125,1.1299999952316284,1.1200000047683716,1.1299999952316284,276403,0.0,0.0
2026-03-09 11:30:00-04:00,1.125,1.1299999952316284,1.1200000047683716,1.1200000047683716,357238,0.0,0.0
2026-03-09 11:35:00-04:00,1.125,1.1299999952316284,1.1100000143051147,1.1150000095367432,622130,0.0,0.0
2026-03-09 11:40:00-04:00,1.1100000143051147,1.1200000047683716,1.1100000143051147,1.1200000047683716,307131,0.0,0.0
2026-03-09 11:45:00-04:00,1.1150000095367432,1.1297999620437622,1.1100000143051147,1.1100000143051147,733646,0.0,0.0
2026-03-09 11:50:00-04:00,1.1200000047683716,1.1200000047683716,1.1100000143051147,1.1200000047683716,237974,0.0,0.0
2026-03-09 11:55:00-04:00,1.1200000047683716,1.1200000047683716,1.1100000143051147,1.1150000095367432,377322,0.0,0.0
2026-03-09 12:00:00-04:00,1.1100000143051147,1.1200000047683716,1.1100000143051147,1.1100000143051147,888120,0.0,0.0
2026-03-09 12:05:00-04:00,1.1150000095367432,1.1200000047683716,1.1100000143051147,1.1150000095367432,267566,0.0,0.0
2026-03-09 12:10:00-04:00,1.1150000095367432,1.1200000047683716,1.1100000143051147,1.1150000095367432,335921,0.0,0.0
2026-03-09 12:15:00-04:00,1.1150000095367432,1.1200000047683716,1.1100000143051147,1.1198999881744385,437185,0.0,0.0
2026-03-09 12:20:00-04:00,1.1150000095367432,1.1200000047683716,1.1100000143051147,1.1200000047683716,513062,0.0,0.0
2026-03-09 12:25:00-04:00,1.1150000095367432,1.1200000047683716,1.1100000143051147,1.1198999881744385,329910,0.0,0.0
2026-03-09 12:30:00-04:00,1.1150000095367432,1.1200000047683716,1.1100000143051147,1.1150000095367432,308718,0.0,0.0
2026-03-09 12:35:00-04:00,1.1150000095367432,1.1200000047683716,1.1100000143051147,1.1150000095367432,340693,0.0,0.0
2026-03-09 12:40:00-04:00,1.1200000047683716,1.1200000047683716,1.1100000143051147,1.1150000095367432,244391,0.0,0.0
2026-03-09 12:45:00-04:00,1.1150000095367432,1.1200000047683716,1.1100000143051147,1.1150000095367432,345116,0.0,0.0
2026-03-09 12:50:00-04:00,1.1150000095367432,1.1200000047683716,1.1100000143051147,1.1100000143051147,315045,0.0,0.0
2026-03-09 12:55:00-04:00,1.1150000095367432,1.1200000047683716,1.1100000143051147,1.1150000095367432,248589,0.0,0.0
2026-03-09 13:00:00-04:00,1.1200000047683716,1.1200000047683716,1.1100000143051147,1.1100000143051147,269198,0.0,0.0
2026-03-09 13:05:00-04:00,1.1200000047683716,1.1200000047683716,1.1100000143051147,1.1150000095367432,229730,0.0,0.0
2026-03-09 13:10:00-04:00,1.1100000143051147,1.1200000047683716,1.1100000143051147,1.1100000143051147,137043,0.0,0.0
2026-03-09 13:15:00-04:00,1.1100000143051147,1.1200000047683716,1.1100000143051147,1.1100000143051147,269624,0.0,0.0
2026-03-09 13:20:00-04:00,1.1100000143051147,1.1200000047683716,1.090000033378601,1.0999000072479248,3074813,0.0,0.0
2026-03-09 13:25:00-04:00,1.090000033378601,1.1100000143051147,1.090000033378601,1.1050000190734863,632296,0.0,0.0
2026-03-09 13:30:00-04:00,1.1050000190734863,1.1100000143051147,1.100000023841858,1.1100000143051147,148651,0.0,0.0
2026-03-09 13:35:00-04:00,1.1100000143051147,1.1100000143051147,1.090000033378601,1.090000033378601,860851,0.0,0.0
2026-03-09 13:40:00-04:00,1.0950000286102295,1.100000023841858,1.090000033378601,1.100000023841858,306481,0.0,0.0
2026-03-09 13:45:00-04:00,1.0950000286102295,1.100000023841858,1.090000033378601,1.090000033378601,266207,0.0,0.0
2026-03-09 13:50:00-04:00,1.100000023841858,1.1100000143051147,1.090000033378601,1.1100000143051147,593419,0.0,0.0
2026-03-09 13:55:00-04:00,1.1050000190734863,1.1100000143051147,1.100000023841858,1.1100000143051147,354763,0.0,0.0
2026-03-09 14:00:00-04:00,1.1050000190734863,1.1100000143051147,1.100000023841858,1.1050000190734863,164065,0.0,0.0
2026-03-09 14:05:00-04:00,1.1100000143051147,1.1100000143051147,1.100000023841858,1.1100000143051147,188220,0.0,0.0
2026-03-09 14:10:00-04:00,1.1050000190734863,1.1100000143051147,1.100000023841858,1.1003999710083008,174597,0.0,0.0
2026-03-09 14:15:00-04:00,1.1050000190734863,1.1100000143051147,1.100000023841858,1.1100000143051147,470024,0.0,0.0
2026-03-09 14:20:00-04:00,1.1100000143051147,1.1100000143051147,1.100000023841858,1.100000023841858,208779,0.0,0.0
2026-03-09 14:25:00-04:00,1.1050000190734863,1.1100000143051147,1.100000023841858,1.1050000190734863,176307,0.0,0.0
2026-03-09 14:30:00-04:00,1.1100000143051147,1.1100000143051147,1.100000023841858,1.1100000143051147,298784,0.0,0.0
2026-03-09 14:35:00-04:00,1.1050000190734863,1.1100000143051147,1.100000023841858,1.100000023841858,148862,0.0,0.0
2026-03-09 14:40:00-04:00,1.1100000143051147,1.1100000143051147,1.100000023841858,1.1050000190734863,140132,0.0,0.0
2026-03-09 14:45:00-04:00,1.1100000143051147,1.1100000143051147,1.100000023841858,1.1050000190734863,447624,0.0,0.0
2026-03-09 14:50:00-04:00,1.1050000190734863,1.1100000143051147,1.100000023841858,1.100000023841858,157749,0.0,0.0
2026-03-09 14:55:00-04:00,1.1100000143051147,1.1100000143051147,1.100000023841858,1.1100000143051147,317204,0.0,0.0
2026-03-09 15:00:00-04:00,1.100000023841858,1.1100000143051147,1.100000023841858,1.1050000190734863,144914,0.0,0.0
2026-03-09 15:05:00-04:00,1.1100000143051147,1.1100000143051147,1.100000023841858,1.1100000143051147,167196,0.0,0.0
2026-03-09 15:10:00-04:00,1.1100000143051147,1.1100000143051147,1.100000023841858,1.1050000190734863,170410,0.0,0.0
2026-03-09 15:15:00-04:00,1.1050000190734863,1.1100000143051147,1.100000023841858,1.1100000143051147,232711,0.0,0.0
2026-03-09 15:20:00-04:00,1.1100000143051147,1.1200000047683716,1.100000023841858,1.1150000095367432,565789,0.0,0.0
2026-03-09 15:25:00-04:00,1.1200000047683716,1.1299999952316284,1.1100000143051147,1.1200000047683716,630728,0.0,0.0
2026-03-09 15:30:00-04:00,1.1200000047683716,1.1200000047683716,1.1100000143051147,1.1150000095367432,596086,0.0,0.0
2026-03-09 15:35:00-04:00,1.1100000143051147,1.1200000047683716,1.1100000143051147,1.1150000095367432,254429,0.0,0.0
2026-03-09 15:40:00-04:00,1.1150000095367432,1.1200000047683716,1.1100000143051147,1.1200000047683716,211408,0.0,0.0
2026-03-09 15:45:00-04:00,1.1200000047683716,1.1200000047683716,1.1100000143051147,1.1198999881744385,713778,0.0,0.0
2026-03-09 15:50:00-04:00,1.1200000047683716,1.1299999952316284,1.1150000095367432,1.125,661665,0.0,0.0
2026-03-09 15:55:00-04:00,1.1299999952316284,1.1299999952316284,1.1100000143051147,1.1200000047683716,893135,0.0,0.0
2026-03-10 09:30:00-04:00,1.1200000047683716,1.1299999952316284,1.090000033378601,1.100000023841858,2126868,0.0,0.0
2026-03-10 09:35:00-04:00,1.1098999977111816,1.1100000143051147,1.100000023841858,1.100100040435791,416227,0.0,0.0
2026-03-10 09:40:00-04:00,1.100000023841858,1.1100000143051147,1.100000023841858,1.1050000190734863,583994,0.0,0.0
2026-03-10 09:45:00-04:00,1.1100000143051147,1.1100000143051147,1.100000023841858,1.1098999977111816,434995,0.0,0.0
2026-03-10 09:50:00-04:00,1.100000023841858,1.1100000143051147,1.100000023841858,1.1050000190734863,418218,0.0,0.0
2026-03-10 09:55:00-04:00,1.100000023841858,1.1100000143051147,1.100000023841858,1.1100000143051147,349388,0.0,0.0
2026-03-10 10:00:00-04:00,1.1050000190734863,1.1100000143051147,1.100000023841858,1.100000023841858,377485,0.0,0.0
2026-03-10 10:05:00-04:00,1.100000023841858,1.1100000143051147,1.100000023841858,1.1100000143051147,536424,0.0,0.0
2026-03-10 10:10:00-04:00,1.100000023841858,1.1100000143051147,1.090000033378601,1.0950000286102295,1229250,0.0,0.0
2026-03-10 10:15:00-04:00,1.095900058746338,1.1100000143051147,1.090000033378601,1.100000023841858,932436,0.0,0.0
2026-03-10 10:20:00-04:00,1.1013000011444092,1.1100000143051147,1.100000023841858,1.100000023841858,483624,0.0,0.0
2026-03-10 10:25:00-04:00,1.100000023841858,1.1100000143051147,1.100000023841858,1.100000023841858,354989,0.0,0.0
2026-03-10 10:30:00-04:00,1.100000023841858,1.1100000143051147,1.100000023841858,1.1050000190734863,313342,0.0,0.0
2026-03-10 10:35:00-04:00,1.1100000143051147,1.1100000143051147,1.100000023841858,1.1100000143051147,336825,0.0,0.0
2026-03-10 10:40:00-04:00,1.1050000190734863,1.1100000143051147,1.100000023841858,1.1050000190734863,289150,0.0,0.0
2026-03-10 10:45:00-04:00,1.1050000190734863,1.1100000143051147,1.100000023841858,1.100000023841858,298357,0.0,0.0
2026-03-10 10:50:00-04:00,1.1050000190734863,1.1100000143051147,1.100000023841858,1.100000023841858,239574,0.0,0.0
2026-03-10 10:55:00-04:00,1.1050000190734863,1.1100000143051147,1.100000023841858,1.1098999977111816,141886,0.0,0.0
2026-03-10 11:00:00-04:00,1.1050000190734863,1.1100000143051147,1.100000023841858,1.1050000190734863,201619,0.0,0.0
2026-03-10 11:05:00-04:00,1.1050000190734863,1.1100000143051147,1.100000023841858,1.100000023841858,312283,0.0,0.0
2026-03-10 11:10:00-04:00,1.1050000190734863,1.1100000143051147,1.100000023841858,1.100000023841858,335937,0.0,0.0
2026-03-10 11:15:00-04:00,1.100000023841858,1.1100000143051147,1.100000023841858,1.1050000190734863,235918,0.0,0.0
2026-03-10 11:20:00-04:00,1.1050000190734863,1.1100000143051147,1.100000023841858,1.1050000190734863,211953,0.0,0.0
2026-03-10 11:25:00-04:00,1.1050000190734863,1.1100000143051147,1.100000023841858,1.1050000190734863,239199,0.0,0.0
2026-03-10 11:30:00-04:00,1.100000023841858,1.1100000143051147,1.100000023841858,1.1100000143051147,154650,0.0,0.0
2026-03-10 11:35:00-04:00,1.1050000190734863,1.1100000143051147,1.100000023841858,1.1050000190734863,147949,0.0,0.0
2026-03-10 11:40:00-04:00,1.1050000190734863,1.1100000143051147,1.100000023841858,1.1100000143051147,163439,0.0,0.0
2026-03-10 11:45:00-04:00,1.1050000190734863,1.1100000143051147,1.100000023841858,1.1050000190734863,237208,0.0,0.0
2026-03-10 11:50:00-04:00,1.1098999977111816,1.1100000143051147,1.100000023841858,1.1050000190734863,186219,0.0,0.0
2026-03-10 11:55:00-04:00,1.1050000190734863,1.1100000143051147,1.100000023841858,1.100000023841858,157653,0.0,0.0
2026-03-10 12:00:00-04:00,1.1050000190734863,1.1100000143051147,1.100000023841858,1.1098999977111816,188820,0.0,0.0
2026-03-10 12:05:00-04:00,1.100000023841858,1.1100000143051147,1.100000023841858,1.100000023841858,213146,0.0,0.0
2026-03-10 12:10:00-04:00,1.100000023841858,1.1100000143051147,1.100000023841858,1.100000023841858,173988,0.0,0.0
2026-03-10 12:15:00-04:00,1.100000023841858,1.1100000143051147,1.100000023841858,1.1100000143051147,178865,0.0,0.0
2026-03-10 12:20:00-04:00,1.1100000143051147,1.1100000143051147,1.100000023841858,1.100000023841858,158640,0.0,0.0
2026-03-10 12:25:00-04:00,1.1050000190734863,1.1100000143051147,1.100000023841858,1.1050000190734863,205989,0.0,0.0
2026-03-10 12:30:00-04:00,1.1050000190734863,1.1100000143051147,1.100000023841858,1.1050000190734863,170642,0.0,0.0
2026-03-10 12:35:00-04:00,1.1050000190734863,1.1100000143051147,1.100000023841858,1.1100000143051147,183627,0.0,0.0
2026-03-10 12:40:00-04:00,1.1100000143051147,1.1100000143051147,1.100000023841858,1.1050000190734863,312771,0.0,0.0
2026-03-10 12:45:00-04:00,1.1098999977111816,1.1100000143051147,1.100000023841858,1.1100000143051147,207258,0.0,0.0
2026-03-10 12:50:00-04:00,1.1050000190734863,1.1100000143051147,1.100000023841858,1.1050000190734863,178727,0.0,0.0
2026-03-10 12:55:00-04:00,1.1100000143051147,1.1100000143051147,1.100000023841858,1.1050000190734863,249732,0.0,0.0
2026-03-10 13:00:00-04:00,1.1050000190734863,1.1100000143051147,1.100000023841858,1.1050000190734863,208143,0.0,0.0
2026-03-10 13:05:00-04:00,1.1050000190734863,1.1100000143051147,1.100000023841858,1.1098999977111816,1066864,0.0,0.0
2026-03-10 13:10:00-04:00,1.100000023841858,1.1100000143051147,1.100000023841858,1.1050000190734863,246357,0.0,0.0
2026-03-10 13:15:00-04:00,1.100000023841858,1.1100000143051147,1.100000023841858,1.1050000190734863,217792,0.0,0.0
2026-03-10 13:20:00-04:00,1.1100000143051147,1.1100000143051147,1.100000023841858,1.1050000190734863,261046,0.0,0.0
2026-03-10 13:25:00-04:00,1.100000023841858,1.1100000143051147,1.100000023841858,1.1050000190734863,227191,0.0,0.0
2026-03-10 13:30:00-04:00,1.1050000190734863,1.1100000143051147,1.100000023841858,1.1100000143051147,243077,0.0,0.0
2026-03-10 13:35:00-04:00,1.1097999811172485,1.1100000143051147,1.100000023841858,1.100000023841858,226175,0.0,0.0
2026-03-10 13:40:00-04:00,1.100000023841858,1.1100000143051147,1.100000023841858,1.100000023841858,1433881,0.0,0.0
2026-03-10 13:45:00-04:00,1.100000023841858,1.1100000143051147,1.100000023841858,1.1050000190734863,224352,0.0,0.0
2026-03-10 13:50:00-04:00,1.1100000143051147,1.1100000143051147,1.100000023841858,1.1100000143051147,160036,0.0,0.0
2026-03-10 13:55:00-04:00,1.1100000143051147,1.1100000143051147,1.100000023841858,1.100000023841858,136355,0.0,0.0
2026-03-10 14:00:00-04:00,1.1050000190734863,1.1100000143051147,1.100000023841858,1.100000023841858,137038,0.0,0.0
2026-03-10 14:05:00-04:00,1.1050000190734863,1.1100000143051147,1.100000023841858,1.1050000190734863,198562,0.0,0.0
2026-03-10 14:10:00-04:00,1.1050000190734863,1.1100000143051147,1.090000033378601,1.100000023841858,355205,0.0,0.0
2026-03-10 14:15:00-04:00,1.0950000286102295,1.100000023841858,1.090000033378601,1.100000023841858,263964,0.0,0.0
2026-03-10 14:20:00-04:00,1.100000023841858,1.100000023841858,1.090000033378601,1.090000033378601,218990,0.0,0.0
2026-03-10 14:25:00-04:00,1.090000033378601,1.100000023841858,1.090000033378601,1.100000023841858,170714,0.0,0.0
2026-03-10 14:30:00-04:00,1.0950000286102295,1.100000023841858,1.090000033378601,1.100000023841858,160018,0.0,0.0
2026-03-10 14:35:00-04:00,1.0950000286102295,1.100000023841858,1.090000033378601,1.0978000164031982,1660983,0.0,0.0
2026-03-10 14:40:00-04:00,1.09660005569458,1.100000023841858,1.090000033378601,1.100000023841858,1757383,0.0,0.0
2026-03-10 14:45:00-04:00,1.0950000286102295,1.100000023841858,1.090000033378601,1.0999000072479248,325926,0.0,0.0
2026-03-10 14:50:00-04:00,1.0950000286102295,1.1100000143051147,1.090000033378601,1.1050000190734863,626902,0.0,0.0
2026-03-10 14:55:00-04:00,1.100000023841858,1.1100000143051147,1.100000023841858,1.1050000190734863,156120,0.0,0.0
2026-03-10 15:00:00-04:00,1.1050000190734863,1.1100000143051147,1.100000023841858,1.1050000190734863,109604,0.0,0.0
2026-03-10 15:05:00-04:00,1.100000023841858,1.1100000143051147,1.100000023841858,1.100000023841858,179878,0.0,0.0
2026-03-10 15:10:00-04:00,1.100000023841858,1.1100000143051147,1.100000023841858,1.1100000143051147,134065,0.0,0.0
2026-03-10 15:15:00-04:00,1.1050000190734863,1.1100000143051147,1.100000023841858,1.1050000190734863,133496,0.0,0.0
2026-03-10 15:20:00-04:00,1.100000023841858,1.1100000143051147,1.100000023841858,1.1100000143051147,212296,0.0,0.0
2026-03-10 15:25:00-04:00,1.1050000190734863,1.1100000143051147,1.100000023841858,1.1100000143051147,400775,0.0,0.0
2026-03-10 15:30:00-04:00,1.1050000190734863,1.1100000143051147,1.100000023841858,1.100100040435791,219208,0.0,0.0
2026-03-10 15:35:00-04:00,1.1050000190734863,1.1100000143051147,1.100000023841858,1.1100000143051147,239073,0.0,0.0
2026-03-10 15:40:00-04:00,1.1050000190734863,1.1100000143051147,1.100000023841858,1.1050000190734863,232905,0.0,0.0
2026-03-10 15:45:00-04:00,1.1050000190734863,1.1100000143051147,1.100000023841858,1.1050000190734863,214100,0.0,0.0
2026-03-10 15:50:00-04:00,1.1050000190734863,1.1100000143051147,1.100000023841858,1.1050000190734863,237165,0.0,0.0
2026-03-10 15:55:00-04:00,1.1050000190734863,1.1100000143051147,1.100000023841858,1.1050000190734863,852549,0.0,0.0
2026-03-11 09:30:00-04:00,1.1100000143051147,1.1200000047683716,1.100000023841858,1.1138999462127686,1211864,0.0,0.0
2026-03-11 09:35:00-04:00,1.1200000047683716,1.1200000047683716,1.100000023841858,1.100000023841858,424360,0.0,0.0
2026-03-11 09:40:00-04:00,1.1050000190734863,1.1100000143051147,1.100000023841858,1.100000023841858,316123,0.0,0.0
2026-03-11 09:45:00-04:00,1.1050000190734863,1.1100000143051147,1.100000023841858,1.100000023841858,295146,0.0,0.0
2026-03-11 09:50:00-04:00,1.1050000190734863,1.1100000143051147,1.090000033378601,1.0938999652862549,717329,0.0,0.0
2026-03-11 09:55:00-04:00,1.097599983215332,1.1100000143051147,1.090000033378601,1.1094000339508057,557446,0.0,0.0
2026-03-11 10:00:00-04:00,1.1050000190734863,1.1100000143051147,1.100000023841858,1.1100000143051147,273618,0.0,0.0
2026-03-11 10:05:00-04:00,1.1050000190734863,1.1100000143051147,1.100000023841858,1.100000023841858,278727,0.0,0.0
2026-03-11 10:10:00-04:00,1.1100000143051147,1.1100000143051147,1.100000023841858,1.1050000190734863,375514,0.0,0.0
2026-03-11 10:15:00-04:00,1.1100000143051147,1.1100000143051147,1.100000023841858,1.1050000190734863,307711,0.0,0.0
2026-03-11 10:20:00-04:00,1.100000023841858,1.1100000143051147,1.100000023841858,1.1100000143051147,295997,0.0,0.0
2026-03-11 10:25:00-04:00,1.100000023841858,1.1100000143051147,1.090000033378601,1.100000023841858,555854,0.0,0.0
2026-03-11 10:30:00-04:00,1.0950000286102295,1.100000023841858,1.090000033378601,1.100000023841858,302587,0.0,0.0
2026-03-11 10:35:00-04:00,1.100000023841858,1.100000023841858,1.090000033378601,1.090000033378601,260784,0.0,0.0
2026-03-11 10:40:00-04:00,1.100000023841858,1.100000023841858,1.090000033378601,1.090000033378601,290552,0.0,0.0
2026-03-11 10:45:00-04:00,1.090000033378601,1.100000023841858,1.090000033378601,1.0950000286102295,294757,0.0,0.0
2026-03-11 10:50:00-04:00,1.090000033378601,1.100000023841858,1.090000033378601,1.100000023841858,209058,0.0,0.0
2026-03-11 10:55:00-04:00,1.0997999906539917,1.100000023841858,1.090000033378601,1.0950000286102295,264378,0.0,0.0
2026-03-11 11:00:00-04:00,1.0997999906539917,1.100000023841858,1.090000033378601,1.100000023841858,163808,0.0,0.0
2026-03-11 11:05:00-04:00,1.0950000286102295,1.100000023841858,1.090000033378601,1.0901000499725342,291739,0.0,0.0
2026-03-11 11:10:00-04:00,1.0999000072479248,1.100000023841858,1.090000033378601,1.100000023841858,244595,0.0,0.0
2026-03-11 11:15:00-04:00,1.090000033378601,1.100000023841858,1.090000033378601,1.100000023841858,304227,0.0,0.0
2026-03-11 11:20:00-04:00,1.090000033378601,1.100000023841858,1.090000033378601,1.100000023841858,310941,0.0,0.0
2026-03-11 11:25:00-04:00,1.0950000286102295,1.100000023841858,1.0800000429153442,1.090000033378601,1315665,0.0,0.0
2026-03-11 11:30:00-04:00,1.0850000381469727,1.090000033378601,1.0800000429153442,1.0800000429153442,271611,0.0,0.0
2026-03-11 11:35:00-04:00,1.0850000381469727,1.090000033378601,1.0800000429153442,1.0850000381469727,227299,0.0,0.0
2026-03-11 11:40:00-04:00,1.0850000381469727,1.090000033378601,1.0800000429153442,1.090000033378601,297782,0.0,0.0
2026-03-11 11:45:00-04:00,1.0800000429153442,1.090000033378601,1.0800000429153442,1.0885000228881836,590534,0.0,0.0
2026-03-11 11:50:00-04:00,1.090000033378601,1.090000033378601,1.0800000429153442,1.090000033378601,182938,0.0,0.0
2026-03-11 11:55:00-04:00,1.090000033378601,1.090000033378601,1.0800000429153442,1.0850000381469727,258636,0.0,0.0
2026-03-11 12:00:00-04:00,1.0850000381469727,1.090000033378601,1.0800000429153442,1.0850000381469727,525895,0.0,0.0
2026-03-11 12:05:00-04:00,1.090000033378601,1.100000023841858,1.0800000429153442,1.0901000499725342,646087,0.0,0.0
2026-03-11 12:10:00-04:00,1.0920000076293945,1.100000023841858,1.090000033378601,1.100000023841858,227049,0.0,0.0
2026-03-11 12:15:00-04:00,1.090000033378601,1.100000023841858,1.090000033378601,1.100000023841858,233618,0.0,0.0
2026-03-11 12:20:00-04:00,1.090000033378601,1.100000023841858,1.090000033378601,1.090000033378601,184460,0.0,0.0
2026-03-11 12:25:00-04:00,1.090000033378601,1.100000023841858,1.090000033378601,1.090000033378601,173969,0.0,0.0
2026-03-11 12:30:00-04:00,1.090000033378601,1.100000023841858,1.090000033378601,1.090000033378601,179815,0.0,0.0
2026-03-11 12:35:00-04:00,1.090000033378601,1.100000023841858,1.090000033378601,1.090000033378601,204138,0.0,0.0
2026-03-11 12:40:00-04:00,1.097000002861023,1.100000023841858,1.090000033378601,1.100000023841858,191134,0.0,0.0
2026-03-11 12:45:00-04:00,1.0950000286102295,1.100000023841858,1.090000033378601,1.090000033378601,183189,0.0,0.0
2026-03-11 12:50:00-04:00,1.090000033378601,1.100000023841858,1.090000033378601,1.100000023841858,199150,0.0,0.0
2026-03-11 12:55:00-04:00,1.100000023841858,1.100000023841858,1.090000033378601,1.100000023841858,217762,0.0,0.0
2026-03-11 13:00:00-04:00,1.100000023841858,1.100000023841858,1.090000033378601,1.100000023841858,154501,0.0,0.0
2026-03-11 13:05:00-04:00,1.100000023841858,1.100000023841858,1.090000033378601,1.100000023841858,276523,0.0,0.0
2026-03-11 13:10:00-04:00,1.090000033378601,1.100000023841858,1.090000033378601,1.090000033378601,155027,0.0,0.0
2026-03-11 13:15:00-04:00,1.090000033378601,1.100000023841858,1.090000033378601,1.090000033378601,222945,0.0,0.0
2026-03-11 13:20:00-04:00,1.090000033378601,1.100000023841858,1.090000033378601,1.100000023841858,251676,0.0,0.0
2026-03-11 13:25:00-04:00,1.090000033378601,1.100000023841858,1.090000033378601,1.090000033378601,131032,0.0,0.0
2026-03-11 13:30:00-04:00,1.090000033378601,1.100000023841858,1.090000033378601,1.100000023841858,355224,0.0,0.0
2026-03-11 13:35:00-04:00,1.0950000286102295,1.100000023841858,1.090000033378601,1.0942000150680542,255279,0.0,0.0
2026-03-11 13:40:00-04:00,1.0950000286102295,1.100000023841858,1.090000033378601,1.0950000286102295,175956,0.0,0.0
2026-03-11 13:45:00-04:00,1.090000033378601,1.100000023841858,1.090000033378601,1.090000033378601,207398,0.0,0.0
2026-03-11 13:50:00-04:00,1.0950000286102295,1.100000023841858,1.090000033378601,1.090000033378601,102379,0.0,0.0
2026-03-11 13:55:00-04:00,1.0901000499725342,1.100000023841858,1.090000033378601,1.090000033378601,103620,0.0,0.0
2026-03-11 14:00:00-04:00,1.0950000286102295,1.100000023841858,1.090000033378601,1.100000023841858,318503,0.0,0.0
2026-03-11 14:05:00-04:00,1.090000033378601,1.100000023841858,1.090000033378601,1.0950000286102295,291703,0.0,0.0
2026-03-11 14:10:00-04:00,1.100000023841858,1.100000023841858,1.090000033378601,1.0950000286102295,114094,0.0,0.0
2026-03-11 14:15:00-04:00,1.100000023841858,1.100000023841858,1.090000033378601,1.090000033378601,87962,0.0,0.0
2026-03-11 14:20:00-04:00,1.0950000286102295,1.100000023841858,1.090000033378601,1.093500018119812,103744,0.0,0.0
2026-03-11 14:25:00-04:00,1.090000033378601,1.100000023841858,1.090000033378601,1.0950000286102295,108233,0.0,0.0
2026-03-11 14:30:00-04:00,1.0950000286102295,1.100000023841858,1.090000033378601,1.090000033378601,139005,0.0,0.0
2026-03-11 14:35:00-04:00,1.100000023841858,1.100000023841858,1.090000033378601,1.100000023841858,117089,0.0,0.0
2026-03-11 14:40:00-04:00,1.0950000286102295,1.100000023841858,1.090000033378601,1.0950000286102295,139368,0.0,0.0
2026-03-11 14:45:00-04:00,1.090000033378601,1.100000023841858,1.090000033378601,1.0950000286102295,102860,0.0,0.0
2026-03-11 14:50:00-04:00,1.090000033378601,1.1100000143051147,1.090000033378601,1.1100000143051147,937510,0.0,0.0
2026-03-11 14:55:00-04:00,1.1073999404907227,1.1100000143051147,1.100000023841858,1.1100000143051147,103060,0.0,0.0
2026-03-11 15:00:00-04:00,1.100000023841858,1.1100000143051147,1.100000023841858,1.1052000522613525,224354,0.0,0.0
2026-03-11 15:05:00-04:00,1.1096999645233154,1.1100000143051147,1.100000023841858,1.1050000190734863,85522,0.0,0.0
2026-03-11 15:10:00-04:00,1.1050000190734863,1.1200000047683716,1.1050000190734863,1.1150000095367432,863852,0.0,0.0
2026-03-11 15:15:00-04:00,1.1100000143051147,1.1200000047683716,1.1100000143051147,1.1150000095367432,207092,0.0,0.0
2026-03-11 15:20:00-04:00,1.111899971961975,1.1200000047683716,1.1100000143051147,1.1100000143051147,331378,0.0,0.0
2026-03-11 15:25:00-04:00,1.1200000047683716,1.1200000047683716,1.1100000143051147,1.1150000095367432,279120,0.0,0.0
2026-03-11 15:30:00-04:00,1.1150000095367432,1.1200000047683716,1.1100000143051147,1.1200000047683716,844033,0.0,0.0
2026-03-11 15:35:00-04:00,1.1200000047683716,1.1299999952316284,1.1100000143051147,1.1200000047683716,348901,0.0,0.0
2026-03-11 15:40:00-04:00,1.1299999952316284,1.1299999952316284,1.1100000143051147,1.1150000095367432,464169,0.0,0.0
2026-03-11 15:45:00-04:00,1.1100000143051147,1.1200000047683716,1.100000023841858,1.1050000190734863,423115,0.0,0.0
2026-03-11 15:50:00-04:00,1.1050000190734863,1.1100000143051147,1.100000023841858,1.1096999645233154,433747,0.0,0.0
2026-03-11 15:55:00-04:00,1.1050000190734863,1.1100000143051147,1.100000023841858,1.1050000190734863,1022120,0.0,0.0
2026-03-12 09:30:00-04:00,1.1100000143051147,1.1200000047683716,1.100000023841858,1.1050000190734863,795251,0.0,0.0
2026-03-12 09:35:00-04:00,1.1050000190734863,1.1100000143051147,1.100000023841858,1.1050000190734863,369098,0.0,0.0
2026-03-12 09:40:00-04:00,1.1100000143051147,1.1100000143051147,1.100000023841858,1.1100000143051147,276754,0.0,0.0
2026-03-12 09:45:00-04:00,1.1002999544143677,1.1100000143051147,1.090000033378601,1.100000023841858,805833,0.0,0.0
2026-03-12 09:50:00-04:00,1.0950000286102295,1.100000023841858,1.090000033378601,1.0950000286102295,505495,0.0,0.0
2026-03-12 09:55:00-04:00,1.0901000499725342,1.100000023841858,1.090000033378601,1.0950000286102295,337224,0.0,0.0
2026-03-12 10:00:00-04:00,1.0950000286102295,1.100000023841858,1.090000033378601,1.100000023841858,304356,0.0,0.0
2026-03-12 10:05:00-04:00,1.0950000286102295,1.1100000143051147,1.090000033378601,1.1100000143051147,634894,0.0,0.0
2026-03-12 10:10:00-04:00,1.1098999977111816,1.1100000143051147,1.100000023841858,1.100000023841858,263028,0.0,0.0
2026-03-12 10:15:00-04:00,1.1050000190734863,1.1100000143051147,1.100000023841858,1.100000023841858,586841,0.0,0.0
2026-03-12 10:20:00-04:00,1.1050000190734863,1.1100000143051147,1.100000023841858,1.1100000143051147,272411,0.0,0.0
2026-03-12 10:25:00-04:00,1.1050000190734863,1.1100000143051147,1.100000023841858,1.1050000190734863,586493,0.0,0.0
2026-03-12 10:30:00-04:00,1.1050000190734863,1.1100000143051147,1.100000023841858,1.1050000190734863,259960,0.0,0.0
2026-03-12 10:35:00-04:00,1.1089999675750732,1.1100000143051147,1.100000023841858,1.1050000190734863,242261,0.0,0.0
2026-03-12 10:40:00-04:00,1.1100000143051147,1.1100000143051147,1.100000023841858,1.1050000190734863,352845,0.0,0.0
2026-03-12 10:45:00-04:00,1.1022000312805176,1.1100000143051147,1.090000033378601,1.0950000286102295,468618,0.0,0.0
2026-03-12 10:50:00-04:00,1.090000033378601,1.100000023841858,1.090000033378601,1.100000023841858,299612,0.0,0.0
2026-03-12 10:55:00-04:00,1.0950000286102295,1.100000023841858,1.090000033378601,1.090000033378601,222082,0.0,0.0
2026-03-12 11:00:00-04:00,1.0981999635696411,1.100000023841858,1.090000033378601,1.0950000286102295,288342,0.0,0.0
2026-03-12 11:05:00-04:00,1.090000033378601,1.100000023841858,1.090000033378601,1.090000033378601,216906,0.0,0.0
2026-03-12 11:10:00-04:00,1.100000023841858,1.100000023841858,1.090000033378601,1.090000033378601,219409,0.0,0.0
2026-03-12 11:15:00-04:00,1.093500018119812,1.100000023841858,1.090000033378601,1.090000033378601,273811,0.0,0.0
2026-03-12 11:20:00-04:00,1.0901000499725342,1.100000023841858,1.090000033378601,1.0950000286102295,245282,0.0,0.0
2026-03-12 11:25:00-04:00,1.0950000286102295,1.100000023841858,1.090000033378601,1.090000033378601,250569,0.0,0.0
2026-03-12 11:30:00-04:00,1.090000033378601,1.100000023841858,1.090000033378601,1.0950000286102295,243659,0.0,0.0
2026-03-12 11:35:00-04:00,1.090000033378601,1.100000023841858,1.090000033378601,1.090000033378601,223628,0.0,0.0
2026-03-12 11:40:00-04:00,1.090000033378601,1.100000023841858,1.090000033378601,1.0979000329971313,214600,0.0,0.0
2026-03-12 11:45:00-04:00,1.0950000286102295,1.100000023841858,1.090000033378601,1.090000033378601,259911,0.0,0.0
2026-03-12 11:50:00-04:00,1.090000033378601,1.1100000143051147,1.090000033378601,1.100000023841858,522009,0.0,0.0
2026-03-12 11:55:00-04:00,1.100000023841858,1.1100000143051147,1.100000023841858,1.100000023841858,171584,0.0,0.0
2026-03-12 12:00:00-04:00,1.1100000143051147,1.1100000143051147,1.100000023841858,1.1100000143051147,204976,0.0,0.0
2026-03-12 12:05:00-04:00,1.100100040435791,1.1100000143051147,1.100000023841858,1.1100000143051147,382531,0.0,0.0
2026-03-12 12:10:00-04:00,1.100100040435791,1.1100000143051147,1.090000033378601,1.090000033378601,569803,0.0,0.0
2026-03-12 12:15:00-04:00,1.0950000286102295,1.100000023841858,1.090000033378601,1.100000023841858,203122,0.0,0.0
2026-03-12 12:20:00-04:00,1.100000023841858,1.100000023841858,1.090000033378601,1.100000023841858,297845,0.0,0.0
2026-03-12 12:25:00-04:00,1.100000023841858,1.100000023841858,1.090000033378601,1.090000033378601,374895,0.0,0.0
2026-03-12 12:30:00-04:00,1.100000023841858,1.100000023841858,1.090000033378601,1.100000023841858,254593,0.0,0.0
2026-03-12 12:35:00-04:00,1.100000023841858,1.1100000143051147,1.090000033378601,1.100000023841858,463100,0.0,0.0
2026-03-12 12:40:00-04:00,1.100000023841858,1.1100000143051147,1.100000023841858,1.1050000190734863,211915,0.0,0.0
2026-03-12 12:45:00-04:00,1.100000023841858,1.1100000143051147,1.100000023841858,1.100000023841858,165585,0.0,0.0
2026-03-12 12:50:00-04:00,1.1050000190734863,1.1100000143051147,1.100000023841858,1.1100000143051147,236014,0.0,0.0
2026-03-12 12:55:00-04:00,1.1026999950408936,1.1100000143051147,1.100000023841858,1.1100000143051147,178957,0.0,0.0
2026-03-12 13:00:00-04:00,1.1050000190734863,1.1100000143051147,1.100000023841858,1.1050000190734863,185946,0.0,0.0
2026-03-12 13:05:00-04:00,1.1050000190734863,1.1100000143051147,1.100000023841858,1.1050000190734863,171497,0.0,0.0
2026-03-12 13:10:00-04:00,1.1100000143051147,1.1100000143051147,1.100000023841858,1.1031999588012695,221403,0.0,0.0
2026-03-12 13:15:00-04:00,1.1050000190734863,1.1100000143051147,1.100000023841858,1.1100000143051147,175337,0.0,0.0
2026-03-12 13:20:00-04:00,1.1100000143051147,1.1100000143051147,1.100000023841858,1.100000023841858,246082,0.0,0.0
2026-03-12 13:25:00-04:00,1.1035000085830688,1.1100000143051147,1.100000023841858,1.100000023841858,166430,0.0,0.0
2026-03-12 13:30:00-04:00,1.1100000143051147,1.1100000143051147,1.100000023841858,1.1050000190734863,167968,0.0,0.0
2026-03-12 13:35:00-04:00,1.100000023841858,1.1100000143051147,1.100000023841858,1.1089999675750732,164931,0.0,0.0
2026-03-12 13:40:00-04:00,1.100000023841858,1.1100000143051147,1.100000023841858,1.1100000143051147,181751,0.0,0.0
2026-03-12 13:45:00-04:00,1.1100000143051147,1.1100000143051147,1.100000023841858,1.1050000190734863,166221,0.0,0.0
2026-03-12 13:50:00-04:00,1.1100000143051147,1.1100000143051147,1.100000023841858,1.1030000448226929,211872,0.0,0.0
2026-03-12 13:55:00-04:00,1.100000023841858,1.1100000143051147,1.090000033378601,1.100000023841858,476121,0.0,0.0
2026-03-12 14:00:00-04:00,1.0950000286102295,1.100000023841858,1.090000033378601,1.0950000286102295,176333,0.0,0.0
2026-03-12 14:05:00-04:00,1.100000023841858,1.100000023841858,1.090000033378601,1.100000023841858,157216,0.0,0.0
2026-03-12 14:10:00-04:00,1.0980000495910645,1.100000023841858,1.090000033378601,1.100000023841858,232085,0.0,0.0
2026-03-12 14:15:00-04:00,1.100000023841858,1.100000023841858,1.090000033378601,1.090000033378601,131854,0.0,0.0
2026-03-12 14:20:00-04:00,1.0950000286102295,1.100000023841858,1.090000033378601,1.100000023841858,157698,0.0,0.0
2026-03-12 14:25:00-04:00,1.100000023841858,1.100000023841858,1.090000033378601,1.100000023841858,124131,0.0,0.0
2026-03-12 14:30:00-04:00,1.100000023841858,1.100000023841858,1.090000033378601,1.090000033378601,141778,0.0,0.0
2026-03-12 14:35:00-04:00,1.090000033378601,1.100000023841858,1.090000033378601,1.090000033378601,143951,0.0,0.0
2026-03-12 14:40:00-04:00,1.090000033378601,1.100000023841858,1.090000033378601,1.0950000286102295,124435,0.0,0.0
2026-03-12 14:45:00-04:00,1.0950000286102295,1.100000023841858,1.090000033378601,1.100000023841858,127349,0.0,0.0
2026-03-12 14:50:00-04:00,1.0950000286102295,1.100000023841858,1.090000033378601,1.100000023841858,158521,0.0,0.0
2026-03-12 14:55:00-04:00,1.0950000286102295,1.100000023841858,1.090000033378601,1.100000023841858,128572,0.0,0.0
2026-03-12 15:00:00-04:00,1.100000023841858,1.100000023841858,1.090000033378601,1.0950000286102295,134335,0.0,0.0
2026-03-12 15:05:00-04:00,1.0947999954223633,1.100000023841858,1.090000033378601,1.090000033378601,118071,0.0,0.0
2026-03-12 15:10:00-04:00,1.0997999906539917,1.100000023841858,1.090000033378601,1.0950000286102295,98369,0.0,0.0
2026-03-12 15:15:00-04:00,1.090000033378601,1.100000023841858,1.090000033378601,1.090000033378601,116298,0.0,0.0
2026-03-12 15:20:00-04:00,1.097000002861023,1.100000023841858,1.090000033378601,1.090000033378601,127389,0.0,0.0
2026-03-12 15:25:00-04:00,1.0950000286102295,1.100000023841858,1.090000033378601,1.0950000286102295,146425,0.0,0.0
2026-03-12 15:30:00-04:00,1.100000023841858,1.100000023841858,1.090000033378601,1.0950000286102295,129484,0.0,0.0
2026-03-12 15:35:00-04:00,1.0950000286102295,1.100000023841858,1.090000033378601,1.0999000072479248,101623,0.0,0.0
2026-03-12 15:40:00-04:00,1.100000023841858,1.100000023841858,1.090000033378601,1.0950000286102295,105760,0.0,0.0
2026-03-12 15:45:00-04:00,1.100000023841858,1.100000023841858,1.090000033378601,1.100000023841858,336854,0.0,0.0
2026-03-12 15:50:00-04:00,1.100000023841858,1.100000023841858,1.090000033378601,1.100000023841858,276947,0.0,0.0
2026-03-12 15:55:00-04:00,1.0950000286102295,1.100000023841858,1.090000033378601,1.0950000286102295,897452,0.0,0.0
2026-03-13 09:30:00-04:00,1.100000023841858,1.1100000143051147,1.0925999879837036,1.1096999645233154,791738,0.0,0.0
2026-03-13 09:35:00-04:00,1.1100000143051147,1.1299999952316284,1.1100000143051147,1.1150000095367432,1503225,0.0,0.0
2026-03-13 09:40:00-04:00,1.1100000143051147,1.1200000047683716,1.100000023841858,1.1100000143051147,825972,0.0,0.0
2026-03-13 09:45:00-04:00,1.1200000047683716,1.1200000047683716,1.1100000143051147,1.1100000143051147,330186,0.0,0.0
2026-03-13 09:50:00-04:00,1.1101000308990479,1.1200000047683716,1.1100000143051147,1.1100000143051147,267952,0.0,0.0
2026-03-13 09:55:00-04:00,1.1100000143051147,1.1200000047683716,1.100000023841858,1.1100000143051147,307909,0.0,0.0
2026-03-13 10:00:00-04:00,1.1100000143051147,1.1100000143051147,1.100000023841858,1.100000023841858,246539,0.0,0.0
2026-03-13 10:05:00-04:00,1.100000023841858,1.1100000143051147,1.100000023841858,1.100000023841858,288210,0.0,0.0
2026-03-13 10:10:00-04:00,1.1100000143051147,1.1100000143051147,1.100000023841858,1.1100000143051147,289763,0.0,0.0
2026-03-13 10:15:00-04:00,1.1050000190734863,1.1100000143051147,1.100000023841858,1.1050000190734863,210686,0.0,0.0
2026-03-13 10:20:00-04:00,1.1100000143051147,1.1100000143051147,1.100000023841858,1.1100000143051147,210733,0.0,0.0
2026-03-13 10:25:00-04:00,1.1050000190734863,1.1100000143051147,1.100000023841858,1.100000023841858,193509,0.0,0.0
2026-03-13 10:30:00-04:00,1.1050000190734863,1.1100000143051147,1.100000023841858,1.100000023841858,161098,0.0,0.0
2026-03-13 10:35:00-04:00,1.1100000143051147,1.1100000143051147,1.100000023841858,1.1100000143051147,170155,0.0,0.0
2026-03-13 10:40:00-04:00,1.1100000143051147,1.1100000143051147,1.100000023841858,1.100100040435791,181311,0.0,0.0
2026-03-13 10:45:00-04:00,1.100100040435791,1.1100000143051147,1.100000023841858,1.100000023841858,224601,0.0,0.0
2026-03-13 10:50:00-04:00,1.100000023841858,1.1100000143051147,1.100000023841858,1.100000023841858,196911,0.0,0.0
2026-03-13 10:55:00-04:00,1.1100000143051147,1.1100000143051147,1.100000023841858,1.100000023841858,211243,0.0,0.0
2026-03-13 11:00:00-04:00,1.100000023841858,1.1100000143051147,1.090000033378601,1.0950000286102295,568230,0.0,0.0
2026-03-13 11:05:00-04:00,1.0950000286102295,1.100000023841858,1.090000033378601,1.100000023841858,290605,0.0,0.0
2026-03-13 11:10:00-04:00,1.100000023841858,1.100000023841858,1.090000033378601,1.100000023841858,108605,0.0,0.0
2026-03-13 11:15:00-04:00,1.100000023841858,1.100000023841858,1.090000033378601,1.100000023841858,107900,0.0,0.0
2026-03-13 11:20:00-04:00,1.100000023841858,1.1100000143051147,1.090000033378601,1.100000023841858,390937,0.0,0.0
2026-03-13 11:25:00-04:00,1.100000023841858,1.1100000143051147,1.100000023841858,1.100100040435791,271998,0.0,0.0
2026-03-13 11:30:00-04:00,1.100000023841858,1.1100000143051147,1.100000023841858,1.100000023841858,268356,0.0,0.0
2026-03-13 11:35:00-04:00,1.100000023841858,1.1100000143051147,1.100000023841858,1.1100000143051147,222399,0.0,0.0
2026-03-13 11:40:00-04:00,1.100000023841858,1.1100000143051147,1.100000023841858,1.100000023841858,223172,0.0,0.0
2026-03-13 11:45:00-04:00,1.1062999963760376,1.1100000143051147,1.100000023841858,1.1100000143051147,202234,0.0,0.0
2026-03-13 11:50:00-04:00,1.100000023841858,1.1100000143051147,1.100000023841858,1.1100000143051147,226182,0.0,0.0
2026-03-13 11:55:00-04:00,1.100000023841858,1.1100000143051147,1.100000023841858,1.1100000143051147,281243,0.0,0.0
2026-03-13 12:00:00-04:00,1.100000023841858,1.1100000143051147,1.100000023841858,1.1050000190734863,205036,0.0,0.0
2026-03-13 12:05:00-04:00,1.1100000143051147,1.1100000143051147,1.100000023841858,1.1050000190734863,184122,0.0,0.0
2026-03-13 12:10:00-04:00,1.1050000190734863,1.1100000143051147,1.100000023841858,1.1050000190734863,281106,0.0,0.0
2026-03-13 12:15:00-04:00,1.100000023841858,1.1100000143051147,1.100000023841858,1.1050000190734863,150005,0.0,0.0
2026-03-13 12:20:00-04:00,1.1050000190734863,1.1100000143051147,1.100000023841858,1.1100000143051147,199476,0.0,0.0
2026-03-13 12:25:00-04:00,1.100000023841858,1.1100000143051147,1.100000023841858,1.100000023841858,178169,0.0,0.0
2026-03-13 12:30:00-04:00,1.1050000190734863,1.1100000143051147,1.100000023841858,1.100000023841858,158286,0.0,0.0
2026-03-13 12:35:00-04:00,1.1100000143051147,1.1100000143051147,1.100000023841858,1.1100000143051147,229022,0.0,0.0
2026-03-13 12:40:00-04:00,1.1030999422073364,1.1100000143051147,1.100000023841858,1.100000023841858,239367,0.0,0.0
2026-03-13 12:45:00-04:00,1.100000023841858,1.1100000143051147,1.100000023841858,1.100000023841858,193816,0.0,0.0
2026-03-13 12:50:00-04:00,1.100000023841858,1.1100000143051147,1.100000023841858,1.1050000190734863,180710,0.0,0.0
2026-03-13 12:55:00-04:00,1.100000023841858,1.1100000143051147,1.100000023841858,1.1004999876022339,207475,0.0,0.0
2026-03-13 13:00:00-04:00,1.1100000143051147,1.1100000143051147,1.100000023841858,1.100000023841858,176005,0.0,0.0
2026-03-13 13:05:00-04:00,1.1030999422073364,1.1100000143051147,1.100000023841858,1.1100000143051147,179382,0.0,0.0
2026-03-13 13:10:00-04:00,1.100000023841858,1.1100000143051147,1.100000023841858,1.100000023841858,182398,0.0,0.0
2026-03-13 13:15:00-04:00,1.1050000190734863,1.1100000143051147,1.100000023841858,1.1030999422073364,174241,0.0,0.0
2026-03-13 13:20:00-04:00,1.1100000143051147,1.1100000143051147,1.100000023841858,1.100000023841858,166511,0.0,0.0
2026-03-13 13:25:00-04:00,1.100000023841858,1.1100000143051147,1.100000023841858,1.1100000143051147,506588,0.0,0.0
2026-03-13 13:30:00-04:00,1.100000023841858,1.1100000143051147,1.100000023841858,1.100000023841858,174458,0.0,0.0
2026-03-13 13:35:00-04:00,1.100000023841858,1.1100000143051147,1.100000023841858,1.100000023841858,163266,0.0,0.0
2026-03-13 13:40:00-04:00,1.100000023841858,1.1100000143051147,1.100000023841858,1.1050000190734863,142194,0.0,0.0
2026-03-13 13:45:00-04:00,1.100000023841858,1.1100000143051147,1.100000023841858,1.1100000143051147,134599,0.0,0.0
2026-03-13 13:50:00-04:00,1.1030999422073364,1.1100000143051147,1.100000023841858,1.100000023841858,247634,0.0,0.0
2026-03-13 13:55:00-04:00,1.100000023841858,1.1100000143051147,1.090000033378601,1.100000023841858,1973201,0.0,0.0
2026-03-13 14:00:00-04:00,1.1009999513626099,1.1100000143051147,1.100000023841858,1.1050000190734863,523720,0.0,0.0
2026-03-13 14:05:00-04:00,1.100000023841858,1.1100000143051147,1.100000023841858,1.1054999828338623,134040,0.0,0.0
2026-03-13 14:10:00-04:00,1.1050000190734863,1.1100000143051147,1.100000023841858,1.1050000190734863,74080,0.0,0.0
2026-03-13 14:15:00-04:00,1.100000023841858,1.1100000143051147,1.100000023841858,1.100000023841858,87100,0.0,0.0
2026-03-13 14:20:00-04:00,1.1100000143051147,1.1100000143051147,1.100000023841858,1.1050000190734863,133699,0.0,0.0
2026-03-13 14:25:00-04:00,1.1100000143051147,1.1100000143051147,1.100000023841858,1.1050000190734863,78467,0.0,0.0
2026-03-13 14:30:00-04:00,1.100000023841858,1.1100000143051147,1.100000023841858,1.100000023841858,146113,0.0,0.0
2026-03-13 14:35:00-04:00,1.100000023841858,1.1100000143051147,1.100000023841858,1.1050000190734863,102542,0.0,0.0
2026-03-13 14:40:00-04:00,1.1100000143051147,1.1100000143051147,1.100000023841858,1.1050000190734863,1065509,0.0,0.0
2026-03-13 14:45:00-04:00,1.100000023841858,1.1100000143051147,1.100000023841858,1.1050000190734863,169781,0.0,0.0
2026-03-13 14:50:00-04:00,1.100000023841858,1.1100000143051147,1.100000023841858,1.100000023841858,129849,0.0,0.0
2026-03-13 14:55:00-04:00,1.1100000143051147,1.1100000143051147,1.100000023841858,1.1100000143051147,124738,0.0,0.0
2026-03-13 15:00:00-04:00,1.1100000143051147,1.1100000143051147,1.100000023841858,1.1050000190734863,125858,0.0,0.0
2026-03-13 15:05:00-04:00,1.1100000143051147,1.1100000143051147,1.100000023841858,1.100000023841858,435986,0.0,0.0
2026-03-13 15:10:00-04:00,1.100000023841858,1.1100000143051147,1.100000023841858,1.1100000143051147,127511,0.0,0.0
2026-03-13 15:15:00-04:00,1.1100000143051147,1.1100000143051147,1.100000023841858,1.1100000143051147,1131156,0.0,0.0
2026-03-13 15:20:00-04:00,1.100000023841858,1.1100000143051147,1.100000023841858,1.1050000190734863,281088,0.0,0.0
2026-03-13 15:25:00-04:00,1.1050000190734863,1.1100000143051147,1.090000033378601,1.0950000286102295,524864,0.0,0.0
2026-03-13 15:30:00-04:00,1.0950000286102295,1.100000023841858,1.090000033378601,1.0950000286102295,324173,0.0,0.0
2026-03-13 15:35:00-04:00,1.0950000286102295,1.100000023841858,1.090000033378601,1.0950000286102295,191022,0.0,0.0
2026-03-13 15:40:00-04:00,1.0950000286102295,1.100000023841858,1.090000033378601,1.090000033378601,328577,0.0,0.0
2026-03-13 15:45:00-04:00,1.090000033378601,1.100000023841858,1.0800000429153442,1.090000033378601,810340,0.0,0.0
2026-03-13 15:50:00-04:00,1.0871000289916992,1.090000033378601,1.0800000429153442,1.0850000381469727,184217,0.0,0.0
2026-03-13 15:55:00-04:00,1.0850000381469727,1.100000023841858,1.0800000429153442,1.090000033378601,1509112,0.0,0.0
2026-03-16 09:30:00-04:00,1.090000033378601,1.1100000143051147,1.090000033378601,1.100000023841858,701670,0.0,0.0
2026-03-16 09:35:00-04:00,1.0950000286102295,1.100000023841858,1.090000033378601,1.090000033378601,166501,0.0,0.0
2026-03-16 09:40:00-04:00,1.0901000499725342,1.100000023841858,1.0800000429153442,1.090000033378601,433952,0.0,0.0
2026-03-16 09:45:00-04:00,1.0850000381469727,1.090000033378601,1.0800000429153442,1.0850000381469727,515460,0.0,0.0
2026-03-16 09:50:00-04:00,1.0850000381469727,1.090000033378601,1.0800000429153442,1.0800000429153442,395832,0.0,0.0
2026-03-16 09:55:00-04:00,1.0800000429153442,1.090000033378601,1.0800000429153442,1.0850000381469727,258653,0.0,0.0
2026-03-16 10:00:00-04:00,1.090000033378601,1.100000023841858,1.0800000429153442,1.09089994430542,746853,0.0,0.0
2026-03-16 10:05:00-04:00,1.09089994430542,1.100000023841858,1.090000033378601,1.100000023841858,172339,0.0,0.0
2026-03-16 10:10:00-04:00,1.100000023841858,1.100000023841858,1.090000033378601,1.100000023841858,175942,0.0,0.0
2026-03-16 10:15:00-04:00,1.090000033378601,1.100000023841858,1.090000033378601,1.0922000408172607,235641,0.0,0.0
2026-03-16 10:20:00-04:00,1.100000023841858,1.100000023841858,1.090000033378601,1.100000023841858,210589,0.0,0.0
2026-03-16 10:25:00-04:00,1.090000033378601,1.100000023841858,1.090000033378601,1.100000023841858,289605,0.0,0.0
2026-03-16 10:30:00-04:00,1.0950000286102295,1.100000023841858,1.090000033378601,1.090000033378601,228361,0.0,0.0
2026-03-16 10:35:00-04:00,1.090000033378601,1.100000023841858,1.090000033378601,1.0901000499725342,195206,0.0,0.0
2026-03-16 10:40:00-04:00,1.090000033378601,1.100000023841858,1.090000033378601,1.100000023841858,206175,0.0,0.0
2026-03-16 10:45:00-04:00,1.0922000408172607,1.100000023841858,1.090000033378601,1.100000023841858,294651,0.0,0.0
2026-03-16 10:50:00-04:00,1.0950000286102295,1.100000023841858,1.090000033378601,1.100000023841858,175720,0.0,0.0
2026-03-16 10:55:00-04:00,1.100000023841858,1.100000023841858,1.090000033378601,1.100000023841858,174743,0.0,0.0
2026-03-16 11:00:00-04:00,1.100000023841858,1.100000023841858,1.090000033378601,1.0950000286102295,243765,0.0,0.0
2026-03-16 11:05:00-04:00,1.100000023841858,1.100000023841858,1.090000033378601,1.100000023841858,250520,0.0,0.0
2026-03-16 11:10:00-04:00,1.100000023841858,1.100000023841858,1.090000033378601,1.100000023841858,168565,0.0,0.0
2026-03-16 11:15:00-04:00,1.0997999906539917,1.100000023841858,1.090000033378601,1.090000033378601,177813,0.0,0.0
2026-03-16 11:20:00-04:00,1.0950000286102295,1.100000023841858,1.090000033378601,1.090000033378601,113318,0.0,0.0
2026-03-16 11:25:00-04:00,1.090000033378601,1.1100000143051147,1.090000033378601,1.100000023841858,949067,0.0,0.0
2026-03-16 11:30:00-04:00,1.1100000143051147,1.1100000143051147,1.100000023841858,1.1100000143051147,306618,0.0,0.0
2026-03-16 11:35:00-04:00,1.100000023841858,1.1100000143051147,1.100000023841858,1.100000023841858,414980,0.0,0.0
2026-03-16 11:40:00-04:00,1.100000023841858,1.1100000143051147,1.090000033378601,1.0950000286102295,372241,0.0,0.0
2026-03-16 11:45:00-04:00,1.0950000286102295,1.100000023841858,1.090000033378601,1.090000033378601,151878,0.0,0.0
2026-03-16 11:50:00-04:00,1.090000033378601,1.100000023841858,1.090000033378601,1.090000033378601,142158,0.0,0.0
2026-03-16 11:55:00-04:00,1.090000033378601,1.100000023841858,1.090000033378601,1.0901000499725342,243342,0.0,0.0
2026-03-16 12:00:00-04:00,1.0950000286102295,1.100000023841858,1.0800000429153442,1.0850000381469727,383332,0.0,0.0
2026-03-16 12:05:00-04:00,1.090000033378601,1.090000033378601,1.0800000429153442,1.0800000429153442,194892,0.0,0.0
2026-03-16 12:10:00-04:00,1.0850000381469727,1.090000033378601,1.0800000429153442,1.090000033378601,172651,0.0,0.0
2026-03-16 12:15:00-04:00,1.090000033378601,1.090000033378601,1.0800000429153442,1.090000033378601,187480,0.0,0.0
2026-03-16 12:20:00-04:00,1.090000033378601,1.090000033378601,1.0800000429153442,1.0850000381469727,147774,0.0,0.0
2026-03-16 12:25:00-04:00,1.090000033378601,1.100000023841858,1.0800000429153442,1.100000023841858,1080933,0.0,0.0
2026-03-16 12:30:00-04:00,1.0927000045776367,1.100000023841858,1.090000033378601,1.100000023841858,214650,0.0,0.0
2026-03-16 12:35:00-04:00,1.090000033378601,1.100000023841858,1.090000033378601,1.090000033378601,155725,0.0,0.0
2026-03-16 12:40:00-04:00,1.09660005569458,1.100000023841858,1.090000033378601,1.100000023841858,287403,0.0,0.0
2026-03-16 12:45:00-04:00,1.090000033378601,1.100000023841858,1.090000033378601,1.090000033378601,165898,0.0,0.0
2026-03-16 12:50:00-04:00,1.0950000286102295,1.100000023841858,1.090000033378601,1.090000033378601,170652,0.0,0.0
2026-03-16 12:55:00-04:00,1.093500018119812,1.100000023841858,1.090000033378601,1.100000023841858,164885,0.0,0.0
2026-03-16 13:00:00-04:00,1.090000033378601,1.100000023841858,1.090000033378601,1.100000023841858,164150,0.0,0.0
2026-03-16 13:05:00-04:00,1.0951000452041626,1.100000023841858,1.090000033378601,1.090000033378601,165922,0.0,0.0
2026-03-16 13:10:00-04:00,1.090000033378601,1.100000023841858,1.090000033378601,1.100000023841858,193285,0.0,0.0
2026-03-16 13:15:00-04:00,1.0930999517440796,1.100000023841858,1.090000033378601,1.090000033378601,166822,0.0,0.0
2026-03-16 13:20:00-04:00,1.100000023841858,1.100000023841858,1.090000033378601,1.100000023841858,213975,0.0,0.0
2026-03-16 13:25:00-04:00,1.090000033378601,1.100000023841858,1.090000033378601,1.090000033378601,153729,0.0,0.0
2026-03-16 13:30:00-04:00,1.100000023841858,1.100000023841858,1.090000033378601,1.0950000286102295,144925,0.0,0.0
2026-03-16 13:35:00-04:00,1.090000033378601,1.100000023841858,1.090000033378601,1.0999000072479248,983978,0.0,0.0
2026-03-16 13:40:00-04:00,1.090000033378601,1.1100000143051147,1.090000033378601,1.100000023841858,947923,0.0,0.0
2026-03-16 13:45:00-04:00,1.1100000143051147,1.1100000143051147,1.100000023841858,1.100000023841858,190658,0.0,0.0
2026-03-16 13:50:00-04:00,1.1050000190734863,1.1100000143051147,1.100000023841858,1.100000023841858,196119,0.0,0.0
2026-03-16 13:55:00-04:00,1.100000023841858,1.1100000143051147,1.100000023841858,1.100000023841858,489961,0.0,0.0
2026-03-16 14:00:00-04:00,1.1050000190734863,1.1100000143051147,1.100000023841858,1.1100000143051147,1276846,0.0,0.0
2026-03-16 14:05:00-04:00,1.100000023841858,1.1200000047683716,1.100000023841858,1.1100000143051147,943853,0.0,0.0
2026-03-16 14:10:00-04:00,1.1100000143051147,1.1200000047683716,1.1100000143051147,1.1100000143051147,447806,0.0,0.0
2026-03-16 14:15:00-04:00,1.1100000143051147,1.1200000047683716,1.1100000143051147,1.1200000047683716,351286,0.0,0.0
2026-03-16 14:20:00-04:00,1.1150000095367432,1.1200000047683716,1.1100000143051147,1.1150000095367432,361872,0.0,0.0
2026-03-16 14:25:00-04:00,1.1100000143051147,1.1200000047683716,1.100000023841858,1.1100000143051147,702133,0.0,0.0
2026-03-16 14:30:00-04:00,1.100000023841858,1.1100000143051147,1.100000023841858,1.1100000143051147,285530,0.0,0.0
2026-03-16 14:35:00-04:00,1.1100000143051147,1.1100000143051147,1.100000023841858,1.1050000190734863,117350,0.0,0.0
2026-03-16 14:40:00-04:00,1.100000023841858,1.1100000143051147,1.090000033378601,1.0950000286102295,394584,0.0,0.0
2026-03-16 14:45:00-04:00,1.100000023841858,1.100000023841858,1.090000033378601,1.090000033378601,189548,0.0,0.0
2026-03-16 14:50:00-04:00,1.0950000286102295,1.100000023841858,1.090000033378601,1.100000023841858,109671,0.0,0.0
2026-03-16 14:55:00-04:00,1.100000023841858,1.100000023841858,1.090000033378601,1.090000033378601,109929,0.0,0.0
2026-03-16 15:00:00-04:00,1.090000033378601,1.100000023841858,1.090000033378601,1.0950000286102295,212862,0.0,0.0
2026-03-16 15:05:00-04:00,1.0901000499725342,1.100000023841858,1.090000033378601,1.090000033378601,154197,0.0,0.0
2026-03-16 15:10:00-04:00,1.0950000286102295,1.100000023841858,1.090000033378601,1.100000023841858,226238,0.0,0.0
2026-03-16 15:15:00-04:00,1.100000023841858,1.100000023841858,1.090000033378601,1.100000023841858,86819,0.0,0.0
2026-03-16 15:20:00-04:00,1.100000023841858,1.100000023841858,1.090000033378601,1.090000033378601,124096,0.0,0.0
2026-03-16 15:25:00-04:00,1.0950000286102295,1.100000023841858,1.090000033378601,1.100000023841858,90715,0.0,0.0
2026-03-16 15:30:00-04:00,1.090000033378601,1.100000023841858,1.090000033378601,1.100000023841858,136404,0.0,0.0
2026-03-16 15:35:00-04:00,1.0950000286102295,1.100000023841858,1.090000033378601,1.0950000286102295,112672,0.0,0.0
2026-03-16 15:40:00-04:00,1.090000033378601,1.100000023841858,1.090000033378601,1.0950000286102295,102225,0.0,0.0
2026-03-16 15:45:00-04:00,1.100000023841858,1.100000023841858,1.090000033378601,1.0901000499725342,596109,0.0,0.0
2026-03-16 15:50:00-04:00,1.090000033378601,1.100000023841858,1.090000033378601,1.0950000286102295,355941,0.0,0.0
2026-03-16 15:55:00-04:00,1.090000033378601,1.0950000286102295,1.0700000524520874,1.0700000524520874,2733017,0.0,0.0
2026-03-17 09:30:00-04:00,1.059999942779541,1.090000033378601,1.0499999523162842,1.0850000381469727,1561599,0.0,0.0
2026-03-17 09:35:00-04:00,1.0884000062942505,1.100000023841858,1.0800000429153442,1.0800000429153442,579507,0.0,0.0
2026-03-17 09:40:00-04:00,1.0884000062942505,1.1100000143051147,1.0800000429153442,1.0950000286102295,925616,0.0,0.0
2026-03-17 09:45:00-04:00,1.090000033378601,1.1100000143051147,1.090000033378601,1.090000033378601,1094085,0.0,0.0
2026-03-17 09:50:00-04:00,1.090000033378601,1.100000023841858,1.090000033378601,1.090000033378601,300447,0.0,0.0
2026-03-17 09:55:00-04:00,1.100000023841858,1.1100000143051147,1.090000033378601,1.100000023841858,752925,0.0,0.0
2026-03-17 10:00:00-04:00,1.100000023841858,1.1100000143051147,1.100000023841858,1.1100000143051147,659816,0.0,0.0
2026-03-17 10:05:00-04:00,1.100000023841858,1.1100000143051147,1.090000033378601,1.090000033378601,808532,0.0,0.0
2026-03-17 10:10:00-04:00,1.100000023841858,1.100000023841858,1.090000033378601,1.100000023841858,288166,0.0,0.0
2026-03-17 10:15:00-04:00,1.090000033378601,1.100000023841858,1.090000033378601,1.0932999849319458,256535,0.0,0.0
2026-03-17 10:20:00-04:00,1.0950000286102295,1.100000023841858,1.090000033378601,1.0901999473571777,276482,0.0,0.0
2026-03-17 10:25:00-04:00,1.090000033378601,1.100000023841858,1.0800000429153442,1.090000033378601,463492,0.0,0.0
2026-03-17 10:30:00-04:00,1.090000033378601,1.1100000143051147,1.0800000429153442,1.1100000143051147,1731941,0.0,0.0
2026-03-17 10:35:00-04:00,1.100000023841858,1.1100000143051147,1.100000023841858,1.100000023841858,425744,0.0,0.0
2026-03-17 10:40:00-04:00,1.100000023841858,1.1100000143051147,1.090000033378601,1.0901000499725342,1600489,0.0,0.0
2026-03-17 10:45:00-04:00,1.090000033378601,1.100000023841858,1.090000033378601,1.090000033378601,150984,0.0,0.0
2026-03-17 10:50:00-04:00,1.0901000499725342,1.100000023841858,1.090000033378601,1.090000033378601,186154,0.0,0.0
2026-03-17 10:55:00-04:00,1.090000033378601,1.100000023841858,1.090000033378601,1.090000033378601,171755,0.0,0.0
2026-03-17 11:00:00-04:00,1.0957000255584717,1.100000023841858,1.090000033378601,1.090000033378601,207501,0.0,0.0
2026-03-17 11:05:00-04:00,1.100000023841858,1.100000023841858,1.0800000429153442,1.0800000429153442,291502,0.0,0.0
2026-03-17 11:10:00-04:00,1.0800000429153442,1.090000033378601,1.0800000429153442,1.0800000429153442,243193,0.0,0.0
2026-03-17 11:15:00-04:00,1.090000033378601,1.090000033378601,1.0800000429153442,1.090000033378601,187155,0.0,0.0
2026-03-17 11:20:00-04:00,1.0850000381469727,1.090000033378601,1.0800000429153442,1.090000033378601,149686,0.0,0.0
2026-03-17 11:25:00-04:00,1.0850000381469727,1.090000033378601,1.0800000429153442,1.090000033378601,244295,0.0,0.0
2026-03-17 11:30:00-04:00,1.090000033378601,1.090000033378601,1.0800000429153442,1.090000033378601,146431,0.0,0.0
2026-03-17 11:35:00-04:00,1.0800000429153442,1.090000033378601,1.0800000429153442,1.0850000381469727,131608,0.0,0.0
2026-03-17 11:40:00-04:00,1.0800000429153442,1.090000033378601,1.0800000429153442,1.0801000595092773,681324,0.0,0.0
2026-03-17 11:45:00-04:00,1.090000033378601,1.090000033378601,1.0800000429153442,1.0850000381469727,558420,0.0,0.0
2026-03-17 11:50:00-04:00,1.0800000429153442,1.090000033378601,1.0800000429153442,1.0800000429153442,1981884,0.0,0.0
2026-03-17 11:55:00-04:00,1.090000033378601,1.090000033378601,1.0800000429153442,1.0800000429153442,147912,0.0,0.0
2026-03-17 12:00:00-04:00,1.0800000429153442,1.090000033378601,1.0800000429153442,1.0850000381469727,130122,0.0,0.0
2026-03-17 12:05:00-04:00,1.0850000381469727,1.090000033378601,1.0800000429153442,1.0850000381469727,297343,0.0,0.0
2026-03-17 12:10:00-04:00,1.0801000595092773,1.100000023841858,1.0800000429153442,1.0950000286102295,649721,0.0,0.0
2026-03-17 12:15:00-04:00,1.0950000286102295,1.100000023841858,1.090000033378601,1.090000033378601,186501,0.0,0.0
2026-03-17 12:20:00-04:00,1.0950000286102295,1.100000023841858,1.090000033378601,1.090000033378601,179193,0.0,0.0
2026-03-17 12:25:00-04:00,1.0950000286102295,1.100000023841858,1.090000033378601,1.100000023841858,164027,0.0,0.0
2026-03-17 12:30:00-04:00,1.090000033378601,1.100000023841858,1.090000033378601,1.0950000286102295,283842,0.0,0.0
2026-03-17 12:35:00-04:00,1.0999000072479248,1.100000023841858,1.090000033378601,1.090000033378601,303719,0.0,0.0
2026-03-17 12:40:00-04:00,1.090000033378601,1.100000023841858,1.090000033378601,1.100000023841858,201478,0.0,0.0
2026-03-17 12:45:00-04:00,1.090000033378601,1.100000023841858,1.090000033378601,1.100000023841858,223542,0.0,0.0
2026-03-17 12:50:00-04:00,1.090000033378601,1.100000023841858,1.090000033378601,1.090000033378601,133218,0.0,0.0
2026-03-17 12:55:00-04:00,1.100000023841858,1.100000023841858,1.090000033378601,1.090000033378601,133051,0.0,0.0
2026-03-17 13:00:00-04:00,1.090000033378601,1.100000023841858,1.090000033378601,1.090000033378601,148453,0.0,0.0
2026-03-17 13:05:00-04:00,1.090000033378601,1.100000023841858,1.090000033378601,1.0950000286102295,149808,0.0,0.0
2026-03-17 13:10:00-04:00,1.0950000286102295,1.100000023841858,1.090000033378601,1.090000033378601,502958,0.0,0.0
2026-03-17 13:15:00-04:00,1.0950000286102295,1.1100000143051147,1.090000033378601,1.100000023841858,1095123,0.0,0.0
2026-03-17 13:20:00-04:00,1.1050000190734863,1.1100000143051147,1.100000023841858,1.1023999452590942,255271,0.0,0.0
2026-03-17 13:25:00-04:00,1.100000023841858,1.1100000143051147,1.100000023841858,1.100000023841858,471123,0.0,0.0
2026-03-17 13:30:00-04:00,1.100000023841858,1.1100000143051147,1.100000023841858,1.100000023841858,185826,0.0,0.0
2026-03-17 13:35:00-04:00,1.1100000143051147,1.1100000143051147,1.100000023841858,1.100000023841858,185488,0.0,0.0
2026-03-17 13:40:00-04:00,1.100100040435791,1.1100000143051147,1.100000023841858,1.100000023841858,281531,0.0,0.0
2026-03-17 13:45:00-04:00,1.100100040435791,1.1100000143051147,1.100000023841858,1.100000023841858,131942,0.0,0.0
2026-03-17 13:50:00-04:00,1.100000023841858,1.1100000143051147,1.100000023841858,1.100000023841858,124619,0.0,0.0
2026-03-17 13:55:00-04:00,1.100000023841858,1.1100000143051147,1.100000023841858,1.100000023841858,186630,0.0,0.0
2026-03-17 14:00:00-04:00,1.1015000343322754,1.1100000143051147,1.100000023841858,1.1100000143051147,182111,0.0,0.0
2026-03-17 14:05:00-04:00,1.1015000343322754,1.1100000143051147,1.100000023841858,1.100000023841858,119274,0.0,0.0
2026-03-17 14:10:00-04:00,1.1050000190734863,1.1100000143051147,1.090000033378601,1.090000033378601,260402,0.0,0.0
2026-03-17 14:15:00-04:00,1.0972000360488892,1.100000023841858,1.090000033378601,1.0950000286102295,118328,0.0,0.0
2026-03-17 14:20:00-04:00,1.090000033378601,1.100000023841858,1.090000033378601,1.090000033378601,293833,0.0,0.0
2026-03-17 14:25:00-04:00,1.0950000286102295,1.100000023841858,1.090000033378601,1.0917999744415283,107625,0.0,0.0
2026-03-17 14:30:00-04:00,1.100000023841858,1.100000023841858,1.090000033378601,1.0901000499725342,115655,0.0,0.0
2026-03-17 14:35:00-04:00,1.090000033378601,1.100000023841858,1.090000033378601,1.090000033378601,90761,0.0,0.0
2026-03-17 14:40:00-04:00,1.090000033378601,1.100000023841858,1.090000033378601,1.0950000286102295,159331,0.0,0.0
2026-03-17 14:45:00-04:00,1.090000033378601,1.090000033378601,1.0800000429153442,1.0850000381469727,334932,0.0,0.0
2026-03-17 14:50:00-04:00,1.0800000429153442,1.090000033378601,1.0800000429153442,1.0800000429153442,91544,0.0,0.0
2026-03-17 14:55:00-04:00,1.0800000429153442,1.090000033378601,1.0800000429153442,1.090000033378601,101076,0.0,0.0
2026-03-17 15:00:00-04:00,1.0850000381469727,1.090000033378601,1.0800000429153442,1.0800000429153442,122324,0.0,0.0
2026-03-17 15:05:00-04:00,1.0800000429153442,1.090000033378601,1.0800000429153442,1.090000033378601,120213,0.0,0.0
2026-03-17 15:10:00-04:00,1.0800000429153442,1.090000033378601,1.0800000429153442,1.0800000429153442,148763,0.0,0.0
2026-03-17 15:15:00-04:00,1.0800000429153442,1.090000033378601,1.0800000429153442,1.0800000429153442,117445,0.0,0.0
2026-03-17 15:20:00-04:00,1.0800000429153442,1.090000033378601,1.0800000429153442,1.0800000429153442,116823,0.0,0.0
2026-03-17 15:25:00-04:00,1.0850000381469727,1.090000033378601,1.0800000429153442,1.090000033378601,117256,0.0,0.0
2026-03-17 15:30:00-04:00,1.0800000429153442,1.090000033378601,1.0800000429153442,1.0800000429153442,112293,0.0,0.0
2026-03-17 15:35:00-04:00,1.0850000381469727,1.090000033378601,1.0800000429153442,1.0850000381469727,127788,0.0,0.0
2026-03-17 15:40:00-04:00,1.0850000381469727,1.090000033378601,1.0800000429153442,1.0800000429153442,132026,0.0,0.0
2026-03-17 15:45:00-04:00,1.0800000429153442,1.090000033378601,1.0800000429153442,1.083899974822998,206009,0.0,0.0
2026-03-17 15:50:00-04:00,1.0835000276565552,1.090000033378601,1.0800000429153442,1.0850000381469727,166099,0.0,0.0
2026-03-17 15:55:00-04:00,1.0850000381469727,1.090000033378601,1.0800000429153442,1.0850000381469727,661292,0.0,0.0
2026-03-18 09:30:00-04:00,1.0700000524520874,1.090000033378601,1.0700000524520874,1.0800000429153442,563096,0.0,0.0
2026-03-18 09:35:00-04:00,1.0800000429153442,1.100000023841858,1.0800000429153442,1.0996999740600586,216152,0.0,0.0
2026-03-18 09:40:00-04:00,1.0950000286102295,1.100000023841858,1.090000033378601,1.090000033378601,300326,0.0,0.0
2026-03-18 09:45:00-04:00,1.090000033378601,1.0959999561309814,1.0800000429153442,1.0800000429153442,256709,0.0,0.0
2026-03-18 09:50:00-04:00,1.0800000429153442,1.090000033378601,1.0800000429153442,1.0800000429153442,163820,0.0,0.0
2026-03-18 09:55:00-04:00,1.0800000429153442,1.090000033378601,1.0700000524520874,1.0750000476837158,261063,0.0,0.0
2026-03-18 10:00:00-04:00,1.0750000476837158,1.0800000429153442,1.0700000524520874,1.0700000524520874,245671,0.0,0.0
2026-03-18 10:05:00-04:00,1.0700000524520874,1.0800000429153442,1.0700000524520874,1.072100043296814,176133,0.0,0.0
2026-03-18 10:10:00-04:00,1.0700000524520874,1.0764000415802002,1.059999942779541,1.059999942779541,282071,0.0,0.0
2026-03-18 10:15:00-04:00,1.0615999698638916,1.0700000524520874,1.059999942779541,1.0600999593734741,205461,0.0,0.0
2026-03-18 10:20:00-04:00,1.0600999593734741,1.0700000524520874,1.059999942779541,1.065000057220459,143470,0.0,0.0
2026-03-18 10:25:00-04:00,1.0673999786376953,1.0700000524520874,1.059999942779541,1.0600999593734741,87773,0.0,0.0
2026-03-18 10:30:00-04:00,1.065000057220459,1.0700000524520874,1.0499999523162842,1.0499999523162842,785653,0.0,0.0
2026-03-18 10:35:00-04:00,1.0549999475479126,1.059999942779541,1.0499999523162842,1.0549999475479126,590035,0.0,0.0
2026-03-18 10:40:00-04:00,1.0535000562667847,1.059999942779541,1.0499999523162842,1.0549999475479126,182465,0.0,0.0
2026-03-18 10:45:00-04:00,1.0499999523162842,1.059999942779541,1.0499999523162842,1.0599000453948975,155028,0.0,0.0
2026-03-18 10:50:00-04:00,1.059999942779541,1.059999942779541,1.0499999523162842,1.0499999523162842,148953,0.0,0.0
2026-03-18 10:55:00-04:00,1.0499999523162842,1.059999942779541,1.0499999523162842,1.0499999523162842,151161,0.0,0.0
2026-03-18 11:00:00-04:00,1.0499999523162842,1.059999942779541,1.0499999523162842,1.0549999475479126,105026,0.0,0.0
2026-03-18 11:05:00-04:00,1.0575000047683716,1.059999942779541,1.0499999523162842,1.0499999523162842,124558,0.0,0.0
2026-03-18 11:10:00-04:00,1.059999942779541,1.059999942779541,1.0499999523162842,1.059999942779541,202072,0.0,0.0
2026-03-18 11:15:00-04:00,1.059999942779541,1.059999942779541,1.0499999523162842,1.059999942779541,185205,0.0,0.0
2026-03-18 11:20:00-04:00,1.059999942779541,1.0700000524520874,1.0599000453948975,1.059999942779541,358253,0.0,0.0
2026-03-18 11:25:00-04:00,1.0621000528335571,1.0700000524520874,1.059999942779541,1.0700000524520874,133697,0.0,0.0
2026-03-18 11:30:00-04:00,1.059999942779541,1.0700000524520874,1.059999942779541,1.0672999620437622,169379,0.0,0.0
2026-03-18 11:35:00-04:00,1.065000057220459,1.0700000524520874,1.059999942779541,1.065000057220459,61284,0.0,0.0
2026-03-18 11:40:00-04:00,1.065000057220459,1.0700000524520874,1.059999942779541,1.059999942779541,82896,0.0,0.0
2026-03-18 11:45:00-04:00,1.059999942779541,1.0700000524520874,1.059999942779541,1.0625,92428,0.0,0.0
2026-03-18 11:50:00-04:00,1.059999942779541,1.0700000524520874,1.059999942779541,1.065000057220459,161635,0.0,0.0
2026-03-18 11:55:00-04:00,1.065000057220459,1.0700000524520874,1.059999942779541,1.059999942779541,169818,0.0,0.0
2026-03-18 12:00:00-04:00,1.059999942779541,1.0700000524520874,1.059999942779541,1.0622999668121338,135083,0.0,0.0
2026-03-18 12:05:00-04:00,1.059999942779541,1.0700000524520874,1.0499999523162842,1.0499999523162842,404677,0.0,0.0
2026-03-18 12:10:00-04:00,1.0549999475479126,1.059999942779541,1.0499999523162842,1.0499999523162842,107817,0.0,0.0
2026-03-18 12:15:00-04:00,1.0499999523162842,1.059999942779541,1.0499999523162842,1.0549999475479126,118691,0.0,0.0
2026-03-18 12:20:00-04:00,1.0549999475479126,1.059999942779541,1.0499999523162842,1.0549999475479126,131480,0.0,0.0
2026-03-18 12:25:00-04:00,1.0549999475479126,1.059999942779541,1.0499999523162842,1.0499999523162842,125841,0.0,0.0
2026-03-18 12:30:00-04:00,1.0499999523162842,1.059999942779541,1.0499999523162842,1.0499999523162842,125283,0.0,0.0
2026-03-18 12:35:00-04:00,1.0499999523162842,1.059999942779541,1.0499999523162842,1.0549999475479126,104357,0.0,0.0
2026-03-18 12:40:00-04:00,1.0549999475479126,1.059999942779541,1.0499999523162842,1.0499999523162842,356001,0.0,0.0
2026-03-18 12:45:00-04:00,1.0499999523162842,1.059999942779541,1.0499999523162842,1.0499999523162842,75022,0.0,0.0
2026-03-18 12:50:00-04:00,1.0571999549865723,1.059999942779541,1.0499999523162842,1.0499999523162842,72629,0.0,0.0
2026-03-18 12:55:00-04:00,1.0499999523162842,1.059999942779541,1.0499999523162842,1.0499999523162842,96510,0.0,0.0
2026-03-18 13:00:00-04:00,1.054800033569336,1.059999942779541,1.0499999523162842,1.0499999523162842,80084,0.0,0.0
2026-03-18 13:05:00-04:00,1.0499999523162842,1.059999942779541,1.0499999523162842,1.0549999475479126,91381,0.0,0.0
2026-03-18 13:10:00-04:00,1.0597000122070312,1.059999942779541,1.0499999523162842,1.0598000288009644,136408,0.0,0.0
2026-03-18 13:15:00-04:00,1.0499999523162842,1.059999942779541,1.0499999523162842,1.0499999523162842,101782,0.0,0.0
2026-03-18 13:20:00-04:00,1.0499999523162842,1.059999942779541,1.0499999523162842,1.0499999523162842,81869,0.0,0.0
2026-03-18 13:25:00-04:00,1.0499999523162842,1.059999942779541,1.0499999523162842,1.0499999523162842,173948,0.0,0.0
2026-03-18 13:30:00-04:00,1.0499999523162842,1.059999942779541,1.0499999523162842,1.0499999523162842,79032,0.0,0.0
2026-03-18 13:35:00-04:00,1.0499999523162842,1.059999942779541,1.0499999523162842,1.0499999523162842,129278,0.0,0.0
2026-03-18 13:40:00-04:00,1.0499999523162842,1.059999942779541,1.0499999523162842,1.0499999523162842,153439,0.0,0.0
2026-03-18 13:45:00-04:00,1.0499999523162842,1.059999942779541,1.0499999523162842,1.0499999523162842,88724,0.0,0.0
2026-03-18 13:50:00-04:00,1.0549999475479126,1.059999942779541,1.0499999523162842,1.0499999523162842,167598,0.0,0.0
2026-03-18 13:55:00-04:00,1.0549999475479126,1.059999942779541,1.0499999523162842,1.0549999475479126,164382,0.0,0.0
2026-03-18 14:00:00-04:00,1.0549999475479126,1.059999942779541,1.0499999523162842,1.059999942779541,339242,0.0,0.0
2026-03-18 14:05:00-04:00,1.0549999475479126,1.059999942779541,1.0499999523162842,1.0499999523162842,144788,0.0,0.0
2026-03-18 14:10:00-04:00,1.0499999523162842,1.059999942779541,1.0499999523162842,1.0499999523162842,216686,0.0,0.0
2026-03-18 14:15:00-04:00,1.0499999523162842,1.059999942779541,1.0499999523162842,1.0499999523162842,104595,0.0,0.0
2026-03-18 14:20:00-04:00,1.0499999523162842,1.059999942779541,1.0499999523162842,1.0499999523162842,110698,0.0,0.0
2026-03-18 14:25:00-04:00,1.0568000078201294,1.059999942779541,1.0399999618530273,1.0399999618530273,847054,0.0,0.0
2026-03-18 14:30:00-04:00,1.0449999570846558,1.0499999523162842,1.0399999618530273,1.0499999523162842,239341,0.0,0.0
2026-03-18 14:35:00-04:00,1.0399999618530273,1.0499999523162842,1.0399999618530273,1.0499999523162842,187963,0.0,0.0
2026-03-18 14:40:00-04:00,1.0399999618530273,1.0499999523162842,1.0399999618530273,1.0399999618530273,201650,0.0,0.0
2026-03-18 14:45:00-04:00,1.0449999570846558,1.0499999523162842,1.0399999618530273,1.0399999618530273,148129,0.0,0.0
2026-03-18 14:50:00-04:00,1.0399999618530273,1.0499999523162842,1.0299999713897705,1.034999966621399,650728,0.0,0.0
2026-03-18 14:55:00-04:00,1.0299999713897705,1.0399999618530273,1.0299999713897705,1.0299999713897705,625473,0.0,0.0
2026-03-18 15:00:00-04:00,1.034999966621399,1.0399999618530273,1.0299999713897705,1.034999966621399,130011,0.0,0.0
2026-03-18 15:05:00-04:00,1.0299999713897705,1.0399999618530273,1.0299999713897705,1.0398000478744507,191166,0.0,0.0
2026-03-18 15:10:00-04:00,1.034999966621399,1.0399999618530273,1.0299999713897705,1.0299999713897705,220479,0.0,0.0
2026-03-18 15:15:00-04:00,1.0399999618530273,1.0399999618530273,1.0299999713897705,1.034999966621399,112678,0.0,0.0
2026-03-18 15:20:00-04:00,1.0299999713897705,1.0399999618530273,1.0299999713897705,1.0299999713897705,151525,0.0,0.0
2026-03-18 15:25:00-04:00,1.034999966621399,1.0399999618530273,1.0299999713897705,1.0299999713897705,170114,0.0,0.0
2026-03-18 15:30:00-04:00,1.0299999713897705,1.0399999618530273,1.0299999713897705,1.034999966621399,112600,0.0,0.0
2026-03-18 15:35:00-04:00,1.0299999713897705,1.0399999618530273,1.0299999713897705,1.0399999618530273,211193,0.0,0.0
2026-03-18 15:40:00-04:00,1.0299999713897705,1.0399999618530273,1.0299999713897705,1.0299999713897705,230187,0.0,0.0
2026-03-18 15:45:00-04:00,1.0299999713897705,1.0399999618530273,1.0299999713897705,1.0299999713897705,170160,0.0,0.0
2026-03-18 15:50:00-04:00,1.034999966621399,1.0399999618530273,1.0299999713897705,1.034999966621399,256905,0.0,0.0
2026-03-18 15:55:00-04:00,1.0360000133514404,1.0399999618530273,1.0199999809265137,1.024999976158142,1071648,0.0,0.0
2026-03-19 09:30:00-04:00,1.0099999904632568,1.0399999618530273,1.0,1.030400037765503,2360623,0.0,0.0
2026-03-19 09:35:00-04:00,1.0307999849319458,1.0599000453948975,1.0299999713897705,1.041200041770935,673310,0.0,0.0
2026-03-19 09:40:00-04:00,1.0498000383377075,1.0499999523162842,1.0399999618530273,1.0449999570846558,501536,0.0,0.0
2026-03-19 09:45:00-04:00,1.0499999523162842,1.0499999523162842,1.0299999713897705,1.0398999452590942,364617,0.0,0.0
2026-03-19 09:50:00-04:00,1.0399999618530273,1.0399999618530273,1.0299999713897705,1.034999966621399,206237,0.0,0.0
2026-03-19 09:55:00-04:00,1.0399999618530273,1.0399999618530273,1.0199999809265137,1.0298000574111938,1017035,0.0,0.0
2026-03-19 10:00:00-04:00,1.024999976158142,1.0299999713897705,1.0099999904632568,1.0184999704360962,294829,0.0,0.0
2026-03-19 10:05:00-04:00,1.0149999856948853,1.0199999809265137,1.0099999904632568,1.019700050354004,169118,0.0,0.0
2026-03-19 10:10:00-04:00,1.0149999856948853,1.0199999809265137,1.0,1.0099999904632568,625953,0.0,0.0
2026-03-19 10:15:00-04:00,1.0199999809265137,1.0199999809265137,1.0099999904632568,1.0160000324249268,163747,0.0,0.0
2026-03-19 10:20:00-04:00,1.0149999856948853,1.0199999809265137,1.0099999904632568,1.0099999904632568,291224,0.0,0.0
2026-03-19 10:25:00-04:00,1.0149999856948853,1.0199999809265137,1.0099999904632568,1.0198999643325806,151138,0.0,0.0
2026-03-19 10:30:00-04:00,1.0199999809265137,1.0199999809265137,1.0099999904632568,1.0149999856948853,214196,0.0,0.0
2026-03-19 10:35:00-04:00,1.0151000022888184,1.0199999809265137,1.0099999904632568,1.0199999809265137,143854,0.0,0.0
2026-03-19 10:40:00-04:00,1.0099999904632568,1.0199999809265137,1.0099999904632568,1.0149999856948853,145604,0.0,0.0
2026-03-19 10:45:00-04:00,1.0099999904632568,1.0199999809265137,1.0099999904632568,1.0161999464035034,134840,0.0,0.0
2026-03-19 10:50:00-04:00,1.0199999809265137,1.0199999809265137,1.0099999904632568,1.0099999904632568,202164,0.0,0.0
2026-03-19 10:55:00-04:00,1.0099999904632568,1.0199999809265137,1.0099999904632568,1.0099999904632568,167036,0.0,0.0
2026-03-19 11:00:00-04:00,1.0199999809265137,1.0199999809265137,1.0099999904632568,1.0099999904632568,174921,0.0,0.0
2026-03-19 11:05:00-04:00,1.0099999904632568,1.0299999713897705,1.0099999904632568,1.0299999713897705,289675,0.0,0.0
2026-03-19 11:10:00-04:00,1.0299999713897705,1.0299999713897705,1.0199999809265137,1.0199999809265137,130488,0.0,0.0
2026-03-19 11:15:00-04:00,1.024999976158142,1.0299999713897705,1.0199999809265137,1.0199999809265137,115154,0.0,0.0
2026-03-19 11:20:00-04:00,1.024999976158142,1.0299999713897705,1.0099999904632568,1.0117000341415405,137180,0.0,0.0
2026-03-19 11:25:00-04:00,1.0149999856948853,1.0199999809265137,1.0099999904632568,1.0099999904632568,177215,0.0,0.0
2026-03-19 11:30:00-04:00,1.01010000705719,1.0199999809265137,1.0099999904632568,1.0134999752044678,139119,0.0,0.0
2026-03-19 11:35:00-04:00,1.0149999856948853,1.0199999809265137,1.0099999904632568,1.0099999904632568,142538,0.0,0.0
2026-03-19 11:40:00-04:00,1.0151000022888184,1.0199999809265137,1.0099999904632568,1.0099999904632568,151065,0.0,0.0
2026-03-19 11:45:00-04:00,1.0149999856948853,1.0199999809265137,1.0099999904632568,1.0199999809265137,142168,0.0,0.0
2026-03-19 11:50:00-04:00,1.0149999856948853,1.0199999809265137,1.0099999904632568,1.0121999979019165,119397,0.0,0.0
2026-03-19 11:55:00-04:00,1.0149999856948853,1.0199999809265137,1.0099999904632568,1.0175000429153442,145359,0.0,0.0
2026-03-19 12:00:00-04:00,1.0099999904632568,1.0199999809265137,1.0099999904632568,1.0099999904632568,139894,0.0,0.0
2026-03-19 12:05:00-04:00,1.0149999856948853,1.0199999809265137,1.0099999904632568,1.0099999904632568,205036,0.0,0.0
2026-03-19 12:10:00-04:00,1.0099999904632568,1.0199999809265137,1.0049999952316284,1.0099999904632568,618388,0.0,0.0
2026-03-19 12:15:00-04:00,1.0149999856948853,1.0199999809265137,1.0099999904632568,1.0115000009536743,100814,0.0,0.0
2026-03-19 12:20:00-04:00,1.0099999904632568,1.0199999809265137,1.0099999904632568,1.01010000705719,98286,0.0,0.0
2026-03-19 12:25:00-04:00,1.0099999904632568,1.0199999809265137,1.0099999904632568,1.0104000568389893,143826,0.0,0.0
2026-03-19 12:30:00-04:00,1.0099999904632568,1.0199999809265137,1.0099999904632568,1.0099999904632568,90854,0.0,0.0
2026-03-19 12:35:00-04:00,1.0149999856948853,1.0199999809265137,1.0,1.0099999904632568,268781,0.0,0.0
2026-03-19 12:40:00-04:00,1.0099999904632568,1.0199999809265137,1.0099999904632568,1.0196000337600708,97459,0.0,0.0
2026-03-19 12:45:00-04:00,1.0170999765396118,1.0199999809265137,1.0099999904632568,1.0099999904632568,167603,0.0,0.0
2026-03-19 12:50:00-04:00,1.0099999904632568,1.0199999809265137,1.0,1.0099999904632568,276945,0.0,0.0
2026-03-19 12:55:00-04:00,1.0099999904632568,1.0199999809265137,1.0099999904632568,1.0099999904632568,103053,0.0,0.0
2026-03-19 13:00:00-04:00,1.0149999856948853,1.0199999809265137,1.0099999904632568,1.0099999904632568,93431,0.0,0.0
2026-03-19 13:05:00-04:00,1.010200023651123,1.0199999809265137,1.0049999952316284,1.0115000009536743,172991,0.0,0.0
2026-03-19 13:10:00-04:00,1.0099999904632568,1.0199999809265137,1.0099999904632568,1.0149999856948853,132584,0.0,0.0
2026-03-19 13:15:00-04:00,1.0099999904632568,1.0199999809265137,1.0099999904632568,1.0099999904632568,99809,0.0,0.0
2026-03-19 13:20:00-04:00,1.0103000402450562,1.0199999809265137,1.0099999904632568,1.0099999904632568,70268,0.0,0.0
2026-03-19 13:25:00-04:00,1.0145000219345093,1.0199999809265137,1.0099999904632568,1.0149999856948853,168261,0.0,0.0
2026-03-19 13:30:00-04:00,1.0149999856948853,1.0199999809265137,1.0099999904632568,1.0099999904632568,75736,0.0,0.0
2026-03-19 13:35:00-04:00,1.0099999904632568,1.0199999809265137,1.0099999904632568,1.0160000324249268,63848,0.0,0.0
2026-03-19 13:40:00-04:00,1.0099999904632568,1.0199999809265137,1.0099999904632568,1.0199999809265137,92894,0.0,0.0
2026-03-19 13:45:00-04:00,1.0124000310897827,1.0199999809265137,1.0099999904632568,1.0199999809265137,94853,0.0,0.0
2026-03-19 13:50:00-04:00,1.0199999809265137,1.0199999809265137,1.0099999904632568,1.0099999904632568,85378,0.0,0.0
2026-03-19 13:55:00-04:00,1.0149999856948853,1.0199999809265137,1.0099999904632568,1.0149999856948853,228718,0.0,0.0
2026-03-19 14:00:00-04:00,1.0099999904632568,1.0199999809265137,1.0099999904632568,1.0099999904632568,232625,0.0,0.0
2026-03-19 14:05:00-04:00,1.0099999904632568,1.024999976158142,1.0099999904632568,1.0200999975204468,259870,0.0,0.0
2026-03-19 14:10:00-04:00,1.0299999713897705,1.0299999713897705,1.0199999809265137,1.024999976158142,127622,0.0,0.0
2026-03-19 14:15:00-04:00,1.0299999713897705,1.0299999713897705,1.0199999809265137,1.0199999809265137,184156,0.0,0.0
2026-03-19 14:20:00-04:00,1.0200999975204468,1.0299999713897705,1.0199999809265137,1.0199999809265137,95395,0.0,0.0
2026-03-19 14:25:00-04:00,1.0200999975204468,1.0299999713897705,1.0199999809265137,1.0199999809265137,212337,0.0,0.0
2026-03-19 14:30:00-04:00,1.0299999713897705,1.0299999713897705,1.0199999809265137,1.0299999713897705,93680,0.0,0.0
2026-03-19 14:35:00-04:00,1.0199999809265137,1.0299999713897705,1.0199999809265137,1.0299999713897705,85419,0.0,0.0
2026-03-19 14:40:00-04:00,1.0199999809265137,1.0299999713897705,1.0199999809265137,1.0199999809265137,68728,0.0,0.0
2026-03-19 14:45:00-04:00,1.024999976158142,1.0299999713897705,1.0199999809265137,1.0199999809265137,74002,0.0,0.0
2026-03-19 14:50:00-04:00,1.0199999809265137,1.0299999713897705,1.0199999809265137,1.0299999713897705,70096,0.0,0.0
2026-03-19 14:55:00-04:00,1.0299999713897705,1.0299999713897705,1.0199999809265137,1.0296000242233276,105511,0.0,0.0
2026-03-19 15:00:00-04:00,1.0296000242233276,1.0399999618530273,1.0199999809265137,1.034999966621399,398384,0.0,0.0
2026-03-19 15:05:00-04:00,1.0399999618530273,1.0499999523162842,1.0299999713897705,1.0449999570846558,381587,0.0,0.0
2026-03-19 15:10:00-04:00,1.0449999570846558,1.0499999523162842,1.0399999618530273,1.0399999618530273,125794,0.0,0.0
2026-03-19 15:15:00-04:00,1.0399999618530273,1.0499999523162842,1.0399999618530273,1.0401999950408936,114823,0.0,0.0
2026-03-19 15:20:00-04:00,1.041700005531311,1.0499999523162842,1.0299999713897705,1.0399999618530273,260020,0.0,0.0
2026-03-19 15:25:00-04:00,1.034999966621399,1.0399999618530273,1.0299999713897705,1.0398999452590942,69266,0.0,0.0
2026-03-19 15:30:00-04:00,1.0399999618530273,1.0399999618530273,1.0299999713897705,1.0299999713897705,113284,0.0,0.0
2026-03-19 15:35:00-04:00,1.0398000478744507,1.0399999618530273,1.0299999713897705,1.034999966621399,134426,0.0,0.0
2026-03-19 15:40:00-04:00,1.034999966621399,1.0399999618530273,1.0299999713897705,1.034999966621399,110981,0.0,0.0
2026-03-19 15:45:00-04:00,1.0399999618530273,1.0399999618530273,1.0299999713897705,1.0300999879837036,262133,0.0,0.0
2026-03-19 15:50:00-04:00,1.034999966621399,1.0399999618530273,1.0199999809265137,1.034999966621399,354065,0.0,0.0
2026-03-19 15:55:00-04:00,1.0299999713897705,1.0399999618530273,1.0299999713897705,1.0398999452590942,730037,0.0,0.0
2026-03-20 09:30:00-04:00,1.0299999713897705,1.0399999618530273,1.0199999809265137,1.0199999809265137,1171065,0.0,0.0
2026-03-20 09:35:00-04:00,1.0199999809265137,1.0299999713897705,1.0099999904632568,1.0298999547958374,389226,0.0,0.0
2026-03-20 09:40:00-04:00,1.024999976158142,1.0299999713897705,1.0199999809265137,1.024999976158142,205117,0.0,0.0
2026-03-20 09:45:00-04:00,1.0299999713897705,1.0399999618530273,1.0199999809265137,1.034999966621399,711366,0.0,0.0
2026-03-20 09:50:00-04:00,1.030900001525879,1.0399999618530273,1.0299999713897705,1.034999966621399,377844,0.0,0.0
2026-03-20 09:55:00-04:00,1.034999966621399,1.0399999618530273,1.0299999713897705,1.034999966621399,138730,0.0,0.0
2026-03-20 10:00:00-04:00,1.034999966621399,1.0399999618530273,1.0299999713897705,1.031999945640564,181496,0.0,0.0
2026-03-20 10:05:00-04:00,1.034999966621399,1.0499999523162842,1.0299999713897705,1.0449999570846558,529944,0.0,0.0
2026-03-20 10:10:00-04:00,1.0449999570846558,1.0499999523162842,1.0399999618530273,1.042199969291687,218148,0.0,0.0
2026-03-20 10:15:00-04:00,1.0449999570846558,1.0499999523162842,1.0399999618530273,1.041100025177002,387621,0.0,0.0
2026-03-20 10:20:00-04:00,1.0399999618530273,1.0470999479293823,1.0299999713897705,1.034999966621399,400885,0.0,0.0
2026-03-20 10:25:00-04:00,1.0399999618530273,1.0399999618530273,1.0299999713897705,1.034999966621399,228879,0.0,0.0
2026-03-20 10:30:00-04:00,1.034999966621399,1.0499999523162842,1.0299999713897705,1.0399999618530273,690031,0.0,0.0
2026-03-20 10:35:00-04:00,1.0499000549316406,1.0499999523162842,1.0299999713897705,1.0299999713897705,204059,0.0,0.0
2026-03-20 10:40:00-04:00,1.0299999713897705,1.0399999618530273,1.0299999713897705,1.0299999713897705,110461,0.0,0.0
2026-03-20 10:45:00-04:00,1.0399999618530273,1.0399999618530273,1.0299999713897705,1.0299999713897705,261967,0.0,0.0
2026-03-20 10:50:00-04:00,1.0299999713897705,1.0399999618530273,1.0199999809265137,1.024999976158142,417349,0.0,0.0
2026-03-20 10:55:00-04:00,1.024999976158142,1.0299999713897705,1.0199999809265137,1.024999976158142,113205,0.0,0.0
2026-03-20 11:00:00-04:00,1.0299999713897705,1.0299999713897705,1.0199999809265137,1.0273000001907349,195422,0.0,0.0
2026-03-20 11:05:00-04:00,1.024999976158142,1.0299999713897705,1.0199999809265137,1.024999976158142,162885,0.0,0.0
2026-03-20 11:10:00-04:00,1.024999976158142,1.0299999713897705,1.0199999809265137,1.024999976158142,169927,0.0,0.0
2026-03-20 11:15:00-04:00,1.024999976158142,1.0299999713897705,1.0199999809265137,1.0299999713897705,153296,0.0,0.0
2026-03-20 11:20:00-04:00,1.024999976158142,1.0299999713897705,1.0199999809265137,1.024999976158142,236543,0.0,0.0
2026-03-20 11:25:00-04:00,1.024999976158142,1.0299999713897705,1.0199999809265137,1.0199999809265137,118556,0.0,0.0
2026-03-20 11:30:00-04:00,1.024999976158142,1.0299999713897705,1.0199999809265137,1.0200999975204468,271335,0.0,0.0
2026-03-20 11:35:00-04:00,1.024999976158142,1.0299999713897705,1.0199999809265137,1.0199999809265137,114189,0.0,0.0
2026-03-20 11:40:00-04:00,1.0262999534606934,1.0299999713897705,1.0199999809265137,1.028499960899353,97428,0.0,0.0
2026-03-20 11:45:00-04:00,1.024999976158142,1.0299999713897705,1.0199999809265137,1.0199999809265137,111563,0.0,0.0
2026-03-20 11:50:00-04:00,1.0199999809265137,1.0299999713897705,1.0199999809265137,1.0199999809265137,141352,0.0,0.0
2026-03-20 11:55:00-04:00,1.0199999809265137,1.0299999713897705,1.0099999904632568,1.0149999856948853,274015,0.0,0.0
2026-03-20 12:00:00-04:00,1.0170999765396118,1.0199999809265137,1.0099999904632568,1.0149999856948853,100615,0.0,0.0
2026-03-20 12:05:00-04:00,1.0149999856948853,1.0199999809265137,1.0099999904632568,1.0099999904632568,136645,0.0,0.0
2026-03-20 12:10:00-04:00,1.0099999904632568,1.0199999809265137,1.0099999904632568,1.0151000022888184,115216,0.0,0.0
2026-03-20 12:15:00-04:00,1.0149999856948853,1.0199999809265137,1.0099999904632568,1.0199999809265137,159013,0.0,0.0
2026-03-20 12:20:00-04:00,1.0099999904632568,1.0199999809265137,1.0099999904632568,1.0149999856948853,101240,0.0,0.0
2026-03-20 12:25:00-04:00,1.0199999809265137,1.0199999809265137,1.0099999904632568,1.0199999809265137,126551,0.0,0.0
2026-03-20 12:30:00-04:00,1.0099999904632568,1.0199999809265137,1.0099999904632568,1.0149999856948853,70471,0.0,0.0
2026-03-20 12:35:00-04:00,1.0149999856948853,1.0199999809265137,1.0099999904632568,1.0099999904632568,87416,0.0,0.0
2026-03-20 12:40:00-04:00,1.01010000705719,1.0199999809265137,1.0099999904632568,1.0149999856948853,99859,0.0,0.0
2026-03-20 12:45:00-04:00,1.0199999809265137,1.0199999809265137,1.0099999904632568,1.0099999904632568,98764,0.0,0.0
2026-03-20 12:50:00-04:00,1.0099999904632568,1.0199999809265137,1.0099999904632568,1.0149999856948853,91087,0.0,0.0
2026-03-20 12:55:00-04:00,1.0099999904632568,1.0199999809265137,1.0099999904632568,1.0099999904632568,78914,0.0,0.0
2026-03-20 13:00:00-04:00,1.0099999904632568,1.0199999809265137,1.0099999904632568,1.0099999904632568,349205,0.0,0.0
2026-03-20 13:05:00-04:00,1.0099999904632568,1.0199999809265137,1.0099999904632568,1.0099999904632568,72450,0.0,0.0
2026-03-20 13:10:00-04:00,1.0117000341415405,1.0199999809265137,1.0099999904632568,1.0099999904632568,104655,0.0,0.0
2026-03-20 13:15:00-04:00,1.0103000402450562,1.0199999809265137,1.0099999904632568,1.0149999856948853,222392,0.0,0.0
2026-03-20 13:20:00-04:00,1.0099999904632568,1.0199999809265137,1.0099999904632568,1.0099999904632568,75912,0.0,0.0
2026-03-20 13:25:00-04:00,1.01010000705719,1.0199999809265137,1.0099999904632568,1.0099999904632568,158583,0.0,0.0
2026-03-20 13:30:00-04:00,1.01010000705719,1.0199999809265137,1.0099999904632568,1.0099999904632568,90715,0.0,0.0
2026-03-20 13:35:00-04:00,1.0099999904632568,1.0199999809265137,1.0099999904632568,1.0099999904632568,452090,0.0,0.0
2026-03-20 13:40:00-04:00,1.0099999904632568,1.0199999809265137,1.0099999904632568,1.0099999904632568,91597,0.0,0.0
2026-03-20 13:45:00-04:00,1.0099999904632568,1.0199999809265137,1.0010000467300415,1.010200023651123,1496508,0.0,0.0
2026-03-20 13:50:00-04:00,1.0153000354766846,1.0199999809265137,1.0099999904632568,1.010200023651123,101165,0.0,0.0
2026-03-20 13:55:00-04:00,1.0149999856948853,1.0199999809265137,1.0099999904632568,1.0099999904632568,79175,0.0,0.0
2026-03-20 14:00:00-04:00,1.0199999809265137,1.0199999809265137,1.0099999904632568,1.0149999856948853,77043,0.0,0.0
2026-03-20 14:05:00-04:00,1.0124000310897827,1.0199999809265137,1.0099999904632568,1.0099999904632568,250394,0.0,0.0
2026-03-20 14:10:00-04:00,1.0149999856948853,1.0199999809265137,1.0099999904632568,1.014299988746643,75210,0.0,0.0
2026-03-20 14:15:00-04:00,1.0149999856948853,1.0199999809265137,1.0099999904632568,1.0149999856948853,94812,0.0,0.0
2026-03-20 14:20:00-04:00,1.01010000705719,1.0199999809265137,1.0099999904632568,1.0099999904632568,82959,0.0,0.0
2026-03-20 14:25:00-04:00,1.01010000705719,1.0199999809265137,1.0099999904632568,1.0125000476837158,144705,0.0,0.0
2026-03-20 14:30:00-04:00,1.0116000175476074,1.0199999809265137,1.0099999904632568,1.0099999904632568,111259,0.0,0.0
2026-03-20 14:35:00-04:00,1.0099999904632568,1.0199999809265137,1.0,1.0049999952316284,330334,0.0,0.0
2026-03-20 14:40:00-04:00,1.0098999738693237,1.0099999904632568,1.0,1.0026999711990356,107852,0.0,0.0
2026-03-20 14:45:00-04:00,1.0049999952316284,1.0099999904632568,1.0,1.0099999904632568,371009,0.0,0.0
2026-03-20 14:50:00-04:00,1.0049999952316284,1.0153000354766846,1.0,1.0149999856948853,428534,0.0,0.0
2026-03-20 14:55:00-04:00,1.0149999856948853,1.0199999809265137,1.0099999904632568,1.0199999809265137,214950,0.0,0.0
2026-03-20 15:00:00-04:00,1.0199999809265137,1.0199999809265137,1.0099999904632568,1.0199999809265137,148556,0.0,0.0
2026-03-20 15:05:00-04:00,1.01010000705719,1.0199999809265137,1.0099999904632568,1.0099999904632568,114109,0.0,0.0
2026-03-20 15:10:00-04:00,1.0149999856948853,1.0199999809265137,1.0099999904632568,1.013100028038025,98049,0.0,0.0
2026-03-20 15:15:00-04:00,1.0199999809265137,1.0199999809265137,1.0099999904632568,1.0099999904632568,97497,0.0,0.0
2026-03-20 15:20:00-04:00,1.0099999904632568,1.0199999809265137,1.0,1.0099999904632568,380847,0.0,0.0
2026-03-20 15:25:00-04:00,1.0097999572753906,1.0099999904632568,1.0,1.0099999904632568,69889,0.0,0.0
2026-03-20 15:30:00-04:00,1.0049999952316284,1.0099999904632568,1.0,1.0049999952316284,233723,0.0,0.0
2026-03-20 15:35:00-04:00,1.0,1.0199999809265137,1.0,1.0099999904632568,858480,0.0,0.0
2026-03-20 15:40:00-04:00,1.0049999952316284,1.0099999904632568,1.0,1.0049999952316284,600373,0.0,0.0
2026-03-20 15:45:00-04:00,1.0049999952316284,1.0099999904632568,1.0,1.0049999952316284,372298,0.0,0.0
2026-03-20 15:50:00-04:00,1.0049999952316284,1.0099999904632568,1.0,1.0049999952316284,537810,0.0,0.0
2026-03-20 15:55:00-04:00,1.0049999952316284,1.0099999904632568,0.9800000190734863,0.993399977684021,3020606,0.0,0.0
2026-03-23 09:30:00-04:00,1.0,1.0099999904632568,0.9801999926567078,1.0049999952316284,1748413,0.0,0.0
2026-03-23 09:35:00-04:00,1.0049999952316284,1.0099999904632568,1.0,1.0085999965667725,376851,0.0,0.0
2026-03-23 09:40:00-04:00,1.0099999904632568,1.0199999809265137,1.0,1.01010000705719,565425,0.0,0.0
2026-03-23 09:45:00-04:00,1.0149999856948853,1.0299999713897705,1.0099999904632568,1.0297000408172607,580506,0.0,0.0
2026-03-23 09:50:00-04:00,1.028499960899353,1.0399999618530273,1.0199999809265137,1.034999966621399,542490,0.0,0.0
2026-03-23 09:55:00-04:00,1.034999966621399,1.0399999618530273,1.0199999809265137,1.024999976158142,304710,0.0,0.0
2026-03-23 10:00:00-04:00,1.0299999713897705,1.0299999713897705,1.0100009441375732,1.0149999856948853,448300,0.0,0.0
2026-03-23 10:05:00-04:00,1.0149999856948853,1.0199999809265137,1.0099999904632568,1.0149999856948853,242165,0.0,0.0
2026-03-23 10:10:00-04:00,1.0149999856948853,1.0299999713897705,1.0099999904632568,1.0299999713897705,505574,0.0,0.0
2026-03-23 10:15:00-04:00,1.0298000574111938,1.0399999618530273,1.0199999809265137,1.0300999879837036,578852,0.0,0.0
2026-03-23 10:20:00-04:00,1.0302000045776367,1.0399999618530273,1.0199999809265137,1.0299999713897705,316743,0.0,0.0
2026-03-23 10:25:00-04:00,1.0200999975204468,1.0299999713897705,1.0099999904632568,1.0199999809265137,430579,0.0,0.0
2026-03-23 10:30:00-04:00,1.0149999856948853,1.0199999809265137,1.0099999904632568,1.0149999856948853,150110,0.0,0.0
2026-03-23 10:35:00-04:00,1.0199999809265137,1.0199999809265137,1.0099999904632568,1.0149999856948853,151959,0.0,0.0
2026-03-23 10:40:00-04:00,1.0153000354766846,1.0199999809265137,1.0099999904632568,1.0149999856948853,147240,0.0,0.0
2026-03-23 10:45:00-04:00,1.0149999856948853,1.0199999809265137,1.0099999904632568,1.0149999856948853,267513,0.0,0.0
2026-03-23 10:50:00-04:00,1.0199999809265137,1.0199999809265137,1.0099999904632568,1.0199999809265137,353862,0.0,0.0
2026-03-23 10:55:00-04:00,1.0199999809265137,1.028499960899353,1.0099999904632568,1.0199999809265137,396058,0.0,0.0
2026-03-23 11:00:00-04:00,1.021299958229065,1.0299999713897705,1.0199999809265137,1.0199999809265137,135150,0.0,0.0
2026-03-23 11:05:00-04:00,1.0216000080108643,1.0299999713897705,1.0199999809265137,1.027400016784668,156560,0.0,0.0
2026-03-23 11:10:00-04:00,1.024999976158142,1.0499999523162842,1.0199999809265137,1.0299999713897705,1528549,0.0,0.0
2026-03-23 11:15:00-04:00,1.0399999618530273,1.0499999523162842,1.0299999713897705,1.0399999618530273,2062240,0.0,0.0
2026-03-23 11:20:00-04:00,1.0399999618530273,1.0499999523162842,1.0299999713897705,1.0325000286102295,507297,0.0,0.0
2026-03-23 11:25:00-04:00,1.034999966621399,1.0399999618530273,1.0299999713897705,1.0299999713897705,337954,0.0,0.0
2026-03-23 11:30:00-04:00,1.034999966621399,1.0399999618530273,1.0299999713897705,1.0312000513076782,393466,0.0,0.0
2026-03-23 11:35:00-04:00,1.034999966621399,1.0399999618530273,1.0200999975204468,1.0299999713897705,1181476,0.0,0.0
2026-03-23 11:40:00-04:00,1.034999966621399,1.0399999618530273,1.0299999713897705,1.0398999452590942,232071,0.0,0.0
2026-03-23 11:45:00-04:00,1.031599998474121,1.0399999618530273,1.0299999713897705,1.034999966621399,832636,0.0,0.0
2026-03-23 11:50:00-04:00,1.0321999788284302,1.0499999523162842,1.0299999713897705,1.0449999570846558,1000159,0.0,0.0
2026-03-23 11:55:00-04:00,1.0449999570846558,1.0499999523162842,1.0399999618530273,1.0422999858856201,254358,0.0,0.0
2026-03-23 12:00:00-04:00,1.0399999618530273,1.059999942779541,1.0399999618530273,1.059999942779541,1366164,0.0,0.0
2026-03-23 12:05:00-04:00,1.0499999523162842,1.059999942779541,1.0499999523162842,1.0549999475479126,469318,0.0,0.0
2026-03-23 12:10:00-04:00,1.0499999523162842,1.059999942779541,1.0399999618530273,1.042099952697754,354218,0.0,0.0
2026-03-23 12:15:00-04:00,1.0399999618530273,1.0499999523162842,1.0399999618530273,1.0399999618530273,169994,0.0,0.0
2026-03-23 12:20:00-04:00,1.0399999618530273,1.0499999523162842,1.0399999618530273,1.0449999570846558,149419,0.0,0.0
2026-03-23 12:25:00-04:00,1.0399999618530273,1.0499999523162842,1.0399999618530273,1.0399999618530273,105688,0.0,0.0
2026-03-23 12:30:00-04:00,1.0475000143051147,1.0499999523162842,1.0299999713897705,1.034999966621399,812861,0.0,0.0
2026-03-23 12:35:00-04:00,1.034999966621399,1.0399999618530273,1.0299999713897705,1.034999966621399,123616,0.0,0.0
2026-03-23 12:40:00-04:00,1.034999966621399,1.0399999618530273,1.0199999809265137,1.0298999547958374,591389,0.0,0.0
2026-03-23 12:45:00-04:00,1.0289000272750854,1.0399999618530273,1.024999976158142,1.034999966621399,686193,0.0,0.0
2026-03-23 12:50:00-04:00,1.0399999618530273,1.059999942779541,1.0299999713897705,1.0449999570846558,415355,0.0,0.0
2026-03-23 12:55:00-04:00,1.0499999523162842,1.0499999523162842,1.0399999618530273,1.049299955368042,88886,0.0,0.0
2026-03-23 13:00:00-04:00,1.0399999618530273,1.0499999523162842,1.0399999618530273,1.0484000444412231,141357,0.0,0.0
2026-03-23 13:05:00-04:00,1.0399999618530273,1.0499999523162842,1.0399999618530273,1.0499000549316406,74088,0.0,0.0
2026-03-23 13:10:00-04:00,1.0449999570846558,1.0499999523162842,1.0399999618530273,1.0472999811172485,88864,0.0,0.0
2026-03-23 13:15:00-04:00,1.0449999570846558,1.0499999523162842,1.0399999618530273,1.0399999618530273,220262,0.0,0.0
2026-03-23 13:20:00-04:00,1.0399999618530273,1.0499999523162842,1.0299999713897705,1.0396000146865845,177659,0.0,0.0
2026-03-23 13:25:00-04:00,1.034999966621399,1.0399999618530273,1.0299999713897705,1.034999966621399,73231,0.0,0.0
2026-03-23 13:30:00-04:00,1.031000018119812,1.0399999618530273,1.0299999713897705,1.0369000434875488,240394,0.0,0.0
2026-03-23 13:35:00-04:00,1.034999966621399,1.0399999618530273,1.0299999713897705,1.034999966621399,143792,0.0,0.0
2026-03-23 13:40:00-04:00,1.034999966621399,1.0399999618530273,1.0299999713897705,1.0299999713897705,137488,0.0,0.0
2026-03-23 13:45:00-04:00,1.0299999713897705,1.0399999618530273,1.0299999713897705,1.0299999713897705,117809,0.0,0.0
2026-03-23 13:50:00-04:00,1.034999966621399,1.0399999618530273,1.0299999713897705,1.0299999713897705,87359,0.0,0.0
2026-03-23 13:55:00-04:00,1.0398999452590942,1.0399999618530273,1.0299999713897705,1.034999966621399,112617,0.0,0.0
2026-03-23 14:00:00-04:00,1.0399999618530273,1.0399999618530273,1.0299999713897705,1.0383000373840332,85202,0.0,0.0
2026-03-23 14:05:00-04:00,1.030900001525879,1.0399999618530273,1.0299999713897705,1.0299999713897705,74649,0.0,0.0
2026-03-23 14:10:00-04:00,1.0383000373840332,1.0399999618530273,1.0299999713897705,1.037600040435791,79554,0.0,0.0
2026-03-23 14:15:00-04:00,1.034999966621399,1.0399999618530273,1.0299999713897705,1.0399999618530273,55369,0.0,0.0
2026-03-23 14:20:00-04:00,1.0299999713897705,1.0399999618530273,1.0299999713897705,1.034999966621399,45224,0.0,0.0
2026-03-23 14:25:00-04:00,1.034999966621399,1.0399999618530273,1.0299999713897705,1.034999966621399,57484,0.0,0.0
2026-03-23 14:30:00-04:00,1.034999966621399,1.0399999618530273,1.0299999713897705,1.0326999425888062,58666,0.0,0.0
2026-03-23 14:35:00-04:00,1.034999966621399,1.0399999618530273,1.0299999713897705,1.0398000478744507,65349,0.0,0.0
2026-03-23 14:40:00-04:00,1.034999966621399,1.0399999618530273,1.0299999713897705,1.034999966621399,92321,0.0,0.0
2026-03-23 14:45:00-04:00,1.034999966621399,1.0399999618530273,1.0299999713897705,1.0397000312805176,46689,0.0,0.0
2026-03-23 14:50:00-04:00,1.034999966621399,1.0399999618530273,1.0299999713897705,1.034999966621399,57293,0.0,0.0
2026-03-23 14:55:00-04:00,1.034999966621399,1.0399999618530273,1.0299999713897705,1.034999966621399,291912,0.0,0.0
2026-03-23 15:00:00-04:00,1.034999966621399,1.0399999618530273,1.0299999713897705,1.0389000177383423,106398,0.0,0.0
2026-03-23 15:05:00-04:00,1.034999966621399,1.0399999618530273,1.0299999713897705,1.034999966621399,131257,0.0,0.0
2026-03-23 15:10:00-04:00,1.030400037765503,1.0399999618530273,1.0299999713897705,1.034999966621399,60995,0.0,0.0
2026-03-23 15:15:00-04:00,1.034999966621399,1.0399999618530273,1.0299999713897705,1.034999966621399,71779,0.0,0.0
2026-03-23 15:20:00-04:00,1.0299999713897705,1.0399999618530273,1.0299999713897705,1.034999966621399,88716,0.0,0.0
2026-03-23 15:25:00-04:00,1.034999966621399,1.0399999618530273,1.0299999713897705,1.038599967956543,87312,0.0,0.0
2026-03-23 15:30:00-04:00,1.0299999713897705,1.0399999618530273,1.0299999713897705,1.034999966621399,120608,0.0,0.0
2026-03-23 15:35:00-04:00,1.034999966621399,1.0399999618530273,1.0299999713897705,1.034999966621399,82944,0.0,0.0
2026-03-23 15:40:00-04:00,1.0299999713897705,1.0399999618530273,1.0299999713897705,1.034999966621399,467113,0.0,0.0
2026-03-23 15:45:00-04:00,1.034999966621399,1.0399999618530273,1.0299999713897705,1.034999966621399,130747,0.0,0.0
2026-03-23 15:50:00-04:00,1.0325000286102295,1.0399999618530273,1.0299999713897705,1.0299999713897705,269452,0.0,0.0
2026-03-23 15:55:00-04:00,1.034999966621399,1.0398999452590942,1.0199999809265137,1.024999976158142,678965,0.0,0.0
2026-03-24 09:30:00-04:00,1.0199999809265137,1.0299999713897705,1.0099999904632568,1.0199999809265137,909652,0.0,0.0
2026-03-24 09:35:00-04:00,1.0299999713897705,1.0299999713897705,1.0,1.016800045967102,869423,0.0,0.0
2026-03-24 09:40:00-04:00,1.0199999809265137,1.0199999809265137,1.0,1.0049999952316284,885884,0.0,0.0
2026-03-24 09:45:00-04:00,1.0091999769210815,1.0199999809265137,1.0,1.0149999856948853,393324,0.0,0.0
2026-03-24 09:50:00-04:00,1.011199951171875,1.0299999713897705,1.0099999904632568,1.0299999713897705,512569,0.0,0.0
2026-03-24 09:55:00-04:00,1.0263999700546265,1.0263999700546265,1.0099999904632568,1.01010000705719,483172,0.0,0.0
2026-03-24 10:00:00-04:00,1.0099999904632568,1.0199999809265137,1.0099999904632568,1.0099999904632568,485138,0.0,0.0
2026-03-24 10:05:00-04:00,1.0099999904632568,1.0199999809265137,1.0099999904632568,1.0198999643325806,355094,0.0,0.0
2026-03-24 10:10:00-04:00,1.0199999809265137,1.0199999809265137,1.0099999904632568,1.0149999856948853,166949,0.0,0.0
2026-03-24 10:15:00-04:00,1.0149999856948853,1.0199999809265137,1.0,1.0,623153,0.0,0.0
2026-03-24 10:20:00-04:00,1.0,1.0099999904632568,1.0,1.0049999952316284,241622,0.0,0.0
2026-03-24 10:25:00-04:00,1.0099999904632568,1.0149999856948853,1.0,1.0099999904632568,424811,0.0,0.0
2026-03-24 10:30:00-04:00,1.0099999904632568,1.0199999809265137,1.0,1.0199999809265137,685219,0.0,0.0
2026-03-24 10:35:00-04:00,1.0099999904632568,1.0199999809265137,1.0,1.0,652904,0.0,0.0
2026-03-24 10:40:00-04:00,1.0,1.0099999904632568,1.0,1.0099999904632568,2206942,0.0,0.0
2026-03-24 10:45:00-04:00,1.0097999572753906,1.0299999713897705,1.0,1.0199999809265137,1112447,0.0,0.0
2026-03-24 10:50:00-04:00,1.0299999713897705,1.0299999713897705,1.0099999904632568,1.017799973487854,294946,0.0,0.0
2026-03-24 10:55:00-04:00,1.0199999809265137,1.0199999809265137,1.0099999904632568,1.0099999904632568,126999,0.0,0.0
2026-03-24 11:00:00-04:00,1.0149999856948853,1.0199999809265137,1.0099999904632568,1.0149999856948853,135705,0.0,0.0
2026-03-24 11:05:00-04:00,1.0199999809265137,1.0199999809265137,1.0099999904632568,1.0149999856948853,174812,0.0,0.0
2026-03-24 11:10:00-04:00,1.0149999856948853,1.0199999809265137,1.0099999904632568,1.0149999856948853,176626,0.0,0.0
2026-03-24 11:15:00-04:00,1.0099999904632568,1.0199999809265137,1.0099999904632568,1.0149999856948853,137780,0.0,0.0
2026-03-24 11:20:00-04:00,1.0099999904632568,1.0199999809265137,1.0099999904632568,1.0198999643325806,164408,0.0,0.0
2026-03-24 11:25:00-04:00,1.0149999856948853,1.0199999809265137,1.0099999904632568,1.0149999856948853,146980,0.0,0.0
2026-03-24 11:30:00-04:00,1.0099999904632568,1.0199999809265137,1.0,1.0099999904632568,636008,0.0,0.0
2026-03-24 11:35:00-04:00,1.0103000402450562,1.0199999809265137,1.0,1.0099999904632568,689559,0.0,0.0
2026-03-24 11:40:00-04:00,1.0049999952316284,1.0099999904632568,1.0,1.0080000162124634,258580,0.0,0.0
2026-03-24 11:45:00-04:00,1.0049999952316284,1.0099999904632568,1.0,1.0049999952316284,200958,0.0,0.0
2026-03-24 11:50:00-04:00,1.0078999996185303,1.0099999904632568,1.0,1.0049999952316284,455587,0.0,0.0
2026-03-24 11:55:00-04:00,1.0099999904632568,1.0099999904632568,1.0,1.0003000497817993,366451,0.0,0.0
2026-03-24 12:00:00-04:00,1.0032999515533447,1.0099999904632568,0.9832000136375427,0.9876000285148621,920543,0.0,0.0
2026-03-24 12:05:00-04:00,0.9853990077972412,1.0,0.9853990077972412,0.9975000023841858,785050,0.0,0.0
2026-03-24 12:10:00-04:00,0.9983999729156494,1.0099999904632568,0.9980000257492065,1.0049999952316284,486583,0.0,0.0
2026-03-24 12:15:00-04:00,1.0,1.0099999904632568,1.0,1.0099999904632568,138268,0.0,0.0
2026-03-24 12:20:00-04:00,1.0099999904632568,1.0099999904632568,1.0,1.0,106079,0.0,0.0
2026-03-24 12:25:00-04:00,1.0099999904632568,1.0099999904632568,1.0,1.0049999952316284,149765,0.0,0.0
2026-03-24 12:30:00-04:00,1.0049999952316284,1.0099999904632568,1.0,1.0,146163,0.0,0.0
2026-03-24 12:35:00-04:00,1.0099999904632568,1.0099999904632568,1.0,1.0016000270843506,233033,0.0,0.0
2026-03-24 12:40:00-04:00,1.0099999904632568,1.0099999904632568,1.0,1.0,143600,0.0,0.0
2026-03-24 12:45:00-04:00,1.0,1.0084999799728394,1.0,1.0083999633789062,126799,0.0,0.0
2026-03-24 12:50:00-04:00,1.0019999742507935,1.0099999904632568,1.0,1.0097999572753906,214286,0.0,0.0
2026-03-24 12:55:00-04:00,1.0,1.0099999904632568,1.0,1.0099999904632568,140721,0.0,0.0
2026-03-24 13:00:00-04:00,1.0049999952316284,1.0099999904632568,0.9900000095367432,0.9950000047683716,491061,0.0,0.0
2026-03-24 13:05:00-04:00,0.996999979019165,0.9993000030517578,0.991599977016449,0.9959999918937683,418943,0.0,0.0
2026-03-24 13:10:00-04:00,0.9973999857902527,0.9980000257492065,0.9918000102043152,0.9932000041007996,394685,0.0,0.0
2026-03-24 13:15:00-04:00,0.9962999820709229,0.9980000257492065,0.9933000206947327,0.9959999918937683,314390,0.0,0.0
2026-03-24 13:20:00-04:00,0.9961000084877014,0.9979000091552734,0.9933000206947327,0.9965999722480774,387750,0.0,0.0
2026-03-24 13:25:00-04:00,0.9976000189781189,0.9990000128746033,0.9965999722480774,0.9966999888420105,307743,0.0,0.0
2026-03-24 13:30:00-04:00,0.9977999925613403,1.0,0.9973000288009644,0.9973999857902527,272114,0.0,0.0
2026-03-24 13:35:00-04:00,0.9973999857902527,0.9979000091552734,0.9972000122070312,0.9975000023841858,97704,0.0,0.0
2026-03-24 13:40:00-04:00,0.9979000091552734,0.9987000226974487,0.9901000261306763,0.9912999868392944,207621,0.0,0.0
2026-03-24 13:45:00-04:00,0.9912999868392944,0.9956989884376526,0.9900000095367432,0.9901000261306763,279481,0.0,0.0
2026-03-24 13:50:00-04:00,0.9900000095367432,0.9901000261306763,0.9850000143051147,0.9872000217437744,478866,0.0,0.0
2026-03-24 13:55:00-04:00,0.9884999990463257,0.994700014591217,0.9858999848365784,0.9894999861717224,310558,0.0,0.0
2026-03-24 14:00:00-04:00,0.989549994468689,0.9945999979972839,0.9879999756813049,0.9898989796638489,121486,0.0,0.0
2026-03-24 14:05:00-04:00,0.9890000224113464,0.9936000108718872,0.9879999756813049,0.9922999739646912,240568,0.0,0.0
2026-03-24 14:10:00-04:00,0.9927999973297119,0.9945999979972839,0.9900000095367432,0.9935500025749207,177154,0.0,0.0
2026-03-24 14:15:00-04:00,0.9945999979972839,0.9945999979972839,0.991100013256073,0.9925000071525574,74284,0.0,0.0
2026-03-24 14:20:00-04:00,0.9934999942779541,0.9944999814033508,0.9925000071525574,0.9934499859809875,153857,0.0,0.0
2026-03-24 14:25:00-04:00,0.994350016117096,0.9998999834060669,0.993399977684021,0.9997000098228455,56034,0.0,0.0
2026-03-24 14:30:00-04:00,0.9970999956130981,1.0098999738693237,0.9950000047683716,0.9987000226974487,138750,0.0,0.0
2026-03-24 14:35:00-04:00,1.0044000148773193,1.0099999904632568,1.0,1.0099999904632568,205785,0.0,0.0
2026-03-24 14:40:00-04:00,1.0098999738693237,1.0099999904632568,1.0,1.0049999952316284,152957,0.0,0.0
2026-03-24 14:45:00-04:00,1.0049999952316284,1.0099999904632568,0.9972000122070312,1.0,197819,0.0,0.0
2026-03-24 14:50:00-04:00,0.9987000226974487,1.0098999738693237,0.9972000122070312,1.0003000497817993,283800,0.0,0.0
2026-03-24 14:55:00-04:00,1.0083999633789062,1.0099999904632568,0.9959999918937683,0.9998999834060669,198739,0.0,0.0
2026-03-24 15:00:00-04:00,0.9998999834060669,0.9998999834060669,0.9962999820709229,0.9994000196456909,107831,0.0,0.0
2026-03-24 15:05:00-04:00,0.9994000196456909,1.0099999904632568,0.9994000196456909,1.0,239355,0.0,0.0
2026-03-24 15:10:00-04:00,1.0077999830245972,1.0099999904632568,1.0,1.0099999904632568,121878,0.0,0.0
2026-03-24 15:15:00-04:00,1.0,1.0199999809265137,1.0,1.0089999437332153,514613,0.0,0.0
2026-03-24 15:20:00-04:00,1.0049999952316284,1.0199999809265137,1.0,1.0151000022888184,205406,0.0,0.0
2026-03-24 15:25:00-04:00,1.0099999904632568,1.0199999809265137,1.0099999904632568,1.0099999904632568,414178,0.0,0.0
2026-03-24 15:30:00-04:00,1.0149999856948853,1.0199999809265137,1.0099999904632568,1.0149999856948853,136973,0.0,0.0
2026-03-24 15:35:00-04:00,1.0099999904632568,1.0163999795913696,1.0,1.0099999904632568,387917,0.0,0.0
2026-03-24 15:40:00-04:00,1.0099999904632568,1.0199999809265137,1.0099999904632568,1.0149999856948853,95235,0.0,0.0
2026-03-24 15:45:00-04:00,1.0170999765396118,1.0199999809265137,1.0099999904632568,1.0149999856948853,88463,0.0,0.0
2026-03-24 15:50:00-04:00,1.0149999856948853,1.0198999643325806,1.0,1.0049999952316284,216295,0.0,0.0
2026-03-24 15:55:00-04:00,1.0,1.0099999904632568,0.9951000213623047,0.9998999834060669,1108392,0.0,0.0
2026-03-25 09:30:00-04:00,1.0,1.0199999809265137,1.0,1.0149999856948853,1059319,0.0,0.0
2026-03-25 09:35:00-04:00,1.0099999904632568,1.0199999809265137,0.9832000136375427,0.9951000213623047,1206610,0.0,0.0
2026-03-25 09:40:00-04:00,0.9995999932289124,0.9995999932289124,0.9900000095367432,0.9912999868392944,472157,0.0,0.0
2026-03-25 09:45:00-04:00,0.9901000261306763,0.9912999868392944,0.9707000255584717,0.9771999716758728,645979,0.0,0.0
2026-03-25 09:50:00-04:00,0.9800000190734863,0.984000027179718,0.9708999991416931,0.9800000190734863,607659,0.0,0.0
2026-03-25 09:55:00-04:00,0.9794999957084656,0.9829999804496765,0.9750000238418579,0.9800000190734863,252954,0.0,0.0
2026-03-25 10:00:00-04:00,0.9818999767303467,0.996999979019165,0.9700000286102295,0.9934499859809875,1014681,0.0,0.0
2026-03-25 10:05:00-04:00,0.9969000220298767,0.996999979019165,0.9865999817848206,0.9872990250587463,325432,0.0,0.0
2026-03-25 10:10:00-04:00,0.9873999953269958,0.987500011920929,0.9810000061988831,0.9811000227928162,213533,0.0,0.0
2026-03-25 10:15:00-04:00,0.9818999767303467,0.98580002784729,0.9807999730110168,0.9850500226020813,205676,0.0,0.0
2026-03-25 10:20:00-04:00,0.9850000143051147,0.9850990176200867,0.9764009714126587,0.9814000129699707,305529,0.0,0.0
2026-03-25 10:25:00-04:00,0.9814500212669373,0.9832000136375427,0.9779999852180481,0.9810500144958496,273735,0.0,0.0
2026-03-25 10:30:00-04:00,0.9821000099182129,0.9900000095367432,0.9804350137710571,0.989799976348877,321390,0.0,0.0
2026-03-25 10:35:00-04:00,0.989799976348877,0.9968990087509155,0.9879999756813049,0.9879999756813049,247796,0.0,0.0
2026-03-25 10:40:00-04:00,0.9879999756813049,0.989799976348877,0.9850000143051147,0.987500011920929,233637,0.0,0.0
2026-03-25 10:45:00-04:00,0.987500011920929,0.9947999715805054,0.987500011920929,0.9901000261306763,264969,0.0,0.0
2026-03-25 10:50:00-04:00,0.9900000095367432,0.9950000047683716,0.9858999848365784,0.9923999905586243,591715,0.0,0.0
2026-03-25 10:55:00-04:00,0.9952999949455261,0.9998999834060669,0.9940000176429749,0.9983999729156494,110575,0.0,0.0
2026-03-25 11:00:00-04:00,0.9997990131378174,1.0099999904632568,0.9969000220298767,0.9970999956130981,401065,0.0,0.0
2026-03-25 11:05:00-04:00,0.9976000189781189,0.9976159930229187,0.9900000095367432,0.9912999868392944,156687,0.0,0.0
2026-03-25 11:10:00-04:00,0.9900000095367432,0.9904999732971191,0.9850000143051147,0.9858999848365784,241977,0.0,0.0
2026-03-25 11:15:00-04:00,0.9858999848365784,0.9929999709129333,0.9819999933242798,0.9857990145683289,341304,0.0,0.0
2026-03-25 11:20:00-04:00,0.9850000143051147,0.9858989715576172,0.9830999970436096,0.9846000075340271,104941,0.0,0.0
2026-03-25 11:25:00-04:00,0.9846000075340271,0.9908999800682068,0.9846000075340271,0.9860000014305115,174525,0.0,0.0
2026-03-25 11:30:00-04:00,0.9860990047454834,0.9898999929428101,0.9860000014305115,0.988099992275238,306058,0.0,0.0
2026-03-25 11:35:00-04:00,0.988099992275238,0.9882000088691711,0.9860000014305115,0.9878000020980835,205956,0.0,0.0
2026-03-25 11:40:00-04:00,0.987500011920929,0.987500011920929,0.9854999780654907,0.985601007938385,185012,0.0,0.0
2026-03-25 11:45:00-04:00,0.9854999780654907,0.9896000027656555,0.9847999811172485,0.9851499795913696,126957,0.0,0.0
2026-03-25 11:50:00-04:00,0.9850999712944031,0.9878000020980835,0.9810000061988831,0.9840999841690063,336921,0.0,0.0
2026-03-25 11:55:00-04:00,0.984000027179718,0.9891499876976013,0.984000027179718,0.9891499876976013,186783,0.0,0.0
2026-03-25 12:00:00-04:00,0.9886999726295471,0.9982990026473999,0.986299991607666,0.9907000064849854,147543,0.0,0.0
2026-03-25 12:05:00-04:00,0.9900000095367432,0.9905499815940857,0.9850000143051147,0.98580002784729,174032,0.0,0.0
2026-03-25 12:10:00-04:00,0.9854000210762024,0.991100013256073,0.9850000143051147,0.9869999885559082,82557,0.0,0.0
2026-03-25 12:15:00-04:00,0.9898999929428101,0.9909999966621399,0.9854999780654907,0.9890999794006348,253633,0.0,0.0
2026-03-25 12:20:00-04:00,0.9873999953269958,0.9931989908218384,0.9857010245323181,0.9909999966621399,234800,0.0,0.0
2026-03-25 12:25:00-04:00,0.9922500252723694,1.0,0.9922500252723694,0.9985499978065491,242961,0.0,0.0
2026-03-25 12:30:00-04:00,0.9998999834060669,1.0,0.9980999827384949,1.0,177827,0.0,0.0
2026-03-25 12:35:00-04:00,0.9998999834060669,1.0,0.9993000030517578,0.9995999932289124,154410,0.0,0.0
2026-03-25 12:40:00-04:00,0.9994099736213684,1.0,0.9994000196456909,0.9999499917030334,123708,0.0,0.0
2026-03-25 12:45:00-04:00,0.9998999834060669,1.0,0.9998999834060669,0.9998999834060669,79221,0.0,0.0
2026-03-25 12:50:00-04:00,0.9998999834060669,1.0,0.9932000041007996,0.9940999746322632,269324,0.0,0.0
2026-03-25 12:55:00-04:00,0.9948999881744385,0.9998999834060669,0.9933000206947327,0.9998000264167786,129729,0.0,0.0
2026-03-25 13:00:00-04:00,0.9998000264167786,1.0099999904632568,0.9998000264167786,1.0049999952316284,215639,0.0,0.0
2026-03-25 13:05:00-04:00,1.0049999952316284,1.0099999904632568,0.9997000098228455,1.0,109346,0.0,0.0
2026-03-25 13:10:00-04:00,1.0,1.0084999799728394,0.9932000041007996,0.9990000128746033,80364,0.0,0.0
2026-03-25 13:15:00-04:00,0.9990000128746033,1.0,0.9980000257492065,0.9994999766349792,73122,0.0,0.0
2026-03-25 13:20:00-04:00,0.9995999932289124,1.0049999952316284,0.9950000047683716,0.9975000023841858,307651,0.0,0.0
2026-03-25 13:25:00-04:00,0.9955999851226807,1.0,0.9955999851226807,0.998199999332428,55735,0.0,0.0
2026-03-25 13:30:00-04:00,0.9998999834060669,1.0,0.9973000288009644,0.9991999864578247,84853,0.0,0.0
2026-03-25 13:35:00-04:00,0.9995999932289124,1.0,0.9991000294685364,1.0,78515,0.0,0.0
2026-03-25 13:40:00-04:00,1.0,1.0099999904632568,0.9993000030517578,0.9998999834060669,191060,0.0,0.0
2026-03-25 13:45:00-04:00,0.9995999932289124,1.0,0.9991999864578247,1.0,56641,0.0,0.0
2026-03-25 13:50:00-04:00,0.9998999834060669,1.0,0.9997000098228455,1.0,114177,0.0,0.0
2026-03-25 13:55:00-04:00,1.0,1.0098999738693237,1.0,1.0,126153,0.0,0.0
2026-03-25 14:00:00-04:00,1.0,1.0099999904632568,0.9995999932289124,0.9998000264167786,133624,0.0,0.0
2026-03-25 14:05:00-04:00,0.9998990297317505,0.9998999834060669,0.9997000098228455,0.9998000264167786,73325,0.0,0.0
2026-03-25 14:10:00-04:00,0.9998999834060669,1.0,0.9998000264167786,1.0,21885,0.0,0.0
2026-03-25 14:15:00-04:00,1.0,1.0099999904632568,0.9998999834060669,1.0098999738693237,216216,0.0,0.0
2026-03-25 14:20:00-04:00,1.0049999952316284,1.0099999904632568,0.9962000250816345,0.9973999857902527,913144,0.0,0.0
2026-03-25 14:25:00-04:00,0.9973999857902527,0.9987000226974487,0.9973999857902527,0.9980000257492065,96734,0.0,0.0
2026-03-25 14:30:00-04:00,0.9980000257492065,0.9984999895095825,0.9980000257492065,0.9982500076293945,42409,0.0,0.0
2026-03-25 14:35:00-04:00,0.9983000159263611,1.0049999952316284,0.9982500076293945,0.9997000098228455,176333,0.0,0.0
2026-03-25 14:40:00-04:00,0.9997000098228455,0.9998999834060669,0.9994000196456909,0.9998000264167786,76019,0.0,0.0
2026-03-25 14:45:00-04:00,0.9998000264167786,1.0049999952316284,0.9997000098228455,1.0,273200,0.0,0.0
2026-03-25 14:50:00-04:00,1.0,1.0,0.9998999834060669,1.0,61089,0.0,0.0
2026-03-25 14:55:00-04:00,1.0,1.0,0.9950000047683716,0.9980000257492065,67065,0.0,0.0
2026-03-25 15:00:00-04:00,0.9983000159263611,1.0,0.9973009824752808,0.9994999766349792,54437,0.0,0.0
2026-03-25 15:05:00-04:00,0.999750018119812,1.0,0.9983999729156494,0.9997000098228455,98267,0.0,0.0
2026-03-25 15:10:00-04:00,0.9998000264167786,1.0049999952316284,0.9983999729156494,1.0,216582,0.0,0.0
2026-03-25 15:15:00-04:00,1.0,1.0075000524520874,0.9998000264167786,0.9998999834060669,356224,0.0,0.0
2026-03-25 15:20:00-04:00,0.9998000264167786,0.9998000264167786,0.9987000226974487,0.9995999932289124,35003,0.0,0.0
2026-03-25 15:25:00-04:00,0.9995999932289124,1.0098999738693237,0.9993000030517578,0.9998999834060669,309417,0.0,0.0
2026-03-25 15:30:00-04:00,1.0,1.0,0.9976999759674072,0.9979000091552734,64421,0.0,0.0
2026-03-25 15:35:00-04:00,0.996999979019165,0.9993000030517578,0.996999979019165,0.9988489747047424,18810,0.0,0.0
2026-03-25 15:40:00-04:00,0.9993000030517578,1.0,0.9962000250816345,0.9962499737739563,129928,0.0,0.0
2026-03-25 15:45:00-04:00,0.9962000250816345,0.9998999834060669,0.9962000250816345,0.9965000152587891,52090,0.0,0.0
2026-03-25 15:50:00-04:00,0.9979000091552734,0.9979000091552734,0.9944000244140625,0.9951000213623047,75191,0.0,0.0
2026-03-25 15:55:00-04:00,0.9944999814033508,0.9972000122070312,0.9902999997138977,0.9972000122070312,252788,0.0,0.0
2026-03-26 09:30:00-04:00,0.9900000095367432,0.9925000071525574,0.9815000295639038,0.9886999726295471,659427,0.0,0.0
2026-03-26 09:35:00-04:00,0.9897000193595886,1.0,0.9879000186920166,0.9901999831199646,253308,0.0,0.0
2026-03-26 09:40:00-04:00,0.9947500228881836,1.0075000524520874,0.9912999868392944,0.9994999766349792,175507,0.0,0.0
2026-03-26 09:45:00-04:00,0.9995999932289124,1.0099999904632568,0.9976000189781189,0.9997000098228455,442662,0.0,0.0
2026-03-26 09:50:00-04:00,0.9986000061035156,1.0,0.9976999759674072,0.9990000128746033,68482,0.0,0.0
2026-03-26 09:55:00-04:00,0.9998999834060669,1.0045000314712524,0.9980999827384949,1.0,181424,0.0,0.0
2026-03-26 10:00:00-04:00,1.0,1.0099999904632568,0.9997000098228455,0.9997000098228455,263762,0.0,0.0
2026-03-26 10:05:00-04:00,0.9998000264167786,1.0,0.9997000098228455,1.0,250860,0.0,0.0
2026-03-26 10:10:00-04:00,0.9998999834060669,1.0,0.9998999834060669,1.0,142696,0.0,0.0
2026-03-26 10:15:00-04:00,0.9998999834060669,1.0,0.9998999834060669,0.9998999834060669,132004,0.0,0.0
2026-03-26 10:20:00-04:00,0.9998999834060669,1.0049999952316284,0.9976999759674072,0.9978500008583069,236246,0.0,0.0
2026-03-26 10:25:00-04:00,0.9976999759674072,0.9984999895095825,0.9951000213623047,0.9984999895095825,138128,0.0,0.0
2026-03-26 10:30:00-04:00,0.9984999895095825,1.0099999904632568,0.9984999895095825,1.0,327474,0.0,0.0
2026-03-26 10:35:00-04:00,1.0,1.0099999904632568,1.0,1.0,968290,0.0,0.0
2026-03-26 10:40:00-04:00,1.0,1.0099999904632568,0.9900000095367432,0.9918000102043152,769786,0.0,0.0
2026-03-26 10:45:00-04:00,0.9909499883651733,0.9986000061035156,0.9901000261306763,0.9932000041007996,184387,0.0,0.0
2026-03-26 10:50:00-04:00,0.9945999979972839,0.9952999949455261,0.9900000095367432,0.9900000095367432,250532,0.0,0.0
2026-03-26 10:55:00-04:00,0.9901999831199646,0.9950000047683716,0.9900000095367432,0.9918000102043152,429187,0.0,0.0
2026-03-26 11:00:00-04:00,0.9922000169754028,0.9950000047683716,0.9916999936103821,0.9932500123977661,156620,0.0,0.0
2026-03-26 11:05:00-04:00,0.9944999814033508,0.9944999814033508,0.9901000261306763,0.9915990233421326,25729,0.0,0.0
2026-03-26 11:10:00-04:00,0.9915990233421326,0.9937000274658203,0.9900000095367432,0.9916999936103821,80924,0.0,0.0
2026-03-26 11:15:00-04:00,0.9932000041007996,0.9932000041007996,0.9900000095367432,0.9900000095367432,223458,0.0,0.0
2026-03-26 11:20:00-04:00,0.9900000095367432,0.9901000261306763,0.9860000014305115,0.9894999861717224,474551,0.0,0.0
2026-03-26 11:25:00-04:00,0.9897990226745605,0.9901000261306763,0.9882000088691711,0.9901000261306763,188944,0.0,0.0
2026-03-26 11:30:00-04:00,0.9901000261306763,0.9958999752998352,0.9900000095367432,0.9916499853134155,115598,0.0,0.0
2026-03-26 11:35:00-04:00,0.9916999936103821,0.9927999973297119,0.9900000095367432,0.9904760122299194,118509,0.0,0.0
2026-03-26 11:40:00-04:00,0.9902999997138977,0.9914000034332275,0.9900000095367432,0.9904000163078308,80659,0.0,0.0
2026-03-26 11:45:00-04:00,0.9904000163078308,0.9927999973297119,0.9901000261306763,0.9927499890327454,82611,0.0,0.0
2026-03-26 11:50:00-04:00,0.992900013923645,0.9973999857902527,0.9926999807357788,0.994700014591217,56146,0.0,0.0
2026-03-26 11:55:00-04:00,0.9926999807357788,0.9943000078201294,0.9850000143051147,0.9856470227241516,165753,0.0,0.0
2026-03-26 12:00:00-04:00,0.9868999719619751,0.9868999719619751,0.9801999926567078,0.9833999872207642,112491,0.0,0.0
2026-03-26 12:05:00-04:00,0.9818999767303467,0.9835000038146973,0.9805999994277954,0.9825999736785889,83708,0.0,0.0
2026-03-26 12:10:00-04:00,0.9825999736785889,0.9825999736785889,0.9800000190734863,0.98089998960495,112833,0.0,0.0
2026-03-26 12:15:00-04:00,0.9811000227928162,0.9812999963760376,0.9800000190734863,0.9804999828338623,296832,0.0,0.0
2026-03-26 12:20:00-04:00,0.9833490252494812,0.9860000014305115,0.9804999828338623,0.9824000000953674,223303,0.0,0.0
2026-03-26 12:25:00-04:00,0.9824000000953674,0.9861999750137329,0.9823089838027954,0.9857000112533569,77148,0.0,0.0
2026-03-26 12:30:00-04:00,0.9843490123748779,0.9868999719619751,0.984000027179718,0.9850000143051147,58330,0.0,0.0
2026-03-26 12:35:00-04:00,0.9861000180244446,0.9878000020980835,0.9861000180244446,0.9876999855041504,155395,0.0,0.0
2026-03-26 12:40:00-04:00,0.9878000020980835,0.9878000020980835,0.9873999953269958,0.9878000020980835,83814,0.0,0.0
2026-03-26 12:45:00-04:00,0.9871000051498413,0.9871000051498413,0.9819999933242798,0.9869999885559082,97702,0.0,0.0
2026-03-26 12:50:00-04:00,0.9843999743461609,0.989799976348877,0.9825000166893005,0.989799976348877,67572,0.0,0.0
2026-03-26 12:55:00-04:00,0.9889000058174133,0.9894000291824341,0.9865000247955322,0.9866999983787537,118350,0.0,0.0
2026-03-26 13:00:00-04:00,0.9887999892234802,0.989799976348877,0.9865999817848206,0.9866999983787537,96228,0.0,0.0
2026-03-26 13:05:00-04:00,0.9894989728927612,0.989799976348877,0.9865999817848206,0.9868000149726868,46406,0.0,0.0
2026-03-26 13:10:00-04:00,0.9868000149726868,0.9890999794006348,0.9861999750137329,0.987500011920929,69022,0.0,0.0
2026-03-26 13:15:00-04:00,0.987500011920929,0.9887999892234802,0.9801999926567078,0.9851999878883362,44458,0.0,0.0
2026-03-26 13:20:00-04:00,0.9831500053405762,0.9853000044822693,0.9810000061988831,0.9818000197410583,46456,0.0,0.0
2026-03-26 13:25:00-04:00,0.9810000061988831,0.9878000020980835,0.9810000061988831,0.9878000020980835,86122,0.0,0.0
2026-03-26 13:30:00-04:00,0.9843999743461609,0.9889000058174133,0.9843999743461609,0.9889000058174133,98616,0.0,0.0
2026-03-26 13:35:00-04:00,0.9889000058174133,0.989799976348877,0.9876000285148621,0.9882000088691711,73928,0.0,0.0
2026-03-26 13:40:00-04:00,0.9879500269889832,0.9882000088691711,0.9850000143051147,0.985010027885437,111334,0.0,0.0
2026-03-26 13:45:00-04:00,0.9850999712944031,0.9850999712944031,0.9850000143051147,0.9850000143051147,50345,0.0,0.0
2026-03-26 13:50:00-04:00,0.9850000143051147,0.9850999712944031,0.9832000136375427,0.9832000136375427,49690,0.0,0.0
2026-03-26 13:55:00-04:00,0.9847999811172485,0.9847999811172485,0.9810000061988831,0.9811000227928162,85831,0.0,0.0
2026-03-26 14:00:00-04:00,0.9810500144958496,0.988099992275238,0.9810000061988831,0.98580002784729,58661,0.0,0.0
2026-03-26 14:05:00-04:00,0.9861999750137329,0.986299991607666,0.983299970626831,0.983299970626831,118993,0.0,0.0
2026-03-26 14:10:00-04:00,0.9836000204086304,0.9882000088691711,0.983299970626831,0.9850000143051147,62296,0.0,0.0
2026-03-26 14:15:00-04:00,0.9854000210762024,0.9898999929428101,0.9852499961853027,0.9876000285148621,49290,0.0,0.0
2026-03-26 14:20:00-04:00,0.987500011920929,0.9876000285148621,0.9864000082015991,0.9865000247955322,35024,0.0,0.0
2026-03-26 14:25:00-04:00,0.9865000247955322,0.9865000247955322,0.9864000082015991,0.9865000247955322,48054,0.0,0.0
2026-03-26 14:30:00-04:00,0.9864500164985657,0.9900000095367432,0.9864000082015991,0.9873999953269958,94233,0.0,0.0
2026-03-26 14:35:00-04:00,0.9872000217437744,0.9872000217437744,0.9840999841690063,0.9841989874839783,40796,0.0,0.0
2026-03-26 14:40:00-04:00,0.9842000007629395,0.9843000173568726,0.9840999841690063,0.9843000173568726,49354,0.0,0.0
2026-03-26 14:45:00-04:00,0.9842990040779114,0.9872999787330627,0.9840009808540344,0.9860000014305115,49906,0.0,0.0
2026-03-26 14:50:00-04:00,0.9860000014305115,0.9868999719619751,0.9850999712944031,0.9864500164985657,20072,0.0,0.0
2026-03-26 14:55:00-04:00,0.9861999750137329,0.9915000200271606,0.9861999750137329,0.9872999787330627,214219,0.0,0.0
2026-03-26 15:00:00-04:00,0.9876999855041504,0.9992989897727966,0.9869999885559082,0.9950000047683716,124446,0.0,0.0
2026-03-26 15:05:00-04:00,0.9950000047683716,1.0,0.9907000064849854,0.9922990202903748,73163,0.0,0.0
2026-03-26 15:10:00-04:00,0.9914000034332275,1.0,0.9884999990463257,0.9886000156402588,120335,0.0,0.0
2026-03-26 15:15:00-04:00,0.9886000156402588,0.9886999726295471,0.9884999990463257,0.9886000156402588,38480,0.0,0.0
2026-03-26 15:20:00-04:00,0.9885500073432922,0.9886000156402588,0.9884999990463257,0.9886000156402588,88444,0.0,0.0
2026-03-26 15:25:00-04:00,0.9886000156402588,0.9886000156402588,0.9861000180244446,0.9861999750137329,65329,0.0,0.0
2026-03-26 15:30:00-04:00,0.9861500263214111,0.9861999750137329,0.9843000173568726,0.9843000173568726,84427,0.0,0.0
2026-03-26 15:35:00-04:00,0.9843000173568726,0.9843000173568726,0.9833999872207642,0.9833999872207642,179443,0.0,0.0
2026-03-26 15:40:00-04:00,0.9836000204086304,0.9836999773979187,0.9810000061988831,0.9811999797821045,56373,0.0,0.0
2026-03-26 15:45:00-04:00,0.9811999797821045,0.9861000180244446,0.9803000092506409,0.983299970626831,399677,0.0,0.0
2026-03-26 15:50:00-04:00,0.983299970626831,0.9850000143051147,0.9810000061988831,0.9810000061988831,245986,0.0,0.0
2026-03-26 15:55:00-04:00,0.9810000061988831,0.989799976348877,0.980301022529602,0.9843000173568726,603910,0.0,0.0
2026-03-27 09:30:00-04:00,0.9700000286102295,0.9850000143051147,0.9700000286102295,0.9787499904632568,536516,0.0,0.0
2026-03-27 09:35:00-04:00,0.9787489771842957,0.9793999791145325,0.9700999855995178,0.9770990014076233,152397,0.0,0.0
2026-03-27 09:40:00-04:00,0.9718999862670898,0.9726999998092651,0.9501000046730042,0.9559999704360962,680184,0.0,0.0
2026-03-27 09:45:00-04:00,0.9523000121116638,0.9599999785423279,0.949999988079071,0.9535999894142151,358899,0.0,0.0
2026-03-27 09:50:00-04:00,0.9535999894142151,0.9649999737739563,0.9535999894142151,0.9588000178337097,202665,0.0,0.0
2026-03-27 09:55:00-04:00,0.9581000208854675,0.958899974822998,0.9449999928474426,0.9473000168800354,810149,0.0,0.0
2026-03-27 10:00:00-04:00,0.9495000243186951,0.9519000053405762,0.9455000162124634,0.949999988079071,274405,0.0,0.0
2026-03-27 10:05:00-04:00,0.9501000046730042,0.9519000053405762,0.9449999928474426,0.9453999996185303,173881,0.0,0.0
2026-03-27 10:10:00-04:00,0.9451000094413757,0.9490000009536743,0.9434999823570251,0.9456999897956848,232419,0.0,0.0
2026-03-27 10:15:00-04:00,0.9459999799728394,0.9599000215530396,0.9457499980926514,0.9578999876976013,217065,0.0,0.0
2026-03-27 10:20:00-04:00,0.9578999876976013,0.9578999876976013,0.9455000162124634,0.9466999769210815,202774,0.0,0.0
2026-03-27 10:25:00-04:00,0.9466999769210815,0.9549000263214111,0.9466999769210815,0.9517499804496765,198882,0.0,0.0
2026-03-27 10:30:00-04:00,0.9506000280380249,0.9531999826431274,0.949999988079071,0.9521499872207642,128962,0.0,0.0
2026-03-27 10:35:00-04:00,0.9521499872207642,0.9549999833106995,0.9517999887466431,0.9545999765396118,74887,0.0,0.0
2026-03-27 10:40:00-04:00,0.9545999765396118,0.9549000263214111,0.953000009059906,0.953499972820282,116501,0.0,0.0
2026-03-27 10:45:00-04:00,0.9538999795913696,0.967199981212616,0.9534000158309937,0.9657999873161316,373174,0.0,0.0
2026-03-27 10:50:00-04:00,0.9657999873161316,0.9700000286102295,0.9610000252723694,0.9610000252723694,467684,0.0,0.0
2026-03-27 10:55:00-04:00,0.9646000266075134,0.9682000279426575,0.9610000252723694,0.9668999910354614,104575,0.0,0.0
2026-03-27 11:00:00-04:00,0.966949999332428,0.9679999947547913,0.9621999859809875,0.9679999947547913,251113,0.0,0.0
2026-03-27 11:05:00-04:00,0.9679999947547913,0.9679999947547913,0.9641000032424927,0.9664499759674072,195524,0.0,0.0
2026-03-27 11:10:00-04:00,0.9611999988555908,0.9646000266075134,0.9611999988555908,0.9629999995231628,90086,0.0,0.0
2026-03-27 11:15:00-04:00,0.9629999995231628,0.9639000296592712,0.960099995136261,0.9601010084152222,104520,0.0,0.0
2026-03-27 11:20:00-04:00,0.9610999822616577,0.9663000106811523,0.960099995136261,0.9640499949455261,149358,0.0,0.0
2026-03-27 11:25:00-04:00,0.9663000106811523,0.9699000120162964,0.9617999792098999,0.9696000218391418,86280,0.0,0.0
2026-03-27 11:30:00-04:00,0.9694989919662476,0.9696000218391418,0.9648000001907349,0.9677000045776367,108439,0.0,0.0
2026-03-27 11:35:00-04:00,0.9678000211715698,0.9739999771118164,0.9674999713897705,0.9700000286102295,449039,0.0,0.0
2026-03-27 11:40:00-04:00,0.9689000248908997,0.9700000286102295,0.9677010178565979,0.9684000015258789,172919,0.0,0.0
2026-03-27 11:45:00-04:00,0.9679999947547913,0.9682989716529846,0.9652000069618225,0.9655500054359436,321181,0.0,0.0
2026-03-27 11:50:00-04:00,0.9655680060386658,0.9656000137329102,0.9603999853134155,0.9654499888420105,115717,0.0,0.0
2026-03-27 11:55:00-04:00,0.9654499888420105,0.9660000205039978,0.965399980545044,0.965749979019165,108069,0.0,0.0
2026-03-27 12:00:00-04:00,0.9656000137329102,0.9660000205039978,0.965499997138977,0.965499997138977,346571,0.0,0.0
2026-03-27 12:05:00-04:00,0.965499997138977,0.9656999707221985,0.9592999815940857,0.9592999815940857,323400,0.0,0.0
2026-03-27 12:10:00-04:00,0.9599999785423279,0.9599999785423279,0.9551010131835938,0.9584000110626221,88425,0.0,0.0
2026-03-27 12:15:00-04:00,0.9580000042915344,0.9588000178337097,0.9574999809265137,0.9584000110626221,128139,0.0,0.0
2026-03-27 12:20:00-04:00,0.9585999846458435,0.9660000205039978,0.958200991153717,0.9607999920845032,163747,0.0,0.0
2026-03-27 12:25:00-04:00,0.9602000117301941,0.9610000252723694,0.9591000080108643,0.9595000147819519,52768,0.0,0.0
2026-03-27 12:30:00-04:00,0.958899974822998,0.9657999873161316,0.958899974822998,0.9657989740371704,78698,0.0,0.0
2026-03-27 12:35:00-04:00,0.9657999873161316,0.9657999873161316,0.9613999724388123,0.9613999724388123,48418,0.0,0.0
2026-03-27 12:40:00-04:00,0.9613999724388123,0.9658989906311035,0.9589999914169312,0.9592000246047974,58024,0.0,0.0
2026-03-27 12:45:00-04:00,0.9611999988555908,0.9650989770889282,0.9589999914169312,0.9650989770889282,74412,0.0,0.0
2026-03-27 12:50:00-04:00,0.9628499746322632,0.963100016117096,0.9574999809265137,0.9587000012397766,81800,0.0,0.0
2026-03-27 12:55:00-04:00,0.9587000012397766,0.9599000215530396,0.9587000012397766,0.9595000147819519,136963,0.0,0.0
2026-03-27 13:00:00-04:00,0.9587000012397766,0.959151029586792,0.9559999704360962,0.9563000202178955,52422,0.0,0.0
2026-03-27 13:05:00-04:00,0.9560999870300293,0.9595000147819519,0.9560999870300293,0.9585000276565552,47726,0.0,0.0
2026-03-27 13:10:00-04:00,0.9584969878196716,0.9585000276565552,0.9549999833106995,0.9580990076065063,57515,0.0,0.0
2026-03-27 13:15:00-04:00,0.9569000005722046,0.9592999815940857,0.9569000005722046,0.9592999815940857,109066,0.0,0.0
2026-03-27 13:20:00-04:00,0.9587000012397766,0.9593999981880188,0.9549999833106995,0.9578999876976013,57041,0.0,0.0
2026-03-27 13:25:00-04:00,0.9580000042915344,0.9581000208854675,0.9400100111961365,0.9549999833106995,125062,0.0,0.0
2026-03-27 13:30:00-04:00,0.9549999833106995,0.9550999999046326,0.9539999961853027,0.954800009727478,43858,0.0,0.0
2026-03-27 13:35:00-04:00,0.9546999931335449,0.9581000208854675,0.9545999765396118,0.957099974155426,68339,0.0,0.0
2026-03-27 13:40:00-04:00,0.957099974155426,0.9573000073432922,0.949999988079071,0.9508000016212463,160814,0.0,0.0
2026-03-27 13:45:00-04:00,0.9508000016212463,0.9514999985694885,0.949999988079071,0.950501024723053,72773,0.0,0.0
2026-03-27 13:50:00-04:00,0.9510999917984009,0.951200008392334,0.9505000114440918,0.9506000280380249,80080,0.0,0.0
2026-03-27 13:55:00-04:00,0.9506000280380249,0.9506000280380249,0.949999988079071,0.9501000046730042,252087,0.0,0.0
2026-03-27 14:00:00-04:00,0.949999988079071,0.9501000046730042,0.9434000253677368,0.9434000253677368,225968,0.0,0.0
2026-03-27 14:05:00-04:00,0.9434000253677368,0.9473000168800354,0.9424999952316284,0.9430000185966492,230062,0.0,0.0
2026-03-27 14:10:00-04:00,0.9430000185966492,0.9437999725341797,0.9359999895095825,0.9399999976158142,357657,0.0,0.0
2026-03-27 14:15:00-04:00,0.9405999779701233,0.9412000179290771,0.9369999766349792,0.9398000240325928,220666,0.0,0.0
2026-03-27 14:20:00-04:00,0.9398000240325928,0.9398000240325928,0.9333000183105469,0.9333000183105469,327674,0.0,0.0
2026-03-27 14:25:00-04:00,0.9336000084877014,0.9350000023841858,0.9315000176429749,0.9337000250816345,186776,0.0,0.0
2026-03-27 14:30:00-04:00,0.933650016784668,0.9340999722480774,0.9300000071525574,0.9325000047683716,283253,0.0,0.0
2026-03-27 14:35:00-04:00,0.9332000017166138,0.9398999810218811,0.9330000281333923,0.9373990297317505,85509,0.0,0.0
2026-03-27 14:40:00-04:00,0.9372000098228455,0.9398990273475647,0.9333999752998352,0.9348999857902527,81159,0.0,0.0
2026-03-27 14:45:00-04:00,0.9346500039100647,0.9350000023841858,0.9344000220298767,0.9348999857902527,105757,0.0,0.0
2026-03-27 14:50:00-04:00,0.9348000288009644,0.9451000094413757,0.9348000288009644,0.942550003528595,315355,0.0,0.0
2026-03-27 14:55:00-04:00,0.9401000142097473,0.9412999749183655,0.9358010292053223,0.9398000240325928,108278,0.0,0.0
2026-03-27 15:00:00-04:00,0.9391000270843506,0.9398999810218811,0.9380000233650208,0.9383000135421753,58183,0.0,0.0
2026-03-27 15:05:00-04:00,0.9383000135421753,0.941100001335144,0.9380000233650208,0.9402499794960022,146977,0.0,0.0
2026-03-27 15:10:00-04:00,0.9404990077018738,0.9451000094413757,0.9399999976158142,0.9434499740600586,205886,0.0,0.0
2026-03-27 15:15:00-04:00,0.9430000185966492,0.9438999891281128,0.9430000185966492,0.9437999725341797,41241,0.0,0.0
2026-03-27 15:20:00-04:00,0.9438499808311462,0.9480000138282776,0.9437999725341797,0.9474999904632568,93432,0.0,0.0
2026-03-27 15:25:00-04:00,0.9472000002861023,0.947700023651123,0.9436010122299194,0.9457499980926514,135433,0.0,0.0
2026-03-27 15:30:00-04:00,0.9459999799728394,0.9524000287055969,0.9459999799728394,0.9505000114440918,46823,0.0,0.0
2026-03-27 15:35:00-04:00,0.9509000182151794,0.9538000226020813,0.949999988079071,0.9537000060081482,98572,0.0,0.0
2026-03-27 15:40:00-04:00,0.9537000060081482,0.9549000263214111,0.9532999992370605,0.954800009727478,140028,0.0,0.0
2026-03-27 15:45:00-04:00,0.9537100195884705,0.9577000141143799,0.9537100195884705,0.9549499750137329,179878,0.0,0.0
2026-03-27 15:50:00-04:00,0.9549999833106995,0.9646999835968018,0.9549000263214111,0.9577000141143799,344830,0.0,0.0
2026-03-27 15:55:00-04:00,0.9576500058174133,0.9577000141143799,0.9480000138282776,0.9502000212669373,696417,0.0,0.0
2026-03-30 09:30:00-04:00,0.9599999785423279,0.9700000286102295,0.9449999928474426,0.9660999774932861,708458,0.0,0.0
2026-03-30 09:35:00-04:00,0.960099995136261,0.9750000238418579,0.9599999785423279,0.9730499982833862,195264,0.0,0.0
2026-03-30 09:40:00-04:00,0.9739999771118164,0.9979000091552734,0.9739999771118164,0.9975000023841858,528864,0.0,0.0
2026-03-30 09:45:00-04:00,0.9979000091552734,1.0199999809265137,0.9976999759674072,1.0199999809265137,920282,0.0,0.0
2026-03-30 09:50:00-04:00,1.0149999856948853,1.0199999809265137,1.0099999904632568,1.0199999809265137,731757,0.0,0.0
2026-03-30 09:55:00-04:00,1.0117000341415405,1.0199999809265137,1.0049999952316284,1.0149999856948853,589485,0.0,0.0
2026-03-30 10:00:00-04:00,1.0099999904632568,1.0199999809265137,1.0,1.0099999904632568,483001,0.0,0.0
2026-03-30 10:05:00-04:00,1.0099999904632568,1.0199999809265137,1.0,1.0098999738693237,233318,0.0,0.0
2026-03-30 10:10:00-04:00,1.0099999904632568,1.0199999809265137,1.0,1.0099999904632568,442867,0.0,0.0
2026-03-30 10:15:00-04:00,1.0099999904632568,1.0149999856948853,1.0,1.0049999952316284,193647,0.0,0.0
2026-03-30 10:20:00-04:00,1.0099999904632568,1.0199999809265137,1.0,1.0049999952316284,443844,0.0,0.0
2026-03-30 10:25:00-04:00,1.0099999904632568,1.0199999809265137,1.0,1.0099999904632568,815150,0.0,0.0
2026-03-30 10:30:00-04:00,1.0049999952316284,1.0199999809265137,1.0,1.0149999856948853,649648,0.0,0.0
2026-03-30 10:35:00-04:00,1.0149999856948853,1.0199999809265137,1.0099999904632568,1.0099999904632568,509190,0.0,0.0
2026-03-30 10:40:00-04:00,1.0104999542236328,1.0149999856948853,0.9911999702453613,0.9978500008583069,589263,0.0,0.0
2026-03-30 10:45:00-04:00,0.9978500008583069,1.0098999738693237,0.986299991607666,0.9882000088691711,646022,0.0,0.0
2026-03-30 10:50:00-04:00,0.9864000082015991,0.9900990128517151,0.9800000190734863,0.9900000095367432,190964,0.0,0.0
2026-03-30 10:55:00-04:00,0.9878000020980835,0.9900000095367432,0.9824000000953674,0.9827499985694885,184965,0.0,0.0
2026-03-30 11:00:00-04:00,0.9827499985694885,0.9962999820709229,0.9818000197410583,0.994700014591217,296664,0.0,0.0
2026-03-30 11:05:00-04:00,0.9962999820709229,1.0,0.9901000261306763,0.9950500130653381,119059,0.0,0.0
2026-03-30 11:10:00-04:00,0.9950000047683716,0.9951000213623047,0.9894999861717224,0.991599977016449,72315,0.0,0.0
2026-03-30 11:15:00-04:00,0.9900500178337097,0.9947999715805054,0.9883000254631042,0.9932000041007996,49890,0.0,0.0
2026-03-30 11:20:00-04:00,0.9930989742279053,0.9932000041007996,0.9901000261306763,0.9918000102043152,50362,0.0,0.0
2026-03-30 11:25:00-04:00,0.9918000102043152,0.9932000041007996,0.9900000095367432,0.9900000095367432,77527,0.0,0.0
2026-03-30 11:30:00-04:00,0.9907000064849854,0.9997000098228455,0.9904999732971191,0.9996989965438843,243137,0.0,0.0
2026-03-30 11:35:00-04:00,0.9994000196456909,1.0,0.9991999864578247,0.9999499917030334,215264,0.0,0.0
2026-03-30 11:40:00-04:00,1.0,1.0,0.9979000091552734,0.9998999834060669,856026,0.0,0.0
2026-03-30 11:45:00-04:00,1.0,1.0049999952316284,0.9961000084877014,0.9998999834060669,365809,0.0,0.0
2026-03-30 11:50:00-04:00,0.9987000226974487,1.0099999904632568,0.9987000226974487,1.0084999799728394,411091,0.0,0.0
2026-03-30 11:55:00-04:00,1.0099999904632568,1.0099999904632568,0.9991000294685364,1.0099999904632568,220753,0.0,0.0
2026-03-30 12:00:00-04:00,1.0042999982833862,1.0199999809265137,1.000100016593933,1.0199999809265137,134375,0.0,0.0
2026-03-30 12:05:00-04:00,1.0199999809265137,1.0399999618530273,1.0163999795913696,1.034999966621399,718630,0.0,0.0
2026-03-30 12:10:00-04:00,1.034999966621399,1.0399999618530273,1.0299999713897705,1.0299999713897705,270592,0.0,0.0
2026-03-30 12:15:00-04:00,1.0339000225067139,1.0399999618530273,1.0214999914169312,1.035099983215332,300632,0.0,0.0
2026-03-30 12:20:00-04:00,1.0312000513076782,1.059999942779541,1.0305479764938354,1.0592999458312988,770601,0.0,0.0
2026-03-30 12:25:00-04:00,1.059399962425232,1.059999942779541,1.0499999523162842,1.0549999475479126,784479,0.0,0.0
2026-03-30 12:30:00-04:00,1.0549999475479126,1.059999942779541,1.0399999618530273,1.0549999475479126,1194382,0.0,0.0
2026-03-30 12:35:00-04:00,1.0549999475479126,1.0700000524520874,1.0499999523162842,1.0598000288009644,866772,0.0,0.0
2026-03-30 12:40:00-04:00,1.0549999475479126,1.059999942779541,1.0399999618530273,1.0549999475479126,664406,0.0,0.0
2026-03-30 12:45:00-04:00,1.0549999475479126,1.059999942779541,1.0499999523162842,1.0499999523162842,599941,0.0,0.0
2026-03-30 12:50:00-04:00,1.0507999658584595,1.059999942779541,1.0399999618530273,1.0413000583648682,663700,0.0,0.0
2026-03-30 12:55:00-04:00,1.0449999570846558,1.0499000549316406,1.0299999713897705,1.039199948310852,128277,0.0,0.0
2026-03-30 13:00:00-04:00,1.034999966621399,1.0399999618530273,1.0199999809265137,1.024999976158142,498478,0.0,0.0
2026-03-30 13:05:00-04:00,1.0211999416351318,1.0299999713897705,1.0199999809265137,1.0299999713897705,121970,0.0,0.0
2026-03-30 13:10:00-04:00,1.027999997138977,1.0299999713897705,1.0108000040054321,1.0108000040054321,521342,0.0,0.0
2026-03-30 13:15:00-04:00,1.0149999856948853,1.0199999809265137,1.0099999904632568,1.0198999643325806,192125,0.0,0.0
2026-03-30 13:20:00-04:00,1.0149999856948853,1.0199999809265137,1.0099999904632568,1.0198999643325806,146132,0.0,0.0
2026-03-30 13:25:00-04:00,1.0190999507904053,1.02839994430542,1.0099999904632568,1.0199999809265137,613546,0.0,0.0
2026-03-30 13:30:00-04:00,1.0198999643325806,1.0299999713897705,1.01010000705719,1.0149999856948853,968362,0.0,0.0
2026-03-30 13:35:00-04:00,1.0189000368118286,1.0199999809265137,1.0099999904632568,1.011299967765808,120156,0.0,0.0
2026-03-30 13:40:00-04:00,1.0149999856948853,1.0199999809265137,1.0099999904632568,1.0182000398635864,38534,0.0,0.0
2026-03-30 13:45:00-04:00,1.0199999809265137,1.0199999809265137,1.0,1.0,313182,0.0,0.0
2026-03-30 13:50:00-04:00,1.0049999952316284,1.0099999904632568,1.0,1.0049999952316284,53744,0.0,0.0
2026-03-30 13:55:00-04:00,1.0099999904632568,1.0099999904632568,1.0,1.0049999952316284,46835,0.0,0.0
2026-03-30 14:00:00-04:00,1.0,1.0099999904632568,1.0,1.0049999952316284,84545,0.0,0.0
2026-03-30 14:05:00-04:00,1.000599980354309,1.0099999904632568,1.0,1.0049999952316284,109659,0.0,0.0
2026-03-30 14:10:00-04:00,1.0099999904632568,1.0099999904632568,1.0,1.0099999904632568,98175,0.0,0.0
2026-03-30 14:15:00-04:00,1.0099999904632568,1.0099999904632568,1.0,1.0099999904632568,165426,0.0,0.0
2026-03-30 14:20:00-04:00,1.0099999904632568,1.0199999809265137,1.0,1.0049999952316284,1662469,0.0,0.0
2026-03-30 14:25:00-04:00,1.0099999904632568,1.0099999904632568,0.9948999881744385,0.9962000250816345,353748,0.0,0.0
2026-03-30 14:30:00-04:00,0.9962999820709229,1.0099999904632568,0.9959999918937683,1.0,348547,0.0,0.0
2026-03-30 14:35:00-04:00,1.0099999904632568,1.0099999904632568,1.0,1.0,57653,0.0,0.0
2026-03-30 14:40:00-04:00,1.0,1.0099999904632568,1.0,1.000100016593933,550216,0.0,0.0
2026-03-30 14:45:00-04:00,1.0,1.0099999904632568,1.0,1.0098999738693237,394986,0.0,0.0
2026-03-30 14:50:00-04:00,1.0085999965667725,1.0099999904632568,1.0,1.0049999952316284,36918,0.0,0.0
2026-03-30 14:55:00-04:00,1.0049999952316284,1.0099999904632568,0.9900000095367432,0.9958000183105469,315445,0.0,0.0
2026-03-30 15:00:00-04:00,0.9958000183105469,0.9995999932289124,0.991100013256073,0.9958999752998352,190469,0.0,0.0
2026-03-30 15:05:00-04:00,0.9958999752998352,0.9995999932289124,0.9936000108718872,0.9973000288009644,127476,0.0,0.0
2026-03-30 15:10:00-04:00,0.996999979019165,0.9973000288009644,0.9941999912261963,0.9955000281333923,103246,0.0,0.0
2026-03-30 15:15:00-04:00,0.9954500198364258,0.9986000061035156,0.9954000115394592,0.9980499744415283,103782,0.0,0.0
2026-03-30 15:20:00-04:00,0.9980000257492065,0.9980999827384949,0.9955009818077087,0.9955499768257141,222209,0.0,0.0
2026-03-30 15:25:00-04:00,0.9955499768257141,0.9955999851226807,0.9919999837875366,0.995199978351593,117144,0.0,0.0
2026-03-30 15:30:00-04:00,0.995199978351593,0.9952999949455261,0.9900000095367432,0.991100013256073,193184,0.0,0.0
2026-03-30 15:35:00-04:00,0.9909999966621399,0.9950000047683716,0.9909999966621399,0.9949010014533997,250544,0.0,0.0
2026-03-30 15:40:00-04:00,0.9950000047683716,0.9950000047683716,0.9865999817848206,0.9868999719619751,195251,0.0,0.0
2026-03-30 15:45:00-04:00,0.9868999719619751,0.9950000047683716,0.9868999719619751,0.9883999824523926,275228,0.0,0.0
2026-03-30 15:50:00-04:00,0.9883999824523926,0.9900000095367432,0.9836000204086304,0.9879999756813049,203700,0.0,0.0
2026-03-30 15:55:00-04:00,0.9879999756813049,0.9945999979972839,0.983299970626831,0.9900000095367432,1063730,0.0,0.0
2026-03-31 09:30:00-04:00,1.0,1.0099999904632568,0.9929999709129333,1.0097999572753906,997378,0.0,0.0
2026-03-31 09:35:00-04:00,1.0096999406814575,1.0299999713897705,1.0,1.0024000406265259,1153588,0.0,0.0
2026-03-31 09:40:00-04:00,1.0049999952316284,1.0299999713897705,1.0,1.0083999633789062,926294,0.0,0.0
2026-03-31 09:45:00-04:00,1.0097999572753906,1.0099999904632568,1.0,1.0049999952316284,473517,0.0,0.0
2026-03-31 09:50:00-04:00,1.0090999603271484,1.0099999904632568,1.0,1.0096999406814575,461032,0.0,0.0
2026-03-31 09:55:00-04:00,1.0049999952316284,1.0099999904632568,1.0,1.009600043296814,167162,0.0,0.0
2026-03-31 10:00:00-04:00,1.0003999471664429,1.0099999904632568,0.9921000003814697,1.0049999952316284,575235,0.0,0.0
2026-03-31 10:05:00-04:00,1.0,1.0099999904632568,0.9900000095367432,0.9919999837875366,339038,0.0,0.0
2026-03-31 10:10:00-04:00,0.991100013256073,0.9921000003814697,0.9858999848365784,0.9900000095367432,312537,0.0,0.0
2026-03-31 10:15:00-04:00,0.9900000095367432,0.9937999844551086,0.9897000193595886,0.991599977016449,148596,0.0,0.0
2026-03-31 10:20:00-04:00,0.9901000261306763,0.9927999973297119,0.9861000180244446,0.9886999726295471,176363,0.0,0.0
2026-03-31 10:25:00-04:00,0.9886000156402588,0.9932000041007996,0.987500011920929,0.9900000095367432,246018,0.0,0.0
2026-03-31 10:30:00-04:00,0.9901000261306763,0.9926000237464905,0.9821000099182129,0.983551025390625,142125,0.0,0.0
2026-03-31 10:35:00-04:00,0.9835500121116638,0.984000027179718,0.9810000061988831,0.9825999736785889,107487,0.0,0.0
2026-03-31 10:40:00-04:00,0.9814000129699707,0.9850999712944031,0.9814000129699707,0.9848999977111816,480503,0.0,0.0
2026-03-31 10:45:00-04:00,0.9848999977111816,0.9860000014305115,0.9811000227928162,0.9860000014305115,514337,0.0,0.0
2026-03-31 10:50:00-04:00,0.9860000014305115,0.9965000152587891,0.9858999848365784,0.9921990036964417,310119,0.0,0.0
2026-03-31 10:55:00-04:00,0.9921990036964417,0.9943000078201294,0.9900000095367432,0.9940999746322632,448205,0.0,0.0
2026-03-31 11:00:00-04:00,0.993399977684021,0.9990000128746033,0.993399977684021,0.9989989995956421,163279,0.0,0.0
2026-03-31 11:05:00-04:00,0.9990000128746033,1.0099999904632568,0.9990000128746033,1.0,169689,0.0,0.0
2026-03-31 11:10:00-04:00,1.0049999952316284,1.0099999904632568,0.9940999746322632,1.0049999952316284,143846,0.0,0.0
2026-03-31 11:15:00-04:00,1.001099944114685,1.0099999904632568,1.0,1.0049999952316284,20359,0.0,0.0
2026-03-31 11:20:00-04:00,1.0049999952316284,1.0098999738693237,1.0,1.0,80764,0.0,0.0
2026-03-31 11:25:00-04:00,1.0,1.0099999904632568,1.0,1.0,104773,0.0,0.0
2026-03-31 11:30:00-04:00,1.0,1.0099999904632568,1.0,1.0,219143,0.0,0.0
2026-03-31 11:35:00-04:00,1.0,1.0099999904632568,0.9932000041007996,0.996749997138977,481435,0.0,0.0
2026-03-31 11:40:00-04:00,0.9950000047683716,0.9973000288009644,0.9908999800682068,0.9936000108718872,88219,0.0,0.0
2026-03-31 11:45:00-04:00,0.9934999942779541,0.9936000108718872,0.9901000261306763,0.9907000064849854,227937,0.0,0.0
2026-03-31 11:50:00-04:00,0.9911999702453613,0.9929999709129333,0.9911999702453613,0.9926000237464905,99793,0.0,0.0
2026-03-31 11:55:00-04:00,0.9925000071525574,0.9926000237464905,0.9900000095367432,0.9915199875831604,168063,0.0,0.0
2026-03-31 12:00:00-04:00,0.9914000034332275,0.9955000281333923,0.9914000034332275,0.9947999715805054,88905,0.0,0.0
2026-03-31 12:05:00-04:00,0.9951000213623047,0.9976999759674072,0.9945999979972839,0.996399998664856,210368,0.0,0.0
2026-03-31 12:10:00-04:00,0.9973899722099304,0.9973999857902527,0.996399998664856,0.9973000288009644,66990,0.0,0.0
2026-03-31 12:15:00-04:00,0.9973999857902527,0.9985899925231934,0.9973000288009644,0.9979000091552734,143730,0.0,0.0
2026-03-31 12:20:00-04:00,0.9979000091552734,1.0,0.9979000091552734,1.0,223851,0.0,0.0
2026-03-31 12:25:00-04:00,0.9995999932289124,1.0,0.9995999932289124,0.9998999834060669,162686,0.0,0.0
2026-03-31 12:30:00-04:00,0.9998999834060669,1.0,0.9998999834060669,0.9999499917030334,53124,0.0,0.0
2026-03-31 12:35:00-04:00,0.9998999834060669,1.0099990367889404,0.9998999834060669,1.0,285571,0.0,0.0
2026-03-31 12:40:00-04:00,1.0,1.0299999713897705,1.0,1.0121999979019165,624449,0.0,0.0
2026-03-31 12:45:00-04:00,1.0187000036239624,1.0199999809265137,1.0,1.010599970817566,559670,0.0,0.0
2026-03-31 12:50:00-04:00,1.0198999643325806,1.0299999713897705,1.0049999952316284,1.0149999856948853,404692,0.0,0.0
2026-03-31 12:55:00-04:00,1.0199999809265137,1.0299999713897705,1.0099999904632568,1.0298999547958374,460241,0.0,0.0
2026-03-31 13:00:00-04:00,1.024999976158142,1.0399999618530273,1.0099999904632568,1.0149999856948853,381164,0.0,0.0
2026-03-31 13:05:00-04:00,1.0099999904632568,1.0199999809265137,1.0,1.01010000705719,440329,0.0,0.0
2026-03-31 13:10:00-04:00,1.0149999856948853,1.0199999809265137,1.0099999904632568,1.0134999752044678,170851,0.0,0.0
2026-03-31 13:15:00-04:00,1.0149999856948853,1.0199999809265137,1.0099999904632568,1.0199999809265137,57268,0.0,0.0
2026-03-31 13:20:00-04:00,1.0149999856948853,1.0199999809265137,1.0099999904632568,1.0199999809265137,51693,0.0,0.0
2026-03-31 13:25:00-04:00,1.0149999856948853,1.0199999809265137,1.0099999904632568,1.0149999856948853,107787,0.0,0.0
2026-03-31 13:30:00-04:00,1.018399953842163,1.0199999809265137,1.0099999904632568,1.0175000429153442,140295,0.0,0.0
2026-03-31 13:35:00-04:00,1.0149999856948853,1.0199999809265137,1.0099999904632568,1.0099999904632568,156060,0.0,0.0
2026-03-31 13:40:00-04:00,1.0099999904632568,1.0199999809265137,1.0099999904632568,1.010699987411499,286345,0.0,0.0
2026-03-31 13:45:00-04:00,1.0099999904632568,1.0198999643325806,1.0099999904632568,1.0149999856948853,345758,0.0,0.0
2026-03-31 13:50:00-04:00,1.0099999904632568,1.0199999809265137,1.0099999904632568,1.0149999856948853,237793,0.0,0.0
2026-03-31 13:55:00-04:00,1.0099999904632568,1.0199999809265137,1.0099999904632568,1.0099999904632568,124157,0.0,0.0
2026-03-31 14:00:00-04:00,1.0099999904632568,1.0199999809265137,1.0099999904632568,1.0149999856948853,277115,0.0,0.0
2026-03-31 14:05:00-04:00,1.0099999904632568,1.0199999809265137,1.0099999904632568,1.0118000507354736,127442,0.0,0.0
2026-03-31 14:10:00-04:00,1.0151000022888184,1.0199999809265137,1.0099999904632568,1.0149999856948853,184766,0.0,0.0
2026-03-31 14:15:00-04:00,1.0149999856948853,1.0199999809265137,1.0099999904632568,1.0149999856948853,71897,0.0,0.0
2026-03-31 14:20:00-04:00,1.0149999856948853,1.0199999809265137,1.0099999904632568,1.0117000341415405,125199,0.0,0.0
2026-03-31 14:25:00-04:00,1.0118999481201172,1.0199999809265137,1.0099999904632568,1.0196000337600708,198976,0.0,0.0
2026-03-31 14:30:00-04:00,1.0170999765396118,1.0199999809265137,1.0099999904632568,1.0123000144958496,195088,0.0,0.0
2026-03-31 14:35:00-04:00,1.0149999856948853,1.0199999809265137,1.0099999904632568,1.0199999809265137,69040,0.0,0.0
2026-03-31 14:40:00-04:00,1.0118000507354736,1.0199999809265137,1.0099999904632568,1.0099999904632568,78200,0.0,0.0
2026-03-31 14:45:00-04:00,1.0099999904632568,1.0199999809265137,1.0099999904632568,1.0149999856948853,106978,0.0,0.0
2026-03-31 14:50:00-04:00,1.0149999856948853,1.0199999809265137,1.0099999904632568,1.0116000175476074,161739,0.0,0.0
2026-03-31 14:55:00-04:00,1.0099999904632568,1.0199999809265137,1.0099999904632568,1.0099999904632568,94723,0.0,0.0
2026-03-31 15:00:00-04:00,1.0099999904632568,1.0199999809265137,1.0099999904632568,1.0099999904632568,87157,0.0,0.0
2026-03-31 15:05:00-04:00,1.0149999856948853,1.0199999809265137,1.0,1.0,413736,0.0,0.0
2026-03-31 15:10:00-04:00,1.0049999952316284,1.0099999904632568,1.0,1.0,228261,0.0,0.0
2026-03-31 15:15:00-04:00,1.0073000192642212,1.0099999904632568,1.0,1.0069999694824219,56420,0.0,0.0
2026-03-31 15:20:00-04:00,1.0099999904632568,1.0099999904632568,1.0,1.0098999738693237,64459,0.0,0.0
2026-03-31 15:25:00-04:00,1.0049999952316284,1.0099999904632568,1.0,1.0098999738693237,89308,0.0,0.0
2026-03-31 15:30:00-04:00,1.0099999904632568,1.0099999904632568,1.0,1.0049999952316284,86495,0.0,0.0
2026-03-31 15:35:00-04:00,1.0099999904632568,1.0099999904632568,1.0,1.0,69542,0.0,0.0
2026-03-31 15:40:00-04:00,1.0082999467849731,1.0099999904632568,1.0,1.0049999952316284,186198,0.0,0.0
2026-03-31 15:45:00-04:00,1.0,1.0199999809265137,1.0,1.0099999904632568,655173,0.0,0.0
2026-03-31 15:50:00-04:00,1.0149999856948853,1.0199999809265137,1.0,1.0049999952316284,893914,0.0,0.0
2026-03-31 15:55:00-04:00,1.0099999904632568,1.0198999643325806,1.0,1.0,1120016,0.0,0.0
2026-04-01 09:30:00-04:00,1.0,1.0099999904632568,0.9988999962806702,1.0,5168466,0.0,0.0
2026-04-01 09:35:00-04:00,1.0049999952316284,1.0099999904632568,1.0,1.0099999904632568,433910,0.0,0.0
2026-04-01 09:40:00-04:00,1.0080000162124634,1.0199999809265137,1.0,1.0149999856948853,614102,0.0,0.0
2026-04-01 09:45:00-04:00,1.0149999856948853,1.0199999809265137,0.9944000244140625,0.9950000047683716,539378,0.0,0.0
2026-04-01 09:50:00-04:00,0.9945999979972839,1.0099999904632568,0.9945999979972839,1.0049999952316284,376190,0.0,0.0
2026-04-01 09:55:00-04:00,1.0013999938964844,1.0299999713897705,1.0,1.024999976158142,1035825,0.0,0.0
2026-04-01 10:00:00-04:00,1.024999976158142,1.0399999618530273,1.024999976158142,1.0399999618530273,711896,0.0,0.0
2026-04-01 10:05:00-04:00,1.034999966621399,1.0399999618530273,1.0199999809265137,1.0291999578475952,857064,0.0,0.0
2026-04-01 10:10:00-04:00,1.0299999713897705,1.0399999618530273,1.024999976158142,1.0399999618530273,379264,0.0,0.0
2026-04-01 10:15:00-04:00,1.0384999513626099,1.0499999523162842,1.0299999713897705,1.034999966621399,634974,0.0,0.0
2026-04-01 10:20:00-04:00,1.0399999618530273,1.0399999618530273,1.0199999809265137,1.024999976158142,441076,0.0,0.0
2026-04-01 10:25:00-04:00,1.024999976158142,1.0299999713897705,1.0199999809265137,1.0199999809265137,72601,0.0,0.0
2026-04-01 10:30:00-04:00,1.024999976158142,1.0299999713897705,1.0199999809265137,1.0218000411987305,230722,0.0,0.0
2026-04-01 10:35:00-04:00,1.0226000547409058,1.0299999713897705,1.0099999904632568,1.024999976158142,781962,0.0,0.0
2026-04-01 10:40:00-04:00,1.0288000106811523,1.0299999713897705,1.0199999809265137,1.024999976158142,483699,0.0,0.0
2026-04-01 10:45:00-04:00,1.024999976158142,1.0299999713897705,1.0199999809265137,1.0199999809265137,365454,0.0,0.0
2026-04-01 10:50:00-04:00,1.0199999809265137,1.0299999713897705,1.0199999809265137,1.0273000001907349,432296,0.0,0.0
2026-04-01 10:55:00-04:00,1.0214999914169312,1.0299999713897705,1.0199999809265137,1.0199999809265137,411769,0.0,0.0
2026-04-01 11:00:00-04:00,1.0211999416351318,1.0299999713897705,1.0099999904632568,1.0199999809265137,977314,0.0,0.0
2026-04-01 11:05:00-04:00,1.0199999809265137,1.0299999713897705,1.0199999809265137,1.0297000408172607,305050,0.0,0.0
2026-04-01 11:10:00-04:00,1.0199999809265137,1.0299999713897705,1.0199999809265137,1.0199999809265137,111877,0.0,0.0
2026-04-01 11:15:00-04:00,1.024999976158142,1.0299999713897705,1.0099999904632568,1.0099999904632568,356674,0.0,0.0
2026-04-01 11:20:00-04:00,1.0149999856948853,1.0199999809265137,1.0099999904632568,1.0149999856948853,85185,0.0,0.0
2026-04-01 11:25:00-04:00,1.0149999856948853,1.0199999809265137,1.0099999904632568,1.0149999856948853,103878,0.0,0.0
2026-04-01 11:30:00-04:00,1.01010000705719,1.0299999713897705,1.0099999904632568,1.021299958229065,1067396,0.0,0.0
2026-04-01 11:35:00-04:00,1.0200999975204468,1.024999976158142,1.0099999904632568,1.0149999856948853,318573,0.0,0.0
2026-04-01 11:40:00-04:00,1.0149999856948853,1.0199999809265137,1.0099999904632568,1.0190000534057617,180184,0.0,0.0
2026-04-01 11:45:00-04:00,1.0149999856948853,1.0199999809265137,1.0099999904632568,1.0149999856948853,104113,0.0,0.0
2026-04-01 11:50:00-04:00,1.0149999856948853,1.0199999809265137,1.0099999904632568,1.0149999856948853,98770,0.0,0.0
2026-04-01 11:55:00-04:00,1.0199999809265137,1.0199999809265137,1.0099999904632568,1.0149999856948853,124486,0.0,0.0
2026-04-01 12:00:00-04:00,1.0149999856948853,1.0199999809265137,1.0,1.0099999904632568,780953,0.0,0.0
2026-04-01 12:05:00-04:00,1.0149999856948853,1.0199999809265137,1.0,1.0049999952316284,1185672,0.0,0.0
2026-04-01 12:10:00-04:00,1.0099999904632568,1.0099999904632568,1.0,1.0,411073,0.0,0.0
2026-04-01 12:15:00-04:00,1.0049999952316284,1.0099999904632568,1.0,1.0,252877,0.0,0.0
2026-04-01 12:20:00-04:00,1.0,1.0099999904632568,1.0,1.0049999952316284,150785,0.0,0.0
2026-04-01 12:25:00-04:00,1.0049999952316284,1.0099999904632568,1.0,1.0,89839,0.0,0.0
2026-04-01 12:30:00-04:00,1.0,1.0096999406814575,0.9962000250816345,0.9994999766349792,556019,0.0,0.0
2026-04-01 12:35:00-04:00,1.0,1.0099999904632568,0.9983999729156494,1.0,189872,0.0,0.0
2026-04-01 12:40:00-04:00,1.0,1.0099999904632568,1.0,1.0,242620,0.0,0.0
2026-04-01 12:45:00-04:00,1.0,1.0099999904632568,0.9983999729156494,1.000100016593933,328268,0.0,0.0
2026-04-01 12:50:00-04:00,1.0,1.0099999904632568,1.0,1.0083999633789062,784301,0.0,0.0
2026-04-01 12:55:00-04:00,1.0099999904632568,1.0099999904632568,1.0,1.0099999904632568,322556,0.0,0.0
2026-04-01 13:00:00-04:00,1.0081000328063965,1.0099999904632568,1.0,1.0083999633789062,683285,0.0,0.0
2026-04-01 13:05:00-04:00,1.0098999738693237,1.0099999904632568,1.0,1.0099999904632568,479720,0.0,0.0
2026-04-01 13:10:00-04:00,1.0099999904632568,1.0099999904632568,1.0,1.0080000162124634,444169,0.0,0.0
2026-04-01 13:15:00-04:00,1.0027999877929688,1.0099999904632568,1.0,1.0049999952316284,359595,0.0,0.0
2026-04-01 13:20:00-04:00,1.0049999952316284,1.0099999904632568,1.0,1.0099999904632568,225419,0.0,0.0
2026-04-01 13:25:00-04:00,1.0099999904632568,1.0099999904632568,1.0,1.0,155895,0.0,0.0
2026-04-01 13:30:00-04:00,1.0049999952316284,1.0099999904632568,1.0,1.0049999952316284,133541,0.0,0.0
2026-04-01 13:35:00-04:00,1.0099999904632568,1.0099999904632568,1.0,1.0049999952316284,88510,0.0,0.0
2026-04-01 13:40:00-04:00,1.0,1.0099999904632568,1.0,1.0049999952316284,120974,0.0,0.0
2026-04-01 13:45:00-04:00,1.0049999952316284,1.0099999904632568,1.0,1.0099999904632568,144124,0.0,0.0
2026-04-01 13:50:00-04:00,1.0049999952316284,1.0099999904632568,1.0,1.0099999904632568,119153,0.0,0.0
2026-04-01 13:55:00-04:00,1.0099999904632568,1.0099999904632568,1.0,1.0099999904632568,188986,0.0,0.0
2026-04-01 14:00:00-04:00,1.0049999952316284,1.0099999904632568,1.0,1.0049999952316284,87617,0.0,0.0
2026-04-01 14:05:00-04:00,1.0049999952316284,1.0099999904632568,1.0,1.0,166293,0.0,0.0
2026-04-01 14:10:00-04:00,1.000100016593933,1.0099999904632568,0.996999979019165,1.0049999952316284,716418,0.0,0.0
2026-04-01 14:15:00-04:00,1.0003000497817993,1.0099999904632568,1.0,1.0,72471,0.0,0.0
2026-04-01 14:20:00-04:00,1.0015000104904175,1.0099999904632568,0.9980999827384949,0.9992499947547913,230886,0.0,0.0
2026-04-01 14:25:00-04:00,0.9992499947547913,1.0,0.9984999895095825,0.9990000128746033,138115,0.0,0.0
2026-04-01 14:30:00-04:00,0.9994000196456909,1.0,0.9990000128746033,0.9990000128746033,237257,0.0,0.0
2026-04-01 14:35:00-04:00,0.9990500211715698,1.0099999904632568,0.9990000128746033,1.0049999952316284,359906,0.0,0.0
2026-04-01 14:40:00-04:00,1.0099999904632568,1.0099999904632568,1.0,1.0049999952316284,464924,0.0,0.0
2026-04-01 14:45:00-04:00,1.0049999952316284,1.0199999809265137,1.0,1.0099999904632568,452038,0.0,0.0
2026-04-01 14:50:00-04:00,1.0149999856948853,1.0199999809265137,1.0011999607086182,1.0049999952316284,645164,0.0,0.0
2026-04-01 14:55:00-04:00,1.0099999904632568,1.024999976158142,1.0,1.024999976158142,1596875,0.0,0.0
2026-04-01 15:00:00-04:00,1.0199999809265137,1.0299999713897705,1.0149999856948853,1.0198999643325806,1060418,0.0,0.0
2026-04-01 15:05:00-04:00,1.0198999643325806,1.0399999618530273,1.0099999904632568,1.0276000499725342,1291775,0.0,0.0
2026-04-01 15:10:00-04:00,1.0299999713897705,1.0299999713897705,1.0119999647140503,1.024999976158142,1329134,0.0,0.0
2026-04-01 15:15:00-04:00,1.0214999914169312,1.0399999618530273,1.0199999809265137,1.034999966621399,833299,0.0,0.0
2026-04-01 15:20:00-04:00,1.034999966621399,1.0399999618530273,1.0199999809265137,1.024999976158142,613952,0.0,0.0
2026-04-01 15:25:00-04:00,1.024999976158142,1.0299999713897705,1.0199999809265137,1.0199999809265137,349274,0.0,0.0
2026-04-01 15:30:00-04:00,1.0199999809265137,1.026563048362732,1.0099999904632568,1.0099999904632568,607940,0.0,0.0
2026-04-01 15:35:00-04:00,1.0149999856948853,1.0199999809265137,1.0099999904632568,1.0099999904632568,194007,0.0,0.0
2026-04-01 15:40:00-04:00,1.0099999904632568,1.0199999809265137,1.0099999904632568,1.0113999843597412,117415,0.0,0.0
2026-04-01 15:45:00-04:00,1.0149999856948853,1.0199999809265137,1.0099999904632568,1.0149999856948853,355049,0.0,0.0
2026-04-01 15:50:00-04:00,1.0099999904632568,1.0199999809265137,1.0099999904632568,1.0149999856948853,246294,0.0,0.0
2026-04-01 15:55:00-04:00,1.0149999856948853,1.0299999713897705,1.0099999904632568,1.0199999809265137,759697,0.0,0.0
2026-04-02 09:30:00-04:00,1.0199999809265137,1.0199999809265137,1.0,1.0049999952316284,823234,0.0,0.0
2026-04-02 09:35:00-04:00,1.0,1.0198999643325806,1.0,1.0049999952316284,645532,0.0,0.0
2026-04-02 09:40:00-04:00,1.0087000131607056,1.0199999809265137,1.0033999681472778,1.0098999738693237,827378,0.0,0.0
2026-04-02 09:45:00-04:00,1.0088000297546387,1.0099999904632568,1.0,1.003000020980835,489720,0.0,0.0
2026-04-02 09:50:00-04:00,1.003000020980835,1.0099999904632568,1.0,1.0049999952316284,269328,0.0,0.0
2026-04-02 09:55:00-04:00,1.003000020980835,1.0099999904632568,0.9900000095367432,1.0,991314,0.0,0.0
2026-04-02 10:00:00-04:00,1.0049999952316284,1.0099999904632568,1.0,1.0080000162124634,307527,0.0,0.0
2026-04-02 10:05:00-04:00,1.0,1.0049999952316284,0.9950000047683716,0.9988999962806702,268257,0.0,0.0
2026-04-02 10:10:00-04:00,0.9990000128746033,1.0099999904632568,0.9962999820709229,0.9965000152587891,534268,0.0,0.0
2026-04-02 10:15:00-04:00,0.9987999796867371,1.0,0.9965000152587891,0.9991000294685364,120987,0.0,0.0
2026-04-02 10:20:00-04:00,0.9991000294685364,0.9999470114707947,0.9991000294685364,0.9998000264167786,275875,0.0,0.0
2026-04-02 10:25:00-04:00,0.9998000264167786,0.9998999834060669,0.9912999868392944,0.9959890246391296,319590,0.0,0.0
2026-04-02 10:30:00-04:00,0.996399998664856,1.0,0.9943000078201294,0.9998000264167786,157841,0.0,0.0
2026-04-02 10:35:00-04:00,0.9998999834060669,1.0199999809265137,0.9995999932289124,1.0049999952316284,409332,0.0,0.0
2026-04-02 10:40:00-04:00,1.0,1.0099999904632568,1.0,1.0083999633789062,467170,0.0,0.0
2026-04-02 10:45:00-04:00,1.0096999406814575,1.0199999809265137,1.0,1.0149999856948853,907359,0.0,0.0
2026-04-02 10:50:00-04:00,1.0099999904632568,1.0199999809265137,1.0099999904632568,1.0149999856948853,547148,0.0,0.0
2026-04-02 10:55:00-04:00,1.0149999856948853,1.0299999713897705,1.0099999904632568,1.0199999809265137,850836,0.0,0.0
2026-04-02 11:00:00-04:00,1.024999976158142,1.0299999713897705,1.0199999809265137,1.0299999713897705,529384,0.0,0.0
2026-04-02 11:05:00-04:00,1.024999976158142,1.0299999713897705,1.0199999809265137,1.024999976158142,647623,0.0,0.0
2026-04-02 11:10:00-04:00,1.0220999717712402,1.0399999618530273,1.0199999809265137,1.034999966621399,575748,0.0,0.0
2026-04-02 11:15:00-04:00,1.034999966621399,1.0399999618530273,1.0299999713897705,1.031499981880188,162220,0.0,0.0
2026-04-02 11:20:00-04:00,1.0300999879837036,1.034999966621399,1.0199999809265137,1.0300999879837036,1048542,0.0,0.0
2026-04-02 11:25:00-04:00,1.0317000150680542,1.0398999452590942,1.0199999809265137,1.0299999713897705,436604,0.0,0.0
2026-04-02 11:30:00-04:00,1.0299999713897705,1.0399999618530273,1.0199999809265137,1.034999966621399,1519928,0.0,0.0
2026-04-02 11:35:00-04:00,1.0299999713897705,1.0399999618530273,1.0299999713897705,1.0299999713897705,344665,0.0,0.0
2026-04-02 11:40:00-04:00,1.034999966621399,1.0399999618530273,1.0299999713897705,1.0299999713897705,733813,0.0,0.0
2026-04-02 11:45:00-04:00,1.0299999713897705,1.0399999618530273,1.0299999713897705,1.0322999954223633,218540,0.0,0.0
2026-04-02 11:50:00-04:00,1.034999966621399,1.0399999618530273,1.0299999713897705,1.0399999618530273,256544,0.0,0.0
2026-04-02 11:55:00-04:00,1.0399999618530273,1.0399999618530273,1.0299999713897705,1.0399999618530273,116053,0.0,0.0
2026-04-02 12:00:00-04:00,1.034999966621399,1.0399999618530273,1.0299999713897705,1.0399999618530273,294853,0.0,0.0
2026-04-02 12:05:00-04:00,1.034999966621399,1.0399999618530273,1.0299999713897705,1.034999966621399,148039,0.0,0.0
2026-04-02 12:10:00-04:00,1.034999966621399,1.0399999618530273,1.0299999713897705,1.0324000120162964,131824,0.0,0.0
2026-04-02 12:15:00-04:00,1.0326000452041626,1.0399999618530273,1.0299999713897705,1.0300999879837036,1429464,0.0,0.0
2026-04-02 12:20:00-04:00,1.030900001525879,1.0399999618530273,1.0199999809265137,1.0299999713897705,976379,0.0,0.0
2026-04-02 12:25:00-04:00,1.034999966621399,1.0399999618530273,1.0299999713897705,1.034999966621399,320606,0.0,0.0
2026-04-02 12:30:00-04:00,1.0300999879837036,1.0399999618530273,1.0240000486373901,1.0396000146865845,443012,0.0,0.0
2026-04-02 12:35:00-04:00,1.035599946975708,1.059999942779541,1.0299999713897705,1.0449999570846558,1698929,0.0,0.0
2026-04-02 12:40:00-04:00,1.0449999570846558,1.0499999523162842,1.0399999618530273,1.0449999570846558,1631988,0.0,0.0
2026-04-02 12:45:00-04:00,1.0449999570846558,1.059999942779541,1.0399999618530273,1.0549999475479126,723718,0.0,0.0
2026-04-02 12:50:00-04:00,1.0549999475479126,1.0800000429153442,1.0499999523162842,1.065000057220459,1524770,0.0,0.0
2026-04-02 12:55:00-04:00,1.059999942779541,1.0700000524520874,1.059999942779541,1.059999942779541,360346,0.0,0.0
2026-04-02 13:00:00-04:00,1.0607000589370728,1.0680999755859375,1.0499999523162842,1.0549999475479126,938326,0.0,0.0
2026-04-02 13:05:00-04:00,1.0583000183105469,1.059999942779541,1.0499999523162842,1.0521999597549438,458528,0.0,0.0
2026-04-02 13:10:00-04:00,1.0549999475479126,1.0700000524520874,1.0499999523162842,1.065000057220459,658610,0.0,0.0
2026-04-02 13:15:00-04:00,1.065000057220459,1.0700000524520874,1.059999942779541,1.0693000555038452,416623,0.0,0.0
2026-04-02 13:20:00-04:00,1.0662000179290771,1.0700000524520874,1.059999942779541,1.0650999546051025,423701,0.0,0.0
2026-04-02 13:25:00-04:00,1.065000057220459,1.0700000524520874,1.059999942779541,1.0628000497817993,237303,0.0,0.0
2026-04-02 13:30:00-04:00,1.0700000524520874,1.0795999765396118,1.059999942779541,1.0750000476837158,508989,0.0,0.0
2026-04-02 13:35:00-04:00,1.0700000524520874,1.0800000429153442,1.059999942779541,1.0700000524520874,1175501,0.0,0.0
2026-04-02 13:40:00-04:00,1.0707999467849731,1.0800000429153442,1.0700000524520874,1.0700000524520874,448570,0.0,0.0
2026-04-02 13:45:00-04:00,1.0800000429153442,1.0800000429153442,1.0700000524520874,1.0750000476837158,911319,0.0,0.0
2026-04-02 13:50:00-04:00,1.0779000520706177,1.0800000429153442,1.0700000524520874,1.0782999992370605,225667,0.0,0.0
2026-04-02 13:55:00-04:00,1.0750000476837158,1.090000033378601,1.0700000524520874,1.0865000486373901,597313,0.0,0.0
2026-04-02 14:00:00-04:00,1.0800000429153442,1.090000033378601,1.0800000429153442,1.0850000381469727,323505,0.0,0.0
2026-04-02 14:05:00-04:00,1.0898000001907349,1.090000033378601,1.0800000429153442,1.0801000595092773,293659,0.0,0.0
2026-04-02 14:10:00-04:00,1.0850000381469727,1.090000033378601,1.0700000524520874,1.0750000476837158,442718,0.0,0.0
2026-04-02 14:15:00-04:00,1.0750000476837158,1.090000033378601,1.0700000524520874,1.0850000381469727,554484,0.0,0.0
2026-04-02 14:20:00-04:00,1.0800000429153442,1.090000033378601,1.0800000429153442,1.0819000005722046,124479,0.0,0.0
2026-04-02 14:25:00-04:00,1.0850000381469727,1.090000033378601,1.0800000429153442,1.0850000381469727,129365,0.0,0.0
2026-04-02 14:30:00-04:00,1.0850000381469727,1.090000033378601,1.0800000429153442,1.0800000429153442,136953,0.0,0.0
2026-04-02 14:35:00-04:00,1.0850000381469727,1.090000033378601,1.0800000429153442,1.0850000381469727,118807,0.0,0.0
2026-04-02 14:40:00-04:00,1.0800000429153442,1.090000033378601,1.0800000429153442,1.0850000381469727,129333,0.0,0.0
2026-04-02 14:45:00-04:00,1.090000033378601,1.090000033378601,1.0800000429153442,1.0800000429153442,971131,0.0,0.0
2026-04-02 14:50:00-04:00,1.080299973487854,1.090000033378601,1.0800000429153442,1.0815000534057617,114315,0.0,0.0
2026-04-02 14:55:00-04:00,1.0850000381469727,1.090000033378601,1.0800000429153442,1.0850000381469727,124887,0.0,0.0
2026-04-02 15:00:00-04:00,1.090000033378601,1.090000033378601,1.0800000429153442,1.0800000429153442,181714,0.0,0.0
2026-04-02 15:05:00-04:00,1.0850000381469727,1.090000033378601,1.0800000429153442,1.0850000381469727,253890,0.0,0.0
2026-04-02 15:10:00-04:00,1.0850000381469727,1.090000033378601,1.0700000524520874,1.0800000429153442,264655,0.0,0.0
2026-04-02 15:15:00-04:00,1.0703999996185303,1.0800000429153442,1.0700000524520874,1.0800000429153442,164279,0.0,0.0
2026-04-02 15:20:00-04:00,1.0750000476837158,1.0800000429153442,1.0700000524520874,1.0740000009536743,142615,0.0,0.0
2026-04-02 15:25:00-04:00,1.0800000429153442,1.0800000429153442,1.0700000524520874,1.0800000429153442,57783,0.0,0.0
2026-04-02 15:30:00-04:00,1.0750000476837158,1.0800000429153442,1.0700000524520874,1.0750999450683594,90032,0.0,0.0
2026-04-02 15:35:00-04:00,1.0750000476837158,1.0800000429153442,1.0700000524520874,1.0750000476837158,93383,0.0,0.0
2026-04-02 15:40:00-04:00,1.0750000476837158,1.090000033378601,1.0700000524520874,1.0850000381469727,448139,0.0,0.0
2026-04-02 15:45:00-04:00,1.0850000381469727,1.090000033378601,1.0800000429153442,1.0850000381469727,116839,0.0,0.0
2026-04-02 15:50:00-04:00,1.0850000381469727,1.1100000143051147,1.0800000429153442,1.1100000143051147,1124270,0.0,0.0
2026-04-02 15:55:00-04:00,1.100000023841858,1.1200000047683716,1.090000033378601,1.1150000095367432,1211451,0.0,0.0
2026-04-06 09:30:00-04:00,1.1299999952316284,1.2400000095367432,1.1299999952316284,1.2350000143051147,3266686,0.0,0.0
2026-04-06 09:35:00-04:00,1.23989999294281,1.25,1.190000057220459,1.2299000024795532,2654163,0.0,0.0
2026-04-06 09:40:00-04:00,1.2200000286102295,1.25,1.2200000286102295,1.2231999635696411,1659996,0.0,0.0
2026-04-06 09:45:00-04:00,1.2200000286102295,1.2300000190734863,1.2000000476837158,1.2201999425888062,1066167,0.0,0.0
2026-04-06 09:50:00-04:00,1.2200000286102295,1.2300000190734863,1.2100000381469727,1.225000023841858,838105,0.0,0.0
2026-04-06 09:55:00-04:00,1.225000023841858,1.2350000143051147,1.2100000381469727,1.2200000286102295,1431878,0.0,0.0
2026-04-06 10:00:00-04:00,1.2200000286102295,1.2400000095367432,1.2000000476837158,1.2280000448226929,1165823,0.0,0.0
2026-04-06 10:05:00-04:00,1.2216999530792236,1.2300000190734863,1.2000000476837158,1.2200000286102295,539566,0.0,0.0
2026-04-06 10:10:00-04:00,1.2200000286102295,1.2300000190734863,1.2050000429153442,1.225000023841858,923418,0.0,0.0
2026-04-06 10:15:00-04:00,1.2285000085830688,1.2400000095367432,1.215000033378601,1.2201000452041626,708905,0.0,0.0
2026-04-06 10:20:00-04:00,1.222000002861023,1.2300000190734863,1.2200000286102295,1.2300000190734863,351029,0.0,0.0
2026-04-06 10:25:00-04:00,1.2235000133514404,1.2300000190734863,1.2200000286102295,1.2299000024795532,284577,0.0,0.0
2026-04-06 10:30:00-04:00,1.2237999439239502,1.2400000095367432,1.2200000286102295,1.225000023841858,504696,0.0,0.0
2026-04-06 10:35:00-04:00,1.2300000190734863,1.2400000095367432,1.2200000286102295,1.2350000143051147,539689,0.0,0.0
2026-04-06 10:40:00-04:00,1.2300000190734863,1.2400000095367432,1.2300000190734863,1.2350000143051147,342245,0.0,0.0
2026-04-06 10:45:00-04:00,1.2350000143051147,1.2400000095367432,1.2300000190734863,1.2350000143051147,351906,0.0,0.0
2026-04-06 10:50:00-04:00,1.2389999628067017,1.25,1.2300000190734863,1.249899983406067,1239173,0.0,0.0
2026-04-06 10:55:00-04:00,1.2450000047683716,1.25,1.2400000095367432,1.2450000047683716,506824,0.0,0.0
2026-04-06 11:00:00-04:00,1.2400000095367432,1.25,1.2400000095367432,1.2450000047683716,375322,0.0,0.0
2026-04-06 11:05:00-04:00,1.2450000047683716,1.2599999904632568,1.2400000095367432,1.2598999738693237,1288625,0.0,0.0
2026-04-06 11:10:00-04:00,1.25,1.2599999904632568,1.25,1.2595000267028809,606384,0.0,0.0
2026-04-06 11:15:00-04:00,1.2599999904632568,1.2599999904632568,1.25,1.2599999904632568,473092,0.0,0.0
2026-04-06 11:20:00-04:00,1.2598999738693237,1.2699999809265137,1.25,1.26010000705719,1076795,0.0,0.0
2026-04-06 11:25:00-04:00,1.2649999856948853,1.2699999809265137,1.2599999904632568,1.2599999904632568,448509,0.0,0.0
2026-04-06 11:30:00-04:00,1.2649999856948853,1.2699999809265137,1.2300000190734863,1.2300000190734863,2180733,0.0,0.0
2026-04-06 11:35:00-04:00,1.2300000190734863,1.25,1.2300000190734863,1.2450000047683716,370086,0.0,0.0
2026-04-06 11:40:00-04:00,1.2477209568023682,1.25,1.2400000095367432,1.2450000047683716,326662,0.0,0.0
2026-04-06 11:45:00-04:00,1.2450000047683716,1.25,1.2400000095367432,1.2401000261306763,369610,0.0,0.0
2026-04-06 11:50:00-04:00,1.2400000095367432,1.2598999738693237,1.2400000095367432,1.2549999952316284,519300,0.0,0.0
2026-04-06 11:55:00-04:00,1.2549999952316284,1.2698999643325806,1.25,1.2549999952316284,492141,0.0,0.0
2026-04-06 12:00:00-04:00,1.2599999904632568,1.2699999809265137,1.25,1.2599999904632568,1321268,0.0,0.0
2026-04-06 12:05:00-04:00,1.2596999406814575,1.2699999809265137,1.25,1.2599999904632568,270090,0.0,0.0
2026-04-06 12:10:00-04:00,1.2649999856948853,1.2699999809265137,1.2599999904632568,1.2699999809265137,232349,0.0,0.0
2026-04-06 12:15:00-04:00,1.268399953842163,1.2799999713897705,1.2599999904632568,1.2717000246047974,594817,0.0,0.0
2026-04-06 12:20:00-04:00,1.2700999975204468,1.2999999523162842,1.2699999809265137,1.2999999523162842,1467969,0.0,0.0
2026-04-06 12:25:00-04:00,1.2999000549316406,1.309999942779541,1.2899999618530273,1.2949999570846558,1072508,0.0,0.0
2026-04-06 12:30:00-04:00,1.2949999570846558,1.2999999523162842,1.2899999618530273,1.2900999784469604,359540,0.0,0.0
2026-04-06 12:35:00-04:00,1.2968000173568726,1.2999999523162842,1.26010000705719,1.2699999809265137,1522947,0.0,0.0
2026-04-06 12:40:00-04:00,1.2698999643325806,1.2699999809265137,1.2599999904632568,1.2604999542236328,304296,0.0,0.0
2026-04-06 12:45:00-04:00,1.2599999904632568,1.2649999856948853,1.2400000095367432,1.2599999904632568,607699,0.0,0.0
2026-04-06 12:50:00-04:00,1.2599999904632568,1.2599999904632568,1.25,1.2599999904632568,432726,0.0,0.0
2026-04-06 12:55:00-04:00,1.2599999904632568,1.2599999904632568,1.25,1.2599999904632568,270615,0.0,0.0
2026-04-06 13:00:00-04:00,1.2549999952316284,1.2699999809265137,1.25,1.2599999904632568,554536,0.0,0.0
2026-04-06 13:05:00-04:00,1.2590999603271484,1.2599999904632568,1.2401000261306763,1.2598999738693237,301783,0.0,0.0
2026-04-06 13:10:00-04:00,1.25,1.2699999809265137,1.25,1.268399953842163,494407,0.0,0.0
2026-04-06 13:15:00-04:00,1.26010000705719,1.2699999809265137,1.2599999904632568,1.2649999856948853,214119,0.0,0.0
2026-04-06 13:20:00-04:00,1.2698999643325806,1.2799999713897705,1.2599999904632568,1.2681000232696533,435943,0.0,0.0
2026-04-06 13:25:00-04:00,1.2649999856948853,1.2799999713897705,1.2599999904632568,1.2718000411987305,269810,0.0,0.0
2026-04-06 13:30:00-04:00,1.274999976158142,1.2799999713897705,1.2699999809265137,1.274999976158142,224272,0.0,0.0
2026-04-06 13:35:00-04:00,1.2699999809265137,1.2799999713897705,1.2699999809265137,1.2719999551773071,358258,0.0,0.0
2026-04-06 13:40:00-04:00,1.274999976158142,1.2799999713897705,1.2699999809265137,1.274999976158142,150613,0.0,0.0
2026-04-06 13:45:00-04:00,1.274999976158142,1.2799999713897705,1.2699999809265137,1.274999976158142,181894,0.0,0.0
2026-04-06 13:50:00-04:00,1.2769999504089355,1.2799999713897705,1.2699999809265137,1.274999976158142,167381,0.0,0.0
2026-04-06 13:55:00-04:00,1.274999976158142,1.2799999713897705,1.2699999809265137,1.2799999713897705,146679,0.0,0.0
2026-04-06 14:00:00-04:00,1.2790000438690186,1.2799999713897705,1.2699999809265137,1.2799999713897705,197781,0.0,0.0
2026-04-06 14:05:00-04:00,1.2798999547958374,1.284999966621399,1.2699999809265137,1.2700999975204468,876042,0.0,0.0
2026-04-06 14:10:00-04:00,1.2740999460220337,1.2899999618530273,1.2699999809265137,1.2799999713897705,374911,0.0,0.0
2026-04-06 14:15:00-04:00,1.2799999713897705,1.2899999618530273,1.2799999713897705,1.2898999452590942,295848,0.0,0.0
2026-04-06 14:20:00-04:00,1.284999966621399,1.2999999523162842,1.2799999713897705,1.2910000085830688,823031,0.0,0.0
2026-04-06 14:25:00-04:00,1.2899999618530273,1.2991000413894653,1.2799999713897705,1.282099962234497,458902,0.0,0.0
2026-04-06 14:30:00-04:00,1.284999966621399,1.2899999618530273,1.2799999713897705,1.2799999713897705,322824,0.0,0.0
2026-04-06 14:35:00-04:00,1.2799999713897705,1.2899999618530273,1.2799999713897705,1.2799999713897705,283498,0.0,0.0
2026-04-06 14:40:00-04:00,1.2899999618530273,1.2899999618530273,1.2699999809265137,1.274999976158142,517525,0.0,0.0
2026-04-06 14:45:00-04:00,1.274999976158142,1.2799999713897705,1.2699999809265137,1.2718000411987305,153369,0.0,0.0
2026-04-06 14:50:00-04:00,1.2788000106811523,1.2899999618530273,1.2599999904632568,1.2681000232696533,871973,0.0,0.0
2026-04-06 14:55:00-04:00,1.2649999856948853,1.2699999809265137,1.25,1.2549999952316284,510726,0.0,0.0
2026-04-06 15:00:00-04:00,1.2599999904632568,1.2599999904632568,1.25,1.2549999952316284,189037,0.0,0.0
2026-04-06 15:05:00-04:00,1.2549999952316284,1.2599999904632568,1.2400000095367432,1.2450000047683716,686256,0.0,0.0
2026-04-06 15:10:00-04:00,1.25,1.25,1.2400000095367432,1.2450000047683716,252815,0.0,0.0
2026-04-06 15:15:00-04:00,1.2404999732971191,1.25,1.2400000095367432,1.2450000047683716,604991,0.0,0.0
2026-04-06 15:20:00-04:00,1.2455999851226807,1.25,1.2400000095367432,1.2450000047683716,185197,0.0,0.0
2026-04-06 15:25:00-04:00,1.2450000047683716,1.25,1.2400000095367432,1.2450000047683716,135093,0.0,0.0
2026-04-06 15:30:00-04:00,1.2400000095367432,1.2599999904632568,1.2400000095367432,1.25,290968,0.0,0.0
2026-04-06 15:35:00-04:00,1.2549999952316284,1.2599999904632568,1.2400000095367432,1.2549999952316284,526731,0.0,0.0
2026-04-06 15:40:00-04:00,1.2517000436782837,1.2599999904632568,1.25,1.2549999952316284,139064,0.0,0.0
2026-04-06 15:45:00-04:00,1.25,1.2599999904632568,1.25,1.25,340897,0.0,0.0
2026-04-06 15:50:00-04:00,1.25,1.2599999904632568,1.25,1.2549999952316284,372112,0.0,0.0
2026-04-06 15:55:00-04:00,1.2549999952316284,1.2599999904632568,1.25,1.2549999952316284,1028997,0.0,0.0
2026-04-07 09:30:00-04:00,1.25,1.2599999904632568,1.2300000190734863,1.2400000095367432,1851168,0.0,0.0
2026-04-07 09:35:00-04:00,1.249899983406067,1.249899983406067,1.2000000476837158,1.2300000190734863,1000720,0.0,0.0
2026-04-07 09:40:00-04:00,1.22160005569458,1.2400000095367432,1.2200000286102295,1.2283999919891357,859969,0.0,0.0
2026-04-07 09:45:00-04:00,1.229699969291687,1.2300000190734863,1.2100000381469727,1.2127000093460083,355438,0.0,0.0
2026-04-07 09:50:00-04:00,1.215000033378601,1.2200000286102295,1.2100000381469727,1.215000033378601,235054,0.0,0.0
2026-04-07 09:55:00-04:00,1.2100000381469727,1.2300000190734863,1.2100000381469727,1.2201000452041626,339027,0.0,0.0
2026-04-07 10:00:00-04:00,1.222000002861023,1.2300000190734863,1.2100000381469727,1.215000033378601,657284,0.0,0.0
2026-04-07 10:05:00-04:00,1.215000033378601,1.215000033378601,1.190000057220459,1.2000000476837158,846624,0.0,0.0
2026-04-07 10:10:00-04:00,1.1950000524520874,1.2000000476837158,1.184999942779541,1.1974999904632568,308791,0.0,0.0
2026-04-07 10:15:00-04:00,1.1950000524520874,1.2000000476837158,1.1699999570846558,1.1805000305175781,1386592,0.0,0.0
2026-04-07 10:20:00-04:00,1.1799999475479126,1.190000057220459,1.1799999475479126,1.1799999475479126,233444,0.0,0.0
2026-04-07 10:25:00-04:00,1.1894999742507935,1.190000057220459,1.1699999570846558,1.1815999746322632,568406,0.0,0.0
2026-04-07 10:30:00-04:00,1.184999942779541,1.1950000524520874,1.1799999475479126,1.1950000524520874,273739,0.0,0.0
2026-04-07 10:35:00-04:00,1.1950000524520874,1.2000000476837158,1.1799999475479126,1.1799999475479126,287632,0.0,0.0
2026-04-07 10:40:00-04:00,1.184999942779541,1.2000000476837158,1.184999942779541,1.1950000524520874,644607,0.0,0.0
2026-04-07 10:45:00-04:00,1.1950000524520874,1.2000000476837158,1.1900999546051025,1.2000000476837158,515288,0.0,0.0
2026-04-07 10:50:00-04:00,1.1950000524520874,1.2000000476837158,1.190000057220459,1.190000057220459,239800,0.0,0.0
2026-04-07 10:55:00-04:00,1.190000057220459,1.2000000476837158,1.1799999475479126,1.184999942779541,889634,0.0,0.0
2026-04-07 11:00:00-04:00,1.184999942779541,1.190000057220459,1.1799999475479126,1.184999942779541,298053,0.0,0.0
2026-04-07 11:05:00-04:00,1.184999942779541,1.2000000476837158,1.1828999519348145,1.198099970817566,515435,0.0,0.0
2026-04-07 11:10:00-04:00,1.2000000476837158,1.2100000381469727,1.190000057220459,1.2000000476837158,410511,0.0,0.0
2026-04-07 11:15:00-04:00,1.2050000429153442,1.2100000381469727,1.2000000476837158,1.208299994468689,237465,0.0,0.0
2026-04-07 11:20:00-04:00,1.2050000429153442,1.2100000381469727,1.2000000476837158,1.2100000381469727,194336,0.0,0.0
2026-04-07 11:25:00-04:00,1.2000000476837158,1.2100000381469727,1.2000000476837158,1.2000000476837158,227542,0.0,0.0
2026-04-07 11:30:00-04:00,1.2050000429153442,1.2100000381469727,1.190000057220459,1.2000999450683594,598613,0.0,0.0
2026-04-07 11:35:00-04:00,1.2000000476837158,1.2100000381469727,1.2000000476837158,1.2000000476837158,192764,0.0,0.0
2026-04-07 11:40:00-04:00,1.2050000429153442,1.2100000381469727,1.190000057220459,1.190000057220459,217411,0.0,0.0
2026-04-07 11:45:00-04:00,1.1950000524520874,1.2000000476837158,1.190000057220459,1.2000000476837158,206091,0.0,0.0
2026-04-07 11:50:00-04:00,1.1950000524520874,1.2000000476837158,1.190000057220459,1.2000000476837158,196990,0.0,0.0
2026-04-07 11:55:00-04:00,1.1934000253677368,1.2099000215530396,1.190000057220459,1.201200008392334,245507,0.0,0.0
2026-04-07 12:00:00-04:00,1.208400011062622,1.23989999294281,1.2000000476837158,1.225000023841858,630279,0.0,0.0
2026-04-07 12:05:00-04:00,1.2229000329971313,1.25,1.2200000286102295,1.2235000133514404,999459,0.0,0.0
2026-04-07 12:10:00-04:00,1.2200000286102295,1.2300000190734863,1.2200000286102295,1.2200000286102295,240288,0.0,0.0
2026-04-07 12:15:00-04:00,1.225000023841858,1.2300000190734863,1.2200000286102295,1.2280000448226929,165551,0.0,0.0
2026-04-07 12:20:00-04:00,1.2231999635696411,1.2300000190734863,1.2200000286102295,1.2200000286102295,253951,0.0,0.0
2026-04-07 12:25:00-04:00,1.2300000190734863,1.2400000095367432,1.2200000286102295,1.222499966621399,221453,0.0,0.0
2026-04-07 12:30:00-04:00,1.225000023841858,1.2300000190734863,1.2200000286102295,1.222000002861023,174985,0.0,0.0
2026-04-07 12:35:00-04:00,1.225000023841858,1.2300000190734863,1.2100000381469727,1.211899995803833,253927,0.0,0.0
2026-04-07 12:40:00-04:00,1.2129000425338745,1.2300000190734863,1.2100000381469727,1.225000023841858,421247,0.0,0.0
2026-04-07 12:45:00-04:00,1.2283999919891357,1.2300000190734863,1.2200000286102295,1.2200000286102295,154253,0.0,0.0
2026-04-07 12:50:00-04:00,1.2200000286102295,1.2300000190734863,1.2200000286102295,1.225000023841858,209449,0.0,0.0
2026-04-07 12:55:00-04:00,1.225000023841858,1.2300000190734863,1.2200000286102295,1.222599983215332,139711,0.0,0.0
2026-04-07 13:00:00-04:00,1.225000023841858,1.2300000190734863,1.2200000286102295,1.2201000452041626,167633,0.0,0.0
2026-04-07 13:05:00-04:00,1.2200000286102295,1.2300000190734863,1.2200000286102295,1.225000023841858,161816,0.0,0.0
2026-04-07 13:10:00-04:00,1.225000023841858,1.2295000553131104,1.2200000286102295,1.2200000286102295,162100,0.0,0.0
2026-04-07 13:15:00-04:00,1.2201000452041626,1.2300000190734863,1.2200000286102295,1.225000023841858,181576,0.0,0.0
2026-04-07 13:20:00-04:00,1.225000023841858,1.2300000190734863,1.2200000286102295,1.2200000286102295,271883,0.0,0.0
2026-04-07 13:25:00-04:00,1.2200000286102295,1.2300000190734863,1.2200000286102295,1.2299000024795532,227496,0.0,0.0
2026-04-07 13:30:00-04:00,1.2271000146865845,1.2300000190734863,1.2200000286102295,1.2201000452041626,213727,0.0,0.0
2026-04-07 13:35:00-04:00,1.2201000452041626,1.2400000095367432,1.2200000286102295,1.2384999990463257,766530,0.0,0.0
2026-04-07 13:40:00-04:00,1.2318999767303467,1.2400000095367432,1.2200000286102295,1.2280999422073364,256181,0.0,0.0
2026-04-07 13:45:00-04:00,1.225000023841858,1.2300000190734863,1.2200000286102295,1.225000023841858,135336,0.0,0.0
2026-04-07 13:50:00-04:00,1.225000023841858,1.2400000095367432,1.222499966621399,1.2300000190734863,196811,0.0,0.0
2026-04-07 13:55:00-04:00,1.2350000143051147,1.2599999904632568,1.2300000190734863,1.2380000352859497,900430,0.0,0.0
2026-04-07 14:00:00-04:00,1.2350000143051147,1.2400000095367432,1.2300000190734863,1.2350000143051147,318613,0.0,0.0
2026-04-07 14:05:00-04:00,1.2400000095367432,1.2400000095367432,1.2300000190734863,1.2400000095367432,112002,0.0,0.0
2026-04-07 14:10:00-04:00,1.2301000356674194,1.25,1.2300000190734863,1.25,194835,0.0,0.0
2026-04-07 14:15:00-04:00,1.2400000095367432,1.25,1.2400000095367432,1.2450000047683716,86350,0.0,0.0
2026-04-07 14:20:00-04:00,1.2450000047683716,1.25,1.2400000095367432,1.2418999671936035,143354,0.0,0.0
2026-04-07 14:25:00-04:00,1.2401000261306763,1.25,1.2300000190734863,1.2400000095367432,287876,0.0,0.0
2026-04-07 14:30:00-04:00,1.2450000047683716,1.2599999904632568,1.2400000095367432,1.2599999904632568,369468,0.0,0.0
2026-04-07 14:35:00-04:00,1.2549999952316284,1.2599999904632568,1.25,1.257699966430664,179723,0.0,0.0
2026-04-07 14:40:00-04:00,1.2549999952316284,1.2599999904632568,1.25,1.250100016593933,157409,0.0,0.0
2026-04-07 14:45:00-04:00,1.2549999952316284,1.2599999904632568,1.25,1.25,127989,0.0,0.0
2026-04-07 14:50:00-04:00,1.2549999952316284,1.2599999904632568,1.25,1.25,87155,0.0,0.0
2026-04-07 14:55:00-04:00,1.25,1.2599999904632568,1.25,1.2549999952316284,91740,0.0,0.0
2026-04-07 15:00:00-04:00,1.2599999904632568,1.2599999904632568,1.25,1.2598999738693237,124417,0.0,0.0
2026-04-07 15:05:00-04:00,1.25,1.2599999904632568,1.25,1.252500057220459,195152,0.0,0.0
2026-04-07 15:10:00-04:00,1.2599999904632568,1.2599999904632568,1.25,1.2549999952316284,104110,0.0,0.0
2026-04-07 15:15:00-04:00,1.2599999904632568,1.2699999809265137,1.250100016593933,1.2649999856948853,452936,0.0,0.0
2026-04-07 15:20:00-04:00,1.2649999856948853,1.2699999809265137,1.25,1.250100016593933,264118,0.0,0.0
2026-04-07 15:25:00-04:00,1.2549999952316284,1.2699999809265137,1.25,1.2621999979019165,291939,0.0,0.0
2026-04-07 15:30:00-04:00,1.2649999856948853,1.2699999809265137,1.2599999904632568,1.2699999809265137,145795,0.0,0.0
2026-04-07 15:35:00-04:00,1.2649999856948853,1.2699999809265137,1.2599999904632568,1.2649999856948853,233542,0.0,0.0
2026-04-07 15:40:00-04:00,1.2684999704360962,1.2799999713897705,1.26010000705719,1.274999976158142,607743,0.0,0.0
2026-04-07 15:45:00-04:00,1.274999976158142,1.2799999713897705,1.2599999904632568,1.2649999856948853,517602,0.0,0.0
2026-04-07 15:50:00-04:00,1.2649999856948853,1.2699999809265137,1.2599999904632568,1.2699999809265137,181618,0.0,0.0
2026-04-07 15:55:00-04:00,1.2699999809265137,1.2799999713897705,1.25,1.2798999547958374,1221507,0.0,0.0
2026-04-08 09:30:00-04:00,1.3200000524520874,1.350000023841858,1.309999942779541,1.315000057220459,7340082,0.0,0.0
2026-04-08 09:35:00-04:00,1.315000057220459,1.340000033378601,1.309999942779541,1.340000033378601,575398,0.0,0.0
2026-04-08 09:40:00-04:00,1.340000033378601,1.340000033378601,1.3200000524520874,1.3250000476837158,580391,0.0,0.0
2026-04-08 09:45:00-04:00,1.3250000476837158,1.339900016784668,1.309999942779541,1.3300000429153442,593278,0.0,0.0
2026-04-08 09:50:00-04:00,1.3350000381469727,1.340000033378601,1.3200000524520874,1.3285000324249268,489676,0.0,0.0
2026-04-08 09:55:00-04:00,1.3300000429153442,1.350000023841858,1.3200000524520874,1.3322999477386475,1264782,0.0,0.0
2026-04-08 10:00:00-04:00,1.3316999673843384,1.3700000047683716,1.3200000524520874,1.3650000095367432,1073919,0.0,0.0
2026-04-08 10:05:00-04:00,1.3601000308990479,1.3700000047683716,1.350000023841858,1.3700000047683716,1071508,0.0,0.0
2026-04-08 10:10:00-04:00,1.3634999990463257,1.3799999952316284,1.3600000143051147,1.3700000047683716,1029399,0.0,0.0
2026-04-08 10:15:00-04:00,1.3609999418258667,1.3949999809265137,1.3600000143051147,1.3849999904632568,793415,0.0,0.0
2026-04-08 10:20:00-04:00,1.3849999904632568,1.3899999856948853,1.3700000047683716,1.371399998664856,690930,0.0,0.0
2026-04-08 10:25:00-04:00,1.3799999952316284,1.3799999952316284,1.350000023841858,1.3550000190734863,350042,0.0,0.0
2026-04-08 10:30:00-04:00,1.3550000190734863,1.3600000143051147,1.350000023841858,1.3598999977111816,452089,0.0,0.0
2026-04-08 10:35:00-04:00,1.353600025177002,1.3600000143051147,1.340000033378601,1.3450000286102295,560947,0.0,0.0
2026-04-08 10:40:00-04:00,1.3450000286102295,1.3700000047683716,1.340000033378601,1.3650000095367432,559005,0.0,0.0
2026-04-08 10:45:00-04:00,1.3698999881744385,1.3700000047683716,1.350000023841858,1.3550000190734863,637367,0.0,0.0
2026-04-08 10:50:00-04:00,1.3550000190734863,1.3600000143051147,1.350000023841858,1.3550000190734863,210879,0.0,0.0
2026-04-08 10:55:00-04:00,1.3550000190734863,1.3700000047683716,1.340000033378601,1.3667999505996704,513081,0.0,0.0
2026-04-08 11:00:00-04:00,1.3650000095367432,1.3700000047683716,1.350000023841858,1.3550000190734863,226664,0.0,0.0
2026-04-08 11:05:00-04:00,1.3588999509811401,1.3600000143051147,1.350000023841858,1.350000023841858,195037,0.0,0.0
2026-04-08 11:10:00-04:00,1.351199984550476,1.351199984550476,1.340000033378601,1.3401000499725342,359958,0.0,0.0
2026-04-08 11:15:00-04:00,1.344099998474121,1.3600000143051147,1.3437999486923218,1.3550000190734863,314830,0.0,0.0
2026-04-08 11:20:00-04:00,1.3550000190734863,1.3600000143051147,1.350000023841858,1.3600000143051147,434217,0.0,0.0
2026-04-08 11:25:00-04:00,1.350000023841858,1.3600000143051147,1.340000033378601,1.3450000286102295,486550,0.0,0.0
2026-04-08 11:30:00-04:00,1.3450000286102295,1.350000023841858,1.3200000524520874,1.3223999738693237,748726,0.0,0.0
2026-04-08 11:35:00-04:00,1.3250000476837158,1.3300000429153442,1.3200000524520874,1.3250000476837158,164299,0.0,0.0
2026-04-08 11:40:00-04:00,1.3223999738693237,1.3300000429153442,1.309999942779541,1.315000057220459,361585,0.0,0.0
2026-04-08 11:45:00-04:00,1.315000057220459,1.3200000524520874,1.309999942779541,1.315000057220459,164957,0.0,0.0
2026-04-08 11:50:00-04:00,1.315000057220459,1.3200000524520874,1.2999999523162842,1.3049999475479126,908142,0.0,0.0
2026-04-08 11:55:00-04:00,1.3083000183105469,1.309999942779541,1.2999999523162842,1.3049999475479126,167055,0.0,0.0
2026-04-08 12:00:00-04:00,1.3000999689102173,1.309999942779541,1.2999999523162842,1.309499979019165,180286,0.0,0.0
2026-04-08 12:05:00-04:00,1.3049999475479126,1.309999942779541,1.2999999523162842,1.3049999475479126,141945,0.0,0.0
2026-04-08 12:10:00-04:00,1.3080999851226807,1.309999942779541,1.2999999523162842,1.3049999475479126,134037,0.0,0.0
2026-04-08 12:15:00-04:00,1.3049999475479126,1.309999942779541,1.2999999523162842,1.3049999475479126,197514,0.0,0.0
2026-04-08 12:20:00-04:00,1.3049999475479126,1.309999942779541,1.2899999618530273,1.2922999858856201,332452,0.0,0.0
2026-04-08 12:25:00-04:00,1.2978999614715576,1.309999942779541,1.2899999618530273,1.301200032234192,342566,0.0,0.0
2026-04-08 12:30:00-04:00,1.3049999475479126,1.309999942779541,1.2999999523162842,1.3049999475479126,224379,0.0,0.0
2026-04-08 12:35:00-04:00,1.3049999475479126,1.309999942779541,1.2999999523162842,1.3000999689102173,154459,0.0,0.0
2026-04-08 12:40:00-04:00,1.3049999475479126,1.309999942779541,1.2899999618530273,1.2899999618530273,403566,0.0,0.0
2026-04-08 12:45:00-04:00,1.2999999523162842,1.2999999523162842,1.2899999618530273,1.2949999570846558,218109,0.0,0.0
2026-04-08 12:50:00-04:00,1.2994999885559082,1.2999999523162842,1.2899999618530273,1.2949999570846558,123370,0.0,0.0
2026-04-08 12:55:00-04:00,1.2999999523162842,1.3200000524520874,1.2949999570846558,1.309999942779541,825556,0.0,0.0
2026-04-08 13:00:00-04:00,1.312000036239624,1.3200000524520874,1.2999999523162842,1.3049999475479126,309634,0.0,0.0
2026-04-08 13:05:00-04:00,1.3049999475479126,1.309999942779541,1.2999999523162842,1.3041000366210938,133741,0.0,0.0
2026-04-08 13:10:00-04:00,1.3049999475479126,1.309999942779541,1.2999999523162842,1.3049999475479126,133819,0.0,0.0
2026-04-08 13:15:00-04:00,1.3049999475479126,1.309999942779541,1.2999999523162842,1.3076000213623047,438089,0.0,0.0
2026-04-08 13:20:00-04:00,1.3000999689102173,1.309999942779541,1.2899999618530273,1.3049999475479126,327296,0.0,0.0
2026-04-08 13:25:00-04:00,1.2999999523162842,1.309999942779541,1.2999999523162842,1.309999942779541,316606,0.0,0.0
2026-04-08 13:30:00-04:00,1.3049999475479126,1.3200000524520874,1.2999999523162842,1.309999942779541,236743,0.0,0.0
2026-04-08 13:35:00-04:00,1.315000057220459,1.3200000524520874,1.309999942779541,1.3200000524520874,128082,0.0,0.0
2026-04-08 13:40:00-04:00,1.315000057220459,1.3200000524520874,1.309999942779541,1.315000057220459,103374,0.0,0.0
2026-04-08 13:45:00-04:00,1.315000057220459,1.3200000524520874,1.309999942779541,1.315000057220459,81530,0.0,0.0
2026-04-08 13:50:00-04:00,1.315000057220459,1.3200000524520874,1.309999942779541,1.3200000524520874,107299,0.0,0.0
2026-04-08 13:55:00-04:00,1.3200000524520874,1.3200000524520874,1.309999942779541,1.3200000524520874,191383,0.0,0.0
2026-04-08 14:00:00-04:00,1.3200000524520874,1.3200000524520874,1.309999942779541,1.3200000524520874,95972,0.0,0.0
2026-04-08 14:05:00-04:00,1.3183000087738037,1.3300000429153442,1.309999942779541,1.3250000476837158,286589,0.0,0.0
2026-04-08 14:10:00-04:00,1.3250000476837158,1.3300000429153442,1.3200000524520874,1.3250000476837158,93846,0.0,0.0
2026-04-08 14:15:00-04:00,1.3250000476837158,1.3300000429153442,1.3100999593734741,1.3200000524520874,663569,0.0,0.0
2026-04-08 14:20:00-04:00,1.3181999921798706,1.3200000524520874,1.309999942779541,1.3200000524520874,179311,0.0,0.0
2026-04-08 14:25:00-04:00,1.319700002670288,1.3300000429153442,1.309999942779541,1.3250000476837158,133625,0.0,0.0
2026-04-08 14:30:00-04:00,1.3200000524520874,1.3300000429153442,1.3200000524520874,1.3250000476837158,71377,0.0,0.0
2026-04-08 14:35:00-04:00,1.3300000429153442,1.3300000429153442,1.320099949836731,1.3255000114440918,79820,0.0,0.0
2026-04-08 14:40:00-04:00,1.3300000429153442,1.3300000429153442,1.3200000524520874,1.3250000476837158,133423,0.0,0.0
2026-04-08 14:45:00-04:00,1.3250000476837158,1.3300000429153442,1.3200000524520874,1.3250000476837158,118274,0.0,0.0
2026-04-08 14:50:00-04:00,1.3250000476837158,1.340000033378601,1.3200000524520874,1.3314000368118286,366559,0.0,0.0
2026-04-08 14:55:00-04:00,1.3301000595092773,1.340000033378601,1.3300000429153442,1.340000033378601,247598,0.0,0.0
2026-04-08 15:00:00-04:00,1.340000033378601,1.340000033378601,1.3300000429153442,1.3301000595092773,85146,0.0,0.0
2026-04-08 15:05:00-04:00,1.340000033378601,1.340000033378601,1.3300000429153442,1.3350000381469727,117067,0.0,0.0
2026-04-08 15:10:00-04:00,1.3350000381469727,1.350000023841858,1.3300000429153442,1.3301000595092773,537886,0.0,0.0
2026-04-08 15:15:00-04:00,1.3350000381469727,1.340000033378601,1.3300000429153442,1.3300000429153442,152904,0.0,0.0
2026-04-08 15:20:00-04:00,1.3350000381469727,1.340000033378601,1.3300000429153442,1.340000033378601,164920,0.0,0.0
2026-04-08 15:25:00-04:00,1.340000033378601,1.340000033378601,1.3200000524520874,1.326799988746643,279674,0.0,0.0
2026-04-08 15:30:00-04:00,1.3250000476837158,1.340000033378601,1.3200000524520874,1.3350000381469727,281805,0.0,0.0
2026-04-08 15:35:00-04:00,1.3350000381469727,1.3450000286102295,1.3300000429153442,1.330299973487854,540000,0.0,0.0
2026-04-08 15:40:00-04:00,1.340000033378601,1.340000033378601,1.3200000524520874,1.3250000476837158,363425,0.0,0.0
2026-04-08 15:45:00-04:00,1.3300000429153442,1.340000033378601,1.3200000524520874,1.3319000005722046,527372,0.0,0.0
2026-04-08 15:50:00-04:00,1.3350000381469727,1.340000033378601,1.3300000429153442,1.3350000381469727,184563,0.0,0.0
2026-04-08 15:55:00-04:00,1.3350000381469727,1.350000023841858,1.3300000429153442,1.350000023841858,986431,0.0,0.0
2026-04-09 09:30:00-04:00,1.3300000429153442,1.3476999998092651,1.3200000524520874,1.3350000381469727,920146,0.0,0.0
2026-04-09 09:35:00-04:00,1.3350000381469727,1.340000033378601,1.3200000524520874,1.3250000476837158,280817,0.0,0.0
2026-04-09 09:40:00-04:00,1.3250000476837158,1.3398000001907349,1.3200000524520874,1.3250000476837158,247850,0.0,0.0
2026-04-09 09:45:00-04:00,1.3209999799728394,1.3300000429153442,1.3049999475479126,1.311400055885315,599305,0.0,0.0
2026-04-09 09:50:00-04:00,1.309999942779541,1.3167999982833862,1.2999999523162842,1.309999942779541,468534,0.0,0.0
2026-04-09 09:55:00-04:00,1.309999942779541,1.3300000429153442,1.2999999523162842,1.329800009727478,587690,0.0,0.0
2026-04-09 10:00:00-04:00,1.3200000524520874,1.3299000263214111,1.309999942779541,1.3233000040054321,250410,0.0,0.0
2026-04-09 10:05:00-04:00,1.3300000429153442,1.340000033378601,1.3200000524520874,1.3350000381469727,311088,0.0,0.0
2026-04-09 10:10:00-04:00,1.3350000381469727,1.3600000143051147,1.3320000171661377,1.3580000400543213,429595,0.0,0.0
2026-04-09 10:15:00-04:00,1.3600000143051147,1.399999976158142,1.350000023841858,1.3899999856948853,1391333,0.0,0.0
2026-04-09 10:20:00-04:00,1.3949999809265137,1.399999976158142,1.3600000143051147,1.375,1348886,0.0,0.0
2026-04-09 10:25:00-04:00,1.375,1.3799999952316284,1.350000023841858,1.3521000146865845,757550,0.0,0.0
2026-04-09 10:30:00-04:00,1.3519999980926514,1.3650000095367432,1.3200000524520874,1.3250000476837158,1336038,0.0,0.0
2026-04-09 10:35:00-04:00,1.3300000429153442,1.3300000429153442,1.309999942779541,1.3200000524520874,329459,0.0,0.0
2026-04-09 10:40:00-04:00,1.3152999877929688,1.3200000524520874,1.309999942779541,1.309999942779541,251063,0.0,0.0
2026-04-09 10:45:00-04:00,1.3100999593734741,1.3200000524520874,1.2899999618530273,1.2999999523162842,1140110,0.0,0.0
2026-04-09 10:50:00-04:00,1.2976000308990479,1.309999942779541,1.2899999618530273,1.3076000213623047,307749,0.0,0.0
2026-04-09 10:55:00-04:00,1.3049999475479126,1.315000057220459,1.2999999523162842,1.315000057220459,484933,0.0,0.0
2026-04-09 11:00:00-04:00,1.3128999471664429,1.3199000358581543,1.2899999618530273,1.2999999523162842,443803,0.0,0.0
2026-04-09 11:05:00-04:00,1.298699975013733,1.2999999523162842,1.2899999618530273,1.2949999570846558,207875,0.0,0.0
2026-04-09 11:10:00-04:00,1.2949999570846558,1.2999999523162842,1.2899999618530273,1.2999999523162842,149763,0.0,0.0
2026-04-09 11:15:00-04:00,1.2999999523162842,1.309999942779541,1.2899999618530273,1.3049999475479126,385316,0.0,0.0
2026-04-09 11:20:00-04:00,1.3049999475479126,1.309999942779541,1.2999999523162842,1.3013999462127686,142978,0.0,0.0
2026-04-09 11:25:00-04:00,1.3003000020980835,1.309999942779541,1.2999999523162842,1.3049999475479126,282195,0.0,0.0
2026-04-09 11:30:00-04:00,1.2999999523162842,1.309999942779541,1.2999999523162842,1.3049999475479126,221174,0.0,0.0
2026-04-09 11:35:00-04:00,1.3049999475479126,1.309999942779541,1.2999999523162842,1.3049999475479126,264409,0.0,0.0
2026-04-09 11:40:00-04:00,1.2999999523162842,1.309999942779541,1.2899999618530273,1.2899999618530273,256972,0.0,0.0
2026-04-09 11:45:00-04:00,1.2949999570846558,1.309999942779541,1.2899999618530273,1.309999942779541,509795,0.0,0.0
2026-04-09 11:50:00-04:00,1.3013999462127686,1.309999942779541,1.2899999618530273,1.2999999523162842,306695,0.0,0.0
2026-04-09 11:55:00-04:00,1.2999999523162842,1.3099000453948975,1.2899999618530273,1.2999999523162842,714183,0.0,0.0
2026-04-09 12:00:00-04:00,1.2976000308990479,1.309999942779541,1.2905000448226929,1.309999942779541,268444,0.0,0.0
2026-04-09 12:05:00-04:00,1.309999942779541,1.3200000524520874,1.309999942779541,1.309999942779541,232893,0.0,0.0
2026-04-09 12:10:00-04:00,1.309999942779541,1.3200000524520874,1.309999942779541,1.31659996509552,112624,0.0,0.0
2026-04-09 12:15:00-04:00,1.315000057220459,1.3250000476837158,1.309999942779541,1.3200000524520874,399417,0.0,0.0
2026-04-09 12:20:00-04:00,1.315000057220459,1.3300000429153442,1.315000057220459,1.3200000524520874,439165,0.0,0.0
2026-04-09 12:25:00-04:00,1.3200000524520874,1.3300000429153442,1.3200000524520874,1.3250000476837158,165936,0.0,0.0
2026-04-09 12:30:00-04:00,1.3250000476837158,1.3300000429153442,1.3200000524520874,1.3250000476837158,170434,0.0,0.0
2026-04-09 12:35:00-04:00,1.3250000476837158,1.3300000429153442,1.3100999593734741,1.315000057220459,233224,0.0,0.0
2026-04-09 12:40:00-04:00,1.315000057220459,1.3200000524520874,1.309999942779541,1.315000057220459,122009,0.0,0.0
2026-04-09 12:45:00-04:00,1.315000057220459,1.3200000524520874,1.309999942779541,1.3200000524520874,163469,0.0,0.0
2026-04-09 12:50:00-04:00,1.3200000524520874,1.3200000524520874,1.309999942779541,1.315000057220459,123775,0.0,0.0
2026-04-09 12:55:00-04:00,1.309999942779541,1.3200000524520874,1.309999942779541,1.315000057220459,97466,0.0,0.0
2026-04-09 13:00:00-04:00,1.315000057220459,1.3200000524520874,1.309999942779541,1.315000057220459,153862,0.0,0.0
2026-04-09 13:05:00-04:00,1.315000057220459,1.3200000524520874,1.309999942779541,1.3172999620437622,126556,0.0,0.0
2026-04-09 13:10:00-04:00,1.3200000524520874,1.3200000524520874,1.309999942779541,1.315000057220459,98328,0.0,0.0
2026-04-09 13:15:00-04:00,1.3200000524520874,1.3200000524520874,1.309999942779541,1.315000057220459,151488,0.0,0.0
2026-04-09 13:20:00-04:00,1.315000057220459,1.3300000429153442,1.309999942779541,1.3250000476837158,361929,0.0,0.0
2026-04-09 13:25:00-04:00,1.3250000476837158,1.3300000429153442,1.3200000524520874,1.3250000476837158,142018,0.0,0.0
2026-04-09 13:30:00-04:00,1.3250000476837158,1.350000023841858,1.3200000524520874,1.3350000381469727,826545,0.0,0.0
2026-04-09 13:35:00-04:00,1.3350000381469727,1.350000023841858,1.3300000429153442,1.3450000286102295,266935,0.0,0.0
2026-04-09 13:40:00-04:00,1.3401000499725342,1.350000023841858,1.340000033378601,1.3499000072479248,348405,0.0,0.0
2026-04-09 13:45:00-04:00,1.350000023841858,1.350000023841858,1.340000033378601,1.3450000286102295,220489,0.0,0.0
2026-04-09 13:50:00-04:00,1.3489999771118164,1.350000023841858,1.3300000429153442,1.3350000381469727,340026,0.0,0.0
2026-04-09 13:55:00-04:00,1.3375999927520752,1.340000033378601,1.3300000429153442,1.3380999565124512,332992,0.0,0.0
2026-04-09 14:00:00-04:00,1.340000033378601,1.340000033378601,1.3200000524520874,1.3250000476837158,316075,0.0,0.0
2026-04-09 14:05:00-04:00,1.3300000429153442,1.340000033378601,1.3235000371932983,1.3300000429153442,216430,0.0,0.0
2026-04-09 14:10:00-04:00,1.3350000381469727,1.340000033378601,1.3300000429153442,1.3301000595092773,96198,0.0,0.0
2026-04-09 14:15:00-04:00,1.3350000381469727,1.3350000381469727,1.3200000524520874,1.3250000476837158,168217,0.0,0.0
2026-04-09 14:20:00-04:00,1.3250000476837158,1.3300000429153442,1.3200000524520874,1.3250000476837158,125163,0.0,0.0
2026-04-09 14:25:00-04:00,1.3250000476837158,1.3300000429153442,1.3200000524520874,1.3200000524520874,89808,0.0,0.0
2026-04-09 14:30:00-04:00,1.3250000476837158,1.3300000429153442,1.3200000524520874,1.3250000476837158,83622,0.0,0.0
2026-04-09 14:35:00-04:00,1.3250000476837158,1.3300000429153442,1.3200000524520874,1.3250000476837158,72553,0.0,0.0
2026-04-09 14:40:00-04:00,1.3250000476837158,1.3300000429153442,1.3200000524520874,1.3250000476837158,73791,0.0,0.0
2026-04-09 14:45:00-04:00,1.3250000476837158,1.3300000429153442,1.3200000524520874,1.3200000524520874,65148,0.0,0.0
2026-04-09 14:50:00-04:00,1.3250000476837158,1.3300000429153442,1.3200000524520874,1.3250999450683594,164450,0.0,0.0
2026-04-09 14:55:00-04:00,1.3250000476837158,1.3294999599456787,1.309999942779541,1.3200000524520874,189009,0.0,0.0
2026-04-09 15:00:00-04:00,1.3200000524520874,1.3200000524520874,1.309999942779541,1.3100999593734741,282127,0.0,0.0
2026-04-09 15:05:00-04:00,1.315000057220459,1.3200000524520874,1.309999942779541,1.315000057220459,107994,0.0,0.0
2026-04-09 15:10:00-04:00,1.315000057220459,1.3300000429153442,1.313099980354309,1.3250000476837158,239423,0.0,0.0
2026-04-09 15:15:00-04:00,1.3250000476837158,1.3300000429153442,1.3200000524520874,1.3250000476837158,139961,0.0,0.0
2026-04-09 15:20:00-04:00,1.322100043296814,1.3300000429153442,1.3200000524520874,1.3234000205993652,97560,0.0,0.0
2026-04-09 15:25:00-04:00,1.3250000476837158,1.3300000429153442,1.3200000524520874,1.3250000476837158,87335,0.0,0.0
2026-04-09 15:30:00-04:00,1.320099949836731,1.3300000429153442,1.3200000524520874,1.3250000476837158,75119,0.0,0.0
2026-04-09 15:35:00-04:00,1.3250000476837158,1.3300000429153442,1.3200000524520874,1.3250000476837158,121894,0.0,0.0
2026-04-09 15:40:00-04:00,1.3250000476837158,1.3300000429153442,1.3200000524520874,1.3250000476837158,205322,0.0,0.0
2026-04-09 15:45:00-04:00,1.3250000476837158,1.3300000429153442,1.3200000524520874,1.3300000429153442,192874,0.0,0.0
2026-04-09 15:50:00-04:00,1.3250000476837158,1.340000033378601,1.3200000524520874,1.3350000381469727,329882,0.0,0.0
2026-04-09 15:55:00-04:00,1.3350000381469727,1.350000023841858,1.3300000429153442,1.340000033378601,696791,0.0,0.0
2026-04-10 09:30:00-04:00,1.350000023841858,1.4500000476837158,1.3411999940872192,1.4450000524520874,7020604,0.0,0.0
2026-04-10 09:35:00-04:00,1.4466999769210815,1.4500000476837158,1.409999966621399,1.4199999570846558,1358928,0.0,0.0
2026-04-10 09:40:00-04:00,1.410099983215332,1.4299999475479126,1.3899999856948853,1.3969999551773071,777982,0.0,0.0
2026-04-10 09:45:00-04:00,1.3949999809265137,1.399999976158142,1.3799999952316284,1.399899959564209,402823,0.0,0.0
2026-04-10 09:50:00-04:00,1.3949999809265137,1.399999976158142,1.3700000047683716,1.3898999691009521,569127,0.0,0.0
2026-04-10 09:55:00-04:00,1.3818999528884888,1.3899999856948853,1.3701000213623047,1.3899999856948853,449927,0.0,0.0
2026-04-10 10:00:00-04:00,1.389799952507019,1.3899999856948853,1.3700000047683716,1.3849999904632568,638166,0.0,0.0
2026-04-10 10:05:00-04:00,1.3880000114440918,1.399999976158142,1.3799999952316284,1.392699956893921,483344,0.0,0.0
2026-04-10 10:10:00-04:00,1.3971999883651733,1.409999966621399,1.3899999856948853,1.3976999521255493,728064,0.0,0.0
2026-04-10 10:15:00-04:00,1.3931000232696533,1.399999976158142,1.3799999952316284,1.3799999952316284,876267,0.0,0.0
2026-04-10 10:20:00-04:00,1.3849999904632568,1.3849999904632568,1.3600000143051147,1.3700000047683716,701190,0.0,0.0
2026-04-10 10:25:00-04:00,1.363700032234192,1.3700000047683716,1.3600000143051147,1.3650000095367432,192939,0.0,0.0
2026-04-10 10:30:00-04:00,1.3650000095367432,1.3700000047683716,1.3600000143051147,1.3650000095367432,135119,0.0,0.0
2026-04-10 10:35:00-04:00,1.3650000095367432,1.3700000047683716,1.3600000143051147,1.3650000095367432,186396,0.0,0.0
2026-04-10 10:40:00-04:00,1.3601000308990479,1.3700000047683716,1.340000033378601,1.3499000072479248,438525,0.0,0.0
2026-04-10 10:45:00-04:00,1.350000023841858,1.350000023841858,1.340000033378601,1.3443000316619873,311590,0.0,0.0
2026-04-10 10:50:00-04:00,1.350000023841858,1.350000023841858,1.340000033378601,1.3450000286102295,213659,0.0,0.0
2026-04-10 10:55:00-04:00,1.3450000286102295,1.350000023841858,1.3300000429153442,1.3350000381469727,485406,0.0,0.0
2026-04-10 11:00:00-04:00,1.3350000381469727,1.340000033378601,1.3300000429153442,1.339900016784668,325613,0.0,0.0
2026-04-10 11:05:00-04:00,1.3387000560760498,1.340000033378601,1.3300000429153442,1.3350000381469727,175093,0.0,0.0
2026-04-10 11:10:00-04:00,1.340000033378601,1.340000033378601,1.3300000429153442,1.3300000429153442,381138,0.0,0.0
2026-04-10 11:15:00-04:00,1.3350000381469727,1.340000033378601,1.3300000429153442,1.3300000429153442,275917,0.0,0.0
2026-04-10 11:20:00-04:00,1.3300000429153442,1.340000033378601,1.3300000429153442,1.339900016784668,301142,0.0,0.0
2026-04-10 11:25:00-04:00,1.3372999429702759,1.340000033378601,1.3300000429153442,1.340000033378601,326589,0.0,0.0
2026-04-10 11:30:00-04:00,1.339900016784668,1.350000023841858,1.3300000429153442,1.3345999717712402,824314,0.0,0.0
2026-04-10 11:35:00-04:00,1.3378000259399414,1.340000033378601,1.3300000429153442,1.3301000595092773,467465,0.0,0.0
2026-04-10 11:40:00-04:00,1.3300000429153442,1.340000033378601,1.3300000429153442,1.3350000381469727,192948,0.0,0.0
2026-04-10 11:45:00-04:00,1.3350000381469727,1.340000033378601,1.3300000429153442,1.3301000595092773,147013,0.0,0.0
2026-04-10 11:50:00-04:00,1.3350000381469727,1.340000033378601,1.3300000429153442,1.3300000429153442,228857,0.0,0.0
2026-04-10 11:55:00-04:00,1.3350000381469727,1.340000033378601,1.3300000429153442,1.3300000429153442,614326,0.0,0.0
2026-04-10 12:00:00-04:00,1.3300000429153442,1.336899995803833,1.3200000524520874,1.3250000476837158,534692,0.0,0.0
2026-04-10 12:05:00-04:00,1.3250000476837158,1.3300000429153442,1.3200000524520874,1.3250000476837158,134094,0.0,0.0
2026-04-10 12:10:00-04:00,1.3255000114440918,1.3300000429153442,1.3200000524520874,1.3250000476837158,183133,0.0,0.0
2026-04-10 12:15:00-04:00,1.3250000476837158,1.340000033378601,1.320099949836731,1.3350000381469727,207011,0.0,0.0
2026-04-10 12:20:00-04:00,1.3350000381469727,1.340000033378601,1.3309999704360962,1.3350000381469727,108336,0.0,0.0
2026-04-10 12:25:00-04:00,1.3371000289916992,1.340000033378601,1.3300000429153442,1.3350000381469727,119603,0.0,0.0
2026-04-10 12:30:00-04:00,1.3350000381469727,1.3394999504089355,1.3300000429153442,1.3300000429153442,131026,0.0,0.0
2026-04-10 12:35:00-04:00,1.3301000595092773,1.340000033378601,1.3200000524520874,1.3250000476837158,318013,0.0,0.0
2026-04-10 12:40:00-04:00,1.3250000476837158,1.3300000429153442,1.3200000524520874,1.3200000524520874,125573,0.0,0.0
2026-04-10 12:45:00-04:00,1.3250000476837158,1.339900016784668,1.3200000524520874,1.3317999839782715,264679,0.0,0.0
2026-04-10 12:50:00-04:00,1.3325999975204468,1.340000033378601,1.3200000524520874,1.3280999660491943,306714,0.0,0.0
2026-04-10 12:55:00-04:00,1.3299000263214111,1.3300000429153442,1.3200000524520874,1.3284000158309937,242545,0.0,0.0
2026-04-10 13:00:00-04:00,1.3200000524520874,1.340000033378601,1.3200000524520874,1.3301000595092773,331746,0.0,0.0
2026-04-10 13:05:00-04:00,1.337499976158142,1.340000033378601,1.3300000429153442,1.333299994468689,59739,0.0,0.0
2026-04-10 13:10:00-04:00,1.3350000381469727,1.340000033378601,1.3300000429153442,1.3350000381469727,87530,0.0,0.0
2026-04-10 13:15:00-04:00,1.3350000381469727,1.340000033378601,1.3300000429153442,1.3350000381469727,69686,0.0,0.0
2026-04-10 13:20:00-04:00,1.3350000381469727,1.340000033378601,1.3300000429153442,1.340000033378601,51428,0.0,0.0
2026-04-10 13:25:00-04:00,1.3350000381469727,1.350000023841858,1.3300000429153442,1.3450000286102295,302325,0.0,0.0
2026-04-10 13:30:00-04:00,1.3450000286102295,1.350000023841858,1.340000033378601,1.3450000286102295,207046,0.0,0.0
2026-04-10 13:35:00-04:00,1.3450000286102295,1.3600000143051147,1.340000033378601,1.3550000190734863,241796,0.0,0.0
2026-04-10 13:40:00-04:00,1.3550000190734863,1.3600000143051147,1.350000023841858,1.3559999465942383,125899,0.0,0.0
2026-04-10 13:45:00-04:00,1.357300043106079,1.3600000143051147,1.350000023841858,1.3550000190734863,177092,0.0,0.0
2026-04-10 13:50:00-04:00,1.357699990272522,1.3600000143051147,1.350000023841858,1.3550000190734863,65404,0.0,0.0
2026-04-10 13:55:00-04:00,1.357100009918213,1.3600000143051147,1.350100040435791,1.3550000190734863,61220,0.0,0.0
2026-04-10 14:00:00-04:00,1.3550000190734863,1.3700000047683716,1.350000023841858,1.3700000047683716,239427,0.0,0.0
2026-04-10 14:05:00-04:00,1.3634999990463257,1.3700000047683716,1.3600000143051147,1.367400050163269,137436,0.0,0.0
2026-04-10 14:10:00-04:00,1.3650000095367432,1.3700000047683716,1.3600000143051147,1.365399956703186,111456,0.0,0.0
2026-04-10 14:15:00-04:00,1.3600000143051147,1.3799999952316284,1.3600000143051147,1.3729000091552734,367048,0.0,0.0
2026-04-10 14:20:00-04:00,1.375,1.3799999952316284,1.3700000047683716,1.3798999786376953,565082,0.0,0.0
2026-04-10 14:25:00-04:00,1.3799999952316284,1.3799999952316284,1.3700000047683716,1.375,113926,0.0,0.0
2026-04-10 14:30:00-04:00,1.375,1.3799999952316284,1.3700000047683716,1.3799999952316284,55445,0.0,0.0
2026-04-10 14:35:00-04:00,1.375,1.3799999952316284,1.3700000047683716,1.375,51940,0.0,0.0
2026-04-10 14:40:00-04:00,1.3701000213623047,1.3799999952316284,1.3700000047683716,1.375,164304,0.0,0.0
2026-04-10 14:45:00-04:00,1.375,1.3799999952316284,1.3700000047683716,1.375,162949,0.0,0.0
2026-04-10 14:50:00-04:00,1.3700000047683716,1.3799999952316284,1.3700000047683716,1.375,95906,0.0,0.0
2026-04-10 14:55:00-04:00,1.375,1.3799999952316284,1.3700000047683716,1.3717000484466553,141870,0.0,0.0
2026-04-10 15:00:00-04:00,1.3700000047683716,1.3799999952316284,1.3700000047683716,1.3724000453948975,154896,0.0,0.0
2026-04-10 15:05:00-04:00,1.375,1.3799999952316284,1.3700000047683716,1.375,82065,0.0,0.0
2026-04-10 15:10:00-04:00,1.375,1.3899999856948853,1.3700000047683716,1.3899999856948853,363147,0.0,0.0
2026-04-10 15:15:00-04:00,1.3899999856948853,1.3899999856948853,1.3799999952316284,1.3899999856948853,225562,0.0,0.0
2026-04-10 15:20:00-04:00,1.3899999856948853,1.3899999856948853,1.3799999952316284,1.3849999904632568,257397,0.0,0.0
2026-04-10 15:25:00-04:00,1.3849999904632568,1.3899999856948853,1.3799999952316284,1.3849999904632568,109266,0.0,0.0
2026-04-10 15:30:00-04:00,1.3849999904632568,1.3899999856948853,1.3799999952316284,1.3849999904632568,187179,0.0,0.0
2026-04-10 15:35:00-04:00,1.3899999856948853,1.3899999856948853,1.3600000143051147,1.3650000095367432,381506,0.0,0.0
2026-04-10 15:40:00-04:00,1.3650000095367432,1.3700000047683716,1.3600000143051147,1.3650000095367432,138604,0.0,0.0
2026-04-10 15:45:00-04:00,1.3650000095367432,1.3700000047683716,1.350000023841858,1.3559000492095947,387183,0.0,0.0
2026-04-10 15:50:00-04:00,1.3550000190734863,1.3600000143051147,1.350000023841858,1.3550000190734863,184969,0.0,0.0
2026-04-10 15:55:00-04:00,1.3550000190734863,1.3600000143051147,1.350000023841858,1.3550000190734863,556421,0.0,0.0
2026-04-13 09:30:00-04:00,1.340000033378601,1.3600000143051147,1.2999999523162842,1.315000057220459,1658209,0.0,0.0
2026-04-13 09:35:00-04:00,1.3125,1.3269000053405762,1.309999942779541,1.31850004196167,522984,0.0,0.0
2026-04-13 09:40:00-04:00,1.315000057220459,1.340000033378601,1.3100999593734741,1.3250000476837158,423894,0.0,0.0
2026-04-13 09:45:00-04:00,1.3250000476837158,1.350000023841858,1.3200000524520874,1.3386000394821167,443110,0.0,0.0
2026-04-13 09:50:00-04:00,1.340000033378601,1.340000033378601,1.3300000429153442,1.339900016784668,252521,0.0,0.0
2026-04-13 09:55:00-04:00,1.340000033378601,1.350000023841858,1.3301000595092773,1.3450000286102295,233976,0.0,0.0
2026-04-13 10:00:00-04:00,1.350000023841858,1.3600000143051147,1.340000033378601,1.340000033378601,382515,0.0,0.0
2026-04-13 10:05:00-04:00,1.3499000072479248,1.350000023841858,1.3350000381469727,1.340000033378601,303719,0.0,0.0
2026-04-13 10:10:00-04:00,1.348099946975708,1.350000023841858,1.3300000429153442,1.3350000381469727,395775,0.0,0.0
2026-04-13 10:15:00-04:00,1.3300000429153442,1.3300000429153442,1.3200000524520874,1.3286999464035034,312158,0.0,0.0
2026-04-13 10:20:00-04:00,1.3250000476837158,1.340000033378601,1.3200000524520874,1.3380999565124512,311999,0.0,0.0
2026-04-13 10:25:00-04:00,1.340000033378601,1.3600000143051147,1.3322999477386475,1.3550000190734863,451883,0.0,0.0
2026-04-13 10:30:00-04:00,1.3530000448226929,1.3600000143051147,1.350000023841858,1.3550000190734863,195474,0.0,0.0
2026-04-13 10:35:00-04:00,1.3598999977111816,1.3600000143051147,1.350000023841858,1.350000023841858,171137,0.0,0.0
2026-04-13 10:40:00-04:00,1.3600000143051147,1.3700000047683716,1.350000023841858,1.3600000143051147,473224,0.0,0.0
2026-04-13 10:45:00-04:00,1.3600000143051147,1.3899999856948853,1.3600000143051147,1.3899999856948853,685300,0.0,0.0
2026-04-13 10:50:00-04:00,1.3801000118255615,1.3899999856948853,1.3799999952316284,1.3835999965667725,360390,0.0,0.0
2026-04-13 10:55:00-04:00,1.3898999691009521,1.4049999713897705,1.3803000450134277,1.399999976158142,722498,0.0,0.0
2026-04-13 11:00:00-04:00,1.3949999809265137,1.409999966621399,1.3899999856948853,1.399999976158142,604413,0.0,0.0
2026-04-13 11:05:00-04:00,1.3997999429702759,1.399999976158142,1.3799999952316284,1.3898999691009521,543201,0.0,0.0
2026-04-13 11:10:00-04:00,1.3849999904632568,1.3899999856948853,1.3799999952316284,1.3849999904632568,195908,0.0,0.0
2026-04-13 11:15:00-04:00,1.3849999904632568,1.3899999856948853,1.3700000047683716,1.375,216998,0.0,0.0
2026-04-13 11:20:00-04:00,1.372499942779541,1.3798999786376953,1.3601000308990479,1.375,365146,0.0,0.0
2026-04-13 11:25:00-04:00,1.378999948501587,1.3799999952316284,1.3700000047683716,1.375,209445,0.0,0.0
2026-04-13 11:30:00-04:00,1.375,1.3799999952316284,1.3700000047683716,1.3798999786376953,318260,0.0,0.0
2026-04-13 11:35:00-04:00,1.37909996509552,1.3899999856948853,1.3700000047683716,1.3798999786376953,494544,0.0,0.0
2026-04-13 11:40:00-04:00,1.3799999952316284,1.3849999904632568,1.3700000047683716,1.3799999952316284,578380,0.0,0.0
2026-04-13 11:45:00-04:00,1.3799999952316284,1.3899999856948853,1.3700000047683716,1.3899999856948853,218882,0.0,0.0
2026-04-13 11:50:00-04:00,1.3849999904632568,1.3899999856948853,1.3799999952316284,1.3849999904632568,246087,0.0,0.0
2026-04-13 11:55:00-04:00,1.3849999904632568,1.3899999856948853,1.3799999952316284,1.3831000328063965,280854,0.0,0.0
2026-04-13 12:00:00-04:00,1.3899999856948853,1.3899999856948853,1.3799999952316284,1.3849999904632568,112136,0.0,0.0
2026-04-13 12:05:00-04:00,1.3849999904632568,1.3899999856948853,1.3799999952316284,1.3849999904632568,150997,0.0,0.0
2026-04-13 12:10:00-04:00,1.3899999856948853,1.3899999856948853,1.3799999952316284,1.3849999904632568,142730,0.0,0.0
2026-04-13 12:15:00-04:00,1.3832000494003296,1.3899999856948853,1.3799999952316284,1.3849999904632568,127594,0.0,0.0
2026-04-13 12:20:00-04:00,1.3849999904632568,1.399999976158142,1.3799999952316284,1.3970999717712402,284959,0.0,0.0
2026-04-13 12:25:00-04:00,1.3899999856948853,1.399999976158142,1.3899999856948853,1.3969000577926636,152001,0.0,0.0
2026-04-13 12:30:00-04:00,1.3901000022888184,1.4049999713897705,1.3799999952316284,1.3849999904632568,464375,0.0,0.0
2026-04-13 12:35:00-04:00,1.3801000118255615,1.3899999856948853,1.3799999952316284,1.3849999904632568,261505,0.0,0.0
2026-04-13 12:40:00-04:00,1.3849999904632568,1.3899999856948853,1.3799999952316284,1.3868000507354736,167665,0.0,0.0
2026-04-13 12:45:00-04:00,1.3828999996185303,1.399999976158142,1.3799999952316284,1.3949999809265137,175036,0.0,0.0
2026-04-13 12:50:00-04:00,1.3949999809265137,1.399999976158142,1.3799999952316284,1.3849999904632568,213813,0.0,0.0
2026-04-13 12:55:00-04:00,1.3799999952316284,1.399999976158142,1.3799999952316284,1.3949999809265137,194969,0.0,0.0
2026-04-13 13:00:00-04:00,1.399999976158142,1.399999976158142,1.3899999856948853,1.3949999809265137,140412,0.0,0.0
2026-04-13 13:05:00-04:00,1.3949999809265137,1.399999976158142,1.3899999856948853,1.399899959564209,91192,0.0,0.0
2026-04-13 13:10:00-04:00,1.3969999551773071,1.399999976158142,1.3899999856948853,1.3899999856948853,214167,0.0,0.0
2026-04-13 13:15:00-04:00,1.3949999809265137,1.399999976158142,1.3849999904632568,1.3949999809265137,218019,0.0,0.0
2026-04-13 13:20:00-04:00,1.3949999809265137,1.399999976158142,1.3899999856948853,1.3899999856948853,114486,0.0,0.0
2026-04-13 13:25:00-04:00,1.3901000022888184,1.399999976158142,1.3899999856948853,1.3899999856948853,147679,0.0,0.0
2026-04-13 13:30:00-04:00,1.3949999809265137,1.399999976158142,1.3899999856948853,1.3949999809265137,171355,0.0,0.0
2026-04-13 13:35:00-04:00,1.3949999809265137,1.409999966621399,1.3903000354766846,1.409999966621399,655721,0.0,0.0
2026-04-13 13:40:00-04:00,1.409999966621399,1.409999966621399,1.399999976158142,1.4049999713897705,234935,0.0,0.0
2026-04-13 13:45:00-04:00,1.409999966621399,1.4199999570846558,1.399999976158142,1.4049999713897705,446612,0.0,0.0
2026-04-13 13:50:00-04:00,1.4086999893188477,1.4199999570846558,1.4005999565124512,1.4149999618530273,406992,0.0,0.0
2026-04-13 13:55:00-04:00,1.4176000356674194,1.4199999570846558,1.409999966621399,1.4199999570846558,199008,0.0,0.0
2026-04-13 14:00:00-04:00,1.4199999570846558,1.440000057220459,1.409999966621399,1.434999942779541,645267,0.0,0.0
2026-04-13 14:05:00-04:00,1.434999942779541,1.440000057220459,1.4299999475479126,1.4399000406265259,297523,0.0,0.0
2026-04-13 14:10:00-04:00,1.434999942779541,1.434999942779541,1.4199999570846558,1.429900050163269,252489,0.0,0.0
2026-04-13 14:15:00-04:00,1.4299999475479126,1.4299999475479126,1.4199999570846558,1.4299999475479126,140778,0.0,0.0
2026-04-13 14:20:00-04:00,1.4299999475479126,1.4299999475479126,1.410099983215332,1.4149999618530273,499902,0.0,0.0
2026-04-13 14:25:00-04:00,1.4149999618530273,1.4199999570846558,1.409999966621399,1.4180999994277954,231979,0.0,0.0
2026-04-13 14:30:00-04:00,1.4149999618530273,1.4299999475479126,1.4149999618530273,1.4249999523162842,642404,0.0,0.0
2026-04-13 14:35:00-04:00,1.4249999523162842,1.4299999475479126,1.4199999570846558,1.420199990272522,164088,0.0,0.0
2026-04-13 14:40:00-04:00,1.4299999475479126,1.4500000476837158,1.4199999570846558,1.4299999475479126,1162317,0.0,0.0
2026-04-13 14:45:00-04:00,1.4301999807357788,1.440000057220459,1.4199999570846558,1.4249999523162842,350221,0.0,0.0
2026-04-13 14:50:00-04:00,1.4249999523162842,1.4299999475479126,1.4199999570846558,1.4249999523162842,166073,0.0,0.0
2026-04-13 14:55:00-04:00,1.4249999523162842,1.4299999475479126,1.4199999570846558,1.4234999418258667,172280,0.0,0.0
2026-04-13 15:00:00-04:00,1.4249999523162842,1.4299999475479126,1.409999966621399,1.4198999404907227,304158,0.0,0.0
2026-04-13 15:05:00-04:00,1.4168000221252441,1.4199999570846558,1.409999966621399,1.4199999570846558,321484,0.0,0.0
2026-04-13 15:10:00-04:00,1.4149999618530273,1.4199999570846558,1.409999966621399,1.4149999618530273,157421,0.0,0.0
2026-04-13 15:15:00-04:00,1.4149999618530273,1.4199999570846558,1.409999966621399,1.4149999618530273,221784,0.0,0.0
2026-04-13 15:20:00-04:00,1.4156999588012695,1.4299999475479126,1.410099983215332,1.4249999523162842,226452,0.0,0.0
2026-04-13 15:25:00-04:00,1.4249999523162842,1.4299999475479126,1.4199999570846558,1.4199999570846558,324756,0.0,0.0
2026-04-13 15:30:00-04:00,1.4199999570846558,1.440000057220459,1.4199999570846558,1.434999942779541,523594,0.0,0.0
2026-04-13 15:35:00-04:00,1.434999942779541,1.440000057220459,1.4299999475479126,1.4300999641418457,525433,0.0,0.0
2026-04-13 15:40:00-04:00,1.4299999475479126,1.440000057220459,1.4299999475479126,1.4299999475479126,182172,0.0,0.0
2026-04-13 15:45:00-04:00,1.4299999475479126,1.440000057220459,1.4299999475479126,1.434999942779541,228071,0.0,0.0
2026-04-13 15:50:00-04:00,1.4299999475479126,1.4500000476837158,1.4299999475479126,1.4400999546051025,511797,0.0,0.0
2026-04-13 15:55:00-04:00,1.4450000524520874,1.4600000381469727,1.4299999475479126,1.440000057220459,1932664,0.0,0.0
