datetime,open,high,low,close,volume,dividends,stock splits
2026-04-02 09:30:00-04:00,1.6699999570846558,1.6851999759674072,1.6699999570846558,1.6799999475479126,50884,0.0,0.0
2026-04-02 09:31:00-04:00,1.6749999523162842,1.6799999475479126,1.6749999523162842,1.6799999475479126,8429,0.0,0.0
2026-04-02 09:32:00-04:00,1.6800999641418457,1.684999942779541,1.6799999475479126,1.684999942779541,10782,0.0,0.0
2026-04-02 09:33:00-04:00,1.684999942779541,1.690000057220459,1.684999942779541,1.684999942779541,657,0.0,0.0
2026-04-02 09:34:00-04:00,1.684999942779541,1.684999942779541,1.684999942779541,1.684999942779541,1792,0.0,0.0
2026-04-02 09:35:00-04:00,1.684999942779541,1.684999942779541,1.684999942779541,1.684999942779541,200,0.0,0.0
2026-04-02 09:36:00-04:00,1.6799999475479126,1.6875,1.6799999475479126,1.6799999475479126,338,0.0,0.0
2026-04-02 09:37:00-04:00,1.684999942779541,1.690000057220459,1.684999942779541,1.690000057220459,6122,0.0,0.0
2026-04-02 09:38:00-04:00,1.684999942779541,1.684999942779541,1.684999942779541,1.684999942779541,1266,0.0,0.0
2026-04-02 09:40:00-04:00,1.684999942779541,1.684999942779541,1.684999942779541,1.684999942779541,1693,0.0,0.0
2026-04-02 09:41:00-04:00,1.684999942779541,1.684999942779541,1.684999942779541,1.684999942779541,2381,0.0,0.0
2026-04-02 09:42:00-04:00,1.684999942779541,1.684999942779541,1.684999942779541,1.684999942779541,4231,0.0,0.0
2026-04-02 09:44:00-04:00,1.6878999471664429,1.6878999471664429,1.684999942779541,1.684999942779541,1251,0.0,0.0
2026-04-02 09:46:00-04:00,1.6806999444961548,1.690000057220459,1.6800999641418457,1.690000057220459,12718,0.0,0.0
2026-04-02 09:47:00-04:00,1.684999942779541,1.684999942779541,1.684999942779541,1.684999942779541,689,0.0,0.0
2026-04-02 09:48:00-04:00,1.684999942779541,1.684999942779541,1.684999942779541,1.684999942779541,793,0.0,0.0
2026-04-02 09:49:00-04:00,1.684999942779541,1.684999942779541,1.684999942779541,1.684999942779541,652,0.0,0.0
2026-04-02 09:50:00-04:00,1.690000057220459,1.690000057220459,1.684999942779541,1.684999942779541,41741,0.0,0.0
2026-04-02 09:51:00-04:00,1.690000057220459,1.690000057220459,1.684999942779541,1.684999942779541,685,0.0,0.0
2026-04-02 09:52:00-04:00,1.684999942779541,1.684999942779541,1.6799999475479126,1.6799999475479126,14163,0.0,0.0
2026-04-02 09:53:00-04:00,1.6699999570846558,1.6699999570846558,1.660099983215332,1.6649999618530273,16174,0.0,0.0
2026-04-02 09:54:00-04:00,1.6649999618530273,1.6699999570846558,1.6649999618530273,1.6699999570846558,956,0.0,0.0
2026-04-02 09:55:00-04:00,1.6676000356674194,1.6676000356674194,1.660099983215332,1.6649999618530273,1208,0.0,0.0
2026-04-02 09:56:00-04:00,1.6649999618530273,1.6649999618530273,1.6649999618530273,1.6649999618530273,902,0.0,0.0
2026-04-02 09:57:00-04:00,1.6649999618530273,1.6682000160217285,1.6649999618530273,1.6649999618530273,2424,0.0,0.0
2026-04-02 09:58:00-04:00,1.6649999618530273,1.669700026512146,1.6649999618530273,1.6649999618530273,990,0.0,0.0
2026-04-02 09:59:00-04:00,1.6699999570846558,1.6699999570846558,1.6699999570846558,1.6699999570846558,18573,0.0,0.0
2026-04-02 10:00:00-04:00,1.6699999570846558,1.6699999570846558,1.659999966621399,1.6699999570846558,17421,0.0,0.0
2026-04-02 10:01:00-04:00,1.6699999570846558,1.6699999570846558,1.6649999618530273,1.6649999618530273,12169,0.0,0.0
2026-04-02 10:02:00-04:00,1.6649999618530273,1.6649999618530273,1.6649999618530273,1.6649999618530273,443,0.0,0.0
2026-04-02 10:03:00-04:00,1.6649999618530273,1.6698999404907227,1.6649999618530273,1.6698999404907227,909,0.0,0.0
2026-04-02 10:05:00-04:00,1.6649999618530273,1.6649999618530273,1.663100004196167,1.6649999618530273,2189,0.0,0.0
2026-04-02 10:06:00-04:00,1.6649999618530273,1.6749999523162842,1.6649999618530273,1.6749999523162842,9250,0.0,0.0
2026-04-02 10:07:00-04:00,1.6799999475479126,1.6799999475479126,1.6749999523162842,1.6749999523162842,883,0.0,0.0
2026-04-02 10:08:00-04:00,1.6721999645233154,1.676300048828125,1.6721999645233154,1.676300048828125,11523,0.0,0.0
2026-04-02 10:09:00-04:00,1.6749999523162842,1.6799999475479126,1.6749999523162842,1.6765999794006348,2009,0.0,0.0
2026-04-02 10:10:00-04:00,1.6775000095367432,1.6775000095367432,1.6749999523162842,1.6749999523162842,564,0.0,0.0
2026-04-02 10:11:00-04:00,1.6799999475479126,1.6799999475479126,1.6749999523162842,1.6799999475479126,19504,0.0,0.0
2026-04-02 10:12:00-04:00,1.6799999475479126,1.6799999475479126,1.6799999475479126,1.6799999475479126,1288,0.0,0.0
2026-04-02 10:13:00-04:00,1.6799999475479126,1.684999942779541,1.6730999946594238,1.684999942779541,8756,0.0,0.0
2026-04-02 10:14:00-04:00,1.684999942779541,1.684999942779541,1.6799999475479126,1.6799999475479126,1524,0.0,0.0
2026-04-02 10:15:00-04:00,1.684999942779541,1.684999942779541,1.6821999549865723,1.684999942779541,9018,0.0,0.0
2026-04-02 10:16:00-04:00,1.684999942779541,1.684999942779541,1.684999942779541,1.684999942779541,721,0.0,0.0
2026-04-02 10:17:00-04:00,1.6799999475479126,1.6799999475479126,1.6799999475479126,1.6799999475479126,1541,0.0,0.0
2026-04-02 10:19:00-04:00,1.684999942779541,1.690000057220459,1.6799999475479126,1.6799999475479126,1779,0.0,0.0
2026-04-02 10:20:00-04:00,1.684999942779541,1.684999942779541,1.684999942779541,1.684999942779541,592,0.0,0.0
2026-04-02 10:21:00-04:00,1.6799999475479126,1.684999942779541,1.6799999475479126,1.684999942779541,1072,0.0,0.0
2026-04-02 10:22:00-04:00,1.684999942779541,1.684999942779541,1.684999942779541,1.684999942779541,251,0.0,0.0
2026-04-02 10:23:00-04:00,1.684999942779541,1.684999942779541,1.684999942779541,1.684999942779541,5228,0.0,0.0
2026-04-02 10:24:00-04:00,1.6799999475479126,1.684999942779541,1.6799999475479126,1.684999942779541,14677,0.0,0.0
2026-04-02 10:25:00-04:00,1.684999942779541,1.690000057220459,1.684999942779541,1.690000057220459,178,0.0,0.0
2026-04-02 10:26:00-04:00,1.684999942779541,1.6899000406265259,1.6835999488830566,1.6899000406265259,376,0.0,0.0
2026-04-02 10:27:00-04:00,1.684999942779541,1.690000057220459,1.684999942779541,1.684999942779541,636,0.0,0.0
2026-04-02 10:29:00-04:00,1.6884000301361084,1.6884000301361084,1.684999942779541,1.684999942779541,221,0.0,0.0
2026-04-02 10:30:00-04:00,1.684999942779541,1.684999942779541,1.684999942779541,1.684999942779541,369,0.0,0.0
2026-04-02 10:31:00-04:00,1.684999942779541,1.684999942779541,1.684999942779541,1.684999942779541,636,0.0,0.0
2026-04-02 10:32:00-04:00,1.684999942779541,1.684999942779541,1.684999942779541,1.684999942779541,4130,0.0,0.0
2026-04-02 10:33:00-04:00,1.684999942779541,1.690000057220459,1.6799999475479126,1.690000057220459,59975,0.0,0.0
2026-04-02 10:34:00-04:00,1.690000057220459,1.7000000476837158,1.690000057220459,1.6950000524520874,86109,0.0,0.0
2026-04-02 10:35:00-04:00,1.6950000524520874,1.6995999813079834,1.6950000524520874,1.6950000524520874,31656,0.0,0.0
2026-04-02 10:36:00-04:00,1.7000000476837158,1.7300000190734863,1.7000000476837158,1.725000023841858,111505,0.0,0.0
2026-04-02 10:37:00-04:00,1.725000023841858,1.7350000143051147,1.725000023841858,1.7310999631881714,15438,0.0,0.0
2026-04-02 10:38:00-04:00,1.7300000190734863,1.7400000095367432,1.725000023841858,1.725000023841858,46966,0.0,0.0
2026-04-02 10:39:00-04:00,1.7200000286102295,1.7300000190734863,1.7200000286102295,1.725000023841858,13665,0.0,0.0
2026-04-02 10:40:00-04:00,1.725000023841858,1.725000023841858,1.7200000286102295,1.7200000286102295,15113,0.0,0.0
2026-04-02 10:41:00-04:00,1.7200000286102295,1.7200000286102295,1.7101000547409058,1.7135000228881836,11016,0.0,0.0
2026-04-02 10:42:00-04:00,1.719499945640564,1.7200000286102295,1.715000033378601,1.715000033378601,26237,0.0,0.0
2026-04-02 10:43:00-04:00,1.715000033378601,1.725000023841858,1.715000033378601,1.7229000329971313,70856,0.0,0.0
2026-04-02 10:44:00-04:00,1.725000023841858,1.725000023841858,1.725000023841858,1.725000023841858,3765,0.0,0.0
2026-04-02 10:46:00-04:00,1.7200000286102295,1.7200000286102295,1.715000033378601,1.715000033378601,13619,0.0,0.0
2026-04-02 10:47:00-04:00,1.715000033378601,1.715000033378601,1.715000033378601,1.715000033378601,2047,0.0,0.0
2026-04-02 10:48:00-04:00,1.715000033378601,1.715000033378601,1.715000033378601,1.715000033378601,1314,0.0,0.0
2026-04-02 10:49:00-04:00,1.715000033378601,1.715000033378601,1.715000033378601,1.715000033378601,769,0.0,0.0
2026-04-02 10:50:00-04:00,1.715000033378601,1.715000033378601,1.715000033378601,1.715000033378601,4905,0.0,0.0
2026-04-02 10:51:00-04:00,1.7100000381469727,1.715999960899353,1.7100000381469727,1.715999960899353,2074,0.0,0.0
2026-04-02 10:52:00-04:00,1.715000033378601,1.715000033378601,1.715000033378601,1.715000033378601,1651,0.0,0.0
2026-04-02 10:53:00-04:00,1.715000033378601,1.7200000286102295,1.715000033378601,1.7200000286102295,740,0.0,0.0
2026-04-02 10:54:00-04:00,1.715000033378601,1.715000033378601,1.715000033378601,1.715000033378601,653,0.0,0.0
2026-04-02 10:55:00-04:00,1.715000033378601,1.725000023841858,1.715000033378601,1.725000023841858,13911,0.0,0.0
2026-04-02 10:56:00-04:00,1.7278000116348267,1.7300000190734863,1.7217999696731567,1.725000023841858,1403,0.0,0.0
2026-04-02 10:57:00-04:00,1.7300000190734863,1.7300000190734863,1.725000023841858,1.7300000190734863,2003,0.0,0.0
2026-04-02 10:58:00-04:00,1.7350000143051147,1.7400000095367432,1.7350000143051147,1.7350000143051147,3392,0.0,0.0
2026-04-02 10:59:00-04:00,1.7350000143051147,1.7400000095367432,1.7301000356674194,1.7350000143051147,7756,0.0,0.0
2026-04-02 11:00:00-04:00,1.7350000143051147,1.7350000143051147,1.725000023841858,1.7300000190734863,15911,0.0,0.0
2026-04-02 11:01:00-04:00,1.7201000452041626,1.725000023841858,1.7201000452041626,1.725000023841858,976,0.0,0.0
2026-04-02 11:02:00-04:00,1.725000023841858,1.725000023841858,1.725000023841858,1.725000023841858,591,0.0,0.0
2026-04-02 11:03:00-04:00,1.725000023841858,1.725000023841858,1.725000023841858,1.725000023841858,2012,0.0,0.0
2026-04-02 11:04:00-04:00,1.725000023841858,1.7300000190734863,1.725000023841858,1.7300000190734863,11532,0.0,0.0
2026-04-02 11:05:00-04:00,1.7300000190734863,1.7300000190734863,1.7200000286102295,1.7300000190734863,2882,0.0,0.0
2026-04-02 11:06:00-04:00,1.725000023841858,1.725000023841858,1.725000023841858,1.725000023841858,923,0.0,0.0
2026-04-02 11:08:00-04:00,1.725000023841858,1.725000023841858,1.725000023841858,1.725000023841858,541,0.0,0.0
2026-04-02 11:09:00-04:00,1.725000023841858,1.725000023841858,1.725000023841858,1.725000023841858,552,0.0,0.0
2026-04-02 11:10:00-04:00,1.725000023841858,1.7300000190734863,1.7201000452041626,1.7300000190734863,5033,0.0,0.0
2026-04-02 11:11:00-04:00,1.7300000190734863,1.7300000190734863,1.725000023841858,1.725000023841858,794,0.0,0.0
2026-04-02 11:12:00-04:00,1.7300000190734863,1.7300000190734863,1.7300000190734863,1.7300000190734863,328,0.0,0.0
2026-04-02 11:13:00-04:00,1.7300000190734863,1.7350000143051147,1.7300000190734863,1.7350000143051147,10533,0.0,0.0
2026-04-02 11:14:00-04:00,1.7350000143051147,1.7350000143051147,1.7300000190734863,1.7350000143051147,13808,0.0,0.0
2026-04-02 11:15:00-04:00,1.7350000143051147,1.7350000143051147,1.732200026512146,1.7350000143051147,2732,0.0,0.0
2026-04-02 11:16:00-04:00,1.7350000143051147,1.7350000143051147,1.7350000143051147,1.7350000143051147,1282,0.0,0.0
2026-04-02 11:17:00-04:00,1.7350000143051147,1.7400000095367432,1.7350000143051147,1.7350000143051147,1188,0.0,0.0
2026-04-02 11:18:00-04:00,1.7350000143051147,1.7350000143051147,1.7350000143051147,1.7350000143051147,549,0.0,0.0
2026-04-02 11:19:00-04:00,1.7400000095367432,1.7400000095367432,1.7350000143051147,1.7350000143051147,1647,0.0,0.0
2026-04-02 11:20:00-04:00,1.7350000143051147,1.7400000095367432,1.7317999601364136,1.7317999601364136,3290,0.0,0.0
2026-04-02 11:21:00-04:00,1.7350000143051147,1.7350000143051147,1.7301000356674194,1.7350000143051147,3708,0.0,0.0
2026-04-02 11:22:00-04:00,1.7350000143051147,1.7350000143051147,1.7350000143051147,1.7350000143051147,307,0.0,0.0
2026-04-02 11:23:00-04:00,1.7350000143051147,1.7350000143051147,1.7301000356674194,1.7350000143051147,2570,0.0,0.0
2026-04-02 11:24:00-04:00,1.7300000190734863,1.7350000143051147,1.7300000190734863,1.7350000143051147,1068,0.0,0.0
2026-04-02 11:25:00-04:00,1.7300000190734863,1.7300000190734863,1.7300000190734863,1.7300000190734863,931,0.0,0.0
2026-04-02 11:26:00-04:00,1.7350000143051147,1.7400000095367432,1.7301000356674194,1.7350000143051147,7382,0.0,0.0
2026-04-02 11:27:00-04:00,1.7300000190734863,1.7350000143051147,1.7300000190734863,1.7350000143051147,1210,0.0,0.0
2026-04-02 11:28:00-04:00,1.7350000143051147,1.7400000095367432,1.7300000190734863,1.7350000143051147,2457,0.0,0.0
2026-04-02 11:29:00-04:00,1.7350000143051147,1.7400000095367432,1.7350000143051147,1.7350000143051147,1701,0.0,0.0
2026-04-02 11:30:00-04:00,1.7301000356674194,1.7389999628067017,1.7300000190734863,1.7389999628067017,5298,0.0,0.0
2026-04-02 11:31:00-04:00,1.7350000143051147,1.7350000143051147,1.7300000190734863,1.7300000190734863,1556,0.0,0.0
2026-04-02 11:32:00-04:00,1.7400000095367432,1.7400000095367432,1.7350000143051147,1.7350000143051147,886,0.0,0.0
2026-04-02 11:33:00-04:00,1.7300000190734863,1.7400000095367432,1.7300000190734863,1.7350000143051147,1475,0.0,0.0
2026-04-02 11:34:00-04:00,1.7350000143051147,1.7400000095367432,1.7350000143051147,1.7350000143051147,2246,0.0,0.0
2026-04-02 11:35:00-04:00,1.7350000143051147,1.7350000143051147,1.7300000190734863,1.7300000190734863,657,0.0,0.0
2026-04-02 11:36:00-04:00,1.7317999601364136,1.7400000095367432,1.7300000190734863,1.7300000190734863,2823,0.0,0.0
2026-04-02 11:37:00-04:00,1.7350000143051147,1.7350000143051147,1.7350000143051147,1.7350000143051147,2073,0.0,0.0
2026-04-02 11:39:00-04:00,1.7350000143051147,1.7400000095367432,1.7300000190734863,1.7350000143051147,3066,0.0,0.0
2026-04-02 11:40:00-04:00,1.7300000190734863,1.7350000143051147,1.7300000190734863,1.7300000190734863,18234,0.0,0.0
2026-04-02 11:41:00-04:00,1.7350000143051147,1.7350000143051147,1.7300000190734863,1.7350000143051147,1611,0.0,0.0
2026-04-02 11:42:00-04:00,1.7300000190734863,1.7350000143051147,1.7300000190734863,1.7350000143051147,673,0.0,0.0
2026-04-02 11:43:00-04:00,1.7350000143051147,1.7400000095367432,1.7300000190734863,1.7350000143051147,1453,0.0,0.0
2026-04-02 11:44:00-04:00,1.7350000143051147,1.7400000095367432,1.7300000190734863,1.7400000095367432,10779,0.0,0.0
2026-04-02 11:45:00-04:00,1.7400000095367432,1.7400000095367432,1.7300000190734863,1.7300000190734863,2401,0.0,0.0
2026-04-02 11:46:00-04:00,1.7350000143051147,1.7350000143051147,1.7350000143051147,1.7350000143051147,617,0.0,0.0
2026-04-02 11:47:00-04:00,1.7350000143051147,1.7350000143051147,1.7350000143051147,1.7350000143051147,1669,0.0,0.0
2026-04-02 11:48:00-04:00,1.7350000143051147,1.7400000095367432,1.7300000190734863,1.7319999933242798,6063,0.0,0.0
2026-04-02 11:49:00-04:00,1.7300000190734863,1.7400000095367432,1.7300000190734863,1.7350000143051147,2084,0.0,0.0
2026-04-02 11:50:00-04:00,1.7350000143051147,1.7350000143051147,1.7350000143051147,1.7350000143051147,510,0.0,0.0
2026-04-02 11:51:00-04:00,1.7350000143051147,1.7350000143051147,1.7350000143051147,1.7350000143051147,514,0.0,0.0
2026-04-02 11:52:00-04:00,1.7350000143051147,1.7350000143051147,1.7350000143051147,1.7350000143051147,1202,0.0,0.0
2026-04-02 11:53:00-04:00,1.7350000143051147,1.7350000143051147,1.7350000143051147,1.7350000143051147,783,0.0,0.0
2026-04-02 11:54:00-04:00,1.7350000143051147,1.7400000095367432,1.7301000356674194,1.7350000143051147,8803,0.0,0.0
2026-04-02 11:55:00-04:00,1.7350000143051147,1.7400000095367432,1.7350000143051147,1.7350000143051147,5412,0.0,0.0
2026-04-02 11:56:00-04:00,1.7400000095367432,1.7400000095367432,1.7300000190734863,1.7400000095367432,2278,0.0,0.0
2026-04-02 11:58:00-04:00,1.7350000143051147,1.7400000095367432,1.7300000190734863,1.7350000143051147,3460,0.0,0.0
2026-04-02 11:59:00-04:00,1.7350000143051147,1.7350000143051147,1.7300000190734863,1.7300000190734863,507,0.0,0.0
2026-04-02 12:00:00-04:00,1.7350000143051147,1.7350000143051147,1.7350000143051147,1.7350000143051147,1117,0.0,0.0
2026-04-02 12:01:00-04:00,1.7400000095367432,1.7400000095367432,1.7300000190734863,1.7350000143051147,7812,0.0,0.0
2026-04-02 12:02:00-04:00,1.7350000143051147,1.7400000095367432,1.7324999570846558,1.7400000095367432,1481,0.0,0.0
2026-04-02 12:03:00-04:00,1.733199954032898,1.7400000095367432,1.733199954032898,1.7350000143051147,3630,0.0,0.0
2026-04-02 12:04:00-04:00,1.7400000095367432,1.7400000095367432,1.7300000190734863,1.7300000190734863,18838,0.0,0.0
2026-04-02 12:05:00-04:00,1.7301000356674194,1.7400000095367432,1.7301000356674194,1.7350000143051147,5393,0.0,0.0
2026-04-02 12:06:00-04:00,1.7350000143051147,1.7350000143051147,1.7350000143051147,1.7350000143051147,1076,0.0,0.0
2026-04-02 12:07:00-04:00,1.7300000190734863,1.7301000356674194,1.7300000190734863,1.7301000356674194,883,0.0,0.0
2026-04-02 12:08:00-04:00,1.7301000356674194,1.73989999294281,1.7301000356674194,1.7350000143051147,2519,0.0,0.0
2026-04-02 12:09:00-04:00,1.7301000356674194,1.73989999294281,1.7301000356674194,1.73989999294281,847,0.0,0.0
2026-04-02 12:10:00-04:00,1.7301000356674194,1.7400000095367432,1.7300000190734863,1.7400000095367432,1879,0.0,0.0
2026-04-02 12:11:00-04:00,1.7350000143051147,1.7350000143051147,1.7350000143051147,1.7350000143051147,2394,0.0,0.0
2026-04-02 12:12:00-04:00,1.7301000356674194,1.7301000356674194,1.7301000356674194,1.7301000356674194,686,0.0,0.0
2026-04-02 12:13:00-04:00,1.732200026512146,1.7400000095367432,1.7300000190734863,1.7350000143051147,3564,0.0,0.0
2026-04-02 12:14:00-04:00,1.7319999933242798,1.7350000143051147,1.7300000190734863,1.7350000143051147,2820,0.0,0.0
2026-04-02 12:15:00-04:00,1.7400000095367432,1.7400000095367432,1.7300000190734863,1.7300000190734863,1960,0.0,0.0
2026-04-02 12:16:00-04:00,1.7301000356674194,1.7350000143051147,1.7300000190734863,1.7350000143051147,1502,0.0,0.0
2026-04-02 12:17:00-04:00,1.7301000356674194,1.7350000143051147,1.7301000356674194,1.7350000143051147,5671,0.0,0.0
2026-04-02 12:18:00-04:00,1.7301000356674194,1.7301000356674194,1.7301000356674194,1.7301000356674194,314,0.0,0.0
2026-04-02 12:19:00-04:00,1.7300000190734863,1.7301000356674194,1.7300000190734863,1.7301000356674194,1309,0.0,0.0
2026-04-02 12:20:00-04:00,1.7301000356674194,1.7350000143051147,1.7301000356674194,1.7350000143051147,490,0.0,0.0
2026-04-02 12:21:00-04:00,1.7350000143051147,1.7400000095367432,1.7300000190734863,1.7300000190734863,8341,0.0,0.0
2026-04-02 12:22:00-04:00,1.7300000190734863,1.7350000143051147,1.7300000190734863,1.7300000190734863,13244,0.0,0.0
2026-04-02 12:23:00-04:00,1.7301000356674194,1.7301000356674194,1.7301000356674194,1.7301000356674194,5128,0.0,0.0
2026-04-02 12:24:00-04:00,1.7350000143051147,1.7400000095367432,1.7300000190734863,1.7300000190734863,949,0.0,0.0
2026-04-02 12:25:00-04:00,1.7350000143051147,1.7350000143051147,1.7350000143051147,1.7350000143051147,200,0.0,0.0
2026-04-02 12:26:00-04:00,1.7350000143051147,1.7350000143051147,1.7350000143051147,1.7350000143051147,666,0.0,0.0
2026-04-02 12:27:00-04:00,1.7300000190734863,1.7300000190734863,1.7300000190734863,1.7300000190734863,526,0.0,0.0
2026-04-02 12:28:00-04:00,1.7350000143051147,1.7350000143051147,1.7350000143051147,1.7350000143051147,407,0.0,0.0
2026-04-02 12:29:00-04:00,1.7350000143051147,1.7400000095367432,1.7350000143051147,1.7400000095367432,695,0.0,0.0
2026-04-02 12:30:00-04:00,1.7300000190734863,1.7300000190734863,1.7300000190734863,1.7300000190734863,891,0.0,0.0
2026-04-02 12:31:00-04:00,1.7350000143051147,1.7350000143051147,1.7350000143051147,1.7350000143051147,1727,0.0,0.0
2026-04-02 12:32:00-04:00,1.7350000143051147,1.7400000095367432,1.7300000190734863,1.7400000095367432,2195,0.0,0.0
2026-04-02 12:33:00-04:00,1.7350000143051147,1.7400000095367432,1.7300000190734863,1.7350000143051147,5073,0.0,0.0
2026-04-02 12:34:00-04:00,1.7338999509811401,1.7338999509811401,1.7300000190734863,1.7300000190734863,1518,0.0,0.0
2026-04-02 12:35:00-04:00,1.7350000143051147,1.7350000143051147,1.7350000143051147,1.7350000143051147,438,0.0,0.0
2026-04-02 12:36:00-04:00,1.7350000143051147,1.7400000095367432,1.7300000190734863,1.7350000143051147,7913,0.0,0.0
2026-04-02 12:37:00-04:00,1.7300000190734863,1.7400000095367432,1.7300000190734863,1.7350000143051147,1216,0.0,0.0
2026-04-02 12:38:00-04:00,1.7350000143051147,1.7350000143051147,1.7301000356674194,1.7301000356674194,1448,0.0,0.0
2026-04-02 12:39:00-04:00,1.7300000190734863,1.7350000143051147,1.7300000190734863,1.7301000356674194,6689,0.0,0.0
2026-04-02 12:40:00-04:00,1.7324999570846558,1.7400000095367432,1.7324999570846558,1.7350000143051147,31204,0.0,0.0
2026-04-02 12:41:00-04:00,1.7350000143051147,1.7400000095367432,1.732200026512146,1.7400000095367432,12471,0.0,0.0
2026-04-02 12:42:00-04:00,1.7350000143051147,1.7400000095367432,1.7301000356674194,1.7350000143051147,20469,0.0,0.0
2026-04-02 12:43:00-04:00,1.7400000095367432,1.7400000095367432,1.7350000143051147,1.73989999294281,4696,0.0,0.0
2026-04-02 12:44:00-04:00,1.7400000095367432,1.75,1.7350000143051147,1.7450000047683716,53952,0.0,0.0
2026-04-02 12:45:00-04:00,1.7450000047683716,1.75,1.7450000047683716,1.7450000047683716,1619,0.0,0.0
2026-04-02 12:46:00-04:00,1.749899983406067,1.75,1.7400000095367432,1.7450000047683716,7340,0.0,0.0
2026-04-02 12:47:00-04:00,1.7450000047683716,1.75,1.7400000095367432,1.7400000095367432,5627,0.0,0.0
2026-04-02 12:48:00-04:00,1.7450000047683716,1.7450000047683716,1.7415000200271606,1.7450000047683716,3207,0.0,0.0
2026-04-02 12:49:00-04:00,1.7450000047683716,1.7450000047683716,1.7450000047683716,1.7450000047683716,1079,0.0,0.0
2026-04-02 12:50:00-04:00,1.7450000047683716,1.75,1.7400000095367432,1.7424999475479126,12898,0.0,0.0
2026-04-02 12:51:00-04:00,1.7450000047683716,1.7450000047683716,1.7424999475479126,1.7424999475479126,1388,0.0,0.0
2026-04-02 12:52:00-04:00,1.75,1.75,1.7424999475479126,1.7450000047683716,1078,0.0,0.0
2026-04-02 12:53:00-04:00,1.75,1.75,1.7450000047683716,1.7450000047683716,2827,0.0,0.0
2026-04-02 12:54:00-04:00,1.7400000095367432,1.7450000047683716,1.7400000095367432,1.7450000047683716,579,0.0,0.0
2026-04-02 12:55:00-04:00,1.75,1.75,1.7450000047683716,1.7450000047683716,1708,0.0,0.0
2026-04-02 12:56:00-04:00,1.75,1.75,1.7400000095367432,1.745300054550171,1274,0.0,0.0
2026-04-02 12:57:00-04:00,1.7450000047683716,1.7450000047683716,1.7450000047683716,1.7450000047683716,1245,0.0,0.0
2026-04-02 12:58:00-04:00,1.7414000034332275,1.75,1.7414000034332275,1.75,598,0.0,0.0
2026-04-02 12:59:00-04:00,1.7400000095367432,1.75,1.7400000095367432,1.7450000047683716,1659,0.0,0.0
2026-04-02 13:00:00-04:00,1.7450000047683716,1.7450000047683716,1.7450000047683716,1.7450000047683716,2953,0.0,0.0
2026-04-02 13:01:00-04:00,1.7450000047683716,1.75,1.7450000047683716,1.75,1426,0.0,0.0
2026-04-02 13:02:00-04:00,1.7400000095367432,1.7450000047683716,1.7400000095367432,1.7450000047683716,1303,0.0,0.0
2026-04-02 13:03:00-04:00,1.75,1.75,1.7400000095367432,1.7450000047683716,342,0.0,0.0
2026-04-02 13:04:00-04:00,1.7450000047683716,1.749899983406067,1.7400000095367432,1.7400000095367432,1552,0.0,0.0
2026-04-02 13:05:00-04:00,1.7400000095367432,1.7450000047683716,1.7400000095367432,1.7450000047683716,6214,0.0,0.0
2026-04-02 13:06:00-04:00,1.7450000047683716,1.7450000047683716,1.7401000261306763,1.7401000261306763,11013,0.0,0.0
2026-04-02 13:07:00-04:00,1.7401000261306763,1.7450000047683716,1.7400000095367432,1.7400000095367432,1809,0.0,0.0
2026-04-02 13:08:00-04:00,1.7401000261306763,1.7450000047683716,1.7401000261306763,1.7401000261306763,984,0.0,0.0
2026-04-02 13:09:00-04:00,1.7401000261306763,1.7484999895095825,1.7401000261306763,1.7401000261306763,1959,0.0,0.0
2026-04-02 13:10:00-04:00,1.7401000261306763,1.7450000047683716,1.7400000095367432,1.7401000261306763,2111,0.0,0.0
2026-04-02 13:11:00-04:00,1.7401000261306763,1.7450000047683716,1.7350000143051147,1.7350000143051147,29624,0.0,0.0
2026-04-02 13:12:00-04:00,1.73989999294281,1.73989999294281,1.7350000143051147,1.7350000143051147,719,0.0,0.0
2026-04-02 13:13:00-04:00,1.7350000143051147,1.7400000095367432,1.7300000190734863,1.7350000143051147,4621,0.0,0.0
2026-04-02 13:14:00-04:00,1.7350000143051147,1.7400000095367432,1.7350000143051147,1.7350000143051147,1618,0.0,0.0
2026-04-02 13:15:00-04:00,1.7400000095367432,1.7400000095367432,1.7350000143051147,1.7350000143051147,1032,0.0,0.0
2026-04-02 13:16:00-04:00,1.73989999294281,1.73989999294281,1.7300000190734863,1.7300000190734863,2622,0.0,0.0
2026-04-02 13:17:00-04:00,1.7400000095367432,1.7400000095367432,1.7350000143051147,1.7350000143051147,676,0.0,0.0
2026-04-02 13:18:00-04:00,1.7350000143051147,1.7400000095367432,1.7350000143051147,1.7350000143051147,1037,0.0,0.0
2026-04-02 13:19:00-04:00,1.7350000143051147,1.7350000143051147,1.7300000190734863,1.7300000190734863,1094,0.0,0.0
2026-04-02 13:20:00-04:00,1.7350000143051147,1.7350000143051147,1.7350000143051147,1.7350000143051147,1360,0.0,0.0
2026-04-02 13:21:00-04:00,1.73989999294281,1.73989999294281,1.7350000143051147,1.7350000143051147,696,0.0,0.0
2026-04-02 13:22:00-04:00,1.7300000190734863,1.7400000095367432,1.7300000190734863,1.7350000143051147,2525,0.0,0.0
2026-04-02 13:23:00-04:00,1.7300000190734863,1.7350000143051147,1.7300000190734863,1.7300000190734863,960,0.0,0.0
2026-04-02 13:24:00-04:00,1.732800006866455,1.7350000143051147,1.732800006866455,1.7350000143051147,1359,0.0,0.0
2026-04-02 13:25:00-04:00,1.7350000143051147,1.7450000047683716,1.7350000143051147,1.7450000047683716,12586,0.0,0.0
2026-04-02 13:26:00-04:00,1.7450000047683716,1.75,1.7450000047683716,1.75,1184,0.0,0.0
2026-04-02 13:27:00-04:00,1.7450000047683716,1.749899983406067,1.7400000095367432,1.7400000095367432,1006,0.0,0.0
2026-04-02 13:28:00-04:00,1.7450000047683716,1.7450000047683716,1.7450000047683716,1.7450000047683716,364,0.0,0.0
2026-04-02 13:29:00-04:00,1.7450000047683716,1.75,1.7450000047683716,1.75,1672,0.0,0.0
2026-04-02 13:30:00-04:00,1.7450000047683716,1.75,1.7400000095367432,1.7400000095367432,1606,0.0,0.0
2026-04-02 13:32:00-04:00,1.7450000047683716,1.7450000047683716,1.7450000047683716,1.7450000047683716,899,0.0,0.0
2026-04-02 13:33:00-04:00,1.75,1.75,1.7400000095367432,1.7400000095367432,1031,0.0,0.0
2026-04-02 13:34:00-04:00,1.7450000047683716,1.7450000047683716,1.7403000593185425,1.7424999475479126,1301,0.0,0.0
2026-04-02 13:35:00-04:00,1.7450000047683716,1.7450000047683716,1.7400000095367432,1.7450000047683716,2667,0.0,0.0
2026-04-02 13:36:00-04:00,1.7450000047683716,1.7450000047683716,1.7400000095367432,1.7400000095367432,2532,0.0,0.0
2026-04-02 13:37:00-04:00,1.7450000047683716,1.7450000047683716,1.7450000047683716,1.7450000047683716,143,0.0,0.0
2026-04-02 13:38:00-04:00,1.7477999925613403,1.75,1.7450000047683716,1.7450000047683716,2869,0.0,0.0
2026-04-02 13:39:00-04:00,1.7450000047683716,1.7450000047683716,1.7400000095367432,1.7450000047683716,2080,0.0,0.0
2026-04-02 13:40:00-04:00,1.7410000562667847,1.75,1.7400000095367432,1.7450000047683716,10958,0.0,0.0
2026-04-02 13:41:00-04:00,1.746899962425232,1.746899962425232,1.7450000047683716,1.7450000047683716,1538,0.0,0.0
2026-04-02 13:42:00-04:00,1.7450000047683716,1.7450000047683716,1.7400000095367432,1.7402000427246094,1456,0.0,0.0
2026-04-02 13:43:00-04:00,1.7450000047683716,1.7450000047683716,1.7450000047683716,1.7450000047683716,1034,0.0,0.0
2026-04-02 13:44:00-04:00,1.7450000047683716,1.7450000047683716,1.7450000047683716,1.7450000047683716,1280,0.0,0.0
2026-04-02 13:45:00-04:00,1.7400000095367432,1.7450000047683716,1.7400000095367432,1.7450000047683716,1433,0.0,0.0
2026-04-02 13:46:00-04:00,1.7401000261306763,1.7450000047683716,1.7401000261306763,1.7401000261306763,1160,0.0,0.0
2026-04-02 13:47:00-04:00,1.7401000261306763,1.7450000047683716,1.7400000095367432,1.7450000047683716,1687,0.0,0.0
2026-04-02 13:48:00-04:00,1.7401000261306763,1.7450000047683716,1.7400000095367432,1.7400000095367432,2108,0.0,0.0
2026-04-02 13:49:00-04:00,1.7401000261306763,1.7450000047683716,1.7401000261306763,1.7450000047683716,1606,0.0,0.0
2026-04-02 13:50:00-04:00,1.7401000261306763,1.7450000047683716,1.7400000095367432,1.7400000095367432,1576,0.0,0.0
2026-04-02 13:51:00-04:00,1.749899983406067,1.749899983406067,1.7400000095367432,1.7450000047683716,711,0.0,0.0
2026-04-02 13:52:00-04:00,1.7401000261306763,1.7450000047683716,1.7400000095367432,1.7401000261306763,1938,0.0,0.0
2026-04-02 13:53:00-04:00,1.7401000261306763,1.7472000122070312,1.7400000095367432,1.7400000095367432,7648,0.0,0.0
2026-04-02 13:54:00-04:00,1.7450000047683716,1.7450000047683716,1.7400000095367432,1.7400000095367432,2701,0.0,0.0
2026-04-02 13:55:00-04:00,1.7450000047683716,1.75,1.7450000047683716,1.75,1819,0.0,0.0
2026-04-02 13:56:00-04:00,1.7450000047683716,1.7450000047683716,1.7400000095367432,1.7400000095367432,1536,0.0,0.0
2026-04-02 13:57:00-04:00,1.7400000095367432,1.75,1.7400000095367432,1.7400000095367432,1402,0.0,0.0
2026-04-02 13:58:00-04:00,1.7400000095367432,1.7450000047683716,1.7400000095367432,1.7400000095367432,4524,0.0,0.0
2026-04-02 13:59:00-04:00,1.7400000095367432,1.7450000047683716,1.7400000095367432,1.7400000095367432,1850,0.0,0.0
2026-04-02 14:00:00-04:00,1.7450000047683716,1.7450000047683716,1.7400000095367432,1.7450000047683716,10366,0.0,0.0
2026-04-02 14:02:00-04:00,1.7450000047683716,1.7450000047683716,1.7401000261306763,1.7401000261306763,1363,0.0,0.0
2026-04-02 14:03:00-04:00,1.7462999820709229,1.75,1.7400000095367432,1.7450000047683716,10788,0.0,0.0
2026-04-02 14:04:00-04:00,1.7450000047683716,1.7450000047683716,1.7450000047683716,1.7450000047683716,1671,0.0,0.0
2026-04-02 14:05:00-04:00,1.7450000047683716,1.75,1.7400000095367432,1.75,6136,0.0,0.0
2026-04-02 14:06:00-04:00,1.7450000047683716,1.7450000047683716,1.7400000095367432,1.7400000095367432,1744,0.0,0.0
2026-04-02 14:08:00-04:00,1.75,1.75,1.7400000095367432,1.7450000047683716,4063,0.0,0.0
2026-04-02 14:09:00-04:00,1.7450000047683716,1.7450000047683716,1.7401000261306763,1.7401000261306763,307,0.0,0.0
2026-04-02 14:10:00-04:00,1.7401000261306763,1.7450000047683716,1.7401000261306763,1.7450000047683716,500,0.0,0.0
2026-04-02 14:11:00-04:00,1.7401000261306763,1.75,1.7400000095367432,1.7400000095367432,1844,0.0,0.0
2026-04-02 14:12:00-04:00,1.7401000261306763,1.7450000047683716,1.7401000261306763,1.7450000047683716,1037,0.0,0.0
2026-04-02 14:13:00-04:00,1.7450000047683716,1.75,1.7450000047683716,1.7450000047683716,2031,0.0,0.0
2026-04-02 14:14:00-04:00,1.7401000261306763,1.75,1.7401000261306763,1.7401000261306763,1976,0.0,0.0
2026-04-02 14:15:00-04:00,1.7401000261306763,1.7480000257492065,1.7401000261306763,1.7401000261306763,1000,0.0,0.0
2026-04-02 14:16:00-04:00,1.7401000261306763,1.75,1.7401000261306763,1.7401000261306763,1020,0.0,0.0
2026-04-02 14:17:00-04:00,1.7401000261306763,1.7599999904632568,1.7401000261306763,1.7549999952316284,164255,0.0,0.0
2026-04-02 14:18:00-04:00,1.7549999952316284,1.7578999996185303,1.7549999952316284,1.7578999996185303,1552,0.0,0.0
2026-04-02 14:19:00-04:00,1.7549999952316284,1.7599999904632568,1.7549999952316284,1.7549999952316284,1174,0.0,0.0
2026-04-02 14:20:00-04:00,1.75,1.7562999725341797,1.75,1.7549999952316284,1770,0.0,0.0
2026-04-02 14:21:00-04:00,1.7598999738693237,1.7599999904632568,1.7549999952316284,1.7549999952316284,2074,0.0,0.0
2026-04-02 14:22:00-04:00,1.7598999738693237,1.7598999738693237,1.75,1.7549999952316284,2143,0.0,0.0
2026-04-02 14:23:00-04:00,1.7599999904632568,1.7599999904632568,1.7599999904632568,1.7599999904632568,101,0.0,0.0
2026-04-02 14:24:00-04:00,1.7549999952316284,1.7599999904632568,1.75,1.7549999952316284,2166,0.0,0.0
2026-04-02 14:25:00-04:00,1.7549999952316284,1.7549999952316284,1.75,1.7549999952316284,1840,0.0,0.0
2026-04-02 14:26:00-04:00,1.7549999952316284,1.7549999952316284,1.7549999952316284,1.7549999952316284,802,0.0,0.0
2026-04-02 14:27:00-04:00,1.75,1.7599999904632568,1.75,1.7549999952316284,1876,0.0,0.0
2026-04-02 14:28:00-04:00,1.7549999952316284,1.7549999952316284,1.7549999952316284,1.7549999952316284,1678,0.0,0.0
2026-04-02 14:29:00-04:00,1.7592999935150146,1.7592999935150146,1.75,1.75,1732,0.0,0.0
2026-04-02 14:30:00-04:00,1.7549999952316284,1.7549999952316284,1.75,1.75,671,0.0,0.0
2026-04-02 14:31:00-04:00,1.7599999904632568,1.7599999904632568,1.75,1.7549999952316284,2365,0.0,0.0
2026-04-02 14:32:00-04:00,1.7549999952316284,1.7549999952316284,1.7549999952316284,1.7549999952316284,850,0.0,0.0
2026-04-02 14:33:00-04:00,1.75,1.750100016593933,1.75,1.75,1777,0.0,0.0
2026-04-02 14:34:00-04:00,1.7549999952316284,1.7549999952316284,1.7549999952316284,1.7549999952316284,4332,0.0,0.0
2026-04-02 14:35:00-04:00,1.7599999904632568,1.7599999904632568,1.7549999952316284,1.7549999952316284,2310,0.0,0.0
2026-04-02 14:36:00-04:00,1.7549999952316284,1.7599999904632568,1.75,1.75,1355,0.0,0.0
2026-04-02 14:37:00-04:00,1.7549999952316284,1.7549999952316284,1.75,1.7549999952316284,2126,0.0,0.0
2026-04-02 14:38:00-04:00,1.7549999952316284,1.7592999935150146,1.7549999952316284,1.7592999935150146,516,0.0,0.0
2026-04-02 14:39:00-04:00,1.7549999952316284,1.7549999952316284,1.75,1.75,2275,0.0,0.0
2026-04-02 14:40:00-04:00,1.7549999952316284,1.7549999952316284,1.7549999952316284,1.7549999952316284,2239,0.0,0.0
2026-04-02 14:41:00-04:00,1.7591999769210815,1.7599999904632568,1.7549999952316284,1.7549999952316284,15022,0.0,0.0
2026-04-02 14:42:00-04:00,1.7549999952316284,1.7581000328063965,1.7549999952316284,1.7581000328063965,3349,0.0,0.0
2026-04-02 14:43:00-04:00,1.7549999952316284,1.7590999603271484,1.7549999952316284,1.7549999952316284,1818,0.0,0.0
2026-04-02 14:44:00-04:00,1.7549999952316284,1.7599999904632568,1.7549999952316284,1.7549999952316284,2936,0.0,0.0
2026-04-02 14:45:00-04:00,1.7549999952316284,1.7599999904632568,1.7549999952316284,1.7549999952316284,10325,0.0,0.0
2026-04-02 14:46:00-04:00,1.7599999904632568,1.7599999904632568,1.7549999952316284,1.7549999952316284,704,0.0,0.0
2026-04-02 14:47:00-04:00,1.7599999904632568,1.7599999904632568,1.7549999952316284,1.7549999952316284,831,0.0,0.0
2026-04-02 14:48:00-04:00,1.7549999952316284,1.7599999904632568,1.75,1.75,2776,0.0,0.0
2026-04-02 14:49:00-04:00,1.7549999952316284,1.7599999904632568,1.7549999952316284,1.7549999952316284,1202,0.0,0.0
2026-04-02 14:50:00-04:00,1.7549999952316284,1.7549999952316284,1.7549999952316284,1.7549999952316284,2003,0.0,0.0
2026-04-02 14:51:00-04:00,1.7549999952316284,1.7599999904632568,1.75,1.7599999904632568,2308,0.0,0.0
2026-04-02 14:52:00-04:00,1.7549999952316284,1.7599999904632568,1.7549999952316284,1.7549999952316284,1964,0.0,0.0
2026-04-02 14:53:00-04:00,1.7549999952316284,1.7599999904632568,1.7549999952316284,1.7549999952316284,2893,0.0,0.0
2026-04-02 14:54:00-04:00,1.7549999952316284,1.7549999952316284,1.7549999952316284,1.7549999952316284,2289,0.0,0.0
2026-04-02 14:55:00-04:00,1.7549999952316284,1.7599999904632568,1.75,1.7549999952316284,5282,0.0,0.0
2026-04-02 14:56:00-04:00,1.7549999952316284,1.7599999904632568,1.75,1.75,2605,0.0,0.0
2026-04-02 14:57:00-04:00,1.7549999952316284,1.7549999952316284,1.7549999952316284,1.7549999952316284,1616,0.0,0.0
2026-04-02 14:58:00-04:00,1.7549999952316284,1.7599999904632568,1.7549999952316284,1.7549999952316284,3412,0.0,0.0
2026-04-02 14:59:00-04:00,1.7599999904632568,1.7599999904632568,1.75,1.7549999952316284,6273,0.0,0.0
2026-04-02 15:00:00-04:00,1.7549999952316284,1.7549999952316284,1.75,1.7549999952316284,1112,0.0,0.0
2026-04-02 15:01:00-04:00,1.7599999904632568,1.7599999904632568,1.7549999952316284,1.7549999952316284,1772,0.0,0.0
2026-04-02 15:02:00-04:00,1.7578999996185303,1.7599999904632568,1.7549999952316284,1.7549999952316284,3310,0.0,0.0
2026-04-02 15:03:00-04:00,1.7549999952316284,1.7599999904632568,1.7549999952316284,1.7549999952316284,18486,0.0,0.0
2026-04-02 15:04:00-04:00,1.7549999952316284,1.7599999904632568,1.7549999952316284,1.7549999952316284,3212,0.0,0.0
2026-04-02 15:05:00-04:00,1.7599999904632568,1.7599999904632568,1.75,1.7599999904632568,2735,0.0,0.0
2026-04-02 15:06:00-04:00,1.7599999904632568,1.7599999904632568,1.7549999952316284,1.7549999952316284,461,0.0,0.0
2026-04-02 15:07:00-04:00,1.7554999589920044,1.7599999904632568,1.7549999952316284,1.7599999904632568,3080,0.0,0.0
2026-04-02 15:08:00-04:00,1.7599999904632568,1.7599999904632568,1.75,1.7599999904632568,3298,0.0,0.0
2026-04-02 15:09:00-04:00,1.7549999952316284,1.7599999904632568,1.7549999952316284,1.7599999904632568,1593,0.0,0.0
2026-04-02 15:10:00-04:00,1.7549999952316284,1.7599999904632568,1.7549999952316284,1.7549999952316284,2119,0.0,0.0
2026-04-02 15:11:00-04:00,1.7549999952316284,1.7549999952316284,1.75,1.7549999952316284,1721,0.0,0.0
2026-04-02 15:12:00-04:00,1.7549999952316284,1.7599999904632568,1.7549999952316284,1.7549999952316284,2220,0.0,0.0
2026-04-02 15:13:00-04:00,1.7549999952316284,1.7599999904632568,1.7549999952316284,1.7549999952316284,966,0.0,0.0
2026-04-02 15:14:00-04:00,1.7599999904632568,1.7599999904632568,1.75,1.75,4265,0.0,0.0
2026-04-02 15:15:00-04:00,1.7599999904632568,1.7599999904632568,1.7549999952316284,1.7549999952316284,4100,0.0,0.0
2026-04-02 15:16:00-04:00,1.7549999952316284,1.7549999952316284,1.7549999952316284,1.7549999952316284,718,0.0,0.0
2026-04-02 15:17:00-04:00,1.75,1.7599999904632568,1.75,1.7549999952316284,2330,0.0,0.0
2026-04-02 15:18:00-04:00,1.7549999952316284,1.7549999952316284,1.7549999952316284,1.7549999952316284,2382,0.0,0.0
2026-04-02 15:19:00-04:00,1.7599999904632568,1.7599999904632568,1.7549999952316284,1.7549999952316284,2649,0.0,0.0
2026-04-02 15:20:00-04:00,1.7549999952316284,1.7599999904632568,1.7549999952316284,1.7599999904632568,12428,0.0,0.0
2026-04-02 15:21:00-04:00,1.75,1.7599999904632568,1.75,1.7599999904632568,10254,0.0,0.0
2026-04-02 15:22:00-04:00,1.75,1.7599999904632568,1.75,1.7599999904632568,33666,0.0,0.0
2026-04-02 15:23:00-04:00,1.7599999904632568,1.7599999904632568,1.7549999952316284,1.7549999952316284,23146,0.0,0.0
2026-04-02 15:24:00-04:00,1.7549999952316284,1.7599999904632568,1.75,1.7549999952316284,15124,0.0,0.0
2026-04-02 15:25:00-04:00,1.7599999904632568,1.7599999904632568,1.75,1.7549999952316284,18884,0.0,0.0
2026-04-02 15:26:00-04:00,1.7549999952316284,1.7549999952316284,1.7450000047683716,1.7450000047683716,71013,0.0,0.0
2026-04-02 15:27:00-04:00,1.7450000047683716,1.7450000047683716,1.7400000095367432,1.7450000047683716,25045,0.0,0.0
2026-04-02 15:28:00-04:00,1.7401000261306763,1.7493000030517578,1.7400000095367432,1.7450000047683716,10452,0.0,0.0
2026-04-02 15:29:00-04:00,1.7400000095367432,1.7450000047683716,1.7400000095367432,1.7400000095367432,11144,0.0,0.0
2026-04-02 15:30:00-04:00,1.7450000047683716,1.7450000047683716,1.7400000095367432,1.7400000095367432,10067,0.0,0.0
2026-04-02 15:31:00-04:00,1.7400000095367432,1.749899983406067,1.7400000095367432,1.749899983406067,10288,0.0,0.0
2026-04-02 15:32:00-04:00,1.7450000047683716,1.7450000047683716,1.7400000095367432,1.7450000047683716,15824,0.0,0.0
2026-04-02 15:33:00-04:00,1.7450000047683716,1.7490999698638916,1.7400000095367432,1.7450000047683716,10005,0.0,0.0
2026-04-02 15:34:00-04:00,1.7450000047683716,1.7450000047683716,1.7400000095367432,1.7450000047683716,7054,0.0,0.0
2026-04-02 15:35:00-04:00,1.7400000095367432,1.7450000047683716,1.7400000095367432,1.7450000047683716,7741,0.0,0.0
2026-04-02 15:36:00-04:00,1.7400000095367432,1.7450000047683716,1.7400000095367432,1.7450000047683716,22562,0.0,0.0
2026-04-02 15:37:00-04:00,1.7450000047683716,1.7450000047683716,1.7400000095367432,1.7401000261306763,8796,0.0,0.0
2026-04-02 15:38:00-04:00,1.75,1.75,1.7450000047683716,1.7450000047683716,9798,0.0,0.0
2026-04-02 15:39:00-04:00,1.7450000047683716,1.7450000047683716,1.7400000095367432,1.7400000095367432,11267,0.0,0.0
2026-04-02 15:40:00-04:00,1.7400000095367432,1.7450000047683716,1.7400000095367432,1.7450000047683716,12185,0.0,0.0
2026-04-02 15:41:00-04:00,1.7450000047683716,1.746999979019165,1.7400000095367432,1.7450000047683716,13001,0.0,0.0
2026-04-02 15:42:00-04:00,1.7450000047683716,1.75,1.7400000095367432,1.7450000047683716,10667,0.0,0.0
2026-04-02 15:43:00-04:00,1.7450000047683716,1.7450000047683716,1.7400000095367432,1.7400000095367432,15077,0.0,0.0
2026-04-02 15:44:00-04:00,1.7450000047683716,1.7450000047683716,1.7400000095367432,1.7400000095367432,10023,0.0,0.0
2026-04-02 15:45:00-04:00,1.7402000427246094,1.7450000047683716,1.7400000095367432,1.7450000047683716,9822,0.0,0.0
2026-04-02 15:46:00-04:00,1.75,1.75,1.7450000047683716,1.7450000047683716,3473,0.0,0.0
2026-04-02 15:47:00-04:00,1.7450000047683716,1.7450000047683716,1.7400000095367432,1.7450000047683716,16772,0.0,0.0
2026-04-02 15:48:00-04:00,1.7450000047683716,1.7450000047683716,1.7400000095367432,1.7400000095367432,3433,0.0,0.0
2026-04-02 15:49:00-04:00,1.7401000261306763,1.75,1.7400000095367432,1.7400000095367432,12230,0.0,0.0
2026-04-02 15:50:00-04:00,1.7450000047683716,1.7450000047683716,1.725000023841858,1.725000023841858,143039,0.0,0.0
2026-04-02 15:51:00-04:00,1.725000023841858,1.725000023841858,1.7200000286102295,1.725000023841858,3159,0.0,0.0
2026-04-02 15:52:00-04:00,1.725000023841858,1.725000023841858,1.7200000286102295,1.725000023841858,15728,0.0,0.0
2026-04-02 15:53:00-04:00,1.7299000024795532,1.7299000024795532,1.7299000024795532,1.7299000024795532,317,0.0,0.0
2026-04-02 15:54:00-04:00,1.725000023841858,1.725000023841858,1.725000023841858,1.725000023841858,22988,0.0,0.0
2026-04-02 15:55:00-04:00,1.7300000190734863,1.7300000190734863,1.7201000452041626,1.725000023841858,78180,0.0,0.0
2026-04-02 15:56:00-04:00,1.725000023841858,1.7300000190734863,1.715000033378601,1.715000033378601,50676,0.0,0.0
2026-04-02 15:57:00-04:00,1.715000033378601,1.7300000190734863,1.7100000381469727,1.7300000190734863,199100,0.0,0.0
2026-04-02 15:58:00-04:00,1.725000023841858,1.7300000190734863,1.7200000286102295,1.725000023841858,61367,0.0,0.0
2026-04-02 15:59:00-04:00,1.725000023841858,1.7300000190734863,1.7200000286102295,1.7278000116348267,110008,0.0,0.0
2026-04-06 09:30:00-04:00,1.7300000190734863,1.73989999294281,1.7300000190734863,1.7300000190734863,58497,0.0,0.0
2026-04-06 09:31:00-04:00,1.7400000095367432,1.7479000091552734,1.7350000143051147,1.7450000047683716,13632,0.0,0.0
2026-04-06 09:32:00-04:00,1.7450000047683716,1.749899983406067,1.7401000261306763,1.743499994277954,25317,0.0,0.0
2026-04-06 09:33:00-04:00,1.7450000047683716,1.746000051498413,1.7450000047683716,1.7450000047683716,2020,0.0,0.0
2026-04-06 09:34:00-04:00,1.7450000047683716,1.75,1.7440999746322632,1.7440999746322632,9927,0.0,0.0
2026-04-06 09:35:00-04:00,1.746000051498413,1.7799999713897705,1.7401000261306763,1.774999976158142,67157,0.0,0.0
2026-04-06 09:36:00-04:00,1.7700999975204468,1.7760000228881836,1.7699999809265137,1.7710000276565552,14347,0.0,0.0
2026-04-06 09:37:00-04:00,1.774999976158142,1.7799999713897705,1.771399974822998,1.7799999713897705,2950,0.0,0.0
2026-04-06 09:38:00-04:00,1.7699999809265137,1.7723000049591064,1.7649999856948853,1.7700999975204468,20714,0.0,0.0
2026-04-06 09:39:00-04:00,1.7799999713897705,1.784999966621399,1.774999976158142,1.784999966621399,17409,0.0,0.0
2026-04-06 09:40:00-04:00,1.784999966621399,1.7899999618530273,1.784999966621399,1.784999966621399,4708,0.0,0.0
2026-04-06 09:41:00-04:00,1.784999966621399,1.7999999523162842,1.784999966621399,1.7949999570846558,13413,0.0,0.0
2026-04-06 09:42:00-04:00,1.7949999570846558,1.8049999475479126,1.7949999570846558,1.8049999475479126,7546,0.0,0.0
2026-04-06 09:43:00-04:00,1.809999942779541,1.809999942779541,1.8049999475479126,1.8049999475479126,2189,0.0,0.0
2026-04-06 09:44:00-04:00,1.809999942779541,1.809999942779541,1.7899999618530273,1.7899999618530273,23073,0.0,0.0
2026-04-06 09:45:00-04:00,1.789199948310852,1.7899999618530273,1.7799999713897705,1.7899999618530273,19586,0.0,0.0
2026-04-06 09:46:00-04:00,1.7898999452590942,1.7898999452590942,1.784999966621399,1.7898999452590942,1876,0.0,0.0
2026-04-06 09:47:00-04:00,1.784999966621399,1.784999966621399,1.784999966621399,1.784999966621399,1542,0.0,0.0
2026-04-06 09:48:00-04:00,1.7899999618530273,1.7899999618530273,1.7899999618530273,1.7899999618530273,111,0.0,0.0
2026-04-06 09:49:00-04:00,1.784999966621399,1.7899999618530273,1.784999966621399,1.784999966621399,22269,0.0,0.0
2026-04-06 09:50:00-04:00,1.784999966621399,1.7999000549316406,1.784999966621399,1.7949999570846558,136784,0.0,0.0
2026-04-06 09:51:00-04:00,1.7949999570846558,1.7999999523162842,1.7949999570846558,1.7999999523162842,1261,0.0,0.0
2026-04-06 09:52:00-04:00,1.7999999523162842,1.8049999475479126,1.7949999570846558,1.8049999475479126,7082,0.0,0.0
2026-04-06 09:53:00-04:00,1.8000999689102173,1.8049999475479126,1.8000999689102173,1.8049999475479126,1785,0.0,0.0
2026-04-06 09:54:00-04:00,1.8049999475479126,1.8049999475479126,1.7949999570846558,1.7978999614715576,18775,0.0,0.0
2026-04-06 09:55:00-04:00,1.797700047492981,1.8049999475479126,1.7949999570846558,1.8049999475479126,15069,0.0,0.0
2026-04-06 09:56:00-04:00,1.807800054550171,1.809000015258789,1.8049999475479126,1.8049999475479126,7862,0.0,0.0
2026-04-06 09:57:00-04:00,1.8049999475479126,1.809999942779541,1.8049999475479126,1.8075000047683716,1573,0.0,0.0
2026-04-06 09:58:00-04:00,1.809999942779541,1.815000057220459,1.8049999475479126,1.815000057220459,11022,0.0,0.0
2026-04-06 09:59:00-04:00,1.8199000358581543,1.8199000358581543,1.8199000358581543,1.8199000358581543,5971,0.0,0.0
2026-04-06 10:00:00-04:00,1.812000036239624,1.8250000476837158,1.812000036239624,1.8200000524520874,37191,0.0,0.0
2026-04-06 10:01:00-04:00,1.8199000358581543,1.8200000524520874,1.815000057220459,1.8200000524520874,7285,0.0,0.0
2026-04-06 10:02:00-04:00,1.8200000524520874,1.8250000476837158,1.81850004196167,1.8250000476837158,6001,0.0,0.0
2026-04-06 10:03:00-04:00,1.8300000429153442,1.8300000429153442,1.8250000476837158,1.8250000476837158,20052,0.0,0.0
2026-04-06 10:04:00-04:00,1.8200000524520874,1.8250000476837158,1.8200000524520874,1.8250000476837158,12914,0.0,0.0
2026-04-06 10:05:00-04:00,1.8250000476837158,1.8350000381469727,1.820099949836731,1.8253999948501587,157691,0.0,0.0
2026-04-06 10:06:00-04:00,1.8200000524520874,1.8300000429153442,1.8200000524520874,1.8288999795913696,23919,0.0,0.0
2026-04-06 10:07:00-04:00,1.8300000429153442,1.8350000381469727,1.820099949836731,1.8250000476837158,101768,0.0,0.0
2026-04-06 10:08:00-04:00,1.8250000476837158,1.837399959564209,1.8250000476837158,1.8300000429153442,113520,0.0,0.0
2026-04-06 10:09:00-04:00,1.8250000476837158,1.8300000429153442,1.8250000476837158,1.8250000476837158,17687,0.0,0.0
2026-04-06 10:10:00-04:00,1.8250000476837158,1.8300000429153442,1.8209999799728394,1.8250000476837158,15732,0.0,0.0
2026-04-06 10:11:00-04:00,1.8250000476837158,1.8250000476837158,1.8250000476837158,1.8250000476837158,437,0.0,0.0
2026-04-06 10:12:00-04:00,1.8250000476837158,1.8250000476837158,1.8250000476837158,1.8250000476837158,3709,0.0,0.0
2026-04-06 10:13:00-04:00,1.8216999769210815,1.8300000429153442,1.8216999769210815,1.8250000476837158,9698,0.0,0.0
2026-04-06 10:14:00-04:00,1.8250000476837158,1.8250000476837158,1.823699951171875,1.823699951171875,11819,0.0,0.0
2026-04-06 10:15:00-04:00,1.8250000476837158,1.8250000476837158,1.820099949836731,1.822100043296814,12728,0.0,0.0
2026-04-06 10:16:00-04:00,1.8250000476837158,1.8300000429153442,1.815000057220459,1.815000057220459,19633,0.0,0.0
2026-04-06 10:17:00-04:00,1.815000057220459,1.8166999816894531,1.8020999431610107,1.8020999431610107,5802,0.0,0.0
2026-04-06 10:18:00-04:00,1.8049999475479126,1.8049999475479126,1.8049999475479126,1.8049999475479126,1059,0.0,0.0
2026-04-06 10:19:00-04:00,1.8049999475479126,1.809999942779541,1.7999999523162842,1.8049999475479126,121006,0.0,0.0
2026-04-06 10:20:00-04:00,1.8049999475479126,1.8049999475479126,1.8049999475479126,1.8049999475479126,934,0.0,0.0
2026-04-06 10:21:00-04:00,1.8049999475479126,1.809999942779541,1.8049999475479126,1.8076000213623047,4055,0.0,0.0
2026-04-06 10:22:00-04:00,1.809999942779541,1.809999942779541,1.809999942779541,1.809999942779541,942,0.0,0.0
2026-04-06 10:23:00-04:00,1.8087999820709229,1.8099000453948975,1.8087999820709229,1.8099000453948975,12482,0.0,0.0
2026-04-06 10:24:00-04:00,1.8049999475479126,1.8049999475479126,1.8049999475479126,1.8049999475479126,678,0.0,0.0
2026-04-06 10:25:00-04:00,1.8049999475479126,1.8049999475479126,1.8032000064849854,1.8032000064849854,8840,0.0,0.0
2026-04-06 10:26:00-04:00,1.808500051498413,1.8200000524520874,1.808500051498413,1.8200000524520874,8468,0.0,0.0
2026-04-06 10:27:00-04:00,1.815000057220459,1.8250000476837158,1.815000057220459,1.8250000476837158,9891,0.0,0.0
2026-04-06 10:28:00-04:00,1.8250000476837158,1.8250000476837158,1.8250000476837158,1.8250000476837158,3007,0.0,0.0
2026-04-06 10:30:00-04:00,1.8250000476837158,1.8300000429153442,1.8250000476837158,1.8299000263214111,3405,0.0,0.0
2026-04-06 10:31:00-04:00,1.8300000429153442,1.8300000429153442,1.8250000476837158,1.8250000476837158,16715,0.0,0.0
2026-04-06 10:32:00-04:00,1.8250000476837158,1.8350000381469727,1.8250000476837158,1.8300000429153442,134448,0.0,0.0
2026-04-06 10:33:00-04:00,1.8300000429153442,1.8300000429153442,1.8250000476837158,1.8250000476837158,7814,0.0,0.0
2026-04-06 10:34:00-04:00,1.8250000476837158,1.8250000476837158,1.8250000476837158,1.8250000476837158,496,0.0,0.0
2026-04-06 10:35:00-04:00,1.8300000429153442,1.840000033378601,1.8300000429153442,1.8350000381469727,46466,0.0,0.0
2026-04-06 10:36:00-04:00,1.8350000381469727,1.8394999504089355,1.8300000429153442,1.8350000381469727,14148,0.0,0.0
2026-04-06 10:37:00-04:00,1.8350000381469727,1.8350000381469727,1.8350000381469727,1.8350000381469727,1547,0.0,0.0
2026-04-06 10:38:00-04:00,1.8350000381469727,1.8350000381469727,1.8200000524520874,1.8250000476837158,37954,0.0,0.0
2026-04-06 10:39:00-04:00,1.8250000476837158,1.8250000476837158,1.8250000476837158,1.8250000476837158,3149,0.0,0.0
2026-04-06 10:40:00-04:00,1.8250000476837158,1.8250000476837158,1.8209999799728394,1.8250000476837158,2196,0.0,0.0
2026-04-06 10:41:00-04:00,1.8250000476837158,1.8250000476837158,1.820099949836731,1.8250000476837158,24738,0.0,0.0
2026-04-06 10:42:00-04:00,1.8250000476837158,1.8250000476837158,1.815000057220459,1.815000057220459,13501,0.0,0.0
2026-04-06 10:43:00-04:00,1.815000057220459,1.81850004196167,1.815000057220459,1.81850004196167,10937,0.0,0.0
2026-04-06 10:44:00-04:00,1.815000057220459,1.8287999629974365,1.815000057220459,1.8250000476837158,25649,0.0,0.0
2026-04-06 10:45:00-04:00,1.8250000476837158,1.825600028038025,1.8250000476837158,1.8250000476837158,8679,0.0,0.0
2026-04-06 10:46:00-04:00,1.8250000476837158,1.8250000476837158,1.8200000524520874,1.8200000524520874,11055,0.0,0.0
2026-04-06 10:47:00-04:00,1.815000057220459,1.815000057220459,1.815000057220459,1.815000057220459,9583,0.0,0.0
2026-04-06 10:48:00-04:00,1.8199000358581543,1.8199000358581543,1.815000057220459,1.815000057220459,922,0.0,0.0
2026-04-06 10:49:00-04:00,1.815000057220459,1.815000057220459,1.815000057220459,1.815000057220459,1898,0.0,0.0
2026-04-06 10:50:00-04:00,1.8164000511169434,1.8164000511169434,1.8145999908447266,1.815000057220459,2888,0.0,0.0
2026-04-06 10:51:00-04:00,1.809999942779541,1.815000057220459,1.809999942779541,1.815000057220459,2967,0.0,0.0
2026-04-06 10:53:00-04:00,1.8200000524520874,1.8200000524520874,1.815000057220459,1.815000057220459,1921,0.0,0.0
2026-04-06 10:54:00-04:00,1.8200000524520874,1.8200000524520874,1.815000057220459,1.815000057220459,1221,0.0,0.0
2026-04-06 10:55:00-04:00,1.8131999969482422,1.815000057220459,1.8131999969482422,1.815000057220459,685,0.0,0.0
2026-04-06 10:56:00-04:00,1.8200000524520874,1.8200000524520874,1.8200000524520874,1.8200000524520874,1347,0.0,0.0
2026-04-06 10:57:00-04:00,1.815000057220459,1.8200000524520874,1.815000057220459,1.8200000524520874,5025,0.0,0.0
2026-04-06 10:58:00-04:00,1.8200000524520874,1.8200000524520874,1.8200000524520874,1.8200000524520874,612,0.0,0.0
2026-04-06 10:59:00-04:00,1.8200000524520874,1.8200000524520874,1.8200000524520874,1.8200000524520874,2192,0.0,0.0
2026-04-06 11:01:00-04:00,1.815000057220459,1.8200000524520874,1.809999942779541,1.809999942779541,3432,0.0,0.0
2026-04-06 11:02:00-04:00,1.8200000524520874,1.8200000524520874,1.809999942779541,1.809999942779541,1348,0.0,0.0
2026-04-06 11:03:00-04:00,1.8200000524520874,1.8200000524520874,1.8200000524520874,1.8200000524520874,1201,0.0,0.0
2026-04-06 11:04:00-04:00,1.809999942779541,1.815000057220459,1.809999942779541,1.815000057220459,1074,0.0,0.0
2026-04-06 11:05:00-04:00,1.8200000524520874,1.8200000524520874,1.8200000524520874,1.8200000524520874,514,0.0,0.0
2026-04-06 11:06:00-04:00,1.8200000524520874,1.8200000524520874,1.8200000524520874,1.8200000524520874,1251,0.0,0.0
2026-04-06 11:07:00-04:00,1.8200000524520874,1.8200000524520874,1.8200000524520874,1.8200000524520874,501,0.0,0.0
2026-04-06 11:08:00-04:00,1.8178000450134277,1.8200000524520874,1.809999942779541,1.809999942779541,1961,0.0,0.0
2026-04-06 11:09:00-04:00,1.8200000524520874,1.8250000476837158,1.8200000524520874,1.8250000476837158,10073,0.0,0.0
2026-04-06 11:10:00-04:00,1.8240000009536743,1.8250000476837158,1.8240000009536743,1.8250000476837158,2360,0.0,0.0
2026-04-06 11:11:00-04:00,1.8299000263214111,1.8300000429153442,1.8250000476837158,1.8250000476837158,2333,0.0,0.0
2026-04-06 11:12:00-04:00,1.8250000476837158,1.8350000381469727,1.8250000476837158,1.8350000381469727,17550,0.0,0.0
2026-04-06 11:13:00-04:00,1.840000033378601,1.8450000286102295,1.832200050354004,1.8350000381469727,37970,0.0,0.0
2026-04-06 11:14:00-04:00,1.8350000381469727,1.8350000381469727,1.8331999778747559,1.8331999778747559,2077,0.0,0.0
2026-04-06 11:15:00-04:00,1.840000033378601,1.8450000286102295,1.8300000429153442,1.8350000381469727,26814,0.0,0.0
2026-04-06 11:16:00-04:00,1.8350000381469727,1.8350000381469727,1.8350000381469727,1.8350000381469727,469,0.0,0.0
2026-04-06 11:17:00-04:00,1.8350000381469727,1.8350000381469727,1.8350000381469727,1.8350000381469727,1281,0.0,0.0
2026-04-06 11:18:00-04:00,1.839900016784668,1.840000033378601,1.8350000381469727,1.840000033378601,16529,0.0,0.0
2026-04-06 11:19:00-04:00,1.8381999731063843,1.8381999731063843,1.8350000381469727,1.8350000381469727,4006,0.0,0.0
2026-04-06 11:20:00-04:00,1.8350000381469727,1.8450000286102295,1.8350000381469727,1.840000033378601,128044,0.0,0.0
2026-04-06 11:21:00-04:00,1.8350000381469727,1.8600000143051147,1.8350000381469727,1.8450000286102295,182033,0.0,0.0
2026-04-06 11:22:00-04:00,1.8450000286102295,1.8496999740600586,1.8450000286102295,1.8450000286102295,4563,0.0,0.0
2026-04-06 11:23:00-04:00,1.8450000286102295,1.8450000286102295,1.844599962234497,1.844599962234497,3394,0.0,0.0
2026-04-06 11:24:00-04:00,1.840000033378601,1.850000023841858,1.840000033378601,1.8450000286102295,77171,0.0,0.0
2026-04-06 11:26:00-04:00,1.8450000286102295,1.8450000286102295,1.8450000286102295,1.8450000286102295,1300,0.0,0.0
2026-04-06 11:27:00-04:00,1.8450000286102295,1.8479000329971313,1.8450000286102295,1.8479000329971313,1492,0.0,0.0
2026-04-06 11:28:00-04:00,1.8450000286102295,1.8497999906539917,1.8401000499725342,1.8450000286102295,2350,0.0,0.0
2026-04-06 11:29:00-04:00,1.840000033378601,1.850000023841858,1.840000033378601,1.850000023841858,15441,0.0,0.0
2026-04-06 11:30:00-04:00,1.840000033378601,1.850000023841858,1.840000033378601,1.850000023841858,18397,0.0,0.0
2026-04-06 11:31:00-04:00,1.8450000286102295,1.850000023841858,1.8450000286102295,1.850000023841858,33224,0.0,0.0
2026-04-06 11:32:00-04:00,1.850000023841858,1.850000023841858,1.8450000286102295,1.850000023841858,22401,0.0,0.0
2026-04-06 11:33:00-04:00,1.8450000286102295,1.8461999893188477,1.8450000286102295,1.8461999893188477,818,0.0,0.0
2026-04-06 11:34:00-04:00,1.8487000465393066,1.8598999977111816,1.8450000286102295,1.8598999977111816,78571,0.0,0.0
2026-04-06 11:35:00-04:00,1.8550000190734863,1.8650000095367432,1.8550000190734863,1.8650000095367432,43526,0.0,0.0
2026-04-06 11:36:00-04:00,1.8650000095367432,1.8700000047683716,1.8650000095367432,1.8700000047683716,56770,0.0,0.0
2026-04-06 11:37:00-04:00,1.8700000047683716,1.875,1.8650000095367432,1.8700000047683716,129925,0.0,0.0
2026-04-06 11:38:00-04:00,1.8698999881744385,1.875,1.8650000095367432,1.8700000047683716,35640,0.0,0.0
2026-04-06 11:39:00-04:00,1.875,1.8799999952316284,1.8716000318527222,1.875,23432,0.0,0.0
2026-04-06 11:40:00-04:00,1.875,1.875,1.8700000047683716,1.875,5675,0.0,0.0
2026-04-06 11:41:00-04:00,1.875,1.8777999877929688,1.8700000047683716,1.8777999877929688,7527,0.0,0.0
2026-04-06 11:42:00-04:00,1.875,1.8799999952316284,1.875,1.875,43591,0.0,0.0
2026-04-06 11:43:00-04:00,1.875,1.8799999952316284,1.8650000095367432,1.867799997329712,59065,0.0,0.0
2026-04-06 11:44:00-04:00,1.8700000047683716,1.8799999952316284,1.8650000095367432,1.875,48210,0.0,0.0
2026-04-06 11:45:00-04:00,1.875,1.8799999952316284,1.8650000095367432,1.8650000095367432,26152,0.0,0.0
2026-04-06 11:46:00-04:00,1.8700000047683716,1.8700000047683716,1.8632999658584595,1.8650000095367432,41081,0.0,0.0
2026-04-06 11:47:00-04:00,1.875,1.8799999952316284,1.875,1.875,169859,0.0,0.0
2026-04-06 11:48:00-04:00,1.8799999952316284,1.8849999904632568,1.8700000047683716,1.8849999904632568,73667,0.0,0.0
2026-04-06 11:49:00-04:00,1.8849999904632568,1.8899999856948853,1.8849999904632568,1.8870999813079834,61603,0.0,0.0
2026-04-06 11:50:00-04:00,1.8899999856948853,1.8949999809265137,1.8801000118255615,1.8949999809265137,50715,0.0,0.0
2026-04-06 11:51:00-04:00,1.8949999809265137,1.899999976158142,1.8901000022888184,1.899899959564209,4184,0.0,0.0
2026-04-06 11:52:00-04:00,1.8949999809265137,1.899999976158142,1.8949999809265137,1.8949999809265137,28470,0.0,0.0
2026-04-06 11:53:00-04:00,1.8914999961853027,1.899999976158142,1.8899999856948853,1.899999976158142,12310,0.0,0.0
2026-04-06 11:54:00-04:00,1.8949999809265137,1.9049999713897705,1.8949999809265137,1.9049999713897705,70284,0.0,0.0
2026-04-06 11:55:00-04:00,1.9049999713897705,1.9057999849319458,1.899999976158142,1.899999976158142,7521,0.0,0.0
2026-04-06 11:56:00-04:00,1.9049999713897705,1.9199999570846558,1.9049999713897705,1.9199999570846558,79013,0.0,0.0
2026-04-06 11:57:00-04:00,1.9198999404907227,1.9299999475479126,1.9149999618530273,1.9299999475479126,22449,0.0,0.0
2026-04-06 11:58:00-04:00,1.9249999523162842,1.9280999898910522,1.92330002784729,1.92330002784729,3730,0.0,0.0
2026-04-06 11:59:00-04:00,1.9249999523162842,1.9299999475479126,1.9249999523162842,1.9299999475479126,68531,0.0,0.0
2026-04-06 12:00:00-04:00,1.9266999959945679,1.9299999475479126,1.9149999618530273,1.919700026512146,78277,0.0,0.0
2026-04-06 12:01:00-04:00,1.9184000492095947,1.9199999570846558,1.9149999618530273,1.9184999465942383,6324,0.0,0.0
2026-04-06 12:02:00-04:00,1.9149999618530273,1.9199999570846558,1.9107999801635742,1.9149999618530273,4828,0.0,0.0
2026-04-06 12:03:00-04:00,1.9183000326156616,1.9199999570846558,1.909999966621399,1.909999966621399,80136,0.0,0.0
2026-04-06 12:04:00-04:00,1.9049999713897705,1.9198999404907227,1.9049999713897705,1.9149999618530273,43786,0.0,0.0
2026-04-06 12:05:00-04:00,1.9198999404907227,1.9198999404907227,1.9132000207901,1.9132000207901,4918,0.0,0.0
2026-04-06 12:06:00-04:00,1.9149999618530273,1.9179999828338623,1.909999966621399,1.9179999828338623,20939,0.0,0.0
2026-04-06 12:07:00-04:00,1.909999966621399,1.909999966621399,1.9049999713897705,1.9049999713897705,11338,0.0,0.0
2026-04-06 12:08:00-04:00,1.909999966621399,1.9149999618530273,1.909999966621399,1.9149999618530273,18004,0.0,0.0
2026-04-06 12:09:00-04:00,1.9184999465942383,1.9184999465942383,1.909999966621399,1.9149999618530273,7955,0.0,0.0
2026-04-06 12:10:00-04:00,1.9149999618530273,1.9178999662399292,1.9108999967575073,1.9178999662399292,2666,0.0,0.0
2026-04-06 12:11:00-04:00,1.9149999618530273,1.9149999618530273,1.909999966621399,1.9149999618530273,2464,0.0,0.0
2026-04-06 12:12:00-04:00,1.9149999618530273,1.9149999618530273,1.9149999618530273,1.9149999618530273,3165,0.0,0.0
2026-04-06 12:13:00-04:00,1.909999966621399,1.9149999618530273,1.909999966621399,1.9149999618530273,2606,0.0,0.0
2026-04-06 12:14:00-04:00,1.9149999618530273,1.9149999618530273,1.909999966621399,1.909999966621399,1312,0.0,0.0
2026-04-06 12:15:00-04:00,1.9149999618530273,1.9199999570846558,1.9149999618530273,1.9199999570846558,3005,0.0,0.0
2026-04-06 12:16:00-04:00,1.909999966621399,1.9149999618530273,1.909999966621399,1.9149999618530273,3097,0.0,0.0
2026-04-06 12:17:00-04:00,1.9149999618530273,1.9198999404907227,1.9149999618530273,1.9149999618530273,3097,0.0,0.0
2026-04-06 12:18:00-04:00,1.9149999618530273,1.9149999618530273,1.909999966621399,1.909999966621399,3969,0.0,0.0
2026-04-06 12:19:00-04:00,1.9149999618530273,1.9198999404907227,1.9114999771118164,1.9149999618530273,5997,0.0,0.0
2026-04-06 12:20:00-04:00,1.9149999618530273,1.9149999618530273,1.9149999618530273,1.9149999618530273,2352,0.0,0.0
2026-04-06 12:21:00-04:00,1.9149999618530273,1.9149999618530273,1.909999966621399,1.909999966621399,11828,0.0,0.0
2026-04-06 12:22:00-04:00,1.9077999591827393,1.9077999591827393,1.9049999713897705,1.9049999713897705,51280,0.0,0.0
2026-04-06 12:23:00-04:00,1.899999976158142,1.9077999591827393,1.899999976158142,1.899999976158142,9002,0.0,0.0
2026-04-06 12:24:00-04:00,1.9000999927520752,1.9049999713897705,1.899999976158142,1.899999976158142,21787,0.0,0.0
2026-04-06 12:25:00-04:00,1.9040000438690186,1.9040000438690186,1.9040000438690186,1.9040000438690186,1177,0.0,0.0
2026-04-06 12:26:00-04:00,1.899999976158142,1.9049999713897705,1.8949999809265137,1.9049999713897705,95669,0.0,0.0
2026-04-06 12:27:00-04:00,1.9020999670028687,1.9020999670028687,1.899999976158142,1.899999976158142,1910,0.0,0.0
2026-04-06 12:28:00-04:00,1.9049999713897705,1.9098999500274658,1.9000999927520752,1.9000999927520752,4101,0.0,0.0
2026-04-06 12:29:00-04:00,1.899999976158142,1.899999976158142,1.8899999856948853,1.8899999856948853,54309,0.0,0.0
2026-04-06 12:30:00-04:00,1.8966000080108643,1.8966000080108643,1.8899999856948853,1.8914999961853027,7859,0.0,0.0
2026-04-06 12:31:00-04:00,1.8966000080108643,1.8966000080108643,1.8949999809265137,1.8949999809265137,4013,0.0,0.0
2026-04-06 12:32:00-04:00,1.8956999778747559,1.899899959564209,1.8949999809265137,1.899899959564209,9470,0.0,0.0
2026-04-06 12:33:00-04:00,1.8949999809265137,1.8949999809265137,1.8899999856948853,1.8907999992370605,7063,0.0,0.0
2026-04-06 12:34:00-04:00,1.8919999599456787,1.8919999599456787,1.8919999599456787,1.8919999599456787,1033,0.0,0.0
2026-04-06 12:35:00-04:00,1.8949999809265137,1.8949999809265137,1.8949999809265137,1.8949999809265137,2052,0.0,0.0
2026-04-06 12:36:00-04:00,1.8949999809265137,1.8949999809265137,1.8949999809265137,1.8949999809265137,1359,0.0,0.0
2026-04-06 12:38:00-04:00,1.8949999809265137,1.8949999809265137,1.8949999809265137,1.8949999809265137,6283,0.0,0.0
2026-04-06 12:39:00-04:00,1.8899999856948853,1.8901000022888184,1.8899999856948853,1.8901000022888184,886,0.0,0.0
2026-04-06 12:40:00-04:00,1.8899999856948853,1.8960000276565552,1.8899999856948853,1.8960000276565552,4075,0.0,0.0
2026-04-06 12:41:00-04:00,1.8901000022888184,1.8901000022888184,1.8901000022888184,1.8901000022888184,4042,0.0,0.0
2026-04-06 12:42:00-04:00,1.8949999809265137,1.899899959564209,1.8949999809265137,1.899899959564209,1088,0.0,0.0
2026-04-06 12:44:00-04:00,1.8948999643325806,1.8949999809265137,1.8948999643325806,1.8949999809265137,356,0.0,0.0
2026-04-06 12:45:00-04:00,1.8949999809265137,1.899999976158142,1.8949999809265137,1.899999976158142,6365,0.0,0.0
2026-04-06 12:46:00-04:00,1.8937000036239624,1.899999976158142,1.8937000036239624,1.8950999975204468,3598,0.0,0.0
2026-04-06 12:47:00-04:00,1.8949999809265137,1.8949999809265137,1.8919999599456787,1.8919999599456787,6986,0.0,0.0
2026-04-06 12:48:00-04:00,1.8949999809265137,1.8949999809265137,1.8901000022888184,1.8901000022888184,3201,0.0,0.0
2026-04-06 12:49:00-04:00,1.8949999809265137,1.8984999656677246,1.8899999856948853,1.8984999656677246,2292,0.0,0.0
2026-04-06 12:50:00-04:00,1.8949999809265137,1.899999976158142,1.8899999856948853,1.899999976158142,2769,0.0,0.0
2026-04-06 12:51:00-04:00,1.8949999809265137,1.8949999809265137,1.8949999809265137,1.8949999809265137,1111,0.0,0.0
2026-04-06 12:52:00-04:00,1.8949999809265137,1.899899959564209,1.8899999856948853,1.8899999856948853,2916,0.0,0.0
2026-04-06 12:53:00-04:00,1.8899999856948853,1.8991999626159668,1.8899999856948853,1.8960000276565552,117021,0.0,0.0
2026-04-06 12:54:00-04:00,1.899899959564209,1.899899959564209,1.8899999856948853,1.8899999856948853,8121,0.0,0.0
2026-04-06 12:55:00-04:00,1.8899999856948853,1.8949999809265137,1.8899999856948853,1.8949999809265137,13312,0.0,0.0
2026-04-06 12:56:00-04:00,1.892199993133545,1.8949999809265137,1.8899999856948853,1.8899999856948853,2051,0.0,0.0
2026-04-06 12:57:00-04:00,1.8949999809265137,1.8949999809265137,1.8949999809265137,1.8949999809265137,1874,0.0,0.0
2026-04-06 13:00:00-04:00,1.8899999856948853,1.8949999809265137,1.8899999856948853,1.8949999809265137,5220,0.0,0.0
2026-04-06 13:01:00-04:00,1.8899999856948853,1.8982000350952148,1.8899999856948853,1.8899999856948853,16414,0.0,0.0
2026-04-06 13:02:00-04:00,1.8899999856948853,1.8899999856948853,1.8799999952316284,1.8801000118255615,15994,0.0,0.0
2026-04-06 13:03:00-04:00,1.8849999904632568,1.8849999904632568,1.8799999952316284,1.8801000118255615,12740,0.0,0.0
2026-04-06 13:04:00-04:00,1.8799999952316284,1.8898999691009521,1.8799999952316284,1.8799999952316284,13593,0.0,0.0
2026-04-06 13:05:00-04:00,1.8799999952316284,1.8849999904632568,1.8799999952316284,1.8799999952316284,2198,0.0,0.0
2026-04-06 13:06:00-04:00,1.8799999952316284,1.8799999952316284,1.8799999952316284,1.8799999952316284,15271,0.0,0.0
2026-04-06 13:07:00-04:00,1.875,1.875,1.8700000047683716,1.8700000047683716,6195,0.0,0.0
2026-04-06 13:08:00-04:00,1.8701000213623047,1.8701000213623047,1.8701000213623047,1.8701000213623047,993,0.0,0.0
2026-04-06 13:09:00-04:00,1.8765000104904175,1.8777999877929688,1.8708000183105469,1.8708000183105469,1958,0.0,0.0
2026-04-06 13:10:00-04:00,1.8700000047683716,1.875,1.8700000047683716,1.8700000047683716,2366,0.0,0.0
2026-04-06 13:11:00-04:00,1.8743000030517578,1.875,1.8700000047683716,1.875,2456,0.0,0.0
2026-04-06 13:12:00-04:00,1.8700000047683716,1.875,1.8700000047683716,1.875,15794,0.0,0.0
2026-04-06 13:14:00-04:00,1.8650000095367432,1.8650000095367432,1.8601000308990479,1.8601000308990479,3783,0.0,0.0
2026-04-06 13:15:00-04:00,1.8688000440597534,1.8688000440597534,1.8688000440597534,1.8688000440597534,953,0.0,0.0
2026-04-06 13:16:00-04:00,1.8650000095367432,1.8700000047683716,1.8650000095367432,1.8700000047683716,32293,0.0,0.0
2026-04-06 13:17:00-04:00,1.8700000047683716,1.875,1.8700000047683716,1.875,69066,0.0,0.0
2026-04-06 13:18:00-04:00,1.875,1.878100037574768,1.875,1.878100037574768,4354,0.0,0.0
2026-04-06 13:19:00-04:00,1.8727999925613403,1.8727999925613403,1.8727999925613403,1.8727999925613403,4964,0.0,0.0
2026-04-06 13:22:00-04:00,1.875,1.875,1.875,1.875,1151,0.0,0.0
2026-04-06 13:23:00-04:00,1.8798999786376953,1.8799999952316284,1.875,1.8798999786376953,56144,0.0,0.0
2026-04-06 13:24:00-04:00,1.8799999952316284,1.8849999904632568,1.8799999952316284,1.8849999904632568,15438,0.0,0.0
2026-04-06 13:25:00-04:00,1.8849999904632568,1.8849999904632568,1.8849999904632568,1.8849999904632568,1882,0.0,0.0
2026-04-06 13:26:00-04:00,1.8882999420166016,1.8882999420166016,1.8877999782562256,1.8877999782562256,1650,0.0,0.0
2026-04-06 13:27:00-04:00,1.8830000162124634,1.8899999856948853,1.8830000162124634,1.8899999856948853,4426,0.0,0.0
2026-04-06 13:29:00-04:00,1.8849999904632568,1.8899999856948853,1.8799999952316284,1.8849999904632568,13952,0.0,0.0
2026-04-06 13:30:00-04:00,1.8899999856948853,1.8899999856948853,1.8899999856948853,1.8899999856948853,1010,0.0,0.0
2026-04-06 13:31:00-04:00,1.8899999856948853,1.8899999856948853,1.8849999904632568,1.8890000581741333,34207,0.0,0.0
2026-04-06 13:33:00-04:00,1.8899999856948853,1.8899999856948853,1.8899999856948853,1.8899999856948853,2606,0.0,0.0
2026-04-06 13:34:00-04:00,1.8849999904632568,1.8899999856948853,1.8799999952316284,1.8849999904632568,53370,0.0,0.0
2026-04-06 13:35:00-04:00,1.8899999856948853,1.8899999856948853,1.8899999856948853,1.8899999856948853,441,0.0,0.0
2026-04-06 13:36:00-04:00,1.8865000009536743,1.8865000009536743,1.8849999904632568,1.8849999904632568,2930,0.0,0.0
2026-04-06 13:37:00-04:00,1.8849999904632568,1.8849999904632568,1.8849999904632568,1.8849999904632568,1244,0.0,0.0
2026-04-06 13:38:00-04:00,1.8801000118255615,1.8849999904632568,1.8801000118255615,1.8849999904632568,5288,0.0,0.0
2026-04-06 13:39:00-04:00,1.8799999952316284,1.8898999691009521,1.8799999952316284,1.8898999691009521,3036,0.0,0.0
2026-04-06 13:40:00-04:00,1.8801000118255615,1.8849999904632568,1.8801000118255615,1.8849999904632568,2731,0.0,0.0
2026-04-06 13:41:00-04:00,1.8899999856948853,1.8899999856948853,1.8849999904632568,1.8849999904632568,21343,0.0,0.0
2026-04-06 13:42:00-04:00,1.8849999904632568,1.8849999904632568,1.8849999904632568,1.8849999904632568,4281,0.0,0.0
2026-04-06 13:43:00-04:00,1.8849999904632568,1.8849999904632568,1.8801000118255615,1.8801000118255615,2350,0.0,0.0
2026-04-06 13:44:00-04:00,1.8878999948501587,1.8878999948501587,1.8849999904632568,1.8849999904632568,1579,0.0,0.0
2026-04-06 13:45:00-04:00,1.8883999586105347,1.8898999691009521,1.8883999586105347,1.8898999691009521,2671,0.0,0.0
2026-04-06 13:46:00-04:00,1.8845000267028809,1.8845000267028809,1.8845000267028809,1.8845000267028809,1539,0.0,0.0
2026-04-06 13:47:00-04:00,1.8849999904632568,1.8849999904632568,1.8849999904632568,1.8849999904632568,1922,0.0,0.0
2026-04-06 13:48:00-04:00,1.8799999952316284,1.8799999952316284,1.8799999952316284,1.8799999952316284,1512,0.0,0.0
2026-04-06 13:49:00-04:00,1.882200002670288,1.8899999856948853,1.882200002670288,1.8899999856948853,3596,0.0,0.0
2026-04-06 13:50:00-04:00,1.8841999769210815,1.8841999769210815,1.8841999769210815,1.8841999769210815,1921,0.0,0.0
2026-04-06 13:52:00-04:00,1.8849999904632568,1.8899999856948853,1.8849999904632568,1.8899999856948853,17872,0.0,0.0
2026-04-06 13:53:00-04:00,1.8865000009536743,1.8895000219345093,1.8865000009536743,1.8895000219345093,1036,0.0,0.0
2026-04-06 13:54:00-04:00,1.8849999904632568,1.8849999904632568,1.8849999904632568,1.8849999904632568,3473,0.0,0.0
2026-04-06 13:55:00-04:00,1.8878999948501587,1.8878999948501587,1.8849999904632568,1.8849999904632568,4245,0.0,0.0
2026-04-06 13:56:00-04:00,1.8830000162124634,1.8899999856948853,1.8830000162124634,1.8841999769210815,5976,0.0,0.0
2026-04-06 13:57:00-04:00,1.8899999856948853,1.8949999809265137,1.8849999904632568,1.8849999904632568,59121,0.0,0.0
2026-04-06 13:58:00-04:00,1.8849999904632568,1.8899999856948853,1.8849999904632568,1.8849999904632568,20177,0.0,0.0
2026-04-06 13:59:00-04:00,1.8849999904632568,1.8899999856948853,1.8849999904632568,1.8899999856948853,13206,0.0,0.0
2026-04-06 14:00:00-04:00,1.8878999948501587,1.8899999856948853,1.8849999904632568,1.8899999856948853,2669,0.0,0.0
2026-04-06 14:01:00-04:00,1.8849999904632568,1.8949999809265137,1.8849999904632568,1.8899999856948853,42278,0.0,0.0
2026-04-06 14:02:00-04:00,1.8899999856948853,1.8899999856948853,1.8849999904632568,1.8899999856948853,18599,0.0,0.0
2026-04-06 14:03:00-04:00,1.8899999856948853,1.8949999809265137,1.8899999856948853,1.8949999809265137,15503,0.0,0.0
2026-04-06 14:04:00-04:00,1.8949999809265137,1.8949999809265137,1.8949999809265137,1.8949999809265137,2324,0.0,0.0
2026-04-06 14:05:00-04:00,1.8949999809265137,1.8949999809265137,1.8901000022888184,1.8919999599456787,2037,0.0,0.0
2026-04-06 14:06:00-04:00,1.899999976158142,1.899999976158142,1.899999976158142,1.899999976158142,459,0.0,0.0
2026-04-06 14:07:00-04:00,1.8977999687194824,1.8980000019073486,1.896299958229065,1.896399974822998,5217,0.0,0.0
2026-04-06 14:09:00-04:00,1.8949999809265137,1.8949999809265137,1.8949999809265137,1.8949999809265137,1458,0.0,0.0
2026-04-06 14:11:00-04:00,1.899999976158142,1.909999966621399,1.899999976158142,1.9049999713897705,21063,0.0,0.0
2026-04-06 14:12:00-04:00,1.9098999500274658,1.9098999500274658,1.899999976158142,1.899999976158142,56079,0.0,0.0
2026-04-06 14:13:00-04:00,1.8949999809265137,1.899999976158142,1.8949999809265137,1.899999976158142,25562,0.0,0.0
2026-04-06 14:14:00-04:00,1.9049999713897705,1.9049999713897705,1.899999976158142,1.9049999713897705,17466,0.0,0.0
2026-04-06 14:15:00-04:00,1.9049999713897705,1.9049999713897705,1.9049999713897705,1.9049999713897705,433,0.0,0.0
2026-04-06 14:16:00-04:00,1.9049999713897705,1.9098999500274658,1.899999976158142,1.9098999500274658,21414,0.0,0.0
2026-04-06 14:18:00-04:00,1.9049999713897705,1.9049999713897705,1.9049999713897705,1.9049999713897705,6186,0.0,0.0
2026-04-06 14:20:00-04:00,1.9049999713897705,1.909999966621399,1.9049999713897705,1.906499981880188,7968,0.0,0.0
2026-04-06 14:21:00-04:00,1.899999976158142,1.9049999713897705,1.899999976158142,1.9049999713897705,16977,0.0,0.0
2026-04-06 14:22:00-04:00,1.9000999927520752,1.9049999713897705,1.9000999927520752,1.9049999713897705,5900,0.0,0.0
2026-04-06 14:23:00-04:00,1.9049999713897705,1.9049999713897705,1.9049999713897705,1.9049999713897705,2710,0.0,0.0
2026-04-06 14:24:00-04:00,1.9049999713897705,1.9063999652862549,1.9049999713897705,1.9049999713897705,3627,0.0,0.0
2026-04-06 14:25:00-04:00,1.9049999713897705,1.9049999713897705,1.9049999713897705,1.9049999713897705,1354,0.0,0.0
2026-04-06 14:26:00-04:00,1.9049999713897705,1.9049999713897705,1.9049999713897705,1.9049999713897705,2859,0.0,0.0
2026-04-06 14:27:00-04:00,1.9049999713897705,1.9049999713897705,1.9020999670028687,1.9020999670028687,5918,0.0,0.0
2026-04-06 14:29:00-04:00,1.9049999713897705,1.9049999713897705,1.9049999713897705,1.9049999713897705,5744,0.0,0.0
2026-04-06 14:33:00-04:00,1.899999976158142,1.9049999713897705,1.899999976158142,1.9049999713897705,2045,0.0,0.0
2026-04-06 14:34:00-04:00,1.899999976158142,1.9049999713897705,1.899999976158142,1.9049999713897705,901,0.0,0.0
2026-04-06 14:35:00-04:00,1.909999966621399,1.909999966621399,1.9049999713897705,1.9049999713897705,1460,0.0,0.0
2026-04-06 14:36:00-04:00,1.9049999713897705,1.9049999713897705,1.9049999713897705,1.9049999713897705,210,0.0,0.0
2026-04-06 14:37:00-04:00,1.9049999713897705,1.9049999713897705,1.9049999713897705,1.9049999713897705,2252,0.0,0.0
2026-04-06 14:38:00-04:00,1.899999976158142,1.899999976158142,1.899999976158142,1.899999976158142,3835,0.0,0.0
2026-04-06 14:41:00-04:00,1.9067000150680542,1.9067000150680542,1.9049999713897705,1.9049999713897705,3259,0.0,0.0
2026-04-06 14:43:00-04:00,1.9049999713897705,1.9098999500274658,1.9049999713897705,1.9049999713897705,15065,0.0,0.0
2026-04-06 14:45:00-04:00,1.9049999713897705,1.9078999757766724,1.9049999713897705,1.9078999757766724,2282,0.0,0.0
2026-04-06 14:47:00-04:00,1.909999966621399,1.909999966621399,1.9049999713897705,1.9049999713897705,902,0.0,0.0
2026-04-06 14:48:00-04:00,1.909999966621399,1.909999966621399,1.9049999713897705,1.9049999713897705,1980,0.0,0.0
2026-04-06 14:49:00-04:00,1.9049999713897705,1.9049999713897705,1.9049999713897705,1.9049999713897705,4877,0.0,0.0
2026-04-06 14:52:00-04:00,1.9049999713897705,1.9049999713897705,1.9000999927520752,1.9000999927520752,6423,0.0,0.0
2026-04-06 14:53:00-04:00,1.9020999670028687,1.9020999670028687,1.9020999670028687,1.9020999670028687,822,0.0,0.0
2026-04-06 14:54:00-04:00,1.909999966621399,1.909999966621399,1.909999966621399,1.909999966621399,1818,0.0,0.0
2026-04-06 14:55:00-04:00,1.9049999713897705,1.909999966621399,1.9049999713897705,1.9049999713897705,5644,0.0,0.0
2026-04-06 14:59:00-04:00,1.899999976158142,1.899999976158142,1.899999976158142,1.899999976158142,10966,0.0,0.0
2026-04-06 15:00:00-04:00,1.9084999561309814,1.909999966621399,1.899999976158142,1.909999966621399,4454,0.0,0.0
2026-04-06 15:01:00-04:00,1.9049999713897705,1.9049999713897705,1.9033000469207764,1.9033000469207764,4927,0.0,0.0
2026-04-06 15:02:00-04:00,1.899999976158142,1.899999976158142,1.899999976158142,1.899999976158142,3792,0.0,0.0
2026-04-06 15:04:00-04:00,1.9003000259399414,1.9003000259399414,1.899999976158142,1.899999976158142,3192,0.0,0.0
2026-04-06 15:05:00-04:00,1.909999966621399,1.909999966621399,1.909999966621399,1.909999966621399,143,0.0,0.0
2026-04-06 15:06:00-04:00,1.9049999713897705,1.9049999713897705,1.9049999713897705,1.9049999713897705,2048,0.0,0.0
2026-04-06 15:07:00-04:00,1.9049999713897705,1.9049999713897705,1.9049999713897705,1.9049999713897705,7153,0.0,0.0
2026-04-06 15:09:00-04:00,1.906999945640564,1.906999945640564,1.899999976158142,1.9049999713897705,2322,0.0,0.0
2026-04-06 15:10:00-04:00,1.9098999500274658,1.9098999500274658,1.899999976158142,1.9098999500274658,32892,0.0,0.0
2026-04-06 15:11:00-04:00,1.909999966621399,1.909999966621399,1.899999976158142,1.899999976158142,13240,0.0,0.0
2026-04-06 15:12:00-04:00,1.9049999713897705,1.9049999713897705,1.899999976158142,1.899999976158142,2094,0.0,0.0
2026-04-06 15:14:00-04:00,1.909999966621399,1.909999966621399,1.909999966621399,1.909999966621399,626,0.0,0.0
2026-04-06 15:15:00-04:00,1.9000999927520752,1.909999966621399,1.9000999927520752,1.909999966621399,25471,0.0,0.0
2026-04-06 15:16:00-04:00,1.899999976158142,1.9049999713897705,1.899999976158142,1.9049999713897705,761,0.0,0.0
2026-04-06 15:17:00-04:00,1.899999976158142,1.9049999713897705,1.899999976158142,1.899999976158142,18732,0.0,0.0
2026-04-06 15:18:00-04:00,1.9010000228881836,1.9049999713897705,1.8949999809265137,1.9049999713897705,152634,0.0,0.0
2026-04-06 15:19:00-04:00,1.9049999713897705,1.9049999713897705,1.9000999927520752,1.9049999713897705,5879,0.0,0.0
2026-04-06 15:20:00-04:00,1.899999976158142,1.899999976158142,1.899999976158142,1.899999976158142,2345,0.0,0.0
2026-04-06 15:21:00-04:00,1.9003000259399414,1.9011000394821167,1.899999976158142,1.899999976158142,6207,0.0,0.0
2026-04-06 15:24:00-04:00,1.907099962234497,1.907099962234497,1.899999976158142,1.899999976158142,16505,0.0,0.0
2026-04-06 15:25:00-04:00,1.9049999713897705,1.909999966621399,1.9049999713897705,1.9049999713897705,11410,0.0,0.0
2026-04-06 15:26:00-04:00,1.899999976158142,1.899999976158142,1.8899999856948853,1.8949999809265137,72100,0.0,0.0
2026-04-06 15:27:00-04:00,1.8899999856948853,1.8899999856948853,1.8849999904632568,1.8849999904632568,41924,0.0,0.0
2026-04-06 15:28:00-04:00,1.8849999904632568,1.8849999904632568,1.875,1.875,293895,0.0,0.0
2026-04-06 15:29:00-04:00,1.875,1.875,1.8700000047683716,1.8700000047683716,11431,0.0,0.0
2026-04-06 15:30:00-04:00,1.8767999410629272,1.878000020980835,1.875,1.878000020980835,4315,0.0,0.0
2026-04-06 15:31:00-04:00,1.875,1.875,1.875,1.875,4221,0.0,0.0
2026-04-06 15:32:00-04:00,1.875,1.8799999952316284,1.8701000213623047,1.875,16614,0.0,0.0
2026-04-06 15:33:00-04:00,1.875,1.878999948501587,1.875,1.875,5784,0.0,0.0
2026-04-06 15:34:00-04:00,1.8700000047683716,1.8700000047683716,1.8700000047683716,1.8700000047683716,2900,0.0,0.0
2026-04-06 15:35:00-04:00,1.8732000589370728,1.875,1.8732000589370728,1.875,5807,0.0,0.0
2026-04-06 15:36:00-04:00,1.871500015258789,1.875,1.871500015258789,1.875,8714,0.0,0.0
2026-04-06 15:37:00-04:00,1.8799999952316284,1.8799999952316284,1.8700000047683716,1.871500015258789,23279,0.0,0.0
2026-04-06 15:38:00-04:00,1.8700000047683716,1.875,1.8700000047683716,1.8700000047683716,5348,0.0,0.0
2026-04-06 15:39:00-04:00,1.875,1.875,1.8600000143051147,1.8600000143051147,48447,0.0,0.0
2026-04-06 15:40:00-04:00,1.8650000095367432,1.8698999881744385,1.8650000095367432,1.8698999881744385,4111,0.0,0.0
2026-04-06 15:41:00-04:00,1.8650000095367432,1.8698999881744385,1.8650000095367432,1.868299961090088,16968,0.0,0.0
2026-04-06 15:42:00-04:00,1.8650000095367432,1.8650000095367432,1.8604999780654907,1.8650000095367432,27396,0.0,0.0
2026-04-06 15:43:00-04:00,1.8600000143051147,1.8698999881744385,1.8600000143051147,1.8698999881744385,3352,0.0,0.0
2026-04-06 15:44:00-04:00,1.8650000095367432,1.8650000095367432,1.8650000095367432,1.8650000095367432,6986,0.0,0.0
2026-04-06 15:45:00-04:00,1.8650000095367432,1.8650000095367432,1.8650000095367432,1.8650000095367432,2175,0.0,0.0
2026-04-06 15:46:00-04:00,1.8650000095367432,1.8650000095367432,1.8601000308990479,1.8601000308990479,6108,0.0,0.0
2026-04-06 15:47:00-04:00,1.8700000047683716,1.8700000047683716,1.8650000095367432,1.8650000095367432,5549,0.0,0.0
2026-04-06 15:49:00-04:00,1.8698999881744385,1.8700000047683716,1.8698999881744385,1.8700000047683716,2133,0.0,0.0
2026-04-06 15:50:00-04:00,1.8700000047683716,1.8798999786376953,1.8650000095367432,1.8798999786376953,130766,0.0,0.0
2026-04-06 15:51:00-04:00,1.8700000047683716,1.875,1.8700000047683716,1.875,17776,0.0,0.0
2026-04-06 15:52:00-04:00,1.8700000047683716,1.875,1.8700000047683716,1.8700000047683716,117413,0.0,0.0
2026-04-06 15:53:00-04:00,1.8701000213623047,1.875,1.8700000047683716,1.8700000047683716,136644,0.0,0.0
2026-04-06 15:54:00-04:00,1.875,1.875,1.8700000047683716,1.875,12999,0.0,0.0
2026-04-06 15:55:00-04:00,1.8650000095367432,1.8650000095367432,1.8650000095367432,1.8650000095367432,76554,0.0,0.0
2026-04-06 15:56:00-04:00,1.8650000095367432,1.8650000095367432,1.8601000308990479,1.8650000095367432,11651,0.0,0.0
2026-04-06 15:57:00-04:00,1.8650000095367432,1.8700000047683716,1.8650000095367432,1.8650000095367432,8045,0.0,0.0
2026-04-06 15:58:00-04:00,1.8600000143051147,1.8698999881744385,1.8600000143051147,1.8650000095367432,37096,0.0,0.0
2026-04-06 15:59:00-04:00,1.8600000143051147,1.8700000047683716,1.8600000143051147,1.8650000095367432,111650,0.0,0.0
2026-04-07 09:30:00-04:00,1.940000057220459,2.0,1.9299999475479126,1.9900000095367432,490959,0.0,0.0
2026-04-07 09:31:00-04:00,1.9846999645233154,2.0,1.9700000286102295,1.9700000286102295,128280,0.0,0.0
2026-04-07 09:32:00-04:00,1.975000023841858,1.975000023841858,1.965000033378601,1.9681999683380127,35416,0.0,0.0
2026-04-07 09:33:00-04:00,1.9600000381469727,1.9600000381469727,1.9500999450683594,1.9550000429153442,6352,0.0,0.0
2026-04-07 09:34:00-04:00,1.9550000429153442,1.9550000429153442,1.9401999711990356,1.9499000310897827,11629,0.0,0.0
2026-04-07 09:35:00-04:00,1.9450000524520874,1.9500000476837158,1.940000057220459,1.9450000524520874,35950,0.0,0.0
2026-04-07 09:36:00-04:00,1.9499000310897827,1.9499000310897827,1.9300999641418457,1.9399000406265259,23871,0.0,0.0
2026-04-07 09:37:00-04:00,1.9399000406265259,1.9450000524520874,1.934999942779541,1.9450000524520874,7328,0.0,0.0
2026-04-07 09:38:00-04:00,1.9400999546051025,1.9499000310897827,1.940000057220459,1.9450000524520874,30073,0.0,0.0
2026-04-07 09:39:00-04:00,1.9450000524520874,1.9450000524520874,1.934999942779541,1.934999942779541,5656,0.0,0.0
2026-04-07 09:40:00-04:00,1.934999942779541,1.940000057220459,1.934999942779541,1.9399000406265259,6387,0.0,0.0
2026-04-07 09:41:00-04:00,1.9388999938964844,1.9500000476837158,1.9325000047683716,1.9500000476837158,20475,0.0,0.0
2026-04-07 09:42:00-04:00,1.9450000524520874,1.9450000524520874,1.940000057220459,1.9450000524520874,1325,0.0,0.0
2026-04-07 09:43:00-04:00,1.9499000310897827,1.9600000381469727,1.9465999603271484,1.9500000476837158,19218,0.0,0.0
2026-04-07 09:44:00-04:00,1.9420000314712524,1.9600000381469727,1.9420000314712524,1.9550000429153442,54095,0.0,0.0
2026-04-07 09:45:00-04:00,1.9500000476837158,1.9500000476837158,1.940000057220459,1.948199987411499,13492,0.0,0.0
2026-04-07 09:46:00-04:00,1.9450000524520874,1.9450000524520874,1.940000057220459,1.9450000524520874,1132,0.0,0.0
2026-04-07 09:47:00-04:00,1.9450000524520874,1.9500000476837158,1.9450000524520874,1.9450000524520874,4261,0.0,0.0
2026-04-07 09:48:00-04:00,1.9401999711990356,1.9600000381469727,1.9401999711990356,1.9550000429153442,26597,0.0,0.0
2026-04-07 09:49:00-04:00,1.9500000476837158,1.9600000381469727,1.940000057220459,1.9600000381469727,40492,0.0,0.0
2026-04-07 09:50:00-04:00,1.9600000381469727,1.9700000286102295,1.9600000381469727,1.9700000286102295,40615,0.0,0.0
2026-04-07 09:51:00-04:00,1.965000033378601,1.9800000190734863,1.965000033378601,1.975000023841858,38697,0.0,0.0
2026-04-07 09:52:00-04:00,1.975000023841858,1.9800000190734863,1.9700000286102295,1.9800000190734863,28338,0.0,0.0
2026-04-07 09:53:00-04:00,1.975000023841858,1.9800000190734863,1.965000033378601,1.965000033378601,31489,0.0,0.0
2026-04-07 09:54:00-04:00,1.965000033378601,1.9800000190734863,1.965000033378601,1.9799000024795532,41910,0.0,0.0
2026-04-07 09:55:00-04:00,1.975000023841858,1.9800000190734863,1.9738999605178833,1.9738999605178833,27742,0.0,0.0
2026-04-07 09:56:00-04:00,1.975000023841858,1.975000023841858,1.9600000381469727,1.9600000381469727,50064,0.0,0.0
2026-04-07 09:57:00-04:00,1.9550000429153442,1.9550000429153442,1.940000057220459,1.9500000476837158,58529,0.0,0.0
2026-04-07 09:58:00-04:00,1.9550000429153442,1.9585000276565552,1.9550000429153442,1.9550000429153442,13761,0.0,0.0
2026-04-07 09:59:00-04:00,1.9550000429153442,1.9550000429153442,1.9450000524520874,1.9450000524520874,20002,0.0,0.0
2026-04-07 10:00:00-04:00,1.9400999546051025,1.9466999769210815,1.934999942779541,1.934999942779541,23959,0.0,0.0
2026-04-07 10:01:00-04:00,1.9378000497817993,1.9378000497817993,1.9300999641418457,1.934999942779541,23426,0.0,0.0
2026-04-07 10:02:00-04:00,1.9375,1.9450000524520874,1.9249999523162842,1.9450000524520874,45777,0.0,0.0
2026-04-07 10:03:00-04:00,1.9450000524520874,1.9450000524520874,1.9450000524520874,1.9450000524520874,10885,0.0,0.0
2026-04-07 10:04:00-04:00,1.9400999546051025,1.9500000476837158,1.9400999546051025,1.9500000476837158,2735,0.0,0.0
2026-04-07 10:05:00-04:00,1.9450000524520874,1.9450000524520874,1.9450000524520874,1.9450000524520874,7776,0.0,0.0
2026-04-07 10:06:00-04:00,1.940000057220459,1.940000057220459,1.940000057220459,1.940000057220459,6160,0.0,0.0
2026-04-07 10:07:00-04:00,1.934999942779541,1.940000057220459,1.932800054550171,1.932800054550171,3161,0.0,0.0
2026-04-07 10:08:00-04:00,1.934999942779541,1.9399000406265259,1.934999942779541,1.9399000406265259,2786,0.0,0.0
2026-04-07 10:09:00-04:00,1.938099980354309,1.938099980354309,1.9377000331878662,1.9377000331878662,1271,0.0,0.0
2026-04-07 10:10:00-04:00,1.940000057220459,1.940000057220459,1.930899977684021,1.930899977684021,460,0.0,0.0
2026-04-07 10:11:00-04:00,1.940000057220459,1.9490000009536743,1.9375,1.942199945449829,60685,0.0,0.0
2026-04-07 10:12:00-04:00,1.9460999965667725,1.9500000476837158,1.940000057220459,1.9450000524520874,22870,0.0,0.0
2026-04-07 10:13:00-04:00,1.9450000524520874,1.9450000524520874,1.9450000524520874,1.9450000524520874,1658,0.0,0.0
2026-04-07 10:14:00-04:00,1.9450000524520874,1.9500000476837158,1.9450000524520874,1.9500000476837158,14526,0.0,0.0
2026-04-07 10:15:00-04:00,1.9500000476837158,1.9500000476837158,1.940000057220459,1.9450000524520874,27389,0.0,0.0
2026-04-07 10:16:00-04:00,1.9450000524520874,1.9450000524520874,1.940000057220459,1.9450000524520874,25969,0.0,0.0
2026-04-07 10:17:00-04:00,1.940000057220459,1.9450000524520874,1.934999942779541,1.934999942779541,90279,0.0,0.0
2026-04-07 10:18:00-04:00,1.934999942779541,1.934999942779541,1.9299999475479126,1.9299999475479126,934,0.0,0.0
2026-04-07 10:19:00-04:00,1.940000057220459,1.940000057220459,1.934999942779541,1.934999942779541,1412,0.0,0.0
2026-04-07 10:20:00-04:00,1.934999942779541,1.9450000524520874,1.9300999641418457,1.9450000524520874,36756,0.0,0.0
2026-04-07 10:21:00-04:00,1.9450000524520874,1.9600000381469727,1.9431999921798706,1.9600000381469727,15553,0.0,0.0
2026-04-07 10:22:00-04:00,1.9550000429153442,1.9550000429153442,1.9500000476837158,1.9550000429153442,4000,0.0,0.0
2026-04-07 10:23:00-04:00,1.9550000429153442,1.9550000429153442,1.940000057220459,1.9500000476837158,88265,0.0,0.0
2026-04-07 10:24:00-04:00,1.9450000524520874,1.9450000524520874,1.9450000524520874,1.9450000524520874,4277,0.0,0.0
2026-04-07 10:25:00-04:00,1.9450000524520874,1.9450000524520874,1.9450000524520874,1.9450000524520874,1651,0.0,0.0
2026-04-07 10:26:00-04:00,1.9450000524520874,1.9550000429153442,1.9450000524520874,1.9550000429153442,19727,0.0,0.0
2026-04-07 10:27:00-04:00,1.9500000476837158,1.9500000476837158,1.9450000524520874,1.9450000524520874,23979,0.0,0.0
2026-04-07 10:28:00-04:00,1.9494999647140503,1.9494999647140503,1.9450000524520874,1.9467999935150146,9769,0.0,0.0
2026-04-07 10:29:00-04:00,1.9500000476837158,1.9550000429153442,1.9450000524520874,1.9450000524520874,40659,0.0,0.0
2026-04-07 10:30:00-04:00,1.940000057220459,1.940000057220459,1.9299999475479126,1.934999942779541,31757,0.0,0.0
2026-04-07 10:31:00-04:00,1.9299999475479126,1.9299999475479126,1.9199999570846558,1.9200999736785889,9666,0.0,0.0
2026-04-07 10:32:00-04:00,1.9249999523162842,1.9249999523162842,1.9249999523162842,1.9249999523162842,1758,0.0,0.0
2026-04-07 10:33:00-04:00,1.9249999523162842,1.930299997329712,1.9199999570846558,1.930299997329712,13978,0.0,0.0
2026-04-07 10:34:00-04:00,1.934999942779541,1.934999942779541,1.934999942779541,1.934999942779541,917,0.0,0.0
2026-04-07 10:35:00-04:00,1.9299999475479126,1.9299999475479126,1.9299999475479126,1.9299999475479126,36240,0.0,0.0
2026-04-07 10:36:00-04:00,1.9299999475479126,1.934999942779541,1.9299999475479126,1.934999942779541,10915,0.0,0.0
2026-04-07 10:37:00-04:00,1.9318000078201294,1.940000057220459,1.9299999475479126,1.940000057220459,3566,0.0,0.0
2026-04-07 10:38:00-04:00,1.934999942779541,1.934999942779541,1.934999942779541,1.934999942779541,1392,0.0,0.0
2026-04-07 10:39:00-04:00,1.9321000576019287,1.9321000576019287,1.9299999475479126,1.9300999641418457,5740,0.0,0.0
2026-04-07 10:40:00-04:00,1.9299999475479126,1.9299999475479126,1.9299999475479126,1.9299999475479126,2602,0.0,0.0
2026-04-07 10:41:00-04:00,1.934999942779541,1.934999942779541,1.934999942779541,1.934999942779541,1404,0.0,0.0
2026-04-07 10:42:00-04:00,1.940000057220459,1.940000057220459,1.934999942779541,1.934999942779541,2055,0.0,0.0
2026-04-07 10:43:00-04:00,1.9378999471664429,1.9378999471664429,1.9378999471664429,1.9378999471664429,2532,0.0,0.0
2026-04-07 10:44:00-04:00,1.940000057220459,1.940000057220459,1.940000057220459,1.940000057220459,3915,0.0,0.0
2026-04-07 10:46:00-04:00,1.934999942779541,1.934999942779541,1.934999942779541,1.934999942779541,3677,0.0,0.0
2026-04-07 10:47:00-04:00,1.934999942779541,1.934999942779541,1.934999942779541,1.934999942779541,2140,0.0,0.0
2026-04-07 10:48:00-04:00,1.934999942779541,1.934999942779541,1.934999942779541,1.934999942779541,1967,0.0,0.0
2026-04-07 10:49:00-04:00,1.930799961090088,1.940000057220459,1.930799961090088,1.934999942779541,1739,0.0,0.0
2026-04-07 10:50:00-04:00,1.940000057220459,1.9450000524520874,1.940000057220459,1.9450000524520874,33803,0.0,0.0
2026-04-07 10:51:00-04:00,1.9417999982833862,1.9417999982833862,1.9417999982833862,1.9417999982833862,1374,0.0,0.0
2026-04-07 10:52:00-04:00,1.9450000524520874,1.9450000524520874,1.9450000524520874,1.9450000524520874,3320,0.0,0.0
2026-04-07 10:53:00-04:00,1.9483000040054321,1.9500000476837158,1.9450000524520874,1.9500000476837158,11156,0.0,0.0
2026-04-07 10:54:00-04:00,1.9450000524520874,1.9479000568389893,1.9450000524520874,1.9479000568389893,2243,0.0,0.0
2026-04-07 10:55:00-04:00,1.9450000524520874,1.9500000476837158,1.9400999546051025,1.9400999546051025,7636,0.0,0.0
2026-04-07 10:56:00-04:00,1.9500000476837158,1.9500000476837158,1.940000057220459,1.9499000310897827,16393,0.0,0.0
2026-04-07 10:57:00-04:00,1.9479000568389893,1.9550000429153442,1.9450000524520874,1.9450000524520874,68819,0.0,0.0
2026-04-07 10:58:00-04:00,1.9450000524520874,1.9500000476837158,1.9407000541687012,1.947700023651123,12756,0.0,0.0
2026-04-07 10:59:00-04:00,1.9450000524520874,1.9450000524520874,1.9450000524520874,1.9450000524520874,1658,0.0,0.0
2026-04-07 11:00:00-04:00,1.940000057220459,1.9450000524520874,1.940000057220459,1.9450000524520874,2503,0.0,0.0
2026-04-07 11:01:00-04:00,1.9499000310897827,1.9499000310897827,1.944100022315979,1.9450000524520874,9202,0.0,0.0
2026-04-07 11:02:00-04:00,1.9464999437332153,1.9500000476837158,1.934999942779541,1.940000057220459,42917,0.0,0.0
2026-04-07 11:03:00-04:00,1.940000057220459,1.940000057220459,1.934999942779541,1.934999942779541,6383,0.0,0.0
2026-04-07 11:04:00-04:00,1.934999942779541,1.9483000040054321,1.934999942779541,1.934999942779541,83827,0.0,0.0
2026-04-07 11:05:00-04:00,1.9300999641418457,1.934999942779541,1.9300999641418457,1.934999942779541,8317,0.0,0.0
2026-04-07 11:06:00-04:00,1.9299999475479126,1.934999942779541,1.9299999475479126,1.9299999475479126,1903,0.0,0.0
2026-04-07 11:07:00-04:00,1.9299999475479126,1.934999942779541,1.9299999475479126,1.934999942779541,1481,0.0,0.0
2026-04-07 11:08:00-04:00,1.934999942779541,1.9390000104904175,1.9299999475479126,1.9299999475479126,27187,0.0,0.0
2026-04-07 11:09:00-04:00,1.9299999475479126,1.934000015258789,1.9299999475479126,1.934000015258789,1454,0.0,0.0
2026-04-07 11:10:00-04:00,1.934999942779541,1.934999942779541,1.9299999475479126,1.934999942779541,1266,0.0,0.0
2026-04-07 11:11:00-04:00,1.9321999549865723,1.940000057220459,1.9321999549865723,1.940000057220459,12765,0.0,0.0
2026-04-07 11:13:00-04:00,1.934999942779541,1.934999942779541,1.934999942779541,1.934999942779541,1670,0.0,0.0
2026-04-07 11:14:00-04:00,1.940000057220459,1.940000057220459,1.9320000410079956,1.9399000406265259,7157,0.0,0.0
2026-04-07 11:15:00-04:00,1.9399000406265259,1.9450000524520874,1.9321000576019287,1.9450000524520874,9649,0.0,0.0
2026-04-07 11:16:00-04:00,1.9450000524520874,1.9500000476837158,1.9421000480651855,1.9421000480651855,4740,0.0,0.0
2026-04-07 11:17:00-04:00,1.9450000524520874,1.9450000524520874,1.9450000524520874,1.9450000524520874,2345,0.0,0.0
2026-04-07 11:18:00-04:00,1.9450000524520874,1.9450000524520874,1.940000057220459,1.940000057220459,2897,0.0,0.0
2026-04-07 11:19:00-04:00,1.9450000524520874,1.9500000476837158,1.9450000524520874,1.9500000476837158,1076,0.0,0.0
2026-04-07 11:20:00-04:00,1.9450000524520874,1.945199966430664,1.9450000524520874,1.945199966430664,3639,0.0,0.0
2026-04-07 11:21:00-04:00,1.9499000310897827,1.9499000310897827,1.9450000524520874,1.9450000524520874,1291,0.0,0.0
2026-04-07 11:23:00-04:00,1.9500000476837158,1.9500000476837158,1.9450000524520874,1.9450000524520874,879,0.0,0.0
2026-04-07 11:24:00-04:00,1.9498000144958496,1.9500000476837158,1.9450000524520874,1.9450000524520874,18151,0.0,0.0
2026-04-07 11:25:00-04:00,1.9400999546051025,1.9500000476837158,1.9400999546051025,1.9500000476837158,2342,0.0,0.0
2026-04-07 11:26:00-04:00,1.9500000476837158,1.9500000476837158,1.9450000524520874,1.9450000524520874,11895,0.0,0.0
2026-04-07 11:28:00-04:00,1.940000057220459,1.9500000476837158,1.940000057220459,1.9500000476837158,1085,0.0,0.0
2026-04-07 11:29:00-04:00,1.940000057220459,1.9479000568389893,1.940000057220459,1.9479000568389893,1784,0.0,0.0
2026-04-07 11:30:00-04:00,1.9450000524520874,1.9499000310897827,1.940000057220459,1.940000057220459,2257,0.0,0.0
2026-04-07 11:31:00-04:00,1.9500000476837158,1.9500000476837158,1.940000057220459,1.940000057220459,4436,0.0,0.0
2026-04-07 11:32:00-04:00,1.940000057220459,1.9500000476837158,1.940000057220459,1.9450000524520874,988,0.0,0.0
2026-04-07 11:33:00-04:00,1.9450000524520874,1.9499000310897827,1.940000057220459,1.940000057220459,4603,0.0,0.0
2026-04-07 11:34:00-04:00,1.940000057220459,1.940000057220459,1.934999942779541,1.934999942779541,22704,0.0,0.0
2026-04-07 11:35:00-04:00,1.9378999471664429,1.9378999471664429,1.934999942779541,1.934999942779541,2622,0.0,0.0
2026-04-07 11:36:00-04:00,1.934999942779541,1.934999942779541,1.934999942779541,1.934999942779541,1404,0.0,0.0
2026-04-07 11:37:00-04:00,1.934999942779541,1.934999942779541,1.9299999475479126,1.9299999475479126,15476,0.0,0.0
2026-04-07 11:38:00-04:00,1.9299999475479126,1.934999942779541,1.9299999475479126,1.934999942779541,13959,0.0,0.0
2026-04-07 11:40:00-04:00,1.934999942779541,1.9399000406265259,1.934999942779541,1.9399000406265259,1563,0.0,0.0
2026-04-07 11:41:00-04:00,1.9299999475479126,1.934999942779541,1.9299999475479126,1.9299999475479126,13007,0.0,0.0
2026-04-07 11:42:00-04:00,1.9249999523162842,1.929900050163269,1.9249999523162842,1.929900050163269,7642,0.0,0.0
2026-04-07 11:43:00-04:00,1.9285000562667847,1.9299999475479126,1.9249999523162842,1.9299999475479126,6040,0.0,0.0
2026-04-07 11:44:00-04:00,1.9275000095367432,1.9275000095367432,1.9249999523162842,1.9249999523162842,2209,0.0,0.0
2026-04-07 11:45:00-04:00,1.9249999523162842,1.9297000169754028,1.9249999523162842,1.9297000169754028,895,0.0,0.0
2026-04-07 11:46:00-04:00,1.9299999475479126,1.940000057220459,1.9299999475479126,1.9399000406265259,57293,0.0,0.0
2026-04-07 11:47:00-04:00,1.9450000524520874,1.9450000524520874,1.9450000524520874,1.9450000524520874,5313,0.0,0.0
2026-04-07 11:48:00-04:00,1.940000057220459,1.9500000476837158,1.940000057220459,1.9478000402450562,52523,0.0,0.0
2026-04-07 11:49:00-04:00,1.9500000476837158,1.9550000429153442,1.9478000402450562,1.9520000219345093,36581,0.0,0.0
2026-04-07 11:50:00-04:00,1.9550000429153442,1.9550000429153442,1.954699993133545,1.954699993133545,3914,0.0,0.0
2026-04-07 11:51:00-04:00,1.9600000381469727,1.9600000381469727,1.9550000429153442,1.9550000429153442,34971,0.0,0.0
2026-04-07 11:52:00-04:00,1.9550000429153442,1.9600000381469727,1.9550000429153442,1.9600000381469727,3213,0.0,0.0
2026-04-07 11:53:00-04:00,1.9550000429153442,1.9600000381469727,1.9500000476837158,1.9600000381469727,30022,0.0,0.0
2026-04-07 11:54:00-04:00,1.9600000381469727,1.9600000381469727,1.9550000429153442,1.9600000381469727,23911,0.0,0.0
2026-04-07 11:55:00-04:00,1.9500000476837158,1.9600000381469727,1.9450000524520874,1.9450000524520874,52154,0.0,0.0
2026-04-07 11:56:00-04:00,1.9500000476837158,1.9550000429153442,1.9450000524520874,1.9500000476837158,72390,0.0,0.0
2026-04-07 11:57:00-04:00,1.9450000524520874,1.9500000476837158,1.9450000524520874,1.9500000476837158,3360,0.0,0.0
2026-04-07 11:58:00-04:00,1.940000057220459,1.9500000476837158,1.934999942779541,1.9371999502182007,52035,0.0,0.0
2026-04-07 11:59:00-04:00,1.934999942779541,1.9450000524520874,1.934999942779541,1.9450000524520874,25457,0.0,0.0
2026-04-07 12:00:00-04:00,1.9450000524520874,1.9450000524520874,1.944700002670288,1.9450000524520874,3200,0.0,0.0
2026-04-07 12:01:00-04:00,1.9450000524520874,1.9450000524520874,1.943600058555603,1.943600058555603,10627,0.0,0.0
2026-04-07 12:02:00-04:00,1.9500000476837158,1.9550000429153442,1.9450000524520874,1.9514000415802002,18770,0.0,0.0
2026-04-07 12:03:00-04:00,1.9550000429153442,1.965000033378601,1.9550000429153442,1.9550000429153442,96203,0.0,0.0
2026-04-07 12:04:00-04:00,1.9500000476837158,1.9550000429153442,1.9500000476837158,1.9550000429153442,15120,0.0,0.0
2026-04-07 12:05:00-04:00,1.9500000476837158,1.9500000476837158,1.940000057220459,1.9450000524520874,38169,0.0,0.0
2026-04-07 12:06:00-04:00,1.9500000476837158,1.9599000215530396,1.9478000402450562,1.9599000215530396,20440,0.0,0.0
2026-04-07 12:07:00-04:00,1.9530999660491943,1.9550000429153442,1.9530999660491943,1.9550000429153442,17861,0.0,0.0
2026-04-07 12:08:00-04:00,1.9550000429153442,1.9550000429153442,1.9500000476837158,1.9521000385284424,16865,0.0,0.0
2026-04-07 12:09:00-04:00,1.9500000476837158,1.9600000381469727,1.9500000476837158,1.9600000381469727,8963,0.0,0.0
2026-04-07 12:10:00-04:00,1.9520000219345093,1.9600000381469727,1.9500000476837158,1.9550000429153442,14138,0.0,0.0
2026-04-07 12:11:00-04:00,1.9550000429153442,1.9600000381469727,1.9550000429153442,1.9600000381469727,7434,0.0,0.0
2026-04-07 12:12:00-04:00,1.9550000429153442,1.9580999612808228,1.9550000429153442,1.9550000429153442,6849,0.0,0.0
2026-04-07 12:13:00-04:00,1.9550000429153442,1.9600000381469727,1.9550000429153442,1.9550000429153442,4538,0.0,0.0
2026-04-07 12:14:00-04:00,1.9550000429153442,1.9600000381469727,1.9500000476837158,1.9550000429153442,7147,0.0,0.0
2026-04-07 12:15:00-04:00,1.957900047302246,1.9600000381469727,1.9522000551223755,1.9522000551223755,2472,0.0,0.0
2026-04-07 12:16:00-04:00,1.9535000324249268,1.9550000429153442,1.9535000324249268,1.9550000429153442,2503,0.0,0.0
2026-04-07 12:17:00-04:00,1.9600000381469727,1.9600000381469727,1.9535000324249268,1.9550000429153442,24760,0.0,0.0
2026-04-07 12:18:00-04:00,1.9523999691009521,1.9550000429153442,1.9523999691009521,1.9550000429153442,1643,0.0,0.0
2026-04-07 12:19:00-04:00,1.9600000381469727,1.9600000381469727,1.9550000429153442,1.9550000429153442,3111,0.0,0.0
2026-04-07 12:20:00-04:00,1.9600000381469727,1.9600000381469727,1.9500000476837158,1.9550000429153442,2489,0.0,0.0
2026-04-07 12:21:00-04:00,1.9515000581741333,1.9600000381469727,1.9500000476837158,1.9550000429153442,41410,0.0,0.0
2026-04-07 12:22:00-04:00,1.9550000429153442,1.9600000381469727,1.940000057220459,1.940000057220459,24891,0.0,0.0
2026-04-07 12:23:00-04:00,1.9400999546051025,1.9450000524520874,1.9400999546051025,1.9450000524520874,28728,0.0,0.0
2026-04-07 12:25:00-04:00,1.9500000476837158,1.9599000215530396,1.9500000476837158,1.9550000429153442,40794,0.0,0.0
2026-04-07 12:26:00-04:00,1.9529999494552612,1.9550000429153442,1.9500000476837158,1.9500000476837158,14755,0.0,0.0
2026-04-07 12:27:00-04:00,1.9550000429153442,1.9550000429153442,1.9500999450683594,1.9550000429153442,6274,0.0,0.0
2026-04-07 12:29:00-04:00,1.9550000429153442,1.9600000381469727,1.9550000429153442,1.9600000381469727,6865,0.0,0.0
2026-04-07 12:30:00-04:00,1.9520000219345093,1.9599000215530396,1.95169997215271,1.9521000385284424,4613,0.0,0.0
2026-04-07 12:31:00-04:00,1.9500000476837158,1.9500000476837158,1.9469000101089478,1.9469000101089478,25861,0.0,0.0
2026-04-07 12:32:00-04:00,1.9450000524520874,1.9500000476837158,1.9450000524520874,1.9499000310897827,16075,0.0,0.0
2026-04-07 12:33:00-04:00,1.9450000524520874,1.9500000476837158,1.9450000524520874,1.9500000476837158,99058,0.0,0.0
2026-04-07 12:34:00-04:00,1.9499000310897827,1.9600000381469727,1.948799967765808,1.9600000381469727,59607,0.0,0.0
2026-04-07 12:35:00-04:00,1.9500000476837158,1.9599000215530396,1.9500000476837158,1.9599000215530396,11838,0.0,0.0
2026-04-07 12:36:00-04:00,1.9500999450683594,1.9550000429153442,1.9500999450683594,1.9544999599456787,6756,0.0,0.0
2026-04-07 12:37:00-04:00,1.9500000476837158,1.9500000476837158,1.9450000524520874,1.9499000310897827,17913,0.0,0.0
2026-04-07 12:38:00-04:00,1.9450000524520874,1.9499000310897827,1.940000057220459,1.9400999546051025,65938,0.0,0.0
2026-04-07 12:39:00-04:00,1.940000057220459,1.9450000524520874,1.940000057220459,1.9450000524520874,4327,0.0,0.0
2026-04-07 12:40:00-04:00,1.940000057220459,1.9450000524520874,1.940000057220459,1.9400999546051025,7567,0.0,0.0
2026-04-07 12:41:00-04:00,1.940000057220459,1.942199945449829,1.940000057220459,1.9400999546051025,14025,0.0,0.0
2026-04-07 12:42:00-04:00,1.9450000524520874,1.9450000524520874,1.940000057220459,1.940000057220459,20980,0.0,0.0
2026-04-07 12:43:00-04:00,1.9421000480651855,1.9421000480651855,1.9300999641418457,1.9300999641418457,17927,0.0,0.0
2026-04-07 12:44:00-04:00,1.9300999641418457,1.9300999641418457,1.9300999641418457,1.9300999641418457,1542,0.0,0.0
2026-04-07 12:45:00-04:00,1.934999942779541,1.9450000524520874,1.9299999475479126,1.9450000524520874,53644,0.0,0.0
2026-04-07 12:46:00-04:00,1.9450000524520874,1.9479000568389893,1.9450000524520874,1.9450000524520874,16762,0.0,0.0
2026-04-07 12:47:00-04:00,1.9466999769210815,1.9500000476837158,1.940000057220459,1.9500000476837158,50413,0.0,0.0
2026-04-07 12:48:00-04:00,1.9500000476837158,1.9500000476837158,1.9499000310897827,1.9499000310897827,19729,0.0,0.0
2026-04-07 12:49:00-04:00,1.9500000476837158,1.9500000476837158,1.940000057220459,1.9450000524520874,4505,0.0,0.0
2026-04-07 12:50:00-04:00,1.940000057220459,1.9400999546051025,1.940000057220459,1.9400999546051025,2832,0.0,0.0
2026-04-07 12:51:00-04:00,1.9450000524520874,1.9500000476837158,1.9450000524520874,1.9450000524520874,4723,0.0,0.0
2026-04-07 12:52:00-04:00,1.9500000476837158,1.9500000476837158,1.9450000524520874,1.9450000524520874,14470,0.0,0.0
2026-04-07 12:53:00-04:00,1.9500000476837158,1.9500000476837158,1.9500000476837158,1.9500000476837158,7217,0.0,0.0
2026-04-07 12:54:00-04:00,1.9500000476837158,1.9500000476837158,1.9450000524520874,1.9450000524520874,6170,0.0,0.0
2026-04-07 12:55:00-04:00,1.9450000524520874,1.9450000524520874,1.940000057220459,1.940000057220459,3277,0.0,0.0
2026-04-07 12:56:00-04:00,1.9427000284194946,1.9500000476837158,1.9427000284194946,1.9500000476837158,8311,0.0,0.0
2026-04-07 12:57:00-04:00,1.9450000524520874,1.9500000476837158,1.9450000524520874,1.9450000524520874,4592,0.0,0.0
2026-04-07 12:58:00-04:00,1.9500000476837158,1.9500000476837158,1.9429999589920044,1.9429999589920044,1670,0.0,0.0
2026-04-07 12:59:00-04:00,1.9500000476837158,1.9500000476837158,1.9450000524520874,1.9450000524520874,3233,0.0,0.0
2026-04-07 13:00:00-04:00,1.9450000524520874,1.9500000476837158,1.9450000524520874,1.9500000476837158,13551,0.0,0.0
2026-04-07 13:01:00-04:00,1.9500000476837158,1.9500000476837158,1.9499000310897827,1.9499000310897827,10340,0.0,0.0
2026-04-07 13:02:00-04:00,1.9500000476837158,1.9500000476837158,1.940600037574768,1.940600037574768,12489,0.0,0.0
2026-04-07 13:03:00-04:00,1.9450000524520874,1.9500000476837158,1.9450000524520874,1.9500000476837158,3027,0.0,0.0
2026-04-07 13:04:00-04:00,1.9479999542236328,1.9500000476837158,1.9450000524520874,1.9500000476837158,13727,0.0,0.0
2026-04-07 13:05:00-04:00,1.9499000310897827,1.9500000476837158,1.9450000524520874,1.9500000476837158,12729,0.0,0.0
2026-04-07 13:06:00-04:00,1.9499000310897827,1.9500000476837158,1.9450000524520874,1.9500000476837158,21040,0.0,0.0
2026-04-07 13:07:00-04:00,1.9500000476837158,1.9500000476837158,1.9450000524520874,1.9500000476837158,17572,0.0,0.0
2026-04-07 13:08:00-04:00,1.9464999437332153,1.9500000476837158,1.9450000524520874,1.9500000476837158,16308,0.0,0.0
2026-04-07 13:09:00-04:00,1.9500000476837158,1.9500000476837158,1.9450000524520874,1.9499000310897827,20499,0.0,0.0
2026-04-07 13:10:00-04:00,1.9496999979019165,1.9600000381469727,1.9496999979019165,1.9550000429153442,75217,0.0,0.0
2026-04-07 13:11:00-04:00,1.9550000429153442,1.9600000381469727,1.9550000429153442,1.9550000429153442,34211,0.0,0.0
2026-04-07 13:12:00-04:00,1.9600000381469727,1.9600000381469727,1.9600000381469727,1.9600000381469727,1188,0.0,0.0
2026-04-07 13:13:00-04:00,1.9600000381469727,1.9700000286102295,1.9550000429153442,1.9601000547409058,67803,0.0,0.0
2026-04-07 13:14:00-04:00,1.9600000381469727,1.965000033378601,1.9550000429153442,1.9550000429153442,49868,0.0,0.0
2026-04-07 13:15:00-04:00,1.9600000381469727,1.9600000381469727,1.9500000476837158,1.9500999450683594,60363,0.0,0.0
2026-04-07 13:16:00-04:00,1.9550000429153442,1.9550000429153442,1.9500000476837158,1.9550000429153442,27940,0.0,0.0
2026-04-07 13:17:00-04:00,1.9550000429153442,1.9550000429153442,1.9530999660491943,1.9550000429153442,20310,0.0,0.0
2026-04-07 13:18:00-04:00,1.9550000429153442,1.9550000429153442,1.9500000476837158,1.9522000551223755,4977,0.0,0.0
2026-04-07 13:19:00-04:00,1.9500000476837158,1.9600000381469727,1.9500000476837158,1.9550000429153442,8699,0.0,0.0
2026-04-07 13:20:00-04:00,1.9550000429153442,1.9600000381469727,1.940000057220459,1.9450000524520874,24106,0.0,0.0
2026-04-07 13:21:00-04:00,1.9479000568389893,1.9479000568389893,1.940000057220459,1.9450000524520874,12507,0.0,0.0
2026-04-07 13:22:00-04:00,1.9400999546051025,1.9450000524520874,1.940000057220459,1.9450000524520874,2436,0.0,0.0
2026-04-07 13:23:00-04:00,1.9450000524520874,1.9450000524520874,1.934999942779541,1.9387999773025513,97540,0.0,0.0
2026-04-07 13:24:00-04:00,1.9299999475479126,1.940000057220459,1.9299999475479126,1.9299999475479126,15109,0.0,0.0
2026-04-07 13:25:00-04:00,1.9300999641418457,1.9318000078201294,1.9249999523162842,1.929900050163269,15368,0.0,0.0
2026-04-07 13:26:00-04:00,1.9249999523162842,1.9249999523162842,1.9249999523162842,1.9249999523162842,1512,0.0,0.0
2026-04-07 13:27:00-04:00,1.9249999523162842,1.9249999523162842,1.9249999523162842,1.9249999523162842,2305,0.0,0.0
2026-04-07 13:28:00-04:00,1.9249999523162842,1.9249999523162842,1.9199999570846558,1.9199999570846558,1726,0.0,0.0
2026-04-07 13:29:00-04:00,1.9249999523162842,1.929900050163269,1.920199990272522,1.929900050163269,1292,0.0,0.0
2026-04-07 13:30:00-04:00,1.929900050163269,1.929900050163269,1.9249999523162842,1.9249999523162842,7439,0.0,0.0
2026-04-07 13:31:00-04:00,1.9249999523162842,1.9249999523162842,1.9249999523162842,1.9249999523162842,1720,0.0,0.0
2026-04-07 13:32:00-04:00,1.9199999570846558,1.9199999570846558,1.9199999570846558,1.9199999570846558,1977,0.0,0.0
2026-04-07 13:33:00-04:00,1.9220999479293823,1.9249999523162842,1.9220999479293823,1.9249999523162842,1769,0.0,0.0
2026-04-07 13:34:00-04:00,1.9299999475479126,1.9299999475479126,1.9249999523162842,1.9249999523162842,26489,0.0,0.0
2026-04-07 13:35:00-04:00,1.9249999523162842,1.9299999475479126,1.9234999418258667,1.9290000200271606,14716,0.0,0.0
2026-04-07 13:36:00-04:00,1.9299999475479126,1.934999942779541,1.9299999475479126,1.934999942779541,16483,0.0,0.0
2026-04-07 13:37:00-04:00,1.940000057220459,1.940000057220459,1.940000057220459,1.940000057220459,763,0.0,0.0
2026-04-07 13:38:00-04:00,1.934999942779541,1.940000057220459,1.9299999475479126,1.934999942779541,4646,0.0,0.0
2026-04-07 13:39:00-04:00,1.934999942779541,1.934999942779541,1.9320000410079956,1.9320000410079956,2810,0.0,0.0
2026-04-07 13:40:00-04:00,1.934999942779541,1.934999942779541,1.934999942779541,1.934999942779541,3170,0.0,0.0
2026-04-07 13:41:00-04:00,1.934999942779541,1.940000057220459,1.9313000440597534,1.9313000440597534,1397,0.0,0.0
2026-04-07 13:42:00-04:00,1.934999942779541,1.9359999895095825,1.934999942779541,1.934999942779541,2902,0.0,0.0
2026-04-07 13:43:00-04:00,1.934999942779541,1.934999942779541,1.934999942779541,1.934999942779541,1497,0.0,0.0
2026-04-07 13:44:00-04:00,1.934999942779541,1.934999942779541,1.934999942779541,1.934999942779541,2093,0.0,0.0
2026-04-07 13:45:00-04:00,1.9364999532699585,1.9388999938964844,1.9299999475479126,1.9299999475479126,4265,0.0,0.0
2026-04-07 13:46:00-04:00,1.934999942779541,1.934999942779541,1.9299999475479126,1.933500051498413,2347,0.0,0.0
2026-04-07 13:47:00-04:00,1.9299999475479126,1.934999942779541,1.9299999475479126,1.9321000576019287,3756,0.0,0.0
2026-04-07 13:48:00-04:00,1.9299999475479126,1.9322999715805054,1.9299999475479126,1.9321000576019287,2487,0.0,0.0
2026-04-07 13:49:00-04:00,1.9299999475479126,1.934999942779541,1.9299999475479126,1.9299999475479126,13239,0.0,0.0
2026-04-07 13:50:00-04:00,1.934999942779541,1.9388999938964844,1.9299999475479126,1.9300999641418457,36717,0.0,0.0
2026-04-07 13:51:00-04:00,1.9299999475479126,1.9321000576019287,1.9299999475479126,1.9299999475479126,3329,0.0,0.0
2026-04-07 13:52:00-04:00,1.9299999475479126,1.934999942779541,1.9299999475479126,1.9299999475479126,8282,0.0,0.0
2026-04-07 13:53:00-04:00,1.9300999641418457,1.934999942779541,1.9299999475479126,1.934999942779541,6272,0.0,0.0
2026-04-07 13:54:00-04:00,1.9299999475479126,1.9299999475479126,1.9199999570846558,1.9199999570846558,59585,0.0,0.0
2026-04-07 13:55:00-04:00,1.9249999523162842,1.934999942779541,1.9249999523162842,1.934999942779541,28534,0.0,0.0
2026-04-07 13:56:00-04:00,1.934999942779541,1.934999942779541,1.9299999475479126,1.934999942779541,2390,0.0,0.0
2026-04-07 13:57:00-04:00,1.934999942779541,1.934999942779541,1.934999942779541,1.934999942779541,933,0.0,0.0
2026-04-07 13:58:00-04:00,1.9299999475479126,1.934999942779541,1.9299999475479126,1.934999942779541,1358,0.0,0.0
2026-04-07 13:59:00-04:00,1.934999942779541,1.934999942779541,1.9299999475479126,1.934999942779541,1943,0.0,0.0
2026-04-07 14:00:00-04:00,1.9299999475479126,1.9299999475479126,1.9249999523162842,1.9249999523162842,32796,0.0,0.0
2026-04-07 14:02:00-04:00,1.9249999523162842,1.9299999475479126,1.9249999523162842,1.9299999475479126,49608,0.0,0.0
2026-04-07 14:03:00-04:00,1.934999942779541,1.934999942779541,1.9316999912261963,1.9316999912261963,20382,0.0,0.0
2026-04-07 14:04:00-04:00,1.934999942779541,1.934999942779541,1.934999942779541,1.934999942779541,8373,0.0,0.0
2026-04-07 14:05:00-04:00,1.9299999475479126,1.9299999475479126,1.9249999523162842,1.9249999523162842,39555,0.0,0.0
2026-04-07 14:06:00-04:00,1.9249999523162842,1.9249999523162842,1.9249999523162842,1.9249999523162842,2869,0.0,0.0
2026-04-07 14:07:00-04:00,1.9299999475479126,1.934999942779541,1.9299999475479126,1.934999942779541,45304,0.0,0.0
2026-04-07 14:10:00-04:00,1.9321999549865723,1.9321999549865723,1.9321999549865723,1.9321999549865723,1382,0.0,0.0
2026-04-07 14:11:00-04:00,1.9299999475479126,1.9399000406265259,1.9299999475479126,1.9399000406265259,2616,0.0,0.0
2026-04-07 14:12:00-04:00,1.934999942779541,1.934999942779541,1.934999942779541,1.934999942779541,1229,0.0,0.0
2026-04-07 14:13:00-04:00,1.9300999641418457,1.934999942779541,1.9299999475479126,1.9299999475479126,8347,0.0,0.0
2026-04-07 14:14:00-04:00,1.9300999641418457,1.934999942779541,1.9300999641418457,1.934999942779541,1178,0.0,0.0
2026-04-07 14:15:00-04:00,1.9300999641418457,1.9321999549865723,1.9300999641418457,1.9300999641418457,3617,0.0,0.0
2026-04-07 14:16:00-04:00,1.9300999641418457,1.934999942779541,1.9300999641418457,1.934999942779541,2744,0.0,0.0
2026-04-07 14:17:00-04:00,1.934999942779541,1.934999942779541,1.9300999641418457,1.9300999641418457,4018,0.0,0.0
2026-04-07 14:18:00-04:00,1.9300999641418457,1.934999942779541,1.927899956703186,1.927899956703186,57867,0.0,0.0
2026-04-07 14:19:00-04:00,1.9299999475479126,1.934999942779541,1.9200999736785889,1.934999942779541,37554,0.0,0.0
2026-04-07 14:20:00-04:00,1.934999942779541,1.934999942779541,1.934999942779541,1.934999942779541,2372,0.0,0.0
2026-04-07 14:21:00-04:00,1.9299999475479126,1.9299999475479126,1.9200999736785889,1.9200999736785889,30921,0.0,0.0
2026-04-07 14:22:00-04:00,1.9220000505447388,1.9220000505447388,1.9220000505447388,1.9220000505447388,2273,0.0,0.0
2026-04-07 14:24:00-04:00,1.9200999736785889,1.9299999475479126,1.9199999570846558,1.9213999509811401,10951,0.0,0.0
2026-04-07 14:25:00-04:00,1.9199999570846558,1.920799970626831,1.9199999570846558,1.920799970626831,4201,0.0,0.0
2026-04-07 14:27:00-04:00,1.9249999523162842,1.9249999523162842,1.9249999523162842,1.9249999523162842,2580,0.0,0.0
2026-04-07 14:28:00-04:00,1.9199999570846558,1.9199999570846558,1.9199999570846558,1.9199999570846558,716,0.0,0.0
2026-04-07 14:29:00-04:00,1.9249999523162842,1.9249999523162842,1.9199999570846558,1.9214999675750732,5231,0.0,0.0
2026-04-07 14:30:00-04:00,1.9286999702453613,1.9286999702453613,1.9214999675750732,1.9214999675750732,1291,0.0,0.0
2026-04-07 14:31:00-04:00,1.9249999523162842,1.929900050163269,1.9249999523162842,1.9249999523162842,5242,0.0,0.0
2026-04-07 14:32:00-04:00,1.9199999570846558,1.9199999570846558,1.9199999570846558,1.9199999570846558,725,0.0,0.0
2026-04-07 14:33:00-04:00,1.9220999479293823,1.9249999523162842,1.9220000505447388,1.9220000505447388,2712,0.0,0.0
2026-04-07 14:34:00-04:00,1.9249999523162842,1.9299999475479126,1.9249999523162842,1.9249999523162842,1762,0.0,0.0
2026-04-07 14:35:00-04:00,1.9299999475479126,1.9299999475479126,1.9199999570846558,1.9199999570846558,2353,0.0,0.0
2026-04-07 14:36:00-04:00,1.9200999736785889,1.9299999475479126,1.9200999736785889,1.9249999523162842,5545,0.0,0.0
2026-04-07 14:37:00-04:00,1.9249999523162842,1.9249999523162842,1.9249999523162842,1.9249999523162842,1197,0.0,0.0
2026-04-07 14:38:00-04:00,1.9249999523162842,1.9299999475479126,1.9249999523162842,1.9249999523162842,2100,0.0,0.0
2026-04-07 14:39:00-04:00,1.9249999523162842,1.9299999475479126,1.9249999523162842,1.9249999523162842,4270,0.0,0.0
2026-04-07 14:40:00-04:00,1.9299999475479126,1.9299999475479126,1.9249999523162842,1.9249999523162842,899,0.0,0.0
2026-04-07 14:41:00-04:00,1.9249999523162842,1.9249999523162842,1.910099983215332,1.9199999570846558,69999,0.0,0.0
2026-04-07 14:42:00-04:00,1.9199999570846558,1.9249999523162842,1.9175000190734863,1.9249999523162842,31792,0.0,0.0
2026-04-07 14:43:00-04:00,1.9249999523162842,1.9249999523162842,1.9249999523162842,1.9249999523162842,2114,0.0,0.0
2026-04-07 14:44:00-04:00,1.9249999523162842,1.9249999523162842,1.9249999523162842,1.9249999523162842,3272,0.0,0.0
2026-04-07 14:45:00-04:00,1.9200999736785889,1.9249999523162842,1.9149999618530273,1.9149999618530273,47713,0.0,0.0
2026-04-07 14:46:00-04:00,1.9149999618530273,1.9149999618530273,1.9149999618530273,1.9149999618530273,4384,0.0,0.0
2026-04-07 14:48:00-04:00,1.9149999618530273,1.9149999618530273,1.9149999618530273,1.9149999618530273,11700,0.0,0.0
2026-04-07 14:49:00-04:00,1.9149999618530273,1.9149999618530273,1.9149999618530273,1.9149999618530273,1729,0.0,0.0
2026-04-07 14:50:00-04:00,1.9149999618530273,1.9149999618530273,1.909999966621399,1.9115999937057495,7348,0.0,0.0
2026-04-07 14:51:00-04:00,1.9149999618530273,1.9149999618530273,1.9149999618530273,1.9149999618530273,3485,0.0,0.0
2026-04-07 14:53:00-04:00,1.9149999618530273,1.9149999618530273,1.9149999618530273,1.9149999618530273,217,0.0,0.0
2026-04-07 14:54:00-04:00,1.9149999618530273,1.9149999618530273,1.899999976158142,1.9049999713897705,35064,0.0,0.0
2026-04-07 14:55:00-04:00,1.899999976158142,1.90339994430542,1.899999976158142,1.90339994430542,3827,0.0,0.0
2026-04-07 14:56:00-04:00,1.899999976158142,1.9049999713897705,1.899999976158142,1.899999976158142,17630,0.0,0.0
2026-04-07 14:57:00-04:00,1.9049999713897705,1.9049999713897705,1.9049999713897705,1.9049999713897705,1852,0.0,0.0
2026-04-07 14:58:00-04:00,1.9049999713897705,1.9049999713897705,1.899999976158142,1.9049999713897705,9714,0.0,0.0
2026-04-07 14:59:00-04:00,1.9020999670028687,1.9020999670028687,1.9020999670028687,1.9020999670028687,2071,0.0,0.0
2026-04-07 15:00:00-04:00,1.9000999927520752,1.9049999713897705,1.9000999927520752,1.9049999713897705,1339,0.0,0.0
2026-04-07 15:01:00-04:00,1.899999976158142,1.9049999713897705,1.8899999856948853,1.8949999809265137,76502,0.0,0.0
2026-04-07 15:02:00-04:00,1.8910000324249268,1.8910000324249268,1.8910000324249268,1.8910000324249268,467,0.0,0.0
2026-04-07 15:03:00-04:00,1.8949999809265137,1.8949999809265137,1.8949999809265137,1.8949999809265137,862,0.0,0.0
2026-04-07 15:04:00-04:00,1.899999976158142,1.899999976158142,1.8899999856948853,1.8949999809265137,4108,0.0,0.0
2026-04-07 15:05:00-04:00,1.8949999809265137,1.899999976158142,1.8949999809265137,1.8974000215530396,13858,0.0,0.0
2026-04-07 15:06:00-04:00,1.899999976158142,1.899999976158142,1.8899999856948853,1.8899999856948853,2138,0.0,0.0
2026-04-07 15:07:00-04:00,1.8899999856948853,1.8899999856948853,1.8899999856948853,1.8899999856948853,3015,0.0,0.0
2026-04-07 15:08:00-04:00,1.8949999809265137,1.899899959564209,1.8949999809265137,1.898900032043457,2748,0.0,0.0
2026-04-07 15:09:00-04:00,1.8949999809265137,1.899999976158142,1.8949999809265137,1.8974000215530396,41761,0.0,0.0
2026-04-07 15:10:00-04:00,1.8949999809265137,1.8949999809265137,1.8949999809265137,1.8949999809265137,8414,0.0,0.0
2026-04-07 15:11:00-04:00,1.892199993133545,1.899999976158142,1.892199993133545,1.899999976158142,3279,0.0,0.0
2026-04-07 15:12:00-04:00,1.8964999914169312,1.899999976158142,1.8964999914169312,1.899999976158142,6667,0.0,0.0
2026-04-07 15:13:00-04:00,1.899899959564209,1.899899959564209,1.8949999809265137,1.8949999809265137,8050,0.0,0.0
2026-04-07 15:15:00-04:00,1.8980000019073486,1.899899959564209,1.8980000019073486,1.899899959564209,3482,0.0,0.0
2026-04-07 15:16:00-04:00,1.8949999809265137,1.8949999809265137,1.8949999809265137,1.8949999809265137,285,0.0,0.0
2026-04-07 15:17:00-04:00,1.8949999809265137,1.8949999809265137,1.8949999809265137,1.8949999809265137,18837,0.0,0.0
2026-04-07 15:18:00-04:00,1.8949999809265137,1.899999976158142,1.8949999809265137,1.899999976158142,68546,0.0,0.0
2026-04-07 15:19:00-04:00,1.895799994468689,1.899999976158142,1.8949999809265137,1.899999976158142,59846,0.0,0.0
2026-04-07 15:20:00-04:00,1.8949999809265137,1.9098999500274658,1.8949999809265137,1.9049999713897705,57683,0.0,0.0
2026-04-07 15:21:00-04:00,1.9049999713897705,1.9049999713897705,1.899999976158142,1.9000999927520752,19451,0.0,0.0
2026-04-07 15:22:00-04:00,1.9000999927520752,1.9049999713897705,1.899999976158142,1.9049999713897705,1337,0.0,0.0
2026-04-07 15:23:00-04:00,1.899999976158142,1.9049999713897705,1.899999976158142,1.899999976158142,1144,0.0,0.0
2026-04-07 15:24:00-04:00,1.9049999713897705,1.9098999500274658,1.899999976158142,1.9049999713897705,3500,0.0,0.0
2026-04-07 15:25:00-04:00,1.899999976158142,1.899999976158142,1.8949999809265137,1.8949999809265137,40102,0.0,0.0
2026-04-07 15:26:00-04:00,1.8949999809265137,1.8949999809265137,1.8911999464035034,1.8911999464035034,1555,0.0,0.0
2026-04-07 15:27:00-04:00,1.8901000022888184,1.8919999599456787,1.8899999856948853,1.8899999856948853,23011,0.0,0.0
2026-04-07 15:28:00-04:00,1.8949999809265137,1.8949999809265137,1.8899999856948853,1.8949999809265137,3493,0.0,0.0
2026-04-07 15:29:00-04:00,1.8920999765396118,1.8949999809265137,1.8899999856948853,1.8901000022888184,5827,0.0,0.0
2026-04-07 15:30:00-04:00,1.8934999704360962,1.899999976158142,1.892199993133545,1.899999976158142,12645,0.0,0.0
2026-04-07 15:31:00-04:00,1.8949999809265137,1.8949999809265137,1.8799999952316284,1.8849999904632568,44152,0.0,0.0
2026-04-07 15:32:00-04:00,1.8849999904632568,1.8849999904632568,1.8833999633789062,1.8849999904632568,3337,0.0,0.0
2026-04-07 15:34:00-04:00,1.8819999694824219,1.8849999904632568,1.8799999952316284,1.8823000192642212,5028,0.0,0.0
2026-04-07 15:35:00-04:00,1.8799999952316284,1.8801000118255615,1.8720999956130981,1.875,41780,0.0,0.0
2026-04-07 15:36:00-04:00,1.875,1.875,1.8701000213623047,1.875,5090,0.0,0.0
2026-04-07 15:37:00-04:00,1.8717999458312988,1.875,1.8700000047683716,1.8700000047683716,5223,0.0,0.0
2026-04-07 15:38:00-04:00,1.8722000122070312,1.8798999786376953,1.8700000047683716,1.8722000122070312,4498,0.0,0.0
2026-04-07 15:39:00-04:00,1.8700000047683716,1.8722000122070312,1.8700000047683716,1.870300054550171,24674,0.0,0.0
2026-04-07 15:40:00-04:00,1.8700000047683716,1.875,1.8700000047683716,1.875,45104,0.0,0.0
2026-04-07 15:41:00-04:00,1.875,1.8761999607086182,1.8700000047683716,1.8720999956130981,19666,0.0,0.0
2026-04-07 15:42:00-04:00,1.8700000047683716,1.875,1.8700000047683716,1.8701000213623047,38720,0.0,0.0
2026-04-07 15:43:00-04:00,1.8700000047683716,1.875,1.8700000047683716,1.8700000047683716,54867,0.0,0.0
2026-04-07 15:44:00-04:00,1.875,1.875,1.8700000047683716,1.8701000213623047,15222,0.0,0.0
2026-04-07 15:45:00-04:00,1.8789000511169434,1.8849999904632568,1.8701000213623047,1.8849999904632568,44551,0.0,0.0
2026-04-07 15:46:00-04:00,1.8799999952316284,1.8899999856948853,1.8799999952316284,1.8849999904632568,4680,0.0,0.0
2026-04-07 15:47:00-04:00,1.8849999904632568,1.8898999691009521,1.8849999904632568,1.8849999904632568,4550,0.0,0.0
2026-04-07 15:48:00-04:00,1.8842999935150146,1.8898999691009521,1.8803000450134277,1.8803000450134277,10946,0.0,0.0
2026-04-07 15:49:00-04:00,1.8849999904632568,1.8849999904632568,1.8849999904632568,1.8849999904632568,11795,0.0,0.0
2026-04-07 15:50:00-04:00,1.8849999904632568,1.8899999856948853,1.8849999904632568,1.8876999616622925,4856,0.0,0.0
2026-04-07 15:51:00-04:00,1.8898999691009521,1.8899999856948853,1.8799999952316284,1.8819999694824219,6055,0.0,0.0
2026-04-07 15:52:00-04:00,1.8899999856948853,1.8899999856948853,1.888100028038025,1.8899999856948853,3848,0.0,0.0
2026-04-07 15:53:00-04:00,1.8849999904632568,1.8899999856948853,1.8849999904632568,1.8899999856948853,6304,0.0,0.0
2026-04-07 15:54:00-04:00,1.8899999856948853,1.8899999856948853,1.8849999904632568,1.8849999904632568,13888,0.0,0.0
2026-04-07 15:55:00-04:00,1.8899999856948853,1.8899999856948853,1.8849999904632568,1.8849999904632568,40612,0.0,0.0
2026-04-07 15:56:00-04:00,1.8898999691009521,1.8899999856948853,1.8799999952316284,1.8899999856948853,22220,0.0,0.0
2026-04-07 15:57:00-04:00,1.8849999904632568,1.8899999856948853,1.8849999904632568,1.8899999856948853,20697,0.0,0.0
2026-04-07 15:58:00-04:00,1.8899999856948853,1.899999976158142,1.8899999856948853,1.8949999809265137,111387,0.0,0.0
2026-04-07 15:59:00-04:00,1.899999976158142,1.899999976158142,1.8901000022888184,1.899999976158142,84931,0.0,0.0
2026-04-08 09:30:00-04:00,1.9700000286102295,2.009999990463257,1.9700000286102295,2.0,195495,0.0,0.0
2026-04-08 09:31:00-04:00,1.9903000593185425,1.9903000593185425,1.975000023841858,1.9788000583648682,30796,0.0,0.0
2026-04-08 09:32:00-04:00,1.9800000190734863,1.9800000190734863,1.9708000421524048,1.975000023841858,2085,0.0,0.0
2026-04-08 09:33:00-04:00,1.9700000286102295,1.975000023841858,1.9700000286102295,1.975000023841858,10005,0.0,0.0
2026-04-08 09:34:00-04:00,1.9700000286102295,1.9722000360488892,1.9700000286102295,1.9700000286102295,46199,0.0,0.0
2026-04-08 09:35:00-04:00,1.9788000583648682,1.9788000583648682,1.9700000286102295,1.9700000286102295,7715,0.0,0.0
2026-04-08 09:36:00-04:00,1.972499966621399,1.9900000095367432,1.972499966621399,1.9900000095367432,11552,0.0,0.0
2026-04-08 09:37:00-04:00,1.9900000095367432,1.9900000095367432,1.9808000326156616,1.9850000143051147,11279,0.0,0.0
2026-04-08 09:38:00-04:00,1.9900000095367432,1.9900000095367432,1.975000023841858,1.9800000190734863,23892,0.0,0.0
2026-04-08 09:39:00-04:00,1.9799000024795532,1.9900000095367432,1.9799000024795532,1.9800000190734863,40214,0.0,0.0
2026-04-08 09:40:00-04:00,1.9809999465942383,1.9809999465942383,1.9700000286102295,1.9700000286102295,22200,0.0,0.0
2026-04-08 09:41:00-04:00,1.9702999591827393,1.9754999876022339,1.9702999591827393,1.9709999561309814,9584,0.0,0.0
2026-04-08 09:42:00-04:00,1.975000023841858,1.9799000024795532,1.9700000286102295,1.975000023841858,17637,0.0,0.0
2026-04-08 09:43:00-04:00,1.975000023841858,1.9800000190734863,1.9701000452041626,1.975000023841858,7522,0.0,0.0
2026-04-08 09:44:00-04:00,1.9780000448226929,1.9780000448226929,1.975000023841858,1.975000023841858,1676,0.0,0.0
2026-04-08 09:45:00-04:00,1.975000023841858,1.975000023841858,1.975000023841858,1.975000023841858,1844,0.0,0.0
2026-04-08 09:46:00-04:00,1.975000023841858,1.975000023841858,1.975000023841858,1.975000023841858,1186,0.0,0.0
2026-04-08 09:47:00-04:00,1.9780000448226929,1.9800000190734863,1.9700000286102295,1.9800000190734863,270784,0.0,0.0
2026-04-08 09:48:00-04:00,1.9800000190734863,1.9865000247955322,1.9700000286102295,1.9800000190734863,42504,0.0,0.0
2026-04-08 09:49:00-04:00,1.9850000143051147,1.9900000095367432,1.9801000356674194,1.9900000095367432,13443,0.0,0.0
2026-04-08 09:50:00-04:00,1.9900000095367432,2.0,1.9900000095367432,1.9916000366210938,49383,0.0,0.0
2026-04-08 09:51:00-04:00,2.0,2.0,1.9900000095367432,2.0,6233,0.0,0.0
2026-04-08 09:52:00-04:00,1.99590003490448,2.0,1.9901000261306763,1.9950000047683716,13532,0.0,0.0
2026-04-08 09:53:00-04:00,1.9950000047683716,1.9982000589370728,1.9950000047683716,1.9950000047683716,13065,0.0,0.0
2026-04-08 09:54:00-04:00,1.9950000047683716,1.9950000047683716,1.9900000095367432,1.9900000095367432,16201,0.0,0.0
2026-04-08 09:55:00-04:00,1.9850000143051147,1.9850000143051147,1.9850000143051147,1.9850000143051147,3206,0.0,0.0
2026-04-08 09:56:00-04:00,1.9850000143051147,1.9850000143051147,1.975000023841858,1.975000023841858,31405,0.0,0.0
2026-04-08 09:57:00-04:00,1.975000023841858,1.9800000190734863,1.9700000286102295,1.9700000286102295,22899,0.0,0.0
2026-04-08 09:58:00-04:00,1.9800000190734863,1.9800000190734863,1.9800000190734863,1.9800000190734863,2335,0.0,0.0
2026-04-08 09:59:00-04:00,1.975000023841858,1.9800000190734863,1.975000023841858,1.9800000190734863,3080,0.0,0.0
2026-04-08 10:00:00-04:00,1.9799000024795532,1.9799000024795532,1.9701000452041626,1.9701000452041626,1750,0.0,0.0
2026-04-08 10:01:00-04:00,1.9800000190734863,1.9800000190734863,1.975000023841858,1.975000023841858,8413,0.0,0.0
2026-04-08 10:02:00-04:00,1.9800000190734863,1.9800000190734863,1.975000023841858,1.9800000190734863,6505,0.0,0.0
2026-04-08 10:03:00-04:00,1.979200005531311,1.9800000190734863,1.975000023841858,1.9800000190734863,1315,0.0,0.0
2026-04-08 10:04:00-04:00,1.975000023841858,1.975000023841858,1.972100019454956,1.972100019454956,2764,0.0,0.0
2026-04-08 10:05:00-04:00,1.975000023841858,1.975000023841858,1.9731999635696411,1.9731999635696411,905,0.0,0.0
2026-04-08 10:06:00-04:00,1.975000023841858,1.975000023841858,1.9600000381469727,1.9700000286102295,92564,0.0,0.0
2026-04-08 10:07:00-04:00,1.965000033378601,1.965000033378601,1.965000033378601,1.965000033378601,1767,0.0,0.0
2026-04-08 10:08:00-04:00,1.9601000547409058,1.9601000547409058,1.9601000547409058,1.9601000547409058,979,0.0,0.0
2026-04-08 10:09:00-04:00,1.9639999866485596,1.9639999866485596,1.9639999866485596,1.9639999866485596,650,0.0,0.0
2026-04-08 10:10:00-04:00,1.9700000286102295,1.9700000286102295,1.9700000286102295,1.9700000286102295,2290,0.0,0.0
2026-04-08 10:11:00-04:00,1.965000033378601,1.965000033378601,1.965000033378601,1.965000033378601,1893,0.0,0.0
2026-04-08 10:12:00-04:00,1.965000033378601,1.9700000286102295,1.9620000123977661,1.9700000286102295,8507,0.0,0.0
2026-04-08 10:13:00-04:00,1.9629000425338745,1.9700000286102295,1.9600000381469727,1.9600000381469727,3362,0.0,0.0
2026-04-08 10:14:00-04:00,1.9600000381469727,1.965000033378601,1.9600000381469727,1.965000033378601,2548,0.0,0.0
2026-04-08 10:15:00-04:00,1.9620000123977661,1.965000033378601,1.9620000123977661,1.962499976158142,11573,0.0,0.0
2026-04-08 10:16:00-04:00,1.9622999429702759,1.9700000286102295,1.9601000547409058,1.965000033378601,3318,0.0,0.0
2026-04-08 10:17:00-04:00,1.9601000547409058,1.9601000547409058,1.9601000547409058,1.9601000547409058,2256,0.0,0.0
2026-04-08 10:18:00-04:00,1.965000033378601,1.965000033378601,1.965000033378601,1.965000033378601,576,0.0,0.0
2026-04-08 10:19:00-04:00,1.965000033378601,1.9700000286102295,1.965000033378601,1.965000033378601,1726,0.0,0.0
2026-04-08 10:20:00-04:00,1.965000033378601,1.9900000095367432,1.965000033378601,1.9801000356674194,271449,0.0,0.0
2026-04-08 10:21:00-04:00,1.9852999448776245,1.9900000095367432,1.9800000190734863,1.9800000190734863,30540,0.0,0.0
2026-04-08 10:22:00-04:00,1.975000023841858,1.9800000190734863,1.9701000452041626,1.9723000526428223,9388,0.0,0.0
2026-04-08 10:23:00-04:00,1.9789999723434448,1.9789999723434448,1.9700000286102295,1.9700000286102295,10494,0.0,0.0
2026-04-08 10:24:00-04:00,1.9600000381469727,1.965000033378601,1.9600000381469727,1.9600000381469727,1798,0.0,0.0
2026-04-08 10:25:00-04:00,1.9621000289916992,1.9621000289916992,1.9621000289916992,1.9621000289916992,1019,0.0,0.0
2026-04-08 10:26:00-04:00,1.9700000286102295,1.9700000286102295,1.9550000429153442,1.9600000381469727,16278,0.0,0.0
2026-04-08 10:27:00-04:00,1.957900047302246,1.957900047302246,1.9500000476837158,1.9500000476837158,1827,0.0,0.0
2026-04-08 10:28:00-04:00,1.9600000381469727,1.9700000286102295,1.9600000381469727,1.965000033378601,61447,0.0,0.0
2026-04-08 10:29:00-04:00,1.9700000286102295,1.9700000286102295,1.9500000476837158,1.9550000429153442,26510,0.0,0.0
2026-04-08 10:30:00-04:00,1.9550000429153442,1.9599000215530396,1.9550000429153442,1.957800030708313,2688,0.0,0.0
2026-04-08 10:31:00-04:00,1.9550000429153442,1.9596999883651733,1.9500000476837158,1.9550000429153442,55885,0.0,0.0
2026-04-08 10:32:00-04:00,1.9550000429153442,1.9550000429153442,1.9550000429153442,1.9550000429153442,938,0.0,0.0
2026-04-08 10:33:00-04:00,1.9600000381469727,1.9600000381469727,1.9550000429153442,1.9586000442504883,46137,0.0,0.0
2026-04-08 10:34:00-04:00,1.9600000381469727,1.9600000381469727,1.9500000476837158,1.9550000429153442,96660,0.0,0.0
2026-04-08 10:35:00-04:00,1.9550000429153442,1.9550000429153442,1.940000057220459,1.94159996509552,68057,0.0,0.0
2026-04-08 10:36:00-04:00,1.9400999546051025,1.9450000524520874,1.9400999546051025,1.9450000524520874,4873,0.0,0.0
2026-04-08 10:37:00-04:00,1.9450000524520874,1.9450000524520874,1.940000057220459,1.940000057220459,1897,0.0,0.0
2026-04-08 10:38:00-04:00,1.9450000524520874,1.9555000066757202,1.9450000524520874,1.9550000429153442,28763,0.0,0.0
2026-04-08 10:39:00-04:00,1.9600000381469727,1.9600000381469727,1.9600000381469727,1.9600000381469727,8591,0.0,0.0
2026-04-08 10:40:00-04:00,1.9550000429153442,1.9600000381469727,1.9550000429153442,1.9600000381469727,28156,0.0,0.0
2026-04-08 10:41:00-04:00,1.9600000381469727,1.9600000381469727,1.9550000429153442,1.9600000381469727,433,0.0,0.0
2026-04-08 10:42:00-04:00,1.9500000476837158,1.9600000381469727,1.9500000476837158,1.9599000215530396,1627,0.0,0.0
2026-04-08 10:43:00-04:00,1.9600000381469727,1.9600000381469727,1.9550000429153442,1.9550000429153442,689,0.0,0.0
2026-04-08 10:44:00-04:00,1.9600000381469727,1.9600000381469727,1.9550000429153442,1.9599000215530396,3640,0.0,0.0
2026-04-08 10:45:00-04:00,1.9550000429153442,1.9550000429153442,1.9550000429153442,1.9550000429153442,2834,0.0,0.0
2026-04-08 10:46:00-04:00,1.9550000429153442,1.9550000429153442,1.9550000429153442,1.9550000429153442,2991,0.0,0.0
2026-04-08 10:47:00-04:00,1.9500000476837158,1.9500000476837158,1.9500000476837158,1.9500000476837158,1754,0.0,0.0
2026-04-08 10:48:00-04:00,1.9550000429153442,1.9550000429153442,1.9550000429153442,1.9550000429153442,942,0.0,0.0
2026-04-08 10:49:00-04:00,1.9550000429153442,1.957200050354004,1.9550000429153442,1.9550000429153442,1904,0.0,0.0
2026-04-08 10:50:00-04:00,1.9500000476837158,1.9500000476837158,1.9450000524520874,1.9450000524520874,33521,0.0,0.0
2026-04-08 10:51:00-04:00,1.9419000148773193,1.9419000148773193,1.9419000148773193,1.9419000148773193,1122,0.0,0.0
2026-04-08 10:52:00-04:00,1.9450000524520874,1.9450000524520874,1.940000057220459,1.940000057220459,4145,0.0,0.0
2026-04-08 10:53:00-04:00,1.940000057220459,1.940000057220459,1.934999942779541,1.934999942779541,11564,0.0,0.0
2026-04-08 10:54:00-04:00,1.940000057220459,1.940000057220459,1.9299999475479126,1.940000057220459,58627,0.0,0.0
2026-04-08 10:56:00-04:00,1.9299999475479126,1.9319000244140625,1.9249999523162842,1.9249999523162842,11079,0.0,0.0
2026-04-08 10:57:00-04:00,1.9199999570846558,1.934999942779541,1.9199999570846558,1.934999942779541,22010,0.0,0.0
2026-04-08 10:59:00-04:00,1.940000057220459,1.940000057220459,1.940000057220459,1.940000057220459,175,0.0,0.0
2026-04-08 11:00:00-04:00,1.934999942779541,1.940000057220459,1.9299999475479126,1.9299999475479126,18196,0.0,0.0
2026-04-08 11:01:00-04:00,1.9299999475479126,1.940000057220459,1.9299999475479126,1.940000057220459,21584,0.0,0.0
2026-04-08 11:02:00-04:00,1.9299999475479126,1.9299999475479126,1.9299999475479126,1.9299999475479126,1236,0.0,0.0
2026-04-08 11:03:00-04:00,1.9299999475479126,1.940000057220459,1.9299999475479126,1.940000057220459,33715,0.0,0.0
2026-04-08 11:04:00-04:00,1.940000057220459,1.940000057220459,1.9299999475479126,1.9348000288009644,6133,0.0,0.0
2026-04-08 11:05:00-04:00,1.934999942779541,1.940000057220459,1.9300999641418457,1.940000057220459,2608,0.0,0.0
2026-04-08 11:06:00-04:00,1.9299999475479126,1.934999942779541,1.9299999475479126,1.934999942779541,9189,0.0,0.0
2026-04-08 11:07:00-04:00,1.9299999475479126,1.9399000406265259,1.9299999475479126,1.9399000406265259,3778,0.0,0.0
2026-04-08 11:08:00-04:00,1.9299999475479126,1.9299999475479126,1.9299999475479126,1.9299999475479126,2341,0.0,0.0
2026-04-08 11:09:00-04:00,1.9299999475479126,1.9300999641418457,1.9199999570846558,1.9199999570846558,18583,0.0,0.0
2026-04-08 11:10:00-04:00,1.9199999570846558,1.9249999523162842,1.9199999570846558,1.9249999523162842,1791,0.0,0.0
2026-04-08 11:11:00-04:00,1.9249999523162842,1.9249999523162842,1.9249999523162842,1.9249999523162842,580,0.0,0.0
2026-04-08 11:12:00-04:00,1.9249999523162842,1.9249999523162842,1.9200999736785889,1.9249999523162842,3937,0.0,0.0
2026-04-08 11:13:00-04:00,1.9249999523162842,1.9279999732971191,1.9220999479293823,1.9220999479293823,2630,0.0,0.0
2026-04-08 11:14:00-04:00,1.9299999475479126,1.9299999475479126,1.9218000173568726,1.9218000173568726,4328,0.0,0.0
2026-04-08 11:15:00-04:00,1.9270000457763672,1.9299999475479126,1.9217000007629395,1.9249999523162842,47523,0.0,0.0
2026-04-08 11:16:00-04:00,1.9249999523162842,1.9299999475479126,1.9249999523162842,1.9249999523162842,28688,0.0,0.0
2026-04-08 11:17:00-04:00,1.9249999523162842,1.9299999475479126,1.9199999570846558,1.9249999523162842,27786,0.0,0.0
2026-04-08 11:18:00-04:00,1.9249999523162842,1.929900050163269,1.9200999736785889,1.9249999523162842,6990,0.0,0.0
2026-04-08 11:20:00-04:00,1.9249999523162842,1.9278000593185425,1.9249999523162842,1.9249999523162842,3275,0.0,0.0
2026-04-08 11:21:00-04:00,1.9249999523162842,1.9299999475479126,1.9249999523162842,1.9249999523162842,7998,0.0,0.0
2026-04-08 11:22:00-04:00,1.9249999523162842,1.9249999523162842,1.9249999523162842,1.9249999523162842,6318,0.0,0.0
2026-04-08 11:23:00-04:00,1.9249999523162842,1.9293999671936035,1.9199999570846558,1.9199999570846558,17061,0.0,0.0
2026-04-08 11:24:00-04:00,1.9249999523162842,1.9299999475479126,1.9199999570846558,1.9249999523162842,4044,0.0,0.0
2026-04-08 11:25:00-04:00,1.9249999523162842,1.9249999523162842,1.9249999523162842,1.9249999523162842,3283,0.0,0.0
2026-04-08 11:26:00-04:00,1.9221999645233154,1.9249999523162842,1.9221999645233154,1.9249999523162842,2113,0.0,0.0
2026-04-08 11:27:00-04:00,1.9249999523162842,1.9249999523162842,1.9249999523162842,1.9249999523162842,2565,0.0,0.0
2026-04-08 11:28:00-04:00,1.9249999523162842,1.9249999523162842,1.9249999523162842,1.9249999523162842,3213,0.0,0.0
2026-04-08 11:29:00-04:00,1.9249999523162842,1.9249999523162842,1.9249999523162842,1.9249999523162842,1752,0.0,0.0
2026-04-08 11:30:00-04:00,1.9249999523162842,1.9249999523162842,1.9149999618530273,1.9149999618530273,40279,0.0,0.0
2026-04-08 11:31:00-04:00,1.919700026512146,1.919700026512146,1.919700026512146,1.919700026512146,9257,0.0,0.0
2026-04-08 11:32:00-04:00,1.909999966621399,1.9198999404907227,1.909999966621399,1.9121999740600586,10931,0.0,0.0
2026-04-08 11:33:00-04:00,1.9149999618530273,1.9198999404907227,1.9134000539779663,1.9163000583648682,2010,0.0,0.0
2026-04-08 11:35:00-04:00,1.9149999618530273,1.9149999618530273,1.909999966621399,1.9149999618530273,6700,0.0,0.0
2026-04-08 11:36:00-04:00,1.9149999618530273,1.9149999618530273,1.9149999618530273,1.9149999618530273,18714,0.0,0.0
2026-04-08 11:37:00-04:00,1.9149999618530273,1.9149999618530273,1.9149999618530273,1.9149999618530273,3950,0.0,0.0
2026-04-08 11:38:00-04:00,1.9149999618530273,1.9198999404907227,1.9149999618530273,1.9198999404907227,2232,0.0,0.0
2026-04-08 11:39:00-04:00,1.9198999404907227,1.9198999404907227,1.9198999404907227,1.9198999404907227,884,0.0,0.0
2026-04-08 11:40:00-04:00,1.9149999618530273,1.9149999618530273,1.9149999618530273,1.9149999618530273,3889,0.0,0.0
2026-04-08 11:41:00-04:00,1.9199999570846558,1.9199999570846558,1.909999966621399,1.9199999570846558,4631,0.0,0.0
2026-04-08 11:42:00-04:00,1.9149999618530273,1.9149999618530273,1.9149999618530273,1.9149999618530273,1948,0.0,0.0
2026-04-08 11:43:00-04:00,1.9198999404907227,1.9198999404907227,1.9198999404907227,1.9198999404907227,2159,0.0,0.0
2026-04-08 11:45:00-04:00,1.9149999618530273,1.9149999618530273,1.9149999618530273,1.9149999618530273,1316,0.0,0.0
2026-04-08 11:46:00-04:00,1.9149999618530273,1.9184999465942383,1.9149999618530273,1.9184999465942383,12482,0.0,0.0
2026-04-08 11:47:00-04:00,1.9149999618530273,1.9199999570846558,1.9149999618530273,1.9199999570846558,2270,0.0,0.0
2026-04-08 11:48:00-04:00,1.9149999618530273,1.9149999618530273,1.9149999618530273,1.9149999618530273,1917,0.0,0.0
2026-04-08 11:49:00-04:00,1.9149999618530273,1.9149999618530273,1.9149999618530273,1.9149999618530273,1302,0.0,0.0
2026-04-08 11:50:00-04:00,1.9149999618530273,1.9199999570846558,1.9149999618530273,1.9149999618530273,1626,0.0,0.0
2026-04-08 11:51:00-04:00,1.9198999404907227,1.9198999404907227,1.9149999618530273,1.9149999618530273,1095,0.0,0.0
2026-04-08 11:52:00-04:00,1.9149999618530273,1.9199999570846558,1.909999966621399,1.909999966621399,2121,0.0,0.0
2026-04-08 11:53:00-04:00,1.919800043106079,1.919800043106079,1.9121999740600586,1.9149999618530273,12295,0.0,0.0
2026-04-08 11:54:00-04:00,1.9149999618530273,1.9149999618530273,1.9149999618530273,1.9149999618530273,782,0.0,0.0
2026-04-08 11:55:00-04:00,1.9199999570846558,1.9199999570846558,1.9149999618530273,1.9149999618530273,5464,0.0,0.0
2026-04-08 11:56:00-04:00,1.9149999618530273,1.9199999570846558,1.909999966621399,1.9149999618530273,17559,0.0,0.0
2026-04-08 11:57:00-04:00,1.9148999452590942,1.9199999570846558,1.9148999452590942,1.9149999618530273,8825,0.0,0.0
2026-04-08 11:58:00-04:00,1.9199999570846558,1.9199999570846558,1.909999966621399,1.909999966621399,3061,0.0,0.0
2026-04-08 11:59:00-04:00,1.9149999618530273,1.9199999570846558,1.9149999618530273,1.9199999570846558,4830,0.0,0.0
2026-04-08 12:00:00-04:00,1.9149999618530273,1.9151999950408936,1.9149999618530273,1.9151999950408936,1976,0.0,0.0
2026-04-08 12:01:00-04:00,1.9149999618530273,1.9199999570846558,1.909999966621399,1.9149999618530273,34134,0.0,0.0
2026-04-08 12:02:00-04:00,1.9149999618530273,1.9149999618530273,1.9149999618530273,1.9149999618530273,956,0.0,0.0
2026-04-08 12:03:00-04:00,1.9149999618530273,1.9199999570846558,1.9149999618530273,1.9199999570846558,1956,0.0,0.0
2026-04-08 12:04:00-04:00,1.9199999570846558,1.9249999523162842,1.9199999570846558,1.9220999479293823,26913,0.0,0.0
2026-04-08 12:05:00-04:00,1.9249999523162842,1.9249999523162842,1.9249999523162842,1.9249999523162842,5482,0.0,0.0
2026-04-08 12:06:00-04:00,1.9249999523162842,1.9249999523162842,1.9249999523162842,1.9249999523162842,2469,0.0,0.0
2026-04-08 12:08:00-04:00,1.9249999523162842,1.9249999523162842,1.9149999618530273,1.9149999618530273,190822,0.0,0.0
2026-04-08 12:09:00-04:00,1.9149999618530273,1.9149999618530273,1.909999966621399,1.909999966621399,6346,0.0,0.0
2026-04-08 12:10:00-04:00,1.9191999435424805,1.9191999435424805,1.9149999618530273,1.9149999618530273,2612,0.0,0.0
2026-04-08 12:11:00-04:00,1.9149999618530273,1.9149999618530273,1.9149999618530273,1.9149999618530273,734,0.0,0.0
2026-04-08 12:12:00-04:00,1.9199999570846558,1.9199999570846558,1.9149999618530273,1.9149999618530273,42917,0.0,0.0
2026-04-08 12:13:00-04:00,1.910099983215332,1.9299999475479126,1.909999966621399,1.9299999475479126,171114,0.0,0.0
2026-04-08 12:14:00-04:00,1.9249999523162842,1.9249999523162842,1.9249999523162842,1.9249999523162842,909,0.0,0.0
2026-04-08 12:15:00-04:00,1.9249999523162842,1.9299999475479126,1.9249999523162842,1.9263999462127686,8164,0.0,0.0
2026-04-08 12:16:00-04:00,1.9299999475479126,1.9299999475479126,1.9299999475479126,1.9299999475479126,1490,0.0,0.0
2026-04-08 12:17:00-04:00,1.9249999523162842,1.9249999523162842,1.9249999523162842,1.9249999523162842,2053,0.0,0.0
2026-04-08 12:18:00-04:00,1.9299999475479126,1.9299999475479126,1.929800033569336,1.929900050163269,7570,0.0,0.0
2026-04-08 12:19:00-04:00,1.9249999523162842,1.9249999523162842,1.9249999523162842,1.9249999523162842,18246,0.0,0.0
2026-04-08 12:20:00-04:00,1.929900050163269,1.929900050163269,1.9149999618530273,1.9149999618530273,24047,0.0,0.0
2026-04-08 12:21:00-04:00,1.919800043106079,1.919800043106079,1.919800043106079,1.919800043106079,4834,0.0,0.0
2026-04-08 12:22:00-04:00,1.9199999570846558,1.9199999570846558,1.9199999570846558,1.9199999570846558,3364,0.0,0.0
2026-04-08 12:23:00-04:00,1.9149999618530273,1.9149999618530273,1.9149999618530273,1.9149999618530273,1197,0.0,0.0
2026-04-08 12:24:00-04:00,1.9199999570846558,1.9199999570846558,1.9199999570846558,1.9199999570846558,989,0.0,0.0
2026-04-08 12:25:00-04:00,1.9184999465942383,1.9184999465942383,1.9149999618530273,1.9149999618530273,109716,0.0,0.0
2026-04-08 12:26:00-04:00,1.9149999618530273,1.9149999618530273,1.9149999618530273,1.9149999618530273,26367,0.0,0.0
2026-04-08 12:27:00-04:00,1.909999966621399,1.9249999523162842,1.909999966621399,1.9249999523162842,118705,0.0,0.0
2026-04-08 12:29:00-04:00,1.9299999475479126,1.934999942779541,1.9299999475479126,1.934999942779541,17678,0.0,0.0
2026-04-08 12:30:00-04:00,1.934999942779541,1.934999942779541,1.934999942779541,1.934999942779541,626,0.0,0.0
2026-04-08 12:31:00-04:00,1.9299999475479126,1.9299999475479126,1.9200999736785889,1.9249999523162842,24775,0.0,0.0
2026-04-08 12:33:00-04:00,1.9249999523162842,1.9249999523162842,1.9249999523162842,1.9249999523162842,473,0.0,0.0
2026-04-08 12:34:00-04:00,1.9256999492645264,1.9256999492645264,1.9220000505447388,1.9220000505447388,15927,0.0,0.0
2026-04-08 12:35:00-04:00,1.9299999475479126,1.9299999475479126,1.9299999475479126,1.9299999475479126,10996,0.0,0.0
2026-04-08 12:36:00-04:00,1.929900050163269,1.929900050163269,1.9249999523162842,1.9249999523162842,11419,0.0,0.0
2026-04-08 12:38:00-04:00,1.9249999523162842,1.9249999523162842,1.9249999523162842,1.9249999523162842,654,0.0,0.0
2026-04-08 12:39:00-04:00,1.9199999570846558,1.9249999523162842,1.9199999570846558,1.9200999736785889,22042,0.0,0.0
2026-04-08 12:40:00-04:00,1.9199999570846558,1.9200999736785889,1.909999966621399,1.9149999618530273,70181,0.0,0.0
2026-04-08 12:41:00-04:00,1.9114999771118164,1.9149999618530273,1.9114999771118164,1.9149999618530273,29905,0.0,0.0
2026-04-08 12:42:00-04:00,1.9149999618530273,1.9149999618530273,1.9149999618530273,1.9149999618530273,1831,0.0,0.0
2026-04-08 12:43:00-04:00,1.9149999618530273,1.9149999618530273,1.9149999618530273,1.9149999618530273,795,0.0,0.0
2026-04-08 12:44:00-04:00,1.9149999618530273,1.9149999618530273,1.9149999618530273,1.9149999618530273,3682,0.0,0.0
2026-04-08 12:46:00-04:00,1.9149999618530273,1.9149999618530273,1.9149999618530273,1.9149999618530273,2819,0.0,0.0
2026-04-08 12:48:00-04:00,1.909999966621399,1.909999966621399,1.909999966621399,1.909999966621399,2363,0.0,0.0
2026-04-08 12:50:00-04:00,1.909999966621399,1.909999966621399,1.909999966621399,1.909999966621399,3087,0.0,0.0
2026-04-08 12:52:00-04:00,1.9149999618530273,1.9149999618530273,1.909999966621399,1.9149999618530273,11134,0.0,0.0
2026-04-08 12:53:00-04:00,1.909999966621399,1.909999966621399,1.909999966621399,1.909999966621399,5173,0.0,0.0
2026-04-08 12:54:00-04:00,1.9149999618530273,1.9149999618530273,1.9117000102996826,1.9149999618530273,5397,0.0,0.0
2026-04-08 12:56:00-04:00,1.9149999618530273,1.9149999618530273,1.909999966621399,1.909999966621399,2879,0.0,0.0
2026-04-08 12:57:00-04:00,1.909999966621399,1.910099983215332,1.9049999713897705,1.9049999713897705,25520,0.0,0.0
2026-04-08 12:58:00-04:00,1.899999976158142,1.9049999713897705,1.899999976158142,1.9049999713897705,29391,0.0,0.0
2026-04-08 12:59:00-04:00,1.90910005569458,1.909999966621399,1.9049999713897705,1.9086999893188477,19817,0.0,0.0
2026-04-08 13:00:00-04:00,1.9098999500274658,1.909999966621399,1.9098999500274658,1.909999966621399,3435,0.0,0.0
2026-04-08 13:01:00-04:00,1.909999966621399,1.9149999618530273,1.909999966621399,1.9149999618530273,23809,0.0,0.0
2026-04-08 13:02:00-04:00,1.9149999618530273,1.9198999404907227,1.9149999618530273,1.9149999618530273,3519,0.0,0.0
2026-04-08 13:03:00-04:00,1.9147000312805176,1.9147000312805176,1.9147000312805176,1.9147000312805176,684,0.0,0.0
2026-04-08 13:04:00-04:00,1.9149999618530273,1.9149999618530273,1.9149999618530273,1.9149999618530273,2772,0.0,0.0
2026-04-08 13:05:00-04:00,1.9149999618530273,1.9199999570846558,1.909999966621399,1.9149999618530273,4301,0.0,0.0
2026-04-08 13:06:00-04:00,1.909999966621399,1.909999966621399,1.899999976158142,1.9049999713897705,47499,0.0,0.0
2026-04-08 13:07:00-04:00,1.899999976158142,1.9049999713897705,1.899999976158142,1.9049999713897705,22190,0.0,0.0
2026-04-08 13:08:00-04:00,1.909999966621399,1.909999966621399,1.9049999713897705,1.9049999713897705,12085,0.0,0.0
2026-04-08 13:09:00-04:00,1.899999976158142,1.9049999713897705,1.899999976158142,1.9020999670028687,28340,0.0,0.0
2026-04-08 13:10:00-04:00,1.9049999713897705,1.9049999713897705,1.899999976158142,1.899999976158142,1290,0.0,0.0
2026-04-08 13:11:00-04:00,1.909999966621399,1.909999966621399,1.909999966621399,1.909999966621399,1108,0.0,0.0
2026-04-08 13:12:00-04:00,1.9049999713897705,1.9049999713897705,1.9049999713897705,1.9049999713897705,5376,0.0,0.0
2026-04-08 13:14:00-04:00,1.9049999713897705,1.9049999713897705,1.9049999713897705,1.9049999713897705,1143,0.0,0.0
2026-04-08 13:15:00-04:00,1.9049999713897705,1.9049999713897705,1.899999976158142,1.899999976158142,3127,0.0,0.0
2026-04-08 13:16:00-04:00,1.9020999670028687,1.9049999713897705,1.9020999670028687,1.9049999713897705,2317,0.0,0.0
2026-04-08 13:17:00-04:00,1.899999976158142,1.9049999713897705,1.899999976158142,1.899999976158142,8721,0.0,0.0
2026-04-08 13:18:00-04:00,1.899999976158142,1.9049999713897705,1.899999976158142,1.9049999713897705,46688,0.0,0.0
2026-04-08 13:19:00-04:00,1.899999976158142,1.9049999713897705,1.899999976158142,1.9049999713897705,3285,0.0,0.0
2026-04-08 13:20:00-04:00,1.9049999713897705,1.9049999713897705,1.899999976158142,1.9049999713897705,12233,0.0,0.0
2026-04-08 13:21:00-04:00,1.899999976158142,1.9049999713897705,1.899999976158142,1.9049999713897705,2613,0.0,0.0
2026-04-08 13:22:00-04:00,1.899999976158142,1.9000999927520752,1.899999976158142,1.9000999927520752,9543,0.0,0.0
2026-04-08 13:23:00-04:00,1.9049999713897705,1.9049999713897705,1.899999976158142,1.899999976158142,3986,0.0,0.0
2026-04-08 13:24:00-04:00,1.899999976158142,1.9049999713897705,1.8899999856948853,1.8899999856948853,32909,0.0,0.0
2026-04-08 13:25:00-04:00,1.8949999809265137,1.8949999809265137,1.8899999856948853,1.8920999765396118,3215,0.0,0.0
2026-04-08 13:26:00-04:00,1.8920999765396118,1.899999976158142,1.8920999765396118,1.899999976158142,2126,0.0,0.0
2026-04-08 13:27:00-04:00,1.8949999809265137,1.8949999809265137,1.8949999809265137,1.8949999809265137,2422,0.0,0.0
2026-04-08 13:28:00-04:00,1.8949999809265137,1.8949999809265137,1.8949999809265137,1.8949999809265137,1944,0.0,0.0
2026-04-08 13:29:00-04:00,1.899999976158142,1.899999976158142,1.899999976158142,1.899999976158142,508,0.0,0.0
2026-04-08 13:30:00-04:00,1.899999976158142,1.899999976158142,1.899999976158142,1.899999976158142,1647,0.0,0.0
2026-04-08 13:31:00-04:00,1.8949999809265137,1.8949999809265137,1.8949999809265137,1.8949999809265137,421,0.0,0.0
2026-04-08 13:32:00-04:00,1.8949999809265137,1.9021999835968018,1.8949999809265137,1.9021999835968018,31325,0.0,0.0
2026-04-08 13:34:00-04:00,1.9000999927520752,1.9098999500274658,1.9000999927520752,1.9098999500274658,917,0.0,0.0
2026-04-08 13:35:00-04:00,1.9049999713897705,1.9049999713897705,1.9049999713897705,1.9049999713897705,809,0.0,0.0
2026-04-08 13:36:00-04:00,1.9049999713897705,1.909999966621399,1.9049999713897705,1.909999966621399,13728,0.0,0.0
2026-04-08 13:38:00-04:00,1.9049999713897705,1.9049999713897705,1.9049999713897705,1.9049999713897705,1484,0.0,0.0
2026-04-08 13:39:00-04:00,1.9049999713897705,1.9049999713897705,1.9049999713897705,1.9049999713897705,986,0.0,0.0
2026-04-08 13:40:00-04:00,1.909999966621399,1.909999966621399,1.909999966621399,1.909999966621399,2913,0.0,0.0
2026-04-08 13:41:00-04:00,1.9049999713897705,1.909999966621399,1.9049999713897705,1.909999966621399,1011,0.0,0.0
2026-04-08 13:42:00-04:00,1.9049999713897705,1.9049999713897705,1.9049999713897705,1.9049999713897705,1540,0.0,0.0
2026-04-08 13:43:00-04:00,1.9049999713897705,1.9049999713897705,1.9049999713897705,1.9049999713897705,622,0.0,0.0
2026-04-08 13:44:00-04:00,1.9049999713897705,1.909999966621399,1.9049999713897705,1.9049999713897705,2767,0.0,0.0
2026-04-08 13:45:00-04:00,1.9049999713897705,1.9049999713897705,1.9049999713897705,1.9049999713897705,2282,0.0,0.0
2026-04-08 13:46:00-04:00,1.9049999713897705,1.9049999713897705,1.9049999713897705,1.9049999713897705,3966,0.0,0.0
2026-04-08 13:48:00-04:00,1.899999976158142,1.899999976158142,1.899999976158142,1.899999976158142,461,0.0,0.0
2026-04-08 13:49:00-04:00,1.9000999927520752,1.905500054359436,1.9000999927520752,1.9040000438690186,2851,0.0,0.0
2026-04-08 13:50:00-04:00,1.9049999713897705,1.9049999713897705,1.9049999713897705,1.9049999713897705,2025,0.0,0.0
2026-04-08 13:51:00-04:00,1.9049999713897705,1.9049999713897705,1.9007999897003174,1.9007999897003174,1868,0.0,0.0
2026-04-08 13:52:00-04:00,1.9049999713897705,1.9049999713897705,1.9049999713897705,1.9049999713897705,303,0.0,0.0
2026-04-08 13:53:00-04:00,1.9086999893188477,1.9086999893188477,1.9003000259399414,1.9003000259399414,1191,0.0,0.0
2026-04-08 13:54:00-04:00,1.9049999713897705,1.9049999713897705,1.9049999713897705,1.9049999713897705,1133,0.0,0.0
2026-04-08 13:55:00-04:00,1.9049999713897705,1.9049999713897705,1.9049999713897705,1.9049999713897705,6004,0.0,0.0
2026-04-08 13:56:00-04:00,1.909999966621399,1.909999966621399,1.9049999713897705,1.9049999713897705,15913,0.0,0.0
2026-04-08 13:57:00-04:00,1.9049999713897705,1.9049999713897705,1.9049999713897705,1.9049999713897705,2871,0.0,0.0
2026-04-08 13:58:00-04:00,1.9049999713897705,1.9049999713897705,1.9049999713897705,1.9049999713897705,4166,0.0,0.0
2026-04-08 13:59:00-04:00,1.9091999530792236,1.909999966621399,1.9000999927520752,1.909999966621399,972,0.0,0.0
2026-04-08 14:00:00-04:00,1.9049999713897705,1.9049999713897705,1.9049999713897705,1.9049999713897705,1673,0.0,0.0
2026-04-08 14:01:00-04:00,1.9049999713897705,1.909999966621399,1.9049999713897705,1.9049999713897705,3172,0.0,0.0
2026-04-08 14:02:00-04:00,1.9003000259399414,1.9003000259399414,1.9003000259399414,1.9003000259399414,4096,0.0,0.0
2026-04-08 14:03:00-04:00,1.909999966621399,1.9149999618530273,1.899999976158142,1.9149999618530273,93492,0.0,0.0
2026-04-08 14:04:00-04:00,1.9199999570846558,1.9199999570846558,1.9149999618530273,1.9149999618530273,7193,0.0,0.0
2026-04-08 14:05:00-04:00,1.9149999618530273,1.9199999570846558,1.909999966621399,1.9199999570846558,2976,0.0,0.0
2026-04-08 14:06:00-04:00,1.9149999618530273,1.9149999618530273,1.9149999618530273,1.9149999618530273,2719,0.0,0.0
2026-04-08 14:07:00-04:00,1.909999966621399,1.9199999570846558,1.909999966621399,1.9149999618530273,4690,0.0,0.0
2026-04-08 14:08:00-04:00,1.9149999618530273,1.9199999570846558,1.909999966621399,1.9199999570846558,10324,0.0,0.0
2026-04-08 14:09:00-04:00,1.9149999618530273,1.9149999618530273,1.9149999618530273,1.9149999618530273,586,0.0,0.0
2026-04-08 14:10:00-04:00,1.9199999570846558,1.9199999570846558,1.9149999618530273,1.9149999618530273,3047,0.0,0.0
2026-04-08 14:11:00-04:00,1.909999966621399,1.909999966621399,1.899999976158142,1.9049999713897705,43214,0.0,0.0
2026-04-08 14:12:00-04:00,1.909999966621399,1.909999966621399,1.9049999713897705,1.909999966621399,3189,0.0,0.0
2026-04-08 14:13:00-04:00,1.9049999713897705,1.909999966621399,1.9049999713897705,1.909999966621399,4142,0.0,0.0
2026-04-08 14:14:00-04:00,1.909999966621399,1.909999966621399,1.9098999500274658,1.909999966621399,12324,0.0,0.0
2026-04-08 14:15:00-04:00,1.909999966621399,1.909999966621399,1.9049999713897705,1.909999966621399,22151,0.0,0.0
2026-04-08 14:16:00-04:00,1.909999966621399,1.909999966621399,1.9049999713897705,1.9098999500274658,51908,0.0,0.0
2026-04-08 14:17:00-04:00,1.909999966621399,1.9199999570846558,1.909999966621399,1.9149999618530273,62198,0.0,0.0
2026-04-08 14:18:00-04:00,1.909999966621399,1.9149999618530273,1.899999976158142,1.899999976158142,27579,0.0,0.0
2026-04-08 14:21:00-04:00,1.9049999713897705,1.9049999713897705,1.899999976158142,1.899999976158142,1482,0.0,0.0
2026-04-08 14:22:00-04:00,1.909999966621399,1.909999966621399,1.909999966621399,1.909999966621399,707,0.0,0.0
2026-04-08 14:23:00-04:00,1.909999966621399,1.909999966621399,1.909999966621399,1.909999966621399,1520,0.0,0.0
2026-04-08 14:24:00-04:00,1.909999966621399,1.909999966621399,1.909999966621399,1.909999966621399,2681,0.0,0.0
2026-04-08 14:25:00-04:00,1.899999976158142,1.909999966621399,1.899999976158142,1.909999966621399,1833,0.0,0.0
2026-04-08 14:26:00-04:00,1.909999966621399,1.909999966621399,1.9049999713897705,1.909999966621399,7896,0.0,0.0
2026-04-08 14:27:00-04:00,1.899999976158142,1.9049999713897705,1.899999976158142,1.9049999713897705,2078,0.0,0.0
2026-04-08 14:28:00-04:00,1.909999966621399,1.909999966621399,1.909999966621399,1.909999966621399,986,0.0,0.0
2026-04-08 14:29:00-04:00,1.9049999713897705,1.9083000421524048,1.9049999713897705,1.9083000421524048,3479,0.0,0.0
2026-04-08 14:31:00-04:00,1.9049999713897705,1.9049999713897705,1.9049999713897705,1.9049999713897705,1088,0.0,0.0
2026-04-08 14:32:00-04:00,1.9049999713897705,1.9093999862670898,1.9049999713897705,1.9093999862670898,4752,0.0,0.0
2026-04-08 14:33:00-04:00,1.9049999713897705,1.909999966621399,1.899999976158142,1.9017000198364258,2930,0.0,0.0
2026-04-08 14:34:00-04:00,1.909999966621399,1.909999966621399,1.9049999713897705,1.909999966621399,1538,0.0,0.0
2026-04-08 14:35:00-04:00,1.909999966621399,1.909999966621399,1.9031000137329102,1.909999966621399,1925,0.0,0.0
2026-04-08 14:36:00-04:00,1.909999966621399,1.909999966621399,1.9049999713897705,1.9049999713897705,4938,0.0,0.0
2026-04-08 14:39:00-04:00,1.899999976158142,1.899999976158142,1.8899999856948853,1.8949999809265137,56797,0.0,0.0
2026-04-08 14:40:00-04:00,1.8899999856948853,1.8949999809265137,1.8899999856948853,1.8899999856948853,3520,0.0,0.0
2026-04-08 14:41:00-04:00,1.8920999765396118,1.8949999809265137,1.8920999765396118,1.8949999809265137,2246,0.0,0.0
2026-04-08 14:42:00-04:00,1.8899999856948853,1.8899999856948853,1.8899999856948853,1.8899999856948853,1592,0.0,0.0
2026-04-08 14:43:00-04:00,1.8997999429702759,1.8997999429702759,1.8919999599456787,1.8919999599456787,4474,0.0,0.0
2026-04-08 14:45:00-04:00,1.899899959564209,1.899899959564209,1.899899959564209,1.899899959564209,1327,0.0,0.0
2026-04-08 14:46:00-04:00,1.8956999778747559,1.8956999778747559,1.8956999778747559,1.8956999778747559,2670,0.0,0.0
2026-04-08 14:49:00-04:00,1.8955999612808228,1.8955999612808228,1.8949999809265137,1.8949999809265137,1881,0.0,0.0
2026-04-08 14:50:00-04:00,1.8949999809265137,1.8949999809265137,1.8949999809265137,1.8949999809265137,2387,0.0,0.0
2026-04-08 14:51:00-04:00,1.8949999809265137,1.8949999809265137,1.8949999809265137,1.8949999809265137,748,0.0,0.0
2026-04-08 14:52:00-04:00,1.8949999809265137,1.8949999809265137,1.8899999856948853,1.8949999809265137,6802,0.0,0.0
2026-04-08 14:54:00-04:00,1.8919999599456787,1.899899959564209,1.8919999599456787,1.899899959564209,2598,0.0,0.0
2026-04-08 14:55:00-04:00,1.8949999809265137,1.8949999809265137,1.8899999856948853,1.8899999856948853,1186,0.0,0.0
2026-04-08 14:56:00-04:00,1.8899999856948853,1.8949999809265137,1.8899999856948853,1.8949999809265137,673,0.0,0.0
2026-04-08 14:57:00-04:00,1.8899999856948853,1.8901000022888184,1.8899999856948853,1.8901000022888184,5329,0.0,0.0
2026-04-08 14:58:00-04:00,1.8899999856948853,1.899999976158142,1.8899999856948853,1.8949999809265137,5446,0.0,0.0
2026-04-08 14:59:00-04:00,1.899999976158142,1.899999976158142,1.895300030708313,1.895300030708313,1226,0.0,0.0
2026-04-08 15:00:00-04:00,1.8901000022888184,1.8901000022888184,1.8901000022888184,1.8901000022888184,2369,0.0,0.0
2026-04-08 15:01:00-04:00,1.8949999809265137,1.899999976158142,1.8899999856948853,1.899999976158142,34419,0.0,0.0
2026-04-08 15:02:00-04:00,1.899999976158142,1.899999976158142,1.8949999809265137,1.8949999809265137,6412,0.0,0.0
2026-04-08 15:03:00-04:00,1.8899999856948853,1.8949999809265137,1.8899999856948853,1.8949999809265137,1340,0.0,0.0
2026-04-08 15:04:00-04:00,1.8949999809265137,1.8949999809265137,1.891700029373169,1.891700029373169,1179,0.0,0.0
2026-04-08 15:05:00-04:00,1.8949999809265137,1.899999976158142,1.8949999809265137,1.899999976158142,3285,0.0,0.0
2026-04-08 15:07:00-04:00,1.895900011062622,1.895900011062622,1.8949999809265137,1.8949999809265137,8539,0.0,0.0
2026-04-08 15:08:00-04:00,1.899999976158142,1.899999976158142,1.8899999856948853,1.8899999856948853,5800,0.0,0.0
2026-04-08 15:09:00-04:00,1.8949999809265137,1.899999976158142,1.8912999629974365,1.8949999809265137,2794,0.0,0.0
2026-04-08 15:10:00-04:00,1.8949999809265137,1.8949999809265137,1.8949999809265137,1.8949999809265137,1272,0.0,0.0
2026-04-08 15:11:00-04:00,1.8978999853134155,1.9049999713897705,1.8978999853134155,1.9049999713897705,27204,0.0,0.0
2026-04-08 15:12:00-04:00,1.909999966621399,1.909999966621399,1.9049999713897705,1.9049999713897705,938,0.0,0.0
2026-04-08 15:13:00-04:00,1.9006999731063843,1.9049999713897705,1.9006999731063843,1.9049999713897705,11268,0.0,0.0
2026-04-08 15:14:00-04:00,1.909999966621399,1.909999966621399,1.9049999713897705,1.9049999713897705,1787,0.0,0.0
2026-04-08 15:15:00-04:00,1.909999966621399,1.909999966621399,1.9049999713897705,1.9049999713897705,39073,0.0,0.0
2026-04-08 15:16:00-04:00,1.9049999713897705,1.9049999713897705,1.9049999713897705,1.9049999713897705,434,0.0,0.0
2026-04-08 15:17:00-04:00,1.9049999713897705,1.9049999713897705,1.9000999927520752,1.9000999927520752,2276,0.0,0.0
2026-04-08 15:18:00-04:00,1.9000999927520752,1.9049999713897705,1.9000999927520752,1.9049999713897705,1299,0.0,0.0
2026-04-08 15:19:00-04:00,1.909999966621399,1.909999966621399,1.9049999713897705,1.9049999713897705,3949,0.0,0.0
2026-04-08 15:20:00-04:00,1.909999966621399,1.909999966621399,1.9049999713897705,1.9049999713897705,3597,0.0,0.0
2026-04-08 15:21:00-04:00,1.9049999713897705,1.9098999500274658,1.8899999856948853,1.8949999809265137,52178,0.0,0.0
2026-04-08 15:22:00-04:00,1.8949999809265137,1.8949999809265137,1.8949999809265137,1.8949999809265137,1794,0.0,0.0
2026-04-08 15:23:00-04:00,1.899999976158142,1.899999976158142,1.899999976158142,1.899999976158142,5228,0.0,0.0
2026-04-08 15:24:00-04:00,1.899999976158142,1.9049999713897705,1.899999976158142,1.9049999713897705,27558,0.0,0.0
2026-04-08 15:25:00-04:00,1.9049999713897705,1.9049999713897705,1.9049999713897705,1.9049999713897705,6184,0.0,0.0
2026-04-08 15:27:00-04:00,1.9000999927520752,1.9000999927520752,1.9000999927520752,1.9000999927520752,2470,0.0,0.0
2026-04-08 15:28:00-04:00,1.9049999713897705,1.9049999713897705,1.9019999504089355,1.9019999504089355,1077,0.0,0.0
2026-04-08 15:29:00-04:00,1.9049999713897705,1.9049999713897705,1.9049999713897705,1.9049999713897705,282,0.0,0.0
2026-04-08 15:30:00-04:00,1.9049999713897705,1.9098999500274658,1.9049999713897705,1.9098999500274658,5645,0.0,0.0
2026-04-08 15:31:00-04:00,1.9049999713897705,1.9049999713897705,1.9049999713897705,1.9049999713897705,663,0.0,0.0
2026-04-08 15:32:00-04:00,1.9049999713897705,1.9049999713897705,1.9049999713897705,1.9049999713897705,974,0.0,0.0
2026-04-08 15:33:00-04:00,1.9098000526428223,1.9098000526428223,1.9098000526428223,1.9098000526428223,2039,0.0,0.0
2026-04-08 15:34:00-04:00,1.9049999713897705,1.909999966621399,1.9049999713897705,1.909999966621399,4248,0.0,0.0
2026-04-08 15:35:00-04:00,1.909999966621399,1.909999966621399,1.9019999504089355,1.9019999504089355,4995,0.0,0.0
2026-04-08 15:36:00-04:00,1.9049999713897705,1.9049999713897705,1.9049999713897705,1.9049999713897705,1590,0.0,0.0
2026-04-08 15:37:00-04:00,1.9049999713897705,1.9049999713897705,1.9049999713897705,1.9049999713897705,3381,0.0,0.0
2026-04-08 15:38:00-04:00,1.909999966621399,1.909999966621399,1.909999966621399,1.909999966621399,1603,0.0,0.0
2026-04-08 15:39:00-04:00,1.909999966621399,1.909999966621399,1.9049999713897705,1.9049999713897705,2125,0.0,0.0
2026-04-08 15:40:00-04:00,1.9098999500274658,1.909999966621399,1.9000999927520752,1.909999966621399,1887,0.0,0.0
2026-04-08 15:41:00-04:00,1.9049999713897705,1.9049999713897705,1.9049999713897705,1.9049999713897705,7591,0.0,0.0
2026-04-08 15:42:00-04:00,1.9049999713897705,1.9149999618530273,1.9049999713897705,1.9149999618530273,21440,0.0,0.0
2026-04-08 15:43:00-04:00,1.9149999618530273,1.9199999570846558,1.909999966621399,1.9149999618530273,8386,0.0,0.0
2026-04-08 15:44:00-04:00,1.9149999618530273,1.9199999570846558,1.9149999618530273,1.9149999618530273,4025,0.0,0.0
2026-04-08 15:45:00-04:00,1.9199999570846558,1.9199999570846558,1.9149999618530273,1.9199999570846558,7625,0.0,0.0
2026-04-08 15:46:00-04:00,1.9199999570846558,1.9199999570846558,1.909999966621399,1.9163999557495117,92194,0.0,0.0
2026-04-08 15:47:00-04:00,1.9199999570846558,1.9199999570846558,1.9199999570846558,1.9199999570846558,2026,0.0,0.0
2026-04-08 15:48:00-04:00,1.9199999570846558,1.9249999523162842,1.9149999618530273,1.9199999570846558,54264,0.0,0.0
2026-04-08 15:49:00-04:00,1.9199999570846558,1.9199999570846558,1.910099983215332,1.9199999570846558,5701,0.0,0.0
2026-04-08 15:50:00-04:00,1.9199999570846558,1.9199999570846558,1.909999966621399,1.9199999570846558,42774,0.0,0.0
2026-04-08 15:51:00-04:00,1.9199999570846558,1.9199999570846558,1.909999966621399,1.9199999570846558,43270,0.0,0.0
2026-04-08 15:52:00-04:00,1.9199999570846558,1.9199999570846558,1.910099983215332,1.910099983215332,23456,0.0,0.0
2026-04-08 15:53:00-04:00,1.9199999570846558,1.9249999523162842,1.9198999404907227,1.9249999523162842,46392,0.0,0.0
2026-04-08 15:54:00-04:00,1.9249999523162842,1.9299999475479126,1.9249999523162842,1.9249999523162842,16788,0.0,0.0
2026-04-08 15:55:00-04:00,1.9249999523162842,1.9299999475479126,1.9249999523162842,1.9299999475479126,11966,0.0,0.0
2026-04-08 15:56:00-04:00,1.9299999475479126,1.9299999475479126,1.9249999523162842,1.9249999523162842,17789,0.0,0.0
2026-04-08 15:57:00-04:00,1.9249999523162842,1.9249999523162842,1.9199999570846558,1.9199999570846558,102831,0.0,0.0
2026-04-08 15:58:00-04:00,1.9299999475479126,1.9299999475479126,1.9199999570846558,1.9249999523162842,24385,0.0,0.0
2026-04-08 15:59:00-04:00,1.9249999523162842,1.9299999475479126,1.9199999570846558,1.9299999475479126,109150,0.0,0.0
2026-04-09 09:30:00-04:00,1.899999976158142,1.9199999570846558,1.899999976158142,1.9199999570846558,51859,0.0,0.0
2026-04-09 09:31:00-04:00,1.9299999475479126,1.934999942779541,1.9299999475479126,1.934999942779541,12909,0.0,0.0
2026-04-09 09:32:00-04:00,1.940000057220459,1.940000057220459,1.934999942779541,1.934999942779541,6512,0.0,0.0
2026-04-09 09:33:00-04:00,1.933500051498413,1.933500051498413,1.9300999641418457,1.9300999641418457,418,0.0,0.0
2026-04-09 09:34:00-04:00,1.934999942779541,1.934999942779541,1.9300999641418457,1.9300999641418457,1128,0.0,0.0
2026-04-09 09:35:00-04:00,1.9299999475479126,1.9299999475479126,1.9249999523162842,1.9249999523162842,5220,0.0,0.0
2026-04-09 09:36:00-04:00,1.9299999475479126,1.934999942779541,1.9299999475479126,1.934999942779541,5008,0.0,0.0
2026-04-09 09:37:00-04:00,1.9299999475479126,1.9299999475479126,1.9199999570846558,1.9251999855041504,8291,0.0,0.0
2026-04-09 09:38:00-04:00,1.9199999570846558,1.9199999570846558,1.9199999570846558,1.9199999570846558,6248,0.0,0.0
2026-04-09 09:39:00-04:00,1.9199999570846558,1.926300048828125,1.9199999570846558,1.926300048828125,1321,0.0,0.0
2026-04-09 09:40:00-04:00,1.9299999475479126,1.934999942779541,1.9299999475479126,1.9300999641418457,3541,0.0,0.0
2026-04-09 09:41:00-04:00,1.934999942779541,1.934999942779541,1.9299999475479126,1.9299999475479126,1937,0.0,0.0
2026-04-09 09:42:00-04:00,1.9316999912261963,1.9316999912261963,1.929900050163269,1.929900050163269,5113,0.0,0.0
2026-04-09 09:43:00-04:00,1.9299999475479126,1.9299999475479126,1.9299999475479126,1.9299999475479126,1826,0.0,0.0
2026-04-09 09:44:00-04:00,1.934999942779541,1.934999942779541,1.9318000078201294,1.9318000078201294,2393,0.0,0.0
2026-04-09 09:45:00-04:00,1.934999942779541,1.934999942779541,1.929900050163269,1.929900050163269,14262,0.0,0.0
2026-04-09 09:46:00-04:00,1.927899956703186,1.927899956703186,1.927899956703186,1.927899956703186,1242,0.0,0.0
2026-04-09 09:47:00-04:00,1.9200999736785889,1.9249999523162842,1.9199999570846558,1.9199999570846558,2779,0.0,0.0
2026-04-09 09:48:00-04:00,1.9199999570846558,1.9249999523162842,1.9199999570846558,1.9249999523162842,3537,0.0,0.0
2026-04-09 09:49:00-04:00,1.9199999570846558,1.9199999570846558,1.9199999570846558,1.9199999570846558,805,0.0,0.0
2026-04-09 09:50:00-04:00,1.9249999523162842,1.9249999523162842,1.9199999570846558,1.9199999570846558,5185,0.0,0.0
2026-04-09 09:51:00-04:00,1.9198999404907227,1.9198999404907227,1.9149999618530273,1.917799949645996,1152,0.0,0.0
2026-04-09 09:52:00-04:00,1.910099983215332,1.910099983215332,1.910099983215332,1.910099983215332,8385,0.0,0.0
2026-04-09 09:53:00-04:00,1.9149999618530273,1.919800043106079,1.909999966621399,1.9128999710083008,47192,0.0,0.0
2026-04-09 09:55:00-04:00,1.909999966621399,1.910099983215332,1.909999966621399,1.910099983215332,6076,0.0,0.0
2026-04-09 09:57:00-04:00,1.909999966621399,1.9149999618530273,1.909999966621399,1.9149999618530273,15623,0.0,0.0
2026-04-09 09:58:00-04:00,1.9199999570846558,1.9199999570846558,1.9184000492095947,1.9184000492095947,3699,0.0,0.0
2026-04-09 09:59:00-04:00,1.9149999618530273,1.9199999570846558,1.909999966621399,1.909999966621399,1835,0.0,0.0
2026-04-09 10:00:00-04:00,1.909999966621399,1.9149999618530273,1.909999966621399,1.9112000465393066,3585,0.0,0.0
2026-04-09 10:01:00-04:00,1.9149999618530273,1.9149999618530273,1.9049999713897705,1.9049999713897705,13136,0.0,0.0
2026-04-09 10:02:00-04:00,1.9049999713897705,1.9049999713897705,1.9049999713897705,1.9049999713897705,285,0.0,0.0
2026-04-09 10:03:00-04:00,1.9049999713897705,1.9098999500274658,1.9049999713897705,1.9098999500274658,8470,0.0,0.0
2026-04-09 10:04:00-04:00,1.909999966621399,1.9149999618530273,1.909999966621399,1.9133000373840332,20235,0.0,0.0
2026-04-09 10:07:00-04:00,1.9149999618530273,1.9149999618530273,1.9120999574661255,1.9120999574661255,1920,0.0,0.0
2026-04-09 10:09:00-04:00,1.9149999618530273,1.9149999618530273,1.9149999618530273,1.9149999618530273,1473,0.0,0.0
2026-04-09 10:10:00-04:00,1.9149999618530273,1.9149999618530273,1.909999966621399,1.909999966621399,1488,0.0,0.0
2026-04-09 10:13:00-04:00,1.9175000190734863,1.9175000190734863,1.910099983215332,1.9120999574661255,3925,0.0,0.0
2026-04-09 10:17:00-04:00,1.9149999618530273,1.9149999618530273,1.9149999618530273,1.9149999618530273,1285,0.0,0.0
2026-04-09 10:20:00-04:00,1.9199999570846558,1.9199999570846558,1.9149999618530273,1.9149999618530273,1819,0.0,0.0
2026-04-09 10:23:00-04:00,1.9199999570846558,1.9199999570846558,1.913599967956543,1.9149999618530273,1044,0.0,0.0
2026-04-09 10:24:00-04:00,1.9199999570846558,1.9199999570846558,1.9149999618530273,1.9149999618530273,5139,0.0,0.0
2026-04-09 10:25:00-04:00,1.9199999570846558,1.9199999570846558,1.9198999404907227,1.9198999404907227,11396,0.0,0.0
2026-04-09 10:26:00-04:00,1.9149999618530273,1.9149999618530273,1.9149999618530273,1.9149999618530273,101,0.0,0.0
2026-04-09 10:27:00-04:00,1.9149999618530273,1.9149999618530273,1.9149999618530273,1.9149999618530273,1305,0.0,0.0
2026-04-09 10:28:00-04:00,1.9149999618530273,1.9149999618530273,1.909999966621399,1.909999966621399,1792,0.0,0.0
2026-04-09 10:30:00-04:00,1.9199999570846558,1.9249999523162842,1.9199999570846558,1.9249999523162842,24681,0.0,0.0
2026-04-09 10:32:00-04:00,1.9199999570846558,1.9200999736785889,1.9199999570846558,1.9199999570846558,13532,0.0,0.0
2026-04-09 10:33:00-04:00,1.9198999404907227,1.9198999404907227,1.9149999618530273,1.9149999618530273,1209,0.0,0.0
2026-04-09 10:34:00-04:00,1.9199999570846558,1.9199999570846558,1.913599967956543,1.9149999618530273,10097,0.0,0.0
2026-04-09 10:35:00-04:00,1.9199999570846558,1.9249999523162842,1.9199999570846558,1.9199999570846558,41314,0.0,0.0
2026-04-09 10:36:00-04:00,1.9199999570846558,1.9299999475479126,1.9199999570846558,1.9249999523162842,16624,0.0,0.0
2026-04-09 10:37:00-04:00,1.9221999645233154,1.9249999523162842,1.9199999570846558,1.9218000173568726,21066,0.0,0.0
2026-04-09 10:38:00-04:00,1.929900050163269,1.929900050163269,1.9220999479293823,1.9220999479293823,2658,0.0,0.0
2026-04-09 10:39:00-04:00,1.9249999523162842,1.9249999523162842,1.9249999523162842,1.9249999523162842,1434,0.0,0.0
2026-04-09 10:41:00-04:00,1.9249999523162842,1.9249999523162842,1.9199999570846558,1.9199999570846558,2688,0.0,0.0
2026-04-09 10:42:00-04:00,1.9200999736785889,1.9249999523162842,1.9199999570846558,1.9235999584197998,2605,0.0,0.0
2026-04-09 10:43:00-04:00,1.9199999570846558,1.9299999475479126,1.9199999570846558,1.9249999523162842,2592,0.0,0.0
2026-04-09 10:44:00-04:00,1.9199999570846558,1.9299999475479126,1.9199999570846558,1.9299999475479126,3569,0.0,0.0
2026-04-09 10:45:00-04:00,1.9249999523162842,1.9249999523162842,1.9249999523162842,1.9249999523162842,2930,0.0,0.0
2026-04-09 10:48:00-04:00,1.9199999570846558,1.9249999523162842,1.9199999570846558,1.9249999523162842,7234,0.0,0.0
2026-04-09 10:49:00-04:00,1.9200999736785889,1.9200999736785889,1.9200999736785889,1.9200999736785889,860,0.0,0.0
2026-04-09 10:50:00-04:00,1.9299999475479126,1.9299999475479126,1.927899956703186,1.927899956703186,1190,0.0,0.0
2026-04-09 10:51:00-04:00,1.9249999523162842,1.9249999523162842,1.9249999523162842,1.9249999523162842,1899,0.0,0.0
2026-04-09 10:52:00-04:00,1.929900050163269,1.929900050163269,1.9249999523162842,1.9249999523162842,2089,0.0,0.0
2026-04-09 10:53:00-04:00,1.9249999523162842,1.9249999523162842,1.9249999523162842,1.9249999523162842,2553,0.0,0.0
2026-04-09 10:55:00-04:00,1.9221999645233154,1.9249999523162842,1.9199999570846558,1.9249999523162842,16035,0.0,0.0
2026-04-09 10:56:00-04:00,1.9249999523162842,1.9249999523162842,1.9199999570846558,1.9199999570846558,1412,0.0,0.0
2026-04-09 10:57:00-04:00,1.9199999570846558,1.9199999570846558,1.9149999618530273,1.9149999618530273,13517,0.0,0.0
2026-04-09 10:59:00-04:00,1.9199999570846558,1.9199999570846558,1.909999966621399,1.909999966621399,5377,0.0,0.0
2026-04-09 11:00:00-04:00,1.9149999618530273,1.9149999618530273,1.9149999618530273,1.9149999618530273,3369,0.0,0.0
2026-04-09 11:02:00-04:00,1.9149999618530273,1.9149999618530273,1.9149999618530273,1.9149999618530273,1712,0.0,0.0
2026-04-09 11:03:00-04:00,1.909999966621399,1.9149999618530273,1.909999966621399,1.909999966621399,8349,0.0,0.0
2026-04-09 11:04:00-04:00,1.910099983215332,1.910099983215332,1.9049999713897705,1.9049999713897705,14206,0.0,0.0
2026-04-09 11:05:00-04:00,1.909999966621399,1.9149999618530273,1.909999966621399,1.9149999618530273,16302,0.0,0.0
2026-04-09 11:06:00-04:00,1.910099983215332,1.910099983215332,1.910099983215332,1.910099983215332,398,0.0,0.0
2026-04-09 11:07:00-04:00,1.909999966621399,1.9149999618530273,1.9049999713897705,1.909999966621399,59449,0.0,0.0
2026-04-09 11:08:00-04:00,1.909999966621399,1.909999966621399,1.909999966621399,1.909999966621399,3038,0.0,0.0
2026-04-09 11:09:00-04:00,1.899999976158142,1.899999976158142,1.899999976158142,1.899999976158142,20783,0.0,0.0
2026-04-09 11:10:00-04:00,1.909999966621399,1.909999966621399,1.909999966621399,1.909999966621399,1670,0.0,0.0
2026-04-09 11:11:00-04:00,1.909999966621399,1.909999966621399,1.9049999713897705,1.9049999713897705,3996,0.0,0.0
2026-04-09 11:12:00-04:00,1.9049999713897705,1.9098999500274658,1.9049999713897705,1.9098999500274658,22980,0.0,0.0
2026-04-09 11:14:00-04:00,1.9049999713897705,1.9049999713897705,1.9049999713897705,1.9049999713897705,7995,0.0,0.0
2026-04-09 11:15:00-04:00,1.9049999713897705,1.9049999713897705,1.9049999713897705,1.9049999713897705,1250,0.0,0.0
2026-04-09 11:16:00-04:00,1.9000999927520752,1.9049999713897705,1.9000999927520752,1.9049999713897705,11611,0.0,0.0
2026-04-09 11:17:00-04:00,1.899999976158142,1.899999976158142,1.8949999809265137,1.8949999809265137,38106,0.0,0.0
2026-04-09 11:18:00-04:00,1.899999976158142,1.899999976158142,1.899999976158142,1.899999976158142,10910,0.0,0.0
2026-04-09 11:19:00-04:00,1.899999976158142,1.899999976158142,1.899999976158142,1.899999976158142,7583,0.0,0.0
2026-04-09 11:20:00-04:00,1.8949999809265137,1.8949999809265137,1.8949999809265137,1.8949999809265137,6074,0.0,0.0
2026-04-09 11:22:00-04:00,1.8949999809265137,1.8949999809265137,1.8949999809265137,1.8949999809265137,2820,0.0,0.0
2026-04-09 11:24:00-04:00,1.8949999809265137,1.8949999809265137,1.8949999809265137,1.8949999809265137,962,0.0,0.0
2026-04-09 11:25:00-04:00,1.8949999809265137,1.8949999809265137,1.8949999809265137,1.8949999809265137,1548,0.0,0.0
2026-04-09 11:26:00-04:00,1.8949999809265137,1.8949999809265137,1.8949999809265137,1.8949999809265137,606,0.0,0.0
2026-04-09 11:28:00-04:00,1.8914999961853027,1.8914999961853027,1.8914999961853027,1.8914999961853027,2544,0.0,0.0
2026-04-09 11:29:00-04:00,1.8949999809265137,1.8949999809265137,1.8949999809265137,1.8949999809265137,3157,0.0,0.0
2026-04-09 11:30:00-04:00,1.8949999809265137,1.899999976158142,1.8949999809265137,1.899999976158142,2105,0.0,0.0
2026-04-09 11:31:00-04:00,1.8949999809265137,1.8949999809265137,1.8949999809265137,1.8949999809265137,2319,0.0,0.0
2026-04-09 11:32:00-04:00,1.899999976158142,1.9049999713897705,1.899999976158142,1.9000999927520752,16654,0.0,0.0
2026-04-09 11:33:00-04:00,1.9049999713897705,1.9049999713897705,1.9049999713897705,1.9049999713897705,4101,0.0,0.0
2026-04-09 11:35:00-04:00,1.899999976158142,1.9049999713897705,1.899999976158142,1.9049999713897705,27172,0.0,0.0
2026-04-09 11:36:00-04:00,1.909999966621399,1.909999966621399,1.909999966621399,1.909999966621399,2950,0.0,0.0
2026-04-09 11:37:00-04:00,1.909999966621399,1.909999966621399,1.909999966621399,1.909999966621399,316,0.0,0.0
2026-04-09 11:38:00-04:00,1.9049999713897705,1.9049999713897705,1.9031000137329102,1.9031000137329102,1460,0.0,0.0
2026-04-09 11:39:00-04:00,1.899999976158142,1.899999976158142,1.899999976158142,1.899999976158142,2015,0.0,0.0
2026-04-09 11:40:00-04:00,1.9098999500274658,1.9098999500274658,1.9098999500274658,1.9098999500274658,2866,0.0,0.0
2026-04-09 11:42:00-04:00,1.9002000093460083,1.9049999713897705,1.899999976158142,1.9049999713897705,1461,0.0,0.0
2026-04-09 11:43:00-04:00,1.899999976158142,1.9049999713897705,1.899999976158142,1.9049999713897705,1408,0.0,0.0
2026-04-09 11:44:00-04:00,1.909999966621399,1.909999966621399,1.9047000408172607,1.9047000408172607,3100,0.0,0.0
2026-04-09 11:45:00-04:00,1.9035999774932861,1.9049999713897705,1.9035999774932861,1.9049999713897705,1487,0.0,0.0
2026-04-09 11:47:00-04:00,1.9000999927520752,1.9000999927520752,1.9000999927520752,1.9000999927520752,2950,0.0,0.0
2026-04-09 11:49:00-04:00,1.909999966621399,1.909999966621399,1.909999966621399,1.909999966621399,3593,0.0,0.0
2026-04-09 11:50:00-04:00,1.9091999530792236,1.9091999530792236,1.9091999530792236,1.9091999530792236,1779,0.0,0.0
2026-04-09 11:51:00-04:00,1.9049999713897705,1.9049999713897705,1.9049999713897705,1.9049999713897705,1032,0.0,0.0
2026-04-09 11:52:00-04:00,1.909999966621399,1.909999966621399,1.909999966621399,1.909999966621399,5332,0.0,0.0
2026-04-09 11:53:00-04:00,1.909999966621399,1.909999966621399,1.90339994430542,1.909999966621399,5639,0.0,0.0
2026-04-09 11:55:00-04:00,1.909999966621399,1.9149999618530273,1.9081000089645386,1.9149999618530273,13421,0.0,0.0
2026-04-09 11:56:00-04:00,1.9149999618530273,1.9149999618530273,1.9149999618530273,1.9149999618530273,6688,0.0,0.0
2026-04-09 11:57:00-04:00,1.9149999618530273,1.9184000492095947,1.909999966621399,1.9149999618530273,8859,0.0,0.0
2026-04-09 11:58:00-04:00,1.9149999618530273,1.9199999570846558,1.9149999618530273,1.9199999570846558,2114,0.0,0.0
2026-04-09 11:59:00-04:00,1.9149999618530273,1.9149999618530273,1.9149999618530273,1.9149999618530273,1327,0.0,0.0
2026-04-09 12:00:00-04:00,1.909999966621399,1.909999966621399,1.909999966621399,1.909999966621399,1106,0.0,0.0
2026-04-09 12:01:00-04:00,1.9149999618530273,1.9149999618530273,1.9149999618530273,1.9149999618530273,1205,0.0,0.0
2026-04-09 12:03:00-04:00,1.9199999570846558,1.9249999523162842,1.9199999570846558,1.9199999570846558,13728,0.0,0.0
2026-04-09 12:04:00-04:00,1.9249999523162842,1.9249999523162842,1.910099983215332,1.910099983215332,25367,0.0,0.0
2026-04-09 12:08:00-04:00,1.9149999618530273,1.9149999618530273,1.9149999618530273,1.9149999618530273,2042,0.0,0.0
2026-04-09 12:12:00-04:00,1.9198999404907227,1.9198999404907227,1.9198999404907227,1.9198999404907227,375,0.0,0.0
2026-04-09 12:13:00-04:00,1.9149999618530273,1.9199999570846558,1.9149999618530273,1.9199999570846558,3707,0.0,0.0
2026-04-09 12:15:00-04:00,1.9149999618530273,1.9199999570846558,1.9129999876022339,1.9199999570846558,6490,0.0,0.0
2026-04-09 12:16:00-04:00,1.9149999618530273,1.9149999618530273,1.9149999618530273,1.9149999618530273,789,0.0,0.0
2026-04-09 12:17:00-04:00,1.9199999570846558,1.9249999523162842,1.9149999618530273,1.9199999570846558,33641,0.0,0.0
2026-04-09 12:18:00-04:00,1.9170000553131104,1.9170000553131104,1.9149999618530273,1.9149999618530273,3268,0.0,0.0
2026-04-09 12:19:00-04:00,1.909999966621399,1.909999966621399,1.909999966621399,1.909999966621399,567,0.0,0.0
2026-04-09 12:20:00-04:00,1.9199999570846558,1.9199999570846558,1.9169000387191772,1.9199999570846558,26625,0.0,0.0
2026-04-09 12:21:00-04:00,1.9149999618530273,1.9149999618530273,1.9149999618530273,1.9149999618530273,5455,0.0,0.0
2026-04-09 12:24:00-04:00,1.9168000221252441,1.9168000221252441,1.9168000221252441,1.9168000221252441,1728,0.0,0.0
2026-04-09 12:25:00-04:00,1.9149999618530273,1.9149999618530273,1.9149999618530273,1.9149999618530273,545,0.0,0.0
2026-04-09 12:27:00-04:00,1.9101999998092651,1.9101999998092651,1.9101999998092651,1.9101999998092651,1228,0.0,0.0
2026-04-09 12:28:00-04:00,1.909999966621399,1.909999966621399,1.909999966621399,1.909999966621399,20270,0.0,0.0
2026-04-09 12:29:00-04:00,1.9149999618530273,1.919800043106079,1.9149999618530273,1.9149999618530273,4985,0.0,0.0
2026-04-09 12:30:00-04:00,1.9199999570846558,1.9199999570846558,1.9149999618530273,1.9149999618530273,1707,0.0,0.0
2026-04-09 12:32:00-04:00,1.9149999618530273,1.919700026512146,1.9149999618530273,1.919700026512146,1178,0.0,0.0
2026-04-09 12:33:00-04:00,1.9199999570846558,1.9199999570846558,1.9199999570846558,1.9199999570846558,1632,0.0,0.0
2026-04-09 12:34:00-04:00,1.9149999618530273,1.9149999618530273,1.9149999618530273,1.9149999618530273,515,0.0,0.0
2026-04-09 12:35:00-04:00,1.9149999618530273,1.9199999570846558,1.909999966621399,1.9199999570846558,3152,0.0,0.0
2026-04-09 12:37:00-04:00,1.9149999618530273,1.9149999618530273,1.9149999618530273,1.9149999618530273,2207,0.0,0.0
2026-04-09 12:38:00-04:00,1.9149999618530273,1.9199999570846558,1.9149999618530273,1.9149999618530273,4092,0.0,0.0
2026-04-09 12:39:00-04:00,1.9149999618530273,1.9199999570846558,1.9149999618530273,1.9199999570846558,1952,0.0,0.0
2026-04-09 12:41:00-04:00,1.909999966621399,1.909999966621399,1.909999966621399,1.909999966621399,6652,0.0,0.0
2026-04-09 12:43:00-04:00,1.9199999570846558,1.9199999570846558,1.9149999618530273,1.9149999618530273,2180,0.0,0.0
2026-04-09 12:47:00-04:00,1.9199999570846558,1.9199999570846558,1.9149999618530273,1.9149999618530273,938,0.0,0.0
2026-04-09 12:49:00-04:00,1.9149999618530273,1.9149999618530273,1.9149999618530273,1.9149999618530273,2846,0.0,0.0
2026-04-09 12:51:00-04:00,1.9199999570846558,1.9199999570846558,1.9149999618530273,1.9149999618530273,527,0.0,0.0
2026-04-09 12:52:00-04:00,1.9199999570846558,1.9249999523162842,1.910099983215332,1.9199999570846558,19250,0.0,0.0
2026-04-09 12:53:00-04:00,1.9249999523162842,1.9249999523162842,1.9199999570846558,1.9249999523162842,4270,0.0,0.0
2026-04-09 12:54:00-04:00,1.9200999736785889,1.9200999736785889,1.9200999736785889,1.9200999736785889,852,0.0,0.0
2026-04-09 12:55:00-04:00,1.9249999523162842,1.9249999523162842,1.9249999523162842,1.9249999523162842,807,0.0,0.0
2026-04-09 12:57:00-04:00,1.9199999570846558,1.9249999523162842,1.9199999570846558,1.9249999523162842,5083,0.0,0.0
2026-04-09 12:58:00-04:00,1.9299999475479126,1.9299999475479126,1.9249999523162842,1.9249999523162842,1046,0.0,0.0
2026-04-09 12:59:00-04:00,1.9249999523162842,1.9249999523162842,1.9249999523162842,1.9249999523162842,1554,0.0,0.0
2026-04-09 13:01:00-04:00,1.9299999475479126,1.9299999475479126,1.9299999475479126,1.9299999475479126,624,0.0,0.0
2026-04-09 13:02:00-04:00,1.9299999475479126,1.9299999475479126,1.9225000143051147,1.9225000143051147,897,0.0,0.0
2026-04-09 13:03:00-04:00,1.9249999523162842,1.9249999523162842,1.9249999523162842,1.9249999523162842,377,0.0,0.0
2026-04-09 13:04:00-04:00,1.927899956703186,1.927899956703186,1.927899956703186,1.927899956703186,605,0.0,0.0
2026-04-09 13:05:00-04:00,1.9299999475479126,1.9299999475479126,1.9299999475479126,1.9299999475479126,156,0.0,0.0
2026-04-09 13:06:00-04:00,1.9249999523162842,1.9249999523162842,1.9249999523162842,1.9249999523162842,705,0.0,0.0
2026-04-09 13:07:00-04:00,1.9249999523162842,1.9249999523162842,1.9249999523162842,1.9249999523162842,471,0.0,0.0
2026-04-09 13:08:00-04:00,1.9249999523162842,1.9249999523162842,1.9249999523162842,1.9249999523162842,1722,0.0,0.0
2026-04-09 13:09:00-04:00,1.9299999475479126,1.9299999475479126,1.9299999475479126,1.9299999475479126,391,0.0,0.0
2026-04-09 13:11:00-04:00,1.9249999523162842,1.9249999523162842,1.9221999645233154,1.9249999523162842,2007,0.0,0.0
2026-04-09 13:13:00-04:00,1.9249999523162842,1.9299999475479126,1.9249999523162842,1.9299999475479126,1432,0.0,0.0
2026-04-09 13:15:00-04:00,1.9249999523162842,1.9249999523162842,1.9249999523162842,1.9249999523162842,2418,0.0,0.0
2026-04-09 13:16:00-04:00,1.9249999523162842,1.9249999523162842,1.9249999523162842,1.9249999523162842,869,0.0,0.0
2026-04-09 13:17:00-04:00,1.9249999523162842,1.9299999475479126,1.9249999523162842,1.9299999475479126,1984,0.0,0.0
2026-04-09 13:18:00-04:00,1.9199999570846558,1.9199999570846558,1.9199999570846558,1.9199999570846558,246,0.0,0.0
2026-04-09 13:19:00-04:00,1.929900050163269,1.929900050163269,1.9200999736785889,1.9200999736785889,4885,0.0,0.0
2026-04-09 13:20:00-04:00,1.9249999523162842,1.9249999523162842,1.9249999523162842,1.9249999523162842,215,0.0,0.0
2026-04-09 13:21:00-04:00,1.9199999570846558,1.9299999475479126,1.9199999570846558,1.9220999479293823,12729,0.0,0.0
2026-04-09 13:22:00-04:00,1.9249999523162842,1.9249999523162842,1.9249999523162842,1.9249999523162842,963,0.0,0.0
2026-04-09 13:24:00-04:00,1.9249999523162842,1.9249999523162842,1.9249999523162842,1.9249999523162842,1755,0.0,0.0
2026-04-09 13:25:00-04:00,1.9299999475479126,1.9299999475479126,1.9249999523162842,1.9249999523162842,1693,0.0,0.0
2026-04-09 13:26:00-04:00,1.9249999523162842,1.9249999523162842,1.920199990272522,1.9249999523162842,6545,0.0,0.0
2026-04-09 13:27:00-04:00,1.9249999523162842,1.9249999523162842,1.9249999523162842,1.9249999523162842,803,0.0,0.0
2026-04-09 13:29:00-04:00,1.9299999475479126,1.9299999475479126,1.9249999523162842,1.9249999523162842,1671,0.0,0.0
2026-04-09 13:30:00-04:00,1.9249999523162842,1.9275000095367432,1.9249999523162842,1.9249999523162842,2859,0.0,0.0
2026-04-09 13:31:00-04:00,1.9249999523162842,1.9249999523162842,1.9199999570846558,1.9199999570846558,1084,0.0,0.0
2026-04-09 13:32:00-04:00,1.9299999475479126,1.9299999475479126,1.9249999523162842,1.9299999475479126,3124,0.0,0.0
2026-04-09 13:33:00-04:00,1.9249999523162842,1.9249999523162842,1.9249999523162842,1.9249999523162842,536,0.0,0.0
2026-04-09 13:34:00-04:00,1.9249999523162842,1.9249999523162842,1.9249999523162842,1.9249999523162842,1009,0.0,0.0
2026-04-09 13:35:00-04:00,1.9249999523162842,1.9249999523162842,1.9249999523162842,1.9249999523162842,258,0.0,0.0
2026-04-09 13:36:00-04:00,1.9299999475479126,1.9299999475479126,1.9299999475479126,1.9299999475479126,557,0.0,0.0
2026-04-09 13:37:00-04:00,1.9249999523162842,1.9249999523162842,1.9249999523162842,1.9249999523162842,6143,0.0,0.0
2026-04-09 13:38:00-04:00,1.9249999523162842,1.9249999523162842,1.9249999523162842,1.9249999523162842,1860,0.0,0.0
2026-04-09 13:39:00-04:00,1.9249999523162842,1.9279999732971191,1.9249999523162842,1.9279999732971191,1499,0.0,0.0
2026-04-09 13:40:00-04:00,1.9199999570846558,1.9199999570846558,1.9199999570846558,1.9199999570846558,678,0.0,0.0
2026-04-09 13:41:00-04:00,1.9299999475479126,1.9299999475479126,1.9299999475479126,1.9299999475479126,1306,0.0,0.0
2026-04-09 13:42:00-04:00,1.9249999523162842,1.9249999523162842,1.9249999523162842,1.9249999523162842,1141,0.0,0.0
2026-04-09 13:43:00-04:00,1.9249999523162842,1.9249999523162842,1.9249999523162842,1.9249999523162842,2303,0.0,0.0
2026-04-09 13:44:00-04:00,1.9199999570846558,1.9199999570846558,1.9199999570846558,1.9199999570846558,1876,0.0,0.0
2026-04-09 13:46:00-04:00,1.9299999475479126,1.9299999475479126,1.9299999475479126,1.9299999475479126,1901,0.0,0.0
2026-04-09 13:48:00-04:00,1.9249999523162842,1.9249999523162842,1.9199999570846558,1.9199999570846558,11017,0.0,0.0
2026-04-09 13:49:00-04:00,1.9299999475479126,1.9299999475479126,1.9200999736785889,1.9249999523162842,2700,0.0,0.0
2026-04-09 13:50:00-04:00,1.9249999523162842,1.9249999523162842,1.9249999523162842,1.9249999523162842,4536,0.0,0.0
2026-04-09 13:51:00-04:00,1.9249999523162842,1.9299999475479126,1.9249999523162842,1.9299999475479126,1892,0.0,0.0
2026-04-09 13:52:00-04:00,1.9249999523162842,1.9249999523162842,1.9249999523162842,1.9249999523162842,987,0.0,0.0
2026-04-09 13:53:00-04:00,1.9299999475479126,1.9299999475479126,1.9299999475479126,1.9299999475479126,3247,0.0,0.0
2026-04-09 13:54:00-04:00,1.9299999475479126,1.9299999475479126,1.9299999475479126,1.9299999475479126,3378,0.0,0.0
2026-04-09 13:55:00-04:00,1.9249999523162842,1.9249999523162842,1.9249999523162842,1.9249999523162842,1412,0.0,0.0
2026-04-09 13:56:00-04:00,1.9299999475479126,1.9299999475479126,1.9299999475479126,1.9299999475479126,2041,0.0,0.0
2026-04-09 13:57:00-04:00,1.9299999475479126,1.9299999475479126,1.9199999570846558,1.9199999570846558,3032,0.0,0.0
2026-04-09 13:58:00-04:00,1.9249999523162842,1.9299999475479126,1.9249999523162842,1.9299999475479126,4976,0.0,0.0
2026-04-09 13:59:00-04:00,1.9299999475479126,1.9299999475479126,1.9299999475479126,1.9299999475479126,569,0.0,0.0
2026-04-09 14:00:00-04:00,1.9249999523162842,1.9249999523162842,1.9249999523162842,1.9249999523162842,4126,0.0,0.0
2026-04-09 14:02:00-04:00,1.9249999523162842,1.9249999523162842,1.9249999523162842,1.9249999523162842,337,0.0,0.0
2026-04-09 14:03:00-04:00,1.9249999523162842,1.9249999523162842,1.9149999618530273,1.9199999570846558,13786,0.0,0.0
2026-04-09 14:04:00-04:00,1.9149999618530273,1.9149999618530273,1.909999966621399,1.9149999618530273,109600,0.0,0.0
2026-04-09 14:05:00-04:00,1.9149999618530273,1.9149999618530273,1.9149999618530273,1.9149999618530273,590,0.0,0.0
2026-04-09 14:06:00-04:00,1.9178999662399292,1.9178999662399292,1.9149999618530273,1.9149999618530273,1569,0.0,0.0
2026-04-09 14:07:00-04:00,1.9149999618530273,1.9199999570846558,1.9149999618530273,1.9199999570846558,2202,0.0,0.0
2026-04-09 14:09:00-04:00,1.9164999723434448,1.9164999723434448,1.9164999723434448,1.9164999723434448,399,0.0,0.0
2026-04-09 14:10:00-04:00,1.909999966621399,1.9149999618530273,1.909999966621399,1.9149999618530273,2254,0.0,0.0
2026-04-09 14:11:00-04:00,1.9149999618530273,1.9199999570846558,1.9149999618530273,1.9149999618530273,3562,0.0,0.0
2026-04-09 14:13:00-04:00,1.9149999618530273,1.9149999618530273,1.9149999618530273,1.9149999618530273,2251,0.0,0.0
2026-04-09 14:14:00-04:00,1.9154000282287598,1.9154000282287598,1.909999966621399,1.910099983215332,2132,0.0,0.0
2026-04-09 14:15:00-04:00,1.9148000478744507,1.9199999570846558,1.9121999740600586,1.9149999618530273,2376,0.0,0.0
2026-04-09 14:16:00-04:00,1.9149999618530273,1.9149999618530273,1.9149999618530273,1.9149999618530273,2665,0.0,0.0
2026-04-09 14:17:00-04:00,1.9149999618530273,1.9149999618530273,1.9149999618530273,1.9149999618530273,1199,0.0,0.0
2026-04-09 14:18:00-04:00,1.9149999618530273,1.9199999570846558,1.9149999618530273,1.9149999618530273,924,0.0,0.0
2026-04-09 14:20:00-04:00,1.9199999570846558,1.9199999570846558,1.9199999570846558,1.9199999570846558,709,0.0,0.0
2026-04-09 14:21:00-04:00,1.9121999740600586,1.9149999618530273,1.9121999740600586,1.9149999618530273,558,0.0,0.0
2026-04-09 14:22:00-04:00,1.909999966621399,1.9199999570846558,1.909999966621399,1.9199999570846558,4544,0.0,0.0
2026-04-09 14:23:00-04:00,1.9149999618530273,1.9149999618530273,1.9149999618530273,1.9149999618530273,2731,0.0,0.0
2026-04-09 14:25:00-04:00,1.910099983215332,1.910099983215332,1.909999966621399,1.910099983215332,2832,0.0,0.0
2026-04-09 14:26:00-04:00,1.910099983215332,1.9199999570846558,1.909999966621399,1.909999966621399,629,0.0,0.0
2026-04-09 14:27:00-04:00,1.910099983215332,1.9149999618530273,1.910099983215332,1.9149999618530273,509,0.0,0.0
2026-04-09 14:28:00-04:00,1.9153000116348267,1.9155000448226929,1.909999966621399,1.909999966621399,3947,0.0,0.0
2026-04-09 14:29:00-04:00,1.9149999618530273,1.9149999618530273,1.9049999713897705,1.909999966621399,27616,0.0,0.0
2026-04-09 14:30:00-04:00,1.9049999713897705,1.909999966621399,1.9049999713897705,1.9077999591827393,5759,0.0,0.0
2026-04-09 14:31:00-04:00,1.909999966621399,1.9149999618530273,1.909999966621399,1.9149999618530273,17295,0.0,0.0
2026-04-09 14:32:00-04:00,1.9198999404907227,1.9198999404907227,1.9149999618530273,1.9149999618530273,1776,0.0,0.0
2026-04-09 14:34:00-04:00,1.9149999618530273,1.9149999618530273,1.909999966621399,1.909999966621399,5607,0.0,0.0
2026-04-09 14:35:00-04:00,1.909999966621399,1.9149999618530273,1.9049999713897705,1.9149999618530273,35392,0.0,0.0
2026-04-09 14:36:00-04:00,1.910099983215332,1.910099983215332,1.910099983215332,1.910099983215332,585,0.0,0.0
2026-04-09 14:37:00-04:00,1.9149999618530273,1.9199999570846558,1.9120999574661255,1.9120999574661255,5344,0.0,0.0
2026-04-09 14:39:00-04:00,1.9149999618530273,1.9199999570846558,1.9149999618530273,1.9199999570846558,2306,0.0,0.0
2026-04-09 14:41:00-04:00,1.9199999570846558,1.9199999570846558,1.9199999570846558,1.9199999570846558,739,0.0,0.0
2026-04-09 14:42:00-04:00,1.9149999618530273,1.9149999618530273,1.9149999618530273,1.9149999618530273,1264,0.0,0.0
2026-04-09 14:43:00-04:00,1.9114999771118164,1.9149999618530273,1.9114999771118164,1.9149999618530273,2781,0.0,0.0
2026-04-09 14:44:00-04:00,1.9149999618530273,1.9149999618530273,1.909999966621399,1.9114999771118164,19071,0.0,0.0
2026-04-09 14:45:00-04:00,1.9199999570846558,1.9199999570846558,1.909999966621399,1.909999966621399,2102,0.0,0.0
2026-04-09 14:46:00-04:00,1.9120999574661255,1.9134999513626099,1.909999966621399,1.909999966621399,2089,0.0,0.0
2026-04-09 14:47:00-04:00,1.9122999906539917,1.9149999618530273,1.909999966621399,1.909999966621399,6553,0.0,0.0
2026-04-09 14:48:00-04:00,1.9120999574661255,1.9120999574661255,1.909999966621399,1.909999966621399,735,0.0,0.0
2026-04-09 14:49:00-04:00,1.9149999618530273,1.9149999618530273,1.909999966621399,1.909999966621399,1657,0.0,0.0
2026-04-09 14:50:00-04:00,1.9199999570846558,1.9199999570846558,1.909999966621399,1.909999966621399,1167,0.0,0.0
2026-04-09 14:51:00-04:00,1.909999966621399,1.9199999570846558,1.909999966621399,1.9114999771118164,16687,0.0,0.0
2026-04-09 14:52:00-04:00,1.909999966621399,1.9149999618530273,1.909999966621399,1.9149999618530273,361,0.0,0.0
2026-04-09 14:53:00-04:00,1.9149999618530273,1.9149999618530273,1.909999966621399,1.9122999906539917,1546,0.0,0.0
2026-04-09 14:54:00-04:00,1.909999966621399,1.909999966621399,1.909999966621399,1.909999966621399,1203,0.0,0.0
2026-04-09 14:55:00-04:00,1.9149999618530273,1.9199999570846558,1.909999966621399,1.909999966621399,1745,0.0,0.0
2026-04-09 14:56:00-04:00,1.909999966621399,1.9134999513626099,1.909999966621399,1.9134999513626099,3329,0.0,0.0
2026-04-09 14:57:00-04:00,1.9149999618530273,1.9199999570846558,1.909999966621399,1.910099983215332,4152,0.0,0.0
2026-04-09 14:58:00-04:00,1.909999966621399,1.9149999618530273,1.909999966621399,1.909999966621399,7699,0.0,0.0
2026-04-09 14:59:00-04:00,1.9120999574661255,1.9149999618530273,1.909999966621399,1.9149999618530273,2549,0.0,0.0
2026-04-09 15:00:00-04:00,1.909999966621399,1.9199999570846558,1.909999966621399,1.9134999513626099,1456,0.0,0.0
2026-04-09 15:01:00-04:00,1.909999966621399,1.9149999618530273,1.909999966621399,1.9149999618530273,2094,0.0,0.0
2026-04-09 15:02:00-04:00,1.9149999618530273,1.9149999618530273,1.9149999618530273,1.9149999618530273,921,0.0,0.0
2026-04-09 15:03:00-04:00,1.909999966621399,1.9199999570846558,1.909999966621399,1.910099983215332,2743,0.0,0.0
2026-04-09 15:04:00-04:00,1.9199999570846558,1.9199999570846558,1.9149999618530273,1.9149999618530273,2544,0.0,0.0
2026-04-09 15:05:00-04:00,1.9149999618530273,1.9149999618530273,1.9149999618530273,1.9149999618530273,814,0.0,0.0
2026-04-09 15:06:00-04:00,1.9149999618530273,1.9149999618530273,1.9149999618530273,1.9149999618530273,190,0.0,0.0
2026-04-09 15:07:00-04:00,1.9149999618530273,1.916700005531311,1.9149999618530273,1.9149999618530273,1633,0.0,0.0
2026-04-09 15:08:00-04:00,1.9199999570846558,1.9199999570846558,1.909999966621399,1.909999966621399,1117,0.0,0.0
2026-04-09 15:09:00-04:00,1.9149999618530273,1.9149999618530273,1.9149999618530273,1.9149999618530273,1129,0.0,0.0
2026-04-09 15:10:00-04:00,1.9149999618530273,1.9149999618530273,1.9149999618530273,1.9149999618530273,551,0.0,0.0
2026-04-09 15:11:00-04:00,1.9149999618530273,1.9164999723434448,1.9149999618530273,1.9164999723434448,1215,0.0,0.0
2026-04-09 15:12:00-04:00,1.9199999570846558,1.9199999570846558,1.909999966621399,1.9199999570846558,574,0.0,0.0
2026-04-09 15:13:00-04:00,1.909999966621399,1.9149999618530273,1.909999966621399,1.9149999618530273,2344,0.0,0.0
2026-04-09 15:14:00-04:00,1.9199999570846558,1.9199999570846558,1.9199999570846558,1.9199999570846558,3696,0.0,0.0
2026-04-09 15:15:00-04:00,1.9149999618530273,1.9199999570846558,1.909999966621399,1.9199999570846558,2045,0.0,0.0
2026-04-09 15:16:00-04:00,1.9121999740600586,1.9149999618530273,1.909999966621399,1.909999966621399,3490,0.0,0.0
2026-04-09 15:17:00-04:00,1.909999966621399,1.9122999906539917,1.909999966621399,1.9122999906539917,1405,0.0,0.0
2026-04-09 15:18:00-04:00,1.909999966621399,1.9149999618530273,1.909999966621399,1.9149999618530273,1630,0.0,0.0
2026-04-09 15:19:00-04:00,1.909999966621399,1.9199999570846558,1.909999966621399,1.9199999570846558,2293,0.0,0.0
2026-04-09 15:20:00-04:00,1.909999966621399,1.909999966621399,1.909999966621399,1.909999966621399,766,0.0,0.0
2026-04-09 15:21:00-04:00,1.9149999618530273,1.9199999570846558,1.9149999618530273,1.9149999618530273,2750,0.0,0.0
2026-04-09 15:22:00-04:00,1.909999966621399,1.909999966621399,1.909999966621399,1.909999966621399,483,0.0,0.0
2026-04-09 15:23:00-04:00,1.909999966621399,1.9199999570846558,1.909999966621399,1.9199999570846558,2900,0.0,0.0
2026-04-09 15:24:00-04:00,1.9149999618530273,1.9149999618530273,1.9149999618530273,1.9149999618530273,1595,0.0,0.0
2026-04-09 15:25:00-04:00,1.9149999618530273,1.9149999618530273,1.909999966621399,1.9149999618530273,5773,0.0,0.0
2026-04-09 15:26:00-04:00,1.909999966621399,1.9198999404907227,1.909999966621399,1.909999966621399,1928,0.0,0.0
2026-04-09 15:27:00-04:00,1.9149999618530273,1.9149999618530273,1.909999966621399,1.9149999618530273,3384,0.0,0.0
2026-04-09 15:28:00-04:00,1.909999966621399,1.9199999570846558,1.909999966621399,1.9149999618530273,3726,0.0,0.0
2026-04-09 15:29:00-04:00,1.909999966621399,1.909999966621399,1.909999966621399,1.909999966621399,1896,0.0,0.0
2026-04-09 15:30:00-04:00,1.9122999906539917,1.9149999618530273,1.9122999906539917,1.9149999618530273,2980,0.0,0.0
2026-04-09 15:31:00-04:00,1.9121999740600586,1.9199999570846558,1.909999966621399,1.910099983215332,2919,0.0,0.0
2026-04-09 15:32:00-04:00,1.910099983215332,1.9199999570846558,1.910099983215332,1.9199999570846558,3352,0.0,0.0
2026-04-09 15:33:00-04:00,1.9149999618530273,1.9275000095367432,1.9149999618530273,1.9249999523162842,40579,0.0,0.0
2026-04-09 15:34:00-04:00,1.9249999523162842,1.9249999523162842,1.9149999618530273,1.9149999618530273,50433,0.0,0.0
2026-04-09 15:35:00-04:00,1.9149999618530273,1.9198999404907227,1.909999966621399,1.9198999404907227,4114,0.0,0.0
2026-04-09 15:36:00-04:00,1.9191999435424805,1.9191999435424805,1.909999966621399,1.909999966621399,3222,0.0,0.0
2026-04-09 15:37:00-04:00,1.9121999740600586,1.9121999740600586,1.9049999713897705,1.909999966621399,26709,0.0,0.0
2026-04-09 15:38:00-04:00,1.909999966621399,1.909999966621399,1.899999976158142,1.899999976158142,8784,0.0,0.0
2026-04-09 15:39:00-04:00,1.909999966621399,1.909999966621399,1.9049999713897705,1.909999966621399,1403,0.0,0.0
2026-04-09 15:42:00-04:00,1.909999966621399,1.909999966621399,1.909999966621399,1.909999966621399,300,0.0,0.0
2026-04-09 15:43:00-04:00,1.899999976158142,1.909999966621399,1.899999976158142,1.909999966621399,3174,0.0,0.0
2026-04-09 15:44:00-04:00,1.909999966621399,1.9149999618530273,1.909999966621399,1.9149999618530273,25603,0.0,0.0
2026-04-09 15:45:00-04:00,1.9140000343322754,1.9149999618530273,1.9140000343322754,1.9149999618530273,6097,0.0,0.0
2026-04-09 15:46:00-04:00,1.9149999618530273,1.9199999570846558,1.909999966621399,1.909999966621399,20741,0.0,0.0
2026-04-09 15:47:00-04:00,1.9149999618530273,1.9149999618530273,1.9149999618530273,1.9149999618530273,663,0.0,0.0
2026-04-09 15:48:00-04:00,1.9129999876022339,1.9140000343322754,1.9129999876022339,1.9140000343322754,1142,0.0,0.0
2026-04-09 15:49:00-04:00,1.9149999618530273,1.9199999570846558,1.910099983215332,1.9199999570846558,13178,0.0,0.0
2026-04-09 15:50:00-04:00,1.9149999618530273,1.9199999570846558,1.9149999618530273,1.9149999618530273,2836,0.0,0.0
2026-04-09 15:51:00-04:00,1.9199999570846558,1.9199999570846558,1.9149999618530273,1.9149999618530273,1178,0.0,0.0
2026-04-09 15:52:00-04:00,1.9199999570846558,1.9199999570846558,1.9149999618530273,1.9199999570846558,3271,0.0,0.0
2026-04-09 15:53:00-04:00,1.9199999570846558,1.9199999570846558,1.9198999404907227,1.9199999570846558,5646,0.0,0.0
2026-04-09 15:54:00-04:00,1.9199999570846558,1.9199999570846558,1.9199999570846558,1.9199999570846558,696,0.0,0.0
2026-04-09 15:55:00-04:00,1.9149999618530273,1.9199999570846558,1.9149999618530273,1.9149999618530273,8562,0.0,0.0
2026-04-09 15:56:00-04:00,1.9199999570846558,1.9199999570846558,1.9149999618530273,1.9149999618530273,8095,0.0,0.0
2026-04-09 15:57:00-04:00,1.9199999570846558,1.9199999570846558,1.9149999618530273,1.9199999570846558,17455,0.0,0.0
2026-04-09 15:58:00-04:00,1.9179999828338623,1.9199999570846558,1.909999966621399,1.9149999618530273,41098,0.0,0.0
2026-04-09 15:59:00-04:00,1.9199999570846558,1.9199999570846558,1.909999966621399,1.9199999570846558,81409,0.0,0.0
2026-04-10 09:30:00-04:00,1.9299999475479126,1.940000057220459,1.9299999475479126,1.934999942779541,58548,0.0,0.0
2026-04-10 09:31:00-04:00,1.9311000108718872,1.934999942779541,1.9311000108718872,1.934999942779541,597,0.0,0.0
2026-04-10 09:32:00-04:00,1.9399000406265259,1.9399000406265259,1.9300999641418457,1.9300999641418457,1055,0.0,0.0
2026-04-10 09:33:00-04:00,1.934999942779541,1.934999942779541,1.9299999475479126,1.9299999475479126,9416,0.0,0.0
2026-04-10 09:34:00-04:00,1.9249999523162842,1.9249999523162842,1.9249999523162842,1.9249999523162842,424,0.0,0.0
2026-04-10 09:35:00-04:00,1.9199999570846558,1.9210000038146973,1.9199999570846558,1.9210000038146973,1572,0.0,0.0
2026-04-10 09:36:00-04:00,1.9249999523162842,1.9249999523162842,1.9199999570846558,1.9199999570846558,2096,0.0,0.0
2026-04-10 09:38:00-04:00,1.9249999523162842,1.9249999523162842,1.9249999523162842,1.9249999523162842,1355,0.0,0.0
2026-04-10 09:39:00-04:00,1.9249999523162842,1.9249999523162842,1.9249999523162842,1.9249999523162842,1975,0.0,0.0
2026-04-10 09:40:00-04:00,1.9299999475479126,1.9299999475479126,1.9249999523162842,1.9285000562667847,2727,0.0,0.0
2026-04-10 09:41:00-04:00,1.9249999523162842,1.9249999523162842,1.9249999523162842,1.9249999523162842,1527,0.0,0.0
2026-04-10 09:42:00-04:00,1.9249999523162842,1.9249999523162842,1.909999966621399,1.9149999618530273,109924,0.0,0.0
2026-04-10 09:43:00-04:00,1.9149999618530273,1.9249999523162842,1.9149999618530273,1.9249999523162842,19213,0.0,0.0
2026-04-10 09:46:00-04:00,1.9199999570846558,1.9199999570846558,1.9199999570846558,1.9199999570846558,5289,0.0,0.0
2026-04-10 09:47:00-04:00,1.9199999570846558,1.9199999570846558,1.9149999618530273,1.9149999618530273,22541,0.0,0.0
2026-04-10 09:48:00-04:00,1.9199999570846558,1.9249999523162842,1.9199999570846558,1.9249999523162842,26905,0.0,0.0
2026-04-10 09:49:00-04:00,1.9249999523162842,1.929900050163269,1.9199999570846558,1.929900050163269,1861,0.0,0.0
2026-04-10 09:50:00-04:00,1.9249999523162842,1.9249999523162842,1.9200999736785889,1.9249999523162842,838,0.0,0.0
2026-04-10 09:51:00-04:00,1.9249999523162842,1.9249999523162842,1.9249999523162842,1.9249999523162842,1967,0.0,0.0
2026-04-10 09:52:00-04:00,1.9249999523162842,1.9249999523162842,1.9249999523162842,1.9249999523162842,3161,0.0,0.0
2026-04-10 09:54:00-04:00,1.9199999570846558,1.9249999523162842,1.9199999570846558,1.9199999570846558,7181,0.0,0.0
2026-04-10 09:56:00-04:00,1.9149999618530273,1.9149999618530273,1.909999966621399,1.9149999618530273,3539,0.0,0.0
2026-04-10 09:57:00-04:00,1.9144999980926514,1.9199999570846558,1.9144999980926514,1.9199999570846558,16475,0.0,0.0
2026-04-10 09:58:00-04:00,1.9149999618530273,1.9199999570846558,1.9149999618530273,1.9199999570846558,5006,0.0,0.0
2026-04-10 09:59:00-04:00,1.9199999570846558,1.9199999570846558,1.9149999618530273,1.9199999570846558,17514,0.0,0.0
2026-04-10 10:00:00-04:00,1.9149999618530273,1.9149999618530273,1.9149999618530273,1.9149999618530273,962,0.0,0.0
2026-04-10 10:01:00-04:00,1.9149999618530273,1.9160000085830688,1.9149999618530273,1.9160000085830688,4984,0.0,0.0
2026-04-10 10:03:00-04:00,1.9149999618530273,1.9149999618530273,1.9149999618530273,1.9149999618530273,893,0.0,0.0
2026-04-10 10:04:00-04:00,1.9149999618530273,1.9149999618530273,1.9149999618530273,1.9149999618530273,772,0.0,0.0
2026-04-10 10:05:00-04:00,1.9115999937057495,1.9163999557495117,1.9115999937057495,1.9149999618530273,3442,0.0,0.0
2026-04-10 10:07:00-04:00,1.9149999618530273,1.9149999618530273,1.9149999618530273,1.9149999618530273,834,0.0,0.0
2026-04-10 10:08:00-04:00,1.9149999618530273,1.9149999618530273,1.9149999618530273,1.9149999618530273,2080,0.0,0.0
2026-04-10 10:09:00-04:00,1.9198999404907227,1.9199999570846558,1.9149999618530273,1.9149999618530273,15402,0.0,0.0
2026-04-10 10:10:00-04:00,1.9149999618530273,1.9199999570846558,1.9149999618530273,1.9149999618530273,1640,0.0,0.0
2026-04-10 10:11:00-04:00,1.9149999618530273,1.9149999618530273,1.9149999618530273,1.9149999618530273,3018,0.0,0.0
2026-04-10 10:12:00-04:00,1.9199999570846558,1.9199999570846558,1.9199999570846558,1.9199999570846558,484,0.0,0.0
2026-04-10 10:13:00-04:00,1.9149999618530273,1.9149999618530273,1.9105000495910645,1.9105000495910645,2209,0.0,0.0
2026-04-10 10:14:00-04:00,1.9149999618530273,1.9149999618530273,1.9149999618530273,1.9149999618530273,8766,0.0,0.0
2026-04-10 10:15:00-04:00,1.910099983215332,1.9149999618530273,1.910099983215332,1.9149999618530273,1259,0.0,0.0
2026-04-10 10:16:00-04:00,1.9199999570846558,1.9199999570846558,1.9199999570846558,1.9199999570846558,2549,0.0,0.0
2026-04-10 10:17:00-04:00,1.9199999570846558,1.9199999570846558,1.9199999570846558,1.9199999570846558,640,0.0,0.0
2026-04-10 10:18:00-04:00,1.9149999618530273,1.9199999570846558,1.9149999618530273,1.9149999618530273,1447,0.0,0.0
2026-04-10 10:19:00-04:00,1.9149999618530273,1.9149999618530273,1.909999966621399,1.9149999618530273,2282,0.0,0.0
2026-04-10 10:20:00-04:00,1.9199999570846558,1.9199999570846558,1.9149999618530273,1.9149999618530273,1360,0.0,0.0
2026-04-10 10:21:00-04:00,1.909999966621399,1.9199999570846558,1.909999966621399,1.9199999570846558,1985,0.0,0.0
2026-04-10 10:22:00-04:00,1.9149999618530273,1.9199999570846558,1.9149999618530273,1.9187999963760376,1842,0.0,0.0
2026-04-10 10:23:00-04:00,1.9149999618530273,1.9158999919891357,1.9149999618530273,1.9149999618530273,2026,0.0,0.0
2026-04-10 10:24:00-04:00,1.9149999618530273,1.9180999994277954,1.9149999618530273,1.9180999994277954,2532,0.0,0.0
2026-04-10 10:25:00-04:00,1.9149999618530273,1.9149999618530273,1.9149999618530273,1.9149999618530273,514,0.0,0.0
2026-04-10 10:26:00-04:00,1.9121999740600586,1.9149999618530273,1.9121999740600586,1.9149999618530273,1722,0.0,0.0
2026-04-10 10:27:00-04:00,1.9199999570846558,1.9199999570846558,1.9199999570846558,1.9199999570846558,1414,0.0,0.0
2026-04-10 10:28:00-04:00,1.9149999618530273,1.9199999570846558,1.9149999618530273,1.9199999570846558,898,0.0,0.0
2026-04-10 10:29:00-04:00,1.9198999404907227,1.9198999404907227,1.9198999404907227,1.9198999404907227,1478,0.0,0.0
2026-04-10 10:30:00-04:00,1.909999966621399,1.909999966621399,1.909999966621399,1.909999966621399,300,0.0,0.0
2026-04-10 10:31:00-04:00,1.909999966621399,1.9199999570846558,1.909999966621399,1.9199999570846558,1619,0.0,0.0
2026-04-10 10:32:00-04:00,1.9199999570846558,1.9199999570846558,1.9199999570846558,1.9199999570846558,1077,0.0,0.0
2026-04-10 10:33:00-04:00,1.9199999570846558,1.9199999570846558,1.9199999570846558,1.9199999570846558,360,0.0,0.0
2026-04-10 10:34:00-04:00,1.9199999570846558,1.9199999570846558,1.9149999618530273,1.9149999618530273,1487,0.0,0.0
2026-04-10 10:35:00-04:00,1.9120999574661255,1.9149999618530273,1.9120999574661255,1.9149999618530273,2184,0.0,0.0
2026-04-10 10:36:00-04:00,1.9199999570846558,1.9199999570846558,1.9149999618530273,1.9149999618530273,42080,0.0,0.0
2026-04-10 10:37:00-04:00,1.9149999618530273,1.9393999576568604,1.9149999618530273,1.934999942779541,97429,0.0,0.0
2026-04-10 10:38:00-04:00,1.934999942779541,1.940000057220459,1.934999942779541,1.934999942779541,3642,0.0,0.0
2026-04-10 10:39:00-04:00,1.940000057220459,1.940000057220459,1.934999942779541,1.934999942779541,1407,0.0,0.0
2026-04-10 10:40:00-04:00,1.934999942779541,1.940000057220459,1.934999942779541,1.934999942779541,1637,0.0,0.0
2026-04-10 10:41:00-04:00,1.934999942779541,1.940000057220459,1.934999942779541,1.940000057220459,8401,0.0,0.0
2026-04-10 10:42:00-04:00,1.940000057220459,1.940000057220459,1.934999942779541,1.934999942779541,7449,0.0,0.0
2026-04-10 10:43:00-04:00,1.940000057220459,1.940000057220459,1.940000057220459,1.940000057220459,6120,0.0,0.0
2026-04-10 10:44:00-04:00,1.940000057220459,1.940000057220459,1.934999942779541,1.940000057220459,10988,0.0,0.0
2026-04-10 10:45:00-04:00,1.940000057220459,1.940000057220459,1.934999942779541,1.940000057220459,12075,0.0,0.0
2026-04-10 10:46:00-04:00,1.940000057220459,1.940000057220459,1.9345999956130981,1.940000057220459,8201,0.0,0.0
2026-04-10 10:47:00-04:00,1.934999942779541,1.9450000524520874,1.9329999685287476,1.94350004196167,19916,0.0,0.0
2026-04-10 10:48:00-04:00,1.9500000476837158,1.9500000476837158,1.9450000524520874,1.9479000568389893,12924,0.0,0.0
2026-04-10 10:49:00-04:00,1.9400999546051025,1.9500000476837158,1.940000057220459,1.940000057220459,44260,0.0,0.0
2026-04-10 10:50:00-04:00,1.934999942779541,1.934999942779541,1.934999942779541,1.934999942779541,1436,0.0,0.0
2026-04-10 10:51:00-04:00,1.9399000406265259,1.9399000406265259,1.9399000406265259,1.9399000406265259,11598,0.0,0.0
2026-04-10 10:52:00-04:00,1.9397000074386597,1.940000057220459,1.9300999641418457,1.9300999641418457,12175,0.0,0.0
2026-04-10 10:53:00-04:00,1.934999942779541,1.934999942779541,1.9299999475479126,1.9299999475479126,1918,0.0,0.0
2026-04-10 10:54:00-04:00,1.9321000576019287,1.934999942779541,1.9299999475479126,1.934999942779541,3574,0.0,0.0
2026-04-10 10:55:00-04:00,1.9329999685287476,1.934999942779541,1.9299999475479126,1.934999942779541,4194,0.0,0.0
2026-04-10 10:56:00-04:00,1.934999942779541,1.934999942779541,1.934999942779541,1.934999942779541,526,0.0,0.0
2026-04-10 10:57:00-04:00,1.9299999475479126,1.9399000406265259,1.9299999475479126,1.9399000406265259,21684,0.0,0.0
2026-04-10 10:58:00-04:00,1.934999942779541,1.934999942779541,1.934999942779541,1.934999942779541,230,0.0,0.0
2026-04-10 10:59:00-04:00,1.9365999698638916,1.9365999698638916,1.9365999698638916,1.9365999698638916,364,0.0,0.0
2026-04-10 11:00:00-04:00,1.936900019645691,1.936900019645691,1.934999942779541,1.934999942779541,1021,0.0,0.0
2026-04-10 11:01:00-04:00,1.934999942779541,1.934999942779541,1.934999942779541,1.934999942779541,1822,0.0,0.0
2026-04-10 11:03:00-04:00,1.934999942779541,1.934999942779541,1.9299999475479126,1.9299999475479126,42277,0.0,0.0
2026-04-10 11:04:00-04:00,1.9299999475479126,1.934999942779541,1.9249999523162842,1.9249999523162842,46251,0.0,0.0
2026-04-10 11:05:00-04:00,1.9299999475479126,1.934999942779541,1.9299999475479126,1.934999942779541,16184,0.0,0.0
2026-04-10 11:06:00-04:00,1.930299997329712,1.934999942779541,1.9299999475479126,1.934999942779541,13627,0.0,0.0
2026-04-10 11:07:00-04:00,1.930400013923645,1.9321999549865723,1.930400013923645,1.9321999549865723,1633,0.0,0.0
2026-04-10 11:08:00-04:00,1.9335999488830566,1.9335999488830566,1.9320000410079956,1.9320000410079956,1788,0.0,0.0
2026-04-10 11:09:00-04:00,1.934999942779541,1.934999942779541,1.934999942779541,1.934999942779541,927,0.0,0.0
2026-04-10 11:10:00-04:00,1.934999942779541,1.934999942779541,1.934999942779541,1.934999942779541,2309,0.0,0.0
2026-04-10 11:11:00-04:00,1.934999942779541,1.934999942779541,1.934999942779541,1.934999942779541,692,0.0,0.0
2026-04-10 11:12:00-04:00,1.9300999641418457,1.934999942779541,1.9299999475479126,1.930299997329712,16529,0.0,0.0
2026-04-10 11:13:00-04:00,1.9300999641418457,1.9399000406265259,1.9300999641418457,1.9399000406265259,2286,0.0,0.0
2026-04-10 11:14:00-04:00,1.9299999475479126,1.9299999475479126,1.9299999475479126,1.9299999475479126,15941,0.0,0.0
2026-04-10 11:15:00-04:00,1.9249999523162842,1.9249999523162842,1.9218000173568726,1.9218000173568726,4982,0.0,0.0
2026-04-10 11:16:00-04:00,1.9199999570846558,1.9199999570846558,1.9199999570846558,1.9199999570846558,1200,0.0,0.0
2026-04-10 11:17:00-04:00,1.9200999736785889,1.9200999736785889,1.9200999736785889,1.9200999736785889,583,0.0,0.0
2026-04-10 11:18:00-04:00,1.929900050163269,1.929900050163269,1.9200999736785889,1.9200999736785889,5531,0.0,0.0
2026-04-10 11:19:00-04:00,1.9249999523162842,1.929900050163269,1.9249999523162842,1.929900050163269,5343,0.0,0.0
2026-04-10 11:24:00-04:00,1.929900050163269,1.929900050163269,1.929900050163269,1.929900050163269,1034,0.0,0.0
2026-04-10 11:25:00-04:00,1.9299999475479126,1.9299999475479126,1.9299999475479126,1.9299999475479126,1056,0.0,0.0
2026-04-10 11:26:00-04:00,1.929900050163269,1.9299999475479126,1.929900050163269,1.9299999475479126,760,0.0,0.0
2026-04-10 11:28:00-04:00,1.9249999523162842,1.9249999523162842,1.9199999570846558,1.9199999570846558,1075,0.0,0.0
2026-04-10 11:29:00-04:00,1.9283000230789185,1.9299999475479126,1.9283000230789185,1.9299999475479126,757,0.0,0.0
2026-04-10 11:30:00-04:00,1.9249999523162842,1.9299999475479126,1.9249999523162842,1.9249999523162842,1554,0.0,0.0
2026-04-10 11:31:00-04:00,1.9199999570846558,1.9249999523162842,1.9199999570846558,1.9249999523162842,14626,0.0,0.0
2026-04-10 11:32:00-04:00,1.9297000169754028,1.9297000169754028,1.9297000169754028,1.9297000169754028,1048,0.0,0.0
2026-04-10 11:33:00-04:00,1.9199999570846558,1.9220999479293823,1.9199999570846558,1.9199999570846558,5797,0.0,0.0
2026-04-10 11:34:00-04:00,1.9249999523162842,1.9249999523162842,1.9249999523162842,1.9249999523162842,1155,0.0,0.0
2026-04-10 11:35:00-04:00,1.9249999523162842,1.9249999523162842,1.9199999570846558,1.9249999523162842,18651,0.0,0.0
2026-04-10 11:36:00-04:00,1.929900050163269,1.929900050163269,1.9249999523162842,1.9249999523162842,13349,0.0,0.0
2026-04-10 11:38:00-04:00,1.9264999628067017,1.9264999628067017,1.9249999523162842,1.9249999523162842,12691,0.0,0.0
2026-04-10 11:41:00-04:00,1.9234999418258667,1.9234999418258667,1.9234999418258667,1.9234999418258667,1362,0.0,0.0
2026-04-10 11:42:00-04:00,1.9220999479293823,1.9220999479293823,1.9220999479293823,1.9220999479293823,1332,0.0,0.0
2026-04-10 11:43:00-04:00,1.9199999570846558,1.929900050163269,1.9199999570846558,1.929900050163269,790,0.0,0.0
2026-04-10 11:44:00-04:00,1.9249999523162842,1.9249999523162842,1.9249999523162842,1.9249999523162842,2575,0.0,0.0
2026-04-10 11:45:00-04:00,1.9299999475479126,1.9299999475479126,1.9249999523162842,1.9249999523162842,1086,0.0,0.0
2026-04-10 11:46:00-04:00,1.9299999475479126,1.9299999475479126,1.9249999523162842,1.9299999475479126,2251,0.0,0.0
2026-04-10 11:47:00-04:00,1.9249999523162842,1.9299999475479126,1.9249999523162842,1.9299999475479126,4254,0.0,0.0
2026-04-10 11:49:00-04:00,1.9199999570846558,1.9225000143051147,1.9199999570846558,1.9225000143051147,1071,0.0,0.0
2026-04-10 11:50:00-04:00,1.9199999570846558,1.9199999570846558,1.9199999570846558,1.9199999570846558,337,0.0,0.0
2026-04-10 11:51:00-04:00,1.9199999570846558,1.9199999570846558,1.9199999570846558,1.9199999570846558,898,0.0,0.0
2026-04-10 11:52:00-04:00,1.9199999570846558,1.9249999523162842,1.9199999570846558,1.9199999570846558,26632,0.0,0.0
2026-04-10 11:53:00-04:00,1.9249999523162842,1.9249999523162842,1.9199999570846558,1.9249999523162842,18926,0.0,0.0
2026-04-10 11:54:00-04:00,1.9199999570846558,1.9199999570846558,1.9199999570846558,1.9199999570846558,3465,0.0,0.0
2026-04-10 11:55:00-04:00,1.9199999570846558,1.9199999570846558,1.9199999570846558,1.9199999570846558,685,0.0,0.0
2026-04-10 11:56:00-04:00,1.9220999479293823,1.9249999523162842,1.9220999479293823,1.9249999523162842,2598,0.0,0.0
2026-04-10 11:57:00-04:00,1.9199999570846558,1.9199999570846558,1.9199999570846558,1.9199999570846558,830,0.0,0.0
2026-04-10 11:58:00-04:00,1.9249999523162842,1.9249999523162842,1.9199999570846558,1.9199999570846558,873,0.0,0.0
2026-04-10 11:59:00-04:00,1.9199999570846558,1.9249999523162842,1.9199999570846558,1.9199999570846558,22078,0.0,0.0
2026-04-10 12:00:00-04:00,1.9199999570846558,1.9249999523162842,1.9199999570846558,1.9249999523162842,14333,0.0,0.0
2026-04-10 12:01:00-04:00,1.9199999570846558,1.9199999570846558,1.9199999570846558,1.9199999570846558,379,0.0,0.0
2026-04-10 12:02:00-04:00,1.9199999570846558,1.920199990272522,1.9199999570846558,1.920199990272522,734,0.0,0.0
2026-04-10 12:03:00-04:00,1.9199999570846558,1.920300006866455,1.9199999570846558,1.920300006866455,3073,0.0,0.0
2026-04-10 12:04:00-04:00,1.9200999736785889,1.9200999736785889,1.9199999570846558,1.9199999570846558,1000,0.0,0.0
2026-04-10 12:05:00-04:00,1.9199999570846558,1.9299999475479126,1.9199999570846558,1.9249999523162842,1119,0.0,0.0
2026-04-10 12:06:00-04:00,1.9199999570846558,1.9199999570846558,1.9199999570846558,1.9199999570846558,423,0.0,0.0
2026-04-10 12:07:00-04:00,1.9249999523162842,1.9249999523162842,1.9249999523162842,1.9249999523162842,445,0.0,0.0
2026-04-10 12:08:00-04:00,1.9199999570846558,1.9249999523162842,1.9199999570846558,1.9249999523162842,10537,0.0,0.0
2026-04-10 12:09:00-04:00,1.9219000339508057,1.9219000339508057,1.9219000339508057,1.9219000339508057,5225,0.0,0.0
2026-04-10 12:10:00-04:00,1.9199999570846558,1.9299999475479126,1.9199999570846558,1.920300006866455,94702,0.0,0.0
2026-04-10 12:11:00-04:00,1.9199999570846558,1.9249999523162842,1.9199999570846558,1.9199999570846558,111982,0.0,0.0
2026-04-10 12:12:00-04:00,1.9199999570846558,1.9299999475479126,1.9199999570846558,1.9199999570846558,119234,0.0,0.0
2026-04-10 12:13:00-04:00,1.9211000204086304,1.9249999523162842,1.9199999570846558,1.9199999570846558,120166,0.0,0.0
2026-04-10 12:14:00-04:00,1.9200999736785889,1.9299999475479126,1.9199999570846558,1.920300006866455,124285,0.0,0.0
2026-04-10 12:15:00-04:00,1.9249999523162842,1.9249999523162842,1.9199999570846558,1.9215999841690063,192109,0.0,0.0
2026-04-10 12:16:00-04:00,1.9199999570846558,1.9299999475479126,1.9149999618530273,1.9179999828338623,174741,0.0,0.0
2026-04-10 12:17:00-04:00,1.910099983215332,1.9149999618530273,1.910099983215332,1.9149999618530273,7089,0.0,0.0
2026-04-10 12:18:00-04:00,1.9174000024795532,1.9198999404907227,1.909999966621399,1.9110000133514404,107772,0.0,0.0
2026-04-10 12:19:00-04:00,1.909999966621399,1.9149999618530273,1.909999966621399,1.910099983215332,62937,0.0,0.0
2026-04-10 12:20:00-04:00,1.910099983215332,1.910099983215332,1.910099983215332,1.910099983215332,5473,0.0,0.0
2026-04-10 12:21:00-04:00,1.9114999771118164,1.9149999618530273,1.909999966621399,1.9149999618530273,6322,0.0,0.0
2026-04-10 12:22:00-04:00,1.909999966621399,1.909999966621399,1.909999966621399,1.909999966621399,1778,0.0,0.0
2026-04-10 12:23:00-04:00,1.909999966621399,1.9149999618530273,1.9049999713897705,1.9049999713897705,26179,0.0,0.0
2026-04-10 12:24:00-04:00,1.9049999713897705,1.910099983215332,1.9049999713897705,1.910099983215332,46477,0.0,0.0
2026-04-10 12:25:00-04:00,1.9198999404907227,1.9198999404907227,1.9198999404907227,1.9198999404907227,4878,0.0,0.0
2026-04-10 12:27:00-04:00,1.9149999618530273,1.9149999618530273,1.9149999618530273,1.9149999618530273,1103,0.0,0.0
2026-04-10 12:28:00-04:00,1.9149999618530273,1.9149999618530273,1.9149999618530273,1.9149999618530273,2025,0.0,0.0
2026-04-10 12:30:00-04:00,1.9149999618530273,1.9149999618530273,1.909999966621399,1.909999966621399,1546,0.0,0.0
2026-04-10 12:31:00-04:00,1.9149999618530273,1.9149999618530273,1.9149999618530273,1.9149999618530273,2091,0.0,0.0
2026-04-10 12:32:00-04:00,1.9199999570846558,1.9199999570846558,1.9149999618530273,1.919800043106079,947,0.0,0.0
2026-04-10 12:33:00-04:00,1.9149999618530273,1.9149999618530273,1.909999966621399,1.9149999618530273,1990,0.0,0.0
2026-04-10 12:34:00-04:00,1.9199999570846558,1.9199999570846558,1.9149999618530273,1.9149999618530273,7280,0.0,0.0
2026-04-10 12:35:00-04:00,1.9149999618530273,1.9149999618530273,1.9149999618530273,1.9149999618530273,1400,0.0,0.0
2026-04-10 12:36:00-04:00,1.9149999618530273,1.9149999618530273,1.9149999618530273,1.9149999618530273,1834,0.0,0.0
2026-04-10 12:37:00-04:00,1.9149999618530273,1.9149999618530273,1.909999966621399,1.909999966621399,700,0.0,0.0
2026-04-10 12:38:00-04:00,1.9149999618530273,1.9149999618530273,1.9149999618530273,1.9149999618530273,623,0.0,0.0
2026-04-10 12:39:00-04:00,1.909999966621399,1.9149999618530273,1.909999966621399,1.9149999618530273,12402,0.0,0.0
2026-04-10 12:40:00-04:00,1.9199999570846558,1.9199999570846558,1.9149999618530273,1.9149999618530273,949,0.0,0.0
2026-04-10 12:41:00-04:00,1.909999966621399,1.909999966621399,1.9049999713897705,1.9049999713897705,34195,0.0,0.0
2026-04-10 12:42:00-04:00,1.899999976158142,1.9049999713897705,1.899999976158142,1.9049999713897705,1096,0.0,0.0
2026-04-10 12:43:00-04:00,1.9049999713897705,1.9078999757766724,1.9049999713897705,1.9078999757766724,1804,0.0,0.0
2026-04-10 12:45:00-04:00,1.909999966621399,1.909999966621399,1.9049999713897705,1.9068000316619873,5216,0.0,0.0
2026-04-10 12:46:00-04:00,1.9049999713897705,1.9049999713897705,1.9049999713897705,1.9049999713897705,1886,0.0,0.0
2026-04-10 12:47:00-04:00,1.9049999713897705,1.9049999713897705,1.899999976158142,1.9049999713897705,2464,0.0,0.0
2026-04-10 12:48:00-04:00,1.909999966621399,1.909999966621399,1.9049999713897705,1.9049999713897705,3613,0.0,0.0
2026-04-10 12:49:00-04:00,1.9049999713897705,1.9149999618530273,1.9049999713897705,1.909999966621399,20552,0.0,0.0
2026-04-10 12:50:00-04:00,1.9149999618530273,1.9149999618530273,1.909999966621399,1.909999966621399,2756,0.0,0.0
2026-04-10 12:51:00-04:00,1.909999966621399,1.9149999618530273,1.909999966621399,1.9149999618530273,3659,0.0,0.0
2026-04-10 12:52:00-04:00,1.9149999618530273,1.9199999570846558,1.9149999618530273,1.9199999570846558,2191,0.0,0.0
2026-04-10 12:53:00-04:00,1.9149999618530273,1.9199999570846558,1.9149999618530273,1.9149999618530273,1426,0.0,0.0
2026-04-10 12:54:00-04:00,1.9199999570846558,1.9199999570846558,1.9149999618530273,1.9149999618530273,1584,0.0,0.0
2026-04-10 12:55:00-04:00,1.9199999570846558,1.9199999570846558,1.9149999618530273,1.9149999618530273,600,0.0,0.0
2026-04-10 12:56:00-04:00,1.9149999618530273,1.9199999570846558,1.909999966621399,1.909999966621399,2280,0.0,0.0
2026-04-10 12:57:00-04:00,1.9149999618530273,1.9199999570846558,1.9149999618530273,1.9149999618530273,4327,0.0,0.0
2026-04-10 12:58:00-04:00,1.910099983215332,1.9199999570846558,1.910099983215332,1.9149999618530273,1601,0.0,0.0
2026-04-10 12:59:00-04:00,1.9199999570846558,1.9199999570846558,1.9149999618530273,1.9149999618530273,8084,0.0,0.0
2026-04-10 13:00:00-04:00,1.9149999618530273,1.9199999570846558,1.9149999618530273,1.9149999618530273,997,0.0,0.0
2026-04-10 13:01:00-04:00,1.9178999662399292,1.9199999570846558,1.9149999618530273,1.9199999570846558,1940,0.0,0.0
2026-04-10 13:02:00-04:00,1.9149999618530273,1.9199999570846558,1.909999966621399,1.9149999618530273,1970,0.0,0.0
2026-04-10 13:03:00-04:00,1.9149999618530273,1.9199999570846558,1.909999966621399,1.9199999570846558,840,0.0,0.0
2026-04-10 13:04:00-04:00,1.9149999618530273,1.9199999570846558,1.909999966621399,1.9199999570846558,2706,0.0,0.0
2026-04-10 13:05:00-04:00,1.9149999618530273,1.9149999618530273,1.909999966621399,1.9149999618530273,4240,0.0,0.0
2026-04-10 13:06:00-04:00,1.9199999570846558,1.9199999570846558,1.9149999618530273,1.9149999618530273,2189,0.0,0.0
2026-04-10 13:07:00-04:00,1.9149999618530273,1.9199999570846558,1.909999966621399,1.9199999570846558,1820,0.0,0.0
2026-04-10 13:08:00-04:00,1.909999966621399,1.9199999570846558,1.909999966621399,1.909999966621399,13627,0.0,0.0
2026-04-10 13:09:00-04:00,1.9122999906539917,1.9199999570846558,1.909999966621399,1.909999966621399,84113,0.0,0.0
2026-04-10 13:10:00-04:00,1.9134999513626099,1.9199999570846558,1.909999966621399,1.9120999574661255,100801,0.0,0.0
2026-04-10 13:11:00-04:00,1.9149999618530273,1.9199999570846558,1.909999966621399,1.909999966621399,92756,0.0,0.0
2026-04-10 13:12:00-04:00,1.9149999618530273,1.9199999570846558,1.909999966621399,1.910099983215332,99594,0.0,0.0
2026-04-10 13:13:00-04:00,1.9149999618530273,1.9199999570846558,1.909999966621399,1.9199999570846558,3646,0.0,0.0
2026-04-10 13:14:00-04:00,1.9199999570846558,1.9199999570846558,1.909999966621399,1.9149999618530273,2118,0.0,0.0
2026-04-10 13:15:00-04:00,1.9149999618530273,1.9199999570846558,1.909999966621399,1.909999966621399,460,0.0,0.0
2026-04-10 13:16:00-04:00,1.9149999618530273,1.9199999570846558,1.909999966621399,1.9199999570846558,5103,0.0,0.0
2026-04-10 13:17:00-04:00,1.9149999618530273,1.9199999570846558,1.909999966621399,1.909999966621399,8477,0.0,0.0
2026-04-10 13:18:00-04:00,1.909999966621399,1.9199999570846558,1.909999966621399,1.9119999408721924,3297,0.0,0.0
2026-04-10 13:19:00-04:00,1.919100046157837,1.9199999570846558,1.9149999618530273,1.9149999618530273,3392,0.0,0.0
2026-04-10 13:20:00-04:00,1.9149999618530273,1.9199999570846558,1.909999966621399,1.9149999618530273,38139,0.0,0.0
2026-04-10 13:21:00-04:00,1.9199999570846558,1.9199999570846558,1.9199999570846558,1.9199999570846558,1138,0.0,0.0
2026-04-10 13:22:00-04:00,1.9199999570846558,1.9199999570846558,1.909999966621399,1.9149999618530273,2605,0.0,0.0
2026-04-10 13:23:00-04:00,1.9199999570846558,1.9199999570846558,1.909999966621399,1.909999966621399,2288,0.0,0.0
2026-04-10 13:24:00-04:00,1.9199999570846558,1.9199999570846558,1.9149999618530273,1.9149999618530273,1505,0.0,0.0
2026-04-10 13:25:00-04:00,1.9199999570846558,1.9199999570846558,1.9199999570846558,1.9199999570846558,1262,0.0,0.0
2026-04-10 13:26:00-04:00,1.909999966621399,1.9199999570846558,1.909999966621399,1.9149999618530273,670,0.0,0.0
2026-04-10 13:27:00-04:00,1.9199999570846558,1.9199999570846558,1.9149999618530273,1.9149999618530273,580,0.0,0.0
2026-04-10 13:28:00-04:00,1.9199999570846558,1.9199999570846558,1.9149999618530273,1.9149999618530273,883,0.0,0.0
2026-04-10 13:29:00-04:00,1.9199999570846558,1.9199999570846558,1.9149999618530273,1.9149999618530273,865,0.0,0.0
2026-04-10 13:30:00-04:00,1.9199999570846558,1.9199999570846558,1.9149999618530273,1.9149999618530273,832,0.0,0.0
2026-04-10 13:31:00-04:00,1.9149999618530273,1.9199999570846558,1.909999966621399,1.909999966621399,1815,0.0,0.0
2026-04-10 13:32:00-04:00,1.9199999570846558,1.9199999570846558,1.909999966621399,1.909999966621399,705,0.0,0.0
2026-04-10 13:33:00-04:00,1.9149999618530273,1.9199999570846558,1.9149999618530273,1.9199999570846558,1838,0.0,0.0
2026-04-10 13:34:00-04:00,1.9198999404907227,1.9198999404907227,1.9198999404907227,1.9198999404907227,240,0.0,0.0
2026-04-10 13:35:00-04:00,1.9199999570846558,1.9199999570846558,1.9149999618530273,1.9199999570846558,1675,0.0,0.0
2026-04-10 13:36:00-04:00,1.9149999618530273,1.9198999404907227,1.9149999618530273,1.9149999618530273,4132,0.0,0.0
2026-04-10 13:37:00-04:00,1.9199999570846558,1.9199999570846558,1.909999966621399,1.9199999570846558,2459,0.0,0.0
2026-04-10 13:38:00-04:00,1.9149999618530273,1.9199999570846558,1.909999966621399,1.9199999570846558,1872,0.0,0.0
2026-04-10 13:39:00-04:00,1.9149999618530273,1.9199999570846558,1.9149999618530273,1.9199999570846558,3594,0.0,0.0
2026-04-10 13:40:00-04:00,1.9184000492095947,1.9199999570846558,1.9184000492095947,1.9199999570846558,1300,0.0,0.0
2026-04-10 13:41:00-04:00,1.9199999570846558,1.9199999570846558,1.9199999570846558,1.9199999570846558,870,0.0,0.0
2026-04-10 13:42:00-04:00,1.9149999618530273,1.9199999570846558,1.9149999618530273,1.9199999570846558,2026,0.0,0.0
2026-04-10 13:43:00-04:00,1.9149999618530273,1.9199999570846558,1.9149999618530273,1.9199999570846558,864,0.0,0.0
2026-04-10 13:44:00-04:00,1.9149999618530273,1.9199999570846558,1.9149999618530273,1.9199999570846558,1495,0.0,0.0
2026-04-10 13:45:00-04:00,1.9149999618530273,1.9199999570846558,1.9149999618530273,1.9149999618530273,6241,0.0,0.0
2026-04-10 13:46:00-04:00,1.9199999570846558,1.9199999570846558,1.9149999618530273,1.9199999570846558,2040,0.0,0.0
2026-04-10 13:47:00-04:00,1.9149999618530273,1.9199999570846558,1.9110000133514404,1.9199999570846558,2993,0.0,0.0
2026-04-10 13:48:00-04:00,1.9199999570846558,1.9199999570846558,1.9149999618530273,1.9149999618530273,427,0.0,0.0
2026-04-10 13:49:00-04:00,1.9184999465942383,1.9199999570846558,1.909999966621399,1.909999966621399,4591,0.0,0.0
2026-04-10 13:50:00-04:00,1.9149999618530273,1.9199999570846558,1.9149999618530273,1.9199999570846558,2643,0.0,0.0
2026-04-10 13:51:00-04:00,1.9199999570846558,1.9199999570846558,1.9199999570846558,1.9199999570846558,741,0.0,0.0
2026-04-10 13:52:00-04:00,1.9149999618530273,1.9199999570846558,1.9149999618530273,1.9199999570846558,1507,0.0,0.0
2026-04-10 13:53:00-04:00,1.9198999404907227,1.9199999570846558,1.9149999618530273,1.9149999618530273,1687,0.0,0.0
2026-04-10 13:54:00-04:00,1.9149999618530273,1.9199999570846558,1.9149999618530273,1.9199999570846558,1696,0.0,0.0
2026-04-10 13:55:00-04:00,1.9199999570846558,1.9199999570846558,1.9149999618530273,1.9199999570846558,2390,0.0,0.0
2026-04-10 13:56:00-04:00,1.9149999618530273,1.9199999570846558,1.9149999618530273,1.9199999570846558,895,0.0,0.0
2026-04-10 13:57:00-04:00,1.9199999570846558,1.9199999570846558,1.9199999570846558,1.9199999570846558,1178,0.0,0.0
2026-04-10 13:58:00-04:00,1.9149999618530273,1.9199999570846558,1.9149999618530273,1.9199999570846558,1352,0.0,0.0
2026-04-10 13:59:00-04:00,1.9199999570846558,1.9199999570846558,1.9120999574661255,1.9149999618530273,8052,0.0,0.0
2026-04-10 14:00:00-04:00,1.9199999570846558,1.9199999570846558,1.9199999570846558,1.9199999570846558,4844,0.0,0.0
2026-04-10 14:01:00-04:00,1.909999966621399,1.9199999570846558,1.909999966621399,1.9199999570846558,770,0.0,0.0
2026-04-10 14:02:00-04:00,1.9199999570846558,1.9199999570846558,1.9199999570846558,1.9199999570846558,1213,0.0,0.0
2026-04-10 14:03:00-04:00,1.9199999570846558,1.9199999570846558,1.9199999570846558,1.9199999570846558,793,0.0,0.0
2026-04-10 14:04:00-04:00,1.9199999570846558,1.9199999570846558,1.909999966621399,1.910099983215332,5692,0.0,0.0
2026-04-10 14:05:00-04:00,1.9199999570846558,1.9199999570846558,1.9149999618530273,1.9149999618530273,7662,0.0,0.0
2026-04-10 14:06:00-04:00,1.909999966621399,1.9199999570846558,1.909999966621399,1.9149999618530273,0,0.0,0.0
2026-04-10 14:07:00-04:00,1.9151999950408936,1.9151999950408936,1.9149999618530273,1.9149999618530273,9348,0.0,0.0
2026-04-10 14:08:00-04:00,1.9199999570846558,1.9199999570846558,1.9149999618530273,1.9199999570846558,4180,0.0,0.0
2026-04-10 14:09:00-04:00,1.910099983215332,1.9199999570846558,1.910099983215332,1.9149999618530273,1472,0.0,0.0
2026-04-10 14:10:00-04:00,1.9149999618530273,1.9199999570846558,1.9149999618530273,1.9199999570846558,2156,0.0,0.0
2026-04-10 14:11:00-04:00,1.9199999570846558,1.9199999570846558,1.9149999618530273,1.9149999618530273,3172,0.0,0.0
2026-04-10 14:12:00-04:00,1.9149999618530273,1.9199999570846558,1.9149999618530273,1.9149999618530273,0,0.0,0.0
2026-04-10 14:13:00-04:00,1.9199999570846558,1.9199999570846558,1.9199999570846558,1.9199999570846558,571,0.0,0.0
2026-04-10 14:14:00-04:00,1.9199999570846558,1.9199999570846558,1.9199999570846558,1.9199999570846558,337,0.0,0.0
2026-04-10 14:15:00-04:00,1.9149999618530273,1.9199999570846558,1.9149999618530273,1.9149999618530273,59685,0.0,0.0
2026-04-10 14:16:00-04:00,1.9199999570846558,1.9199999570846558,1.9149999618530273,1.9149999618530273,748,0.0,0.0
2026-04-10 14:17:00-04:00,1.9199999570846558,1.9199999570846558,1.9149999618530273,1.9149999618530273,22833,0.0,0.0
2026-04-10 14:18:00-04:00,1.9149999618530273,1.9249999523162842,1.9149999618530273,1.9249999523162842,46046,0.0,0.0
2026-04-10 14:19:00-04:00,1.9299999475479126,1.9299999475479126,1.9249999523162842,1.9249999523162842,6087,0.0,0.0
2026-04-10 14:20:00-04:00,1.9299999475479126,1.9299999475479126,1.9249999523162842,1.9249999523162842,3551,0.0,0.0
2026-04-10 14:21:00-04:00,1.9299999475479126,1.9299999475479126,1.9299999475479126,1.9299999475479126,906,0.0,0.0
2026-04-10 14:22:00-04:00,1.9249999523162842,1.9299999475479126,1.9249999523162842,1.9299999475479126,1098,0.0,0.0
2026-04-10 14:23:00-04:00,1.9299999475479126,1.9299999475479126,1.9299999475479126,1.9299999475479126,995,0.0,0.0
2026-04-10 14:24:00-04:00,1.9299999475479126,1.9299999475479126,1.9299999475479126,1.9299999475479126,127,0.0,0.0
2026-04-10 14:25:00-04:00,1.9299999475479126,1.9299999475479126,1.9299999475479126,1.9299999475479126,367,0.0,0.0
2026-04-10 14:26:00-04:00,1.9299999475479126,1.9299999475479126,1.9249999523162842,1.9249999523162842,301,0.0,0.0
2026-04-10 14:27:00-04:00,1.9249999523162842,1.9299999475479126,1.9249999523162842,1.9299999475479126,5617,0.0,0.0
2026-04-10 14:28:00-04:00,1.9299999475479126,1.9299999475479126,1.9299999475479126,1.9299999475479126,220,0.0,0.0
2026-04-10 14:29:00-04:00,1.9299999475479126,1.9299999475479126,1.9299999475479126,1.9299999475479126,718,0.0,0.0
2026-04-10 14:30:00-04:00,1.9299999475479126,1.940000057220459,1.9249999523162842,1.9299999475479126,242213,0.0,0.0
2026-04-10 14:31:00-04:00,1.9249999523162842,1.9249999523162842,1.9249999523162842,1.9249999523162842,5933,0.0,0.0
2026-04-10 14:32:00-04:00,1.9200999736785889,1.9200999736785889,1.9200999736785889,1.9200999736785889,3233,0.0,0.0
2026-04-10 14:33:00-04:00,1.9265999794006348,1.9299999475479126,1.9249999523162842,1.9299999475479126,5006,0.0,0.0
2026-04-10 14:34:00-04:00,1.9249999523162842,1.926900029182434,1.9234000444412231,1.9234000444412231,7394,0.0,0.0
2026-04-10 14:35:00-04:00,1.9247000217437744,1.9247000217437744,1.9247000217437744,1.9247000217437744,843,0.0,0.0
2026-04-10 14:36:00-04:00,1.9249999523162842,1.9249999523162842,1.9199999570846558,1.9199999570846558,49444,0.0,0.0
2026-04-10 14:37:00-04:00,1.9149999618530273,1.9149999618530273,1.909999966621399,1.9149999618530273,14590,0.0,0.0
2026-04-10 14:38:00-04:00,1.9149999618530273,1.9149999618530273,1.9149999618530273,1.9149999618530273,1664,0.0,0.0
2026-04-10 14:39:00-04:00,1.9149999618530273,1.9149999618530273,1.9149999618530273,1.9149999618530273,1750,0.0,0.0
2026-04-10 14:40:00-04:00,1.909999966621399,1.9149999618530273,1.909999966621399,1.9149999618530273,22394,0.0,0.0
2026-04-10 14:41:00-04:00,1.9149999618530273,1.9149999618530273,1.909999966621399,1.9117000102996826,2763,0.0,0.0
2026-04-10 14:42:00-04:00,1.909999966621399,1.909999966621399,1.9049999713897705,1.9049999713897705,87329,0.0,0.0
2026-04-10 14:43:00-04:00,1.9049999713897705,1.9049999713897705,1.9049999713897705,1.9049999713897705,1338,0.0,0.0
2026-04-10 14:44:00-04:00,1.9049999713897705,1.9098999500274658,1.9049999713897705,1.9049999713897705,12975,0.0,0.0
2026-04-10 14:45:00-04:00,1.9049999713897705,1.9049999713897705,1.9049999713897705,1.9049999713897705,1144,0.0,0.0
2026-04-10 14:46:00-04:00,1.909999966621399,1.909999966621399,1.9049999713897705,1.9049999713897705,19663,0.0,0.0
2026-04-10 14:47:00-04:00,1.9049999713897705,1.9084999561309814,1.9049999713897705,1.9084999561309814,1384,0.0,0.0
2026-04-10 14:48:00-04:00,1.9049999713897705,1.9049999713897705,1.9049999713897705,1.9049999713897705,972,0.0,0.0
2026-04-10 14:49:00-04:00,1.9049999713897705,1.9049999713897705,1.9026000499725342,1.9049999713897705,18628,0.0,0.0
2026-04-10 14:50:00-04:00,1.9049999713897705,1.9049999713897705,1.9049999713897705,1.9049999713897705,1163,0.0,0.0
2026-04-10 14:51:00-04:00,1.9049999713897705,1.9049999713897705,1.9049999713897705,1.9049999713897705,5855,0.0,0.0
2026-04-10 14:52:00-04:00,1.9049999713897705,1.909999966621399,1.9049999713897705,1.909999966621399,975,0.0,0.0
2026-04-10 14:53:00-04:00,1.9049999713897705,1.909999966621399,1.9049999713897705,1.909999966621399,4031,0.0,0.0
2026-04-10 14:54:00-04:00,1.9049999713897705,1.909999966621399,1.9049999713897705,1.909999966621399,14763,0.0,0.0
2026-04-10 14:55:00-04:00,1.909999966621399,1.909999966621399,1.9049999713897705,1.9049999713897705,56099,0.0,0.0
2026-04-10 14:56:00-04:00,1.909999966621399,1.909999966621399,1.9097000360488892,1.9098999500274658,1790,0.0,0.0
2026-04-10 14:57:00-04:00,1.9049999713897705,1.909999966621399,1.9049999713897705,1.9049999713897705,3463,0.0,0.0
2026-04-10 14:58:00-04:00,1.909999966621399,1.909999966621399,1.9049999713897705,1.9049999713897705,1181,0.0,0.0
2026-04-10 14:59:00-04:00,1.9049999713897705,1.909999966621399,1.9049999713897705,1.9049999713897705,2451,0.0,0.0
2026-04-10 15:00:00-04:00,1.909999966621399,1.9149999618530273,1.9049999713897705,1.9149999618530273,56376,0.0,0.0
2026-04-10 15:01:00-04:00,1.9149999618530273,1.9199999570846558,1.9149999618530273,1.9149999618530273,4148,0.0,0.0
2026-04-10 15:02:00-04:00,1.909999966621399,1.9199999570846558,1.909999966621399,1.9199999570846558,2043,0.0,0.0
2026-04-10 15:03:00-04:00,1.9199999570846558,1.9199999570846558,1.9117000102996826,1.9199999570846558,1793,0.0,0.0
2026-04-10 15:04:00-04:00,1.9149999618530273,1.9199999570846558,1.9149999618530273,1.9199999570846558,6500,0.0,0.0
2026-04-10 15:05:00-04:00,1.9149999618530273,1.9199999570846558,1.9149999618530273,1.9199999570846558,220,0.0,0.0
2026-04-10 15:06:00-04:00,1.9149999618530273,1.9199999570846558,1.9149999618530273,1.9149999618530273,2659,0.0,0.0
2026-04-10 15:07:00-04:00,1.9199999570846558,1.9199999570846558,1.9149999618530273,1.9199999570846558,696,0.0,0.0
2026-04-10 15:08:00-04:00,1.9149999618530273,1.9199999570846558,1.9149999618530273,1.9199999570846558,1671,0.0,0.0
2026-04-10 15:09:00-04:00,1.9153000116348267,1.9199999570846558,1.9149999618530273,1.9149999618530273,4086,0.0,0.0
2026-04-10 15:10:00-04:00,1.9199999570846558,1.9199999570846558,1.9149999618530273,1.9149999618530273,1481,0.0,0.0
2026-04-10 15:11:00-04:00,1.9199999570846558,1.9199999570846558,1.9149999618530273,1.9149999618530273,1968,0.0,0.0
2026-04-10 15:12:00-04:00,1.9199999570846558,1.9199999570846558,1.9149999618530273,1.916599988937378,14900,0.0,0.0
2026-04-10 15:13:00-04:00,1.9149999618530273,1.9199999570846558,1.9149999618530273,1.9199999570846558,1930,0.0,0.0
2026-04-10 15:14:00-04:00,1.9199999570846558,1.9199999570846558,1.9149999618530273,1.9199999570846558,1126,0.0,0.0
2026-04-10 15:15:00-04:00,1.9149999618530273,1.9199999570846558,1.9149999618530273,1.9199999570846558,817,0.0,0.0
2026-04-10 15:16:00-04:00,1.9149999618530273,1.9199999570846558,1.9149999618530273,1.9149999618530273,1735,0.0,0.0
2026-04-10 15:17:00-04:00,1.9199999570846558,1.9199999570846558,1.9149999618530273,1.9199999570846558,1177,0.0,0.0
2026-04-10 15:18:00-04:00,1.9149999618530273,1.9199999570846558,1.910099983215332,1.9199999570846558,999,0.0,0.0
2026-04-10 15:19:00-04:00,1.9199999570846558,1.9199999570846558,1.9149999618530273,1.9149999618530273,11637,0.0,0.0
2026-04-10 15:20:00-04:00,1.9199999570846558,1.9199999570846558,1.9149999618530273,1.9199999570846558,7834,0.0,0.0
2026-04-10 15:21:00-04:00,1.9199999570846558,1.9199999570846558,1.910099983215332,1.9149999618530273,7133,0.0,0.0
2026-04-10 15:22:00-04:00,1.9149999618530273,1.9199999570846558,1.9149999618530273,1.9149999618530273,3457,0.0,0.0
2026-04-10 15:23:00-04:00,1.9198999404907227,1.9199999570846558,1.9149999618530273,1.9149999618530273,3423,0.0,0.0
2026-04-10 15:24:00-04:00,1.9199999570846558,1.9199999570846558,1.9149999618530273,1.9199999570846558,1841,0.0,0.0
2026-04-10 15:25:00-04:00,1.9199999570846558,1.9199999570846558,1.909999966621399,1.909999966621399,6172,0.0,0.0
2026-04-10 15:26:00-04:00,1.9199999570846558,1.9199999570846558,1.9199999570846558,1.9199999570846558,5544,0.0,0.0
2026-04-10 15:27:00-04:00,1.9199999570846558,1.9199999570846558,1.9149999618530273,1.9149999618530273,2017,0.0,0.0
2026-04-10 15:28:00-04:00,1.9149999618530273,1.9199999570846558,1.9149999618530273,1.9199999570846558,1785,0.0,0.0
2026-04-10 15:29:00-04:00,1.9199999570846558,1.9199999570846558,1.9199999570846558,1.9199999570846558,6696,0.0,0.0
2026-04-10 15:30:00-04:00,1.9199999570846558,1.9199999570846558,1.9149999618530273,1.9149999618530273,1362,0.0,0.0
2026-04-10 15:31:00-04:00,1.9199999570846558,1.9199999570846558,1.9149999618530273,1.9199999570846558,19168,0.0,0.0
2026-04-10 15:32:00-04:00,1.9199999570846558,1.9199999570846558,1.9199999570846558,1.9199999570846558,1813,0.0,0.0
2026-04-10 15:33:00-04:00,1.9199999570846558,1.9199999570846558,1.9149999618530273,1.9199999570846558,2837,0.0,0.0
2026-04-10 15:34:00-04:00,1.9199999570846558,1.9199999570846558,1.9149999618530273,1.9149999618530273,19561,0.0,0.0
2026-04-10 15:35:00-04:00,1.9199999570846558,1.9199999570846558,1.9149999618530273,1.9198999404907227,53039,0.0,0.0
2026-04-10 15:36:00-04:00,1.9199999570846558,1.9249999523162842,1.9149999618530273,1.9249999523162842,85793,0.0,0.0
2026-04-10 15:37:00-04:00,1.9249999523162842,1.9299999475479126,1.9199999570846558,1.9299999475479126,20005,0.0,0.0
2026-04-10 15:38:00-04:00,1.9249999523162842,1.9299999475479126,1.9249999523162842,1.9299999475479126,5913,0.0,0.0
2026-04-10 15:39:00-04:00,1.9249999523162842,1.9299999475479126,1.9249999523162842,1.9299999475479126,8213,0.0,0.0
2026-04-10 15:40:00-04:00,1.9249999523162842,1.9299999475479126,1.9249999523162842,1.9299999475479126,5467,0.0,0.0
2026-04-10 15:41:00-04:00,1.9249999523162842,1.9299999475479126,1.9199999570846558,1.9299999475479126,2087,0.0,0.0
2026-04-10 15:42:00-04:00,1.929900050163269,1.9299999475479126,1.9199999570846558,1.9249999523162842,1776,0.0,0.0
2026-04-10 15:43:00-04:00,1.9299999475479126,1.9299999475479126,1.9199999570846558,1.9199999570846558,16151,0.0,0.0
2026-04-10 15:44:00-04:00,1.9299999475479126,1.9299999475479126,1.9199999570846558,1.9299999475479126,1600,0.0,0.0
2026-04-10 15:45:00-04:00,1.9249999523162842,1.9299999475479126,1.9249999523162842,1.9299999475479126,4926,0.0,0.0
2026-04-10 15:46:00-04:00,1.9249999523162842,1.9299999475479126,1.9249999523162842,1.9299999475479126,2818,0.0,0.0
2026-04-10 15:47:00-04:00,1.9299999475479126,1.9299999475479126,1.9223999977111816,1.9299999475479126,6157,0.0,0.0
2026-04-10 15:48:00-04:00,1.9299999475479126,1.9299999475479126,1.9199999570846558,1.9299999475479126,1672,0.0,0.0
2026-04-10 15:49:00-04:00,1.9249999523162842,1.9299999475479126,1.9199999570846558,1.9299999475479126,2809,0.0,0.0
2026-04-10 15:50:00-04:00,1.9299999475479126,1.9299999475479126,1.9199999570846558,1.9299999475479126,35784,0.0,0.0
2026-04-10 15:51:00-04:00,1.9299999475479126,1.9299999475479126,1.9199999570846558,1.9199999570846558,2107,0.0,0.0
2026-04-10 15:52:00-04:00,1.9299999475479126,1.9299999475479126,1.9199999570846558,1.9199999570846558,3794,0.0,0.0
2026-04-10 15:53:00-04:00,1.9299999475479126,1.9299999475479126,1.9199999570846558,1.9208999872207642,12261,0.0,0.0
2026-04-10 15:54:00-04:00,1.9249999523162842,1.9299999475479126,1.9249999523162842,1.9299999475479126,11359,0.0,0.0
2026-04-10 15:55:00-04:00,1.9249999523162842,1.9299999475479126,1.9199999570846558,1.9199999570846558,6555,0.0,0.0
2026-04-10 15:56:00-04:00,1.9249999523162842,1.9299999475479126,1.9199999570846558,1.9249999523162842,37284,0.0,0.0
2026-04-10 15:57:00-04:00,1.9249999523162842,1.9299999475479126,1.9199999570846558,1.9199999570846558,22861,0.0,0.0
2026-04-10 15:58:00-04:00,1.9299999475479126,1.9299999475479126,1.9199999570846558,1.9299999475479126,19723,0.0,0.0
2026-04-10 15:59:00-04:00,1.9199999570846558,1.9299999475479126,1.9199999570846558,1.9249999523162842,80899,0.0,0.0
2026-04-13 09:30:00-04:00,1.8739999532699585,1.8899999856948853,1.8739999532699585,1.8899999856948853,88004,0.0,0.0
2026-04-13 09:31:00-04:00,1.8849999904632568,1.8949999809265137,1.8799999952316284,1.8889000415802002,95704,0.0,0.0
2026-04-13 09:32:00-04:00,1.8849999904632568,1.8849999904632568,1.8849999904632568,1.8849999904632568,2526,0.0,0.0
2026-04-13 09:33:00-04:00,1.8899999856948853,1.8899999856948853,1.8799999952316284,1.8849999904632568,5567,0.0,0.0
2026-04-13 09:34:00-04:00,1.8849999904632568,1.8899999856948853,1.8849999904632568,1.8898999691009521,5463,0.0,0.0
2026-04-13 09:35:00-04:00,1.8849999904632568,1.8898999691009521,1.8849999904632568,1.8898999691009521,1951,0.0,0.0
2026-04-13 09:36:00-04:00,1.882200002670288,1.8899999856948853,1.882200002670288,1.8899999856948853,2194,0.0,0.0
2026-04-13 09:37:00-04:00,1.8801000118255615,1.882200002670288,1.8799999952316284,1.882200002670288,1924,0.0,0.0
2026-04-13 09:38:00-04:00,1.8801000118255615,1.8849999904632568,1.8801000118255615,1.8849999904632568,3244,0.0,0.0
2026-04-13 09:40:00-04:00,1.8799999952316284,1.8899999856948853,1.8799999952316284,1.8899999856948853,49733,0.0,0.0
2026-04-13 09:42:00-04:00,1.884600043296814,1.884600043296814,1.884600043296814,1.884600043296814,2863,0.0,0.0
2026-04-13 09:43:00-04:00,1.8801000118255615,1.8898999691009521,1.8801000118255615,1.8849999904632568,1951,0.0,0.0
2026-04-13 09:44:00-04:00,1.8831000328063965,1.8849999904632568,1.8831000328063965,1.8849999904632568,2671,0.0,0.0
2026-04-13 09:45:00-04:00,1.8849999904632568,1.8849999904632568,1.8849999904632568,1.8849999904632568,4078,0.0,0.0
2026-04-13 09:46:00-04:00,1.8849999904632568,1.8899999856948853,1.8799999952316284,1.8849999904632568,82611,0.0,0.0
2026-04-13 09:47:00-04:00,1.8799999952316284,1.8899999856948853,1.8799999952316284,1.8849999904632568,30067,0.0,0.0
2026-04-13 09:48:00-04:00,1.8898999691009521,1.899999976158142,1.8799999952316284,1.8899999856948853,138528,0.0,0.0
2026-04-13 09:49:00-04:00,1.8960000276565552,1.8960000276565552,1.8899999856948853,1.8949999809265137,3216,0.0,0.0
2026-04-13 09:50:00-04:00,1.899999976158142,1.9098999500274658,1.899999976158142,1.9049999713897705,9379,0.0,0.0
2026-04-13 09:51:00-04:00,1.909999966621399,1.909999966621399,1.9098999500274658,1.9098999500274658,9443,0.0,0.0
2026-04-13 09:52:00-04:00,1.9049999713897705,1.909999966621399,1.9000999927520752,1.9098999500274658,3757,0.0,0.0
2026-04-13 09:53:00-04:00,1.9049999713897705,1.9049999713897705,1.9021999835968018,1.9021999835968018,7253,0.0,0.0
2026-04-13 09:54:00-04:00,1.9049999713897705,1.9049999713897705,1.9049999713897705,1.9049999713897705,2339,0.0,0.0
2026-04-13 09:55:00-04:00,1.9049999713897705,1.9049999713897705,1.899999976158142,1.899999976158142,978,0.0,0.0
2026-04-13 09:56:00-04:00,1.909999966621399,1.9149999618530273,1.909999966621399,1.9149999618530273,7672,0.0,0.0
2026-04-13 09:57:00-04:00,1.9149999618530273,1.9199999570846558,1.9149999618530273,1.9149999618530273,15991,0.0,0.0
2026-04-13 09:58:00-04:00,1.910099983215332,1.9199999570846558,1.910099983215332,1.9199999570846558,1138,0.0,0.0
2026-04-13 09:59:00-04:00,1.9149999618530273,1.9299999475479126,1.9149999618530273,1.9299999475479126,5987,0.0,0.0
2026-04-13 10:00:00-04:00,1.929900050163269,1.9300999641418457,1.9249999523162842,1.9300999641418457,32540,0.0,0.0
2026-04-13 10:01:00-04:00,1.9332000017166138,1.9392000436782837,1.9299999475479126,1.9299999475479126,15698,0.0,0.0
2026-04-13 10:02:00-04:00,1.934999942779541,1.934999942779541,1.934999942779541,1.934999942779541,1602,0.0,0.0
2026-04-13 10:03:00-04:00,1.934999942779541,1.940000057220459,1.9299999475479126,1.940000057220459,1280,0.0,0.0
2026-04-13 10:04:00-04:00,1.9299999475479126,1.9299999475479126,1.9299999475479126,1.9299999475479126,21435,0.0,0.0
2026-04-13 10:05:00-04:00,1.9249999523162842,1.929900050163269,1.9249999523162842,1.9249999523162842,3397,0.0,0.0
2026-04-13 10:06:00-04:00,1.9299999475479126,1.934999942779541,1.9299999475479126,1.933500051498413,18582,0.0,0.0
2026-04-13 10:07:00-04:00,1.934999942779541,1.940000057220459,1.9300999641418457,1.934999942779541,3944,0.0,0.0
2026-04-13 10:08:00-04:00,1.9300999641418457,1.9378000497817993,1.9300999641418457,1.9321999549865723,2123,0.0,0.0
2026-04-13 10:09:00-04:00,1.9321999549865723,1.934999942779541,1.9200999736785889,1.9249999523162842,21617,0.0,0.0
2026-04-13 10:10:00-04:00,1.9249999523162842,1.9249999523162842,1.9249999523162842,1.9249999523162842,3929,0.0,0.0
2026-04-13 10:13:00-04:00,1.9249999523162842,1.9249999523162842,1.9200999736785889,1.9249999523162842,3473,0.0,0.0
2026-04-13 10:14:00-04:00,1.9249999523162842,1.9249999523162842,1.9199999570846558,1.9249999523162842,6415,0.0,0.0
2026-04-13 10:15:00-04:00,1.9199999570846558,1.9249999523162842,1.9199999570846558,1.9249999523162842,1210,0.0,0.0
2026-04-13 10:16:00-04:00,1.9299999475479126,1.9299999475479126,1.9149999618530273,1.9199999570846558,51110,0.0,0.0
2026-04-13 10:17:00-04:00,1.9249999523162842,1.9249999523162842,1.9199999570846558,1.9199999570846558,4011,0.0,0.0
2026-04-13 10:18:00-04:00,1.9249999523162842,1.9249999523162842,1.9249999523162842,1.9249999523162842,1520,0.0,0.0
2026-04-13 10:19:00-04:00,1.9249999523162842,1.9249999523162842,1.9249999523162842,1.9249999523162842,2074,0.0,0.0
2026-04-13 10:21:00-04:00,1.9246000051498413,1.9246000051498413,1.9246000051498413,1.9246000051498413,1321,0.0,0.0
2026-04-13 10:22:00-04:00,1.9249999523162842,1.9381999969482422,1.9249999523162842,1.9299999475479126,15187,0.0,0.0
2026-04-13 10:23:00-04:00,1.9299999475479126,1.9299999475479126,1.9299999475479126,1.9299999475479126,23277,0.0,0.0
2026-04-13 10:24:00-04:00,1.9249999523162842,1.9249999523162842,1.9249999523162842,1.9249999523162842,3215,0.0,0.0
2026-04-13 10:26:00-04:00,1.9299999475479126,1.9399000406265259,1.9299999475479126,1.9347000122070312,19842,0.0,0.0
2026-04-13 10:27:00-04:00,1.934999942779541,1.934999942779541,1.934999942779541,1.934999942779541,2450,0.0,0.0
2026-04-13 10:28:00-04:00,1.9313000440597534,1.9313000440597534,1.9313000440597534,1.9313000440597534,2516,0.0,0.0
2026-04-13 10:29:00-04:00,1.934999942779541,1.934999942779541,1.934999942779541,1.934999942779541,3509,0.0,0.0
2026-04-13 10:30:00-04:00,1.940000057220459,1.940000057220459,1.940000057220459,1.940000057220459,13494,0.0,0.0
2026-04-13 10:31:00-04:00,1.934999942779541,1.9479000568389893,1.934999942779541,1.9450000524520874,64508,0.0,0.0
2026-04-13 10:33:00-04:00,1.9450000524520874,1.9450000524520874,1.934999942779541,1.934999942779541,18946,0.0,0.0
2026-04-13 10:34:00-04:00,1.940000057220459,1.940000057220459,1.940000057220459,1.940000057220459,31255,0.0,0.0
2026-04-13 10:35:00-04:00,1.934999942779541,1.934999942779541,1.934999942779541,1.934999942779541,1648,0.0,0.0
2026-04-13 10:36:00-04:00,1.9299999475479126,1.9299999475479126,1.9249999523162842,1.9249999523162842,16986,0.0,0.0
2026-04-13 10:37:00-04:00,1.9235999584197998,1.9249999523162842,1.9235999584197998,1.9249999523162842,1547,0.0,0.0
2026-04-13 10:38:00-04:00,1.9249999523162842,1.9249999523162842,1.9249999523162842,1.9249999523162842,1619,0.0,0.0
2026-04-13 10:39:00-04:00,1.9249999523162842,1.9299999475479126,1.9249999523162842,1.9299999475479126,4411,0.0,0.0
2026-04-13 10:40:00-04:00,1.9249999523162842,1.9249999523162842,1.9249999523162842,1.9249999523162842,701,0.0,0.0
2026-04-13 10:41:00-04:00,1.9200999736785889,1.9249999523162842,1.9200999736785889,1.9234999418258667,22140,0.0,0.0
2026-04-13 10:42:00-04:00,1.9249999523162842,1.9249999523162842,1.9249999523162842,1.9249999523162842,1650,0.0,0.0
2026-04-13 10:43:00-04:00,1.9280999898910522,1.9299999475479126,1.9249999523162842,1.9249999523162842,13316,0.0,0.0
2026-04-13 10:44:00-04:00,1.9283000230789185,1.9283000230789185,1.9249999523162842,1.9249999523162842,4218,0.0,0.0
2026-04-13 10:45:00-04:00,1.9299999475479126,1.9299999475479126,1.9249999523162842,1.9249999523162842,1825,0.0,0.0
2026-04-13 10:46:00-04:00,1.9249999523162842,1.9249999523162842,1.9249999523162842,1.9249999523162842,5504,0.0,0.0
2026-04-13 10:49:00-04:00,1.9249999523162842,1.9249999523162842,1.9249999523162842,1.9249999523162842,1738,0.0,0.0
2026-04-13 10:50:00-04:00,1.9249999523162842,1.9249999523162842,1.9249999523162842,1.9249999523162842,1964,0.0,0.0
2026-04-13 10:51:00-04:00,1.9249999523162842,1.9299999475479126,1.9247000217437744,1.9249999523162842,11410,0.0,0.0
2026-04-13 10:53:00-04:00,1.9249999523162842,1.9249999523162842,1.9249999523162842,1.9249999523162842,3843,0.0,0.0
2026-04-13 10:55:00-04:00,1.9249999523162842,1.9249999523162842,1.9249999523162842,1.9249999523162842,693,0.0,0.0
2026-04-13 10:56:00-04:00,1.9299999475479126,1.940000057220459,1.9299999475479126,1.940000057220459,37214,0.0,0.0
2026-04-13 10:57:00-04:00,1.934999942779541,1.934999942779541,1.934999942779541,1.934999942779541,3101,0.0,0.0
2026-04-13 10:59:00-04:00,1.934999942779541,1.934999942779541,1.934999942779541,1.934999942779541,15553,0.0,0.0
2026-04-13 11:00:00-04:00,1.940000057220459,1.940000057220459,1.934999942779541,1.940000057220459,21823,0.0,0.0
2026-04-13 11:01:00-04:00,1.934999942779541,1.934999942779541,1.934999942779541,1.934999942779541,0,0.0,0.0
2026-04-13 11:02:00-04:00,1.934999942779541,1.940000057220459,1.934999942779541,1.940000057220459,6399,0.0,0.0
2026-04-13 11:03:00-04:00,1.934999942779541,1.934999942779541,1.934999942779541,1.934999942779541,7448,0.0,0.0
2026-04-13 11:04:00-04:00,1.934999942779541,1.934999942779541,1.9299999475479126,1.9299999475479126,44538,0.0,0.0
2026-04-13 11:05:00-04:00,1.9299999475479126,1.9299999475479126,1.9249999523162842,1.9249999523162842,5129,0.0,0.0
2026-04-13 11:07:00-04:00,1.929900050163269,1.929900050163269,1.9249999523162842,1.9249999523162842,3697,0.0,0.0
2026-04-13 11:09:00-04:00,1.9249999523162842,1.9249999523162842,1.9249999523162842,1.9249999523162842,2532,0.0,0.0
2026-04-13 11:11:00-04:00,1.9249999523162842,1.9249999523162842,1.9249999523162842,1.9249999523162842,651,0.0,0.0
2026-04-13 11:12:00-04:00,1.9299999475479126,1.9299999475479126,1.9249999523162842,1.9249999523162842,1822,0.0,0.0
2026-04-13 11:14:00-04:00,1.9249999523162842,1.9249999523162842,1.9249999523162842,1.9249999523162842,1891,0.0,0.0
2026-04-13 11:15:00-04:00,1.9249999523162842,1.9299999475479126,1.9249999523162842,1.9299999475479126,1325,0.0,0.0
2026-04-13 11:16:00-04:00,1.9249999523162842,1.9249999523162842,1.92330002784729,1.92330002784729,3393,0.0,0.0
2026-04-13 11:17:00-04:00,1.9249999523162842,1.9249999523162842,1.9249999523162842,1.9249999523162842,1157,0.0,0.0
2026-04-13 11:18:00-04:00,1.9299999475479126,1.9299999475479126,1.9249999523162842,1.9299999475479126,3325,0.0,0.0
2026-04-13 11:19:00-04:00,1.9249999523162842,1.9249999523162842,1.9249999523162842,1.9249999523162842,3297,0.0,0.0
2026-04-13 11:20:00-04:00,1.9249999523162842,1.9249999523162842,1.9249999523162842,1.9249999523162842,2032,0.0,0.0
2026-04-13 11:21:00-04:00,1.9249999523162842,1.9249999523162842,1.9249999523162842,1.9249999523162842,1141,0.0,0.0
2026-04-13 11:22:00-04:00,1.9249999523162842,1.9249999523162842,1.9244999885559082,1.9249999523162842,4900,0.0,0.0
2026-04-13 11:23:00-04:00,1.9249999523162842,1.9299999475479126,1.9249999523162842,1.9249999523162842,25702,0.0,0.0
2026-04-13 11:24:00-04:00,1.9299999475479126,1.940000057220459,1.9299999475479126,1.934999942779541,57212,0.0,0.0
2026-04-13 11:25:00-04:00,1.934999942779541,1.940000057220459,1.934999942779541,1.934999942779541,29385,0.0,0.0
2026-04-13 11:26:00-04:00,1.934999942779541,1.934999942779541,1.934999942779541,1.934999942779541,1623,0.0,0.0
2026-04-13 11:27:00-04:00,1.934999942779541,1.934999942779541,1.934999942779541,1.934999942779541,4429,0.0,0.0
2026-04-13 11:29:00-04:00,1.934999942779541,1.934999942779541,1.934999942779541,1.934999942779541,3060,0.0,0.0
2026-04-13 11:30:00-04:00,1.934999942779541,1.934999942779541,1.934999942779541,1.934999942779541,725,0.0,0.0
2026-04-13 11:31:00-04:00,1.940000057220459,1.940000057220459,1.934999942779541,1.934999942779541,4013,0.0,0.0
2026-04-13 11:34:00-04:00,1.934999942779541,1.934999942779541,1.934999942779541,1.934999942779541,2873,0.0,0.0
2026-04-13 11:35:00-04:00,1.9299999475479126,1.940000057220459,1.9299999475479126,1.934999942779541,3050,0.0,0.0
2026-04-13 11:36:00-04:00,1.940000057220459,1.940000057220459,1.934999942779541,1.934999942779541,1245,0.0,0.0
2026-04-13 11:37:00-04:00,1.934999942779541,1.934999942779541,1.934999942779541,1.934999942779541,2347,0.0,0.0
2026-04-13 11:38:00-04:00,1.940000057220459,1.9450000524520874,1.940000057220459,1.9450000524520874,37511,0.0,0.0
2026-04-13 11:39:00-04:00,1.940000057220459,1.9400999546051025,1.940000057220459,1.9400999546051025,3498,0.0,0.0
2026-04-13 11:40:00-04:00,1.9450000524520874,1.9450000524520874,1.9419000148773193,1.9419000148773193,10907,0.0,0.0
2026-04-13 11:41:00-04:00,1.9450000524520874,1.9450000524520874,1.9450000524520874,1.9450000524520874,800,0.0,0.0
2026-04-13 11:42:00-04:00,1.9450000524520874,1.9450000524520874,1.9450000524520874,1.9450000524520874,2048,0.0,0.0
2026-04-13 11:43:00-04:00,1.940000057220459,1.9450000524520874,1.940000057220459,1.9430999755859375,2229,0.0,0.0
2026-04-13 11:44:00-04:00,1.9450000524520874,1.9500000476837158,1.9450000524520874,1.9450000524520874,4685,0.0,0.0
2026-04-13 11:45:00-04:00,1.940000057220459,1.9436999559402466,1.940000057220459,1.9436999559402466,2290,0.0,0.0
2026-04-13 11:47:00-04:00,1.9450000524520874,1.9450000524520874,1.9450000524520874,1.9450000524520874,845,0.0,0.0
2026-04-13 11:48:00-04:00,1.9450000524520874,1.9450000524520874,1.9450000524520874,1.9450000524520874,2427,0.0,0.0
2026-04-13 11:49:00-04:00,1.9450000524520874,1.9450000524520874,1.9450000524520874,1.9450000524520874,410,0.0,0.0
2026-04-13 11:50:00-04:00,1.9450000524520874,1.9450000524520874,1.9450000524520874,1.9450000524520874,2894,0.0,0.0
2026-04-13 11:52:00-04:00,1.9450000524520874,1.9450000524520874,1.940000057220459,1.9450000524520874,1540,0.0,0.0
2026-04-13 11:53:00-04:00,1.9450000524520874,1.9450000524520874,1.9450000524520874,1.9450000524520874,754,0.0,0.0
2026-04-13 11:54:00-04:00,1.9500000476837158,1.9500000476837158,1.9450000524520874,1.9450000524520874,1406,0.0,0.0
2026-04-13 11:55:00-04:00,1.9450000524520874,1.9450000524520874,1.9450000524520874,1.9450000524520874,5143,0.0,0.0
2026-04-13 11:56:00-04:00,1.9450000524520874,1.9450000524520874,1.9450000524520874,1.9450000524520874,24191,0.0,0.0
2026-04-13 11:57:00-04:00,1.9450000524520874,1.9450000524520874,1.9450000524520874,1.9450000524520874,1923,0.0,0.0
2026-04-13 11:58:00-04:00,1.9450000524520874,1.9450000524520874,1.9450000524520874,1.9450000524520874,1143,0.0,0.0
2026-04-13 11:59:00-04:00,1.9450000524520874,1.9450000524520874,1.9450000524520874,1.9450000524520874,2959,0.0,0.0
2026-04-13 12:00:00-04:00,1.9500000476837158,1.9500000476837158,1.9450000524520874,1.9450000524520874,933,0.0,0.0
2026-04-13 12:01:00-04:00,1.9450000524520874,1.9450000524520874,1.9450000524520874,1.9450000524520874,4092,0.0,0.0
2026-04-13 12:02:00-04:00,1.9450000524520874,1.9450000524520874,1.9450000524520874,1.9450000524520874,2261,0.0,0.0
2026-04-13 12:03:00-04:00,1.9450000524520874,1.9450000524520874,1.9450000524520874,1.9450000524520874,530,0.0,0.0
2026-04-13 12:04:00-04:00,1.9450000524520874,1.9450000524520874,1.940000057220459,1.940000057220459,1494,0.0,0.0
2026-04-13 12:05:00-04:00,1.9450000524520874,1.9450000524520874,1.9450000524520874,1.9450000524520874,1807,0.0,0.0
2026-04-13 12:06:00-04:00,1.9450000524520874,1.9450000524520874,1.9450000524520874,1.9450000524520874,9117,0.0,0.0
2026-04-13 12:07:00-04:00,1.9450000524520874,1.9500000476837158,1.9450000524520874,1.9500000476837158,4816,0.0,0.0
2026-04-13 12:08:00-04:00,1.9450000524520874,1.9450000524520874,1.9450000524520874,1.9450000524520874,2987,0.0,0.0
2026-04-13 12:09:00-04:00,1.9499000310897827,1.9499000310897827,1.9499000310897827,1.9499000310897827,2842,0.0,0.0
2026-04-13 12:11:00-04:00,1.9500000476837158,1.9541000127792358,1.9500000476837158,1.9528000354766846,20248,0.0,0.0
2026-04-13 12:12:00-04:00,1.9550000429153442,1.9550000429153442,1.9550000429153442,1.9550000429153442,1699,0.0,0.0
2026-04-13 12:13:00-04:00,1.9550000429153442,1.9550000429153442,1.9550000429153442,1.9550000429153442,5746,0.0,0.0
2026-04-13 12:14:00-04:00,1.9600000381469727,1.9600000381469727,1.9600000381469727,1.9600000381469727,555,0.0,0.0
2026-04-13 12:15:00-04:00,1.9500999450683594,1.9550000429153442,1.9500999450683594,1.9550000429153442,8981,0.0,0.0
2026-04-13 12:16:00-04:00,1.9550000429153442,1.9550000429153442,1.9550000429153442,1.9550000429153442,1965,0.0,0.0
2026-04-13 12:17:00-04:00,1.9550000429153442,1.9550000429153442,1.954699993133545,1.954699993133545,3296,0.0,0.0
2026-04-13 12:18:00-04:00,1.9599000215530396,1.9599000215530396,1.9550000429153442,1.9550000429153442,2185,0.0,0.0
2026-04-13 12:19:00-04:00,1.9550000429153442,1.9565000534057617,1.9550000429153442,1.9550000429153442,2962,0.0,0.0
2026-04-13 12:20:00-04:00,1.9600000381469727,1.9700000286102295,1.9600000381469727,1.965000033378601,42231,0.0,0.0
2026-04-13 12:21:00-04:00,1.965000033378601,1.965000033378601,1.965000033378601,1.965000033378601,2379,0.0,0.0
2026-04-13 12:22:00-04:00,1.965000033378601,1.965000033378601,1.965000033378601,1.965000033378601,2530,0.0,0.0
2026-04-13 12:23:00-04:00,1.9700000286102295,1.9700000286102295,1.965000033378601,1.965000033378601,2587,0.0,0.0
2026-04-13 12:24:00-04:00,1.965000033378601,1.9700000286102295,1.965000033378601,1.965000033378601,7369,0.0,0.0
2026-04-13 12:26:00-04:00,1.965000033378601,1.965000033378601,1.965000033378601,1.965000033378601,4262,0.0,0.0
2026-04-13 12:27:00-04:00,1.965000033378601,1.965000033378601,1.965000033378601,1.965000033378601,1844,0.0,0.0
2026-04-13 12:28:00-04:00,1.965000033378601,1.9700000286102295,1.9637000560760498,1.9637000560760498,2908,0.0,0.0
2026-04-13 12:29:00-04:00,1.965000033378601,1.9700000286102295,1.965000033378601,1.9700000286102295,12465,0.0,0.0
2026-04-13 12:30:00-04:00,1.9700000286102295,1.9700000286102295,1.9700000286102295,1.9700000286102295,3570,0.0,0.0
2026-04-13 12:31:00-04:00,1.9700000286102295,1.975000023841858,1.9663000106811523,1.975000023841858,45568,0.0,0.0
2026-04-13 12:32:00-04:00,1.975000023841858,1.9785000085830688,1.975000023841858,1.9785000085830688,8834,0.0,0.0
2026-04-13 12:33:00-04:00,1.978600025177002,1.9800000190734863,1.975000023841858,1.975000023841858,5965,0.0,0.0
2026-04-13 12:34:00-04:00,1.975000023841858,1.9800000190734863,1.9730000495910645,1.9800000190734863,5094,0.0,0.0
2026-04-13 12:35:00-04:00,1.975000023841858,1.9800000190734863,1.975000023841858,1.9800000190734863,3393,0.0,0.0
2026-04-13 12:36:00-04:00,1.975000023841858,1.9800000190734863,1.975000023841858,1.9800000190734863,4996,0.0,0.0
2026-04-13 12:37:00-04:00,1.975000023841858,1.975000023841858,1.975000023841858,1.975000023841858,2371,0.0,0.0
2026-04-13 12:38:00-04:00,1.9774999618530273,1.9800000190734863,1.975000023841858,1.9800000190734863,1454,0.0,0.0
2026-04-13 12:39:00-04:00,1.9800000190734863,1.9800000190734863,1.975000023841858,1.9800000190734863,6002,0.0,0.0
2026-04-13 12:40:00-04:00,1.9754999876022339,1.9800000190734863,1.975000023841858,1.9789999723434448,3116,0.0,0.0
2026-04-13 12:41:00-04:00,1.9799000024795532,1.9799000024795532,1.9701000452041626,1.975000023841858,6086,0.0,0.0
2026-04-13 12:42:00-04:00,1.975000023841858,1.9800000190734863,1.9700000286102295,1.9728000164031982,10631,0.0,0.0
2026-04-13 12:43:00-04:00,1.9800000190734863,1.9800000190734863,1.975000023841858,1.975000023841858,13311,0.0,0.0
2026-04-13 12:44:00-04:00,1.975000023841858,1.975000023841858,1.975000023841858,1.975000023841858,1760,0.0,0.0
2026-04-13 12:45:00-04:00,1.9800000190734863,1.9800000190734863,1.975000023841858,1.975000023841858,2661,0.0,0.0
2026-04-13 12:46:00-04:00,1.9800000190734863,1.9800000190734863,1.9735000133514404,1.9735000133514404,1743,0.0,0.0
2026-04-13 12:47:00-04:00,1.975000023841858,1.9900000095367432,1.9736000299453735,1.9850000143051147,26124,0.0,0.0
2026-04-13 12:48:00-04:00,1.9850000143051147,1.98989999294281,1.9850000143051147,1.9850000143051147,15856,0.0,0.0
2026-04-13 12:49:00-04:00,1.9900000095367432,1.9900000095367432,1.9850000143051147,1.9850000143051147,20787,0.0,0.0
2026-04-13 12:50:00-04:00,1.9850000143051147,1.9900000095367432,1.9850000143051147,1.9900000095367432,1868,0.0,0.0
2026-04-13 12:51:00-04:00,1.9900000095367432,1.9950000047683716,1.9900000095367432,1.9900000095367432,87162,0.0,0.0
2026-04-13 12:52:00-04:00,1.9950000047683716,1.9950000047683716,1.9900000095367432,1.9950000047683716,4555,0.0,0.0
2026-04-13 12:53:00-04:00,1.9936000108718872,1.9950000047683716,1.9900000095367432,1.9950000047683716,7090,0.0,0.0
2026-04-13 12:54:00-04:00,1.9950000047683716,2.0,1.9901000261306763,1.9901000261306763,27342,0.0,0.0
2026-04-13 12:55:00-04:00,1.9936000108718872,1.9936000108718872,1.9901000261306763,1.9901000261306763,6099,0.0,0.0
2026-04-13 12:56:00-04:00,1.9901000261306763,1.9921000003814697,1.9901000261306763,1.9901000261306763,2589,0.0,0.0
2026-04-13 12:57:00-04:00,1.9950000047683716,1.9950000047683716,1.9900000095367432,1.9950000047683716,5088,0.0,0.0
2026-04-13 12:58:00-04:00,1.9900000095367432,1.9950000047683716,1.9900000095367432,1.9950000047683716,9699,0.0,0.0
2026-04-13 12:59:00-04:00,1.9901000261306763,1.9919999837875366,1.9840999841690063,1.9840999841690063,25832,0.0,0.0
2026-04-13 13:00:00-04:00,1.9811999797821045,1.9811999797821045,1.9811999797821045,1.9811999797821045,553,0.0,0.0
2026-04-13 13:01:00-04:00,1.9850000143051147,1.9850000143051147,1.9850000143051147,1.9850000143051147,1279,0.0,0.0
2026-04-13 13:02:00-04:00,1.9850000143051147,1.9900000095367432,1.9800000190734863,1.9850000143051147,19216,0.0,0.0
2026-04-13 13:03:00-04:00,1.9850000143051147,1.9900000095367432,1.9801000356674194,1.9850000143051147,14959,0.0,0.0
2026-04-13 13:04:00-04:00,1.9850000143051147,1.9900000095367432,1.982300043106079,1.9900000095367432,2435,0.0,0.0
2026-04-13 13:05:00-04:00,1.9900000095367432,1.9900000095367432,1.9836000204086304,1.9850000143051147,7070,0.0,0.0
2026-04-13 13:06:00-04:00,1.9900000095367432,1.9900000095367432,1.982200026512146,1.9882999658584595,2738,0.0,0.0
2026-04-13 13:08:00-04:00,1.9850000143051147,1.9850000143051147,1.9850000143051147,1.9850000143051147,3971,0.0,0.0
2026-04-13 13:09:00-04:00,1.9801000356674194,1.9801000356674194,1.9801000356674194,1.9801000356674194,1046,0.0,0.0
2026-04-13 13:10:00-04:00,1.9850000143051147,1.9850000143051147,1.9850000143051147,1.9850000143051147,3261,0.0,0.0
2026-04-13 13:11:00-04:00,1.9850000143051147,1.9850000143051147,1.9850000143051147,1.9850000143051147,1368,0.0,0.0
2026-04-13 13:12:00-04:00,1.9850000143051147,1.9850000143051147,1.9800000190734863,1.9801000356674194,2112,0.0,0.0
2026-04-13 13:13:00-04:00,1.9850000143051147,1.9850000143051147,1.9850000143051147,1.9850000143051147,3445,0.0,0.0
2026-04-13 13:14:00-04:00,1.9850000143051147,1.9850000143051147,1.9850000143051147,1.9850000143051147,589,0.0,0.0
2026-04-13 13:15:00-04:00,1.9850000143051147,1.9850000143051147,1.9850000143051147,1.9850000143051147,2642,0.0,0.0
2026-04-13 13:16:00-04:00,1.9850000143051147,1.9850000143051147,1.9850000143051147,1.9850000143051147,2951,0.0,0.0
2026-04-13 13:17:00-04:00,1.9900000095367432,1.9900000095367432,1.9809000492095947,1.9809000492095947,2409,0.0,0.0
2026-04-13 13:18:00-04:00,1.9850000143051147,1.9850000143051147,1.9801000356674194,1.9850000143051147,3666,0.0,0.0
2026-04-13 13:19:00-04:00,1.9850000143051147,1.9850000143051147,1.9800000190734863,1.9800000190734863,11981,0.0,0.0
2026-04-13 13:20:00-04:00,1.9850000143051147,1.9850000143051147,1.9801000356674194,1.9850000143051147,4181,0.0,0.0
2026-04-13 13:21:00-04:00,1.9801000356674194,1.9900000095367432,1.9801000356674194,1.9850000143051147,4507,0.0,0.0
2026-04-13 13:22:00-04:00,1.9850000143051147,1.9850000143051147,1.9800000190734863,1.9800000190734863,2527,0.0,0.0
2026-04-13 13:23:00-04:00,1.98989999294281,1.9900000095367432,1.9801000356674194,1.9850000143051147,2244,0.0,0.0
2026-04-13 13:24:00-04:00,1.9888999462127686,1.9888999462127686,1.9850000143051147,1.9850000143051147,8788,0.0,0.0
2026-04-13 13:25:00-04:00,1.9900000095367432,1.9900000095367432,1.9850000143051147,1.9850000143051147,1571,0.0,0.0
2026-04-13 13:26:00-04:00,1.9850000143051147,1.9850000143051147,1.9850000143051147,1.9850000143051147,2065,0.0,0.0
2026-04-13 13:27:00-04:00,1.9850000143051147,1.9900000095367432,1.9850000143051147,1.9900000095367432,4121,0.0,0.0
2026-04-13 13:28:00-04:00,1.9801000356674194,1.9900000095367432,1.9801000356674194,1.9850000143051147,3438,0.0,0.0
2026-04-13 13:29:00-04:00,1.9850000143051147,1.9850000143051147,1.9850000143051147,1.9850000143051147,2161,0.0,0.0
2026-04-13 13:30:00-04:00,1.9850000143051147,1.9950000047683716,1.9850000143051147,1.992400050163269,27209,0.0,0.0
2026-04-13 13:31:00-04:00,1.9901000261306763,1.9950000047683716,1.9901000261306763,1.9950000047683716,4156,0.0,0.0
2026-04-13 13:32:00-04:00,1.9911999702453613,1.9950000047683716,1.9901000261306763,1.9950000047683716,2084,0.0,0.0
2026-04-13 13:33:00-04:00,1.9926999807357788,2.0,1.9900000095367432,1.9901000261306763,4025,0.0,0.0
2026-04-13 13:34:00-04:00,1.9950000047683716,1.9950000047683716,1.9900000095367432,1.9921000003814697,2994,0.0,0.0
2026-04-13 13:35:00-04:00,1.9950000047683716,1.999899983406067,1.9950000047683716,1.9950000047683716,6443,0.0,0.0
2026-04-13 13:36:00-04:00,1.9950000047683716,1.9950000047683716,1.9950000047683716,1.9950000047683716,3644,0.0,0.0
2026-04-13 13:37:00-04:00,1.9950000047683716,1.9950000047683716,1.9950000047683716,1.9950000047683716,1360,0.0,0.0
2026-04-13 13:38:00-04:00,1.9950000047683716,1.9950000047683716,1.9907000064849854,1.9907000064849854,1224,0.0,0.0
2026-04-13 13:39:00-04:00,1.9930000305175781,2.0,1.9930000305175781,1.9991999864578247,2792,0.0,0.0
2026-04-13 13:40:00-04:00,1.9997999668121338,2.0,1.9901000261306763,1.9950000047683716,2066,0.0,0.0
2026-04-13 13:41:00-04:00,1.9950000047683716,1.9950000047683716,1.9901000261306763,1.9950000047683716,2879,0.0,0.0
2026-04-13 13:42:00-04:00,1.9950000047683716,1.9950000047683716,1.9950000047683716,1.9950000047683716,2829,0.0,0.0
2026-04-13 13:43:00-04:00,1.9950000047683716,1.9950000047683716,1.9950000047683716,1.9950000047683716,2293,0.0,0.0
2026-04-13 13:44:00-04:00,1.9950000047683716,1.9950000047683716,1.9950000047683716,1.9950000047683716,3020,0.0,0.0
2026-04-13 13:45:00-04:00,1.9901000261306763,1.9950000047683716,1.9901000261306763,1.9950000047683716,1619,0.0,0.0
2026-04-13 13:46:00-04:00,1.9900000095367432,1.9950000047683716,1.9900000095367432,1.9950000047683716,4447,0.0,0.0
2026-04-13 13:48:00-04:00,1.9921000003814697,2.0,1.9901000261306763,1.9950000047683716,2972,0.0,0.0
2026-04-13 13:49:00-04:00,1.9950000047683716,1.9950000047683716,1.9917999505996704,1.9950000047683716,1762,0.0,0.0
2026-04-13 13:50:00-04:00,1.9950000047683716,1.9950000047683716,1.9919999837875366,1.9950000047683716,2774,0.0,0.0
2026-04-13 13:51:00-04:00,1.9950000047683716,1.9950000047683716,1.9900000095367432,1.9950000047683716,18675,0.0,0.0
2026-04-13 13:53:00-04:00,2.0,2.0,1.9914000034332275,1.9950000047683716,13975,0.0,0.0
2026-04-13 13:54:00-04:00,2.0,2.0,1.9950000047683716,1.9950000047683716,9385,0.0,0.0
2026-04-13 13:55:00-04:00,1.9950000047683716,1.9950000047683716,1.9900000095367432,1.9900000095367432,7473,0.0,0.0
2026-04-13 13:56:00-04:00,1.9950000047683716,2.0,1.9950000047683716,1.9950000047683716,11421,0.0,0.0
2026-04-13 13:57:00-04:00,1.9950000047683716,1.9950000047683716,1.9950000047683716,1.9950000047683716,5489,0.0,0.0
2026-04-13 13:58:00-04:00,1.9950000047683716,1.9950000047683716,1.9950000047683716,1.9950000047683716,1016,0.0,0.0
2026-04-13 13:59:00-04:00,1.9950000047683716,2.0,1.9950000047683716,1.9950000047683716,4827,0.0,0.0
2026-04-13 14:00:00-04:00,1.9950000047683716,1.9950000047683716,1.9950000047683716,1.9950000047683716,2483,0.0,0.0
2026-04-13 14:01:00-04:00,1.9950000047683716,1.9950000047683716,1.9917999505996704,1.9917999505996704,1560,0.0,0.0
2026-04-13 14:02:00-04:00,2.0,2.0,1.9950000047683716,1.9950000047683716,1733,0.0,0.0
2026-04-13 14:03:00-04:00,1.9950000047683716,1.9950000047683716,1.9950000047683716,1.9950000047683716,782,0.0,0.0
2026-04-13 14:04:00-04:00,1.9950000047683716,1.9950000047683716,1.9921000003814697,1.9950000047683716,2435,0.0,0.0
2026-04-13 14:05:00-04:00,1.9950000047683716,1.9950000047683716,1.9900000095367432,1.9950000047683716,1786,0.0,0.0
2026-04-13 14:06:00-04:00,1.9950000047683716,2.0,1.9950000047683716,1.9950000047683716,4777,0.0,0.0
2026-04-13 14:07:00-04:00,1.9950000047683716,1.9950000047683716,1.9950000047683716,1.9950000047683716,1014,0.0,0.0
2026-04-13 14:08:00-04:00,1.9950000047683716,1.9950000047683716,1.9950000047683716,1.9950000047683716,1094,0.0,0.0
2026-04-13 14:09:00-04:00,1.9950000047683716,2.0,1.9950000047683716,2.0,1778,0.0,0.0
2026-04-13 14:10:00-04:00,1.9900000095367432,1.9902000427246094,1.9900000095367432,1.9902000427246094,2385,0.0,0.0
2026-04-13 14:11:00-04:00,1.9950000047683716,2.0,1.9950000047683716,2.0,2503,0.0,0.0
2026-04-13 14:12:00-04:00,2.0,2.0,1.9900000095367432,1.9900000095367432,6524,0.0,0.0
2026-04-13 14:13:00-04:00,1.9979000091552734,1.9979000091552734,1.9979000091552734,1.9979000091552734,2153,0.0,0.0
2026-04-13 14:14:00-04:00,1.9950000047683716,2.0,1.9950000047683716,2.0,12932,0.0,0.0
2026-04-13 14:15:00-04:00,1.9900000095367432,2.009999990463257,1.9900000095367432,2.005000114440918,76996,0.0,0.0
2026-04-13 14:17:00-04:00,2.009999990463257,2.009999990463257,2.009999990463257,2.009999990463257,2443,0.0,0.0
2026-04-13 14:18:00-04:00,2.0078001022338867,2.009999990463257,2.005000114440918,2.0083999633789062,6253,0.0,0.0
2026-04-13 14:19:00-04:00,2.009999990463257,2.009999990463257,2.005000114440918,2.005000114440918,20994,0.0,0.0
2026-04-13 14:20:00-04:00,2.005000114440918,2.005000114440918,2.0000998973846436,2.0000998973846436,5150,0.0,0.0
2026-04-13 14:21:00-04:00,2.005000114440918,2.005000114440918,2.002500057220459,2.002500057220459,10350,0.0,0.0
2026-04-13 14:22:00-04:00,2.0000998973846436,2.0069000720977783,2.0000998973846436,2.0069000720977783,2317,0.0,0.0
2026-04-13 14:23:00-04:00,2.007999897003174,2.009999990463257,2.005000114440918,2.009999990463257,3975,0.0,0.0
2026-04-13 14:26:00-04:00,2.009999990463257,2.009999990463257,2.007999897003174,2.007999897003174,1991,0.0,0.0
2026-04-13 14:27:00-04:00,2.005000114440918,2.005000114440918,2.005000114440918,2.005000114440918,480,0.0,0.0
2026-04-13 14:28:00-04:00,2.005000114440918,2.005000114440918,2.005000114440918,2.005000114440918,2031,0.0,0.0
2026-04-13 14:30:00-04:00,2.005000114440918,2.005000114440918,2.005000114440918,2.005000114440918,1387,0.0,0.0
2026-04-13 14:31:00-04:00,2.0099000930786133,2.0099000930786133,2.005000114440918,2.005000114440918,3417,0.0,0.0
2026-04-13 14:32:00-04:00,2.009999990463257,2.015000104904175,2.005000114440918,2.015000104904175,71367,0.0,0.0
2026-04-13 14:33:00-04:00,2.015000104904175,2.0199999809265137,2.015000104904175,2.01990008354187,4178,0.0,0.0
2026-04-13 14:34:00-04:00,2.015000104904175,2.015000104904175,2.015000104904175,2.015000104904175,371,0.0,0.0
2026-04-13 14:35:00-04:00,2.015000104904175,2.0199999809265137,2.015000104904175,2.015000104904175,9101,0.0,0.0
2026-04-13 14:36:00-04:00,2.009999990463257,2.0199999809265137,2.009999990463257,2.015000104904175,3193,0.0,0.0
2026-04-13 14:37:00-04:00,2.015000104904175,2.015000104904175,2.015000104904175,2.015000104904175,917,0.0,0.0
2026-04-13 14:38:00-04:00,2.015000104904175,2.015000104904175,2.015000104904175,2.015000104904175,1068,0.0,0.0
2026-04-13 14:39:00-04:00,2.015000104904175,2.0199999809265137,2.015000104904175,2.015000104904175,999,0.0,0.0
2026-04-13 14:40:00-04:00,2.015000104904175,2.0199999809265137,2.015000104904175,2.0199999809265137,572,0.0,0.0
2026-04-13 14:41:00-04:00,2.015000104904175,2.0199999809265137,2.015000104904175,2.01990008354187,4337,0.0,0.0
2026-04-13 14:42:00-04:00,2.015000104904175,2.0250000953674316,2.015000104904175,2.0250000953674316,44341,0.0,0.0
2026-04-13 14:43:00-04:00,2.0250000953674316,2.0250000953674316,2.0250000953674316,2.0250000953674316,2042,0.0,0.0
2026-04-13 14:44:00-04:00,2.0250000953674316,2.0250000953674316,2.0250000953674316,2.0250000953674316,1222,0.0,0.0
2026-04-13 14:45:00-04:00,2.0250000953674316,2.0250000953674316,2.0250000953674316,2.0250000953674316,1371,0.0,0.0
2026-04-13 14:46:00-04:00,2.0250000953674316,2.0250000953674316,2.0250000953674316,2.0250000953674316,2055,0.0,0.0
2026-04-13 14:48:00-04:00,2.0299999713897705,2.0299999713897705,2.0250000953674316,2.0250000953674316,1118,0.0,0.0
2026-04-13 14:49:00-04:00,2.021899938583374,2.0250000953674316,2.021899938583374,2.0250000953674316,3005,0.0,0.0
2026-04-13 14:50:00-04:00,2.0250000953674316,2.0250000953674316,2.0232999324798584,2.0250000953674316,1964,0.0,0.0
2026-04-13 14:51:00-04:00,2.0250000953674316,2.0250000953674316,2.0211000442504883,2.0250000953674316,2467,0.0,0.0
2026-04-13 14:52:00-04:00,2.0250000953674316,2.0250000953674316,2.0250000953674316,2.0250000953674316,2466,0.0,0.0
2026-04-13 14:53:00-04:00,2.0250000953674316,2.0250000953674316,2.0250000953674316,2.0250000953674316,4053,0.0,0.0
2026-04-13 14:55:00-04:00,2.0250000953674316,2.0299999713897705,2.0250000953674316,2.0250000953674316,2421,0.0,0.0
2026-04-13 14:57:00-04:00,2.0250000953674316,2.0250000953674316,2.0250000953674316,2.0250000953674316,2103,0.0,0.0
2026-04-13 14:58:00-04:00,2.0201001167297363,2.0250000953674316,2.0201001167297363,2.0250000953674316,1154,0.0,0.0
2026-04-13 14:59:00-04:00,2.029900074005127,2.029900074005127,2.0250000953674316,2.0250000953674316,16169,0.0,0.0
2026-04-13 15:00:00-04:00,2.0250000953674316,2.0250000953674316,2.0250000953674316,2.0250000953674316,7452,0.0,0.0
2026-04-13 15:01:00-04:00,2.0299999713897705,2.0299999713897705,2.0299999713897705,2.0299999713897705,309,0.0,0.0
2026-04-13 15:02:00-04:00,2.021899938583374,2.021899938583374,2.021899938583374,2.021899938583374,5525,0.0,0.0
2026-04-13 15:04:00-04:00,2.023699998855591,2.0250000953674316,2.023699998855591,2.0250000953674316,4415,0.0,0.0
2026-04-13 15:06:00-04:00,2.0250000953674316,2.0267999172210693,2.0250000953674316,2.0267999172210693,4731,0.0,0.0
2026-04-13 15:07:00-04:00,2.0250000953674316,2.0250000953674316,2.0250000953674316,2.0250000953674316,628,0.0,0.0
2026-04-13 15:08:00-04:00,2.0299999713897705,2.0299999713897705,2.0250000953674316,2.0250000953674316,1201,0.0,0.0
2026-04-13 15:09:00-04:00,2.0267999172210693,2.0267999172210693,2.0267999172210693,2.0267999172210693,2161,0.0,0.0
2026-04-13 15:10:00-04:00,2.0250000953674316,2.0250000953674316,2.0250000953674316,2.0250000953674316,2685,0.0,0.0
2026-04-13 15:11:00-04:00,2.0199999809265137,2.0250000953674316,2.0199999809265137,2.0201001167297363,3102,0.0,0.0
2026-04-13 15:12:00-04:00,2.0199999809265137,2.0250000953674316,2.0199999809265137,2.0250000953674316,31363,0.0,0.0
2026-04-13 15:13:00-04:00,2.0199999809265137,2.0250000953674316,2.0199999809265137,2.0199999809265137,20939,0.0,0.0
2026-04-13 15:14:00-04:00,2.0199999809265137,2.0250000953674316,2.0199999809265137,2.0250000953674316,1950,0.0,0.0
2026-04-13 15:15:00-04:00,2.0199999809265137,2.0250000953674316,2.0199999809265137,2.0236001014709473,1622,0.0,0.0
2026-04-13 15:16:00-04:00,2.0250000953674316,2.0250000953674316,2.0250000953674316,2.0250000953674316,1052,0.0,0.0
2026-04-13 15:17:00-04:00,2.0199999809265137,2.0299999713897705,2.0199999809265137,2.0299999713897705,1076,0.0,0.0
2026-04-13 15:18:00-04:00,2.0250000953674316,2.0250000953674316,2.0250000953674316,2.0250000953674316,1628,0.0,0.0
2026-04-13 15:19:00-04:00,2.0250000953674316,2.0250000953674316,2.0215001106262207,2.0250000953674316,13360,0.0,0.0
2026-04-13 15:20:00-04:00,2.0250000953674316,2.0250000953674316,2.0199999809265137,2.0250000953674316,25532,0.0,0.0
2026-04-13 15:21:00-04:00,2.0201001167297363,2.0250000953674316,2.0199999809265137,2.021699905395508,52336,0.0,0.0
2026-04-13 15:22:00-04:00,2.0199999809265137,2.0250000953674316,2.0199999809265137,2.0201001167297363,1997,0.0,0.0
2026-04-13 15:23:00-04:00,2.0199999809265137,2.0250000953674316,2.0199999809265137,2.0199999809265137,2708,0.0,0.0
2026-04-13 15:24:00-04:00,2.0199999809265137,2.0250000953674316,2.0199999809265137,2.0199999809265137,1488,0.0,0.0
2026-04-13 15:25:00-04:00,2.0250000953674316,2.0250000953674316,2.0199999809265137,2.0199999809265137,1889,0.0,0.0
2026-04-13 15:26:00-04:00,2.0250000953674316,2.0250000953674316,2.0199999809265137,2.0250000953674316,2785,0.0,0.0
2026-04-13 15:27:00-04:00,2.0199999809265137,2.0299999713897705,2.0199999809265137,2.0299999713897705,1858,0.0,0.0
2026-04-13 15:28:00-04:00,2.0199999809265137,2.029900074005127,2.0199999809265137,2.029900074005127,4305,0.0,0.0
2026-04-13 15:29:00-04:00,2.0199999809265137,2.027899980545044,2.0199999809265137,2.027899980545044,1227,0.0,0.0
2026-04-13 15:30:00-04:00,2.0199999809265137,2.0299999713897705,2.0199999809265137,2.0250000953674316,3938,0.0,0.0
2026-04-13 15:31:00-04:00,2.0199999809265137,2.0250000953674316,2.0199999809265137,2.0250000953674316,3259,0.0,0.0
2026-04-13 15:32:00-04:00,2.0220000743865967,2.0299999713897705,2.0220000743865967,2.029900074005127,1702,0.0,0.0
2026-04-13 15:33:00-04:00,2.0299999713897705,2.0299999713897705,2.0199999809265137,2.025399923324585,4335,0.0,0.0
2026-04-13 15:34:00-04:00,2.0199999809265137,2.0299999713897705,2.0199999809265137,2.0199999809265137,4485,0.0,0.0
2026-04-13 15:35:00-04:00,2.0250000953674316,2.0292000770568848,2.0250000953674316,2.0292000770568848,2533,0.0,0.0
2026-04-13 15:36:00-04:00,2.0250000953674316,2.0299999713897705,2.0250000953674316,2.0299999713897705,1762,0.0,0.0
2026-04-13 15:37:00-04:00,2.0299999713897705,2.0299999713897705,2.0250000953674316,2.0250000953674316,4247,0.0,0.0
2026-04-13 15:38:00-04:00,2.0250000953674316,2.0250000953674316,2.0250000953674316,2.0250000953674316,1148,0.0,0.0
2026-04-13 15:39:00-04:00,2.0199999809265137,2.0299999713897705,2.0199999809265137,2.0299999713897705,1718,0.0,0.0
2026-04-13 15:40:00-04:00,2.0199999809265137,2.0299999713897705,2.0199999809265137,2.0201001167297363,9950,0.0,0.0
2026-04-13 15:41:00-04:00,2.029900074005127,2.029900074005127,2.0250000953674316,2.0250000953674316,2310,0.0,0.0
2026-04-13 15:42:00-04:00,2.0199999809265137,2.02620005607605,2.0199999809265137,2.0250000953674316,2810,0.0,0.0
2026-04-13 15:43:00-04:00,2.0250000953674316,2.0250000953674316,2.009999990463257,2.009999990463257,38233,0.0,0.0
2026-04-13 15:44:00-04:00,2.009999990463257,2.015000104904175,2.009999990463257,2.009999990463257,3561,0.0,0.0
2026-04-13 15:45:00-04:00,2.015000104904175,2.0250000953674316,2.009999990463257,2.0250000953674316,107369,0.0,0.0
2026-04-13 15:46:00-04:00,2.0223000049591064,2.0223000049591064,2.0201001167297363,2.0201001167297363,2069,0.0,0.0
2026-04-13 15:47:00-04:00,2.029900074005127,2.029900074005127,2.0199999809265137,2.0285000801086426,14401,0.0,0.0
2026-04-13 15:48:00-04:00,2.021899938583374,2.029900074005127,2.021899938583374,2.029900074005127,13736,0.0,0.0
2026-04-13 15:49:00-04:00,2.0250000953674316,2.0250000953674316,2.0220000743865967,2.0250000953674316,8304,0.0,0.0
2026-04-13 15:50:00-04:00,2.0215001106262207,2.0299999713897705,2.0199999809265137,2.024899959564209,23060,0.0,0.0
2026-04-13 15:51:00-04:00,2.029900074005127,2.029900074005127,2.0199999809265137,2.0250000953674316,10001,0.0,0.0
2026-04-13 15:52:00-04:00,2.0250000953674316,2.0250000953674316,2.0201001167297363,2.0218000411987305,5655,0.0,0.0
2026-04-13 15:53:00-04:00,2.0278000831604004,2.0299999713897705,2.0199999809265137,2.0299999713897705,9801,0.0,0.0
2026-04-13 15:54:00-04:00,2.0199999809265137,2.0374999046325684,2.0199999809265137,2.0374999046325684,98554,0.0,0.0
2026-04-13 15:55:00-04:00,2.0350000858306885,2.0399999618530273,2.0350000858306885,2.0350000858306885,4447,0.0,0.0
2026-04-13 15:56:00-04:00,2.032099962234497,2.0399999618530273,2.032099962234497,2.0350000858306885,14343,0.0,0.0
2026-04-13 15:57:00-04:00,2.0350000858306885,2.0399999618530273,2.0199999809265137,2.0250000953674316,142728,0.0,0.0
2026-04-13 15:58:00-04:00,2.0250000953674316,2.0299999713897705,2.0199999809265137,2.0199999809265137,6650,0.0,0.0
2026-04-13 15:59:00-04:00,2.0199999809265137,2.0299999713897705,2.0199999809265137,2.0299999713897705,101156,0.0,0.0
