datetime,open,high,low,close,volume,dividends,stock splits,capital gains
2026-04-02 09:30:00-04:00,244.94000244140625,245.32000732421875,244.8699951171875,244.99000549316406,1979686,0.0,0.0,0.0
2026-04-02 09:31:00-04:00,245.0,245.4199981689453,244.97000122070312,245.38999938964844,222197,0.0,0.0,0.0
2026-04-02 09:32:00-04:00,245.38999938964844,245.42999267578125,244.9949951171875,245.08999633789062,125793,0.0,0.0,0.0
2026-04-02 09:33:00-04:00,245.08999633789062,245.33999633789062,244.94000244140625,245.3000030517578,173787,0.0,0.0,0.0
2026-04-02 09:34:00-04:00,245.30999755859375,245.3699951171875,245.14999389648438,245.36000061035156,109588,0.0,0.0,0.0
2026-04-02 09:35:00-04:00,245.36000061035156,245.38999938964844,245.02000427246094,245.0399932861328,71399,0.0,0.0,0.0
2026-04-02 09:36:00-04:00,245.07000732421875,245.28750610351562,244.97999572753906,245.04989624023438,127357,0.0,0.0,0.0
2026-04-02 09:37:00-04:00,245.05999755859375,245.36000061035156,244.99000549316406,245.36000061035156,117982,0.0,0.0,0.0
2026-04-02 09:38:00-04:00,245.36000061035156,245.5800018310547,245.25999450683594,245.3699951171875,181933,0.0,0.0,0.0
2026-04-02 09:39:00-04:00,245.3699951171875,245.3699951171875,244.97999572753906,244.97999572753906,130594,0.0,0.0,0.0
2026-04-02 09:40:00-04:00,244.99000549316406,245.14999389648438,244.8800048828125,245.08999633789062,214706,0.0,0.0,0.0
2026-04-02 09:41:00-04:00,245.1199951171875,245.6999969482422,245.07000732421875,245.6999969482422,210200,0.0,0.0,0.0
2026-04-02 09:42:00-04:00,245.67999267578125,245.72999572753906,245.2899932861328,245.33999633789062,223552,0.0,0.0,0.0
2026-04-02 09:43:00-04:00,245.34500122070312,245.5,245.22999572753906,245.36500549316406,85295,0.0,0.0,0.0
2026-04-02 09:44:00-04:00,245.35000610351562,245.5399932861328,245.33999633789062,245.41000366210938,126491,0.0,0.0,0.0
2026-04-02 09:45:00-04:00,245.4199981689453,245.6199951171875,245.3300018310547,245.50999450683594,241443,0.0,0.0,0.0
2026-04-02 09:46:00-04:00,245.50999450683594,245.9600067138672,245.50999450683594,245.9600067138672,143758,0.0,0.0,0.0
2026-04-02 09:47:00-04:00,245.97000122070312,246.22999572753906,245.92669677734375,246.1699981689453,188123,0.0,0.0,0.0
2026-04-02 09:48:00-04:00,246.1699981689453,246.25999450683594,245.94500732421875,246.1300048828125,154840,0.0,0.0,0.0
2026-04-02 09:49:00-04:00,246.1199951171875,246.24000549316406,246.02000427246094,246.0399932861328,197475,0.0,0.0,0.0
2026-04-02 09:50:00-04:00,246.0500030517578,246.27999877929688,245.97999572753906,246.22999572753906,97651,0.0,0.0,0.0
2026-04-02 09:51:00-04:00,246.2550048828125,246.41000366210938,246.2100067138672,246.27999877929688,121069,0.0,0.0,0.0
2026-04-02 09:52:00-04:00,246.24000549316406,246.3300018310547,245.9600067138672,245.97000122070312,192857,0.0,0.0,0.0
2026-04-02 09:53:00-04:00,245.9600067138672,246.55999755859375,245.94000244140625,246.42999267578125,133213,0.0,0.0,0.0
2026-04-02 09:54:00-04:00,246.41000366210938,246.63999938964844,246.36500549316406,246.4199981689453,161190,0.0,0.0,0.0
2026-04-02 09:55:00-04:00,246.4199981689453,246.5800018310547,246.3000030517578,246.38999938964844,116476,0.0,0.0,0.0
2026-04-02 09:56:00-04:00,246.3800048828125,246.44000244140625,246.26499938964844,246.32000732421875,88814,0.0,0.0,0.0
2026-04-02 09:57:00-04:00,246.30999755859375,246.64999389648438,246.17999267578125,246.58999633789062,88181,0.0,0.0,0.0
2026-04-02 09:58:00-04:00,246.60000610351562,246.8000030517578,246.5399932861328,246.8000030517578,139633,0.0,0.0,0.0
2026-04-02 09:59:00-04:00,246.77000427246094,246.94000244140625,246.74000549316406,246.9199981689453,189373,0.0,0.0,0.0
2026-04-02 10:00:00-04:00,246.92999267578125,247.02999877929688,246.61000061035156,246.67999267578125,186933,0.0,0.0,0.0
2026-04-02 10:01:00-04:00,246.66009521484375,246.77000427246094,246.55999755859375,246.6699981689453,115294,0.0,0.0,0.0
2026-04-02 10:02:00-04:00,246.66000366210938,246.7899932861328,246.47000122070312,246.5,158215,0.0,0.0,0.0
2026-04-02 10:03:00-04:00,246.5,246.75,246.4199981689453,246.6999969482422,297589,0.0,0.0,0.0
2026-04-02 10:04:00-04:00,246.67999267578125,246.8000030517578,246.63999938964844,246.72999572753906,62065,0.0,0.0,0.0
2026-04-02 10:05:00-04:00,246.72999572753906,246.7899932861328,246.42999267578125,246.6999969482422,79662,0.0,0.0,0.0
2026-04-02 10:06:00-04:00,246.69000244140625,247.10000610351562,246.6199951171875,247.0989990234375,92392,0.0,0.0,0.0
2026-04-02 10:07:00-04:00,247.0800018310547,247.23500061035156,246.94000244140625,246.97999572753906,107721,0.0,0.0,0.0
2026-04-02 10:08:00-04:00,246.99000549316406,247.1999969482422,246.89999389648438,247.13499450683594,78598,0.0,0.0,0.0
2026-04-02 10:09:00-04:00,247.1300048828125,247.24000549316406,247.05999755859375,247.11000061035156,70656,0.0,0.0,0.0
2026-04-02 10:10:00-04:00,247.10000610351562,247.13999938964844,246.80999755859375,246.97500610351562,166225,0.0,0.0,0.0
2026-04-02 10:11:00-04:00,246.97000122070312,247.38999938964844,246.94000244140625,247.22999572753906,130977,0.0,0.0,0.0
2026-04-02 10:12:00-04:00,247.2050018310547,247.22999572753906,246.97999572753906,247.00999450683594,52366,0.0,0.0,0.0
2026-04-02 10:13:00-04:00,247.00999450683594,247.1300048828125,246.9499969482422,247.05999755859375,144029,0.0,0.0,0.0
2026-04-02 10:14:00-04:00,247.0500030517578,247.3000030517578,246.9600067138672,247.02499389648438,218819,0.0,0.0,0.0
2026-04-02 10:15:00-04:00,247.0,247.19000244140625,246.9499969482422,247.14999389648438,141713,0.0,0.0,0.0
2026-04-02 10:16:00-04:00,247.13999938964844,247.5,247.0,247.0500030517578,132213,0.0,0.0,0.0
2026-04-02 10:17:00-04:00,247.0399932861328,247.3300018310547,247.0,247.30999755859375,70775,0.0,0.0,0.0
2026-04-02 10:18:00-04:00,247.27999877929688,247.6199951171875,247.24000549316406,247.55999755859375,65719,0.0,0.0,0.0
2026-04-02 10:19:00-04:00,247.55999755859375,247.63999938964844,247.47999572753906,247.5399932861328,48965,0.0,0.0,0.0
2026-04-02 10:20:00-04:00,247.54200744628906,247.72000122070312,247.52000427246094,247.57000732421875,93591,0.0,0.0,0.0
2026-04-02 10:21:00-04:00,247.57000732421875,247.9499969482422,247.57000732421875,247.89999389648438,67753,0.0,0.0,0.0
2026-04-02 10:22:00-04:00,247.88999938964844,247.97999572753906,247.80999755859375,247.91000366210938,45298,0.0,0.0,0.0
2026-04-02 10:23:00-04:00,247.8800048828125,247.9949951171875,247.8000030517578,247.80499267578125,104268,0.0,0.0,0.0
2026-04-02 10:24:00-04:00,247.81500244140625,247.85000610351562,247.69000244140625,247.83999633789062,96375,0.0,0.0,0.0
2026-04-02 10:25:00-04:00,247.8300018310547,247.83999633789062,247.49000549316406,247.64999389648438,171452,0.0,0.0,0.0
2026-04-02 10:26:00-04:00,247.64999389648438,247.8800048828125,247.64999389648438,247.67999267578125,72055,0.0,0.0,0.0
2026-04-02 10:27:00-04:00,247.66000366210938,247.83999633789062,247.50999450683594,247.66000366210938,160100,0.0,0.0,0.0
2026-04-02 10:28:00-04:00,247.6750030517578,247.91000366210938,247.6750030517578,247.9001007080078,48503,0.0,0.0,0.0
2026-04-02 10:29:00-04:00,247.8800048828125,247.97000122070312,247.72999572753906,247.7899932861328,41585,0.0,0.0,0.0
2026-04-02 10:30:00-04:00,247.77000427246094,247.88999938964844,247.67999267578125,247.83999633789062,47233,0.0,0.0,0.0
2026-04-02 10:31:00-04:00,247.91000366210938,248.10000610351562,247.91000366210938,248.02999877929688,52327,0.0,0.0,0.0
2026-04-02 10:32:00-04:00,248.03500366210938,248.42999267578125,247.9600067138672,248.2899932861328,93615,0.0,0.0,0.0
2026-04-02 10:33:00-04:00,248.25,248.89999389648438,248.25,248.8699951171875,102939,0.0,0.0,0.0
2026-04-02 10:34:00-04:00,248.86500549316406,248.97000122070312,248.74000549316406,248.88999938964844,233768,0.0,0.0,0.0
2026-04-02 10:35:00-04:00,248.8800048828125,249.85000610351562,248.8800048828125,249.74000549316406,281160,0.0,0.0,0.0
2026-04-02 10:36:00-04:00,249.6999969482422,251.5500030517578,249.5399932861328,251.24000549316406,483279,0.0,0.0,0.0
2026-04-02 10:37:00-04:00,251.27000427246094,252.36000061035156,251.00999450683594,251.88999938964844,828148,0.0,0.0,0.0
2026-04-02 10:38:00-04:00,251.92999267578125,251.92999267578125,250.58999633789062,250.6999969482422,699396,0.0,0.0,0.0
2026-04-02 10:39:00-04:00,250.7100067138672,251.36000061035156,250.3000030517578,251.17999267578125,256460,0.0,0.0,0.0
2026-04-02 10:40:00-04:00,251.13999938964844,251.13999938964844,250.3000030517578,250.4199981689453,259455,0.0,0.0,0.0
2026-04-02 10:41:00-04:00,250.44000244140625,250.5500030517578,250.08999633789062,250.27999877929688,213127,0.0,0.0,0.0
2026-04-02 10:42:00-04:00,250.28500366210938,250.7100067138672,250.28500366210938,250.57000732421875,123388,0.0,0.0,0.0
2026-04-02 10:43:00-04:00,250.5,251.13999938964844,250.44000244140625,250.88999938964844,104529,0.0,0.0,0.0
2026-04-02 10:44:00-04:00,250.89999389648438,251.27000427246094,250.82000732421875,251.17999267578125,239146,0.0,0.0,0.0
2026-04-02 10:45:00-04:00,251.2100067138672,251.27999877929688,251.0500030517578,251.07000732421875,63931,0.0,0.0,0.0
2026-04-02 10:46:00-04:00,251.05999755859375,251.07000732421875,250.42999267578125,250.52000427246094,103896,0.0,0.0,0.0
2026-04-02 10:47:00-04:00,250.5,250.63499450683594,250.36000061035156,250.58999633789062,72476,0.0,0.0,0.0
2026-04-02 10:48:00-04:00,250.5500030517578,250.60000610351562,250.25,250.25,192153,0.0,0.0,0.0
2026-04-02 10:49:00-04:00,250.27000427246094,250.2899932861328,249.91000366210938,249.92999267578125,118618,0.0,0.0,0.0
2026-04-02 10:50:00-04:00,249.94000244140625,250.08999633789062,249.5800018310547,249.85000610351562,99246,0.0,0.0,0.0
2026-04-02 10:51:00-04:00,249.8300018310547,249.97000122070312,249.67999267578125,249.75999450683594,70227,0.0,0.0,0.0
2026-04-02 10:52:00-04:00,249.72999572753906,250.3699951171875,249.64999389648438,250.3699951171875,200623,0.0,0.0,0.0
2026-04-02 10:53:00-04:00,250.36000061035156,250.58999633789062,250.14999389648438,250.19500732421875,60168,0.0,0.0,0.0
2026-04-02 10:54:00-04:00,250.2050018310547,250.60000610351562,250.2050018310547,250.47000122070312,43492,0.0,0.0,0.0
2026-04-02 10:55:00-04:00,250.49000549316406,250.85000610351562,250.38999938964844,250.75,61662,0.0,0.0,0.0
2026-04-02 10:56:00-04:00,250.72999572753906,250.9199981689453,250.67999267578125,250.8000030517578,38131,0.0,0.0,0.0
2026-04-02 10:57:00-04:00,250.77000427246094,251.0500030517578,250.6199951171875,250.99000549316406,74104,0.0,0.0,0.0
2026-04-02 10:58:00-04:00,251.0,251.1300048828125,250.9149932861328,251.02000427246094,67961,0.0,0.0,0.0
2026-04-02 10:59:00-04:00,251.00999450683594,251.00999450683594,250.7100067138672,250.7899932861328,84035,0.0,0.0,0.0
2026-04-02 11:00:00-04:00,250.8300018310547,250.8300018310547,250.1199951171875,250.19000244140625,110105,0.0,0.0,0.0
2026-04-02 11:01:00-04:00,250.22000122070312,250.33999633789062,250.02000427246094,250.1199951171875,80434,0.0,0.0,0.0
2026-04-02 11:02:00-04:00,250.1999969482422,250.1999969482422,249.91000366210938,249.9199981689453,52316,0.0,0.0,0.0
2026-04-02 11:03:00-04:00,249.92999267578125,250.35000610351562,249.83999633789062,250.35000610351562,91307,0.0,0.0,0.0
2026-04-02 11:04:00-04:00,250.35000610351562,250.63999938964844,250.24000549316406,250.5200958251953,66975,0.0,0.0,0.0
2026-04-02 11:05:00-04:00,250.49000549316406,250.58999633789062,250.13999938964844,250.25,77400,0.0,0.0,0.0
2026-04-02 11:06:00-04:00,250.22999572753906,250.36000061035156,250.10000610351562,250.11000061035156,37942,0.0,0.0,0.0
2026-04-02 11:07:00-04:00,250.0800018310547,250.17999267578125,249.89999389648438,249.9199981689453,29032,0.0,0.0,0.0
2026-04-02 11:08:00-04:00,249.9499969482422,250.1999969482422,249.91000366210938,250.19000244140625,41864,0.0,0.0,0.0
2026-04-02 11:09:00-04:00,250.1699981689453,250.3699951171875,250.0500030517578,250.3699951171875,24427,0.0,0.0,0.0
2026-04-02 11:10:00-04:00,250.36000061035156,250.6898956298828,250.24000549316406,250.61500549316406,37929,0.0,0.0,0.0
2026-04-02 11:11:00-04:00,250.60000610351562,250.83999633789062,250.5301055908203,250.66000366210938,94416,0.0,0.0,0.0
2026-04-02 11:12:00-04:00,250.63999938964844,250.97000122070312,250.63499450683594,250.93319702148438,59420,0.0,0.0,0.0
2026-04-02 11:13:00-04:00,250.94000244140625,251.02499389648438,250.86000061035156,250.93499755859375,71716,0.0,0.0,0.0
2026-04-02 11:14:00-04:00,250.9199981689453,250.9199981689453,250.69000244140625,250.8300018310547,70507,0.0,0.0,0.0
2026-04-02 11:15:00-04:00,250.84500122070312,250.89500427246094,250.6999969482422,250.88999938964844,33909,0.0,0.0,0.0
2026-04-02 11:16:00-04:00,250.8800048828125,251.0,250.8300018310547,250.99000549316406,20031,0.0,0.0,0.0
2026-04-02 11:17:00-04:00,251.02000427246094,251.13999938964844,250.86000061035156,250.88999938964844,54680,0.0,0.0,0.0
2026-04-02 11:18:00-04:00,250.83999633789062,250.91000366210938,250.6300048828125,250.8800048828125,48245,0.0,0.0,0.0
2026-04-02 11:19:00-04:00,250.8800048828125,251.00999450683594,250.86000061035156,250.86000061035156,54125,0.0,0.0,0.0
2026-04-02 11:20:00-04:00,250.8699951171875,250.8699951171875,250.33999633789062,250.4499969482422,65787,0.0,0.0,0.0
2026-04-02 11:21:00-04:00,250.47999572753906,250.55999755859375,250.16000366210938,250.42999267578125,70599,0.0,0.0,0.0
2026-04-02 11:22:00-04:00,250.41749572753906,250.6199951171875,250.14999389648438,250.14999389648438,41215,0.0,0.0,0.0
2026-04-02 11:23:00-04:00,250.17999267578125,250.3699951171875,250.17999267578125,250.32000732421875,39036,0.0,0.0,0.0
2026-04-02 11:24:00-04:00,250.33999633789062,250.63999938964844,250.2899932861328,250.5,58990,0.0,0.0,0.0
2026-04-02 11:25:00-04:00,250.5,250.5,250.14999389648438,250.27999877929688,55283,0.0,0.0,0.0
2026-04-02 11:26:00-04:00,250.2899932861328,250.69000244140625,250.25,250.60000610351562,79335,0.0,0.0,0.0
2026-04-02 11:27:00-04:00,250.5850067138672,250.82000732421875,250.50999450683594,250.82000732421875,24012,0.0,0.0,0.0
2026-04-02 11:28:00-04:00,250.83999633789062,251.07000732421875,250.83999633789062,251.05999755859375,134032,0.0,0.0,0.0
2026-04-02 11:29:00-04:00,251.0500030517578,251.0500030517578,250.86000061035156,250.9600067138672,48017,0.0,0.0,0.0
2026-04-02 11:30:00-04:00,250.97000122070312,251.02999877929688,250.72999572753906,250.86000061035156,60031,0.0,0.0,0.0
2026-04-02 11:31:00-04:00,250.85000610351562,250.8800048828125,250.69000244140625,250.82000732421875,34299,0.0,0.0,0.0
2026-04-02 11:32:00-04:00,250.82000732421875,250.86000061035156,250.77000427246094,250.8000030517578,24347,0.0,0.0,0.0
2026-04-02 11:33:00-04:00,250.75,250.8000030517578,250.4801025390625,250.55999755859375,54227,0.0,0.0,0.0
2026-04-02 11:34:00-04:00,250.56500244140625,250.85000610351562,250.50999450683594,250.80999755859375,49037,0.0,0.0,0.0
2026-04-02 11:35:00-04:00,250.8300018310547,250.97000122070312,250.75,250.90499877929688,53009,0.0,0.0,0.0
2026-04-02 11:36:00-04:00,250.9199981689453,251.11000061035156,250.9199981689453,251.11000061035156,34546,0.0,0.0,0.0
2026-04-02 11:37:00-04:00,251.10000610351562,251.2550048828125,251.00999450683594,251.0500030517578,35745,0.0,0.0,0.0
2026-04-02 11:38:00-04:00,251.0399932861328,251.0500030517578,250.83999633789062,250.9199981689453,46503,0.0,0.0,0.0
2026-04-02 11:39:00-04:00,250.9499969482422,251.02000427246094,250.72999572753906,250.82000732421875,29639,0.0,0.0,0.0
2026-04-02 11:40:00-04:00,250.82000732421875,250.8968048095703,250.66000366210938,250.72000122070312,38181,0.0,0.0,0.0
2026-04-02 11:41:00-04:00,250.7100067138672,250.75999450683594,250.35000610351562,250.4499969482422,48049,0.0,0.0,0.0
2026-04-02 11:42:00-04:00,250.4600067138672,250.47999572753906,250.17999267578125,250.2899932861328,32659,0.0,0.0,0.0
2026-04-02 11:43:00-04:00,250.3000030517578,250.44000244140625,250.1999969482422,250.44000244140625,31827,0.0,0.0,0.0
2026-04-02 11:44:00-04:00,250.44000244140625,250.75999450683594,250.44000244140625,250.72000122070312,32501,0.0,0.0,0.0
2026-04-02 11:45:00-04:00,250.72999572753906,250.74000549316406,250.36000061035156,250.39999389648438,40705,0.0,0.0,0.0
2026-04-02 11:46:00-04:00,250.38999938964844,250.55999755859375,250.33999633789062,250.44000244140625,38247,0.0,0.0,0.0
2026-04-02 11:47:00-04:00,250.42999267578125,250.50999450683594,250.24000549316406,250.47000122070312,39953,0.0,0.0,0.0
2026-04-02 11:48:00-04:00,250.4600067138672,250.5,250.0800018310547,250.24000549316406,36140,0.0,0.0,0.0
2026-04-02 11:49:00-04:00,250.25,250.25,250.0850067138672,250.1699981689453,35670,0.0,0.0,0.0
2026-04-02 11:50:00-04:00,250.17999267578125,250.17999267578125,249.7899932861328,249.80999755859375,55523,0.0,0.0,0.0
2026-04-02 11:51:00-04:00,249.8800048828125,249.94000244140625,249.64999389648438,249.75999450683594,53495,0.0,0.0,0.0
2026-04-02 11:52:00-04:00,249.72999572753906,250.17999267578125,249.72999572753906,250.17999267578125,36001,0.0,0.0,0.0
2026-04-02 11:53:00-04:00,250.1300048828125,250.19000244140625,250.11000061035156,250.1300048828125,10436,0.0,0.0,0.0
2026-04-02 11:54:00-04:00,250.14999389648438,250.58999633789062,250.10000610351562,250.55999755859375,46503,0.0,0.0,0.0
2026-04-02 11:55:00-04:00,250.52999877929688,250.7100067138672,250.4499969482422,250.7100067138672,37016,0.0,0.0,0.0
2026-04-02 11:56:00-04:00,250.74000549316406,250.74000549316406,250.47999572753906,250.50999450683594,24664,0.0,0.0,0.0
2026-04-02 11:57:00-04:00,250.5,250.56399536132812,250.24000549316406,250.36000061035156,27454,0.0,0.0,0.0
2026-04-02 11:58:00-04:00,250.375,250.41000366210938,250.27000427246094,250.3000030517578,14890,0.0,0.0,0.0
2026-04-02 11:59:00-04:00,250.3300018310547,250.47000122070312,250.3300018310547,250.36000061035156,14353,0.0,0.0,0.0
2026-04-02 12:00:00-04:00,250.3800048828125,250.5500030517578,250.3800048828125,250.3800048828125,16671,0.0,0.0,0.0
2026-04-02 12:01:00-04:00,250.38999938964844,250.8249969482422,250.38999938964844,250.77999877929688,44513,0.0,0.0,0.0
2026-04-02 12:02:00-04:00,250.75,250.75999450683594,250.50999450683594,250.5800018310547,24812,0.0,0.0,0.0
2026-04-02 12:03:00-04:00,250.5399932861328,250.6199951171875,250.4499969482422,250.5399932861328,23301,0.0,0.0,0.0
2026-04-02 12:04:00-04:00,250.5399932861328,250.55999755859375,250.1999969482422,250.2899932861328,34235,0.0,0.0,0.0
2026-04-02 12:05:00-04:00,250.25999450683594,250.3699951171875,250.22000122070312,250.3300018310547,10268,0.0,0.0,0.0
2026-04-02 12:06:00-04:00,250.28990173339844,250.29930114746094,250.16000366210938,250.1699981689453,20487,0.0,0.0,0.0
2026-04-02 12:07:00-04:00,250.1699981689453,250.1699981689453,249.97999572753906,250.02000427246094,18414,0.0,0.0,0.0
2026-04-02 12:08:00-04:00,250.0,250.0500030517578,249.7100067138672,249.74000549316406,17646,0.0,0.0,0.0
2026-04-02 12:09:00-04:00,249.72999572753906,250.13999938964844,249.72999572753906,250.0800018310547,30365,0.0,0.0,0.0
2026-04-02 12:10:00-04:00,250.0800018310547,250.14999389648438,249.9600067138672,250.00999450683594,16949,0.0,0.0,0.0
2026-04-02 12:11:00-04:00,249.99000549316406,250.0449981689453,249.88999938964844,249.99000549316406,23917,0.0,0.0,0.0
2026-04-02 12:12:00-04:00,249.97999572753906,250.10000610351562,249.94000244140625,249.97000122070312,18161,0.0,0.0,0.0
2026-04-02 12:13:00-04:00,249.9499969482422,250.1300048828125,249.8800048828125,250.1199951171875,13484,0.0,0.0,0.0
2026-04-02 12:14:00-04:00,250.0399932861328,250.1300048828125,249.97999572753906,250.02000427246094,45451,0.0,0.0,0.0
2026-04-02 12:15:00-04:00,249.97999572753906,250.02000427246094,249.89999389648438,249.9550018310547,14862,0.0,0.0,0.0
2026-04-02 12:16:00-04:00,249.9600067138672,250.08999633789062,249.86000061035156,249.88999938964844,48492,0.0,0.0,0.0
2026-04-02 12:17:00-04:00,249.88999938964844,249.9499969482422,249.72999572753906,249.8300018310547,28077,0.0,0.0,0.0
2026-04-02 12:18:00-04:00,249.86000061035156,249.9199981689453,249.7100067138672,249.7100067138672,30736,0.0,0.0,0.0
2026-04-02 12:19:00-04:00,249.75999450683594,249.80999755859375,249.50999450683594,249.52000427246094,91045,0.0,0.0,0.0
2026-04-02 12:20:00-04:00,249.5,249.57000732421875,249.2675018310547,249.4600067138672,47070,0.0,0.0,0.0
2026-04-02 12:21:00-04:00,249.47999572753906,249.66000366210938,249.4199981689453,249.6199951171875,52194,0.0,0.0,0.0
2026-04-02 12:22:00-04:00,249.61000061035156,249.8000030517578,249.60000610351562,249.75,21882,0.0,0.0,0.0
2026-04-02 12:23:00-04:00,249.72999572753906,249.83999633789062,249.5399932861328,249.57000732421875,18517,0.0,0.0,0.0
2026-04-02 12:24:00-04:00,249.625,249.69000244140625,249.55999755859375,249.55999755859375,13480,0.0,0.0,0.0
2026-04-02 12:25:00-04:00,249.5399932861328,249.5850067138672,249.38499450683594,249.4199981689453,22893,0.0,0.0,0.0
2026-04-02 12:26:00-04:00,249.4199981689453,249.61000061035156,249.4199981689453,249.5800018310547,76357,0.0,0.0,0.0
2026-04-02 12:27:00-04:00,249.60000610351562,249.7100067138672,249.5500030517578,249.7100067138672,80873,0.0,0.0,0.0
2026-04-02 12:28:00-04:00,249.72999572753906,249.92999267578125,249.6300048828125,249.75,42200,0.0,0.0,0.0
2026-04-02 12:29:00-04:00,249.72000122070312,249.72000122070312,249.61000061035156,249.61000061035156,130619,0.0,0.0,0.0
2026-04-02 12:30:00-04:00,249.60000610351562,249.67999267578125,249.52000427246094,249.52000427246094,24982,0.0,0.0,0.0
2026-04-02 12:31:00-04:00,249.5500030517578,249.83999633789062,249.52000427246094,249.77999877929688,24800,0.0,0.0,0.0
2026-04-02 12:32:00-04:00,249.82000732421875,250.16000366210938,249.77000427246094,250.1300048828125,46488,0.0,0.0,0.0
2026-04-02 12:33:00-04:00,250.14500427246094,250.2899932861328,250.0050048828125,250.15989685058594,26700,0.0,0.0,0.0
2026-04-02 12:34:00-04:00,250.16000366210938,250.22999572753906,250.02999877929688,250.02999877929688,41446,0.0,0.0,0.0
2026-04-02 12:35:00-04:00,250.02999877929688,250.13999938964844,249.9600067138672,250.07000732421875,32615,0.0,0.0,0.0
2026-04-02 12:36:00-04:00,250.07899475097656,250.07899475097656,249.64999389648438,249.83999633789062,97784,0.0,0.0,0.0
2026-04-02 12:37:00-04:00,249.8699951171875,249.94000244140625,249.72000122070312,249.85000610351562,27863,0.0,0.0,0.0
2026-04-02 12:38:00-04:00,249.8699951171875,249.89999389648438,249.4600067138672,249.7100067138672,35283,0.0,0.0,0.0
2026-04-02 12:39:00-04:00,249.6999969482422,249.88999938964844,249.6699981689453,249.8000030517578,15044,0.0,0.0,0.0
2026-04-02 12:40:00-04:00,249.8000030517578,250.6699981689453,249.77999877929688,250.14999389648438,362155,0.0,0.0,0.0
2026-04-02 12:41:00-04:00,250.1199951171875,250.1699981689453,250.02000427246094,250.07000732421875,94327,0.0,0.0,0.0
2026-04-02 12:42:00-04:00,250.07000732421875,250.24000549316406,250.05999755859375,250.1999969482422,23365,0.0,0.0,0.0
2026-04-02 12:43:00-04:00,250.19000244140625,250.2899932861328,250.1300048828125,250.27999877929688,17877,0.0,0.0,0.0
2026-04-02 12:44:00-04:00,250.30999755859375,250.4499969482422,250.3000030517578,250.3000030517578,68600,0.0,0.0,0.0
2026-04-02 12:45:00-04:00,250.2949981689453,250.44000244140625,250.25999450683594,250.39999389648438,32927,0.0,0.0,0.0
2026-04-02 12:46:00-04:00,250.39999389648438,250.4550018310547,250.36000061035156,250.39999389648438,39413,0.0,0.0,0.0
2026-04-02 12:47:00-04:00,250.3800048828125,250.47000122070312,250.3000030517578,250.44000244140625,74913,0.0,0.0,0.0
2026-04-02 12:48:00-04:00,250.44000244140625,250.44000244140625,250.24000549316406,250.25,21027,0.0,0.0,0.0
2026-04-02 12:49:00-04:00,250.22999572753906,250.33999633789062,250.1999969482422,250.2899932861328,49584,0.0,0.0,0.0
2026-04-02 12:50:00-04:00,250.3000030517578,250.36000061035156,250.24000549316406,250.27000427246094,35172,0.0,0.0,0.0
2026-04-02 12:51:00-04:00,250.25999450683594,250.25999450683594,250.0800018310547,250.1999053955078,25473,0.0,0.0,0.0
2026-04-02 12:52:00-04:00,250.1999969482422,250.30999755859375,250.17999267578125,250.2899932861328,11621,0.0,0.0,0.0
2026-04-02 12:53:00-04:00,250.27999877929688,250.38999938964844,250.27499389648438,250.32000732421875,23178,0.0,0.0,0.0
2026-04-02 12:54:00-04:00,250.32000732421875,250.36000061035156,250.27000427246094,250.3000030517578,24232,0.0,0.0,0.0
2026-04-02 12:55:00-04:00,250.2949981689453,250.3000030517578,250.1999969482422,250.2449951171875,33881,0.0,0.0,0.0
2026-04-02 12:56:00-04:00,250.22999572753906,250.22999572753906,250.11500549316406,250.16000366210938,27629,0.0,0.0,0.0
2026-04-02 12:57:00-04:00,250.13999938964844,250.22000122070312,250.02999877929688,250.07000732421875,22033,0.0,0.0,0.0
2026-04-02 12:58:00-04:00,250.0399932861328,250.13999938964844,249.9600067138672,250.05999755859375,31292,0.0,0.0,0.0
2026-04-02 12:59:00-04:00,250.07000732421875,250.1300048828125,249.89999389648438,249.91000366210938,15484,0.0,0.0,0.0
2026-04-02 13:00:00-04:00,249.89500427246094,249.97500610351562,249.6699981689453,249.67990112304688,27117,0.0,0.0,0.0
2026-04-02 13:01:00-04:00,249.69000244140625,249.75010681152344,249.63999938964844,249.64999389648438,22391,0.0,0.0,0.0
2026-04-02 13:02:00-04:00,249.64999389648438,249.72000122070312,249.60000610351562,249.67999267578125,13511,0.0,0.0,0.0
2026-04-02 13:03:00-04:00,249.6999969482422,250.02999877929688,249.6999969482422,249.97999572753906,18176,0.0,0.0,0.0
2026-04-02 13:04:00-04:00,249.97999572753906,250.11000061035156,249.9499969482422,250.0500030517578,37030,0.0,0.0,0.0
2026-04-02 13:05:00-04:00,249.97999572753906,250.0800018310547,249.94000244140625,250.02999877929688,20648,0.0,0.0,0.0
2026-04-02 13:06:00-04:00,250.07000732421875,250.1300048828125,249.9499969482422,250.05999755859375,22742,0.0,0.0,0.0
2026-04-02 13:07:00-04:00,250.05999755859375,250.16000366210938,250.05999755859375,250.11000061035156,14544,0.0,0.0,0.0
2026-04-02 13:08:00-04:00,250.093994140625,250.093994140625,249.85000610351562,249.8800048828125,17583,0.0,0.0,0.0
2026-04-02 13:09:00-04:00,249.89999389648438,249.99000549316406,249.86000061035156,249.97000122070312,29539,0.0,0.0,0.0
2026-04-02 13:10:00-04:00,249.97000122070312,250.0,249.83999633789062,249.86000061035156,20147,0.0,0.0,0.0
2026-04-02 13:11:00-04:00,249.86500549316406,249.9199981689453,249.73500061035156,249.8000030517578,82592,0.0,0.0,0.0
2026-04-02 13:12:00-04:00,249.8000030517578,249.89999389648438,249.72999572753906,249.89830017089844,20425,0.0,0.0,0.0
2026-04-02 13:13:00-04:00,249.88999938964844,250.1199951171875,249.8800048828125,250.07000732421875,29464,0.0,0.0,0.0
2026-04-02 13:14:00-04:00,250.0800018310547,250.32000732421875,250.0749969482422,250.17999267578125,47698,0.0,0.0,0.0
2026-04-02 13:15:00-04:00,250.17999267578125,250.27999877929688,250.11500549316406,250.25,21109,0.0,0.0,0.0
2026-04-02 13:16:00-04:00,250.22999572753906,250.4600067138672,250.22000122070312,250.25999450683594,71197,0.0,0.0,0.0
2026-04-02 13:17:00-04:00,250.25,250.3000030517578,250.2100067138672,250.3000030517578,27319,0.0,0.0,0.0
2026-04-02 13:18:00-04:00,250.2899932861328,250.30999755859375,250.17999267578125,250.17999267578125,13889,0.0,0.0,0.0
2026-04-02 13:19:00-04:00,250.19000244140625,250.2899932861328,250.17999267578125,250.2899932861328,11123,0.0,0.0,0.0
2026-04-02 13:20:00-04:00,250.27000427246094,250.34500122070312,250.24000549316406,250.3300018310547,171550,0.0,0.0,0.0
2026-04-02 13:21:00-04:00,250.32000732421875,250.32000732421875,250.23500061035156,250.2550048828125,37695,0.0,0.0,0.0
2026-04-02 13:22:00-04:00,250.23500061035156,250.2899932861328,250.16000366210938,250.25,128000,0.0,0.0,0.0
2026-04-02 13:23:00-04:00,250.25,250.39999389648438,250.25,250.39999389648438,22981,0.0,0.0,0.0
2026-04-02 13:24:00-04:00,250.41000366210938,250.5050048828125,250.3699951171875,250.44000244140625,27654,0.0,0.0,0.0
2026-04-02 13:25:00-04:00,250.44000244140625,250.52000427246094,250.3699951171875,250.39999389648438,16125,0.0,0.0,0.0
2026-04-02 13:26:00-04:00,250.39999389648438,250.4199981689453,250.32000732421875,250.3300018310547,20196,0.0,0.0,0.0
2026-04-02 13:27:00-04:00,250.32249450683594,250.3800048828125,250.3000030517578,250.3800048828125,8997,0.0,0.0,0.0
2026-04-02 13:28:00-04:00,250.375,250.4250030517578,250.3300018310547,250.39999389648438,13181,0.0,0.0,0.0
2026-04-02 13:29:00-04:00,250.41000366210938,250.44000244140625,250.3699951171875,250.42559814453125,10777,0.0,0.0,0.0
2026-04-02 13:30:00-04:00,250.43499755859375,250.5050048828125,250.3800048828125,250.3800048828125,88104,0.0,0.0,0.0
2026-04-02 13:31:00-04:00,250.38999938964844,250.44000244140625,250.25,250.25,27190,0.0,0.0,0.0
2026-04-02 13:32:00-04:00,250.27999877929688,250.32000732421875,250.21499633789062,250.28500366210938,11015,0.0,0.0,0.0
2026-04-02 13:33:00-04:00,250.27499389648438,250.30999755859375,250.13999938964844,250.2100067138672,19888,0.0,0.0,0.0
2026-04-02 13:34:00-04:00,250.1999969482422,250.35000610351562,250.1999969482422,250.27999877929688,17166,0.0,0.0,0.0
2026-04-02 13:35:00-04:00,250.27000427246094,250.27999877929688,250.08999633789062,250.1199951171875,35530,0.0,0.0,0.0
2026-04-02 13:36:00-04:00,250.16000366210938,250.19000244140625,250.07000732421875,250.11000061035156,20650,0.0,0.0,0.0
2026-04-02 13:37:00-04:00,250.1199951171875,250.1300048828125,250.02000427246094,250.07000732421875,15644,0.0,0.0,0.0
2026-04-02 13:38:00-04:00,250.08999633789062,250.1999969482422,250.0500030517578,250.11000061035156,22721,0.0,0.0,0.0
2026-04-02 13:39:00-04:00,250.1199951171875,250.27000427246094,250.11000061035156,250.22999572753906,17403,0.0,0.0,0.0
2026-04-02 13:40:00-04:00,250.23500061035156,250.32000732421875,250.2100067138672,250.21009826660156,15093,0.0,0.0,0.0
2026-04-02 13:41:00-04:00,250.22000122070312,250.2899932861328,250.13999938964844,250.16000366210938,19641,0.0,0.0,0.0
2026-04-02 13:42:00-04:00,250.14999389648438,250.14999389648438,250.0500030517578,250.1199951171875,18415,0.0,0.0,0.0
2026-04-02 13:43:00-04:00,250.1199951171875,250.1999969482422,250.0800018310547,250.14999389648438,11491,0.0,0.0,0.0
2026-04-02 13:44:00-04:00,250.14999389648438,250.27999877929688,250.13999938964844,250.27000427246094,15521,0.0,0.0,0.0
2026-04-02 13:45:00-04:00,250.2550048828125,250.2899932861328,250.08999633789062,250.08999633789062,22411,0.0,0.0,0.0
2026-04-02 13:46:00-04:00,250.08999633789062,250.10000610351562,249.9199981689453,249.99000549316406,54117,0.0,0.0,0.0
2026-04-02 13:47:00-04:00,249.99000549316406,249.99000549316406,249.72999572753906,249.7899932861328,48809,0.0,0.0,0.0
2026-04-02 13:48:00-04:00,249.7899932861328,249.80999755859375,249.58999633789062,249.6300048828125,33989,0.0,0.0,0.0
2026-04-02 13:49:00-04:00,249.64999389648438,249.66000366210938,249.55999755859375,249.60499572753906,28039,0.0,0.0,0.0
2026-04-02 13:50:00-04:00,249.58999633789062,249.80999755859375,249.58999633789062,249.75,23619,0.0,0.0,0.0
2026-04-02 13:51:00-04:00,249.74000549316406,249.82000732421875,249.66000366210938,249.66000366210938,22115,0.0,0.0,0.0
2026-04-02 13:52:00-04:00,249.6300048828125,249.69500732421875,249.5,249.58999633789062,45242,0.0,0.0,0.0
2026-04-02 13:53:00-04:00,249.6300048828125,249.7899932861328,249.61500549316406,249.69000244140625,16769,0.0,0.0,0.0
2026-04-02 13:54:00-04:00,249.67999267578125,249.80999755859375,249.67999267578125,249.7899932861328,28360,0.0,0.0,0.0
2026-04-02 13:55:00-04:00,249.82000732421875,249.92999267578125,249.68499755859375,249.7449951171875,17825,0.0,0.0,0.0
2026-04-02 13:56:00-04:00,249.74000549316406,249.77000427246094,249.64999389648438,249.74000549316406,9639,0.0,0.0,0.0
2026-04-02 13:57:00-04:00,249.75,249.75999450683594,249.65499877929688,249.65499877929688,11527,0.0,0.0,0.0
2026-04-02 13:58:00-04:00,249.64500427246094,249.72000122070312,249.58999633789062,249.72000122070312,14307,0.0,0.0,0.0
2026-04-02 13:59:00-04:00,249.69500732421875,249.83999633789062,249.69500732421875,249.7899932861328,14864,0.0,0.0,0.0
2026-04-02 14:00:00-04:00,249.8000030517578,250.00999450683594,249.8000030517578,249.90499877929688,24538,0.0,0.0,0.0
2026-04-02 14:01:00-04:00,249.89999389648438,249.98199462890625,249.8699951171875,249.94000244140625,25348,0.0,0.0,0.0
2026-04-02 14:02:00-04:00,249.94500732421875,249.9600067138672,249.8699951171875,249.92999267578125,13057,0.0,0.0,0.0
2026-04-02 14:03:00-04:00,249.94000244140625,250.02000427246094,249.86000061035156,249.97000122070312,35189,0.0,0.0,0.0
2026-04-02 14:04:00-04:00,249.96229553222656,250.1199951171875,249.94000244140625,250.11500549316406,20237,0.0,0.0,0.0
2026-04-02 14:05:00-04:00,250.10000610351562,250.3000030517578,250.0500030517578,250.2050018310547,41519,0.0,0.0,0.0
2026-04-02 14:06:00-04:00,250.22000122070312,250.22000122070312,250.05499267578125,250.1649932861328,63502,0.0,0.0,0.0
2026-04-02 14:07:00-04:00,250.1699981689453,250.17999267578125,250.02999877929688,250.05999755859375,21686,0.0,0.0,0.0
2026-04-02 14:08:00-04:00,250.0500030517578,250.08999633789062,249.97000122070312,250.02000427246094,22906,0.0,0.0,0.0
2026-04-02 14:09:00-04:00,250.02999877929688,250.110107421875,249.9949951171875,250.11000061035156,15791,0.0,0.0,0.0
2026-04-02 14:10:00-04:00,250.08999633789062,250.27999877929688,250.0749969482422,250.2550048828125,51978,0.0,0.0,0.0
2026-04-02 14:11:00-04:00,250.24000549316406,250.3300018310547,250.22000122070312,250.30499267578125,37771,0.0,0.0,0.0
2026-04-02 14:12:00-04:00,250.3000030517578,250.3000030517578,250.17999267578125,250.2899932861328,17571,0.0,0.0,0.0
2026-04-02 14:13:00-04:00,250.27000427246094,250.2899932861328,250.17999267578125,250.1999969482422,21025,0.0,0.0,0.0
2026-04-02 14:14:00-04:00,250.19000244140625,250.1999969482422,250.05999755859375,250.10000610351562,21642,0.0,0.0,0.0
2026-04-02 14:15:00-04:00,250.1199951171875,250.1199951171875,249.9199981689453,249.97999572753906,28025,0.0,0.0,0.0
2026-04-02 14:16:00-04:00,249.97999572753906,250.16000366210938,249.97999572753906,250.14999389648438,21188,0.0,0.0,0.0
2026-04-02 14:17:00-04:00,250.1300048828125,250.27499389648438,250.11000061035156,250.23500061035156,58700,0.0,0.0,0.0
2026-04-02 14:18:00-04:00,250.24000549316406,250.2550048828125,250.16000366210938,250.16000366210938,57572,0.0,0.0,0.0
2026-04-02 14:19:00-04:00,250.1699981689453,250.18499755859375,250.02999877929688,250.10000610351562,23939,0.0,0.0,0.0
2026-04-02 14:20:00-04:00,250.10000610351562,250.11000061035156,250.03500366210938,250.0449981689453,24863,0.0,0.0,0.0
2026-04-02 14:21:00-04:00,250.0399932861328,250.11000061035156,249.97000122070312,250.11000061035156,119940,0.0,0.0,0.0
2026-04-02 14:22:00-04:00,250.0800018310547,250.10000610351562,250.01010131835938,250.10000610351562,19655,0.0,0.0,0.0
2026-04-02 14:23:00-04:00,250.10000610351562,250.11000061035156,250.00999450683594,250.0800018310547,20991,0.0,0.0,0.0
2026-04-02 14:24:00-04:00,250.0800018310547,250.1300048828125,249.99000549316406,249.99000549316406,140174,0.0,0.0,0.0
2026-04-02 14:25:00-04:00,249.99000549316406,249.99000549316406,249.75999450683594,249.7899932861328,79476,0.0,0.0,0.0
2026-04-02 14:26:00-04:00,249.8000030517578,249.85000610351562,249.77000427246094,249.81500244140625,18567,0.0,0.0,0.0
2026-04-02 14:27:00-04:00,249.8300018310547,249.8699951171875,249.7899932861328,249.8300018310547,30199,0.0,0.0,0.0
2026-04-02 14:28:00-04:00,249.86500549316406,249.9600067138672,249.8300018310547,249.88900756835938,28092,0.0,0.0,0.0
2026-04-02 14:29:00-04:00,249.875,249.92999267578125,249.82000732421875,249.85000610351562,38438,0.0,0.0,0.0
2026-04-02 14:30:00-04:00,249.875,250.02000427246094,249.8699951171875,250.00999450683594,23451,0.0,0.0,0.0
2026-04-02 14:31:00-04:00,250.00999450683594,250.05499267578125,249.9499969482422,249.97999572753906,40703,0.0,0.0,0.0
2026-04-02 14:32:00-04:00,250.00999450683594,250.05999755859375,249.94000244140625,249.9499969482422,28412,0.0,0.0,0.0
2026-04-02 14:33:00-04:00,249.9499969482422,250.07000732421875,249.91009521484375,250.05499267578125,21182,0.0,0.0,0.0
2026-04-02 14:34:00-04:00,250.05999755859375,250.17999267578125,250.05999755859375,250.1699981689453,36912,0.0,0.0,0.0
2026-04-02 14:35:00-04:00,250.14999389648438,250.16000366210938,250.0500030517578,250.14999389648438,70147,0.0,0.0,0.0
2026-04-02 14:36:00-04:00,250.14500427246094,250.14500427246094,250.07000732421875,250.1199951171875,0,0.0,0.0,0.0
2026-04-02 14:37:00-04:00,250.11000061035156,250.19000244140625,250.07000732421875,250.18499755859375,27132,0.0,0.0,0.0
2026-04-02 14:38:00-04:00,250.19000244140625,250.19000244140625,250.0449981689453,250.07000732421875,39734,0.0,0.0,0.0
2026-04-02 14:39:00-04:00,250.07000732421875,250.1649932861328,250.07000732421875,250.1199951171875,21615,0.0,0.0,0.0
2026-04-02 14:40:00-04:00,250.1199951171875,250.47000122070312,250.10000610351562,250.4600067138672,46148,0.0,0.0,0.0
2026-04-02 14:41:00-04:00,250.46499633789062,250.6199951171875,250.41000366210938,250.50999450683594,71434,0.0,0.0,0.0
2026-04-02 14:42:00-04:00,250.51499938964844,250.5399932861328,250.4250030517578,250.47999572753906,48753,0.0,0.0,0.0
2026-04-02 14:43:00-04:00,250.48500061035156,250.48500061035156,250.30999755859375,250.3699951171875,59857,0.0,0.0,0.0
2026-04-02 14:44:00-04:00,250.36500549316406,250.5800018310547,250.36500549316406,250.55999755859375,31796,0.0,0.0,0.0
2026-04-02 14:45:00-04:00,250.5800018310547,250.7100067138672,250.52999877929688,250.66000366210938,64358,0.0,0.0,0.0
2026-04-02 14:46:00-04:00,250.65499877929688,250.7550048828125,250.58999633789062,250.72999572753906,22354,0.0,0.0,0.0
2026-04-02 14:47:00-04:00,250.72999572753906,250.77999877929688,250.6959991455078,250.71499633789062,19960,0.0,0.0,0.0
2026-04-02 14:48:00-04:00,250.7100067138672,250.77499389648438,250.6300048828125,250.6300048828125,26913,0.0,0.0,0.0
2026-04-02 14:49:00-04:00,250.63999938964844,250.72999572753906,250.625,250.72999572753906,17778,0.0,0.0,0.0
2026-04-02 14:50:00-04:00,250.75999450683594,250.77999877929688,250.66000366210938,250.6699981689453,22378,0.0,0.0,0.0
2026-04-02 14:51:00-04:00,250.72999572753906,250.75,250.6750030517578,250.7449951171875,23067,0.0,0.0,0.0
2026-04-02 14:52:00-04:00,250.75950622558594,250.89999389648438,250.75950622558594,250.88499450683594,33058,0.0,0.0,0.0
2026-04-02 14:53:00-04:00,250.88999938964844,250.96499633789062,250.8350067138672,250.84500122070312,34995,0.0,0.0,0.0
2026-04-02 14:54:00-04:00,250.8300018310547,250.85000610351562,250.72000122070312,250.75,42855,0.0,0.0,0.0
2026-04-02 14:55:00-04:00,250.75999450683594,250.75999450683594,250.66000366210938,250.7050018310547,24676,0.0,0.0,0.0
2026-04-02 14:56:00-04:00,250.7100067138672,250.7899932861328,250.67579650878906,250.72999572753906,24866,0.0,0.0,0.0
2026-04-02 14:57:00-04:00,250.72999572753906,250.7899932861328,250.72999572753906,250.75999450683594,26083,0.0,0.0,0.0
2026-04-02 14:58:00-04:00,250.77000427246094,250.8350067138672,250.75999450683594,250.7689971923828,22187,0.0,0.0,0.0
2026-04-02 14:59:00-04:00,250.77499389648438,250.77999877929688,250.6999969482422,250.76499938964844,29631,0.0,0.0,0.0
2026-04-02 15:00:00-04:00,250.77000427246094,250.86000061035156,250.75,250.83999633789062,30203,0.0,0.0,0.0
2026-04-02 15:01:00-04:00,250.83999633789062,250.9600067138672,250.83999633789062,250.92999267578125,33301,0.0,0.0,0.0
2026-04-02 15:02:00-04:00,250.92999267578125,250.9600067138672,250.8300018310547,250.8350067138672,26043,0.0,0.0,0.0
2026-04-02 15:03:00-04:00,250.83999633789062,250.83999633789062,250.7550048828125,250.77999877929688,35710,0.0,0.0,0.0
2026-04-02 15:04:00-04:00,250.78500366210938,250.7899932861328,250.7050018310547,250.75999450683594,27800,0.0,0.0,0.0
2026-04-02 15:05:00-04:00,250.77000427246094,250.94000244140625,250.75999450683594,250.85000610351562,33235,0.0,0.0,0.0
2026-04-02 15:06:00-04:00,250.85000610351562,250.89500427246094,250.8000030517578,250.89500427246094,32887,0.0,0.0,0.0
2026-04-02 15:07:00-04:00,250.89999389648438,250.9600067138672,250.85000610351562,250.94000244140625,27320,0.0,0.0,0.0
2026-04-02 15:08:00-04:00,250.9351043701172,251.0,250.85000610351562,250.99000549316406,39851,0.0,0.0,0.0
2026-04-02 15:09:00-04:00,250.99000549316406,251.02000427246094,250.92990112304688,250.9949951171875,25554,0.0,0.0,0.0
2026-04-02 15:10:00-04:00,251.02000427246094,251.06500244140625,250.97500610351562,251.0399932861328,25661,0.0,0.0,0.0
2026-04-02 15:11:00-04:00,251.05499267578125,251.14999389648438,251.0399932861328,251.09500122070312,94306,0.0,0.0,0.0
2026-04-02 15:12:00-04:00,251.08999633789062,251.15499877929688,251.07000732421875,251.13499450683594,30405,0.0,0.0,0.0
2026-04-02 15:13:00-04:00,251.125,251.125,250.88999938964844,250.92999267578125,38413,0.0,0.0,0.0
2026-04-02 15:14:00-04:00,250.92999267578125,250.92999267578125,250.83999633789062,250.875,26837,0.0,0.0,0.0
2026-04-02 15:15:00-04:00,250.88999938964844,250.9600067138672,250.8350067138672,250.85499572753906,47262,0.0,0.0,0.0
2026-04-02 15:16:00-04:00,250.86000061035156,250.86500549316406,250.77499389648438,250.8350067138672,139403,0.0,0.0,0.0
2026-04-02 15:17:00-04:00,250.8300018310547,250.86500549316406,250.77999877929688,250.80999755859375,39179,0.0,0.0,0.0
2026-04-02 15:18:00-04:00,250.7899932861328,250.82000732421875,250.6999969482422,250.72000122070312,58098,0.0,0.0,0.0
2026-04-02 15:19:00-04:00,250.72000122070312,250.88999938964844,250.7100067138672,250.8699951171875,29462,0.0,0.0,0.0
2026-04-02 15:20:00-04:00,250.86000061035156,250.89500427246094,250.77000427246094,250.77000427246094,31236,0.0,0.0,0.0
2026-04-02 15:21:00-04:00,250.7698974609375,250.77999877929688,250.67999267578125,250.67999267578125,27876,0.0,0.0,0.0
2026-04-02 15:22:00-04:00,250.7050018310547,250.8300018310547,250.69000244140625,250.82000732421875,42016,0.0,0.0,0.0
2026-04-02 15:23:00-04:00,250.83999633789062,250.9600067138672,250.74000549316406,250.92999267578125,42064,0.0,0.0,0.0
2026-04-02 15:24:00-04:00,250.92999267578125,250.92999267578125,250.7899932861328,250.8249969482422,39817,0.0,0.0,0.0
2026-04-02 15:25:00-04:00,250.83999633789062,250.86000061035156,250.7550048828125,250.82000732421875,52931,0.0,0.0,0.0
2026-04-02 15:26:00-04:00,250.81500244140625,250.81500244140625,250.6699981689453,250.73500061035156,65723,0.0,0.0,0.0
2026-04-02 15:27:00-04:00,250.72999572753906,250.81500244140625,250.67999267578125,250.67999267578125,79558,0.0,0.0,0.0
2026-04-02 15:28:00-04:00,250.69000244140625,250.71499633789062,250.63999938964844,250.6750030517578,91040,0.0,0.0,0.0
2026-04-02 15:29:00-04:00,250.69000244140625,250.7899932861328,250.67999267578125,250.77000427246094,89143,0.0,0.0,0.0
2026-04-02 15:30:00-04:00,250.76499938964844,250.82000732421875,250.72000122070312,250.77999877929688,57099,0.0,0.0,0.0
2026-04-02 15:31:00-04:00,250.77999877929688,250.8300018310547,250.7100067138672,250.77999877929688,51368,0.0,0.0,0.0
2026-04-02 15:32:00-04:00,250.77999877929688,250.8249969482422,250.69000244140625,250.71009826660156,55395,0.0,0.0,0.0
2026-04-02 15:33:00-04:00,250.7176971435547,250.7277069091797,250.625,250.6300048828125,60438,0.0,0.0,0.0
2026-04-02 15:34:00-04:00,250.6300048828125,250.72000122070312,250.6300048828125,250.72000122070312,27274,0.0,0.0,0.0
2026-04-02 15:35:00-04:00,250.72999572753906,250.85000610351562,250.7100067138672,250.75990295410156,33710,0.0,0.0,0.0
2026-04-02 15:36:00-04:00,250.75999450683594,250.85000610351562,250.7050018310547,250.82179260253906,25311,0.0,0.0,0.0
2026-04-02 15:37:00-04:00,250.82000732421875,250.89500427246094,250.8000030517578,250.82000732421875,76769,0.0,0.0,0.0
2026-04-02 15:38:00-04:00,250.80999755859375,250.875,250.7899932861328,250.82000732421875,109848,0.0,0.0,0.0
2026-04-02 15:39:00-04:00,250.80999755859375,250.96499633789062,250.7899932861328,250.94000244140625,78724,0.0,0.0,0.0
2026-04-02 15:40:00-04:00,250.92999267578125,250.99000549316406,250.8800048828125,250.97999572753906,72481,0.0,0.0,0.0
2026-04-02 15:41:00-04:00,251.0,251.0050048828125,250.85000610351562,250.85000610351562,37976,0.0,0.0,0.0
2026-04-02 15:42:00-04:00,250.85000610351562,250.97500610351562,250.80999755859375,250.84500122070312,73209,0.0,0.0,0.0
2026-04-02 15:43:00-04:00,250.83999633789062,250.97000122070312,250.83999633789062,250.93499755859375,25638,0.0,0.0,0.0
2026-04-02 15:44:00-04:00,250.92999267578125,250.9550018310547,250.7899932861328,250.8000030517578,42058,0.0,0.0,0.0
2026-04-02 15:45:00-04:00,250.8000030517578,250.88499450683594,250.67999267578125,250.73500061035156,100196,0.0,0.0,0.0
2026-04-02 15:46:00-04:00,250.74000549316406,250.7550048828125,250.63999938964844,250.72999572753906,73035,0.0,0.0,0.0
2026-04-02 15:47:00-04:00,250.72999572753906,250.9149932861328,250.7100067138672,250.9149932861328,105245,0.0,0.0,0.0
2026-04-02 15:48:00-04:00,250.90499877929688,250.92999267578125,250.77999877929688,250.89500427246094,50313,0.0,0.0,0.0
2026-04-02 15:49:00-04:00,250.89500427246094,250.9499969482422,250.8800048828125,250.91000366210938,40519,0.0,0.0,0.0
2026-04-02 15:50:00-04:00,250.89999389648438,251.25,250.89999389648438,251.1300048828125,131043,0.0,0.0,0.0
2026-04-02 15:51:00-04:00,251.1199951171875,251.1699981689453,251.02000427246094,251.15499877929688,103813,0.0,0.0,0.0
2026-04-02 15:52:00-04:00,251.16000366210938,251.21499633789062,251.05999755859375,251.14999389648438,111273,0.0,0.0,0.0
2026-04-02 15:53:00-04:00,251.13999938964844,251.20899963378906,251.06500244140625,251.11000061035156,140045,0.0,0.0,0.0
2026-04-02 15:54:00-04:00,251.10499572753906,251.19500732421875,251.09500122070312,251.125,171229,0.0,0.0,0.0
2026-04-02 15:55:00-04:00,251.1300048828125,251.3000030517578,251.05499267578125,251.17999267578125,118548,0.0,0.0,0.0
2026-04-02 15:56:00-04:00,251.18499755859375,251.2449951171875,251.125,251.19000244140625,174189,0.0,0.0,0.0
2026-04-02 15:57:00-04:00,251.18499755859375,251.27499389648438,251.13999938964844,251.23500061035156,182044,0.0,0.0,0.0
2026-04-02 15:58:00-04:00,251.23989868164062,251.32000732421875,251.22500610351562,251.27999877929688,248383,0.0,0.0,0.0
2026-04-02 15:59:00-04:00,251.27999877929688,251.3699951171875,251.24000549316406,251.27999877929688,561176,0.0,0.0,0.0
2026-04-06 09:30:00-04:00,250.99000549316406,251.6199951171875,250.8300018310547,251.5500030517578,1020792,0.0,0.0,0.0
2026-04-06 09:31:00-04:00,251.5500030517578,251.7100067138672,251.3699951171875,251.41000366210938,126894,0.0,0.0,0.0
2026-04-06 09:32:00-04:00,251.4199981689453,251.58999633789062,250.82000732421875,250.9001007080078,106229,0.0,0.0,0.0
2026-04-06 09:33:00-04:00,250.89999389648438,251.83999633789062,250.89999389648438,251.7899932861328,116736,0.0,0.0,0.0
2026-04-06 09:34:00-04:00,251.77999877929688,251.875,251.6199951171875,251.8699951171875,58609,0.0,0.0,0.0
2026-04-06 09:35:00-04:00,251.875,252.3000030517578,251.83999633789062,252.05999755859375,156010,0.0,0.0,0.0
2026-04-06 09:36:00-04:00,252.0500030517578,252.0500030517578,251.5,251.5,82500,0.0,0.0,0.0
2026-04-06 09:37:00-04:00,251.5399932861328,251.77999877929688,251.47999572753906,251.72000122070312,174114,0.0,0.0,0.0
2026-04-06 09:38:00-04:00,251.74000549316406,251.97000122070312,251.61000061035156,251.75,92176,0.0,0.0,0.0
2026-04-06 09:39:00-04:00,251.77000427246094,252.0,251.77000427246094,251.91000366210938,104777,0.0,0.0,0.0
2026-04-06 09:40:00-04:00,251.86000061035156,252.0,251.5399932861328,251.97000122070312,193806,0.0,0.0,0.0
2026-04-06 09:41:00-04:00,251.9407958984375,252.19000244140625,251.94000244140625,252.0399932861328,240519,0.0,0.0,0.0
2026-04-06 09:42:00-04:00,252.07000732421875,252.13999938964844,251.7899932861328,252.0800018310547,462072,0.0,0.0,0.0
2026-04-06 09:43:00-04:00,252.07000732421875,252.22999572753906,251.79989624023438,251.8000030517578,180345,0.0,0.0,0.0
2026-04-06 09:44:00-04:00,251.8000030517578,251.82899475097656,251.4600067138672,251.49000549316406,132332,0.0,0.0,0.0
2026-04-06 09:45:00-04:00,251.47999572753906,251.74000549316406,251.41000366210938,251.67059326171875,71128,0.0,0.0,0.0
2026-04-06 09:46:00-04:00,251.66000366210938,252.00999450683594,251.58999633789062,251.69000244140625,63366,0.0,0.0,0.0
2026-04-06 09:47:00-04:00,251.67999267578125,251.67999267578125,251.32000732421875,251.3699951171875,52426,0.0,0.0,0.0
2026-04-06 09:48:00-04:00,251.38999938964844,251.41000366210938,251.00999450683594,251.14999389648438,94926,0.0,0.0,0.0
2026-04-06 09:49:00-04:00,251.14999389648438,251.39999389648438,251.10000610351562,251.10000610351562,76813,0.0,0.0,0.0
2026-04-06 09:50:00-04:00,251.11000061035156,251.39999389648438,251.02000427246094,251.3800048828125,76246,0.0,0.0,0.0
2026-04-06 09:51:00-04:00,251.3800048828125,251.6699981689453,251.36000061035156,251.60000610351562,76338,0.0,0.0,0.0
2026-04-06 09:52:00-04:00,251.58999633789062,251.7949981689453,251.4199981689453,251.47000122070312,79040,0.0,0.0,0.0
2026-04-06 09:53:00-04:00,251.47999572753906,251.52000427246094,251.3300018310547,251.47999572753906,25832,0.0,0.0,0.0
2026-04-06 09:54:00-04:00,251.47999572753906,251.6199951171875,251.47000122070312,251.5,27826,0.0,0.0,0.0
2026-04-06 09:55:00-04:00,251.5399932861328,251.6199951171875,251.3300018310547,251.33999633789062,35325,0.0,0.0,0.0
2026-04-06 09:56:00-04:00,251.3800048828125,251.57000732421875,251.30999755859375,251.5399932861328,17173,0.0,0.0,0.0
2026-04-06 09:57:00-04:00,251.5399932861328,251.68850708007812,251.49000549316406,251.49000549316406,31118,0.0,0.0,0.0
2026-04-06 09:58:00-04:00,251.5,251.5399932861328,251.3125,251.39999389648438,37654,0.0,0.0,0.0
2026-04-06 09:59:00-04:00,251.39999389648438,251.85000610351562,251.39999389648438,251.82000732421875,36920,0.0,0.0,0.0
2026-04-06 10:00:00-04:00,251.5,252.49000549316406,251.24000549316406,251.99000549316406,245706,0.0,0.0,0.0
2026-04-06 10:01:00-04:00,251.9600067138672,252.05999755859375,251.72999572753906,251.80999755859375,137236,0.0,0.0,0.0
2026-04-06 10:02:00-04:00,251.77999877929688,251.9600067138672,251.50999450683594,251.50999450683594,55460,0.0,0.0,0.0
2026-04-06 10:03:00-04:00,251.50999450683594,251.5800018310547,251.15989685058594,251.1699981689453,99065,0.0,0.0,0.0
2026-04-06 10:04:00-04:00,251.17999267578125,251.2100067138672,250.47999572753906,250.52000427246094,139960,0.0,0.0,0.0
2026-04-06 10:05:00-04:00,250.52000427246094,250.74000549316406,250.2899932861328,250.32000732421875,149133,0.0,0.0,0.0
2026-04-06 10:06:00-04:00,250.32200622558594,250.57000732421875,250.25,250.5399932861328,86675,0.0,0.0,0.0
2026-04-06 10:07:00-04:00,250.52999877929688,250.69000244140625,250.5,250.52000427246094,67508,0.0,0.0,0.0
2026-04-06 10:08:00-04:00,250.52999877929688,250.72000122070312,250.52999877929688,250.63999938964844,55779,0.0,0.0,0.0
2026-04-06 10:09:00-04:00,250.6300048828125,250.83999633789062,250.58999633789062,250.83999633789062,39865,0.0,0.0,0.0
2026-04-06 10:10:00-04:00,250.82000732421875,250.92999267578125,250.5,250.5399932861328,49720,0.0,0.0,0.0
2026-04-06 10:11:00-04:00,250.52999877929688,250.89999389648438,250.47999572753906,250.7899932861328,86074,0.0,0.0,0.0
2026-04-06 10:12:00-04:00,250.77999877929688,250.85000610351562,250.66000366210938,250.67999267578125,46760,0.0,0.0,0.0
2026-04-06 10:13:00-04:00,250.69000244140625,251.02999877929688,250.6875,251.00999450683594,24975,0.0,0.0,0.0
2026-04-06 10:14:00-04:00,250.99000549316406,251.3000030517578,250.9199981689453,251.25999450683594,75497,0.0,0.0,0.0
2026-04-06 10:15:00-04:00,251.3000030517578,251.52000427246094,251.25990295410156,251.52000427246094,41565,0.0,0.0,0.0
2026-04-06 10:16:00-04:00,251.47999572753906,251.5800018310547,251.3699951171875,251.44000244140625,37586,0.0,0.0,0.0
2026-04-06 10:17:00-04:00,251.44000244140625,251.44000244140625,251.1199951171875,251.1199951171875,44302,0.0,0.0,0.0
2026-04-06 10:18:00-04:00,251.1199951171875,251.1699981689453,250.9499969482422,251.07000732421875,25362,0.0,0.0,0.0
2026-04-06 10:19:00-04:00,251.07000732421875,251.39999389648438,251.0399932861328,251.3300018310547,21690,0.0,0.0,0.0
2026-04-06 10:20:00-04:00,251.3800048828125,251.60899353027344,251.3800048828125,251.57000732421875,86975,0.0,0.0,0.0
2026-04-06 10:21:00-04:00,251.5500030517578,251.89500427246094,251.5,251.85499572753906,63968,0.0,0.0,0.0
2026-04-06 10:22:00-04:00,251.8699951171875,251.8699951171875,251.55999755859375,251.55999755859375,29849,0.0,0.0,0.0
2026-04-06 10:23:00-04:00,251.52999877929688,251.72000122070312,251.4600067138672,251.66000366210938,63191,0.0,0.0,0.0
2026-04-06 10:24:00-04:00,251.64999389648438,251.64999389648438,251.42999267578125,251.47999572753906,22072,0.0,0.0,0.0
2026-04-06 10:25:00-04:00,251.49000549316406,251.49000549316406,251.1999969482422,251.3000030517578,31156,0.0,0.0,0.0
2026-04-06 10:26:00-04:00,251.2899932861328,251.47999572753906,251.22000122070312,251.47999572753906,55375,0.0,0.0,0.0
2026-04-06 10:27:00-04:00,251.41000366210938,251.55999755859375,251.39999389648438,251.4550018310547,19996,0.0,0.0,0.0
2026-04-06 10:28:00-04:00,251.42999267578125,251.50999450683594,251.32000732421875,251.49000549316406,25297,0.0,0.0,0.0
2026-04-06 10:29:00-04:00,251.47999572753906,251.47999572753906,251.33999633789062,251.4600067138672,14495,0.0,0.0,0.0
2026-04-06 10:30:00-04:00,251.47000122070312,251.72999572753906,251.4199981689453,251.72000122070312,32143,0.0,0.0,0.0
2026-04-06 10:31:00-04:00,251.67999267578125,251.75999450683594,251.6300048828125,251.75,38072,0.0,0.0,0.0
2026-04-06 10:32:00-04:00,251.74000549316406,251.80999755859375,251.4600067138672,251.60000610351562,37275,0.0,0.0,0.0
2026-04-06 10:33:00-04:00,251.60000610351562,251.6199951171875,251.44500732421875,251.47999572753906,72489,0.0,0.0,0.0
2026-04-06 10:34:00-04:00,251.5,251.61000061035156,251.5,251.5800018310547,11652,0.0,0.0,0.0
2026-04-06 10:35:00-04:00,251.52999877929688,251.8300018310547,251.5,251.61000061035156,35538,0.0,0.0,0.0
2026-04-06 10:36:00-04:00,251.5500030517578,251.6199951171875,251.3699951171875,251.47000122070312,28887,0.0,0.0,0.0
2026-04-06 10:37:00-04:00,251.47000122070312,251.55999755859375,251.2899932861328,251.38999938964844,24961,0.0,0.0,0.0
2026-04-06 10:38:00-04:00,251.36000061035156,251.6999969482422,250.60000610351562,250.63999938964844,316957,0.0,0.0,0.0
2026-04-06 10:39:00-04:00,250.69000244140625,250.97000122070312,250.57000732421875,250.72999572753906,84133,0.0,0.0,0.0
2026-04-06 10:40:00-04:00,250.72999572753906,251.33999633789062,250.69000244140625,251.3000030517578,82275,0.0,0.0,0.0
2026-04-06 10:41:00-04:00,251.32000732421875,251.6199951171875,251.25,251.41000366210938,124315,0.0,0.0,0.0
2026-04-06 10:42:00-04:00,251.4199981689453,251.52999877929688,251.22999572753906,251.25,81795,0.0,0.0,0.0
2026-04-06 10:43:00-04:00,251.27000427246094,251.4600067138672,251.22000122070312,251.4600067138672,51584,0.0,0.0,0.0
2026-04-06 10:44:00-04:00,251.47000122070312,251.61000061035156,251.3699951171875,251.42999267578125,42796,0.0,0.0,0.0
2026-04-06 10:45:00-04:00,251.4199981689453,251.4199981689453,251.25,251.39999389648438,56548,0.0,0.0,0.0
2026-04-06 10:46:00-04:00,251.39999389648438,251.4199981689453,251.24000549316406,251.3300018310547,47770,0.0,0.0,0.0
2026-04-06 10:47:00-04:00,251.33999633789062,251.38999938964844,251.1300048828125,251.2100067138672,46223,0.0,0.0,0.0
2026-04-06 10:48:00-04:00,251.22000122070312,251.2899932861328,251.05999755859375,251.10000610351562,31477,0.0,0.0,0.0
2026-04-06 10:49:00-04:00,251.11000061035156,251.14999389648438,250.9499969482422,251.0500030517578,69273,0.0,0.0,0.0
2026-04-06 10:50:00-04:00,251.05999755859375,251.2449951171875,251.02000427246094,251.0800018310547,39782,0.0,0.0,0.0
2026-04-06 10:51:00-04:00,251.0800018310547,251.2100067138672,250.97000122070312,251.1199951171875,101714,0.0,0.0,0.0
2026-04-06 10:52:00-04:00,251.17999267578125,251.39999389648438,251.16000366210938,251.3699951171875,23530,0.0,0.0,0.0
2026-04-06 10:53:00-04:00,251.3800048828125,251.50999450683594,251.36500549316406,251.40499877929688,28866,0.0,0.0,0.0
2026-04-06 10:54:00-04:00,251.38999938964844,251.39999389648438,251.25,251.3800048828125,23851,0.0,0.0,0.0
2026-04-06 10:55:00-04:00,251.41000366210938,251.47500610351562,251.2100067138672,251.42010498046875,59805,0.0,0.0,0.0
2026-04-06 10:56:00-04:00,251.4499969482422,251.58999633789062,251.4499969482422,251.53509521484375,120817,0.0,0.0,0.0
2026-04-06 10:57:00-04:00,251.52999877929688,251.75999450683594,251.52999877929688,251.66000366210938,132998,0.0,0.0,0.0
2026-04-06 10:58:00-04:00,251.69000244140625,251.77999877929688,251.67999267578125,251.77999877929688,16153,0.0,0.0,0.0
2026-04-06 10:59:00-04:00,251.7899932861328,251.82000732421875,251.5500030517578,251.60000610351562,25120,0.0,0.0,0.0
2026-04-06 11:00:00-04:00,251.60499572753906,251.75999450683594,251.60000610351562,251.72999572753906,32227,0.0,0.0,0.0
2026-04-06 11:01:00-04:00,251.72999572753906,251.8300018310547,251.72999572753906,251.8300018310547,31675,0.0,0.0,0.0
2026-04-06 11:02:00-04:00,251.80999755859375,251.89999389648438,251.60000610351562,251.64999389648438,31476,0.0,0.0,0.0
2026-04-06 11:03:00-04:00,251.63999938964844,251.64999389648438,251.3699951171875,251.49000549316406,31988,0.0,0.0,0.0
2026-04-06 11:04:00-04:00,251.49000549316406,251.63999938964844,251.36000061035156,251.62989807128906,77983,0.0,0.0,0.0
2026-04-06 11:05:00-04:00,251.61000061035156,251.77000427246094,251.55999755859375,251.63999938964844,25954,0.0,0.0,0.0
2026-04-06 11:06:00-04:00,251.66000366210938,251.66000366210938,251.5,251.52000427246094,13467,0.0,0.0,0.0
2026-04-06 11:07:00-04:00,251.5,251.72999572753906,251.41000366210938,251.72999572753906,29353,0.0,0.0,0.0
2026-04-06 11:08:00-04:00,251.77000427246094,251.83999633789062,251.6999969482422,251.83999633789062,99765,0.0,0.0,0.0
2026-04-06 11:09:00-04:00,251.81500244140625,251.86000061035156,251.7100067138672,251.8300018310547,29830,0.0,0.0,0.0
2026-04-06 11:10:00-04:00,251.80999755859375,251.8300018310547,251.57000732421875,251.61000061035156,97470,0.0,0.0,0.0
2026-04-06 11:11:00-04:00,251.66000366210938,251.69000244140625,251.6199951171875,251.66000366210938,21616,0.0,0.0,0.0
2026-04-06 11:12:00-04:00,251.67999267578125,251.72000122070312,251.5500030517578,251.66000366210938,40242,0.0,0.0,0.0
2026-04-06 11:13:00-04:00,251.64999389648438,251.8699951171875,251.64999389648438,251.80999755859375,18935,0.0,0.0,0.0
2026-04-06 11:14:00-04:00,251.77000427246094,251.8800048828125,251.60000610351562,251.8800048828125,26542,0.0,0.0,0.0
2026-04-06 11:15:00-04:00,251.8800048828125,251.94000244140625,251.72000122070312,251.75,21449,0.0,0.0,0.0
2026-04-06 11:16:00-04:00,251.76199340820312,251.7899932861328,251.66000366210938,251.7100067138672,24116,0.0,0.0,0.0
2026-04-06 11:17:00-04:00,251.71499633789062,252.03599548339844,251.71499633789062,251.97999572753906,20972,0.0,0.0,0.0
2026-04-06 11:18:00-04:00,251.97999572753906,252.02999877929688,251.89999389648438,251.91000366210938,24856,0.0,0.0,0.0
2026-04-06 11:19:00-04:00,251.88999938964844,251.88999938964844,251.77000427246094,251.86000061035156,23267,0.0,0.0,0.0
2026-04-06 11:20:00-04:00,251.86000061035156,251.99000549316406,251.85000610351562,251.89500427246094,34259,0.0,0.0,0.0
2026-04-06 11:21:00-04:00,251.8699951171875,251.95989990234375,251.80499267578125,251.9499969482422,30647,0.0,0.0,0.0
2026-04-06 11:22:00-04:00,251.9600067138672,252.03759765625,251.9499969482422,251.97999572753906,32144,0.0,0.0,0.0
2026-04-06 11:23:00-04:00,251.99000549316406,252.02999877929688,251.77000427246094,251.85000610351562,57084,0.0,0.0,0.0
2026-04-06 11:24:00-04:00,251.86000061035156,251.91000366210938,251.7899932861328,251.86000061035156,27915,0.0,0.0,0.0
2026-04-06 11:25:00-04:00,251.86000061035156,251.86000061035156,251.6199951171875,251.72999572753906,28828,0.0,0.0,0.0
2026-04-06 11:26:00-04:00,251.77000427246094,251.85000610351562,251.72999572753906,251.75,39463,0.0,0.0,0.0
2026-04-06 11:27:00-04:00,251.75999450683594,251.91000366210938,251.75,251.8800048828125,18962,0.0,0.0,0.0
2026-04-06 11:28:00-04:00,251.8800048828125,251.8800048828125,251.72999572753906,251.8699951171875,8440,0.0,0.0,0.0
2026-04-06 11:29:00-04:00,251.8800048828125,251.99000549316406,251.83999633789062,251.89999389648438,15103,0.0,0.0,0.0
2026-04-06 11:30:00-04:00,251.92999267578125,251.94000244140625,251.8300018310547,251.8300018310547,10960,0.0,0.0,0.0
2026-04-06 11:31:00-04:00,251.86500549316406,251.97000122070312,251.85000610351562,251.8699951171875,13627,0.0,0.0,0.0
2026-04-06 11:32:00-04:00,251.88999938964844,251.9199981689453,251.77000427246094,251.7899932861328,19782,0.0,0.0,0.0
2026-04-06 11:33:00-04:00,251.7899932861328,251.88999938964844,251.64999389648438,251.8300018310547,40905,0.0,0.0,0.0
2026-04-06 11:34:00-04:00,251.8300018310547,251.96499633789062,251.8300018310547,251.9499969482422,14617,0.0,0.0,0.0
2026-04-06 11:35:00-04:00,251.9600067138672,252.07000732421875,251.89999389648438,252.02999877929688,19088,0.0,0.0,0.0
2026-04-06 11:36:00-04:00,252.02999877929688,252.02999877929688,251.7899932861328,251.8000030517578,32178,0.0,0.0,0.0
2026-04-06 11:37:00-04:00,251.8300018310547,251.8300018310547,251.5500030517578,251.75,44020,0.0,0.0,0.0
2026-04-06 11:38:00-04:00,251.75,251.8300018310547,251.72000122070312,251.7899932861328,30137,0.0,0.0,0.0
2026-04-06 11:39:00-04:00,251.8000030517578,251.99000549316406,251.8000030517578,251.97000122070312,30900,0.0,0.0,0.0
2026-04-06 11:40:00-04:00,251.94000244140625,252.02999877929688,251.8699951171875,251.92999267578125,47734,0.0,0.0,0.0
2026-04-06 11:41:00-04:00,251.9199981689453,251.9499969482422,251.6999969482422,251.80999755859375,30455,0.0,0.0,0.0
2026-04-06 11:42:00-04:00,251.8199005126953,252.02000427246094,251.77999877929688,251.97000122070312,47702,0.0,0.0,0.0
2026-04-06 11:43:00-04:00,251.9600067138672,252.00399780273438,251.92999267578125,251.97999572753906,16817,0.0,0.0,0.0
2026-04-06 11:44:00-04:00,251.97000122070312,252.00999450683594,251.89999389648438,252.00999450683594,37947,0.0,0.0,0.0
2026-04-06 11:45:00-04:00,251.99989318847656,252.02999877929688,251.89999389648438,251.92999267578125,13593,0.0,0.0,0.0
2026-04-06 11:46:00-04:00,251.9600067138672,252.05999755859375,251.9600067138672,252.05999755859375,36274,0.0,0.0,0.0
2026-04-06 11:47:00-04:00,252.0500030517578,252.22000122070312,252.0399932861328,252.1699981689453,34789,0.0,0.0,0.0
2026-04-06 11:48:00-04:00,252.17999267578125,252.17999267578125,252.0800018310547,252.1199951171875,11813,0.0,0.0,0.0
2026-04-06 11:49:00-04:00,252.0800018310547,252.1439971923828,252.0399932861328,252.0749969482422,87562,0.0,0.0,0.0
2026-04-06 11:50:00-04:00,252.08999633789062,252.3300018310547,252.02000427246094,252.32000732421875,83125,0.0,0.0,0.0
2026-04-06 11:51:00-04:00,252.33999633789062,252.3800048828125,252.27999877929688,252.3300018310547,35473,0.0,0.0,0.0
2026-04-06 11:52:00-04:00,252.33999633789062,252.3699951171875,252.25,252.33999633789062,29125,0.0,0.0,0.0
2026-04-06 11:53:00-04:00,252.33999633789062,252.3800048828125,252.30999755859375,252.3300018310547,22764,0.0,0.0,0.0
2026-04-06 11:54:00-04:00,252.3300018310547,252.3699951171875,252.27999877929688,252.3699951171875,23454,0.0,0.0,0.0
2026-04-06 11:55:00-04:00,252.3699951171875,252.38999938964844,252.30499267578125,252.3699951171875,24093,0.0,0.0,0.0
2026-04-06 11:56:00-04:00,252.3699951171875,252.3699951171875,252.1699981689453,252.2899932861328,26196,0.0,0.0,0.0
2026-04-06 11:57:00-04:00,252.2899932861328,252.3800048828125,252.27000427246094,252.32000732421875,45581,0.0,0.0,0.0
2026-04-06 11:58:00-04:00,252.3300018310547,252.36000061035156,252.2949981689453,252.33999633789062,33781,0.0,0.0,0.0
2026-04-06 11:59:00-04:00,252.35000610351562,252.38999938964844,252.32000732421875,252.38999938964844,10963,0.0,0.0,0.0
2026-04-06 12:00:00-04:00,252.41000366210938,252.4550018310547,252.33999633789062,252.42999267578125,13396,0.0,0.0,0.0
2026-04-06 12:01:00-04:00,252.42999267578125,252.4499969482422,252.3800048828125,252.4499969482422,33830,0.0,0.0,0.0
2026-04-06 12:02:00-04:00,252.44500732421875,252.4600067138672,252.19000244140625,252.27000427246094,192870,0.0,0.0,0.0
2026-04-06 12:03:00-04:00,252.27000427246094,252.33999633789062,252.22999572753906,252.27999877929688,88231,0.0,0.0,0.0
2026-04-06 12:04:00-04:00,252.27000427246094,252.27000427246094,252.1750030517578,252.2100067138672,30299,0.0,0.0,0.0
2026-04-06 12:05:00-04:00,252.19009399414062,252.25,252.13999938964844,252.25,20118,0.0,0.0,0.0
2026-04-06 12:06:00-04:00,252.25999450683594,252.30999755859375,252.21400451660156,252.22000122070312,11393,0.0,0.0,0.0
2026-04-06 12:07:00-04:00,252.22000122070312,252.24000549316406,252.16000366210938,252.1750030517578,52450,0.0,0.0,0.0
2026-04-06 12:08:00-04:00,252.1750030517578,252.19000244140625,251.97999572753906,251.97999572753906,36591,0.0,0.0,0.0
2026-04-06 12:09:00-04:00,251.99000549316406,252.06500244140625,251.9550018310547,251.9550018310547,39200,0.0,0.0,0.0
2026-04-06 12:10:00-04:00,251.9499969482422,252.02000427246094,251.91000366210938,252.00999450683594,40192,0.0,0.0,0.0
2026-04-06 12:11:00-04:00,252.02000427246094,252.11000061035156,251.9600067138672,252.0850067138672,18988,0.0,0.0,0.0
2026-04-06 12:12:00-04:00,252.0800018310547,252.1300048828125,252.0800018310547,252.08999633789062,14751,0.0,0.0,0.0
2026-04-06 12:13:00-04:00,252.0800018310547,252.1201934814453,252.02000427246094,252.0399932861328,19686,0.0,0.0,0.0
2026-04-06 12:14:00-04:00,252.0399932861328,252.1300048828125,251.97000122070312,252.05999755859375,48417,0.0,0.0,0.0
2026-04-06 12:15:00-04:00,252.0800018310547,252.16000366210938,251.9550018310547,251.9550018310547,17445,0.0,0.0,0.0
2026-04-06 12:16:00-04:00,251.9499969482422,252.05929565429688,251.9149932861328,252.05929565429688,15694,0.0,0.0,0.0
2026-04-06 12:17:00-04:00,252.05999755859375,252.0800018310547,251.99000549316406,252.0,8380,0.0,0.0,0.0
2026-04-06 12:18:00-04:00,251.99000549316406,252.0399932861328,251.97000122070312,252.02000427246094,4906,0.0,0.0,0.0
2026-04-06 12:19:00-04:00,252.02000427246094,252.07000732421875,251.97999572753906,252.0,32143,0.0,0.0,0.0
2026-04-06 12:20:00-04:00,251.97999572753906,252.10000610351562,251.94000244140625,252.08999633789062,14953,0.0,0.0,0.0
2026-04-06 12:21:00-04:00,252.0800018310547,252.15769958496094,252.0800018310547,252.1199951171875,8026,0.0,0.0,0.0
2026-04-06 12:22:00-04:00,252.1199951171875,252.1199951171875,251.9600067138672,251.9600067138672,22684,0.0,0.0,0.0
2026-04-06 12:23:00-04:00,251.9499969482422,252.0500030517578,251.9499969482422,252.02999877929688,15418,0.0,0.0,0.0
2026-04-06 12:24:00-04:00,252.0500030517578,252.17999267578125,252.0500030517578,252.1199951171875,10633,0.0,0.0,0.0
2026-04-06 12:25:00-04:00,252.1699981689453,252.22999572753906,252.14999389648438,252.2100067138672,10909,0.0,0.0,0.0
2026-04-06 12:26:00-04:00,252.1999969482422,252.24000549316406,252.1199951171875,252.14999389648438,7527,0.0,0.0,0.0
2026-04-06 12:27:00-04:00,252.13999938964844,252.17999267578125,252.08999633789062,252.1649932861328,8331,0.0,0.0,0.0
2026-04-06 12:28:00-04:00,252.16000366210938,252.24000549316406,252.13999938964844,252.22000122070312,9134,0.0,0.0,0.0
2026-04-06 12:29:00-04:00,252.2100067138672,252.25,252.17999267578125,252.17999267578125,6625,0.0,0.0,0.0
2026-04-06 12:30:00-04:00,252.1699981689453,252.2100067138672,252.1300048828125,252.16000366210938,7960,0.0,0.0,0.0
2026-04-06 12:31:00-04:00,252.1199951171875,252.2100067138672,252.08999633789062,252.1999969482422,21427,0.0,0.0,0.0
2026-04-06 12:32:00-04:00,252.2050018310547,252.27999877929688,252.19000244140625,252.27999877929688,18163,0.0,0.0,0.0
2026-04-06 12:33:00-04:00,252.27999877929688,252.3000030517578,252.2100067138672,252.22000122070312,10314,0.0,0.0,0.0
2026-04-06 12:34:00-04:00,252.2100067138672,252.2899932861328,252.2100067138672,252.27499389648438,10894,0.0,0.0,0.0
2026-04-06 12:35:00-04:00,252.27000427246094,252.27999877929688,252.2100067138672,252.2449951171875,7203,0.0,0.0,0.0
2026-04-06 12:36:00-04:00,252.27000427246094,252.2899932861328,252.22999572753906,252.28500366210938,5668,0.0,0.0,0.0
2026-04-06 12:37:00-04:00,252.27999877929688,252.4499969482422,252.27999877929688,252.40499877929688,14753,0.0,0.0,0.0
2026-04-06 12:38:00-04:00,252.4149932861328,252.60000610351562,252.41000366210938,252.47000122070312,48866,0.0,0.0,0.0
2026-04-06 12:39:00-04:00,252.4600067138672,252.4600067138672,252.38999938964844,252.38999938964844,9312,0.0,0.0,0.0
2026-04-06 12:40:00-04:00,252.38999938964844,252.40499877929688,252.2899932861328,252.40499877929688,20238,0.0,0.0,0.0
2026-04-06 12:41:00-04:00,252.38999938964844,252.44000244140625,252.32000732421875,252.41000366210938,20441,0.0,0.0,0.0
2026-04-06 12:42:00-04:00,252.41000366210938,252.4499969482422,252.3800048828125,252.38499450683594,6940,0.0,0.0,0.0
2026-04-06 12:43:00-04:00,252.38999938964844,252.4199981689453,252.35000610351562,252.39999389648438,7881,0.0,0.0,0.0
2026-04-06 12:44:00-04:00,252.4145050048828,252.4600067138672,252.41000366210938,252.43499755859375,10215,0.0,0.0,0.0
2026-04-06 12:45:00-04:00,252.4385986328125,252.50999450683594,252.42999267578125,252.42999267578125,18673,0.0,0.0,0.0
2026-04-06 12:46:00-04:00,252.42999267578125,252.44000244140625,252.36000061035156,252.44000244140625,17418,0.0,0.0,0.0
2026-04-06 12:47:00-04:00,252.44000244140625,252.4600067138672,252.3800048828125,252.40499877929688,26342,0.0,0.0,0.0
2026-04-06 12:48:00-04:00,252.41000366210938,252.50999450683594,252.3699951171875,252.4199981689453,65179,0.0,0.0,0.0
2026-04-06 12:49:00-04:00,252.40499877929688,252.5050048828125,252.39500427246094,252.4949951171875,113638,0.0,0.0,0.0
2026-04-06 12:50:00-04:00,252.4949951171875,252.52000427246094,252.41000366210938,252.44000244140625,30683,0.0,0.0,0.0
2026-04-06 12:51:00-04:00,252.4149932861328,252.4199981689453,252.27999877929688,252.32000732421875,33366,0.0,0.0,0.0
2026-04-06 12:52:00-04:00,252.31500244140625,252.32000732421875,252.22500610351562,252.25999450683594,35900,0.0,0.0,0.0
2026-04-06 12:53:00-04:00,252.27000427246094,252.32000732421875,252.25,252.2899932861328,25595,0.0,0.0,0.0
2026-04-06 12:54:00-04:00,252.2949981689453,252.3300018310547,252.07000732421875,252.16000366210938,89513,0.0,0.0,0.0
2026-04-06 12:55:00-04:00,252.17999267578125,252.2100067138672,252.02999877929688,252.05999755859375,128626,0.0,0.0,0.0
2026-04-06 12:56:00-04:00,252.05999755859375,252.05999755859375,251.88999938964844,251.9499969482422,24476,0.0,0.0,0.0
2026-04-06 12:57:00-04:00,251.94000244140625,252.0500030517578,251.92999267578125,251.97999572753906,55275,0.0,0.0,0.0
2026-04-06 12:58:00-04:00,251.97000122070312,252.06500244140625,251.9199981689453,252.0500030517578,20881,0.0,0.0,0.0
2026-04-06 12:59:00-04:00,252.0399932861328,252.13999938964844,252.02999877929688,252.10000610351562,28323,0.0,0.0,0.0
2026-04-06 13:00:00-04:00,252.10000610351562,252.10499572753906,251.89999389648438,251.9149932861328,109005,0.0,0.0,0.0
2026-04-06 13:01:00-04:00,251.92999267578125,251.97999572753906,251.72999572753906,251.72999572753906,45252,0.0,0.0,0.0
2026-04-06 13:02:00-04:00,251.7100067138672,251.75999450683594,251.4949951171875,251.53500366210938,68628,0.0,0.0,0.0
2026-04-06 13:03:00-04:00,251.5399932861328,251.72000122070312,251.49000549316406,251.7100067138672,60740,0.0,0.0,0.0
2026-04-06 13:04:00-04:00,251.73500061035156,251.89999389648438,251.69000244140625,251.77999877929688,55994,0.0,0.0,0.0
2026-04-06 13:05:00-04:00,251.77999877929688,251.7899932861328,251.58999633789062,251.65499877929688,97880,0.0,0.0,0.0
2026-04-06 13:06:00-04:00,251.64999389648438,251.64999389648438,251.5,251.52499389648438,118723,0.0,0.0,0.0
2026-04-06 13:07:00-04:00,251.52000427246094,251.61000061035156,251.47000122070312,251.55999755859375,26883,0.0,0.0,0.0
2026-04-06 13:08:00-04:00,251.58999633789062,251.77000427246094,251.58999633789062,251.72000122070312,21859,0.0,0.0,0.0
2026-04-06 13:09:00-04:00,251.72999572753906,251.8000030517578,251.64999389648438,251.72000122070312,28481,0.0,0.0,0.0
2026-04-06 13:10:00-04:00,251.7100067138672,251.74000549316406,251.41000366210938,251.5,47355,0.0,0.0,0.0
2026-04-06 13:11:00-04:00,251.5,251.52000427246094,251.33999633789062,251.4600067138672,41004,0.0,0.0,0.0
2026-04-06 13:12:00-04:00,251.47000122070312,251.47999572753906,251.08999633789062,251.1199951171875,80246,0.0,0.0,0.0
2026-04-06 13:13:00-04:00,251.1300048828125,251.22000122070312,250.8000030517578,250.8300018310547,173332,0.0,0.0,0.0
2026-04-06 13:14:00-04:00,250.8300018310547,251.10000610351562,250.75,251.0399932861328,59486,0.0,0.0,0.0
2026-04-06 13:15:00-04:00,251.0500030517578,251.22999572753906,251.0,251.00999450683594,42292,0.0,0.0,0.0
2026-04-06 13:16:00-04:00,251.02999877929688,251.11000061035156,250.9600067138672,251.07000732421875,20526,0.0,0.0,0.0
2026-04-06 13:17:00-04:00,251.08999633789062,251.36000061035156,251.08999633789062,251.1699981689453,124014,0.0,0.0,0.0
2026-04-06 13:18:00-04:00,251.1300048828125,251.14999389648438,250.97999572753906,251.14500427246094,21337,0.0,0.0,0.0
2026-04-06 13:19:00-04:00,251.1199951171875,251.2899932861328,251.1199951171875,251.25,17473,0.0,0.0,0.0
2026-04-06 13:20:00-04:00,251.24000549316406,251.25,251.08999633789062,251.08999633789062,18070,0.0,0.0,0.0
2026-04-06 13:21:00-04:00,251.0800018310547,251.32000732421875,251.07000732421875,251.2949981689453,13359,0.0,0.0,0.0
2026-04-06 13:22:00-04:00,251.27999877929688,251.5500030517578,251.22000122070312,251.49000549316406,108821,0.0,0.0,0.0
2026-04-06 13:23:00-04:00,251.47999572753906,251.69000244140625,251.47999572753906,251.61000061035156,31456,0.0,0.0,0.0
2026-04-06 13:24:00-04:00,251.61000061035156,251.8249969482422,251.60000610351562,251.82000732421875,82460,0.0,0.0,0.0
2026-04-06 13:25:00-04:00,251.82000732421875,251.97999572753906,251.81500244140625,251.97000122070312,221691,0.0,0.0,0.0
2026-04-06 13:26:00-04:00,251.9600067138672,251.97000122070312,251.8000030517578,251.83999633789062,17832,0.0,0.0,0.0
2026-04-06 13:27:00-04:00,251.83990478515625,252.02999877929688,251.8300018310547,251.92999267578125,33693,0.0,0.0,0.0
2026-04-06 13:28:00-04:00,251.9199981689453,251.97000122070312,251.88999938964844,251.9600067138672,100767,0.0,0.0,0.0
2026-04-06 13:29:00-04:00,251.9499969482422,252.01499938964844,251.9199981689453,251.94000244140625,37838,0.0,0.0,0.0
2026-04-06 13:30:00-04:00,251.93499755859375,251.97000122070312,251.88999938964844,251.9001007080078,32008,0.0,0.0,0.0
2026-04-06 13:31:00-04:00,251.9199981689453,252.0800018310547,251.91000366210938,252.0500030517578,28871,0.0,0.0,0.0
2026-04-06 13:32:00-04:00,252.0500030517578,252.10499572753906,251.99000549316406,251.99000549316406,38074,0.0,0.0,0.0
2026-04-06 13:33:00-04:00,251.97999572753906,252.0500030517578,251.94000244140625,252.0449981689453,28165,0.0,0.0,0.0
2026-04-06 13:34:00-04:00,252.03199768066406,252.3300018310547,251.92999267578125,252.00999450683594,111553,0.0,0.0,0.0
2026-04-06 13:35:00-04:00,252.00999450683594,252.16000366210938,251.99000549316406,252.11000061035156,19607,0.0,0.0,0.0
2026-04-06 13:36:00-04:00,252.10000610351562,252.27999877929688,252.10000610351562,252.27999877929688,8448,0.0,0.0,0.0
2026-04-06 13:37:00-04:00,252.2899932861328,252.30999755859375,252.0800018310547,252.08999633789062,24408,0.0,0.0,0.0
2026-04-06 13:38:00-04:00,252.0800018310547,252.08999633789062,251.9600067138672,252.05999755859375,81056,0.0,0.0,0.0
2026-04-06 13:39:00-04:00,252.0850067138672,252.11000061035156,251.9600067138672,252.02999877929688,40497,0.0,0.0,0.0
2026-04-06 13:40:00-04:00,252.02000427246094,252.0500030517578,251.9499053955078,251.97999572753906,16778,0.0,0.0,0.0
2026-04-06 13:41:00-04:00,251.97999572753906,251.97999572753906,251.86000061035156,251.8800048828125,21315,0.0,0.0,0.0
2026-04-06 13:42:00-04:00,251.91000366210938,251.9199981689453,251.86000061035156,251.8800048828125,12704,0.0,0.0,0.0
2026-04-06 13:43:00-04:00,251.8800048828125,251.94000244140625,251.8000030517578,251.89100646972656,13196,0.0,0.0,0.0
2026-04-06 13:44:00-04:00,251.89999389648438,252.0,251.8800048828125,251.97000122070312,10060,0.0,0.0,0.0
2026-04-06 13:45:00-04:00,251.92999267578125,251.99000549316406,251.83999633789062,251.85000610351562,7383,0.0,0.0,0.0
2026-04-06 13:46:00-04:00,251.85000610351562,251.9499969482422,251.82000732421875,251.82000732421875,8945,0.0,0.0,0.0
2026-04-06 13:47:00-04:00,251.83999633789062,251.83999633789062,251.77000427246094,251.80999755859375,21131,0.0,0.0,0.0
2026-04-06 13:48:00-04:00,251.8300018310547,251.85000610351562,251.7899932861328,251.85000610351562,9044,0.0,0.0,0.0
2026-04-06 13:49:00-04:00,251.83999633789062,251.88999938964844,251.8000030517578,251.8800048828125,14672,0.0,0.0,0.0
2026-04-06 13:50:00-04:00,251.8699951171875,251.89999389648438,251.77999877929688,251.82000732421875,29231,0.0,0.0,0.0
2026-04-06 13:51:00-04:00,251.82000732421875,251.9199981689453,251.8000030517578,251.8800048828125,8195,0.0,0.0,0.0
2026-04-06 13:52:00-04:00,251.8800048828125,251.97000122070312,251.8800048828125,251.9199981689453,7746,0.0,0.0,0.0
2026-04-06 13:53:00-04:00,251.8800048828125,251.88499450683594,251.8000030517578,251.8300018310547,9251,0.0,0.0,0.0
2026-04-06 13:54:00-04:00,251.8350067138672,251.84500122070312,251.75999450683594,251.80999755859375,6617,0.0,0.0,0.0
2026-04-06 13:55:00-04:00,251.82989501953125,251.9499969482422,251.82989501953125,251.8800048828125,13880,0.0,0.0,0.0
2026-04-06 13:56:00-04:00,251.89999389648438,251.89999389648438,251.83999633789062,251.8800048828125,19345,0.0,0.0,0.0
2026-04-06 13:57:00-04:00,251.88999938964844,251.89999389648438,251.78500366210938,251.78500366210938,16594,0.0,0.0,0.0
2026-04-06 13:58:00-04:00,251.77999877929688,251.8350067138672,251.75,251.7899932861328,42955,0.0,0.0,0.0
2026-04-06 13:59:00-04:00,251.77999877929688,251.8699951171875,251.76499938964844,251.78500366210938,20526,0.0,0.0,0.0
2026-04-06 14:00:00-04:00,251.78500366210938,251.80999755859375,251.69000244140625,251.72000122070312,77578,0.0,0.0,0.0
2026-04-06 14:01:00-04:00,251.72999572753906,251.82000732421875,251.72999572753906,251.80999755859375,69858,0.0,0.0,0.0
2026-04-06 14:02:00-04:00,251.78500366210938,251.82000732421875,251.75,251.75999450683594,10601,0.0,0.0,0.0
2026-04-06 14:03:00-04:00,251.7899932861328,251.85000610351562,251.7050018310547,251.75,15099,0.0,0.0,0.0
2026-04-06 14:04:00-04:00,251.75,251.75999450683594,251.56199645996094,251.6300048828125,60375,0.0,0.0,0.0
2026-04-06 14:05:00-04:00,251.6199951171875,251.77999877929688,251.6199951171875,251.75,27808,0.0,0.0,0.0
2026-04-06 14:06:00-04:00,251.72999572753906,251.75999450683594,251.63999938964844,251.63999938964844,32393,0.0,0.0,0.0
2026-04-06 14:07:00-04:00,251.6356964111328,251.77999877929688,251.6356964111328,251.72999572753906,70227,0.0,0.0,0.0
2026-04-06 14:08:00-04:00,251.72000122070312,251.72000122070312,251.63999938964844,251.67999267578125,5987,0.0,0.0,0.0
2026-04-06 14:09:00-04:00,251.7100067138672,251.85000610351562,251.69000244140625,251.8300018310547,19719,0.0,0.0,0.0
2026-04-06 14:10:00-04:00,251.8300018310547,252.1699981689453,251.8300018310547,252.1300048828125,67180,0.0,0.0,0.0
2026-04-06 14:11:00-04:00,252.16000366210938,252.52000427246094,252.1199951171875,252.27000427246094,110311,0.0,0.0,0.0
2026-04-06 14:12:00-04:00,252.23500061035156,252.27999877929688,252.10000610351562,252.24000549316406,13835,0.0,0.0,0.0
2026-04-06 14:13:00-04:00,252.25,252.25,252.0800018310547,252.16000366210938,38251,0.0,0.0,0.0
2026-04-06 14:14:00-04:00,252.1699981689453,252.1999969482422,252.02999877929688,252.16000366210938,31666,0.0,0.0,0.0
2026-04-06 14:15:00-04:00,252.13999938964844,252.25999450683594,252.13999938964844,252.22999572753906,8627,0.0,0.0,0.0
2026-04-06 14:16:00-04:00,252.25999450683594,252.3300018310547,252.1999969482422,252.30999755859375,11669,0.0,0.0,0.0
2026-04-06 14:17:00-04:00,252.2899932861328,252.39999389648438,252.27999877929688,252.36000061035156,14549,0.0,0.0,0.0
2026-04-06 14:18:00-04:00,252.3699951171875,252.52000427246094,252.3699951171875,252.47999572753906,48280,0.0,0.0,0.0
2026-04-06 14:19:00-04:00,252.5,252.66000366210938,252.45089721679688,252.5399932861328,55619,0.0,0.0,0.0
2026-04-06 14:20:00-04:00,252.52999877929688,252.5500030517578,252.5,252.52000427246094,12948,0.0,0.0,0.0
2026-04-06 14:21:00-04:00,252.50999450683594,252.6699981689453,252.44000244140625,252.66000366210938,19691,0.0,0.0,0.0
2026-04-06 14:22:00-04:00,252.66000366210938,252.67999267578125,252.5800018310547,252.6699981689453,16330,0.0,0.0,0.0
2026-04-06 14:23:00-04:00,252.66000366210938,252.75,252.64999389648438,252.72999572753906,42255,0.0,0.0,0.0
2026-04-06 14:24:00-04:00,252.75,252.92999267578125,252.7299041748047,252.80999755859375,255314,0.0,0.0,0.0
2026-04-06 14:25:00-04:00,252.8300018310547,252.8300018310547,252.64999389648438,252.7100067138672,23981,0.0,0.0,0.0
2026-04-06 14:26:00-04:00,252.6999969482422,252.72999572753906,252.58999633789062,252.60000610351562,65571,0.0,0.0,0.0
2026-04-06 14:27:00-04:00,252.57000732421875,252.94500732421875,252.57000732421875,252.89999389648438,67974,0.0,0.0,0.0
2026-04-06 14:28:00-04:00,252.91000366210938,253.0500030517578,252.83999633789062,252.85000610351562,67449,0.0,0.0,0.0
2026-04-06 14:29:00-04:00,252.8300018310547,252.85000610351562,252.77999877929688,252.7899932861328,11635,0.0,0.0,0.0
2026-04-06 14:30:00-04:00,252.80999755859375,252.92999267578125,252.80999755859375,252.875,19116,0.0,0.0,0.0
2026-04-06 14:31:00-04:00,252.85499572753906,252.94000244140625,252.8350067138672,252.8699951171875,36960,0.0,0.0,0.0
2026-04-06 14:32:00-04:00,252.88999938964844,252.89500427246094,252.6699981689453,252.77000427246094,75215,0.0,0.0,0.0
2026-04-06 14:33:00-04:00,252.77999877929688,252.7899932861328,252.67999267578125,252.67999267578125,42196,0.0,0.0,0.0
2026-04-06 14:34:00-04:00,252.67999267578125,252.7100067138672,252.5500030517578,252.6999969482422,60179,0.0,0.0,0.0
2026-04-06 14:35:00-04:00,252.69000244140625,252.75999450683594,252.63999938964844,252.7449951171875,32606,0.0,0.0,0.0
2026-04-06 14:36:00-04:00,252.72999572753906,252.72999572753906,252.63999938964844,252.64500427246094,40799,0.0,0.0,0.0
2026-04-06 14:37:00-04:00,252.63999938964844,252.69009399414062,252.6199951171875,252.64999389648438,11129,0.0,0.0,0.0
2026-04-06 14:38:00-04:00,252.64999389648438,252.6699981689453,252.6300048828125,252.64999389648438,5929,0.0,0.0,0.0
2026-04-06 14:39:00-04:00,252.63999938964844,252.63999938964844,252.53500366210938,252.5500030517578,12934,0.0,0.0,0.0
2026-04-06 14:40:00-04:00,252.55999755859375,252.56500244140625,252.44000244140625,252.47000122070312,10694,0.0,0.0,0.0
2026-04-06 14:41:00-04:00,252.4600067138672,252.5399932861328,252.4600067138672,252.5399932861328,29985,0.0,0.0,0.0
2026-04-06 14:42:00-04:00,252.5399932861328,252.5749969482422,252.50999450683594,252.50999450683594,5168,0.0,0.0,0.0
2026-04-06 14:43:00-04:00,252.5,252.52999877929688,252.42999267578125,252.50999450683594,15738,0.0,0.0,0.0
2026-04-06 14:44:00-04:00,252.52000427246094,252.5800018310547,252.4499969482422,252.52000427246094,11479,0.0,0.0,0.0
2026-04-06 14:45:00-04:00,252.52999877929688,252.72999572753906,252.52999877929688,252.6199951171875,51999,0.0,0.0,0.0
2026-04-06 14:46:00-04:00,252.61990356445312,252.67999267578125,252.52999877929688,252.5800018310547,17001,0.0,0.0,0.0
2026-04-06 14:47:00-04:00,252.58999633789062,252.6199951171875,252.57000732421875,252.57000732421875,7070,0.0,0.0,0.0
2026-04-06 14:48:00-04:00,252.5800018310547,252.60499572753906,252.5,252.57000732421875,20203,0.0,0.0,0.0
2026-04-06 14:49:00-04:00,252.55999755859375,252.61000061035156,252.52999877929688,252.59500122070312,6979,0.0,0.0,0.0
2026-04-06 14:50:00-04:00,252.61500549316406,252.6699981689453,252.60000610351562,252.64999389648438,12261,0.0,0.0,0.0
2026-04-06 14:51:00-04:00,252.6750030517578,252.67999267578125,252.57000732421875,252.57000732421875,6907,0.0,0.0,0.0
2026-04-06 14:52:00-04:00,252.57000732421875,252.64999389648438,252.5699005126953,252.6300048828125,30641,0.0,0.0,0.0
2026-04-06 14:53:00-04:00,252.6300048828125,252.69000244140625,252.6199951171875,252.67999267578125,14980,0.0,0.0,0.0
2026-04-06 14:54:00-04:00,252.69000244140625,252.72999572753906,252.6300048828125,252.66000366210938,51430,0.0,0.0,0.0
2026-04-06 14:55:00-04:00,252.66000366210938,252.72000122070312,252.63999938964844,252.64999389648438,7461,0.0,0.0,0.0
2026-04-06 14:56:00-04:00,252.64500427246094,252.72000122070312,252.64500427246094,252.72000122070312,10901,0.0,0.0,0.0
2026-04-06 14:57:00-04:00,252.7100067138672,252.74000549316406,252.6750030517578,252.69000244140625,20932,0.0,0.0,0.0
2026-04-06 14:58:00-04:00,252.6999969482422,252.76499938964844,252.6999969482422,252.75999450683594,32833,0.0,0.0,0.0
2026-04-06 14:59:00-04:00,252.74000549316406,252.79989624023438,252.72000122070312,252.74000549316406,57810,0.0,0.0,0.0
2026-04-06 15:00:00-04:00,252.75900268554688,252.78500366210938,252.66000366210938,252.7100067138672,44708,0.0,0.0,0.0
2026-04-06 15:01:00-04:00,252.72999572753906,252.77999877929688,252.72000122070312,252.74000549316406,16679,0.0,0.0,0.0
2026-04-06 15:02:00-04:00,252.72500610351562,252.75,252.64999389648438,252.69000244140625,20892,0.0,0.0,0.0
2026-04-06 15:03:00-04:00,252.69500732421875,252.69500732421875,252.56500244140625,252.6699981689453,86222,0.0,0.0,0.0
2026-04-06 15:04:00-04:00,252.66000366210938,252.66000366210938,252.57000732421875,252.61500549316406,53944,0.0,0.0,0.0
2026-04-06 15:05:00-04:00,252.61500549316406,252.66000366210938,252.57000732421875,252.5800018310547,68371,0.0,0.0,0.0
2026-04-06 15:06:00-04:00,252.57000732421875,252.58999633789062,252.52999877929688,252.55999755859375,34606,0.0,0.0,0.0
2026-04-06 15:07:00-04:00,252.53500366210938,252.53500366210938,252.47999572753906,252.5,33164,0.0,0.0,0.0
2026-04-06 15:08:00-04:00,252.4949951171875,252.50999450683594,252.38999938964844,252.4199981689453,25497,0.0,0.0,0.0
2026-04-06 15:09:00-04:00,252.4149932861328,252.4600067138672,252.39999389648438,252.41000366210938,29638,0.0,0.0,0.0
2026-04-06 15:10:00-04:00,252.41000366210938,252.41000366210938,252.24000549316406,252.27000427246094,105605,0.0,0.0,0.0
2026-04-06 15:11:00-04:00,252.27000427246094,252.375,252.25999450683594,252.375,73923,0.0,0.0,0.0
2026-04-06 15:12:00-04:00,252.36500549316406,252.42999267578125,252.36000061035156,252.3800048828125,26762,0.0,0.0,0.0
2026-04-06 15:13:00-04:00,252.39999389648438,252.50999450683594,252.39990234375,252.4199981689453,23863,0.0,0.0,0.0
2026-04-06 15:14:00-04:00,252.4499969482422,252.52000427246094,252.4499969482422,252.5,30719,0.0,0.0,0.0
2026-04-06 15:15:00-04:00,252.5,252.5399932861328,252.47000122070312,252.49000549316406,46255,0.0,0.0,0.0
2026-04-06 15:16:00-04:00,252.4842071533203,252.5449981689453,252.3800048828125,252.3800048828125,22991,0.0,0.0,0.0
2026-04-06 15:17:00-04:00,252.41000366210938,252.4499969482422,252.40989685058594,252.41000366210938,11090,0.0,0.0,0.0
2026-04-06 15:18:00-04:00,252.39999389648438,252.42999267578125,252.34010314941406,252.4199981689453,74107,0.0,0.0,0.0
2026-04-06 15:19:00-04:00,252.42999267578125,252.4499969482422,252.33999633789062,252.3800048828125,75872,0.0,0.0,0.0
2026-04-06 15:20:00-04:00,252.38499450683594,252.4149932861328,252.30999755859375,252.39999389648438,46903,0.0,0.0,0.0
2026-04-06 15:21:00-04:00,252.41000366210938,252.52000427246094,252.39999389648438,252.47000122070312,77782,0.0,0.0,0.0
2026-04-06 15:22:00-04:00,252.4600067138672,252.4600067138672,252.3699951171875,252.3800048828125,10094,0.0,0.0,0.0
2026-04-06 15:23:00-04:00,252.36000061035156,252.3699951171875,252.32000732421875,252.3300018310547,7242,0.0,0.0,0.0
2026-04-06 15:24:00-04:00,252.33999633789062,252.33999633789062,252.27999877929688,252.30499267578125,18388,0.0,0.0,0.0
2026-04-06 15:25:00-04:00,252.30499267578125,252.3300018310547,252.17999267578125,252.3249969482422,911430,0.0,0.0,0.0
2026-04-06 15:26:00-04:00,252.3300018310547,252.38999938964844,252.30999755859375,252.30999755859375,87490,0.0,0.0,0.0
2026-04-06 15:27:00-04:00,252.30999755859375,252.3350067138672,252.2949981689453,252.3000030517578,14595,0.0,0.0,0.0
2026-04-06 15:28:00-04:00,252.30999755859375,252.35000610351562,252.30079650878906,252.3300018310547,11275,0.0,0.0,0.0
2026-04-06 15:29:00-04:00,252.3300018310547,252.39999389648438,252.3300018310547,252.35000610351562,10279,0.0,0.0,0.0
2026-04-06 15:30:00-04:00,252.30999755859375,252.38999938964844,252.28500366210938,252.33999633789062,14306,0.0,0.0,0.0
2026-04-06 15:31:00-04:00,252.35000610351562,252.41000366210938,252.3300018310547,252.39999389648438,10573,0.0,0.0,0.0
2026-04-06 15:32:00-04:00,252.39999389648438,252.5,252.38999938964844,252.47000122070312,19689,0.0,0.0,0.0
2026-04-06 15:33:00-04:00,252.49000549316406,252.6300048828125,252.49000549316406,252.55999755859375,25068,0.0,0.0,0.0
2026-04-06 15:34:00-04:00,252.55999755859375,252.5800018310547,252.5124969482422,252.51499938964844,43448,0.0,0.0,0.0
2026-04-06 15:35:00-04:00,252.51499938964844,252.5500030517578,252.47999572753906,252.5050048828125,30309,0.0,0.0,0.0
2026-04-06 15:36:00-04:00,252.50999450683594,252.55999755859375,252.47000122070312,252.53500366210938,19806,0.0,0.0,0.0
2026-04-06 15:37:00-04:00,252.53500366210938,252.5800018310547,252.52000427246094,252.5500030517578,28453,0.0,0.0,0.0
2026-04-06 15:38:00-04:00,252.5449981689453,252.5449981689453,252.47000122070312,252.48500061035156,19654,0.0,0.0,0.0
2026-04-06 15:39:00-04:00,252.47999572753906,252.52499389648438,252.44729614257812,252.44729614257812,96537,0.0,0.0,0.0
2026-04-06 15:40:00-04:00,252.44500732421875,252.47999572753906,252.39500427246094,252.40499877929688,43629,0.0,0.0,0.0
2026-04-06 15:41:00-04:00,252.41000366210938,252.42999267578125,252.32989501953125,252.35000610351562,240313,0.0,0.0,0.0
2026-04-06 15:42:00-04:00,252.33999633789062,252.40499877929688,252.3300018310547,252.37440490722656,52349,0.0,0.0,0.0
2026-04-06 15:43:00-04:00,252.3800048828125,252.5,252.3800048828125,252.49000549316406,49167,0.0,0.0,0.0
2026-04-06 15:44:00-04:00,252.48500061035156,252.61000061035156,252.48500061035156,252.60000610351562,50821,0.0,0.0,0.0
2026-04-06 15:45:00-04:00,252.60000610351562,252.77000427246094,252.56500244140625,252.75,89010,0.0,0.0,0.0
2026-04-06 15:46:00-04:00,252.75999450683594,252.76499938964844,252.63999938964844,252.6580047607422,37921,0.0,0.0,0.0
2026-04-06 15:47:00-04:00,252.6580047607422,252.6699981689453,252.57000732421875,252.5800018310547,119567,0.0,0.0,0.0
2026-04-06 15:48:00-04:00,252.5800018310547,252.66000366210938,252.56500244140625,252.64500427246094,53356,0.0,0.0,0.0
2026-04-06 15:49:00-04:00,252.63999938964844,252.66000366210938,252.60000610351562,252.6300048828125,46713,0.0,0.0,0.0
2026-04-06 15:50:00-04:00,252.625,252.67999267578125,252.4499969482422,252.5449981689453,105076,0.0,0.0,0.0
2026-04-06 15:51:00-04:00,252.5399932861328,252.5500030517578,252.4550018310547,252.47500610351562,65622,0.0,0.0,0.0
2026-04-06 15:52:00-04:00,252.47500610351562,252.52999877929688,252.43499755859375,252.43499755859375,111671,0.0,0.0,0.0
2026-04-06 15:53:00-04:00,252.44000244140625,252.47000122070312,252.38499450683594,252.46499633789062,137523,0.0,0.0,0.0
2026-04-06 15:54:00-04:00,252.4600067138672,252.49000549316406,252.39999389648438,252.39999389648438,109970,0.0,0.0,0.0
2026-04-06 15:55:00-04:00,252.39999389648438,252.42999267578125,252.1999969482422,252.1999969482422,141157,0.0,0.0,0.0
2026-04-06 15:56:00-04:00,252.19500732421875,252.3000030517578,252.19000244140625,252.1999969482422,152828,0.0,0.0,0.0
2026-04-06 15:57:00-04:00,252.1999969482422,252.24000549316406,252.13999938964844,252.24000549316406,116173,0.0,0.0,0.0
2026-04-06 15:58:00-04:00,252.23500061035156,252.31500244140625,252.23500061035156,252.25999450683594,176112,0.0,0.0,0.0
2026-04-06 15:59:00-04:00,252.24000549316406,252.39500427246094,252.24000549316406,252.3699951171875,385161,0.0,0.0,0.0
2026-04-07 09:30:00-04:00,251.2100067138672,251.7100067138672,251.2100067138672,251.57000732421875,2521065,0.0,0.0,0.0
2026-04-07 09:31:00-04:00,251.55999755859375,251.75,251.5,251.55499267578125,94113,0.0,0.0,0.0
2026-04-07 09:32:00-04:00,251.57000732421875,251.7100067138672,251.49000549316406,251.63999938964844,169749,0.0,0.0,0.0
2026-04-07 09:33:00-04:00,251.6199951171875,251.72999572753906,251.52000427246094,251.58749389648438,129407,0.0,0.0,0.0
2026-04-07 09:34:00-04:00,251.60000610351562,251.60000610351562,251.07000732421875,251.07000732421875,255235,0.0,0.0,0.0
2026-04-07 09:35:00-04:00,251.10000610351562,251.11000061035156,250.74000549316406,250.92999267578125,151800,0.0,0.0,0.0
2026-04-07 09:36:00-04:00,250.94000244140625,251.52999877929688,250.92999267578125,251.07000732421875,81143,0.0,0.0,0.0
2026-04-07 09:37:00-04:00,251.07000732421875,251.3300018310547,250.97999572753906,251.0399932861328,73099,0.0,0.0,0.0
2026-04-07 09:38:00-04:00,251.02999877929688,251.11000061035156,250.66000366210938,250.67999267578125,175019,0.0,0.0,0.0
2026-04-07 09:39:00-04:00,250.6999969482422,250.74000549316406,250.38999938964844,250.52000427246094,179709,0.0,0.0,0.0
2026-04-07 09:40:00-04:00,250.5,250.7899932861328,250.30999755859375,250.35000610351562,114247,0.0,0.0,0.0
2026-04-07 09:41:00-04:00,250.35000610351562,250.50999450683594,250.22999572753906,250.3000030517578,136662,0.0,0.0,0.0
2026-04-07 09:42:00-04:00,250.35000610351562,250.6300048828125,250.34500122070312,250.5800018310547,66103,0.0,0.0,0.0
2026-04-07 09:43:00-04:00,250.58999633789062,250.7799072265625,250.55999755859375,250.67999267578125,81801,0.0,0.0,0.0
2026-04-07 09:44:00-04:00,250.67999267578125,250.72999572753906,250.55999755859375,250.5800018310547,64795,0.0,0.0,0.0
2026-04-07 09:45:00-04:00,250.57000732421875,250.8000030517578,250.36990356445312,250.5399932861328,98004,0.0,0.0,0.0
2026-04-07 09:46:00-04:00,250.58999633789062,250.61000061035156,250.36000061035156,250.47999572753906,64346,0.0,0.0,0.0
2026-04-07 09:47:00-04:00,250.49000549316406,250.5,250.25,250.30999755859375,98017,0.0,0.0,0.0
2026-04-07 09:48:00-04:00,250.30499267578125,250.47000122070312,250.1300048828125,250.1999969482422,86518,0.0,0.0,0.0
2026-04-07 09:49:00-04:00,250.22999572753906,250.47999572753906,250.19000244140625,250.4600067138672,77773,0.0,0.0,0.0
2026-04-07 09:50:00-04:00,250.4199981689453,250.55999755859375,250.27999877929688,250.52000427246094,147802,0.0,0.0,0.0
2026-04-07 09:51:00-04:00,250.52000427246094,250.6649932861328,250.36000061035156,250.5800018310547,76638,0.0,0.0,0.0
2026-04-07 09:52:00-04:00,250.5800018310547,250.86000061035156,250.5800018310547,250.77999877929688,63359,0.0,0.0,0.0
2026-04-07 09:53:00-04:00,250.8000030517578,251.0800018310547,250.74000549316406,251.07000732421875,67018,0.0,0.0,0.0
2026-04-07 09:54:00-04:00,251.05499267578125,251.42999267578125,251.05499267578125,251.41000366210938,110900,0.0,0.0,0.0
2026-04-07 09:55:00-04:00,251.41000366210938,251.5800018310547,251.2100067138672,251.2899932861328,65401,0.0,0.0,0.0
2026-04-07 09:56:00-04:00,251.3000030517578,251.3000030517578,250.64990234375,250.77999877929688,145648,0.0,0.0,0.0
2026-04-07 09:57:00-04:00,250.8000030517578,250.8699951171875,250.55999755859375,250.72000122070312,62306,0.0,0.0,0.0
2026-04-07 09:58:00-04:00,250.75,250.8000030517578,250.58999633789062,250.67999267578125,65221,0.0,0.0,0.0
2026-04-07 09:59:00-04:00,250.63999938964844,250.75999450683594,250.38999938964844,250.4499969482422,51216,0.0,0.0,0.0
2026-04-07 10:00:00-04:00,250.4600067138672,250.49000549316406,250.10000610351562,250.2100067138672,134414,0.0,0.0,0.0
2026-04-07 10:01:00-04:00,250.19500732421875,250.3000030517578,250.08999633789062,250.19500732421875,64359,0.0,0.0,0.0
2026-04-07 10:02:00-04:00,250.27999877929688,250.3699951171875,250.13999938964844,250.33999633789062,53116,0.0,0.0,0.0
2026-04-07 10:03:00-04:00,250.33070373535156,250.4499969482422,250.25,250.2899932861328,89953,0.0,0.0,0.0
2026-04-07 10:04:00-04:00,250.27999877929688,250.38999938964844,250.20260620117188,250.2899932861328,78549,0.0,0.0,0.0
2026-04-07 10:05:00-04:00,250.2899932861328,250.33999633789062,250.0399932861328,250.1999969482422,152855,0.0,0.0,0.0
2026-04-07 10:06:00-04:00,250.1999969482422,250.1999969482422,249.74000549316406,249.74000549316406,154116,0.0,0.0,0.0
2026-04-07 10:07:00-04:00,249.74000549316406,250.07000732421875,249.74000549316406,249.8000030517578,57349,0.0,0.0,0.0
2026-04-07 10:08:00-04:00,249.8000030517578,249.85000610351562,249.60000610351562,249.64500427246094,72719,0.0,0.0,0.0
2026-04-07 10:09:00-04:00,249.63999938964844,249.8800048828125,249.63009643554688,249.86000061035156,61257,0.0,0.0,0.0
2026-04-07 10:10:00-04:00,249.86000061035156,250.14999389648438,249.86000061035156,250.14999389648438,133441,0.0,0.0,0.0
2026-04-07 10:11:00-04:00,250.13499450683594,250.3000030517578,250.00999450683594,250.16000366210938,110066,0.0,0.0,0.0
2026-04-07 10:12:00-04:00,250.1699981689453,250.33999633789062,250.11000061035156,250.14999389648438,60505,0.0,0.0,0.0
2026-04-07 10:13:00-04:00,250.1300048828125,250.25999450683594,250.11000061035156,250.2100067138672,30894,0.0,0.0,0.0
2026-04-07 10:14:00-04:00,250.22999572753906,250.41000366210938,250.1999969482422,250.36000061035156,74741,0.0,0.0,0.0
2026-04-07 10:15:00-04:00,250.36000061035156,250.4550018310547,250.1999969482422,250.35000610351562,100337,0.0,0.0,0.0
2026-04-07 10:16:00-04:00,250.3300018310547,250.5,250.27000427246094,250.27000427246094,98053,0.0,0.0,0.0
2026-04-07 10:17:00-04:00,250.2899932861328,250.3000030517578,249.9600067138672,250.2100067138672,209796,0.0,0.0,0.0
2026-04-07 10:18:00-04:00,250.19000244140625,250.26499938964844,250.05999755859375,250.11000061035156,102482,0.0,0.0,0.0
2026-04-07 10:19:00-04:00,250.1300048828125,250.39999389648438,250.02000427246094,250.38999938964844,56463,0.0,0.0,0.0
2026-04-07 10:20:00-04:00,250.4199981689453,250.72999572753906,250.41000366210938,250.67999267578125,133897,0.0,0.0,0.0
2026-04-07 10:21:00-04:00,250.69000244140625,251.19000244140625,250.66000366210938,251.0500030517578,116018,0.0,0.0,0.0
2026-04-07 10:22:00-04:00,251.00999450683594,251.14999389648438,250.92999267578125,250.97000122070312,109835,0.0,0.0,0.0
2026-04-07 10:23:00-04:00,250.99000549316406,251.25999450683594,250.88999938964844,251.2100067138672,88463,0.0,0.0,0.0
2026-04-07 10:24:00-04:00,251.19000244140625,251.38999938964844,251.1699981689453,251.25999450683594,55464,0.0,0.0,0.0
2026-04-07 10:25:00-04:00,251.24000549316406,251.27000427246094,251.10000610351562,251.13999938964844,34010,0.0,0.0,0.0
2026-04-07 10:26:00-04:00,251.16000366210938,251.1750030517578,251.0399932861328,251.1699981689453,89835,0.0,0.0,0.0
2026-04-07 10:27:00-04:00,251.13999938964844,251.14999389648438,250.8000030517578,250.8699951171875,216848,0.0,0.0,0.0
2026-04-07 10:28:00-04:00,250.84500122070312,250.88999938964844,250.7899932861328,250.8699951171875,28109,0.0,0.0,0.0
2026-04-07 10:29:00-04:00,250.8699951171875,251.32000732421875,250.8699951171875,251.3000030517578,56143,0.0,0.0,0.0
2026-04-07 10:30:00-04:00,251.30999755859375,251.3800048828125,251.02999877929688,251.0399932861328,162329,0.0,0.0,0.0
2026-04-07 10:31:00-04:00,251.02999877929688,251.1699981689453,250.9199981689453,251.08999633789062,61966,0.0,0.0,0.0
2026-04-07 10:32:00-04:00,251.1300048828125,251.22999572753906,251.0,251.0500030517578,49859,0.0,0.0,0.0
2026-04-07 10:33:00-04:00,251.0500030517578,251.6999969482422,251.0500030517578,251.68499755859375,111459,0.0,0.0,0.0
2026-04-07 10:34:00-04:00,251.6699981689453,251.6699981689453,251.35000610351562,251.35000610351562,44030,0.0,0.0,0.0
2026-04-07 10:35:00-04:00,251.3800048828125,251.4250030517578,251.0,251.19000244140625,89529,0.0,0.0,0.0
2026-04-07 10:36:00-04:00,251.22999572753906,251.3000030517578,251.0399932861328,251.2899932861328,36584,0.0,0.0,0.0
2026-04-07 10:37:00-04:00,251.25,251.4499969482422,251.15109252929688,251.4499969482422,21484,0.0,0.0,0.0
2026-04-07 10:38:00-04:00,251.4600067138672,251.4600067138672,251.27999877929688,251.39999389648438,23758,0.0,0.0,0.0
2026-04-07 10:39:00-04:00,251.3699951171875,251.3699951171875,251.02999877929688,251.1999969482422,60277,0.0,0.0,0.0
2026-04-07 10:40:00-04:00,251.2100067138672,251.35000610351562,251.13999938964844,251.1699981689453,137308,0.0,0.0,0.0
2026-04-07 10:41:00-04:00,251.1699981689453,251.41000366210938,251.1699981689453,251.22999572753906,395633,0.0,0.0,0.0
2026-04-07 10:42:00-04:00,251.1999969482422,251.1999969482422,250.94000244140625,251.02999877929688,23952,0.0,0.0,0.0
2026-04-07 10:43:00-04:00,250.97000122070312,251.00999450683594,250.80999755859375,250.8249969482422,18950,0.0,0.0,0.0
2026-04-07 10:44:00-04:00,250.88999938964844,251.1699981689453,250.8699951171875,250.97000122070312,34249,0.0,0.0,0.0
2026-04-07 10:45:00-04:00,250.97500610351562,251.10000610351562,250.89999389648438,251.0800018310547,30881,0.0,0.0,0.0
2026-04-07 10:46:00-04:00,251.02999877929688,251.72999572753906,251.02999877929688,251.25,181765,0.0,0.0,0.0
2026-04-07 10:47:00-04:00,251.24000549316406,251.2899932861328,251.13499450683594,251.17999267578125,42604,0.0,0.0,0.0
2026-04-07 10:48:00-04:00,251.17999267578125,251.22000122070312,250.94000244140625,251.00999450683594,83425,0.0,0.0,0.0
2026-04-07 10:49:00-04:00,251.00999450683594,251.25999450683594,251.00999450683594,251.1999969482422,30591,0.0,0.0,0.0
2026-04-07 10:50:00-04:00,251.1300048828125,251.1300048828125,250.9499969482422,250.9600067138672,28184,0.0,0.0,0.0
2026-04-07 10:51:00-04:00,251.0,251.07000732421875,250.80999755859375,250.85000610351562,91704,0.0,0.0,0.0
2026-04-07 10:52:00-04:00,250.86000061035156,250.92999267578125,250.77000427246094,250.8699951171875,21520,0.0,0.0,0.0
2026-04-07 10:53:00-04:00,250.8699951171875,251.16000366210938,250.8300018310547,251.08999633789062,23558,0.0,0.0,0.0
2026-04-07 10:54:00-04:00,251.05999755859375,251.05999755859375,250.9199981689453,251.02999877929688,12574,0.0,0.0,0.0
2026-04-07 10:55:00-04:00,250.9199981689453,250.92999267578125,250.72999572753906,250.74000549316406,18721,0.0,0.0,0.0
2026-04-07 10:56:00-04:00,250.77999877929688,250.8800048828125,250.69000244140625,250.8000030517578,50507,0.0,0.0,0.0
2026-04-07 10:57:00-04:00,250.86000061035156,250.9499969482422,250.74000549316406,250.8800048828125,76641,0.0,0.0,0.0
2026-04-07 10:58:00-04:00,250.8800048828125,250.97000122070312,250.52000427246094,250.55999755859375,89933,0.0,0.0,0.0
2026-04-07 10:59:00-04:00,250.5800018310547,250.58999633789062,250.35000610351562,250.42999267578125,129931,0.0,0.0,0.0
2026-04-07 11:00:00-04:00,250.42999267578125,250.49000549316406,250.22000122070312,250.38009643554688,66874,0.0,0.0,0.0
2026-04-07 11:01:00-04:00,250.39999389648438,250.4199981689453,250.1999969482422,250.2899932861328,306805,0.0,0.0,0.0
2026-04-07 11:02:00-04:00,250.3000030517578,250.4499969482422,249.9600067138672,250.17999267578125,111937,0.0,0.0,0.0
2026-04-07 11:03:00-04:00,250.19000244140625,250.2100067138672,250.10000610351562,250.16000366210938,25011,0.0,0.0,0.0
2026-04-07 11:04:00-04:00,250.16000366210938,250.2100067138672,249.9600067138672,249.98194885253906,51358,0.0,0.0,0.0
2026-04-07 11:05:00-04:00,249.97000122070312,249.97000122070312,249.58999633789062,249.60000610351562,63682,0.0,0.0,0.0
2026-04-07 11:06:00-04:00,249.6300048828125,249.66000366210938,249.52000427246094,249.625,46766,0.0,0.0,0.0
2026-04-07 11:07:00-04:00,249.64999389648438,249.8300018310547,249.63999938964844,249.75999450683594,40311,0.0,0.0,0.0
2026-04-07 11:08:00-04:00,249.75,249.75999450683594,249.60000610351562,249.66000366210938,38770,0.0,0.0,0.0
2026-04-07 11:09:00-04:00,249.6649932861328,249.72999572753906,249.5500030517578,249.6999969482422,48802,0.0,0.0,0.0
2026-04-07 11:10:00-04:00,249.72999572753906,250.02000427246094,249.72999572753906,249.89999389648438,97320,0.0,0.0,0.0
2026-04-07 11:11:00-04:00,249.91000366210938,250.3300018310547,249.88999938964844,250.24000549316406,99476,0.0,0.0,0.0
2026-04-07 11:12:00-04:00,250.22999572753906,250.27000427246094,250.12899780273438,250.13909912109375,45964,0.0,0.0,0.0
2026-04-07 11:13:00-04:00,250.11000061035156,250.11500549316406,249.89999389648438,249.97000122070312,18273,0.0,0.0,0.0
2026-04-07 11:14:00-04:00,250.02000427246094,250.02999877929688,249.89500427246094,250.02999877929688,15528,0.0,0.0,0.0
2026-04-07 11:15:00-04:00,250.02499389648438,250.9199981689453,249.82000732421875,250.7100067138672,153812,0.0,0.0,0.0
2026-04-07 11:16:00-04:00,250.75,250.92999267578125,250.33999633789062,250.4499969482422,179255,0.0,0.0,0.0
2026-04-07 11:17:00-04:00,250.4499969482422,250.52999877929688,250.3699951171875,250.5,47637,0.0,0.0,0.0
2026-04-07 11:18:00-04:00,250.4600067138672,250.63999938964844,250.30999755859375,250.34500122070312,97120,0.0,0.0,0.0
2026-04-07 11:19:00-04:00,250.32009887695312,250.58999633789062,250.32009887695312,250.5800018310547,23625,0.0,0.0,0.0
2026-04-07 11:20:00-04:00,250.5800018310547,250.58999633789062,250.44000244140625,250.52000427246094,16102,0.0,0.0,0.0
2026-04-07 11:21:00-04:00,250.52000427246094,250.52000427246094,250.27999877929688,250.4600067138672,26624,0.0,0.0,0.0
2026-04-07 11:22:00-04:00,250.42999267578125,250.58999633789062,250.3699951171875,250.50999450683594,24843,0.0,0.0,0.0
2026-04-07 11:23:00-04:00,250.47999572753906,250.5,250.3000030517578,250.4199981689453,65572,0.0,0.0,0.0
2026-04-07 11:24:00-04:00,250.4499969482422,250.49000549316406,250.25,250.27999877929688,65643,0.0,0.0,0.0
2026-04-07 11:25:00-04:00,250.27999877929688,250.52999877929688,250.27999877929688,250.47999572753906,64581,0.0,0.0,0.0
2026-04-07 11:26:00-04:00,250.47999572753906,250.57000732421875,250.38999938964844,250.55999755859375,8159,0.0,0.0,0.0
2026-04-07 11:27:00-04:00,250.5800018310547,250.5800018310547,250.41000366210938,250.49000549316406,13782,0.0,0.0,0.0
2026-04-07 11:28:00-04:00,250.49000549316406,250.5800018310547,250.4199981689453,250.5,15275,0.0,0.0,0.0
2026-04-07 11:29:00-04:00,250.43499755859375,250.77000427246094,250.42999267578125,250.75999450683594,15102,0.0,0.0,0.0
2026-04-07 11:30:00-04:00,250.75999450683594,250.88499450683594,250.69000244140625,250.72000122070312,27091,0.0,0.0,0.0
2026-04-07 11:31:00-04:00,250.69000244140625,250.81500244140625,250.57000732421875,250.8000030517578,10733,0.0,0.0,0.0
2026-04-07 11:32:00-04:00,250.77999877929688,250.97000122070312,250.75999450683594,250.9499969482422,76127,0.0,0.0,0.0
2026-04-07 11:33:00-04:00,250.9499969482422,250.99000549316406,250.75,250.86000061035156,277723,0.0,0.0,0.0
2026-04-07 11:34:00-04:00,250.8800048828125,250.9600067138672,250.85000610351562,250.85499572753906,33111,0.0,0.0,0.0
2026-04-07 11:35:00-04:00,250.8249969482422,250.9949951171875,250.8000030517578,250.89999389648438,46342,0.0,0.0,0.0
2026-04-07 11:36:00-04:00,250.92999267578125,251.03500366210938,250.91000366210938,251.00999450683594,57420,0.0,0.0,0.0
2026-04-07 11:37:00-04:00,251.00999450683594,251.02000427246094,250.6300048828125,250.8699951171875,180295,0.0,0.0,0.0
2026-04-07 11:38:00-04:00,250.8699951171875,250.92999267578125,250.77999877929688,250.77999877929688,31005,0.0,0.0,0.0
2026-04-07 11:39:00-04:00,250.8000030517578,250.80999755859375,250.5,250.6199951171875,156346,0.0,0.0,0.0
2026-04-07 11:40:00-04:00,250.61990356445312,250.64999389648438,250.52000427246094,250.5399932861328,11235,0.0,0.0,0.0
2026-04-07 11:41:00-04:00,250.53500366210938,250.58999633789062,250.39999389648438,250.4499969482422,14174,0.0,0.0,0.0
2026-04-07 11:42:00-04:00,250.4499969482422,250.56900024414062,250.43499755859375,250.52999877929688,26027,0.0,0.0,0.0
2026-04-07 11:43:00-04:00,250.547607421875,250.6699981689453,250.547607421875,250.63999938964844,10532,0.0,0.0,0.0
2026-04-07 11:44:00-04:00,250.6750030517578,250.7100067138672,250.39999389648438,250.42999267578125,22814,0.0,0.0,0.0
2026-04-07 11:45:00-04:00,250.4499969482422,250.55999755859375,250.41000366210938,250.5500030517578,35904,0.0,0.0,0.0
2026-04-07 11:46:00-04:00,250.5399932861328,250.69000244140625,250.50999450683594,250.67999267578125,13812,0.0,0.0,0.0
2026-04-07 11:47:00-04:00,250.6699981689453,250.72000122070312,250.4949951171875,250.5,49554,0.0,0.0,0.0
2026-04-07 11:48:00-04:00,250.47999572753906,250.49000549316406,250.33009338378906,250.47999572753906,21181,0.0,0.0,0.0
2026-04-07 11:49:00-04:00,250.4550018310547,250.50999450683594,250.39999389648438,250.50999450683594,3381,0.0,0.0,0.0
2026-04-07 11:50:00-04:00,250.52000427246094,250.60000610351562,250.4600067138672,250.4600067138672,8898,0.0,0.0,0.0
2026-04-07 11:51:00-04:00,250.4600067138672,250.50999450683594,250.32000732421875,250.33999633789062,14169,0.0,0.0,0.0
2026-04-07 11:52:00-04:00,250.3800048828125,250.4290008544922,250.25,250.41000366210938,15376,0.0,0.0,0.0
2026-04-07 11:53:00-04:00,250.41000366210938,250.53500366210938,250.39999389648438,250.5,19353,0.0,0.0,0.0
2026-04-07 11:54:00-04:00,250.52999877929688,250.6199951171875,250.5,250.6199951171875,7813,0.0,0.0,0.0
2026-04-07 11:55:00-04:00,250.57000732421875,251.1300048828125,250.54150390625,250.8350067138672,171117,0.0,0.0,0.0
2026-04-07 11:56:00-04:00,250.82000732421875,250.82000732421875,250.6300048828125,250.67999267578125,109165,0.0,0.0,0.0
2026-04-07 11:57:00-04:00,250.6999969482422,250.77000427246094,250.63999938964844,250.6699981689453,10192,0.0,0.0,0.0
2026-04-07 11:58:00-04:00,250.72000122070312,250.77999877929688,250.63999938964844,250.77000427246094,10031,0.0,0.0,0.0
2026-04-07 11:59:00-04:00,250.77999877929688,250.86000061035156,250.72000122070312,250.8300018310547,14958,0.0,0.0,0.0
2026-04-07 12:00:00-04:00,250.86000061035156,251.11000061035156,250.85000610351562,251.08999633789062,98740,0.0,0.0,0.0
2026-04-07 12:01:00-04:00,251.08999633789062,251.17999267578125,250.9499969482422,251.0500030517578,24359,0.0,0.0,0.0
2026-04-07 12:02:00-04:00,251.0500030517578,252.0,251.0399932861328,251.97000122070312,69546,0.0,0.0,0.0
2026-04-07 12:03:00-04:00,251.94000244140625,252.75999450683594,251.88999938964844,251.97000122070312,348641,0.0,0.0,0.0
2026-04-07 12:04:00-04:00,252.0,252.05999755859375,251.57000732421875,251.57000732421875,297711,0.0,0.0,0.0
2026-04-07 12:05:00-04:00,251.55999755859375,251.57000732421875,251.32000732421875,251.4459991455078,108278,0.0,0.0,0.0
2026-04-07 12:06:00-04:00,251.4499969482422,251.69000244140625,251.33999633789062,251.5800018310547,188342,0.0,0.0,0.0
2026-04-07 12:07:00-04:00,251.55999755859375,251.6699981689453,251.3000030517578,251.35000610351562,62693,0.0,0.0,0.0
2026-04-07 12:08:00-04:00,251.3300018310547,251.35000610351562,251.1699981689453,251.30999755859375,47051,0.0,0.0,0.0
2026-04-07 12:09:00-04:00,251.27999877929688,251.30999755859375,251.11000061035156,251.1300048828125,41010,0.0,0.0,0.0
2026-04-07 12:10:00-04:00,251.10000610351562,251.3300018310547,251.07000732421875,251.22000122070312,46030,0.0,0.0,0.0
2026-04-07 12:11:00-04:00,251.21499633789062,251.32000732421875,251.16000366210938,251.27999877929688,23661,0.0,0.0,0.0
2026-04-07 12:12:00-04:00,251.27000427246094,251.38999938964844,251.17999267578125,251.22500610351562,101219,0.0,0.0,0.0
2026-04-07 12:13:00-04:00,251.22999572753906,251.3000030517578,251.19000244140625,251.25999450683594,26188,0.0,0.0,0.0
2026-04-07 12:14:00-04:00,251.2899932861328,251.41000366210938,251.27000427246094,251.27999877929688,113134,0.0,0.0,0.0
2026-04-07 12:15:00-04:00,251.2899932861328,251.42999267578125,251.17999267578125,251.42999267578125,49001,0.0,0.0,0.0
2026-04-07 12:16:00-04:00,251.42999267578125,251.44000244140625,251.3699951171875,251.3800048828125,31028,0.0,0.0,0.0
2026-04-07 12:17:00-04:00,251.38999938964844,251.38999938964844,251.22000122070312,251.22000122070312,20243,0.0,0.0,0.0
2026-04-07 12:18:00-04:00,251.22999572753906,251.30499267578125,251.17999267578125,251.27000427246094,18466,0.0,0.0,0.0
2026-04-07 12:19:00-04:00,251.27000427246094,251.3000030517578,251.1199951171875,251.1699981689453,22814,0.0,0.0,0.0
2026-04-07 12:20:00-04:00,251.14999389648438,251.14999389648438,250.92999267578125,251.0399932861328,42118,0.0,0.0,0.0
2026-04-07 12:21:00-04:00,251.07000732421875,251.24000549316406,251.0500030517578,251.2100067138672,9642,0.0,0.0,0.0
2026-04-07 12:22:00-04:00,251.17999267578125,251.24000549316406,251.0800018310547,251.1199951171875,24266,0.0,0.0,0.0
2026-04-07 12:23:00-04:00,251.11000061035156,251.83999633789062,251.0399932861328,251.25,247498,0.0,0.0,0.0
2026-04-07 12:24:00-04:00,251.25999450683594,251.47000122070312,251.1300048828125,251.4600067138672,28341,0.0,0.0,0.0
2026-04-07 12:25:00-04:00,251.4499969482422,251.5800018310547,251.38999938964844,251.38999938964844,36438,0.0,0.0,0.0
2026-04-07 12:26:00-04:00,251.38999938964844,251.52000427246094,251.27499389648438,251.5,94095,0.0,0.0,0.0
2026-04-07 12:27:00-04:00,251.47000122070312,251.63999938964844,251.47000122070312,251.61000061035156,49678,0.0,0.0,0.0
2026-04-07 12:28:00-04:00,251.59750366210938,251.74000549316406,251.47000122070312,251.50999450683594,69475,0.0,0.0,0.0
2026-04-07 12:29:00-04:00,251.5399932861328,251.55999755859375,251.4600067138672,251.4600067138672,18850,0.0,0.0,0.0
2026-04-07 12:30:00-04:00,251.42999267578125,251.52999877929688,251.30999755859375,251.50999450683594,36186,0.0,0.0,0.0
2026-04-07 12:31:00-04:00,251.49000549316406,251.69000244140625,251.32000732421875,251.6300048828125,36731,0.0,0.0,0.0
2026-04-07 12:32:00-04:00,251.6300048828125,251.6999969482422,251.52999877929688,251.52999877929688,15293,0.0,0.0,0.0
2026-04-07 12:33:00-04:00,251.5800018310547,251.67999267578125,251.5,251.67999267578125,95377,0.0,0.0,0.0
2026-04-07 12:34:00-04:00,251.6699981689453,251.75,251.58999633789062,251.7100067138672,73840,0.0,0.0,0.0
2026-04-07 12:35:00-04:00,251.72000122070312,251.77999877929688,251.63999938964844,251.6999969482422,20953,0.0,0.0,0.0
2026-04-07 12:36:00-04:00,251.6999969482422,251.6999969482422,251.55999755859375,251.63999938964844,21141,0.0,0.0,0.0
2026-04-07 12:37:00-04:00,251.64500427246094,251.66000366210938,251.47999572753906,251.66000366210938,24527,0.0,0.0,0.0
2026-04-07 12:38:00-04:00,251.61000061035156,251.6300048828125,251.42999267578125,251.42999267578125,26218,0.0,0.0,0.0
2026-04-07 12:39:00-04:00,251.4250030517578,251.42999267578125,251.21499633789062,251.33999633789062,126081,0.0,0.0,0.0
2026-04-07 12:40:00-04:00,251.33999633789062,251.41000366210938,251.25,251.38009643554688,38102,0.0,0.0,0.0
2026-04-07 12:41:00-04:00,251.39999389648438,251.63999938964844,251.39999389648438,251.5,70991,0.0,0.0,0.0
2026-04-07 12:42:00-04:00,251.50010681152344,251.6300048828125,251.47000122070312,251.5800018310547,116803,0.0,0.0,0.0
2026-04-07 12:43:00-04:00,251.58999633789062,251.59390258789062,251.41000366210938,251.4600067138672,14586,0.0,0.0,0.0
2026-04-07 12:44:00-04:00,251.4600067138672,251.7100067138672,251.4600067138672,251.69000244140625,31722,0.0,0.0,0.0
2026-04-07 12:45:00-04:00,251.7100067138672,251.92999267578125,251.69000244140625,251.91000366210938,43688,0.0,0.0,0.0
2026-04-07 12:46:00-04:00,251.91000366210938,252.13999938964844,251.8800048828125,252.08999633789062,132811,0.0,0.0,0.0
2026-04-07 12:47:00-04:00,252.08999633789062,252.13999938964844,252.0,252.07000732421875,100345,0.0,0.0,0.0
2026-04-07 12:48:00-04:00,252.0749969482422,252.2100067138672,252.05999755859375,252.05999755859375,69113,0.0,0.0,0.0
2026-04-07 12:49:00-04:00,252.05999755859375,252.05999755859375,251.9199981689453,252.0,14101,0.0,0.0,0.0
2026-04-07 12:50:00-04:00,251.88999938964844,252.07000732421875,251.8300018310547,252.07000732421875,17941,0.0,0.0,0.0
2026-04-07 12:51:00-04:00,252.05999755859375,252.14999389648438,252.0500030517578,252.0800018310547,4647,0.0,0.0,0.0
2026-04-07 12:52:00-04:00,252.0500030517578,252.17999267578125,252.0,252.13499450683594,47931,0.0,0.0,0.0
2026-04-07 12:53:00-04:00,252.1302032470703,252.1302032470703,252.0800018310547,252.0800018310547,8485,0.0,0.0,0.0
2026-04-07 12:54:00-04:00,252.0800018310547,252.1199951171875,251.9199981689453,251.9600067138672,10970,0.0,0.0,0.0
2026-04-07 12:55:00-04:00,251.91000366210938,251.91000366210938,251.80999755859375,251.85000610351562,8490,0.0,0.0,0.0
2026-04-07 12:56:00-04:00,251.8300018310547,251.83999633789062,251.67999267578125,251.6999969482422,12027,0.0,0.0,0.0
2026-04-07 12:57:00-04:00,251.67999267578125,251.80999755859375,251.63999938964844,251.72500610351562,11947,0.0,0.0,0.0
2026-04-07 12:58:00-04:00,251.74000549316406,251.85000610351562,251.6999969482422,251.85000610351562,10307,0.0,0.0,0.0
2026-04-07 12:59:00-04:00,251.86000061035156,251.86000061035156,251.6199951171875,251.64999389648438,66797,0.0,0.0,0.0
2026-04-07 13:00:00-04:00,251.64999389648438,251.89999389648438,251.50999450683594,251.64999389648438,85955,0.0,0.0,0.0
2026-04-07 13:01:00-04:00,251.63999938964844,251.72999572753906,251.58999633789062,251.64500427246094,11345,0.0,0.0,0.0
2026-04-07 13:02:00-04:00,251.63999938964844,251.86000061035156,251.63999938964844,251.86000061035156,25755,0.0,0.0,0.0
2026-04-07 13:03:00-04:00,251.85000610351562,252.0800018310547,251.8300018310547,252.0500030517578,44254,0.0,0.0,0.0
2026-04-07 13:04:00-04:00,252.02999877929688,252.11000061035156,252.0,252.0,15166,0.0,0.0,0.0
2026-04-07 13:05:00-04:00,252.00999450683594,252.07000732421875,251.8800048828125,251.9600067138672,35240,0.0,0.0,0.0
2026-04-07 13:06:00-04:00,251.9499969482422,252.11990356445312,251.86000061035156,252.0500030517578,19694,0.0,0.0,0.0
2026-04-07 13:07:00-04:00,252.0399932861328,252.0800018310547,251.94000244140625,251.94000244140625,17450,0.0,0.0,0.0
2026-04-07 13:08:00-04:00,252.0,252.02999877929688,252.0,252.02499389648438,2230,0.0,0.0,0.0
2026-04-07 13:09:00-04:00,252.02999877929688,252.02999877929688,251.88999938964844,251.9550018310547,9290,0.0,0.0,0.0
2026-04-07 13:10:00-04:00,251.88999938964844,252.02000427246094,251.81019592285156,252.01499938964844,10201,0.0,0.0,0.0
2026-04-07 13:11:00-04:00,251.94000244140625,251.94000244140625,251.85000610351562,251.86000061035156,10239,0.0,0.0,0.0
2026-04-07 13:12:00-04:00,251.86000061035156,251.97999572753906,251.82000732421875,251.97999572753906,8088,0.0,0.0,0.0
2026-04-07 13:13:00-04:00,252.0,252.07000732421875,251.8800048828125,251.8800048828125,6782,0.0,0.0,0.0
2026-04-07 13:14:00-04:00,251.8800048828125,251.92990112304688,251.83999633789062,251.9199981689453,5113,0.0,0.0,0.0
2026-04-07 13:15:00-04:00,251.85000610351562,251.88999938964844,251.77000427246094,251.88999938964844,11295,0.0,0.0,0.0
2026-04-07 13:16:00-04:00,251.97000122070312,252.0198974609375,251.72000122070312,251.7301025390625,13226,0.0,0.0,0.0
2026-04-07 13:17:00-04:00,251.74000549316406,251.82000732421875,251.72999572753906,251.77000427246094,17354,0.0,0.0,0.0
2026-04-07 13:18:00-04:00,251.77999877929688,251.80999755859375,251.74000549316406,251.77000427246094,14637,0.0,0.0,0.0
2026-04-07 13:19:00-04:00,251.75999450683594,251.9499969482422,251.74000549316406,251.9250030517578,106694,0.0,0.0,0.0
2026-04-07 13:20:00-04:00,251.92999267578125,251.94500732421875,251.66000366210938,251.66000366210938,22680,0.0,0.0,0.0
2026-04-07 13:21:00-04:00,251.6699981689453,251.6999969482422,251.58999633789062,251.6300048828125,41582,0.0,0.0,0.0
2026-04-07 13:22:00-04:00,251.6300048828125,251.77999877929688,251.6300048828125,251.6699981689453,26050,0.0,0.0,0.0
2026-04-07 13:23:00-04:00,251.7100067138672,251.82000732421875,251.66000366210938,251.77999877929688,13754,0.0,0.0,0.0
2026-04-07 13:24:00-04:00,251.7899932861328,251.8800048828125,251.77999877929688,251.77999877929688,28600,0.0,0.0,0.0
2026-04-07 13:25:00-04:00,251.77000427246094,251.77000427246094,251.60000610351562,251.74000549316406,17115,0.0,0.0,0.0
2026-04-07 13:26:00-04:00,251.75999450683594,251.89999389648438,251.75999450683594,251.86000061035156,14525,0.0,0.0,0.0
2026-04-07 13:27:00-04:00,251.85499572753906,251.85499572753906,251.77999877929688,251.8000030517578,10822,0.0,0.0,0.0
2026-04-07 13:28:00-04:00,251.77999877929688,251.77999877929688,251.69500732421875,251.7100067138672,10454,0.0,0.0,0.0
2026-04-07 13:29:00-04:00,251.7550048828125,251.85000610351562,251.7301025390625,251.82000732421875,7072,0.0,0.0,0.0
2026-04-07 13:30:00-04:00,251.85000610351562,251.97999572753906,251.8300018310547,251.8300018310547,27707,0.0,0.0,0.0
2026-04-07 13:31:00-04:00,251.80999755859375,251.8699951171875,251.75,251.8699951171875,81545,0.0,0.0,0.0
2026-04-07 13:32:00-04:00,251.89999389648438,252.19000244140625,251.89999389648438,252.1699981689453,25552,0.0,0.0,0.0
2026-04-07 13:33:00-04:00,252.1699981689453,252.22000122070312,252.10000610351562,252.2100067138672,26086,0.0,0.0,0.0
2026-04-07 13:34:00-04:00,252.1699981689453,252.47999572753906,252.16000366210938,252.38999938964844,91407,0.0,0.0,0.0
2026-04-07 13:35:00-04:00,252.39999389648438,252.91000366210938,252.38999938964844,252.82000732421875,172881,0.0,0.0,0.0
2026-04-07 13:36:00-04:00,252.8300018310547,253.47999572753906,252.6999969482422,253.19000244140625,227719,0.0,0.0,0.0
2026-04-07 13:37:00-04:00,253.19009399414062,253.25999450683594,253.00999450683594,253.0500030517578,40562,0.0,0.0,0.0
2026-04-07 13:38:00-04:00,253.0500030517578,253.08929443359375,252.86000061035156,252.8800048828125,79759,0.0,0.0,0.0
2026-04-07 13:39:00-04:00,252.8800048828125,252.97000122070312,252.72000122070312,252.77000427246094,99625,0.0,0.0,0.0
2026-04-07 13:40:00-04:00,252.75999450683594,252.75999450683594,252.5800018310547,252.63999938964844,14480,0.0,0.0,0.0
2026-04-07 13:41:00-04:00,252.6999969482422,252.77000427246094,252.6699981689453,252.75,11689,0.0,0.0,0.0
2026-04-07 13:42:00-04:00,252.75999450683594,252.86000061035156,252.72999572753906,252.72999572753906,94446,0.0,0.0,0.0
2026-04-07 13:43:00-04:00,252.73500061035156,252.73500061035156,252.58999633789062,252.60000610351562,69125,0.0,0.0,0.0
2026-04-07 13:44:00-04:00,252.5800018310547,252.5800018310547,252.44000244140625,252.5,120979,0.0,0.0,0.0
2026-04-07 13:45:00-04:00,252.49000549316406,252.5500030517578,252.27999877929688,252.3000030517578,49351,0.0,0.0,0.0
2026-04-07 13:46:00-04:00,252.2899932861328,252.47999572753906,252.2899932861328,252.3699951171875,35503,0.0,0.0,0.0
2026-04-07 13:47:00-04:00,252.36000061035156,252.44000244140625,252.33999633789062,252.44000244140625,17116,0.0,0.0,0.0
2026-04-07 13:48:00-04:00,252.44000244140625,252.44000244140625,252.30999755859375,252.36000061035156,9927,0.0,0.0,0.0
2026-04-07 13:49:00-04:00,252.36000061035156,252.47999572753906,252.35000610351562,252.47999572753906,14612,0.0,0.0,0.0
2026-04-07 13:50:00-04:00,252.49000549316406,252.5500030517578,252.44500732421875,252.47000122070312,22122,0.0,0.0,0.0
2026-04-07 13:51:00-04:00,252.4600067138672,252.57000732421875,252.45468139648438,252.52999877929688,17898,0.0,0.0,0.0
2026-04-07 13:52:00-04:00,252.53500366210938,252.55999755859375,252.50999450683594,252.52000427246094,8142,0.0,0.0,0.0
2026-04-07 13:53:00-04:00,252.52000427246094,252.60000610351562,252.4600067138672,252.4600067138672,32721,0.0,0.0,0.0
2026-04-07 13:54:00-04:00,252.44000244140625,252.4600067138672,252.3350067138672,252.39999389648438,12972,0.0,0.0,0.0
2026-04-07 13:55:00-04:00,252.42799377441406,252.4550018310547,252.3300018310547,252.36000061035156,20963,0.0,0.0,0.0
2026-04-07 13:56:00-04:00,252.36000061035156,252.41000366210938,252.3300018310547,252.3800048828125,7829,0.0,0.0,0.0
2026-04-07 13:57:00-04:00,252.3699951171875,252.38999938964844,252.2100067138672,252.36000061035156,63203,0.0,0.0,0.0
2026-04-07 13:58:00-04:00,252.32989501953125,252.3699951171875,252.30999755859375,252.32000732421875,10893,0.0,0.0,0.0
2026-04-07 13:59:00-04:00,252.32000732421875,252.33999633789062,252.22999572753906,252.25,34047,0.0,0.0,0.0
2026-04-07 14:00:00-04:00,252.25999450683594,252.3699951171875,252.23500061035156,252.30999755859375,31420,0.0,0.0,0.0
2026-04-07 14:01:00-04:00,252.30999755859375,252.35499572753906,252.22999572753906,252.2449951171875,8103,0.0,0.0,0.0
2026-04-07 14:02:00-04:00,252.25990295410156,252.3000030517578,252.17999267578125,252.3000030517578,12304,0.0,0.0,0.0
2026-04-07 14:03:00-04:00,252.27999877929688,252.32000732421875,252.22000122070312,252.3000030517578,29445,0.0,0.0,0.0
2026-04-07 14:04:00-04:00,252.3300018310547,252.33999633789062,252.13999938964844,252.17999267578125,10157,0.0,0.0,0.0
2026-04-07 14:05:00-04:00,252.17999267578125,252.17999267578125,252.06500244140625,252.11000061035156,19741,0.0,0.0,0.0
2026-04-07 14:06:00-04:00,252.10000610351562,252.11000061035156,251.9600067138672,252.02000427246094,89549,0.0,0.0,0.0
2026-04-07 14:07:00-04:00,252.05999755859375,252.07000732421875,251.86000061035156,251.91000366210938,38511,0.0,0.0,0.0
2026-04-07 14:08:00-04:00,251.90089416503906,251.97000122070312,251.89500427246094,251.9499969482422,13047,0.0,0.0,0.0
2026-04-07 14:09:00-04:00,251.9499969482422,252.0,251.92010498046875,251.92999267578125,13939,0.0,0.0,0.0
2026-04-07 14:10:00-04:00,251.94000244140625,251.94000244140625,251.80999755859375,251.8489990234375,62136,0.0,0.0,0.0
2026-04-07 14:11:00-04:00,251.83999633789062,252.0,251.83999633789062,251.98500061035156,217431,0.0,0.0,0.0
2026-04-07 14:12:00-04:00,252.0,252.00999450683594,251.94000244140625,251.9499969482422,119284,0.0,0.0,0.0
2026-04-07 14:13:00-04:00,251.9499969482422,251.99000549316406,251.91000366210938,251.99000549316406,15465,0.0,0.0,0.0
2026-04-07 14:14:00-04:00,251.97999572753906,252.02000427246094,251.97000122070312,251.97000122070312,9201,0.0,0.0,0.0
2026-04-07 14:15:00-04:00,251.9600067138672,252.0,251.94000244140625,251.95989990234375,7240,0.0,0.0,0.0
2026-04-07 14:16:00-04:00,251.9499969482422,251.99000549316406,251.91000366210938,251.94000244140625,8276,0.0,0.0,0.0
2026-04-07 14:17:00-04:00,251.97999572753906,252.02000427246094,251.9250030517578,251.94000244140625,21271,0.0,0.0,0.0
2026-04-07 14:18:00-04:00,251.94000244140625,252.0749969482422,251.94000244140625,252.0749969482422,24333,0.0,0.0,0.0
2026-04-07 14:19:00-04:00,252.14999389648438,252.16000366210938,252.0399932861328,252.1300048828125,14545,0.0,0.0,0.0
2026-04-07 14:20:00-04:00,252.1300048828125,252.16000366210938,252.0,252.00999450683594,30649,0.0,0.0,0.0
2026-04-07 14:21:00-04:00,252.00999450683594,252.02000427246094,251.91000366210938,251.9499969482422,31971,0.0,0.0,0.0
2026-04-07 14:22:00-04:00,251.92999267578125,252.15499877929688,251.92999267578125,252.10000610351562,18685,0.0,0.0,0.0
2026-04-07 14:23:00-04:00,252.07000732421875,252.07000732421875,251.89999389648438,251.92999267578125,35673,0.0,0.0,0.0
2026-04-07 14:24:00-04:00,251.94000244140625,251.94000244140625,251.74000549316406,251.78500366210938,45121,0.0,0.0,0.0
2026-04-07 14:25:00-04:00,251.77999877929688,251.82000732421875,251.7100067138672,251.75,152588,0.0,0.0,0.0
2026-04-07 14:26:00-04:00,251.74000549316406,251.8000030517578,251.66000366210938,251.75,171744,0.0,0.0,0.0
2026-04-07 14:27:00-04:00,251.75,251.8300018310547,251.72000122070312,251.72000122070312,15048,0.0,0.0,0.0
2026-04-07 14:28:00-04:00,251.72999572753906,251.82000732421875,251.72000122070312,251.72000122070312,94425,0.0,0.0,0.0
2026-04-07 14:29:00-04:00,251.72500610351562,251.7949981689453,251.6999969482422,251.7100067138672,12988,0.0,0.0,0.0
2026-04-07 14:30:00-04:00,251.7100067138672,251.77999877929688,251.69000244140625,251.7100067138672,26999,0.0,0.0,0.0
2026-04-07 14:31:00-04:00,251.72000122070312,251.77000427246094,251.68499755859375,251.72500610351562,26815,0.0,0.0,0.0
2026-04-07 14:32:00-04:00,251.72999572753906,251.75,251.6699981689453,251.67999267578125,23843,0.0,0.0,0.0
2026-04-07 14:33:00-04:00,251.66000366210938,251.75,251.6300048828125,251.7239990234375,35069,0.0,0.0,0.0
2026-04-07 14:34:00-04:00,251.72999572753906,251.82000732421875,251.72999572753906,251.75,90150,0.0,0.0,0.0
2026-04-07 14:35:00-04:00,251.7100067138672,251.8300018310547,251.64999389648438,251.66000366210938,26225,0.0,0.0,0.0
2026-04-07 14:36:00-04:00,251.64999389648438,251.6999969482422,251.60000610351562,251.6999969482422,21218,0.0,0.0,0.0
2026-04-07 14:37:00-04:00,251.72000122070312,251.72000122070312,251.5500030517578,251.55999755859375,34542,0.0,0.0,0.0
2026-04-07 14:38:00-04:00,251.55999755859375,251.5800018310547,251.5,251.52000427246094,37746,0.0,0.0,0.0
2026-04-07 14:39:00-04:00,251.50999450683594,251.5500030517578,251.42999267578125,251.5500030517578,29927,0.0,0.0,0.0
2026-04-07 14:40:00-04:00,251.5399932861328,251.55999755859375,251.30999755859375,251.32000732421875,151177,0.0,0.0,0.0
2026-04-07 14:41:00-04:00,251.3249969482422,251.35000610351562,251.13999938964844,251.16000366210938,212819,0.0,0.0,0.0
2026-04-07 14:42:00-04:00,251.16000366210938,251.27000427246094,251.10000610351562,251.1999969482422,44298,0.0,0.0,0.0
2026-04-07 14:43:00-04:00,251.1999969482422,251.3000030517578,251.10000610351562,251.3000030517578,62863,0.0,0.0,0.0
2026-04-07 14:44:00-04:00,251.3000030517578,251.4600067138672,251.2949981689453,251.36000061035156,112717,0.0,0.0,0.0
2026-04-07 14:45:00-04:00,251.35499572753906,251.3800048828125,251.0800018310547,251.25,63730,0.0,0.0,0.0
2026-04-07 14:46:00-04:00,251.25999450683594,251.4199981689453,251.25999450683594,251.38999938964844,36292,0.0,0.0,0.0
2026-04-07 14:47:00-04:00,251.4199981689453,251.4199981689453,251.3000030517578,251.3000030517578,31659,0.0,0.0,0.0
2026-04-07 14:48:00-04:00,251.2899932861328,251.30999755859375,251.2100067138672,251.27000427246094,53185,0.0,0.0,0.0
2026-04-07 14:49:00-04:00,251.27000427246094,251.27999877929688,251.16000366210938,251.22000122070312,34054,0.0,0.0,0.0
2026-04-07 14:50:00-04:00,251.22999572753906,251.22999572753906,251.1199951171875,251.14999389648438,26219,0.0,0.0,0.0
2026-04-07 14:51:00-04:00,251.17999267578125,251.1999969482422,251.05999755859375,251.14999389648438,12837,0.0,0.0,0.0
2026-04-07 14:52:00-04:00,251.14999389648438,251.1699981689453,251.07000732421875,251.0800018310547,35602,0.0,0.0,0.0
2026-04-07 14:53:00-04:00,251.05230712890625,251.08999633789062,250.9600067138672,250.98989868164062,32438,0.0,0.0,0.0
2026-04-07 14:54:00-04:00,250.99000549316406,250.99000549316406,250.75,250.75,142216,0.0,0.0,0.0
2026-04-07 14:55:00-04:00,250.7550048828125,250.75999450683594,250.42999267578125,250.4499969482422,183998,0.0,0.0,0.0
2026-04-07 14:56:00-04:00,250.47000122070312,250.6300048828125,250.4199981689453,250.55999755859375,108102,0.0,0.0,0.0
2026-04-07 14:57:00-04:00,250.55999755859375,250.80999755859375,250.55999755859375,250.7550048828125,89346,0.0,0.0,0.0
2026-04-07 14:58:00-04:00,250.74000549316406,250.91000366210938,250.6999969482422,250.77999877929688,26484,0.0,0.0,0.0
2026-04-07 14:59:00-04:00,250.75999450683594,250.82000732421875,250.7100067138672,250.77999877929688,19362,0.0,0.0,0.0
2026-04-07 15:00:00-04:00,250.77999877929688,250.77999877929688,250.6199951171875,250.75,73918,0.0,0.0,0.0
2026-04-07 15:01:00-04:00,250.74000549316406,250.75999450683594,250.63999938964844,250.7100067138672,14196,0.0,0.0,0.0
2026-04-07 15:02:00-04:00,250.69000244140625,250.9600067138672,250.69000244140625,250.94000244140625,27058,0.0,0.0,0.0
2026-04-07 15:03:00-04:00,250.91000366210938,251.02000427246094,250.80999755859375,250.80999755859375,16846,0.0,0.0,0.0
2026-04-07 15:04:00-04:00,250.8000030517578,250.8300018310547,250.73500061035156,250.74000549316406,7779,0.0,0.0,0.0
2026-04-07 15:05:00-04:00,250.7301025390625,250.7301025390625,250.5500030517578,250.57000732421875,26818,0.0,0.0,0.0
2026-04-07 15:06:00-04:00,250.5500030517578,250.57000732421875,250.39999389648438,250.52000427246094,37505,0.0,0.0,0.0
2026-04-07 15:07:00-04:00,250.5,250.50999450683594,250.39999389648438,250.44000244140625,16214,0.0,0.0,0.0
2026-04-07 15:08:00-04:00,250.42999267578125,250.88999938964844,250.41000366210938,250.5800018310547,175531,0.0,0.0,0.0
2026-04-07 15:09:00-04:00,250.5800018310547,250.6300048828125,250.52000427246094,250.5399932861328,49961,0.0,0.0,0.0
2026-04-07 15:10:00-04:00,250.52999877929688,250.89999389648438,250.50999450683594,250.77000427246094,82305,0.0,0.0,0.0
2026-04-07 15:11:00-04:00,250.77000427246094,251.00999450683594,250.77000427246094,250.9199981689453,132319,0.0,0.0,0.0
2026-04-07 15:12:00-04:00,250.91000366210938,250.99000549316406,250.8800048828125,250.88999938964844,31226,0.0,0.0,0.0
2026-04-07 15:13:00-04:00,250.91000366210938,250.9550018310547,250.85000610351562,250.89999389648438,29420,0.0,0.0,0.0
2026-04-07 15:14:00-04:00,250.9199981689453,251.02000427246094,250.88999938964844,250.94000244140625,75287,0.0,0.0,0.0
2026-04-07 15:15:00-04:00,250.9324951171875,251.0399932861328,250.8800048828125,251.00999450683594,188346,0.0,0.0,0.0
2026-04-07 15:16:00-04:00,251.0,251.22000122070312,250.99000549316406,251.0399932861328,54880,0.0,0.0,0.0
2026-04-07 15:17:00-04:00,251.02999877929688,251.22999572753906,251.02000427246094,251.16000366210938,80440,0.0,0.0,0.0
2026-04-07 15:18:00-04:00,251.1699981689453,251.99000549316406,251.1699981689453,251.8699951171875,105609,0.0,0.0,0.0
2026-04-07 15:19:00-04:00,251.86000061035156,252.5399932861328,251.66000366210938,252.3800048828125,202951,0.0,0.0,0.0
2026-04-07 15:20:00-04:00,252.36000061035156,252.9199981689453,252.1699981689453,252.47000122070312,365016,0.0,0.0,0.0
2026-04-07 15:21:00-04:00,252.4499969482422,252.52000427246094,252.0399932861328,252.0709991455078,184139,0.0,0.0,0.0
2026-04-07 15:22:00-04:00,252.10000610351562,252.30999755859375,251.98500061035156,252.25,128863,0.0,0.0,0.0
2026-04-07 15:23:00-04:00,252.22999572753906,252.25,251.9600067138672,251.9600067138672,123169,0.0,0.0,0.0
2026-04-07 15:24:00-04:00,251.97000122070312,252.0850067138672,251.80999755859375,252.06500244140625,100496,0.0,0.0,0.0
2026-04-07 15:25:00-04:00,252.05999755859375,252.11000061035156,251.85000610351562,251.97999572753906,192291,0.0,0.0,0.0
2026-04-07 15:26:00-04:00,251.98500061035156,252.05999755859375,251.75,251.83999633789062,104128,0.0,0.0,0.0
2026-04-07 15:27:00-04:00,251.82000732421875,252.02000427246094,251.7899932861328,251.99000549316406,47409,0.0,0.0,0.0
2026-04-07 15:28:00-04:00,251.97000122070312,252.17999267578125,251.89999389648438,252.1649932861328,106897,0.0,0.0,0.0
2026-04-07 15:29:00-04:00,252.15499877929688,252.1699981689453,251.96499633789062,252.02999877929688,62954,0.0,0.0,0.0
2026-04-07 15:30:00-04:00,252.0,252.05999755859375,251.89999389648438,251.9949951171875,53019,0.0,0.0,0.0
2026-04-07 15:31:00-04:00,251.97999572753906,252.0,251.75,251.75999450683594,29366,0.0,0.0,0.0
2026-04-07 15:32:00-04:00,251.75999450683594,251.9600067138672,251.75999450683594,251.8699951171875,25882,0.0,0.0,0.0
2026-04-07 15:33:00-04:00,251.8699951171875,251.92999267578125,251.8000030517578,251.85000610351562,35451,0.0,0.0,0.0
2026-04-07 15:34:00-04:00,251.86000061035156,251.88999938964844,251.7899932861328,251.7899932861328,16756,0.0,0.0,0.0
2026-04-07 15:35:00-04:00,251.80999755859375,251.8300018310547,251.58999633789062,251.66000366210938,65707,0.0,0.0,0.0
2026-04-07 15:36:00-04:00,251.66000366210938,251.74000549316406,251.60000610351562,251.7100067138672,37744,0.0,0.0,0.0
2026-04-07 15:37:00-04:00,251.7050018310547,251.77999877929688,251.57000732421875,251.63499450683594,106894,0.0,0.0,0.0
2026-04-07 15:38:00-04:00,251.63999938964844,251.6999969482422,251.52999877929688,251.55999755859375,43481,0.0,0.0,0.0
2026-04-07 15:39:00-04:00,251.5800018310547,251.61000061035156,251.4499969482422,251.47999572753906,60425,0.0,0.0,0.0
2026-04-07 15:40:00-04:00,251.47000122070312,251.75,251.3800048828125,251.6999969482422,206717,0.0,0.0,0.0
2026-04-07 15:41:00-04:00,251.6999969482422,251.7899932861328,251.57000732421875,251.58999633789062,28771,0.0,0.0,0.0
2026-04-07 15:42:00-04:00,251.5800018310547,251.5800018310547,251.44749450683594,251.4499969482422,28154,0.0,0.0,0.0
2026-04-07 15:43:00-04:00,251.4499969482422,251.5,251.39500427246094,251.39500427246094,32661,0.0,0.0,0.0
2026-04-07 15:44:00-04:00,251.38999938964844,251.89999389648438,251.33999633789062,251.73699951171875,162909,0.0,0.0,0.0
2026-04-07 15:45:00-04:00,251.72000122070312,252.80999755859375,251.61000061035156,252.67999267578125,338813,0.0,0.0,0.0
2026-04-07 15:46:00-04:00,252.66000366210938,252.9199981689453,252.2100067138672,252.63999938964844,335567,0.0,0.0,0.0
2026-04-07 15:47:00-04:00,252.58999633789062,252.67999267578125,252.25,252.66000366210938,259018,0.0,0.0,0.0
2026-04-07 15:48:00-04:00,252.64999389648438,252.83999633789062,252.52999877929688,252.58999633789062,277386,0.0,0.0,0.0
2026-04-07 15:49:00-04:00,252.60000610351562,252.6999969482422,252.36000061035156,252.4600067138672,193895,0.0,0.0,0.0
2026-04-07 15:50:00-04:00,252.47000122070312,252.7100067138672,252.39999389648438,252.5500030517578,237274,0.0,0.0,0.0
2026-04-07 15:51:00-04:00,252.56500244140625,252.77999877929688,252.5,252.74000549316406,180807,0.0,0.0,0.0
2026-04-07 15:52:00-04:00,252.74000549316406,252.92999267578125,252.6300048828125,252.66000366210938,159366,0.0,0.0,0.0
2026-04-07 15:53:00-04:00,252.6699981689453,252.6999969482422,252.57000732421875,252.69000244140625,191966,0.0,0.0,0.0
2026-04-07 15:54:00-04:00,252.67999267578125,252.72000122070312,252.52999877929688,252.64999389648438,114087,0.0,0.0,0.0
2026-04-07 15:55:00-04:00,252.6699981689453,252.91000366210938,252.6300048828125,252.7050018310547,241218,0.0,0.0,0.0
2026-04-07 15:56:00-04:00,252.7050018310547,252.80999755859375,252.69500732421875,252.72999572753906,135719,0.0,0.0,0.0
2026-04-07 15:57:00-04:00,252.73500061035156,252.74000549316406,252.61000061035156,252.63999938964844,205743,0.0,0.0,0.0
2026-04-07 15:58:00-04:00,252.63999938964844,252.7100067138672,252.52999877929688,252.5449981689453,253977,0.0,0.0,0.0
2026-04-07 15:59:00-04:00,252.5399932861328,252.9949951171875,252.5,252.92999267578125,919957,0.0,0.0,0.0
2026-04-08 09:30:00-04:00,261.5199890136719,262.2699890136719,261.510009765625,262.1199951171875,3488034,0.0,0.0,0.0
2026-04-08 09:31:00-04:00,262.1099853515625,262.20001220703125,261.4200134277344,261.4800109863281,402023,0.0,0.0,0.0
2026-04-08 09:32:00-04:00,261.489990234375,261.95001220703125,261.4800109863281,261.7799987792969,263229,0.0,0.0,0.0
2026-04-08 09:33:00-04:00,261.7900085449219,261.8900146484375,261.3500061035156,261.639892578125,314725,0.0,0.0,0.0
2026-04-08 09:34:00-04:00,261.6300048828125,261.7099914550781,261.3900146484375,261.43499755859375,342180,0.0,0.0,0.0
2026-04-08 09:35:00-04:00,261.4200134277344,261.5,261.04998779296875,261.1099853515625,360356,0.0,0.0,0.0
2026-04-08 09:36:00-04:00,261.1300048828125,261.7099914550781,261.1099853515625,261.6300048828125,466285,0.0,0.0,0.0
2026-04-08 09:37:00-04:00,261.6000061035156,261.7200012207031,261.4200134277344,261.54998779296875,175514,0.0,0.0,0.0
2026-04-08 09:38:00-04:00,261.5400085449219,261.7349853515625,261.17999267578125,261.7349853515625,324775,0.0,0.0,0.0
2026-04-08 09:39:00-04:00,261.739990234375,261.739990234375,261.25,261.385009765625,202768,0.0,0.0,0.0
2026-04-08 09:40:00-04:00,261.3800048828125,261.5199890136719,261.2305908203125,261.3900146484375,205215,0.0,0.0,0.0
2026-04-08 09:41:00-04:00,261.3900146484375,261.4100036621094,261.0299987792969,261.17999267578125,283102,0.0,0.0,0.0
2026-04-08 09:42:00-04:00,261.2200012207031,261.5,261.2200012207031,261.2300109863281,207235,0.0,0.0,0.0
2026-04-08 09:43:00-04:00,261.2200012207031,261.3500061035156,261.1099853515625,261.30999755859375,156829,0.0,0.0,0.0
2026-04-08 09:44:00-04:00,261.32000732421875,261.5199890136719,261.2799987792969,261.3599853515625,228788,0.0,0.0,0.0
2026-04-08 09:45:00-04:00,261.3500061035156,261.4100036621094,261.1409912109375,261.2900085449219,109705,0.0,0.0,0.0
2026-04-08 09:46:00-04:00,261.30999755859375,261.7699890136719,261.260009765625,261.7699890136719,435288,0.0,0.0,0.0
2026-04-08 09:47:00-04:00,261.75,261.82000732421875,261.6400146484375,261.7799987792969,261443,0.0,0.0,0.0
2026-04-08 09:48:00-04:00,261.7699890136719,262.0199890136719,261.5,261.80999755859375,334686,0.0,0.0,0.0
2026-04-08 09:49:00-04:00,261.80999755859375,261.92999267578125,261.7699890136719,261.8999938964844,122719,0.0,0.0,0.0
2026-04-08 09:50:00-04:00,261.9100036621094,261.9100036621094,261.6400146484375,261.82000732421875,181498,0.0,0.0,0.0
2026-04-08 09:51:00-04:00,261.79998779296875,261.8500061035156,261.0201110839844,261.0899963378906,216232,0.0,0.0,0.0
2026-04-08 09:52:00-04:00,261.1000061035156,261.30999755859375,261.0299987792969,261.1300048828125,135485,0.0,0.0,0.0
2026-04-08 09:53:00-04:00,261.1400146484375,261.1600036621094,260.7099914550781,260.82000732421875,184304,0.0,0.0,0.0
2026-04-08 09:54:00-04:00,260.80999755859375,260.92498779296875,260.6199951171875,260.7099914550781,178731,0.0,0.0,0.0
2026-04-08 09:55:00-04:00,260.6700134277344,260.9100036621094,260.6499938964844,260.69000244140625,170298,0.0,0.0,0.0
2026-04-08 09:56:00-04:00,260.70001220703125,261.0299987792969,260.70001220703125,260.9100036621094,261068,0.0,0.0,0.0
2026-04-08 09:57:00-04:00,260.9200134277344,261.1199951171875,260.8299865722656,261.0199890136719,197617,0.0,0.0,0.0
2026-04-08 09:58:00-04:00,261.0199890136719,261.0799865722656,260.7099914550781,260.79998779296875,136392,0.0,0.0,0.0
2026-04-08 09:59:00-04:00,260.80999755859375,261.0400085449219,260.80999755859375,260.9150085449219,84726,0.0,0.0,0.0
2026-04-08 10:00:00-04:00,260.9100036621094,261.1300048828125,260.8699951171875,260.94000244140625,238836,0.0,0.0,0.0
2026-04-08 10:01:00-04:00,260.94000244140625,261.0899963378906,260.8800048828125,261.0400085449219,108639,0.0,0.0,0.0
2026-04-08 10:02:00-04:00,261.0899963378906,261.1199951171875,260.8999938964844,261.1199951171875,128220,0.0,0.0,0.0
2026-04-08 10:03:00-04:00,261.1300048828125,261.19000244140625,261.0,261.1499938964844,197428,0.0,0.0,0.0
2026-04-08 10:04:00-04:00,261.1600036621094,261.2090148925781,261.05999755859375,261.1199951171875,130536,0.0,0.0,0.0
2026-04-08 10:05:00-04:00,261.1199951171875,261.260009765625,261.07000732421875,261.17999267578125,95555,0.0,0.0,0.0
2026-04-08 10:06:00-04:00,261.2200012207031,261.2799987792969,260.93499755859375,261.1199951171875,87465,0.0,0.0,0.0
2026-04-08 10:07:00-04:00,261.1300048828125,261.2099914550781,260.8699951171875,260.9200134277344,126530,0.0,0.0,0.0
2026-04-08 10:08:00-04:00,260.92999267578125,261.0199890136719,260.30999755859375,260.5,171799,0.0,0.0,0.0
2026-04-08 10:09:00-04:00,260.5299987792969,260.739990234375,260.489990234375,260.7200012207031,126618,0.0,0.0,0.0
2026-04-08 10:10:00-04:00,260.7099914550781,260.7650146484375,260.55999755859375,260.6499938964844,142117,0.0,0.0,0.0
2026-04-08 10:11:00-04:00,260.6099853515625,260.8500061035156,260.5,260.7900085449219,48456,0.0,0.0,0.0
2026-04-08 10:12:00-04:00,260.7799987792969,260.8699951171875,260.69000244140625,260.8299865722656,324558,0.0,0.0,0.0
2026-04-08 10:13:00-04:00,260.8299865722656,260.92999267578125,260.760009765625,260.864990234375,101149,0.0,0.0,0.0
2026-04-08 10:14:00-04:00,260.8689880371094,261.0799865722656,260.760009765625,260.9800109863281,99513,0.0,0.0,0.0
2026-04-08 10:15:00-04:00,260.9800109863281,261.1700134277344,260.9700012207031,261.07000732421875,117486,0.0,0.0,0.0
2026-04-08 10:16:00-04:00,261.07000732421875,261.1600036621094,261.0,261.1099853515625,97527,0.0,0.0,0.0
2026-04-08 10:17:00-04:00,261.1400146484375,261.25,261.0199890136719,261.1600036621094,171904,0.0,0.0,0.0
2026-04-08 10:18:00-04:00,261.1600036621094,261.260009765625,261.0,261.0299987792969,158772,0.0,0.0,0.0
2026-04-08 10:19:00-04:00,261.0299987792969,261.04998779296875,260.6099853515625,260.80999755859375,88007,0.0,0.0,0.0
2026-04-08 10:20:00-04:00,260.7799987792969,261.1099853515625,260.739990234375,260.9200134277344,79078,0.0,0.0,0.0
2026-04-08 10:21:00-04:00,260.9150085449219,261.0199890136719,260.7699890136719,260.9700012207031,41872,0.0,0.0,0.0
2026-04-08 10:22:00-04:00,260.9800109863281,261.1600036621094,260.9200134277344,261.1400146484375,145038,0.0,0.0,0.0
2026-04-08 10:23:00-04:00,261.1300048828125,261.1600036621094,260.9800109863281,261.010009765625,394345,0.0,0.0,0.0
2026-04-08 10:24:00-04:00,261.0199890136719,261.1099853515625,260.9700012207031,261.0,82300,0.0,0.0,0.0
2026-04-08 10:25:00-04:00,261.010009765625,261.0199890136719,260.65008544921875,260.7099914550781,96424,0.0,0.0,0.0
2026-04-08 10:26:00-04:00,260.739990234375,260.8900146484375,260.68499755859375,260.8900146484375,66520,0.0,0.0,0.0
2026-04-08 10:27:00-04:00,260.8800048828125,260.989990234375,260.7799987792969,260.9599914550781,75407,0.0,0.0,0.0
2026-04-08 10:28:00-04:00,260.989990234375,260.989990234375,260.739990234375,260.7900085449219,76116,0.0,0.0,0.0
2026-04-08 10:29:00-04:00,260.7900085449219,260.8699951171875,260.5350036621094,260.6300048828125,104104,0.0,0.0,0.0
2026-04-08 10:30:00-04:00,260.6300048828125,260.82000732421875,260.4800109863281,260.6099853515625,83719,0.0,0.0,0.0
2026-04-08 10:31:00-04:00,260.6000061035156,260.6700134277344,260.1499938964844,260.4100036621094,206200,0.0,0.0,0.0
2026-04-08 10:32:00-04:00,260.4100036621094,260.54998779296875,260.2300109863281,260.239990234375,82148,0.0,0.0,0.0
2026-04-08 10:33:00-04:00,260.25,260.3399963378906,260.1099853515625,260.30999755859375,157366,0.0,0.0,0.0
2026-04-08 10:34:00-04:00,260.32000732421875,260.3800048828125,260.05999755859375,260.19000244140625,151832,0.0,0.0,0.0
2026-04-08 10:35:00-04:00,260.17999267578125,260.2900085449219,259.92999267578125,259.9750061035156,78995,0.0,0.0,0.0
2026-04-08 10:36:00-04:00,259.989990234375,260.0299987792969,259.877197265625,259.9200134277344,80613,0.0,0.0,0.0
2026-04-08 10:37:00-04:00,259.9200134277344,260.20001220703125,259.8999938964844,260.1099853515625,107753,0.0,0.0,0.0
2026-04-08 10:38:00-04:00,260.114990234375,260.1400146484375,259.8399963378906,259.8403015136719,54925,0.0,0.0,0.0
2026-04-08 10:39:00-04:00,259.8599853515625,259.8599853515625,259.7049865722656,259.7449951171875,74197,0.0,0.0,0.0
2026-04-08 10:40:00-04:00,259.75,259.8999938964844,259.7099914550781,259.79998779296875,63140,0.0,0.0,0.0
2026-04-08 10:41:00-04:00,259.79998779296875,260.0299987792969,259.739990234375,259.9200134277344,92874,0.0,0.0,0.0
2026-04-08 10:42:00-04:00,259.8999938964844,260.0498962402344,259.7300109863281,260.0498962402344,102986,0.0,0.0,0.0
2026-04-08 10:43:00-04:00,260.04998779296875,260.1199951171875,259.8699951171875,259.94000244140625,73366,0.0,0.0,0.0
2026-04-08 10:44:00-04:00,259.94500732421875,259.9750061035156,259.79998779296875,259.8399963378906,186796,0.0,0.0,0.0
2026-04-08 10:45:00-04:00,259.82000732421875,260.0400085449219,259.82000732421875,259.8599853515625,63692,0.0,0.0,0.0
2026-04-08 10:46:00-04:00,259.8599853515625,259.8999938964844,259.6000061035156,259.6199951171875,106823,0.0,0.0,0.0
2026-04-08 10:47:00-04:00,259.6199951171875,259.6199951171875,259.3900146484375,259.54010009765625,213586,0.0,0.0,0.0
2026-04-08 10:48:00-04:00,259.57000732421875,259.9150085449219,259.55999755859375,259.8900146484375,86867,0.0,0.0,0.0
2026-04-08 10:49:00-04:00,259.8900146484375,259.92999267578125,259.7300109863281,259.8299865722656,69645,0.0,0.0,0.0
2026-04-08 10:50:00-04:00,259.864990234375,259.8800048828125,259.625,259.67999267578125,50226,0.0,0.0,0.0
2026-04-08 10:51:00-04:00,259.7300109863281,259.739990234375,259.489990234375,259.5299072265625,36800,0.0,0.0,0.0
2026-04-08 10:52:00-04:00,259.510009765625,259.5150146484375,259.3399963378906,259.3399963378906,40777,0.0,0.0,0.0
2026-04-08 10:53:00-04:00,259.3500061035156,259.3699951171875,259.2099914550781,259.32000732421875,224076,0.0,0.0,0.0
2026-04-08 10:54:00-04:00,259.3399963378906,259.5899963378906,259.2900085449219,259.54998779296875,112568,0.0,0.0,0.0
2026-04-08 10:55:00-04:00,259.5400085449219,259.5400085449219,259.0199890136719,259.0199890136719,66235,0.0,0.0,0.0
2026-04-08 10:56:00-04:00,259.0400085449219,259.0450134277344,258.4100036621094,258.54998779296875,224497,0.0,0.0,0.0
2026-04-08 10:57:00-04:00,258.5199890136719,259.1000061035156,258.5199890136719,259.1000061035156,225015,0.0,0.0,0.0
2026-04-08 10:58:00-04:00,259.1300048828125,259.2900085449219,259.07000732421875,259.2699890136719,96761,0.0,0.0,0.0
2026-04-08 10:59:00-04:00,259.2799987792969,259.3800048828125,259.2300109863281,259.2865905761719,96033,0.0,0.0,0.0
2026-04-08 11:00:00-04:00,259.2900085449219,259.3800048828125,259.2300109863281,259.2799987792969,208005,0.0,0.0,0.0
2026-04-08 11:01:00-04:00,259.2799987792969,259.489990234375,259.260009765625,259.4800109863281,48125,0.0,0.0,0.0
2026-04-08 11:02:00-04:00,259.5,259.6785888671875,259.45001220703125,259.6499938964844,120348,0.0,0.0,0.0
2026-04-08 11:03:00-04:00,259.6600036621094,259.9150085449219,259.6199951171875,259.739990234375,149495,0.0,0.0,0.0
2026-04-08 11:04:00-04:00,259.7200012207031,259.7900085449219,259.635009765625,259.7301025390625,120312,0.0,0.0,0.0
2026-04-08 11:05:00-04:00,259.75,259.82000732421875,259.70001220703125,259.7200012207031,19301,0.0,0.0,0.0
2026-04-08 11:06:00-04:00,259.7200012207031,259.8999938964844,259.6400146484375,259.8900146484375,50411,0.0,0.0,0.0
2026-04-08 11:07:00-04:00,259.8999938964844,260.0,259.82000732421875,259.8999938964844,101894,0.0,0.0,0.0
2026-04-08 11:08:00-04:00,259.8999938964844,259.8999938964844,259.6000061035156,259.625,123544,0.0,0.0,0.0
2026-04-08 11:09:00-04:00,259.6199951171875,259.6700134277344,259.3699951171875,259.4100036621094,100116,0.0,0.0,0.0
2026-04-08 11:10:00-04:00,259.4200134277344,259.4599914550781,259.239990234375,259.3999938964844,97987,0.0,0.0,0.0
2026-04-08 11:11:00-04:00,259.4200134277344,259.57000732421875,259.2850036621094,259.4649963378906,64880,0.0,0.0,0.0
2026-04-08 11:12:00-04:00,259.45001220703125,259.739990234375,259.3900146484375,259.739990234375,28270,0.0,0.0,0.0
2026-04-08 11:13:00-04:00,259.739990234375,259.8800048828125,259.70001220703125,259.7650146484375,39964,0.0,0.0,0.0
2026-04-08 11:14:00-04:00,259.760009765625,259.8340759277344,259.5199890136719,259.79998779296875,23122,0.0,0.0,0.0
2026-04-08 11:15:00-04:00,259.7900085449219,259.8900146484375,259.7099914550781,259.8800048828125,66738,0.0,0.0,0.0
2026-04-08 11:16:00-04:00,259.8800048828125,260.0799865722656,259.79998779296875,260.07000732421875,46141,0.0,0.0,0.0
2026-04-08 11:17:00-04:00,260.05999755859375,260.1099853515625,259.8349914550781,259.8800048828125,40270,0.0,0.0,0.0
2026-04-08 11:18:00-04:00,259.8800048828125,259.9100036621094,259.7300109863281,259.79998779296875,161699,0.0,0.0,0.0
2026-04-08 11:19:00-04:00,259.79998779296875,260.04998779296875,259.739990234375,260.0299987792969,144167,0.0,0.0,0.0
2026-04-08 11:20:00-04:00,260.0199890136719,260.0899963378906,259.92999267578125,260.0400085449219,33106,0.0,0.0,0.0
2026-04-08 11:21:00-04:00,260.07000732421875,260.07000732421875,259.8399963378906,259.94000244140625,46266,0.0,0.0,0.0
2026-04-08 11:22:00-04:00,259.95001220703125,260.1000061035156,259.94000244140625,260.05999755859375,31097,0.0,0.0,0.0
2026-04-08 11:23:00-04:00,260.04998779296875,260.1199951171875,259.93499755859375,260.0899963378906,23158,0.0,0.0,0.0
2026-04-08 11:24:00-04:00,260.1000061035156,260.2200012207031,260.07000732421875,260.1401062011719,61081,0.0,0.0,0.0
2026-04-08 11:25:00-04:00,260.1600036621094,260.1600036621094,259.9800109863281,260.010009765625,49670,0.0,0.0,0.0
2026-04-08 11:26:00-04:00,260.0,260.1199951171875,259.8800048828125,260.1199951171875,79183,0.0,0.0,0.0
2026-04-08 11:27:00-04:00,260.1099853515625,260.1499938964844,259.8299865722656,259.885009765625,35671,0.0,0.0,0.0
2026-04-08 11:28:00-04:00,259.8999938964844,259.94000244140625,259.7749938964844,259.8900146484375,38153,0.0,0.0,0.0
2026-04-08 11:29:00-04:00,259.8900146484375,259.8900146484375,259.67498779296875,259.69000244140625,55365,0.0,0.0,0.0
2026-04-08 11:30:00-04:00,259.70001220703125,259.885009765625,259.70001220703125,259.80499267578125,41479,0.0,0.0,0.0
2026-04-08 11:31:00-04:00,259.79998779296875,259.80499267578125,259.6449890136719,259.6650085449219,47628,0.0,0.0,0.0
2026-04-08 11:32:00-04:00,259.6300048828125,259.79998779296875,259.5199890136719,259.7449951171875,37621,0.0,0.0,0.0
2026-04-08 11:33:00-04:00,259.7300109863281,259.75,259.6099853515625,259.6700134277344,37145,0.0,0.0,0.0
2026-04-08 11:34:00-04:00,259.6700134277344,259.9200134277344,259.6549987792969,259.8900146484375,36689,0.0,0.0,0.0
2026-04-08 11:35:00-04:00,259.9049987792969,260.05999755859375,259.8800048828125,259.8800048828125,117888,0.0,0.0,0.0
2026-04-08 11:36:00-04:00,259.9100036621094,260.1600036621094,259.80999755859375,260.1300048828125,46004,0.0,0.0,0.0
2026-04-08 11:37:00-04:00,260.1300048828125,260.20001220703125,260.0199890136719,260.1199951171875,47852,0.0,0.0,0.0
2026-04-08 11:38:00-04:00,260.1199951171875,260.17999267578125,260.0199890136719,260.1099853515625,33863,0.0,0.0,0.0
2026-04-08 11:39:00-04:00,260.1300048828125,260.2300109863281,260.04998779296875,260.17999267578125,41815,0.0,0.0,0.0
2026-04-08 11:40:00-04:00,260.17999267578125,260.2900085449219,260.1099853515625,260.2200012207031,59942,0.0,0.0,0.0
2026-04-08 11:41:00-04:00,260.2200012207031,260.3500061035156,260.1000061035156,260.3299865722656,24335,0.0,0.0,0.0
2026-04-08 11:42:00-04:00,260.32501220703125,260.3900146484375,260.32000732421875,260.3599853515625,172753,0.0,0.0,0.0
2026-04-08 11:43:00-04:00,260.364990234375,260.3699951171875,260.18499755859375,260.2049865722656,57074,0.0,0.0,0.0
2026-04-08 11:44:00-04:00,260.2200012207031,260.260009765625,260.1099853515625,260.2099914550781,52903,0.0,0.0,0.0
2026-04-08 11:45:00-04:00,260.239990234375,260.3699951171875,260.2300109863281,260.32000732421875,82808,0.0,0.0,0.0
2026-04-08 11:46:00-04:00,260.2900085449219,260.45001220703125,260.2650146484375,260.4100036621094,39987,0.0,0.0,0.0
2026-04-08 11:47:00-04:00,260.4200134277344,260.4700012207031,260.3399963378906,260.44000244140625,30797,0.0,0.0,0.0
2026-04-08 11:48:00-04:00,260.42999267578125,260.5,260.3800048828125,260.5,99968,0.0,0.0,0.0
2026-04-08 11:49:00-04:00,260.4949951171875,260.5899963378906,260.489990234375,260.5506896972656,21295,0.0,0.0,0.0
2026-04-08 11:50:00-04:00,260.57000732421875,260.6600036621094,260.54998779296875,260.56500244140625,30475,0.0,0.0,0.0
2026-04-08 11:51:00-04:00,260.55999755859375,260.6600036621094,260.5299987792969,260.6499938964844,28430,0.0,0.0,0.0
2026-04-08 11:52:00-04:00,260.6499938964844,260.7200012207031,260.6099853515625,260.6400146484375,21665,0.0,0.0,0.0
2026-04-08 11:53:00-04:00,260.6600036621094,260.75,260.6600036621094,260.7200012207031,12266,0.0,0.0,0.0
2026-04-08 11:54:00-04:00,260.7250061035156,260.739990234375,260.6499938964844,260.6600036621094,24840,0.0,0.0,0.0
2026-04-08 11:55:00-04:00,260.6600036621094,260.7250061035156,260.6400146484375,260.7149963378906,18037,0.0,0.0,0.0
2026-04-08 11:56:00-04:00,260.7149963378906,260.739990234375,260.6650085449219,260.7099914550781,44323,0.0,0.0,0.0
2026-04-08 11:57:00-04:00,260.7200012207031,260.7699890136719,260.6300048828125,260.7349853515625,26193,0.0,0.0,0.0
2026-04-08 11:58:00-04:00,260.739990234375,260.739990234375,260.68499755859375,260.7099914550781,19510,0.0,0.0,0.0
2026-04-08 11:59:00-04:00,260.7099914550781,260.7099914550781,260.5899963378906,260.6199951171875,61848,0.0,0.0,0.0
2026-04-08 12:00:00-04:00,260.6099853515625,260.7799987792969,260.5950012207031,260.7799987792969,28447,0.0,0.0,0.0
2026-04-08 12:01:00-04:00,260.7699890136719,260.9100036621094,260.7699890136719,260.8800048828125,30394,0.0,0.0,0.0
2026-04-08 12:02:00-04:00,260.8699951171875,260.909912109375,260.79998779296875,260.8399963378906,68354,0.0,0.0,0.0
2026-04-08 12:03:00-04:00,260.82000732421875,260.989990234375,260.80999755859375,260.95001220703125,114748,0.0,0.0,0.0
2026-04-08 12:04:00-04:00,260.9599914550781,260.9805908203125,260.69000244140625,260.82000732421875,66762,0.0,0.0,0.0
2026-04-08 12:05:00-04:00,260.82000732421875,260.8299865722656,260.7099914550781,260.7300109863281,125788,0.0,0.0,0.0
2026-04-08 12:06:00-04:00,260.7099914550781,260.82501220703125,260.6000061035156,260.8099060058594,35006,0.0,0.0,0.0
2026-04-08 12:07:00-04:00,260.79998779296875,260.8450012207031,260.7200012207031,260.7699890136719,46607,0.0,0.0,0.0
2026-04-08 12:08:00-04:00,260.7650146484375,260.7900085449219,260.70001220703125,260.7900085449219,25855,0.0,0.0,0.0
2026-04-08 12:09:00-04:00,260.7749938964844,260.82000732421875,260.739990234375,260.760009765625,9394,0.0,0.0,0.0
2026-04-08 12:10:00-04:00,260.7799987792969,260.80999755859375,260.739990234375,260.7799072265625,86404,0.0,0.0,0.0
2026-04-08 12:11:00-04:00,260.7799987792969,260.8599853515625,260.77099609375,260.8599853515625,12054,0.0,0.0,0.0
2026-04-08 12:12:00-04:00,260.8599853515625,260.8699951171875,260.6499938964844,260.6499938964844,23626,0.0,0.0,0.0
2026-04-08 12:13:00-04:00,260.6499938964844,260.7200012207031,260.5799865722656,260.7200012207031,34709,0.0,0.0,0.0
2026-04-08 12:14:00-04:00,260.7200012207031,260.7449951171875,260.5199890136719,260.5299987792969,3601334,0.0,0.0,0.0
2026-04-08 12:15:00-04:00,260.5400085449219,260.54998779296875,260.32000732421875,260.3900146484375,248373,0.0,0.0,0.0
2026-04-08 12:16:00-04:00,260.3999938964844,260.42999267578125,260.30999755859375,260.30999755859375,79753,0.0,0.0,0.0
2026-04-08 12:17:00-04:00,260.32501220703125,260.3949890136719,260.2200012207031,260.2900085449219,28745,0.0,0.0,0.0
2026-04-08 12:18:00-04:00,260.2699890136719,260.375,260.239990234375,260.3699951171875,35580,0.0,0.0,0.0
2026-04-08 12:19:00-04:00,260.3500061035156,260.42999267578125,260.20001220703125,260.3699951171875,49865,0.0,0.0,0.0
2026-04-08 12:20:00-04:00,260.3599853515625,260.44000244140625,260.30499267578125,260.30499267578125,26284,0.0,0.0,0.0
2026-04-08 12:21:00-04:00,260.29998779296875,260.4200134277344,260.2200012207031,260.3399963378906,34607,0.0,0.0,0.0
2026-04-08 12:22:00-04:00,260.3299865722656,260.3299865722656,260.18499755859375,260.239990234375,277429,0.0,0.0,0.0
2026-04-08 12:23:00-04:00,260.25,260.2950134277344,260.1499938964844,260.239990234375,32968,0.0,0.0,0.0
2026-04-08 12:24:00-04:00,260.260009765625,260.32501220703125,260.260009765625,260.3099060058594,253196,0.0,0.0,0.0
2026-04-08 12:25:00-04:00,260.32000732421875,260.32000732421875,260.1400146484375,260.1700134277344,71003,0.0,0.0,0.0
2026-04-08 12:26:00-04:00,260.17999267578125,260.3699951171875,260.1700134277344,260.30999755859375,16643,0.0,0.0,0.0
2026-04-08 12:27:00-04:00,260.29998779296875,260.30999755859375,260.25,260.2900085449219,23057,0.0,0.0,0.0
2026-04-08 12:28:00-04:00,260.2900085449219,260.3500061035156,260.2200012207031,260.3500061035156,21855,0.0,0.0,0.0
2026-04-08 12:29:00-04:00,260.3399963378906,260.3900146484375,260.30999755859375,260.3299865722656,34513,0.0,0.0,0.0
2026-04-08 12:30:00-04:00,260.3500061035156,260.3599853515625,260.2250061035156,260.29998779296875,38412,0.0,0.0,0.0
2026-04-08 12:31:00-04:00,260.30499267578125,260.3349914550781,260.2300109863281,260.2699890136719,18843,0.0,0.0,0.0
2026-04-08 12:32:00-04:00,260.2900085449219,260.3599853515625,260.28948974609375,260.3500061035156,38861,0.0,0.0,0.0
2026-04-08 12:33:00-04:00,260.3599853515625,260.4800109863281,260.3599853515625,260.4700012207031,16214,0.0,0.0,0.0
2026-04-08 12:34:00-04:00,260.489990234375,260.4949951171875,260.3900146484375,260.45001220703125,13084,0.0,0.0,0.0
2026-04-08 12:35:00-04:00,260.45001220703125,260.4800109863281,260.3599853515625,260.44000244140625,21087,0.0,0.0,0.0
2026-04-08 12:36:00-04:00,260.4649963378906,260.489990234375,260.3999938964844,260.4100036621094,16413,0.0,0.0,0.0
2026-04-08 12:37:00-04:00,260.4200134277344,260.489990234375,260.3399963378906,260.4700012207031,17602,0.0,0.0,0.0
2026-04-08 12:38:00-04:00,260.45001220703125,260.45001220703125,260.2699890136719,260.32000732421875,15506,0.0,0.0,0.0
2026-04-08 12:39:00-04:00,260.31500244140625,260.45001220703125,260.31500244140625,260.45001220703125,16437,0.0,0.0,0.0
2026-04-08 12:40:00-04:00,260.4649963378906,260.5799865722656,260.45001220703125,260.5400085449219,38915,0.0,0.0,0.0
2026-04-08 12:41:00-04:00,260.54998779296875,260.610107421875,260.510009765625,260.6099853515625,14299,0.0,0.0,0.0
2026-04-08 12:42:00-04:00,260.6099853515625,260.6300048828125,260.5400085449219,260.5400085449219,18776,0.0,0.0,0.0
2026-04-08 12:43:00-04:00,260.5299987792969,260.5450134277344,260.489990234375,260.510009765625,25413,0.0,0.0,0.0
2026-04-08 12:44:00-04:00,260.5400085449219,260.70001220703125,260.5400085449219,260.6650085449219,90839,0.0,0.0,0.0
2026-04-08 12:45:00-04:00,260.6700134277344,260.7099914550781,260.6499938964844,260.6600036621094,33329,0.0,0.0,0.0
2026-04-08 12:46:00-04:00,260.6700134277344,260.7349853515625,260.6600036621094,260.6700134277344,17444,0.0,0.0,0.0
2026-04-08 12:47:00-04:00,260.6650085449219,260.7049865722656,260.635009765625,260.6600036621094,20786,0.0,0.0,0.0
2026-04-08 12:48:00-04:00,260.67498779296875,260.7250061035156,260.55999755859375,260.7200012207031,95053,0.0,0.0,0.0
2026-04-08 12:49:00-04:00,260.7300109863281,260.7550048828125,260.6199951171875,260.6400146484375,45506,0.0,0.0,0.0
2026-04-08 12:50:00-04:00,260.6600036621094,260.7300109863281,260.6400146484375,260.7300109863281,31853,0.0,0.0,0.0
2026-04-08 12:51:00-04:00,260.7200012207031,260.80999755859375,260.7099914550781,260.7850036621094,54280,0.0,0.0,0.0
2026-04-08 12:52:00-04:00,260.7900085449219,260.802490234375,260.760009765625,260.7749938964844,30031,0.0,0.0,0.0
2026-04-08 12:53:00-04:00,260.7699890136719,260.7749938964844,260.57000732421875,260.635009765625,52741,0.0,0.0,0.0
2026-04-08 12:54:00-04:00,260.635009765625,260.70001220703125,260.6099853515625,260.6700134277344,22255,0.0,0.0,0.0
2026-04-08 12:55:00-04:00,260.66009521484375,260.760009765625,260.66009521484375,260.7300109863281,17465,0.0,0.0,0.0
2026-04-08 12:56:00-04:00,260.69000244140625,260.7300109863281,260.6000061035156,260.7149963378906,13520,0.0,0.0,0.0
2026-04-08 12:57:00-04:00,260.7149963378906,260.7699890136719,260.7149963378906,260.7478942871094,9040,0.0,0.0,0.0
2026-04-08 12:58:00-04:00,260.7449951171875,260.75,260.67498779296875,260.7200012207031,16028,0.0,0.0,0.0
2026-04-08 12:59:00-04:00,260.7099914550781,260.7300109863281,260.69000244140625,260.7073059082031,7350,0.0,0.0,0.0
2026-04-08 13:00:00-04:00,260.7200012207031,260.7799987792969,260.7099914550781,260.7250061035156,9684,0.0,0.0,0.0
2026-04-08 13:01:00-04:00,260.739990234375,260.8500061035156,260.739990234375,260.8500061035156,14553,0.0,0.0,0.0
2026-04-08 13:02:00-04:00,260.8500061035156,260.8599853515625,260.7799987792969,260.79998779296875,9070,0.0,0.0,0.0
2026-04-08 13:03:00-04:00,260.7900085449219,260.8599853515625,260.7200012207031,260.7200012207031,10076,0.0,0.0,0.0
2026-04-08 13:04:00-04:00,260.70001220703125,260.7200012207031,260.6700134277344,260.69500732421875,12001,0.0,0.0,0.0
2026-04-08 13:05:00-04:00,260.67999267578125,260.69000244140625,260.5400085449219,260.5400085449219,19823,0.0,0.0,0.0
2026-04-08 13:06:00-04:00,260.5299987792969,260.54998779296875,260.4700012207031,260.5199890136719,60686,0.0,0.0,0.0
2026-04-08 13:07:00-04:00,260.510009765625,260.5299987792969,260.42999267578125,260.510009765625,81059,0.0,0.0,0.0
2026-04-08 13:08:00-04:00,260.510009765625,260.5899963378906,260.4599914550781,260.4599914550781,13714,0.0,0.0,0.0
2026-04-08 13:09:00-04:00,260.4549865722656,260.4599914550781,260.375,260.4100036621094,125377,0.0,0.0,0.0
2026-04-08 13:10:00-04:00,260.4100036621094,260.57000732421875,260.3599853515625,260.55999755859375,23008,0.0,0.0,0.0
2026-04-08 13:11:00-04:00,260.57000732421875,260.6600036621094,260.55999755859375,260.6600036621094,18632,0.0,0.0,0.0
2026-04-08 13:12:00-04:00,260.6600036621094,260.6700134277344,260.5299987792969,260.5299987792969,16629,0.0,0.0,0.0
2026-04-08 13:13:00-04:00,260.5400085449219,260.6300048828125,260.5400085449219,260.5799865722656,10134,0.0,0.0,0.0
2026-04-08 13:14:00-04:00,260.57000732421875,260.6199951171875,260.55999755859375,260.5899963378906,6196,0.0,0.0,0.0
2026-04-08 13:15:00-04:00,260.6000061035156,260.6449890136719,260.57000732421875,260.5799865722656,11421,0.0,0.0,0.0
2026-04-08 13:16:00-04:00,260.54998779296875,260.54998779296875,260.44000244140625,260.489990234375,27809,0.0,0.0,0.0
2026-04-08 13:17:00-04:00,260.4849853515625,260.4949951171875,260.3699951171875,260.3999938964844,47907,0.0,0.0,0.0
2026-04-08 13:18:00-04:00,260.3999938964844,260.5050048828125,260.3900146484375,260.4549865722656,19422,0.0,0.0,0.0
2026-04-08 13:19:00-04:00,260.4549865722656,260.4649963378906,260.364990234375,260.4049987792969,35798,0.0,0.0,0.0
2026-04-08 13:20:00-04:00,260.4049987792969,260.4549865722656,260.30499267578125,260.32000732421875,31944,0.0,0.0,0.0
2026-04-08 13:21:00-04:00,260.3299865722656,260.45001220703125,260.260009765625,260.2900085449219,34574,0.0,0.0,0.0
2026-04-08 13:22:00-04:00,260.2900085449219,260.30999755859375,260.05999755859375,260.25,61976,0.0,0.0,0.0
2026-04-08 13:23:00-04:00,260.2699890136719,260.3800048828125,260.1099853515625,260.19000244140625,43700,0.0,0.0,0.0
2026-04-08 13:24:00-04:00,260.19000244140625,260.20001220703125,260.0199890136719,260.0400085449219,43640,0.0,0.0,0.0
2026-04-08 13:25:00-04:00,260.0450134277344,260.1300048828125,259.95001220703125,260.0425109863281,53198,0.0,0.0,0.0
2026-04-08 13:26:00-04:00,260.07000732421875,260.07000732421875,259.93499755859375,259.9700012207031,23394,0.0,0.0,0.0
2026-04-08 13:27:00-04:00,259.9700012207031,260.0299987792969,259.7650146484375,259.8699951171875,79386,0.0,0.0,0.0
2026-04-08 13:28:00-04:00,259.8599853515625,260.04998779296875,259.8299865722656,260.0400085449219,88587,0.0,0.0,0.0
2026-04-08 13:29:00-04:00,260.04998779296875,260.1499938964844,259.989990234375,260.0799865722656,31909,0.0,0.0,0.0
2026-04-08 13:30:00-04:00,260.07000732421875,260.19000244140625,260.05999755859375,260.1299133300781,25624,0.0,0.0,0.0
2026-04-08 13:31:00-04:00,260.1199951171875,260.2950134277344,260.1199951171875,260.2099914550781,34231,0.0,0.0,0.0
2026-04-08 13:32:00-04:00,260.2099914550781,260.260009765625,260.1900939941406,260.19500732421875,47610,0.0,0.0,0.0
2026-04-08 13:33:00-04:00,260.17999267578125,260.2250061035156,260.1199951171875,260.1499938964844,42871,0.0,0.0,0.0
2026-04-08 13:34:00-04:00,260.17999267578125,260.2900085449219,260.1700134277344,260.2900085449219,22222,0.0,0.0,0.0
2026-04-08 13:35:00-04:00,260.2799987792969,260.30999755859375,260.2239074707031,260.2449951171875,22624,0.0,0.0,0.0
2026-04-08 13:36:00-04:00,260.25,260.55999755859375,260.2449951171875,260.5299987792969,59277,0.0,0.0,0.0
2026-04-08 13:37:00-04:00,260.5400085449219,260.54998779296875,260.0899963378906,260.2300109863281,79109,0.0,0.0,0.0
2026-04-08 13:38:00-04:00,260.239990234375,260.3399963378906,260.2099914550781,260.2200012207031,22545,0.0,0.0,0.0
2026-04-08 13:39:00-04:00,260.2200012207031,260.3500061035156,260.2200012207031,260.30999755859375,28682,0.0,0.0,0.0
2026-04-08 13:40:00-04:00,260.2950134277344,260.4200134277344,260.2799987792969,260.3999938964844,33366,0.0,0.0,0.0
2026-04-08 13:41:00-04:00,260.3399963378906,260.5299987792969,260.2900085449219,260.375,51938,0.0,0.0,0.0
2026-04-08 13:42:00-04:00,260.3800048828125,260.5249938964844,260.3800048828125,260.5249938964844,32754,0.0,0.0,0.0
2026-04-08 13:43:00-04:00,260.510009765625,260.6499938964844,260.489990234375,260.5899963378906,40869,0.0,0.0,0.0
2026-04-08 13:44:00-04:00,260.5899963378906,260.6499938964844,260.5899963378906,260.6300048828125,52560,0.0,0.0,0.0
2026-04-08 13:45:00-04:00,260.6400146484375,260.6700134277344,260.56500244140625,260.6000061035156,36871,0.0,0.0,0.0
2026-04-08 13:46:00-04:00,260.6099853515625,260.6600036621094,260.57000732421875,260.6000061035156,127472,0.0,0.0,0.0
2026-04-08 13:47:00-04:00,260.5849914550781,260.6499938964844,260.5799865722656,260.6099853515625,134991,0.0,0.0,0.0
2026-04-08 13:48:00-04:00,260.6199951171875,260.6499938964844,260.58099365234375,260.6300048828125,23258,0.0,0.0,0.0
2026-04-08 13:49:00-04:00,260.625,260.67999267578125,260.6099853515625,260.6099853515625,29224,0.0,0.0,0.0
2026-04-08 13:50:00-04:00,260.614990234375,260.7099914550781,260.6000061035156,260.6650085449219,34957,0.0,0.0,0.0
2026-04-08 13:51:00-04:00,260.6549987792969,260.7850036621094,260.635009765625,260.739990234375,16710,0.0,0.0,0.0
2026-04-08 13:52:00-04:00,260.7149963378906,260.7950134277344,260.7099914550781,260.7950134277344,14569,0.0,0.0,0.0
2026-04-08 13:53:00-04:00,260.7900085449219,260.8399963378906,260.75,260.8349914550781,31992,0.0,0.0,0.0
2026-04-08 13:54:00-04:00,260.81500244140625,260.8349914550781,260.7749938964844,260.7749938964844,11067,0.0,0.0,0.0
2026-04-08 13:55:00-04:00,260.7799987792969,260.8500061035156,260.7749938964844,260.7900085449219,10106,0.0,0.0,0.0
2026-04-08 13:56:00-04:00,260.80999755859375,260.8500061035156,260.79998779296875,260.81500244140625,24310,0.0,0.0,0.0
2026-04-08 13:57:00-04:00,260.80499267578125,260.8949890136719,260.79998779296875,260.8900146484375,30681,0.0,0.0,0.0
2026-04-08 13:58:00-04:00,260.8949890136719,260.9200134277344,260.8500061035156,260.875,88605,0.0,0.0,0.0
2026-04-08 13:59:00-04:00,260.875,260.8949890136719,260.85009765625,260.885009765625,30066,0.0,0.0,0.0
2026-04-08 14:00:00-04:00,260.8800048828125,260.8800048828125,260.6600036621094,260.8450012207031,226338,0.0,0.0,0.0
2026-04-08 14:01:00-04:00,260.8399963378906,260.95001220703125,260.8299865722656,260.8999938964844,66210,0.0,0.0,0.0
2026-04-08 14:02:00-04:00,260.8999938964844,260.94500732421875,260.8599853515625,260.92999267578125,21115,0.0,0.0,0.0
2026-04-08 14:03:00-04:00,260.92999267578125,260.9849853515625,260.9100036621094,260.9599914550781,13577,0.0,0.0,0.0
2026-04-08 14:04:00-04:00,260.9649963378906,260.9949951171875,260.92999267578125,260.9800109863281,20836,0.0,0.0,0.0
2026-04-08 14:05:00-04:00,260.9849853515625,261.09051513671875,260.95001220703125,261.0400085449219,58667,0.0,0.0,0.0
2026-04-08 14:06:00-04:00,261.04010009765625,261.04998779296875,260.94000244140625,260.95001220703125,18920,0.0,0.0,0.0
2026-04-08 14:07:00-04:00,260.9599914550781,261.0400085449219,260.94500732421875,261.010009765625,21529,0.0,0.0,0.0
2026-04-08 14:08:00-04:00,261.0299987792969,261.04998779296875,260.9200134277344,260.92999267578125,20819,0.0,0.0,0.0
2026-04-08 14:09:00-04:00,260.9200134277344,260.95001220703125,260.8999938964844,260.93499755859375,24319,0.0,0.0,0.0
2026-04-08 14:10:00-04:00,260.94000244140625,260.9750061035156,260.8399963378906,260.8800048828125,41473,0.0,0.0,0.0
2026-04-08 14:11:00-04:00,260.8800048828125,260.9150085449219,260.8500061035156,260.90008544921875,14025,0.0,0.0,0.0
2026-04-08 14:12:00-04:00,260.9049987792969,260.9599914550781,260.82000732421875,260.82000732421875,71654,0.0,0.0,0.0
2026-04-08 14:13:00-04:00,260.8299865722656,260.88751220703125,260.7550048828125,260.885009765625,58976,0.0,0.0,0.0
2026-04-08 14:14:00-04:00,260.8800048828125,260.9200134277344,260.8800048828125,260.9049987792969,31858,0.0,0.0,0.0
2026-04-08 14:15:00-04:00,260.9100036621094,260.9549865722656,260.8999938964844,260.94000244140625,45897,0.0,0.0,0.0
2026-04-08 14:16:00-04:00,260.94500732421875,261.0299987792969,260.94000244140625,261.0201110839844,73699,0.0,0.0,0.0
2026-04-08 14:17:00-04:00,261.010009765625,261.0199890136719,260.760009765625,260.79998779296875,156176,0.0,0.0,0.0
2026-04-08 14:18:00-04:00,260.8299865722656,260.8399963378906,260.2300109863281,260.42999267578125,301342,0.0,0.0,0.0
2026-04-08 14:19:00-04:00,260.42999267578125,260.4649963378906,259.760009765625,260.1300048828125,217311,0.0,0.0,0.0
2026-04-08 14:20:00-04:00,260.1300048828125,260.44500732421875,259.95001220703125,260.04998779296875,136958,0.0,0.0,0.0
2026-04-08 14:21:00-04:00,260.0899963378906,260.1400146484375,259.8800048828125,260.1199951171875,40208,0.0,0.0,0.0
2026-04-08 14:22:00-04:00,260.1300048828125,260.239990234375,259.9100036621094,259.9599914550781,30927,0.0,0.0,0.0
2026-04-08 14:23:00-04:00,259.9599914550781,260.1000061035156,259.8900146484375,259.9800109863281,139394,0.0,0.0,0.0
2026-04-08 14:24:00-04:00,259.9599914550781,260.1099853515625,259.94000244140625,259.9649963378906,81536,0.0,0.0,0.0
2026-04-08 14:25:00-04:00,259.92999267578125,260.010009765625,259.7699890136719,259.8299865722656,161447,0.0,0.0,0.0
2026-04-08 14:26:00-04:00,259.8299865722656,260.1300048828125,259.7799987792969,260.1099853515625,64979,0.0,0.0,0.0
2026-04-08 14:27:00-04:00,260.1499938964844,260.1499938964844,259.8999938964844,259.92999267578125,38656,0.0,0.0,0.0
2026-04-08 14:28:00-04:00,259.9100036621094,260.0199890136719,259.864990234375,259.9800109863281,27583,0.0,0.0,0.0
2026-04-08 14:29:00-04:00,259.9800109863281,260.0,259.7799987792969,259.79998779296875,42536,0.0,0.0,0.0
2026-04-08 14:30:00-04:00,259.80999755859375,260.0,259.80999755859375,259.8999938964844,52219,0.0,0.0,0.0
2026-04-08 14:31:00-04:00,259.9100036621094,260.010009765625,259.8699951171875,259.9200134277344,26855,0.0,0.0,0.0
2026-04-08 14:32:00-04:00,259.9200134277344,259.9800109863281,259.7650146484375,259.80499267578125,29624,0.0,0.0,0.0
2026-04-08 14:33:00-04:00,259.79998779296875,259.80999755859375,259.5799865722656,259.6099853515625,102069,0.0,0.0,0.0
2026-04-08 14:34:00-04:00,259.6050109863281,259.69000244140625,259.54998779296875,259.67999267578125,88836,0.0,0.0,0.0
2026-04-08 14:35:00-04:00,259.70001220703125,259.7699890136719,259.6549987792969,259.69000244140625,36912,0.0,0.0,0.0
2026-04-08 14:36:00-04:00,259.68499755859375,259.68499755859375,259.55999755859375,259.6000061035156,293482,0.0,0.0,0.0
2026-04-08 14:37:00-04:00,259.6050109863281,259.6199951171875,259.4800109863281,259.5799865722656,71768,0.0,0.0,0.0
2026-04-08 14:38:00-04:00,259.55999755859375,259.6000061035156,259.4849853515625,259.57501220703125,51218,0.0,0.0,0.0
2026-04-08 14:39:00-04:00,259.55999755859375,259.55999755859375,259.3999938964844,259.42999267578125,55555,0.0,0.0,0.0
2026-04-08 14:40:00-04:00,259.44500732421875,259.45001220703125,259.2900085449219,259.3299865722656,43327,0.0,0.0,0.0
2026-04-08 14:41:00-04:00,259.3399963378906,259.3599853515625,259.2250061035156,259.32000732421875,74968,0.0,0.0,0.0
2026-04-08 14:42:00-04:00,259.2900085449219,259.45001220703125,259.239990234375,259.3699951171875,101819,0.0,0.0,0.0
2026-04-08 14:43:00-04:00,259.3599853515625,259.42999267578125,259.2099914550781,259.2349853515625,55064,0.0,0.0,0.0
2026-04-08 14:44:00-04:00,259.239990234375,259.29998779296875,259.1499938964844,259.2099914550781,67634,0.0,0.0,0.0
2026-04-08 14:45:00-04:00,259.20001220703125,259.2900085449219,259.1600036621094,259.2799987792969,56063,0.0,0.0,0.0
2026-04-08 14:46:00-04:00,259.2699890136719,259.4599914550781,259.2699890136719,259.3900146484375,80609,0.0,0.0,0.0
2026-04-08 14:47:00-04:00,259.3800048828125,259.510009765625,259.3605041503906,259.4200134277344,46427,0.0,0.0,0.0
2026-04-08 14:48:00-04:00,259.42999267578125,259.4549865722656,259.260009765625,259.2666015625,22615,0.0,0.0,0.0
2026-04-08 14:49:00-04:00,259.2699890136719,259.2799987792969,259.17999267578125,259.20001220703125,32936,0.0,0.0,0.0
2026-04-08 14:50:00-04:00,259.2099914550781,259.2850036621094,259.1099853515625,259.260009765625,83843,0.0,0.0,0.0
2026-04-08 14:51:00-04:00,259.260009765625,259.2900085449219,259.135009765625,259.17999267578125,29138,0.0,0.0,0.0
2026-04-08 14:52:00-04:00,259.17999267578125,259.2900085449219,259.1000061035156,259.1499938964844,39327,0.0,0.0,0.0
2026-04-08 14:53:00-04:00,259.125,259.239990234375,259.114990234375,259.1700134277344,33908,0.0,0.0,0.0
2026-04-08 14:54:00-04:00,259.1700134277344,259.25,259.125,259.1300048828125,81871,0.0,0.0,0.0
2026-04-08 14:55:00-04:00,259.1300048828125,259.1400146484375,258.92999267578125,258.9800109863281,29688,0.0,0.0,0.0
2026-04-08 14:56:00-04:00,258.9700012207031,258.9800109863281,258.8399963378906,258.8900146484375,38035,0.0,0.0,0.0
2026-04-08 14:57:00-04:00,258.8999938964844,258.95001220703125,258.8399963378906,258.8900146484375,52761,0.0,0.0,0.0
2026-04-08 14:58:00-04:00,258.8999938964844,258.92999267578125,258.82501220703125,258.8399963378906,157860,0.0,0.0,0.0
2026-04-08 14:59:00-04:00,258.8399963378906,258.8699951171875,258.6650085449219,258.70001220703125,76595,0.0,0.0,0.0
2026-04-08 15:00:00-04:00,258.67999267578125,258.7699890136719,258.5950012207031,258.614990234375,59151,0.0,0.0,0.0
2026-04-08 15:01:00-04:00,258.6099853515625,258.9100036621094,258.6000061035156,258.8999938964844,122982,0.0,0.0,0.0
2026-04-08 15:02:00-04:00,258.9100036621094,259.0799865722656,258.9100036621094,258.94000244140625,156936,0.0,0.0,0.0
2026-04-08 15:03:00-04:00,258.9599914550781,259.010009765625,258.8699951171875,258.8800048828125,21024,0.0,0.0,0.0
2026-04-08 15:04:00-04:00,258.864990234375,258.864990234375,258.69000244140625,258.80999755859375,47109,0.0,0.0,0.0
2026-04-08 15:05:00-04:00,258.8299865722656,258.8699951171875,258.7300109863281,258.739990234375,100897,0.0,0.0,0.0
2026-04-08 15:06:00-04:00,258.75,258.82000732421875,258.67999267578125,258.7900085449219,30325,0.0,0.0,0.0
2026-04-08 15:07:00-04:00,258.80499267578125,259.0299987792969,258.79998779296875,259.0299987792969,31606,0.0,0.0,0.0
2026-04-08 15:08:00-04:00,259.0199890136719,259.1199951171875,258.9750061035156,259.0350036621094,23897,0.0,0.0,0.0
2026-04-08 15:09:00-04:00,259.0400085449219,259.0799865722656,258.9800109863281,259.04998779296875,52148,0.0,0.0,0.0
2026-04-08 15:10:00-04:00,259.0799865722656,259.3699951171875,259.07000732421875,259.3699951171875,298821,0.0,0.0,0.0
2026-04-08 15:11:00-04:00,259.3599853515625,259.55999755859375,259.3599853515625,259.5400085449219,94619,0.0,0.0,0.0
2026-04-08 15:12:00-04:00,259.5299987792969,259.5899963378906,259.3999938964844,259.4750061035156,92979,0.0,0.0,0.0
2026-04-08 15:13:00-04:00,259.4700012207031,259.510009765625,259.42999267578125,259.4800109863281,29894,0.0,0.0,0.0
2026-04-08 15:14:00-04:00,259.4800109863281,259.55999755859375,259.3699951171875,259.4800109863281,156977,0.0,0.0,0.0
2026-04-08 15:15:00-04:00,259.4700012207031,259.6199951171875,259.4700012207031,259.5950012207031,74596,0.0,0.0,0.0
2026-04-08 15:16:00-04:00,259.5899963378906,259.5899963378906,259.5199890136719,259.54998779296875,63646,0.0,0.0,0.0
2026-04-08 15:17:00-04:00,259.5400085449219,259.5400085449219,259.32000732421875,259.3900146484375,83486,0.0,0.0,0.0
2026-04-08 15:18:00-04:00,259.385009765625,259.3999938964844,259.29010009765625,259.3299865722656,53248,0.0,0.0,0.0
2026-04-08 15:19:00-04:00,259.3299865722656,259.3900146484375,259.2550048828125,259.29998779296875,57186,0.0,0.0,0.0
2026-04-08 15:20:00-04:00,259.2950134277344,259.29998779296875,259.19000244140625,259.2200012207031,59492,0.0,0.0,0.0
2026-04-08 15:21:00-04:00,259.2200012207031,259.25,259.1549987792969,259.1600036621094,32471,0.0,0.0,0.0
2026-04-08 15:22:00-04:00,259.1600036621094,259.1650085449219,259.0400085449219,259.0849914550781,50052,0.0,0.0,0.0
2026-04-08 15:23:00-04:00,259.0849914550781,259.239990234375,259.03179931640625,259.2200012207031,64136,0.0,0.0,0.0
2026-04-08 15:24:00-04:00,259.2149963378906,259.3299865722656,259.19000244140625,259.2650146484375,107391,0.0,0.0,0.0
2026-04-08 15:25:00-04:00,259.2699890136719,259.45001220703125,259.2650146484375,259.32000732421875,781322,0.0,0.0,0.0
2026-04-08 15:26:00-04:00,259.32501220703125,259.3299865722656,259.20001220703125,259.20001220703125,31828,0.0,0.0,0.0
2026-04-08 15:27:00-04:00,259.19000244140625,259.2200012207031,259.06500244140625,259.0899963378906,52229,0.0,0.0,0.0
2026-04-08 15:28:00-04:00,259.0799865722656,259.17999267578125,259.03009033203125,259.1600036621094,1544701,0.0,0.0,0.0
2026-04-08 15:29:00-04:00,259.1700134277344,259.18499755859375,259.0799865722656,259.1499938964844,25151,0.0,0.0,0.0
2026-04-08 15:30:00-04:00,259.1400146484375,259.4200134277344,259.135009765625,259.4049987792969,42333,0.0,0.0,0.0
2026-04-08 15:31:00-04:00,259.4100036621094,259.57000732421875,259.4100036621094,259.510009765625,35857,0.0,0.0,0.0
2026-04-08 15:32:00-04:00,259.5150146484375,259.70001220703125,259.4750061035156,259.69000244140625,44952,0.0,0.0,0.0
2026-04-08 15:33:00-04:00,259.67999267578125,259.760009765625,259.6700134277344,259.70001220703125,36434,0.0,0.0,0.0
2026-04-08 15:34:00-04:00,259.67999267578125,259.8299865722656,259.6400146484375,259.81500244140625,56586,0.0,0.0,0.0
2026-04-08 15:35:00-04:00,259.82000732421875,259.94000244140625,259.7250061035156,259.7749938964844,123611,0.0,0.0,0.0
2026-04-08 15:36:00-04:00,259.7699890136719,259.9100036621094,259.760009765625,259.8299865722656,134853,0.0,0.0,0.0
2026-04-08 15:37:00-04:00,259.80999755859375,259.9049987792969,259.7900085449219,259.82000732421875,112029,0.0,0.0,0.0
2026-04-08 15:38:00-04:00,259.80999755859375,259.9100036621094,259.6400146484375,259.6600036621094,1059236,0.0,0.0,0.0
2026-04-08 15:39:00-04:00,259.6600036621094,259.8299865722656,259.6400146484375,259.8299865722656,78130,0.0,0.0,0.0
2026-04-08 15:40:00-04:00,259.80999755859375,259.8299865722656,259.6400146484375,259.67999267578125,320775,0.0,0.0,0.0
2026-04-08 15:41:00-04:00,259.69000244140625,259.69000244140625,259.6099853515625,259.6400146484375,64077,0.0,0.0,0.0
2026-04-08 15:42:00-04:00,259.6400146484375,259.7699890136719,259.6400146484375,259.7699890136719,36449,0.0,0.0,0.0
2026-04-08 15:43:00-04:00,259.7699890136719,259.80999755859375,259.7200012207031,259.7900085449219,89432,0.0,0.0,0.0
2026-04-08 15:44:00-04:00,259.79998779296875,259.9100036621094,259.7749938964844,259.8900146484375,40339,0.0,0.0,0.0
2026-04-08 15:45:00-04:00,259.8900146484375,260.0899963378906,259.8900146484375,259.9849853515625,69348,0.0,0.0,0.0
2026-04-08 15:46:00-04:00,259.9849853515625,260.0799865722656,259.94500732421875,260.0299987792969,162894,0.0,0.0,0.0
2026-04-08 15:47:00-04:00,260.0299987792969,260.0400085449219,259.94000244140625,260.0400085449219,55839,0.0,0.0,0.0
2026-04-08 15:48:00-04:00,260.0400085449219,260.07501220703125,259.989990234375,260.0,24526,0.0,0.0,0.0
2026-04-08 15:49:00-04:00,260.0,260.07000732421875,259.9949951171875,260.010009765625,40708,0.0,0.0,0.0
2026-04-08 15:50:00-04:00,260.0,260.0,259.8299865722656,259.885009765625,138046,0.0,0.0,0.0
2026-04-08 15:51:00-04:00,259.885009765625,259.92999267578125,259.8299865722656,259.8599853515625,86795,0.0,0.0,0.0
2026-04-08 15:52:00-04:00,259.864990234375,260.07000732421875,259.8599853515625,259.9649963378906,138671,0.0,0.0,0.0
2026-04-08 15:53:00-04:00,259.9599914550781,260.1400146484375,259.94000244140625,260.1099853515625,202594,0.0,0.0,0.0
2026-04-08 15:54:00-04:00,260.1180114746094,260.20001220703125,260.0799865722656,260.125,135574,0.0,0.0,0.0
2026-04-08 15:55:00-04:00,260.1199951171875,260.1549987792969,259.95001220703125,260.1300048828125,295955,0.0,0.0,0.0
2026-04-08 15:56:00-04:00,260.1300048828125,260.29010009765625,260.1300048828125,260.2699890136719,183127,0.0,0.0,0.0
2026-04-08 15:57:00-04:00,260.2699890136719,260.2980041503906,260.17498779296875,260.2099914550781,212445,0.0,0.0,0.0
2026-04-08 15:58:00-04:00,260.2149963378906,260.30999755859375,260.17999267578125,260.2799987792969,217521,0.0,0.0,0.0
2026-04-08 15:59:00-04:00,260.2799987792969,260.45001220703125,260.2699890136719,260.45001220703125,986077,0.0,0.0,0.0
2026-04-09 09:30:00-04:00,258.7799987792969,259.30999755859375,258.7799987792969,259.2300109863281,1123259,0.0,0.0,0.0
2026-04-09 09:31:00-04:00,259.260009765625,259.70001220703125,259.1700134277344,259.69000244140625,189920,0.0,0.0,0.0
2026-04-09 09:32:00-04:00,259.69000244140625,259.72900390625,259.4100036621094,259.44000244140625,140617,0.0,0.0,0.0
2026-04-09 09:33:00-04:00,259.42999267578125,259.79998779296875,259.3699951171875,259.7650146484375,248417,0.0,0.0,0.0
2026-04-09 09:34:00-04:00,259.7601013183594,259.8599853515625,259.55999755859375,259.5950012207031,110534,0.0,0.0,0.0
2026-04-09 09:35:00-04:00,259.6000061035156,259.8800048828125,259.5299987792969,259.7699890136719,71192,0.0,0.0,0.0
2026-04-09 09:36:00-04:00,259.7900085449219,260.20001220703125,259.7799987792969,260.1527099609375,103953,0.0,0.0,0.0
2026-04-09 09:37:00-04:00,260.1400146484375,260.29998779296875,260.1400146484375,260.2300109863281,91415,0.0,0.0,0.0
2026-04-09 09:38:00-04:00,260.19000244140625,260.260009765625,260.0199890136719,260.04998779296875,80553,0.0,0.0,0.0
2026-04-09 09:39:00-04:00,260.04998779296875,260.2200012207031,260.04998779296875,260.2149963378906,71647,0.0,0.0,0.0
2026-04-09 09:40:00-04:00,260.2200012207031,260.3599853515625,260.11669921875,260.260009765625,69860,0.0,0.0,0.0
2026-04-09 09:41:00-04:00,260.2601013183594,260.3800048828125,260.20001220703125,260.3500061035156,74317,0.0,0.0,0.0
2026-04-09 09:42:00-04:00,260.3599853515625,260.45001220703125,260.25,260.4100036621094,58582,0.0,0.0,0.0
2026-04-09 09:43:00-04:00,260.4200134277344,260.57000732421875,260.4200134277344,260.4599914550781,116217,0.0,0.0,0.0
2026-04-09 09:44:00-04:00,260.4549865722656,260.4599914550781,260.1300048828125,260.1499938964844,143827,0.0,0.0,0.0
2026-04-09 09:45:00-04:00,260.1400146484375,260.2699890136719,260.0450134277344,260.20001220703125,283918,0.0,0.0,0.0
2026-04-09 09:46:00-04:00,260.20001220703125,260.3999938964844,260.1199951171875,260.2099914550781,116960,0.0,0.0,0.0
2026-04-09 09:47:00-04:00,260.2200012207031,260.3699951171875,260.07000732421875,260.0799865722656,47842,0.0,0.0,0.0
2026-04-09 09:48:00-04:00,260.0799865722656,260.20001220703125,259.9100036621094,260.20001220703125,97927,0.0,0.0,0.0
2026-04-09 09:49:00-04:00,260.17999267578125,260.32000732421875,260.1400146484375,260.2200012207031,88326,0.0,0.0,0.0
2026-04-09 09:50:00-04:00,260.2099914550781,260.2149963378906,259.9800109863281,259.989990234375,38962,0.0,0.0,0.0
2026-04-09 09:51:00-04:00,259.989990234375,260.0299987792969,259.7699890136719,259.8442077636719,104105,0.0,0.0,0.0
2026-04-09 09:52:00-04:00,259.8800048828125,260.0,259.82000732421875,259.8699951171875,63145,0.0,0.0,0.0
2026-04-09 09:53:00-04:00,259.8299865722656,260.04998779296875,259.82501220703125,260.04998779296875,41753,0.0,0.0,0.0
2026-04-09 09:54:00-04:00,260.04998779296875,260.20001220703125,259.8299865722656,259.8900146484375,58420,0.0,0.0,0.0
2026-04-09 09:55:00-04:00,259.8599853515625,260.0199890136719,259.7099914550781,259.9800109863281,62194,0.0,0.0,0.0
2026-04-09 09:56:00-04:00,259.989990234375,260.06500244140625,259.8599853515625,260.05999755859375,48483,0.0,0.0,0.0
2026-04-09 09:57:00-04:00,260.1000061035156,260.2799987792969,260.1000061035156,260.17999267578125,38483,0.0,0.0,0.0
2026-04-09 09:58:00-04:00,260.19500732421875,260.2900085449219,260.1099853515625,260.2799987792969,103895,0.0,0.0,0.0
2026-04-09 09:59:00-04:00,260.2699890136719,260.3900146484375,260.2300109863281,260.3479309082031,75816,0.0,0.0,0.0
2026-04-09 10:00:00-04:00,260.3299865722656,260.3500061035156,260.0899963378906,260.1600036621094,97051,0.0,0.0,0.0
2026-04-09 10:01:00-04:00,260.1700134277344,260.20001220703125,260.0199890136719,260.19000244140625,72394,0.0,0.0,0.0
2026-04-09 10:02:00-04:00,260.1911926269531,260.20001220703125,260.0,260.05999755859375,36095,0.0,0.0,0.0
2026-04-09 10:03:00-04:00,260.04998779296875,260.1300048828125,259.8800048828125,260.1300048828125,49784,0.0,0.0,0.0
2026-04-09 10:04:00-04:00,260.1400146484375,260.2900085449219,260.0899963378906,260.20001220703125,86044,0.0,0.0,0.0
2026-04-09 10:05:00-04:00,260.17999267578125,260.30999755859375,260.1199951171875,260.19000244140625,51163,0.0,0.0,0.0
2026-04-09 10:06:00-04:00,260.17999267578125,260.2250061035156,260.1000061035156,260.1600036621094,31817,0.0,0.0,0.0
2026-04-09 10:07:00-04:00,260.1700134277344,260.260009765625,260.1300048828125,260.1600036621094,35236,0.0,0.0,0.0
2026-04-09 10:08:00-04:00,260.1600036621094,260.2300109863281,260.07501220703125,260.2300109863281,38561,0.0,0.0,0.0
2026-04-09 10:09:00-04:00,260.2200012207031,260.239990234375,259.9700012207031,259.9700012207031,47166,0.0,0.0,0.0
2026-04-09 10:10:00-04:00,259.95001220703125,259.9700012207031,259.739990234375,259.9200134277344,90483,0.0,0.0,0.0
2026-04-09 10:11:00-04:00,259.9200134277344,259.92999267578125,259.6700134277344,259.760009765625,37340,0.0,0.0,0.0
2026-04-09 10:12:00-04:00,259.7799987792969,260.07000732421875,259.7699890136719,259.94000244140625,72868,0.0,0.0,0.0
2026-04-09 10:13:00-04:00,259.92999267578125,259.9700012207031,259.6499938964844,259.67498779296875,118440,0.0,0.0,0.0
2026-04-09 10:14:00-04:00,259.6499938964844,259.70001220703125,259.5799865722656,259.5899963378906,41438,0.0,0.0,0.0
2026-04-09 10:15:00-04:00,259.5799865722656,259.58709716796875,259.40008544921875,259.40008544921875,87482,0.0,0.0,0.0
2026-04-09 10:16:00-04:00,259.3999938964844,259.43499755859375,259.18499755859375,259.3299865722656,160096,0.0,0.0,0.0
2026-04-09 10:17:00-04:00,259.3800048828125,259.3800048828125,259.2099914550781,259.2799987792969,60791,0.0,0.0,0.0
2026-04-09 10:18:00-04:00,259.2799987792969,259.29998779296875,259.20001220703125,259.20001220703125,77020,0.0,0.0,0.0
2026-04-09 10:19:00-04:00,259.19000244140625,259.2799987792969,259.0,259.2799987792969,90843,0.0,0.0,0.0
2026-04-09 10:20:00-04:00,259.2699890136719,259.5400085449219,259.2699890136719,259.4800109863281,81086,0.0,0.0,0.0
2026-04-09 10:21:00-04:00,259.4800109863281,259.55999755859375,259.3299865722656,259.3800048828125,29999,0.0,0.0,0.0
2026-04-09 10:22:00-04:00,259.3599853515625,259.3800048828125,259.19000244140625,259.3399963378906,32446,0.0,0.0,0.0
2026-04-09 10:23:00-04:00,259.3299865722656,259.510009765625,259.3299865722656,259.4800109863281,34697,0.0,0.0,0.0
2026-04-09 10:24:00-04:00,259.45001220703125,259.54998779296875,259.4200134277344,259.45001220703125,25433,0.0,0.0,0.0
2026-04-09 10:25:00-04:00,259.42999267578125,259.4700012207031,259.3299865722656,259.3399963378906,12196,0.0,0.0,0.0
2026-04-09 10:26:00-04:00,259.3399963378906,259.3699951171875,259.17999267578125,259.20001220703125,15439,0.0,0.0,0.0
2026-04-09 10:27:00-04:00,259.19000244140625,259.19000244140625,259.0950012207031,259.1199951171875,25673,0.0,0.0,0.0
2026-04-09 10:28:00-04:00,259.1300048828125,259.2699890136719,259.07000732421875,259.239990234375,35583,0.0,0.0,0.0
2026-04-09 10:29:00-04:00,259.239990234375,259.4194030761719,259.17999267578125,259.3900146484375,28690,0.0,0.0,0.0
2026-04-09 10:30:00-04:00,259.3599853515625,259.5400085449219,259.2699890136719,259.50909423828125,54968,0.0,0.0,0.0
2026-04-09 10:31:00-04:00,259.5199890136719,259.5199890136719,259.35009765625,259.3699951171875,57422,0.0,0.0,0.0
2026-04-09 10:32:00-04:00,259.3699951171875,259.3699951171875,259.2283935546875,259.2300109863281,40602,0.0,0.0,0.0
2026-04-09 10:33:00-04:00,259.20001220703125,259.239990234375,259.1300048828125,259.19000244140625,15652,0.0,0.0,0.0
2026-04-09 10:34:00-04:00,259.20001220703125,259.3399963378906,259.20001220703125,259.2900085449219,56152,0.0,0.0,0.0
2026-04-09 10:35:00-04:00,259.3399963378906,259.3599853515625,259.2300109863281,259.3599853515625,14574,0.0,0.0,0.0
2026-04-09 10:36:00-04:00,259.3299865722656,259.3299865722656,259.08929443359375,259.08929443359375,70469,0.0,0.0,0.0
2026-04-09 10:37:00-04:00,259.1199951171875,259.3500061035156,259.1199951171875,259.32000732421875,23463,0.0,0.0,0.0
2026-04-09 10:38:00-04:00,259.30999755859375,259.42999267578125,259.2799072265625,259.3699951171875,52992,0.0,0.0,0.0
2026-04-09 10:39:00-04:00,259.3699951171875,259.6300048828125,259.3599853515625,259.6099853515625,46950,0.0,0.0,0.0
2026-04-09 10:40:00-04:00,259.6000061035156,259.70001220703125,259.5799865722656,259.6199951171875,30276,0.0,0.0,0.0
2026-04-09 10:41:00-04:00,259.635009765625,259.7099914550781,259.5799865722656,259.6000061035156,20669,0.0,0.0,0.0
2026-04-09 10:42:00-04:00,259.6000061035156,259.6300048828125,259.4849853515625,259.6300048828125,53643,0.0,0.0,0.0
2026-04-09 10:43:00-04:00,259.6199951171875,259.70001220703125,259.5849914550781,259.6400146484375,16323,0.0,0.0,0.0
2026-04-09 10:44:00-04:00,259.6199951171875,259.6300048828125,259.54998779296875,259.5950012207031,23960,0.0,0.0,0.0
2026-04-09 10:45:00-04:00,259.5899963378906,259.8399963378906,259.57000732421875,259.82000732421875,27388,0.0,0.0,0.0
2026-04-09 10:46:00-04:00,259.8299865722656,259.8301086425781,259.6099853515625,259.6499938964844,25170,0.0,0.0,0.0
2026-04-09 10:47:00-04:00,259.6400146484375,259.8099060058594,259.625,259.69000244140625,23257,0.0,0.0,0.0
2026-04-09 10:48:00-04:00,259.6700134277344,259.7799987792969,259.6700134277344,259.7099914550781,7678,0.0,0.0,0.0
2026-04-09 10:49:00-04:00,259.7049865722656,259.8299865722656,259.6662902832031,259.82000732421875,17416,0.0,0.0,0.0
2026-04-09 10:50:00-04:00,259.80999755859375,259.8999938964844,259.7699890136719,259.7900085449219,18616,0.0,0.0,0.0
2026-04-09 10:51:00-04:00,259.79998779296875,259.94000244140625,259.7799987792969,259.7799987792969,28759,0.0,0.0,0.0
2026-04-09 10:52:00-04:00,259.7900085449219,259.8641052246094,259.739990234375,259.8399963378906,36604,0.0,0.0,0.0
2026-04-09 10:53:00-04:00,259.864990234375,259.9200134277344,259.79998779296875,259.9100036621094,15011,0.0,0.0,0.0
2026-04-09 10:54:00-04:00,259.9100036621094,260.010009765625,259.9100036621094,259.9949951171875,83427,0.0,0.0,0.0
2026-04-09 10:55:00-04:00,260.010009765625,260.1300048828125,259.94000244140625,260.07000732421875,44561,0.0,0.0,0.0
2026-04-09 10:56:00-04:00,260.04998779296875,260.05999755859375,259.885009765625,259.8900146484375,17950,0.0,0.0,0.0
2026-04-09 10:57:00-04:00,259.8800048828125,260.0,259.8800048828125,259.95001220703125,9962,0.0,0.0,0.0
2026-04-09 10:58:00-04:00,260.010009765625,260.05499267578125,259.94000244140625,260.05499267578125,15483,0.0,0.0,0.0
2026-04-09 10:59:00-04:00,260.0799865722656,260.1199951171875,260.04998779296875,260.1000061035156,15479,0.0,0.0,0.0
2026-04-09 11:00:00-04:00,260.1000061035156,260.1099853515625,260.010009765625,260.1000061035156,20032,0.0,0.0,0.0
2026-04-09 11:01:00-04:00,260.1099853515625,260.1099853515625,259.94000244140625,259.94000244140625,47360,0.0,0.0,0.0
2026-04-09 11:02:00-04:00,259.9700012207031,260.0,259.8550109863281,259.8800048828125,26942,0.0,0.0,0.0
2026-04-09 11:03:00-04:00,259.8800048828125,259.94000244140625,259.70001220703125,259.70001220703125,26639,0.0,0.0,0.0
2026-04-09 11:04:00-04:00,259.7099914550781,259.79998779296875,259.54998779296875,259.7699890136719,23772,0.0,0.0,0.0
2026-04-09 11:05:00-04:00,259.82000732421875,259.9399108886719,259.7900085449219,259.8999938964844,17922,0.0,0.0,0.0
2026-04-09 11:06:00-04:00,259.9100036621094,259.9700012207031,259.7699890136719,259.7699890136719,55717,0.0,0.0,0.0
2026-04-09 11:07:00-04:00,259.7799987792969,259.8299865722656,259.739990234375,259.75,7303,0.0,0.0,0.0
2026-04-09 11:08:00-04:00,259.7200012207031,259.760009765625,259.67999267578125,259.739990234375,10344,0.0,0.0,0.0
2026-04-09 11:09:00-04:00,259.7699890136719,259.8399963378906,259.7449951171875,259.7699890136719,17257,0.0,0.0,0.0
2026-04-09 11:10:00-04:00,259.79998779296875,259.9800109863281,259.79998779296875,259.9100036621094,91584,0.0,0.0,0.0
2026-04-09 11:11:00-04:00,259.8800048828125,259.8800048828125,259.760009765625,259.760009765625,138969,0.0,0.0,0.0
2026-04-09 11:12:00-04:00,259.7799987792969,259.8999938964844,259.75,259.8699951171875,17836,0.0,0.0,0.0
2026-04-09 11:13:00-04:00,259.8900146484375,260.010009765625,259.8699951171875,259.9700012207031,61965,0.0,0.0,0.0
2026-04-09 11:14:00-04:00,259.9800109863281,260.0799865722656,259.9599914550781,260.0299987792969,19659,0.0,0.0,0.0
2026-04-09 11:15:00-04:00,260.06500244140625,260.2200012207031,260.05999755859375,260.17999267578125,79504,0.0,0.0,0.0
2026-04-09 11:16:00-04:00,260.17999267578125,260.2200012207031,260.0199890136719,260.0299987792969,101570,0.0,0.0,0.0
2026-04-09 11:17:00-04:00,260.0249938964844,260.1499938964844,259.9700012207031,260.1499938964844,88992,0.0,0.0,0.0
2026-04-09 11:18:00-04:00,260.159912109375,260.4700012207031,260.1499938964844,260.4599914550781,116397,0.0,0.0,0.0
2026-04-09 11:19:00-04:00,260.460205078125,260.510009765625,260.3599853515625,260.4200134277344,46835,0.0,0.0,0.0
2026-04-09 11:20:00-04:00,260.42999267578125,260.4800109863281,260.29998779296875,260.3800048828125,68940,0.0,0.0,0.0
2026-04-09 11:21:00-04:00,260.3800048828125,260.45001220703125,260.2699890136719,260.2799987792969,52077,0.0,0.0,0.0
2026-04-09 11:22:00-04:00,260.2799987792969,260.3699951171875,260.239990234375,260.3699951171875,17914,0.0,0.0,0.0
2026-04-09 11:23:00-04:00,260.3550109863281,260.3999938964844,260.25,260.3399963378906,86443,0.0,0.0,0.0
2026-04-09 11:24:00-04:00,260.260009765625,260.3999938964844,260.239990234375,260.3900146484375,14511,0.0,0.0,0.0
2026-04-09 11:25:00-04:00,260.3900146484375,260.3900146484375,260.2799987792969,260.3599853515625,12643,0.0,0.0,0.0
2026-04-09 11:26:00-04:00,260.3599853515625,260.3800048828125,260.30010986328125,260.3599853515625,105576,0.0,0.0,0.0
2026-04-09 11:27:00-04:00,260.3550109863281,260.3550109863281,260.239990234375,260.2699890136719,53017,0.0,0.0,0.0
2026-04-09 11:28:00-04:00,260.2699890136719,260.2900085449219,260.17999267578125,260.2300109863281,66862,0.0,0.0,0.0
2026-04-09 11:29:00-04:00,260.2300109863281,260.25,260.0899963378906,260.2250061035156,75751,0.0,0.0,0.0
2026-04-09 11:30:00-04:00,260.2200012207031,260.260009765625,260.1499938964844,260.2149963378906,47522,0.0,0.0,0.0
2026-04-09 11:31:00-04:00,260.2300109863281,260.2699890136719,260.19000244140625,260.260009765625,22532,0.0,0.0,0.0
2026-04-09 11:32:00-04:00,260.25,261.2799072265625,260.25,261.010009765625,508401,0.0,0.0,0.0
2026-04-09 11:33:00-04:00,260.989990234375,261.44000244140625,260.8399963378906,261.2200012207031,178734,0.0,0.0,0.0
2026-04-09 11:34:00-04:00,261.2099914550781,261.25,261.0150146484375,261.1499938964844,196431,0.0,0.0,0.0
2026-04-09 11:35:00-04:00,261.1400146484375,261.3599853515625,261.1000061035156,261.25,118470,0.0,0.0,0.0
2026-04-09 11:36:00-04:00,261.239990234375,261.6099853515625,261.239990234375,261.3900146484375,158606,0.0,0.0,0.0
2026-04-09 11:37:00-04:00,261.3900146484375,261.4700012207031,261.19000244140625,261.2799987792969,119839,0.0,0.0,0.0
2026-04-09 11:38:00-04:00,261.2799987792969,261.2900085449219,260.6000061035156,260.7200012207031,150623,0.0,0.0,0.0
2026-04-09 11:39:00-04:00,260.7149963378906,260.9100036621094,260.67999267578125,260.8800048828125,60770,0.0,0.0,0.0
2026-04-09 11:40:00-04:00,260.8999938964844,261.19000244140625,260.8999938964844,261.1199951171875,47597,0.0,0.0,0.0
2026-04-09 11:41:00-04:00,261.1000061035156,261.114990234375,260.8800048828125,261.0899963378906,58559,0.0,0.0,0.0
2026-04-09 11:42:00-04:00,261.1000061035156,261.1199951171875,261.0,261.0899963378906,46813,0.0,0.0,0.0
2026-04-09 11:43:00-04:00,261.1199951171875,261.20001220703125,261.0199890136719,261.1099853515625,23459,0.0,0.0,0.0
2026-04-09 11:44:00-04:00,261.1199951171875,261.17999267578125,261.0299987792969,261.1300048828125,53915,0.0,0.0,0.0
2026-04-09 11:45:00-04:00,261.1400146484375,261.1499938964844,260.9200134277344,261.0400085449219,67768,0.0,0.0,0.0
2026-04-09 11:46:00-04:00,261.0,261.2799987792969,261.0,261.2300109863281,23832,0.0,0.0,0.0
2026-04-09 11:47:00-04:00,261.25,261.29998779296875,261.1700134277344,261.239990234375,13505,0.0,0.0,0.0
2026-04-09 11:48:00-04:00,261.239990234375,261.5,261.239990234375,261.42999267578125,32342,0.0,0.0,0.0
2026-04-09 11:49:00-04:00,261.4100036621094,261.4200134277344,261.17498779296875,261.17498779296875,38506,0.0,0.0,0.0
2026-04-09 11:50:00-04:00,261.1499938964844,261.260009765625,261.1099853515625,261.19000244140625,15155,0.0,0.0,0.0
2026-04-09 11:51:00-04:00,261.1700134277344,261.2799987792969,261.1499938964844,261.2799987792969,11978,0.0,0.0,0.0
2026-04-09 11:52:00-04:00,261.30999755859375,261.3999938964844,261.25360107421875,261.3699951171875,15559,0.0,0.0,0.0
2026-04-09 11:53:00-04:00,261.35009765625,261.4200134277344,261.29998779296875,261.4100036621094,27612,0.0,0.0,0.0
2026-04-09 11:54:00-04:00,261.4100036621094,261.45001220703125,261.3299865722656,261.4200134277344,36375,0.0,0.0,0.0
2026-04-09 11:55:00-04:00,261.4100036621094,261.5,261.3800048828125,261.4700012207031,38429,0.0,0.0,0.0
2026-04-09 11:56:00-04:00,261.4599914550781,261.6000061035156,261.44000244140625,261.5799865722656,73719,0.0,0.0,0.0
2026-04-09 11:57:00-04:00,261.57000732421875,261.6000061035156,261.4800109863281,261.5249938964844,53953,0.0,0.0,0.0
2026-04-09 11:58:00-04:00,261.5199890136719,261.659912109375,261.5199890136719,261.6400146484375,1022315,0.0,0.0,0.0
2026-04-09 11:59:00-04:00,261.6400146484375,261.67999267578125,261.5899963378906,261.6400146484375,422699,0.0,0.0,0.0
2026-04-09 12:00:00-04:00,261.6400146484375,261.7200012207031,261.6099853515625,261.7200012207031,146966,0.0,0.0,0.0
2026-04-09 12:01:00-04:00,261.7300109863281,261.989990234375,261.7300109863281,261.9100036621094,504848,0.0,0.0,0.0
2026-04-09 12:02:00-04:00,261.9100036621094,262.07000732421875,261.9100036621094,261.9801025390625,70776,0.0,0.0,0.0
2026-04-09 12:03:00-04:00,261.989990234375,262.3800048828125,261.989990234375,262.2799987792969,41255,0.0,0.0,0.0
2026-04-09 12:04:00-04:00,262.2699890136719,262.2699890136719,261.989990234375,262.05999755859375,93089,0.0,0.0,0.0
2026-04-09 12:05:00-04:00,262.0299987792969,262.04998779296875,261.9100036621094,262.0,33343,0.0,0.0,0.0
2026-04-09 12:06:00-04:00,262.010009765625,262.0299987792969,261.8399963378906,261.8550109863281,136298,0.0,0.0,0.0
2026-04-09 12:07:00-04:00,261.864990234375,262.010009765625,261.864990234375,261.989990234375,87082,0.0,0.0,0.0
2026-04-09 12:08:00-04:00,261.9800109863281,262.05999755859375,261.94000244140625,262.05999755859375,49153,0.0,0.0,0.0
2026-04-09 12:09:00-04:00,262.04998779296875,262.1099853515625,261.8399963378906,261.8500061035156,54047,0.0,0.0,0.0
2026-04-09 12:10:00-04:00,261.8500061035156,261.94000244140625,261.80999755859375,261.9200134277344,27479,0.0,0.0,0.0
2026-04-09 12:11:00-04:00,261.9200134277344,262.0350036621094,261.9100036621094,262.0299987792969,41600,0.0,0.0,0.0
2026-04-09 12:12:00-04:00,262.0400085449219,262.2099914550781,262.0299987792969,262.0350036621094,137566,0.0,0.0,0.0
2026-04-09 12:13:00-04:00,262.0199890136719,262.1400146484375,261.9700012207031,261.9700012207031,117016,0.0,0.0,0.0
2026-04-09 12:14:00-04:00,261.9700012207031,261.9700012207031,261.8299865722656,261.8699951171875,93961,0.0,0.0,0.0
2026-04-09 12:15:00-04:00,261.8612976074219,261.9200134277344,261.75,261.875,60623,0.0,0.0,0.0
2026-04-09 12:16:00-04:00,261.9100036621094,262.17999267578125,261.9100036621094,262.17999267578125,193799,0.0,0.0,0.0
2026-04-09 12:17:00-04:00,262.1600036621094,262.2300109863281,262.07000732421875,262.1300048828125,33873,0.0,0.0,0.0
2026-04-09 12:18:00-04:00,262.1300048828125,262.19000244140625,262.0899963378906,262.1499938964844,119023,0.0,0.0,0.0
2026-04-09 12:19:00-04:00,262.17999267578125,262.239990234375,262.1499938964844,262.1499938964844,27015,0.0,0.0,0.0
2026-04-09 12:20:00-04:00,262.17999267578125,262.2510070800781,262.07000732421875,262.0899963378906,27210,0.0,0.0,0.0
2026-04-09 12:21:00-04:00,262.07000732421875,262.07000732421875,261.92999267578125,261.95001220703125,59891,0.0,0.0,0.0
2026-04-09 12:22:00-04:00,261.94989013671875,262.07000732421875,261.94989013671875,262.05999755859375,45731,0.0,0.0,0.0
2026-04-09 12:23:00-04:00,262.0400085449219,262.0799865722656,261.9800109863281,262.0,25541,0.0,0.0,0.0
2026-04-09 12:24:00-04:00,262.0,262.0400085449219,261.9100036621094,261.94000244140625,59919,0.0,0.0,0.0
2026-04-09 12:25:00-04:00,261.92999267578125,261.95001220703125,261.8299865722656,261.9200134277344,15450,0.0,0.0,0.0
2026-04-09 12:26:00-04:00,261.92999267578125,262.0199890136719,261.92999267578125,262.0199890136719,9408,0.0,0.0,0.0
2026-04-09 12:27:00-04:00,261.989990234375,262.17999267578125,261.989990234375,262.1499938964844,35667,0.0,0.0,0.0
2026-04-09 12:28:00-04:00,262.1499938964844,262.20001220703125,262.06988525390625,262.1700134277344,27568,0.0,0.0,0.0
2026-04-09 12:29:00-04:00,262.1700134277344,262.2200012207031,262.0599060058594,262.1099853515625,14184,0.0,0.0,0.0
2026-04-09 12:30:00-04:00,262.0899963378906,262.1199951171875,261.95001220703125,262.0299987792969,34998,0.0,0.0,0.0
2026-04-09 12:31:00-04:00,262.05999755859375,262.135009765625,262.05999755859375,262.1099853515625,16553,0.0,0.0,0.0
2026-04-09 12:32:00-04:00,262.1099853515625,262.1400146484375,262.010009765625,262.0101013183594,33844,0.0,0.0,0.0
2026-04-09 12:33:00-04:00,262.0199890136719,262.0299987792969,261.8900146484375,261.9753112792969,14550,0.0,0.0,0.0
2026-04-09 12:34:00-04:00,261.9750061035156,262.1499938964844,261.9700012207031,262.05999755859375,62336,0.0,0.0,0.0
2026-04-09 12:35:00-04:00,262.0799865722656,262.1300048828125,262.04998779296875,262.0799865722656,23115,0.0,0.0,0.0
2026-04-09 12:36:00-04:00,262.0799865722656,262.0950012207031,261.9800109863281,262.05999755859375,19109,0.0,0.0,0.0
2026-04-09 12:37:00-04:00,262.0459899902344,262.1199951171875,262.010009765625,262.1099853515625,13161,0.0,0.0,0.0
2026-04-09 12:38:00-04:00,262.0899963378906,262.0899963378906,261.8599853515625,261.9200134277344,38576,0.0,0.0,0.0
2026-04-09 12:39:00-04:00,261.9200134277344,262.0299987792969,261.8299865722656,262.0299987792969,22279,0.0,0.0,0.0
2026-04-09 12:40:00-04:00,262.0400085449219,262.07000732421875,261.9599914550781,262.0299987792969,79982,0.0,0.0,0.0
2026-04-09 12:41:00-04:00,262.0299987792969,262.07598876953125,261.8900146484375,261.8999938964844,91431,0.0,0.0,0.0
2026-04-09 12:42:00-04:00,261.9150085449219,262.1300964355469,261.9100036621094,262.1099853515625,23806,0.0,0.0,0.0
2026-04-09 12:43:00-04:00,262.1000061035156,262.1700134277344,262.04998779296875,262.1300048828125,18128,0.0,0.0,0.0
2026-04-09 12:44:00-04:00,262.1099853515625,262.17999267578125,262.0799865722656,262.1600036621094,18875,0.0,0.0,0.0
2026-04-09 12:45:00-04:00,262.1499938964844,262.1499938964844,261.989990234375,262.0199890136719,20343,0.0,0.0,0.0
2026-04-09 12:46:00-04:00,262.0299987792969,262.07501220703125,261.9800109863281,262.0299987792969,15816,0.0,0.0,0.0
2026-04-09 12:47:00-04:00,262.0350036621094,262.07000732421875,261.8800048828125,262.0450134277344,97692,0.0,0.0,0.0
2026-04-09 12:48:00-04:00,262.0299987792969,262.0400085449219,261.95001220703125,261.989990234375,7465,0.0,0.0,0.0
2026-04-09 12:49:00-04:00,262.0,262.0400085449219,261.9750061035156,261.9800109863281,9803,0.0,0.0,0.0
2026-04-09 12:50:00-04:00,261.9800109863281,262.1499938964844,261.9800109863281,262.1300048828125,12915,0.0,0.0,0.0
2026-04-09 12:51:00-04:00,262.1099853515625,262.2900085449219,262.1099853515625,262.2900085449219,22199,0.0,0.0,0.0
2026-04-09 12:52:00-04:00,262.2699890136719,262.43499755859375,262.2699890136719,262.2699890136719,55610,0.0,0.0,0.0
2026-04-09 12:53:00-04:00,262.2799987792969,262.29998779296875,262.25,262.2799987792969,17317,0.0,0.0,0.0
2026-04-09 12:54:00-04:00,262.2998962402344,262.29998779296875,262.2200012207031,262.2900085449219,13711,0.0,0.0,0.0
2026-04-09 12:55:00-04:00,262.2850036621094,262.30999755859375,262.25,262.2550048828125,7726,0.0,0.0,0.0
2026-04-09 12:56:00-04:00,262.2799987792969,262.3399963378906,262.25,262.3200988769531,11009,0.0,0.0,0.0
2026-04-09 12:57:00-04:00,262.32000732421875,262.3900146484375,262.30999755859375,262.3395080566406,10313,0.0,0.0,0.0
2026-04-09 12:58:00-04:00,262.3299865722656,262.42999267578125,262.32000732421875,262.42999267578125,44568,0.0,0.0,0.0
2026-04-09 12:59:00-04:00,262.4200134277344,262.4599914550781,262.364990234375,262.45001220703125,53229,0.0,0.0,0.0
2026-04-09 13:00:00-04:00,262.4599914550781,262.489990234375,262.3500061035156,262.4800109863281,41374,0.0,0.0,0.0
2026-04-09 13:01:00-04:00,262.4700012207031,262.55999755859375,262.44000244140625,262.4800109863281,32811,0.0,0.0,0.0
2026-04-09 13:02:00-04:00,262.489990234375,262.5,262.3900146484375,262.4800109863281,50819,0.0,0.0,0.0
2026-04-09 13:03:00-04:00,262.4800109863281,262.55999755859375,262.4800109863281,262.5299987792969,27583,0.0,0.0,0.0
2026-04-09 13:04:00-04:00,262.5299987792969,262.6400146484375,262.5299987792969,262.6400146484375,17928,0.0,0.0,0.0
2026-04-09 13:05:00-04:00,262.6499938964844,262.6499938964844,262.489990234375,262.510009765625,76536,0.0,0.0,0.0
2026-04-09 13:06:00-04:00,262.510009765625,262.70001220703125,262.5,262.70001220703125,24388,0.0,0.0,0.0
2026-04-09 13:07:00-04:00,262.70001220703125,262.79998779296875,262.6499938964844,262.7200012207031,30436,0.0,0.0,0.0
2026-04-09 13:08:00-04:00,262.7349853515625,262.760009765625,262.6600036621094,262.760009765625,18329,0.0,0.0,0.0
2026-04-09 13:09:00-04:00,262.7771911621094,262.8399963378906,262.7300109863281,262.7300109863281,21036,0.0,0.0,0.0
2026-04-09 13:10:00-04:00,262.7200012207031,262.7200012207031,262.6499938964844,262.69000244140625,51231,0.0,0.0,0.0
2026-04-09 13:11:00-04:00,262.68499755859375,262.75,262.6549987792969,262.75,18021,0.0,0.0,0.0
2026-04-09 13:12:00-04:00,262.75,262.7799987792969,262.70001220703125,262.739990234375,16000,0.0,0.0,0.0
2026-04-09 13:13:00-04:00,262.7349853515625,262.8299865722656,262.67999267578125,262.69000244140625,50577,0.0,0.0,0.0
2026-04-09 13:14:00-04:00,262.6789855957031,262.7099914550781,262.6099853515625,262.7049865722656,19829,0.0,0.0,0.0
2026-04-09 13:15:00-04:00,262.69000244140625,262.79998779296875,262.6499938964844,262.760009765625,36204,0.0,0.0,0.0
2026-04-09 13:16:00-04:00,262.75,262.7701110839844,262.6700134277344,262.69000244140625,40054,0.0,0.0,0.0
2026-04-09 13:17:00-04:00,262.70001220703125,262.80499267578125,262.70001220703125,262.7900085449219,25040,0.0,0.0,0.0
2026-04-09 13:18:00-04:00,262.80499267578125,262.80499267578125,262.7300109863281,262.760009765625,22868,0.0,0.0,0.0
2026-04-09 13:19:00-04:00,262.75,262.8599853515625,262.739990234375,262.7799987792969,28195,0.0,0.0,0.0
2026-04-09 13:20:00-04:00,262.7900085449219,262.8599853515625,262.7900085449219,262.7900085449219,13073,0.0,0.0,0.0
2026-04-09 13:21:00-04:00,262.7998962402344,262.82000732421875,262.7300109863281,262.7900085449219,40589,0.0,0.0,0.0
2026-04-09 13:22:00-04:00,262.79998779296875,262.82000732421875,262.739990234375,262.760009765625,15006,0.0,0.0,0.0
2026-04-09 13:23:00-04:00,262.7699890136719,262.79998779296875,262.7099914550781,262.7900085449219,11909,0.0,0.0,0.0
2026-04-09 13:24:00-04:00,262.7799987792969,262.7950134277344,262.739990234375,262.75,16936,0.0,0.0,0.0
2026-04-09 13:25:00-04:00,262.7300109863281,262.7950134277344,262.7200012207031,262.760009765625,7227,0.0,0.0,0.0
2026-04-09 13:26:00-04:00,262.760009765625,262.760009765625,262.6499938964844,262.6700134277344,19453,0.0,0.0,0.0
2026-04-09 13:27:00-04:00,262.70001220703125,262.70001220703125,262.625,262.6499938964844,16557,0.0,0.0,0.0
2026-04-09 13:28:00-04:00,262.6700134277344,262.760009765625,262.6499938964844,262.7099914550781,11690,0.0,0.0,0.0
2026-04-09 13:29:00-04:00,262.7099914550781,262.7099914550781,262.6300048828125,262.6400146484375,413686,0.0,0.0,0.0
2026-04-09 13:30:00-04:00,262.6400146484375,262.6400146484375,262.4200134277344,262.489990234375,55273,0.0,0.0,0.0
2026-04-09 13:31:00-04:00,262.4700012207031,262.4700012207031,262.3599853515625,262.4200134277344,26874,0.0,0.0,0.0
2026-04-09 13:32:00-04:00,262.4150085449219,262.6600036621094,262.4150085449219,262.57000732421875,26757,0.0,0.0,0.0
2026-04-09 13:33:00-04:00,262.54998779296875,262.57000732421875,262.4599914550781,262.489990234375,8176,0.0,0.0,0.0
2026-04-09 13:34:00-04:00,262.5,262.5,262.42999267578125,262.4700012207031,8543,0.0,0.0,0.0
2026-04-09 13:35:00-04:00,262.4779968261719,262.6000061035156,262.4549865722656,262.55999755859375,17068,0.0,0.0,0.0
2026-04-09 13:36:00-04:00,262.57000732421875,262.6199951171875,262.5199890136719,262.5270080566406,23194,0.0,0.0,0.0
2026-04-09 13:37:00-04:00,262.510009765625,262.61749267578125,262.4800109863281,262.5799865722656,11819,0.0,0.0,0.0
2026-04-09 13:38:00-04:00,262.5899963378906,262.80999755859375,262.5799865722656,262.7699890136719,53031,0.0,0.0,0.0
2026-04-09 13:39:00-04:00,262.7900085449219,262.8999938964844,262.7099914550781,262.8399963378906,325718,0.0,0.0,0.0
2026-04-09 13:40:00-04:00,262.8299865722656,262.8999938964844,262.80999755859375,262.8599853515625,15067,0.0,0.0,0.0
2026-04-09 13:41:00-04:00,262.8500061035156,262.8599853515625,262.7699890136719,262.7799987792969,15201,0.0,0.0,0.0
2026-04-09 13:42:00-04:00,262.7900085449219,262.7900085449219,262.6700134277344,262.7200012207031,32395,0.0,0.0,0.0
2026-04-09 13:43:00-04:00,262.7099914550781,262.7650146484375,262.69500732421875,262.7300109863281,7241,0.0,0.0,0.0
2026-04-09 13:44:00-04:00,262.7300109863281,262.7300109863281,262.6300048828125,262.7149963378906,87229,0.0,0.0,0.0
2026-04-09 13:45:00-04:00,262.7200012207031,262.80999755859375,262.7200012207031,262.80499267578125,18107,0.0,0.0,0.0
2026-04-09 13:46:00-04:00,262.82501220703125,262.8500061035156,262.7799987792969,262.80999755859375,10330,0.0,0.0,0.0
2026-04-09 13:47:00-04:00,262.8299865722656,262.8299865722656,262.7699890136719,262.7799072265625,84732,0.0,0.0,0.0
2026-04-09 13:48:00-04:00,262.7900085449219,262.8299865722656,262.70001220703125,262.82000732421875,33376,0.0,0.0,0.0
2026-04-09 13:49:00-04:00,262.82000732421875,262.8399963378906,262.7699890136719,262.7699890136719,8141,0.0,0.0,0.0
2026-04-09 13:50:00-04:00,262.7449951171875,262.7500915527344,262.639892578125,262.6400146484375,7737,0.0,0.0,0.0
2026-04-09 13:51:00-04:00,262.6400146484375,262.7200012207031,262.5899963378906,262.6000061035156,21294,0.0,0.0,0.0
2026-04-09 13:52:00-04:00,262.6400146484375,262.68499755859375,262.6099853515625,262.6300048828125,22565,0.0,0.0,0.0
2026-04-09 13:53:00-04:00,262.635009765625,262.7200012207031,262.635009765625,262.69000244140625,53164,0.0,0.0,0.0
2026-04-09 13:54:00-04:00,262.67999267578125,262.7200012207031,262.6499938964844,262.6700134277344,9200,0.0,0.0,0.0
2026-04-09 13:55:00-04:00,262.6730041503906,262.6730041503906,262.6099853515625,262.6499938964844,11237,0.0,0.0,0.0
2026-04-09 13:56:00-04:00,262.6300048828125,262.7349853515625,262.6300048828125,262.69000244140625,35300,0.0,0.0,0.0
2026-04-09 13:57:00-04:00,262.67498779296875,262.7300109863281,262.6499938964844,262.67999267578125,16865,0.0,0.0,0.0
2026-04-09 13:58:00-04:00,262.6700134277344,262.67999267578125,262.5769958496094,262.5799865722656,16226,0.0,0.0,0.0
2026-04-09 13:59:00-04:00,262.57501220703125,262.6600036621094,262.57000732421875,262.6200866699219,27220,0.0,0.0,0.0
2026-04-09 14:00:00-04:00,262.625,262.6600036621094,262.489990234375,262.5400085449219,45757,0.0,0.0,0.0
2026-04-09 14:01:00-04:00,262.5299987792969,262.54998779296875,262.3800048828125,262.3800048828125,44901,0.0,0.0,0.0
2026-04-09 14:02:00-04:00,262.3800048828125,262.4100036621094,262.0799865722656,262.0799865722656,81384,0.0,0.0,0.0
2026-04-09 14:03:00-04:00,262.1000061035156,262.2200012207031,261.80999755859375,261.8299865722656,117360,0.0,0.0,0.0
2026-04-09 14:04:00-04:00,261.8399963378906,261.8599853515625,261.4700012207031,261.7200012207031,99473,0.0,0.0,0.0
2026-04-09 14:05:00-04:00,261.75,262.0299987792969,261.64898681640625,262.0199890136719,55336,0.0,0.0,0.0
2026-04-09 14:06:00-04:00,262.0450134277344,262.1300048828125,261.9700012207031,262.0398864746094,71646,0.0,0.0,0.0
2026-04-09 14:07:00-04:00,262.0,262.0400085449219,261.8999938964844,261.90008544921875,19867,0.0,0.0,0.0
2026-04-09 14:08:00-04:00,261.9200134277344,261.9599914550781,261.739990234375,261.760009765625,38637,0.0,0.0,0.0
2026-04-09 14:09:00-04:00,261.760009765625,261.94500732421875,261.70001220703125,261.9200134277344,38163,0.0,0.0,0.0
2026-04-09 14:10:00-04:00,261.92999267578125,262.0,261.8500061035156,261.9100036621094,31142,0.0,0.0,0.0
2026-04-09 14:11:00-04:00,261.94000244140625,262.0,261.8399963378906,261.94000244140625,37803,0.0,0.0,0.0
2026-04-09 14:12:00-04:00,261.94000244140625,261.94000244140625,261.760009765625,261.8500061035156,37498,0.0,0.0,0.0
2026-04-09 14:13:00-04:00,261.8399963378906,261.8699951171875,261.7099914550781,261.71990966796875,8877,0.0,0.0,0.0
2026-04-09 14:14:00-04:00,261.7200012207031,261.79998779296875,261.6400146484375,261.7900085449219,40155,0.0,0.0,0.0
2026-04-09 14:15:00-04:00,261.79998779296875,261.8299865722656,261.70001220703125,261.70001220703125,23573,0.0,0.0,0.0
2026-04-09 14:16:00-04:00,261.739990234375,261.80999755859375,261.69000244140625,261.7900085449219,9435,0.0,0.0,0.0
2026-04-09 14:17:00-04:00,261.80999755859375,261.92999267578125,261.7699890136719,261.9100036621094,28959,0.0,0.0,0.0
2026-04-09 14:18:00-04:00,261.88751220703125,261.9700012207031,261.82000732421875,261.82000732421875,65858,0.0,0.0,0.0
2026-04-09 14:19:00-04:00,261.80999755859375,261.8900146484375,261.7799987792969,261.8800048828125,12273,0.0,0.0,0.0
2026-04-09 14:20:00-04:00,261.8900146484375,261.989990234375,261.8800048828125,261.8999938964844,35972,0.0,0.0,0.0
2026-04-09 14:21:00-04:00,261.8999938964844,261.9599914550781,261.80999755859375,261.8399963378906,27393,0.0,0.0,0.0
2026-04-09 14:22:00-04:00,261.79998779296875,261.8699951171875,261.7950134277344,261.8699951171875,8992,0.0,0.0,0.0
2026-04-09 14:23:00-04:00,261.8500061035156,261.8699951171875,261.6099853515625,261.6400146484375,71694,0.0,0.0,0.0
2026-04-09 14:24:00-04:00,261.6199951171875,261.7300109863281,261.5899963378906,261.70001220703125,32306,0.0,0.0,0.0
2026-04-09 14:25:00-04:00,261.7099914550781,261.80999755859375,261.5199890136719,261.6400146484375,108173,0.0,0.0,0.0
2026-04-09 14:26:00-04:00,261.6700134277344,261.7900085449219,261.6300048828125,261.69000244140625,24806,0.0,0.0,0.0
2026-04-09 14:27:00-04:00,261.69000244140625,261.7149963378906,261.5899963378906,261.6549987792969,51268,0.0,0.0,0.0
2026-04-09 14:28:00-04:00,261.6549987792969,261.7900085449219,261.6549987792969,261.7200012207031,45459,0.0,0.0,0.0
2026-04-09 14:29:00-04:00,261.70001220703125,261.7300109863281,261.6600036621094,261.70001220703125,32857,0.0,0.0,0.0
2026-04-09 14:30:00-04:00,261.67498779296875,261.7799987792969,261.55999755859375,261.6000061035156,43223,0.0,0.0,0.0
2026-04-09 14:31:00-04:00,261.5989990234375,261.6393127441406,261.55999755859375,261.5799865722656,28004,0.0,0.0,0.0
2026-04-09 14:32:00-04:00,261.57000732421875,261.6300048828125,261.489990234375,261.5262145996094,42093,0.0,0.0,0.0
2026-04-09 14:33:00-04:00,261.5299987792969,261.54998779296875,261.3999938964844,261.4599914550781,75201,0.0,0.0,0.0
2026-04-09 14:34:00-04:00,261.42999267578125,261.489990234375,261.3900146484375,261.4849853515625,43281,0.0,0.0,0.0
2026-04-09 14:35:00-04:00,261.4700012207031,261.69000244140625,261.45001220703125,261.6400146484375,45897,0.0,0.0,0.0
2026-04-09 14:36:00-04:00,261.6300048828125,261.69000244140625,261.5299987792969,261.54998779296875,66660,0.0,0.0,0.0
2026-04-09 14:37:00-04:00,261.5570068359375,261.5899963378906,261.5299987792969,261.5799865722656,45715,0.0,0.0,0.0
2026-04-09 14:38:00-04:00,261.5810852050781,261.67999267578125,261.5400085449219,261.5400085449219,57817,0.0,0.0,0.0
2026-04-09 14:39:00-04:00,261.5400085449219,261.7674865722656,261.5299987792969,261.7300109863281,111117,0.0,0.0,0.0
2026-04-09 14:40:00-04:00,261.7250061035156,261.739990234375,261.56500244140625,261.56500244140625,22720,0.0,0.0,0.0
2026-04-09 14:41:00-04:00,261.57000732421875,261.67999267578125,261.54998779296875,261.67498779296875,17101,0.0,0.0,0.0
2026-04-09 14:42:00-04:00,261.6600036621094,261.7200012207031,261.6300048828125,261.6300048828125,22195,0.0,0.0,0.0
2026-04-09 14:43:00-04:00,261.6199951171875,261.6400146484375,261.489990234375,261.5,50285,0.0,0.0,0.0
2026-04-09 14:44:00-04:00,261.5,261.5199890136719,261.4599914550781,261.510009765625,21295,0.0,0.0,0.0
2026-04-09 14:45:00-04:00,261.510009765625,261.5899963378906,261.4700012207031,261.56500244140625,47225,0.0,0.0,0.0
2026-04-09 14:46:00-04:00,261.57000732421875,261.6000061035156,261.5199890136719,261.55999755859375,42415,0.0,0.0,0.0
2026-04-09 14:47:00-04:00,261.5799865722656,261.6000061035156,261.5,261.5899963378906,148323,0.0,0.0,0.0
2026-04-09 14:48:00-04:00,261.5899963378906,261.6000061035156,261.5,261.5,18439,0.0,0.0,0.0
2026-04-09 14:49:00-04:00,261.489990234375,261.5400085449219,261.45001220703125,261.5400085449219,78861,0.0,0.0,0.0
2026-04-09 14:50:00-04:00,261.5350036621094,261.5899963378906,261.4700012207031,261.4700012207031,17097,0.0,0.0,0.0
2026-04-09 14:51:00-04:00,261.4800109863281,261.5199890136719,261.42999267578125,261.489990234375,36831,0.0,0.0,0.0
2026-04-09 14:52:00-04:00,261.4800109863281,261.5198974609375,261.42999267578125,261.4570007324219,16963,0.0,0.0,0.0
2026-04-09 14:53:00-04:00,261.44000244140625,261.5400085449219,261.42999267578125,261.5,29586,0.0,0.0,0.0
2026-04-09 14:54:00-04:00,261.4700012207031,261.54998779296875,261.42999267578125,261.54998779296875,18136,0.0,0.0,0.0
2026-04-09 14:55:00-04:00,261.5498962402344,261.6199951171875,261.53009033203125,261.57000732421875,27482,0.0,0.0,0.0
2026-04-09 14:56:00-04:00,261.5199890136719,261.5799865722656,261.5050048828125,261.55999755859375,16516,0.0,0.0,0.0
2026-04-09 14:57:00-04:00,261.55999755859375,261.5799865722656,261.510009765625,261.510009765625,23420,0.0,0.0,0.0
2026-04-09 14:58:00-04:00,261.510009765625,261.6400146484375,261.510009765625,261.6199951171875,22291,0.0,0.0,0.0
2026-04-09 14:59:00-04:00,261.6199951171875,261.6513977050781,261.57000732421875,261.5799865722656,16792,0.0,0.0,0.0
2026-04-09 15:00:00-04:00,261.5799865722656,261.6300048828125,261.5299987792969,261.5799865722656,21702,0.0,0.0,0.0
2026-04-09 15:01:00-04:00,261.5799865722656,261.7149963378906,261.5799865722656,261.67999267578125,26875,0.0,0.0,0.0
2026-04-09 15:02:00-04:00,261.69000244140625,261.8299865722656,261.67999267578125,261.7799987792969,61145,0.0,0.0,0.0
2026-04-09 15:03:00-04:00,261.760009765625,261.760009765625,261.70001220703125,261.75,61841,0.0,0.0,0.0
2026-04-09 15:04:00-04:00,261.760009765625,261.7799987792969,261.68499755859375,261.69500732421875,74528,0.0,0.0,0.0
2026-04-09 15:05:00-04:00,261.69000244140625,261.7200012207031,261.6000061035156,261.7200012207031,51960,0.0,0.0,0.0
2026-04-09 15:06:00-04:00,261.7200012207031,261.8399963378906,261.7099914550781,261.7799987792969,45198,0.0,0.0,0.0
2026-04-09 15:07:00-04:00,261.7699890136719,261.8399963378906,261.7499084472656,261.80999755859375,76251,0.0,0.0,0.0
2026-04-09 15:08:00-04:00,261.82000732421875,261.8800048828125,261.80999755859375,261.8399963378906,17256,0.0,0.0,0.0
2026-04-09 15:09:00-04:00,261.864990234375,261.9898986816406,261.8500061035156,261.9849853515625,71866,0.0,0.0,0.0
2026-04-09 15:10:00-04:00,261.9849853515625,262.0799865722656,261.9700012207031,262.0799865722656,68673,0.0,0.0,0.0
2026-04-09 15:11:00-04:00,262.07000732421875,262.1199951171875,262.05999755859375,262.0799865722656,69230,0.0,0.0,0.0
2026-04-09 15:12:00-04:00,262.0799865722656,262.1300048828125,262.04998779296875,262.05999755859375,26242,0.0,0.0,0.0
2026-04-09 15:13:00-04:00,262.04998779296875,262.1000061035156,262.0400085449219,262.0400085449219,28731,0.0,0.0,0.0
2026-04-09 15:14:00-04:00,262.0299987792969,262.0299987792969,261.95001220703125,261.96990966796875,16512,0.0,0.0,0.0
2026-04-09 15:15:00-04:00,261.9800109863281,262.05999755859375,261.9599914550781,261.9599914550781,58898,0.0,0.0,0.0
2026-04-09 15:16:00-04:00,262.0,262.0199890136719,261.8999938964844,261.94000244140625,36161,0.0,0.0,0.0
2026-04-09 15:17:00-04:00,261.94500732421875,261.94500732421875,261.8399963378906,261.8999938964844,39053,0.0,0.0,0.0
2026-04-09 15:18:00-04:00,261.8900146484375,261.9100036621094,261.79998779296875,261.8999938964844,28891,0.0,0.0,0.0
2026-04-09 15:19:00-04:00,261.9049987792969,261.9100036621094,261.8399963378906,261.8699951171875,25275,0.0,0.0,0.0
2026-04-09 15:20:00-04:00,261.8800048828125,261.885009765625,261.8299865722656,261.8699951171875,123283,0.0,0.0,0.0
2026-04-09 15:21:00-04:00,261.864990234375,261.92999267578125,261.82501220703125,261.91900634765625,44265,0.0,0.0,0.0
2026-04-09 15:22:00-04:00,261.9100036621094,261.9599914550781,261.8699951171875,261.9200134277344,27586,0.0,0.0,0.0
2026-04-09 15:23:00-04:00,261.9010009765625,261.9200134277344,261.85009765625,261.8900146484375,27679,0.0,0.0,0.0
2026-04-09 15:24:00-04:00,261.8900146484375,262.0299987792969,261.8900146484375,262.0299987792969,29938,0.0,0.0,0.0
2026-04-09 15:25:00-04:00,262.0299987792969,262.07000732421875,261.9599914550781,261.989990234375,38876,0.0,0.0,0.0
2026-04-09 15:26:00-04:00,261.9849853515625,262.010009765625,261.94000244140625,262.010009765625,35137,0.0,0.0,0.0
2026-04-09 15:27:00-04:00,262.0,262.0450134277344,261.94000244140625,262.0400085449219,25934,0.0,0.0,0.0
2026-04-09 15:28:00-04:00,262.04998779296875,262.1099853515625,262.0299987792969,262.09698486328125,52488,0.0,0.0,0.0
2026-04-09 15:29:00-04:00,262.1000061035156,262.1000061035156,261.93011474609375,261.9700012207031,25802,0.0,0.0,0.0
2026-04-09 15:30:00-04:00,261.9599914550781,262.1700134277344,261.92999267578125,262.1600036621094,55040,0.0,0.0,0.0
2026-04-09 15:31:00-04:00,262.1499938964844,262.2300109863281,262.1000061035156,262.19000244140625,57341,0.0,0.0,0.0
2026-04-09 15:32:00-04:00,262.1969909667969,262.32501220703125,262.19500732421875,262.28369140625,70085,0.0,0.0,0.0
2026-04-09 15:33:00-04:00,262.2799987792969,262.3999938964844,262.2099914550781,262.2099914550781,46273,0.0,0.0,0.0
2026-04-09 15:34:00-04:00,262.2099914550781,262.2099914550781,262.1199951171875,262.1600036621094,70779,0.0,0.0,0.0
2026-04-09 15:35:00-04:00,262.1600036621094,262.2099914550781,262.0899963378906,262.14990234375,46697,0.0,0.0,0.0
2026-04-09 15:36:00-04:00,262.1499938964844,262.1700134277344,262.05999755859375,262.1499938964844,100141,0.0,0.0,0.0
2026-04-09 15:37:00-04:00,262.1499938964844,262.2099914550781,262.1400146484375,262.1899108886719,43286,0.0,0.0,0.0
2026-04-09 15:38:00-04:00,262.18499755859375,262.2049865722656,262.1300048828125,262.1300048828125,46401,0.0,0.0,0.0
2026-04-09 15:39:00-04:00,262.1300048828125,262.139892578125,262.010009765625,262.0299987792969,26415,0.0,0.0,0.0
2026-04-09 15:40:00-04:00,262.010009765625,262.07000732421875,261.9100036621094,262.05999755859375,47567,0.0,0.0,0.0
2026-04-09 15:41:00-04:00,262.05999755859375,262.1199951171875,261.92999267578125,261.9849853515625,51812,0.0,0.0,0.0
2026-04-09 15:42:00-04:00,262.010009765625,262.0899963378906,261.9800109863281,262.0899963378906,53299,0.0,0.0,0.0
2026-04-09 15:43:00-04:00,262.0899963378906,262.1400146484375,262.0199890136719,262.05999755859375,41348,0.0,0.0,0.0
2026-04-09 15:44:00-04:00,262.05999755859375,262.1300048828125,262.0450134277344,262.04998779296875,67655,0.0,0.0,0.0
2026-04-09 15:45:00-04:00,262.0299987792969,262.1199951171875,261.989990234375,262.0150146484375,45186,0.0,0.0,0.0
2026-04-09 15:46:00-04:00,262.0299987792969,262.1000061035156,262.0150146484375,262.0899963378906,46281,0.0,0.0,0.0
2026-04-09 15:47:00-04:00,262.0899963378906,262.1199951171875,262.04998779296875,262.05999755859375,64227,0.0,0.0,0.0
2026-04-09 15:48:00-04:00,262.04998779296875,262.0799865722656,261.9800109863281,262.04998779296875,38065,0.0,0.0,0.0
2026-04-09 15:49:00-04:00,262.04998779296875,262.04998779296875,261.9800109863281,262.0,105680,0.0,0.0,0.0
2026-04-09 15:50:00-04:00,262.0,262.0299987792969,261.8699951171875,261.9599914550781,123541,0.0,0.0,0.0
2026-04-09 15:51:00-04:00,261.95001220703125,262.0199890136719,261.8800048828125,261.989990234375,179502,0.0,0.0,0.0
2026-04-09 15:52:00-04:00,261.9949951171875,262.1300048828125,261.9949951171875,262.1099853515625,99319,0.0,0.0,0.0
2026-04-09 15:53:00-04:00,262.1000061035156,262.1549987792969,262.0199890136719,262.0849914550781,87938,0.0,0.0,0.0
2026-04-09 15:54:00-04:00,262.0849914550781,262.1400146484375,262.0400085449219,262.04998779296875,103481,0.0,0.0,0.0
2026-04-09 15:55:00-04:00,262.0799865722656,262.0799865722656,261.8599853515625,261.8949890136719,129304,0.0,0.0,0.0
2026-04-09 15:56:00-04:00,261.8999938964844,261.9200134277344,261.7950134277344,261.9200134277344,260572,0.0,0.0,0.0
2026-04-09 15:57:00-04:00,261.9100036621094,262.0,261.8900146484375,261.93499755859375,187034,0.0,0.0,0.0
2026-04-09 15:58:00-04:00,261.92999267578125,262.04998779296875,261.92498779296875,261.94000244140625,320596,0.0,0.0,0.0
2026-04-09 15:59:00-04:00,261.94500732421875,261.989990234375,261.8699951171875,261.94000244140625,484197,0.0,0.0,0.0
2026-04-10 09:30:00-04:00,262.3999938964844,262.69000244140625,262.3599853515625,262.6700134277344,1174103,0.0,0.0,0.0
2026-04-10 09:31:00-04:00,262.67999267578125,262.75,262.29998779296875,262.3500061035156,183704,0.0,0.0,0.0
2026-04-10 09:32:00-04:00,262.3900146484375,262.5899963378906,262.260009765625,262.2799987792969,75619,0.0,0.0,0.0
2026-04-10 09:33:00-04:00,262.2699890136719,262.4200134277344,262.05999755859375,262.1400146484375,124117,0.0,0.0,0.0
2026-04-10 09:34:00-04:00,262.1300048828125,262.1300048828125,261.8299865722656,261.8500061035156,49342,0.0,0.0,0.0
2026-04-10 09:35:00-04:00,261.8500061035156,261.8500061035156,261.6499938964844,261.67999267578125,124104,0.0,0.0,0.0
2026-04-10 09:36:00-04:00,261.69000244140625,261.7879943847656,261.6600036621094,261.75,64124,0.0,0.0,0.0
2026-04-10 09:37:00-04:00,261.7799987792969,261.8299865722656,261.7200012207031,261.7886962890625,35984,0.0,0.0,0.0
2026-04-10 09:38:00-04:00,261.760009765625,261.94000244140625,261.739990234375,261.7699890136719,140350,0.0,0.0,0.0
2026-04-10 09:39:00-04:00,261.75,261.7799987792969,261.6300048828125,261.7001037597656,58054,0.0,0.0,0.0
2026-04-10 09:40:00-04:00,261.69000244140625,261.7550048828125,261.5799865722656,261.7149963378906,62452,0.0,0.0,0.0
2026-04-10 09:41:00-04:00,261.69000244140625,261.7699890136719,261.6499938964844,261.75,84068,0.0,0.0,0.0
2026-04-10 09:42:00-04:00,261.760009765625,261.9800109863281,261.739990234375,261.9389953613281,83841,0.0,0.0,0.0
2026-04-10 09:43:00-04:00,261.94000244140625,262.0199890136719,261.8500061035156,262.0,41718,0.0,0.0,0.0
2026-04-10 09:44:00-04:00,261.989990234375,262.0849914550781,261.989990234375,262.07000732421875,23783,0.0,0.0,0.0
2026-04-10 09:45:00-04:00,262.06500244140625,262.1400146484375,261.8800048828125,261.94000244140625,66374,0.0,0.0,0.0
2026-04-10 09:46:00-04:00,261.94000244140625,262.05999755859375,261.92999267578125,261.9599914550781,42372,0.0,0.0,0.0
2026-04-10 09:47:00-04:00,261.9700012207031,262.0199890136719,261.739990234375,261.7799987792969,53725,0.0,0.0,0.0
2026-04-10 09:48:00-04:00,261.7799987792969,261.87701416015625,261.6400146484375,261.82000732421875,96807,0.0,0.0,0.0
2026-04-10 09:49:00-04:00,261.82000732421875,262.0050048828125,261.79998779296875,261.92999267578125,40238,0.0,0.0,0.0
2026-04-10 09:50:00-04:00,261.8999938964844,261.95001220703125,261.79998779296875,261.8399963378906,57375,0.0,0.0,0.0
2026-04-10 09:51:00-04:00,261.8399963378906,261.9200134277344,261.7950134277344,261.8599853515625,42110,0.0,0.0,0.0
2026-04-10 09:52:00-04:00,261.8699951171875,261.885009765625,261.7349853515625,261.7550048828125,34779,0.0,0.0,0.0
2026-04-10 09:53:00-04:00,261.7300109863281,261.8500061035156,261.7049865722656,261.80999755859375,67381,0.0,0.0,0.0
2026-04-10 09:54:00-04:00,261.82000732421875,261.989990234375,261.82000732421875,261.9800109863281,20228,0.0,0.0,0.0
2026-04-10 09:55:00-04:00,261.9599914550781,262.05999755859375,261.760009765625,261.989990234375,33786,0.0,0.0,0.0
2026-04-10 09:56:00-04:00,262.010009765625,262.0400085449219,261.9552001953125,261.9800109863281,20385,0.0,0.0,0.0
2026-04-10 09:57:00-04:00,261.989990234375,262.1300964355469,261.95001220703125,262.1164855957031,22376,0.0,0.0,0.0
2026-04-10 09:58:00-04:00,262.1199951171875,262.1600036621094,262.0899963378906,262.1549987792969,15805,0.0,0.0,0.0
2026-04-10 09:59:00-04:00,262.1499938964844,262.2799987792969,262.1499938964844,262.2699890136719,34494,0.0,0.0,0.0
2026-04-10 10:00:00-04:00,262.25,262.25,261.8599853515625,261.8599853515625,81387,0.0,0.0,0.0
2026-04-10 10:01:00-04:00,261.8800048828125,261.9100036621094,261.6099853515625,261.6300048828125,39205,0.0,0.0,0.0
2026-04-10 10:02:00-04:00,261.6400146484375,261.8900146484375,261.6400146484375,261.75,36871,0.0,0.0,0.0
2026-04-10 10:03:00-04:00,261.739990234375,261.8599853515625,261.6099853515625,261.7799987792969,43900,0.0,0.0,0.0
2026-04-10 10:04:00-04:00,261.79998779296875,261.92999267578125,261.760009765625,261.8399963378906,56644,0.0,0.0,0.0
2026-04-10 10:05:00-04:00,261.8500061035156,261.9700012207031,261.760009765625,261.8399963378906,66958,0.0,0.0,0.0
2026-04-10 10:06:00-04:00,261.8699951171875,261.9599914550781,261.8500061035156,261.94500732421875,13399,0.0,0.0,0.0
2026-04-10 10:07:00-04:00,261.95001220703125,261.95001220703125,261.7699890136719,261.7900085449219,69514,0.0,0.0,0.0
2026-04-10 10:08:00-04:00,261.80999755859375,261.9200134277344,261.7799987792969,261.8800048828125,31640,0.0,0.0,0.0
2026-04-10 10:09:00-04:00,261.8800048828125,261.8999938964844,261.7300109863281,261.7398986816406,38388,0.0,0.0,0.0
2026-04-10 10:10:00-04:00,261.7349853515625,261.75,261.4750061035156,261.4800109863281,80069,0.0,0.0,0.0
2026-04-10 10:11:00-04:00,261.4599914550781,261.4800109863281,261.3800048828125,261.44500732421875,27288,0.0,0.0,0.0
2026-04-10 10:12:00-04:00,261.44000244140625,261.75,261.44000244140625,261.7099914550781,46089,0.0,0.0,0.0
2026-04-10 10:13:00-04:00,261.70001220703125,261.8599853515625,261.69000244140625,261.79998779296875,59533,0.0,0.0,0.0
2026-04-10 10:14:00-04:00,261.80999755859375,261.82000732421875,261.7214050292969,261.79998779296875,91396,0.0,0.0,0.0
2026-04-10 10:15:00-04:00,261.79998779296875,261.8900146484375,261.69000244140625,261.80999755859375,122641,0.0,0.0,0.0
2026-04-10 10:16:00-04:00,261.7699890136719,261.7950134277344,261.6658935546875,261.70001220703125,21043,0.0,0.0,0.0
2026-04-10 10:17:00-04:00,261.69000244140625,261.8550109863281,261.5849914550781,261.80999755859375,37452,0.0,0.0,0.0
2026-04-10 10:18:00-04:00,261.80999755859375,261.8699951171875,261.75,261.82000732421875,22356,0.0,0.0,0.0
2026-04-10 10:19:00-04:00,261.8399963378906,261.9200134277344,261.7749938964844,261.9198913574219,22723,0.0,0.0,0.0
2026-04-10 10:20:00-04:00,261.9200134277344,261.989990234375,261.8900146484375,261.9599914550781,23505,0.0,0.0,0.0
2026-04-10 10:21:00-04:00,261.9599914550781,261.989990234375,261.8999938964844,261.9549865722656,47685,0.0,0.0,0.0
2026-04-10 10:22:00-04:00,261.9549865722656,261.9949951171875,261.885009765625,261.94500732421875,22913,0.0,0.0,0.0
2026-04-10 10:23:00-04:00,261.94500732421875,262.0299987792969,261.9100036621094,262.0199890136719,19717,0.0,0.0,0.0
2026-04-10 10:24:00-04:00,262.0199890136719,262.1549987792969,262.0199890136719,262.1549987792969,20484,0.0,0.0,0.0
2026-04-10 10:25:00-04:00,262.1549987792969,262.20001220703125,262.1000061035156,262.1499938964844,81839,0.0,0.0,0.0
2026-04-10 10:26:00-04:00,262.1499938964844,262.18499755859375,261.9549865722656,262.0199890136719,17870,0.0,0.0,0.0
2026-04-10 10:27:00-04:00,262.0199890136719,262.05999755859375,261.8500061035156,262.04998779296875,26874,0.0,0.0,0.0
2026-04-10 10:28:00-04:00,262.05499267578125,262.1499938964844,262.0199890136719,262.1199951171875,30211,0.0,0.0,0.0
2026-04-10 10:29:00-04:00,262.1300048828125,262.19000244140625,262.1000061035156,262.1400146484375,22139,0.0,0.0,0.0
2026-04-10 10:30:00-04:00,262.1499938964844,262.2850036621094,262.1400146484375,262.2850036621094,142432,0.0,0.0,0.0
2026-04-10 10:31:00-04:00,262.2850036621094,262.2900085449219,262.2099914550781,262.2099914550781,143570,0.0,0.0,0.0
2026-04-10 10:32:00-04:00,262.2099914550781,262.3399963378906,262.19500732421875,262.29998779296875,33897,0.0,0.0,0.0
2026-04-10 10:33:00-04:00,262.29998779296875,262.3299865722656,262.2200012207031,262.2799987792969,32153,0.0,0.0,0.0
2026-04-10 10:34:00-04:00,262.29998779296875,262.29998779296875,262.1000061035156,262.125,47049,0.0,0.0,0.0
2026-04-10 10:35:00-04:00,262.125,262.2149963378906,262.010009765625,262.18499755859375,90235,0.0,0.0,0.0
2026-04-10 10:36:00-04:00,262.18499755859375,262.2799987792969,262.1549987792969,262.2699890136719,51081,0.0,0.0,0.0
2026-04-10 10:37:00-04:00,262.2799987792969,262.29998779296875,262.0899963378906,262.0928039550781,44738,0.0,0.0,0.0
2026-04-10 10:38:00-04:00,262.0899963378906,262.2099914550781,262.0899963378906,262.1700134277344,86495,0.0,0.0,0.0
2026-04-10 10:39:00-04:00,262.1700134277344,262.1700134277344,262.0299987792969,262.0899963378906,44763,0.0,0.0,0.0
2026-04-10 10:40:00-04:00,262.1000061035156,262.1499938964844,262.0450134277344,262.1199951171875,43688,0.0,0.0,0.0
2026-04-10 10:41:00-04:00,262.125,262.2099914550781,262.04998779296875,262.04998779296875,41199,0.0,0.0,0.0
2026-04-10 10:42:00-04:00,262.04998779296875,262.1000061035156,261.44000244140625,261.489990234375,223309,0.0,0.0,0.0
2026-04-10 10:43:00-04:00,261.5799865722656,261.94000244140625,261.5799865722656,261.8900146484375,132128,0.0,0.0,0.0
2026-04-10 10:44:00-04:00,261.8399963378906,262.0299987792969,261.69000244140625,261.7200012207031,47734,0.0,0.0,0.0
2026-04-10 10:45:00-04:00,261.760009765625,261.7699890136719,261.55999755859375,261.7699890136719,34552,0.0,0.0,0.0
2026-04-10 10:46:00-04:00,261.75,261.8699951171875,261.75,261.82000732421875,74475,0.0,0.0,0.0
2026-04-10 10:47:00-04:00,261.80999755859375,261.92999267578125,261.760009765625,261.9200134277344,46284,0.0,0.0,0.0
2026-04-10 10:48:00-04:00,261.9200134277344,261.9200134277344,261.7099914550781,261.8299865722656,28896,0.0,0.0,0.0
2026-04-10 10:49:00-04:00,261.8299865722656,261.8299865722656,261.4849853515625,261.5199890136719,36471,0.0,0.0,0.0
2026-04-10 10:50:00-04:00,261.55499267578125,261.6700134277344,261.4649963378906,261.6499938964844,24043,0.0,0.0,0.0
2026-04-10 10:51:00-04:00,261.6499938964844,261.8500061035156,261.6199951171875,261.8349914550781,27675,0.0,0.0,0.0
2026-04-10 10:52:00-04:00,261.80999755859375,261.9100036621094,261.7699890136719,261.8399963378906,25498,0.0,0.0,0.0
2026-04-10 10:53:00-04:00,261.8299865722656,261.8699951171875,261.75,261.760009765625,19478,0.0,0.0,0.0
2026-04-10 10:54:00-04:00,261.7900085449219,261.7900085449219,261.6199951171875,261.6700134277344,17599,0.0,0.0,0.0
2026-04-10 10:55:00-04:00,261.67498779296875,261.82000732421875,261.56500244140625,261.7950134277344,66507,0.0,0.0,0.0
2026-04-10 10:56:00-04:00,261.79998779296875,261.9020080566406,261.79998779296875,261.8999938964844,54304,0.0,0.0,0.0
2026-04-10 10:57:00-04:00,261.885009765625,261.9800109863281,261.8500061035156,261.95001220703125,87104,0.0,0.0,0.0
2026-04-10 10:58:00-04:00,261.95001220703125,262.0,261.9200134277344,261.989990234375,42317,0.0,0.0,0.0
2026-04-10 10:59:00-04:00,261.989990234375,262.010009765625,261.93499755859375,262.0,12704,0.0,0.0,0.0
2026-04-10 11:00:00-04:00,262.0,262.0199890136719,261.8800048828125,261.885009765625,15948,0.0,0.0,0.0
2026-04-10 11:01:00-04:00,261.8699951171875,261.9200134277344,261.82000732421875,261.9200134277344,23331,0.0,0.0,0.0
2026-04-10 11:02:00-04:00,261.94000244140625,262.0,261.9129943847656,261.989990234375,72648,0.0,0.0,0.0
2026-04-10 11:03:00-04:00,261.9800109863281,262.0299987792969,261.94000244140625,261.9700012207031,30494,0.0,0.0,0.0
2026-04-10 11:04:00-04:00,261.9599914550781,261.9700012207031,261.82000732421875,261.8299865722656,20554,0.0,0.0,0.0
2026-04-10 11:05:00-04:00,261.8500061035156,261.8900146484375,261.760009765625,261.79998779296875,79537,0.0,0.0,0.0
2026-04-10 11:06:00-04:00,261.8299865722656,261.8999938964844,261.7699890136719,261.8900146484375,39055,0.0,0.0,0.0
2026-04-10 11:07:00-04:00,261.8949890136719,262.0,261.875,261.8999938964844,309660,0.0,0.0,0.0
2026-04-10 11:08:00-04:00,261.9150085449219,262.0299987792969,261.8949890136719,262.0050048828125,81620,0.0,0.0,0.0
2026-04-10 11:09:00-04:00,262.0150146484375,262.1099853515625,262.0,262.0799865722656,48990,0.0,0.0,0.0
2026-04-10 11:10:00-04:00,262.07501220703125,262.1499938964844,262.05499267578125,262.05499267578125,19842,0.0,0.0,0.0
2026-04-10 11:11:00-04:00,262.07000732421875,262.1700134277344,262.05999755859375,262.1494140625,32232,0.0,0.0,0.0
2026-04-10 11:12:00-04:00,262.1449890136719,262.17498779296875,262.0899963378906,262.0899963378906,24656,0.0,0.0,0.0
2026-04-10 11:13:00-04:00,262.0849914550781,262.0899963378906,262.010009765625,262.07000732421875,33202,0.0,0.0,0.0
2026-04-10 11:14:00-04:00,262.05999755859375,262.0899963378906,261.9549865722656,261.9599914550781,20915,0.0,0.0,0.0
2026-04-10 11:15:00-04:00,261.9800109863281,262.1000061035156,261.9750061035156,262.0899963378906,18541,0.0,0.0,0.0
2026-04-10 11:16:00-04:00,262.0799865722656,262.0799865722656,261.9700012207031,261.9700012207031,27528,0.0,0.0,0.0
2026-04-10 11:17:00-04:00,261.9849853515625,261.9849853515625,261.8800048828125,261.9599914550781,30947,0.0,0.0,0.0
2026-04-10 11:18:00-04:00,261.989990234375,262.04998779296875,261.92999267578125,262.04998779296875,15810,0.0,0.0,0.0
2026-04-10 11:19:00-04:00,262.0400085449219,262.06500244140625,261.9700012207031,262.0249938964844,7800,0.0,0.0,0.0
2026-04-10 11:20:00-04:00,262.0249938964844,262.07000732421875,262.0050048828125,262.0249938964844,44211,0.0,0.0,0.0
2026-04-10 11:21:00-04:00,262.0150146484375,262.0350036621094,261.9549865722656,262.0199890136719,18124,0.0,0.0,0.0
2026-04-10 11:22:00-04:00,262.02899169921875,262.1199951171875,262.02899169921875,262.1199951171875,18468,0.0,0.0,0.0
2026-04-10 11:23:00-04:00,262.1300048828125,262.2300109863281,262.125,262.2250061035156,21445,0.0,0.0,0.0
2026-04-10 11:24:00-04:00,262.2200012207031,262.32000732421875,262.17999267578125,262.29998779296875,33349,0.0,0.0,0.0
2026-04-10 11:25:00-04:00,262.2650146484375,262.2650146484375,262.0799865722656,262.0899963378906,25048,0.0,0.0,0.0
2026-04-10 11:26:00-04:00,262.0899963378906,262.0899963378906,261.95001220703125,262.05499267578125,33572,0.0,0.0,0.0
2026-04-10 11:27:00-04:00,262.05499267578125,262.07000732421875,262.010009765625,262.07000732421875,9722,0.0,0.0,0.0
2026-04-10 11:28:00-04:00,262.07000732421875,262.1000061035156,262.0249938964844,262.1000061035156,16884,0.0,0.0,0.0
2026-04-10 11:29:00-04:00,262.0849914550781,262.0899963378906,261.8699951171875,261.94500732421875,55897,0.0,0.0,0.0
2026-04-10 11:30:00-04:00,261.95001220703125,262.0799865722656,261.92999267578125,261.9599914550781,28675,0.0,0.0,0.0
2026-04-10 11:31:00-04:00,261.9549865722656,261.989990234375,261.75,261.8399963378906,81187,0.0,0.0,0.0
2026-04-10 11:32:00-04:00,261.8699951171875,261.8800048828125,261.7200012207031,261.7200012207031,16608,0.0,0.0,0.0
2026-04-10 11:33:00-04:00,261.7799987792969,261.82000732421875,261.760009765625,261.7699890136719,9782,0.0,0.0,0.0
2026-04-10 11:34:00-04:00,261.760009765625,261.7799987792969,261.6499938964844,261.7799987792969,23037,0.0,0.0,0.0
2026-04-10 11:35:00-04:00,261.7900085449219,261.80999755859375,261.68499755859375,261.68499755859375,10848,0.0,0.0,0.0
2026-04-10 11:36:00-04:00,261.70001220703125,261.80999755859375,261.67999267578125,261.7051086425781,30467,0.0,0.0,0.0
2026-04-10 11:37:00-04:00,261.7250061035156,261.7900085449219,261.6650085449219,261.67999267578125,7154,0.0,0.0,0.0
2026-04-10 11:38:00-04:00,261.67999267578125,261.67999267578125,261.5899963378906,261.6400146484375,38880,0.0,0.0,0.0
2026-04-10 11:39:00-04:00,261.635009765625,261.6600036621094,261.4800109863281,261.5299987792969,46248,0.0,0.0,0.0
2026-04-10 11:40:00-04:00,261.5249938964844,261.5400085449219,261.2900085449219,261.3299865722656,65133,0.0,0.0,0.0
2026-04-10 11:41:00-04:00,261.3699951171875,261.4100036621094,261.2799987792969,261.3299865722656,193745,0.0,0.0,0.0
2026-04-10 11:42:00-04:00,261.3399963378906,261.4049987792969,261.239990234375,261.260009765625,53196,0.0,0.0,0.0
2026-04-10 11:43:00-04:00,261.25,261.3399963378906,261.25,261.3399963378906,9244,0.0,0.0,0.0
2026-04-10 11:44:00-04:00,261.32000732421875,261.4599914550781,261.30999755859375,261.44000244140625,109082,0.0,0.0,0.0
2026-04-10 11:45:00-04:00,261.42999267578125,261.510009765625,261.3500061035156,261.45001220703125,42630,0.0,0.0,0.0
2026-04-10 11:46:00-04:00,261.4200134277344,261.42999267578125,261.343994140625,261.3901062011719,15259,0.0,0.0,0.0
2026-04-10 11:47:00-04:00,261.3800048828125,261.510009765625,261.3599853515625,261.489990234375,27328,0.0,0.0,0.0
2026-04-10 11:48:00-04:00,261.5199890136719,261.5299987792969,261.2799987792969,261.32000732421875,17743,0.0,0.0,0.0
2026-04-10 11:49:00-04:00,261.31500244140625,261.31500244140625,261.17999267578125,261.239990234375,29491,0.0,0.0,0.0
2026-04-10 11:50:00-04:00,261.239990234375,261.32000732421875,261.1499938964844,261.1700134277344,34226,0.0,0.0,0.0
2026-04-10 11:51:00-04:00,261.17999267578125,261.25,261.1499938964844,261.17999267578125,16216,0.0,0.0,0.0
2026-04-10 11:52:00-04:00,261.2099914550781,261.25,261.1600036621094,261.2099914550781,10924,0.0,0.0,0.0
2026-04-10 11:53:00-04:00,261.2149963378906,261.239990234375,261.1099853515625,261.1099853515625,18858,0.0,0.0,0.0
2026-04-10 11:54:00-04:00,261.1199951171875,261.239990234375,261.0899963378906,261.1000061035156,41533,0.0,0.0,0.0
2026-04-10 11:55:00-04:00,261.1099853515625,261.1199951171875,260.930908203125,261.0299987792969,60596,0.0,0.0,0.0
2026-04-10 11:56:00-04:00,261.05499267578125,261.07000732421875,260.9750061035156,261.0050048828125,60479,0.0,0.0,0.0
2026-04-10 11:57:00-04:00,261.010009765625,261.0299987792969,260.8399963378906,260.92999267578125,42077,0.0,0.0,0.0
2026-04-10 11:58:00-04:00,260.9599914550781,261.04998779296875,260.8699951171875,260.8999938964844,102829,0.0,0.0,0.0
2026-04-10 11:59:00-04:00,260.8999938964844,260.9100036621094,260.7900085449219,260.9100036621094,42107,0.0,0.0,0.0
2026-04-10 12:00:00-04:00,260.9100036621094,260.94000244140625,260.7699890136719,260.7699890136719,97713,0.0,0.0,0.0
2026-04-10 12:01:00-04:00,260.7699890136719,260.7900085449219,260.7099914550781,260.7099914550781,61698,0.0,0.0,0.0
2026-04-10 12:02:00-04:00,260.7099914550781,260.8900146484375,260.70001220703125,260.8699951171875,66698,0.0,0.0,0.0
2026-04-10 12:03:00-04:00,260.8599853515625,260.9200134277344,260.7900085449219,260.8599853515625,121600,0.0,0.0,0.0
2026-04-10 12:04:00-04:00,260.8699951171875,260.8900146484375,260.7799987792969,260.80999755859375,65567,0.0,0.0,0.0
2026-04-10 12:05:00-04:00,260.8500061035156,260.989990234375,260.8399963378906,260.8999938964844,53250,0.0,0.0,0.0
2026-04-10 12:06:00-04:00,260.885009765625,260.8900146484375,260.6650085449219,260.6650085449219,58876,0.0,0.0,0.0
2026-04-10 12:07:00-04:00,260.68499755859375,260.7449951171875,260.6199951171875,260.739990234375,69534,0.0,0.0,0.0
2026-04-10 12:08:00-04:00,260.7250061035156,260.8500061035156,260.7099914550781,260.7900085449219,54312,0.0,0.0,0.0
2026-04-10 12:09:00-04:00,260.7900085449219,260.80999755859375,260.57000732421875,260.5899963378906,60835,0.0,0.0,0.0
2026-04-10 12:10:00-04:00,260.6000061035156,260.7099914550781,260.5899963378906,260.70001220703125,69889,0.0,0.0,0.0
2026-04-10 12:11:00-04:00,260.69000244140625,260.79998779296875,260.5899963378906,260.7799987792969,76152,0.0,0.0,0.0
2026-04-10 12:12:00-04:00,260.7799987792969,260.8800048828125,260.7749938964844,260.80999755859375,41958,0.0,0.0,0.0
2026-04-10 12:13:00-04:00,260.81500244140625,260.9800109863281,260.81500244140625,260.9700012207031,97765,0.0,0.0,0.0
2026-04-10 12:14:00-04:00,260.9800109863281,261.0050048828125,260.92498779296875,260.95001220703125,31555,0.0,0.0,0.0
2026-04-10 12:15:00-04:00,260.94500732421875,261.0199890136719,260.92999267578125,260.989990234375,76581,0.0,0.0,0.0
2026-04-10 12:16:00-04:00,261.010009765625,261.07501220703125,260.9849853515625,261.07000732421875,37054,0.0,0.0,0.0
2026-04-10 12:17:00-04:00,261.05999755859375,261.1099853515625,260.9800109863281,261.0199890136719,42844,0.0,0.0,0.0
2026-04-10 12:18:00-04:00,260.9800109863281,261.04998779296875,260.8900146484375,261.04998779296875,44922,0.0,0.0,0.0
2026-04-10 12:19:00-04:00,261.0400085449219,261.04998779296875,260.9302062988281,261.0199890136719,45346,0.0,0.0,0.0
2026-04-10 12:20:00-04:00,261.0199890136719,261.0199890136719,260.7699890136719,260.7900085449219,42716,0.0,0.0,0.0
2026-04-10 12:21:00-04:00,260.80999755859375,260.8450012207031,260.6449890136719,260.67999267578125,172901,0.0,0.0,0.0
2026-04-10 12:22:00-04:00,260.67999267578125,260.8699951171875,260.6700134277344,260.8500061035156,48245,0.0,0.0,0.0
2026-04-10 12:23:00-04:00,260.8399963378906,260.8900146484375,260.80999755859375,260.8399963378906,26988,0.0,0.0,0.0
2026-04-10 12:24:00-04:00,260.79998779296875,260.9800109863281,260.79998779296875,260.9800109863281,25355,0.0,0.0,0.0
2026-04-10 12:25:00-04:00,260.9700012207031,260.9750061035156,260.7749938964844,260.8299865722656,55629,0.0,0.0,0.0
2026-04-10 12:26:00-04:00,260.8399963378906,260.8699951171875,260.7799987792969,260.7799987792969,10611,0.0,0.0,0.0
2026-04-10 12:27:00-04:00,260.7850036621094,260.82000732421875,260.7699890136719,260.7799987792969,21053,0.0,0.0,0.0
2026-04-10 12:28:00-04:00,260.7950134277344,260.9100036621094,260.7200012207031,260.8599853515625,43897,0.0,0.0,0.0
2026-04-10 12:29:00-04:00,260.875,260.92999267578125,260.79998779296875,260.79998779296875,12268,0.0,0.0,0.0
2026-04-10 12:30:00-04:00,260.7650146484375,260.8299865722656,260.7650146484375,260.82000732421875,9966,0.0,0.0,0.0
2026-04-10 12:31:00-04:00,260.82000732421875,260.8699951171875,260.760009765625,260.8699951171875,40860,0.0,0.0,0.0
2026-04-10 12:32:00-04:00,260.885009765625,260.92999267578125,260.6499938964844,260.6499938964844,24345,0.0,0.0,0.0
2026-04-10 12:33:00-04:00,260.69000244140625,260.7300109863281,260.5849914550781,260.6099853515625,13131,0.0,0.0,0.0
2026-04-10 12:34:00-04:00,260.6499938964844,260.7099914550781,260.6000061035156,260.7099914550781,31463,0.0,0.0,0.0
2026-04-10 12:35:00-04:00,260.7099914550781,260.739990234375,260.6400146484375,260.69000244140625,12072,0.0,0.0,0.0
2026-04-10 12:36:00-04:00,260.69000244140625,260.69000244140625,260.5799865722656,260.5799865722656,24200,0.0,0.0,0.0
2026-04-10 12:37:00-04:00,260.5899963378906,260.7156982421875,260.5400085449219,260.7156982421875,32336,0.0,0.0,0.0
2026-04-10 12:38:00-04:00,260.7300109863281,260.75,260.6099853515625,260.6099853515625,12277,0.0,0.0,0.0
2026-04-10 12:39:00-04:00,260.614990234375,260.6300048828125,260.54998779296875,260.6000061035156,25620,0.0,0.0,0.0
2026-04-10 12:40:00-04:00,260.614990234375,260.6449890136719,260.510009765625,260.510009765625,28336,0.0,0.0,0.0
2026-04-10 12:41:00-04:00,260.5199890136719,260.5249938964844,260.3999938964844,260.42498779296875,39428,0.0,0.0,0.0
2026-04-10 12:42:00-04:00,260.42999267578125,260.5199890136719,260.4200134277344,260.4800109863281,41237,0.0,0.0,0.0
2026-04-10 12:43:00-04:00,260.489990234375,260.54998779296875,260.4100036621094,260.4100036621094,20782,0.0,0.0,0.0
2026-04-10 12:44:00-04:00,260.3999938964844,260.45001220703125,260.3399963378906,260.42999267578125,17550,0.0,0.0,0.0
2026-04-10 12:45:00-04:00,260.44000244140625,260.5799865722656,260.44000244140625,260.5199890136719,39337,0.0,0.0,0.0
2026-04-10 12:46:00-04:00,260.5,260.67498779296875,260.4700012207031,260.6600036621094,27653,0.0,0.0,0.0
2026-04-10 12:47:00-04:00,260.6700134277344,260.68499755859375,260.6000061035156,260.6700134277344,55835,0.0,0.0,0.0
2026-04-10 12:48:00-04:00,260.6700134277344,260.69000244140625,260.6199951171875,260.69000244140625,21436,0.0,0.0,0.0
2026-04-10 12:49:00-04:00,260.67999267578125,260.67999267578125,260.635009765625,260.6700134277344,13666,0.0,0.0,0.0
2026-04-10 12:50:00-04:00,260.7049865722656,260.8500061035156,260.7049865722656,260.7699890136719,19751,0.0,0.0,0.0
2026-04-10 12:51:00-04:00,260.760009765625,260.82000732421875,260.6700134277344,260.7200012207031,23601,0.0,0.0,0.0
2026-04-10 12:52:00-04:00,260.75,260.7900085449219,260.7200012207031,260.760009765625,12090,0.0,0.0,0.0
2026-04-10 12:53:00-04:00,260.7699890136719,260.9599914550781,260.7699890136719,260.8949890136719,25258,0.0,0.0,0.0
2026-04-10 12:54:00-04:00,260.94000244140625,260.9599914550781,260.8900146484375,260.92999267578125,27129,0.0,0.0,0.0
2026-04-10 12:55:00-04:00,260.93499755859375,260.9599914550781,260.8900146484375,260.95001220703125,172921,0.0,0.0,0.0
2026-04-10 12:56:00-04:00,260.92498779296875,260.92498779296875,260.8399963378906,260.8999938964844,7906,0.0,0.0,0.0
2026-04-10 12:57:00-04:00,260.9200134277344,260.9599914550781,260.8900146484375,260.93499755859375,11414,0.0,0.0,0.0
2026-04-10 12:58:00-04:00,260.93499755859375,260.94000244140625,260.8800048828125,260.8800048828125,13748,0.0,0.0,0.0
2026-04-10 12:59:00-04:00,260.8999938964844,260.95001220703125,260.8999938964844,260.94000244140625,24131,0.0,0.0,0.0
2026-04-10 13:00:00-04:00,260.95001220703125,260.9700012207031,260.75,260.7699890136719,34144,0.0,0.0,0.0
2026-04-10 13:01:00-04:00,260.7650146484375,260.875,260.739990234375,260.7799987792969,12300,0.0,0.0,0.0
2026-04-10 13:02:00-04:00,260.7850036621094,260.82000732421875,260.6000061035156,260.62030029296875,47154,0.0,0.0,0.0
2026-04-10 13:03:00-04:00,260.6199951171875,260.67999267578125,260.57000732421875,260.5799865722656,51743,0.0,0.0,0.0
2026-04-10 13:04:00-04:00,260.6099853515625,260.6099853515625,260.5199890136719,260.54010009765625,15909,0.0,0.0,0.0
2026-04-10 13:05:00-04:00,260.5400085449219,260.6400146484375,260.5400085449219,260.57501220703125,17463,0.0,0.0,0.0
2026-04-10 13:06:00-04:00,260.57501220703125,260.5899963378906,260.5,260.5199890136719,21048,0.0,0.0,0.0
2026-04-10 13:07:00-04:00,260.5199890136719,260.6199951171875,260.4700012207031,260.614990234375,14101,0.0,0.0,0.0
2026-04-10 13:08:00-04:00,260.6199951171875,260.67999267578125,260.55999755859375,260.6300048828125,28240,0.0,0.0,0.0
2026-04-10 13:09:00-04:00,260.6300048828125,260.6499938964844,260.6000061035156,260.6300048828125,6231,0.0,0.0,0.0
2026-04-10 13:10:00-04:00,260.6000061035156,260.6499938964844,260.5199890136719,260.54998779296875,16114,0.0,0.0,0.0
2026-04-10 13:11:00-04:00,260.5400085449219,260.6499938964844,260.52740478515625,260.6499938964844,23656,0.0,0.0,0.0
2026-04-10 13:12:00-04:00,260.6499938964844,260.7300109863281,260.6300048828125,260.69000244140625,8518,0.0,0.0,0.0
2026-04-10 13:13:00-04:00,260.70001220703125,260.7850036621094,260.70001220703125,260.7749938964844,9325,0.0,0.0,0.0
2026-04-10 13:14:00-04:00,260.7749938964844,260.7900085449219,260.7349853515625,260.7699890136719,6613,0.0,0.0,0.0
2026-04-10 13:15:00-04:00,260.79998779296875,260.81500244140625,260.6700134277344,260.6700134277344,14499,0.0,0.0,0.0
2026-04-10 13:16:00-04:00,260.67999267578125,260.7099914550781,260.6449890136719,260.70001220703125,11012,0.0,0.0,0.0
2026-04-10 13:17:00-04:00,260.7099914550781,260.7550048828125,260.70001220703125,260.7250061035156,13750,0.0,0.0,0.0
2026-04-10 13:18:00-04:00,260.7200012207031,260.7749938964844,260.7200012207031,260.7749938964844,6313,0.0,0.0,0.0
2026-04-10 13:19:00-04:00,260.7900085449219,260.7950134277344,260.67498779296875,260.7099914550781,27077,0.0,0.0,0.0
2026-04-10 13:20:00-04:00,260.7149963378906,260.7300109863281,260.6300048828125,260.6300048828125,12670,0.0,0.0,0.0
2026-04-10 13:21:00-04:00,260.6300048828125,260.7099914550781,260.6099853515625,260.67999267578125,16618,0.0,0.0,0.0
2026-04-10 13:22:00-04:00,260.70001220703125,260.7250061035156,260.5450134277344,260.5950012207031,51691,0.0,0.0,0.0
2026-04-10 13:23:00-04:00,260.5950012207031,260.7449951171875,260.5899963378906,260.7401123046875,22063,0.0,0.0,0.0
2026-04-10 13:24:00-04:00,260.7449951171875,260.7449951171875,260.67999267578125,260.7099914550781,8871,0.0,0.0,0.0
2026-04-10 13:25:00-04:00,260.7200012207031,260.7349853515625,260.6499938964844,260.68499755859375,27548,0.0,0.0,0.0
2026-04-10 13:26:00-04:00,260.68499755859375,260.80499267578125,260.68499755859375,260.7322998046875,10905,0.0,0.0,0.0
2026-04-10 13:27:00-04:00,260.7449951171875,260.7950134277344,260.7200012207031,260.7449951171875,23950,0.0,0.0,0.0
2026-04-10 13:28:00-04:00,260.7250061035156,260.7449951171875,260.6700134277344,260.7250061035156,35022,0.0,0.0,0.0
2026-04-10 13:29:00-04:00,260.7200012207031,260.7250061035156,260.67999267578125,260.7200012207031,34689,0.0,0.0,0.0
2026-04-10 13:30:00-04:00,260.7200012207031,260.7699890136719,260.6499938964844,260.7699890136719,61289,0.0,0.0,0.0
2026-04-10 13:31:00-04:00,260.79998779296875,260.8699951171875,260.7650146484375,260.7850036621094,23358,0.0,0.0,0.0
2026-04-10 13:32:00-04:00,260.7900085449219,260.92999267578125,260.7799987792969,260.92999267578125,14548,0.0,0.0,0.0
2026-04-10 13:33:00-04:00,260.9150085449219,260.9649963378906,260.8999938964844,260.8999938964844,31681,0.0,0.0,0.0
2026-04-10 13:34:00-04:00,260.9100036621094,260.9150085449219,260.8500061035156,260.91009521484375,11188,0.0,0.0,0.0
2026-04-10 13:35:00-04:00,260.9200134277344,260.989990234375,260.9150085449219,260.9599914550781,16931,0.0,0.0,0.0
2026-04-10 13:36:00-04:00,260.94500732421875,260.94500732421875,260.8450927734375,260.93011474609375,15501,0.0,0.0,0.0
2026-04-10 13:37:00-04:00,260.92999267578125,260.9649963378906,260.8800048828125,260.94500732421875,37672,0.0,0.0,0.0
2026-04-10 13:38:00-04:00,260.94500732421875,260.989990234375,260.9200134277344,260.9649963378906,16498,0.0,0.0,0.0
2026-04-10 13:39:00-04:00,260.9750061035156,261.0,260.95001220703125,261.0,31410,0.0,0.0,0.0
2026-04-10 13:40:00-04:00,260.989990234375,261.0199890136719,260.82000732421875,260.8399963378906,39315,0.0,0.0,0.0
2026-04-10 13:41:00-04:00,260.8399963378906,260.9100036621094,260.8399963378906,260.8699951171875,12697,0.0,0.0,0.0
2026-04-10 13:42:00-04:00,260.8500061035156,260.95001220703125,260.80499267578125,260.95001220703125,36987,0.0,0.0,0.0
2026-04-10 13:43:00-04:00,260.93499755859375,260.9800109863281,260.9100036621094,260.9549865722656,19922,0.0,0.0,0.0
2026-04-10 13:44:00-04:00,260.9549865722656,260.989990234375,260.8800048828125,260.9100036621094,7685,0.0,0.0,0.0
2026-04-10 13:45:00-04:00,260.9200134277344,261.010009765625,260.8800048828125,261.0,26381,0.0,0.0,0.0
2026-04-10 13:46:00-04:00,261.0,261.0201110839844,260.989990234375,261.0,15320,0.0,0.0,0.0
2026-04-10 13:47:00-04:00,261.0050048828125,261.0199890136719,260.989990234375,261.0199890136719,4833,0.0,0.0,0.0
2026-04-10 13:48:00-04:00,261.0199890136719,261.125,261.0199890136719,261.114990234375,27400,0.0,0.0,0.0
2026-04-10 13:49:00-04:00,261.1000061035156,261.1050109863281,261.0400085449219,261.1000061035156,15536,0.0,0.0,0.0
2026-04-10 13:50:00-04:00,261.1000061035156,261.19500732421875,261.0799865722656,261.19500732421875,12213,0.0,0.0,0.0
2026-04-10 13:51:00-04:00,261.17999267578125,261.18499755859375,261.114990234375,261.1499938964844,20979,0.0,0.0,0.0
2026-04-10 13:52:00-04:00,261.1600036621094,261.19500732421875,261.1499938964844,261.19500732421875,11090,0.0,0.0,0.0
2026-04-10 13:53:00-04:00,261.19500732421875,261.19500732421875,261.1199951171875,261.17498779296875,40588,0.0,0.0,0.0
2026-04-10 13:54:00-04:00,261.19000244140625,261.19500732421875,261.1600036621094,261.19000244140625,11193,0.0,0.0,0.0
2026-04-10 13:55:00-04:00,261.18499755859375,261.2250061035156,261.1549987792969,261.1549987792969,7845,0.0,0.0,0.0
2026-04-10 13:56:00-04:00,261.1650085449219,261.20001220703125,261.1600036621094,261.17999267578125,22567,0.0,0.0,0.0
2026-04-10 13:57:00-04:00,261.17999267578125,261.25,261.1700134277344,261.2250061035156,21703,0.0,0.0,0.0
2026-04-10 13:58:00-04:00,261.2300109863281,261.239990234375,261.20001220703125,261.2149963378906,33456,0.0,0.0,0.0
2026-04-10 13:59:00-04:00,261.2250061035156,261.25,261.1600036621094,261.239990234375,44382,0.0,0.0,0.0
2026-04-10 14:00:00-04:00,261.239990234375,261.25,261.1702880859375,261.2349853515625,33105,0.0,0.0,0.0
2026-04-10 14:01:00-04:00,261.2300109863281,261.239501953125,261.17999267578125,261.20001220703125,36951,0.0,0.0,0.0
2026-04-10 14:02:00-04:00,261.2099914550781,261.2950134277344,261.18341064453125,261.18341064453125,167848,0.0,0.0,0.0
2026-04-10 14:03:00-04:00,261.19000244140625,261.2149963378906,261.1650085449219,261.20001220703125,146344,0.0,0.0,0.0
2026-04-10 14:04:00-04:00,261.2124938964844,261.2149963378906,261.0625,261.0950012207031,67979,0.0,0.0,0.0
2026-04-10 14:05:00-04:00,261.0799865722656,261.1300048828125,261.0050048828125,261.09991455078125,134353,0.0,0.0,0.0
2026-04-10 14:06:00-04:00,261.0950012207031,261.1300048828125,261.0400085449219,261.0400085449219,235272,0.0,0.0,0.0
2026-04-10 14:07:00-04:00,261.04998779296875,261.0799865722656,260.8800048828125,260.9200134277344,67571,0.0,0.0,0.0
2026-04-10 14:08:00-04:00,260.8999938964844,261.0350036621094,260.8800048828125,261.010009765625,44660,0.0,0.0,0.0
2026-04-10 14:09:00-04:00,261.010009765625,261.0350036621094,260.8831787109375,260.95001220703125,338080,0.0,0.0,0.0
2026-04-10 14:10:00-04:00,260.9649963378906,260.9700012207031,260.92999267578125,260.9599914550781,10464,0.0,0.0,0.0
2026-04-10 14:11:00-04:00,260.9549865722656,261.1050109863281,260.95001220703125,261.04998779296875,42482,0.0,0.0,0.0
2026-04-10 14:12:00-04:00,261.04998779296875,261.0849914550781,261.0299987792969,261.0400085449219,6402,0.0,0.0,0.0
2026-04-10 14:13:00-04:00,261.0400085449219,261.0899963378906,261.0400085449219,261.05999755859375,9198,0.0,0.0,0.0
2026-04-10 14:14:00-04:00,261.0899963378906,261.17999267578125,261.0899963378906,261.1499938964844,13335,0.0,0.0,0.0
2026-04-10 14:15:00-04:00,261.1549987792969,261.2598876953125,261.1549987792969,261.18499755859375,22903,0.0,0.0,0.0
2026-04-10 14:16:00-04:00,261.19000244140625,261.25,261.1650085449219,261.2300109863281,7157,0.0,0.0,0.0
2026-04-10 14:17:00-04:00,261.2300109863281,261.260009765625,261.2049865722656,261.260009765625,5519,0.0,0.0,0.0
2026-04-10 14:18:00-04:00,261.260009765625,261.2799987792969,261.2250061035156,261.2650146484375,11555,0.0,0.0,0.0
2026-04-10 14:19:00-04:00,261.2650146484375,261.3599853515625,261.2650146484375,261.35430908203125,72920,0.0,0.0,0.0
2026-04-10 14:20:00-04:00,261.3599853515625,261.44000244140625,261.3500061035156,261.44000244140625,81209,0.0,0.0,0.0
2026-04-10 14:21:00-04:00,261.42999267578125,261.4549865722656,261.29998779296875,261.3699951171875,24002,0.0,0.0,0.0
2026-04-10 14:22:00-04:00,261.3699951171875,261.3699951171875,261.260009765625,261.2799987792969,47682,0.0,0.0,0.0
2026-04-10 14:23:00-04:00,261.2850036621094,261.42999267578125,261.2705993652344,261.3450012207031,305579,0.0,0.0,0.0
2026-04-10 14:24:00-04:00,261.3500061035156,261.364990234375,261.2699890136719,261.2799987792969,10183,0.0,0.0,0.0
2026-04-10 14:25:00-04:00,261.2699890136719,261.2699890136719,261.19000244140625,261.260009765625,26681,0.0,0.0,0.0
2026-04-10 14:26:00-04:00,261.2699890136719,261.2699890136719,261.2049865722656,261.239990234375,22848,0.0,0.0,0.0
2026-04-10 14:27:00-04:00,261.2250061035156,261.260009765625,261.19000244140625,261.260009765625,13265,0.0,0.0,0.0
2026-04-10 14:28:00-04:00,261.2799987792969,261.3299865722656,261.239990234375,261.32501220703125,9927,0.0,0.0,0.0
2026-04-10 14:29:00-04:00,261.32000732421875,261.375,261.32000732421875,261.3450012207031,1012412,0.0,0.0,0.0
2026-04-10 14:30:00-04:00,261.364990234375,261.3999938964844,261.35009765625,261.3900146484375,10280,0.0,0.0,0.0
2026-04-10 14:31:00-04:00,261.3900146484375,261.4200134277344,261.3699951171875,261.3900146484375,13181,0.0,0.0,0.0
2026-04-10 14:32:00-04:00,261.3800048828125,261.44500732421875,261.3699951171875,261.4049987792969,11168,0.0,0.0,0.0
2026-04-10 14:33:00-04:00,261.4100036621094,261.4849853515625,261.3999938964844,261.4700012207031,247796,0.0,0.0,0.0
2026-04-10 14:34:00-04:00,261.4649963378906,261.5,261.3599853515625,261.3599853515625,23311,0.0,0.0,0.0
2026-04-10 14:35:00-04:00,261.3699951171875,261.4100036621094,261.29998779296875,261.3299865722656,33372,0.0,0.0,0.0
2026-04-10 14:36:00-04:00,261.32501220703125,261.3999938964844,261.2799987792969,261.29998779296875,24331,0.0,0.0,0.0
2026-04-10 14:37:00-04:00,261.30999755859375,261.4200134277344,261.30999755859375,261.3949890136719,15051,0.0,0.0,0.0
2026-04-10 14:38:00-04:00,261.385009765625,261.4306945800781,261.3500061035156,261.40008544921875,25551,0.0,0.0,0.0
2026-04-10 14:39:00-04:00,261.42999267578125,261.42999267578125,261.3599853515625,261.3699951171875,10258,0.0,0.0,0.0
2026-04-10 14:40:00-04:00,261.3900146484375,261.4049987792969,261.3500061035156,261.3500061035156,6586,0.0,0.0,0.0
2026-04-10 14:41:00-04:00,261.3500061035156,261.3500061035156,261.1499938964844,261.20001220703125,94153,0.0,0.0,0.0
2026-04-10 14:42:00-04:00,261.19000244140625,261.2099914550781,261.1700134277344,261.20001220703125,10589,0.0,0.0,0.0
2026-04-10 14:43:00-04:00,261.2099914550781,261.2300109863281,261.1499938964844,261.2300109863281,21149,0.0,0.0,0.0
2026-04-10 14:44:00-04:00,261.239990234375,261.25,261.19000244140625,261.19000244140625,17603,0.0,0.0,0.0
2026-04-10 14:45:00-04:00,261.17498779296875,261.2149963378906,261.1600036621094,261.1700134277344,12029,0.0,0.0,0.0
2026-04-10 14:46:00-04:00,261.1650085449219,261.25,261.1600036621094,261.239990234375,9311,0.0,0.0,0.0
2026-04-10 14:47:00-04:00,261.239990234375,261.239990234375,261.1700134277344,261.17999267578125,32082,0.0,0.0,0.0
2026-04-10 14:48:00-04:00,261.17999267578125,261.2300109863281,261.1700134277344,261.2099914550781,6642,0.0,0.0,0.0
2026-04-10 14:49:00-04:00,261.2300109863281,261.260009765625,261.2099914550781,261.2200012207031,12748,0.0,0.0,0.0
2026-04-10 14:50:00-04:00,261.2149963378906,261.29998779296875,261.2049865722656,261.25,62185,0.0,0.0,0.0
2026-04-10 14:51:00-04:00,261.2550048828125,261.3399963378906,261.2449951171875,261.3399963378906,19523,0.0,0.0,0.0
2026-04-10 14:52:00-04:00,261.3399963378906,261.409912109375,261.3349914550781,261.3999938964844,57577,0.0,0.0,0.0
2026-04-10 14:53:00-04:00,261.4100036621094,261.489990234375,261.3999938964844,261.4100036621094,61566,0.0,0.0,0.0
2026-04-10 14:54:00-04:00,261.4150085449219,261.4200134277344,261.30999755859375,261.3349914550781,11646,0.0,0.0,0.0
2026-04-10 14:55:00-04:00,261.3299865722656,261.3399963378906,261.2799987792969,261.2900085449219,29128,0.0,0.0,0.0
2026-04-10 14:56:00-04:00,261.2799987792969,261.2950134277344,261.2300109863281,261.2850036621094,18973,0.0,0.0,0.0
2026-04-10 14:57:00-04:00,261.2699890136719,261.30499267578125,261.25,261.2799987792969,61713,0.0,0.0,0.0
2026-04-10 14:58:00-04:00,261.2850036621094,261.3900146484375,261.2699890136719,261.3699951171875,15858,0.0,0.0,0.0
2026-04-10 14:59:00-04:00,261.3599853515625,261.3999938964844,261.3349914550781,261.3349914550781,14695,0.0,0.0,0.0
2026-04-10 15:00:00-04:00,261.3500061035156,261.44500732421875,261.3299865722656,261.42498779296875,15959,0.0,0.0,0.0
2026-04-10 15:01:00-04:00,261.44000244140625,261.45001220703125,261.3900146484375,261.45001220703125,82213,0.0,0.0,0.0
2026-04-10 15:02:00-04:00,261.43499755859375,261.5050048828125,261.43499755859375,261.489990234375,38172,0.0,0.0,0.0
2026-04-10 15:03:00-04:00,261.489990234375,261.5050048828125,261.44000244140625,261.45001220703125,24195,0.0,0.0,0.0
2026-04-10 15:04:00-04:00,261.44000244140625,261.4949951171875,261.3900146484375,261.4949951171875,18386,0.0,0.0,0.0
2026-04-10 15:05:00-04:00,261.4849853515625,261.5150146484375,261.4700012207031,261.4849853515625,31081,0.0,0.0,0.0
2026-04-10 15:06:00-04:00,261.4800109863281,261.5,261.4599914550781,261.489990234375,14416,0.0,0.0,0.0
2026-04-10 15:07:00-04:00,261.489990234375,261.5249938964844,261.4700012207031,261.489990234375,15073,0.0,0.0,0.0
2026-04-10 15:08:00-04:00,261.4949951171875,261.55499267578125,261.4949951171875,261.5299987792969,32551,0.0,0.0,0.0
2026-04-10 15:09:00-04:00,261.5199890136719,261.5199890136719,261.4800109863281,261.5,13353,0.0,0.0,0.0
2026-04-10 15:10:00-04:00,261.510009765625,261.6099853515625,261.5,261.6000061035156,29365,0.0,0.0,0.0
2026-04-10 15:11:00-04:00,261.6000061035156,261.6700134277344,261.5799865722656,261.6600036621094,15324,0.0,0.0,0.0
2026-04-10 15:12:00-04:00,261.6499938964844,261.7099914550781,261.6400146484375,261.69000244140625,31205,0.0,0.0,0.0
2026-04-10 15:13:00-04:00,261.69000244140625,261.70001220703125,261.6600036621094,261.67999267578125,48440,0.0,0.0,0.0
2026-04-10 15:14:00-04:00,261.6700134277344,261.70001220703125,261.6499938964844,261.69500732421875,29891,0.0,0.0,0.0
2026-04-10 15:15:00-04:00,261.70001220703125,261.7099914550781,261.635009765625,261.6499938964844,17759,0.0,0.0,0.0
2026-04-10 15:16:00-04:00,261.6600036621094,261.7099914550781,261.6400146484375,261.67999267578125,34422,0.0,0.0,0.0
2026-04-10 15:17:00-04:00,261.69000244140625,261.70001220703125,261.6000061035156,261.6099853515625,16227,0.0,0.0,0.0
2026-04-10 15:18:00-04:00,261.6099853515625,261.67999267578125,261.6000061035156,261.6722106933594,23258,0.0,0.0,0.0
2026-04-10 15:19:00-04:00,261.67498779296875,261.69000244140625,261.6300048828125,261.6400146484375,22693,0.0,0.0,0.0
2026-04-10 15:20:00-04:00,261.6449890136719,261.6499938964844,261.5899963378906,261.614990234375,23786,0.0,0.0,0.0
2026-04-10 15:21:00-04:00,261.6050109863281,261.6050109863281,261.5249938964844,261.5249938964844,16411,0.0,0.0,0.0
2026-04-10 15:22:00-04:00,261.5270080566406,261.5299987792969,261.4599914550781,261.510009765625,52473,0.0,0.0,0.0
2026-04-10 15:23:00-04:00,261.5400085449219,261.5799865722656,261.5199890136719,261.57000732421875,19959,0.0,0.0,0.0
2026-04-10 15:24:00-04:00,261.57000732421875,261.5899963378906,261.510009765625,261.54998779296875,15720,0.0,0.0,0.0
2026-04-10 15:25:00-04:00,261.5400085449219,261.55999755859375,261.4898986816406,261.54998779296875,35088,0.0,0.0,0.0
2026-04-10 15:26:00-04:00,261.5400085449219,261.55499267578125,261.489990234375,261.54998779296875,17557,0.0,0.0,0.0
2026-04-10 15:27:00-04:00,261.54998779296875,261.54998779296875,261.4599914550781,261.4700012207031,17782,0.0,0.0,0.0
2026-04-10 15:28:00-04:00,261.4700012207031,261.5299987792969,261.4700012207031,261.510009765625,12458,0.0,0.0,0.0
2026-04-10 15:29:00-04:00,261.510009765625,261.5400085449219,261.4849853515625,261.5299987792969,9422,0.0,0.0,0.0
2026-04-10 15:30:00-04:00,261.5299987792969,261.5299987792969,261.3800048828125,261.3999938964844,30800,0.0,0.0,0.0
2026-04-10 15:31:00-04:00,261.3999938964844,261.5,261.3900146484375,261.4949951171875,36355,0.0,0.0,0.0
2026-04-10 15:32:00-04:00,261.489990234375,261.489990234375,261.3800048828125,261.3800048828125,50592,0.0,0.0,0.0
2026-04-10 15:33:00-04:00,261.3999938964844,261.4200134277344,261.3599853515625,261.3599853515625,29323,0.0,0.0,0.0
2026-04-10 15:34:00-04:00,261.3599853515625,261.3949890136719,261.3399963378906,261.3900146484375,19720,0.0,0.0,0.0
2026-04-10 15:35:00-04:00,261.3999938964844,261.41668701171875,261.3299865722656,261.3500061035156,27730,0.0,0.0,0.0
2026-04-10 15:36:00-04:00,261.3500061035156,261.4100036621094,261.2699890136719,261.2799987792969,76876,0.0,0.0,0.0
2026-04-10 15:37:00-04:00,261.2749938964844,261.29998779296875,261.17999267578125,261.19500732421875,130091,0.0,0.0,0.0
2026-04-10 15:38:00-04:00,261.19000244140625,261.2900085449219,261.17498779296875,261.2200012207031,34587,0.0,0.0,0.0
2026-04-10 15:39:00-04:00,261.2099914550781,261.2099914550781,261.114990234375,261.1400146484375,30193,0.0,0.0,0.0
2026-04-10 15:40:00-04:00,261.1400146484375,261.1400146484375,261.0799865722656,261.1099853515625,63422,0.0,0.0,0.0
2026-04-10 15:41:00-04:00,261.1000061035156,261.1000061035156,261.05499267578125,261.06988525390625,59873,0.0,0.0,0.0
2026-04-10 15:42:00-04:00,261.06500244140625,261.07501220703125,260.989990234375,260.989990234375,70479,0.0,0.0,0.0
2026-04-10 15:43:00-04:00,260.989990234375,261.1499938964844,260.9549865722656,261.1400146484375,184362,0.0,0.0,0.0
2026-04-10 15:44:00-04:00,261.1400146484375,261.25,261.1400146484375,261.17498779296875,74193,0.0,0.0,0.0
2026-04-10 15:45:00-04:00,261.1700134277344,261.2650146484375,261.1600036621094,261.20001220703125,50574,0.0,0.0,0.0
2026-04-10 15:46:00-04:00,261.17999267578125,261.19000244140625,261.1449890136719,261.1549987792969,48469,0.0,0.0,0.0
2026-04-10 15:47:00-04:00,261.1549987792969,261.1700134277344,261.0950012207031,261.1300048828125,120042,0.0,0.0,0.0
2026-04-10 15:48:00-04:00,261.1199951171875,261.1199951171875,261.04998779296875,261.05499267578125,55715,0.0,0.0,0.0
2026-04-10 15:49:00-04:00,261.05499267578125,261.07000732421875,261.0050048828125,261.06500244140625,83085,0.0,0.0,0.0
2026-04-10 15:50:00-04:00,261.07000732421875,261.17999267578125,260.989990234375,261.07501220703125,120214,0.0,0.0,0.0
2026-04-10 15:51:00-04:00,261.0799865722656,261.1099853515625,261.010009765625,261.0799865722656,85449,0.0,0.0,0.0
2026-04-10 15:52:00-04:00,261.0849914550781,261.1000061035156,261.0299987792969,261.06500244140625,187467,0.0,0.0,0.0
2026-04-10 15:53:00-04:00,261.06500244140625,261.1499938964844,261.0450134277344,261.0849914550781,194890,0.0,0.0,0.0
2026-04-10 15:54:00-04:00,261.0849914550781,261.19000244140625,261.07000732421875,261.1499938964844,109281,0.0,0.0,0.0
2026-04-10 15:55:00-04:00,261.1499938964844,261.19000244140625,261.0199890136719,261.19000244140625,143041,0.0,0.0,0.0
2026-04-10 15:56:00-04:00,261.18499755859375,261.2650146484375,261.1600036621094,261.25,134078,0.0,0.0,0.0
2026-04-10 15:57:00-04:00,261.25,261.30999755859375,261.2250061035156,261.2900085449219,114364,0.0,0.0,0.0
2026-04-10 15:58:00-04:00,261.29998779296875,261.3900146484375,261.2699890136719,261.375,222934,0.0,0.0,0.0
2026-04-10 15:59:00-04:00,261.3800048828125,261.3999938964844,261.2349853515625,261.29998779296875,350566,0.0,0.0,0.0
2026-04-13 09:30:00-04:00,260.239990234375,260.6499938964844,260.239990234375,260.55999755859375,1147541,0.0,0.0,0.0
2026-04-13 09:31:00-04:00,260.55999755859375,260.75,260.5,260.7200012207031,200065,0.0,0.0,0.0
2026-04-13 09:32:00-04:00,260.7149963378906,260.75,260.5199890136719,260.5799865722656,127918,0.0,0.0,0.0
2026-04-13 09:33:00-04:00,260.57000732421875,260.69000244140625,260.2799987792969,260.67999267578125,172260,0.0,0.0,0.0
2026-04-13 09:34:00-04:00,260.6700134277344,260.75,260.6000061035156,260.6400146484375,82623,0.0,0.0,0.0
2026-04-13 09:35:00-04:00,260.6499938964844,260.6499938964844,260.489990234375,260.6099853515625,66796,0.0,0.0,0.0
2026-04-13 09:36:00-04:00,260.5849914550781,260.67999267578125,260.25,260.2650146484375,160343,0.0,0.0,0.0
2026-04-13 09:37:00-04:00,260.25,260.4100036621094,260.1600036621094,260.3399963378906,187435,0.0,0.0,0.0
2026-04-13 09:38:00-04:00,260.3699951171875,260.5400085449219,260.3299865722656,260.489990234375,105212,0.0,0.0,0.0
2026-04-13 09:39:00-04:00,260.489990234375,260.5419921875,260.3800048828125,260.4700012207031,77699,0.0,0.0,0.0
2026-04-13 09:40:00-04:00,260.4599914550781,260.5,260.3500061035156,260.3949890136719,129818,0.0,0.0,0.0
2026-04-13 09:41:00-04:00,260.3900146484375,260.5199890136719,260.2799987792969,260.3450012207031,126467,0.0,0.0,0.0
2026-04-13 09:42:00-04:00,260.3399963378906,260.5799865722656,260.260009765625,260.4049987792969,116560,0.0,0.0,0.0
2026-04-13 09:43:00-04:00,260.3999938964844,260.44500732421875,260.260009765625,260.30999755859375,174495,0.0,0.0,0.0
2026-04-13 09:44:00-04:00,260.29998779296875,260.3699951171875,260.2300109863281,260.2699890136719,83223,0.0,0.0,0.0
2026-04-13 09:45:00-04:00,260.260009765625,260.3299865722656,260.0199890136719,260.1300048828125,111433,0.0,0.0,0.0
2026-04-13 09:46:00-04:00,260.1199951171875,260.2200012207031,260.0799865722656,260.1700134277344,52927,0.0,0.0,0.0
2026-04-13 09:47:00-04:00,260.19000244140625,260.2799987792969,260.1600036621094,260.2099914550781,25187,0.0,0.0,0.0
2026-04-13 09:48:00-04:00,260.2099914550781,260.9049987792969,260.19000244140625,260.7099914550781,174669,0.0,0.0,0.0
2026-04-13 09:49:00-04:00,260.6700134277344,261.2699890136719,260.6499938964844,261.2200012207031,80472,0.0,0.0,0.0
2026-04-13 09:50:00-04:00,261.17999267578125,261.6099853515625,261.1700134277344,261.4599914550781,178263,0.0,0.0,0.0
2026-04-13 09:51:00-04:00,261.44000244140625,261.44000244140625,261.010009765625,261.05999755859375,120156,0.0,0.0,0.0
2026-04-13 09:52:00-04:00,261.0400085449219,261.2099914550781,260.989990234375,261.07000732421875,114949,0.0,0.0,0.0
2026-04-13 09:53:00-04:00,261.07501220703125,261.2699890136719,261.0199890136719,261.1499938964844,70487,0.0,0.0,0.0
2026-04-13 09:54:00-04:00,261.1400146484375,261.4100036621094,261.0799865722656,261.4100036621094,85145,0.0,0.0,0.0
2026-04-13 09:55:00-04:00,261.4200134277344,261.54998779296875,261.25,261.4100036621094,97621,0.0,0.0,0.0
2026-04-13 09:56:00-04:00,261.4100036621094,261.68499755859375,261.375,261.6700134277344,55718,0.0,0.0,0.0
2026-04-13 09:57:00-04:00,261.6600036621094,261.840087890625,261.6499938964844,261.8349914550781,79559,0.0,0.0,0.0
2026-04-13 09:58:00-04:00,261.8299865722656,261.9100036621094,261.7799987792969,261.8999938964844,59533,0.0,0.0,0.0
2026-04-13 09:59:00-04:00,261.8900146484375,262.20001220703125,261.79998779296875,262.19500732421875,137950,0.0,0.0,0.0
2026-04-13 10:00:00-04:00,262.19000244140625,262.44000244140625,262.1400146484375,262.44000244140625,93021,0.0,0.0,0.0
2026-04-13 10:01:00-04:00,262.4200134277344,262.4700012207031,261.8999938964844,261.8999938964844,133869,0.0,0.0,0.0
2026-04-13 10:02:00-04:00,261.8949890136719,261.9849853515625,261.75,261.7699890136719,82572,0.0,0.0,0.0
2026-04-13 10:03:00-04:00,261.7699890136719,261.7699890136719,261.6199951171875,261.7099914550781,99268,0.0,0.0,0.0
2026-04-13 10:04:00-04:00,261.70001220703125,261.8999938964844,261.67999267578125,261.80999755859375,117670,0.0,0.0,0.0
2026-04-13 10:05:00-04:00,261.8299865722656,261.92999267578125,261.7200012207031,261.8900146484375,57008,0.0,0.0,0.0
2026-04-13 10:06:00-04:00,261.8800048828125,261.9700012207031,261.7900085449219,261.9700012207031,42923,0.0,0.0,0.0
2026-04-13 10:07:00-04:00,261.989990234375,262.1000061035156,261.989990234375,262.010009765625,70502,0.0,0.0,0.0
2026-04-13 10:08:00-04:00,261.989990234375,261.989990234375,261.8699951171875,261.9200134277344,41822,0.0,0.0,0.0
2026-04-13 10:09:00-04:00,261.8999938964844,261.8999938964844,261.6700134277344,261.7666015625,64510,0.0,0.0,0.0
2026-04-13 10:10:00-04:00,261.7699890136719,261.8299865722656,261.6499938964844,261.7300109863281,99542,0.0,0.0,0.0
2026-04-13 10:11:00-04:00,261.760009765625,261.8399963378906,261.65008544921875,261.7901916503906,57749,0.0,0.0,0.0
2026-04-13 10:12:00-04:00,261.7900085449219,261.8800048828125,261.7200012207031,261.7200012207031,39631,0.0,0.0,0.0
2026-04-13 10:13:00-04:00,261.7200012207031,261.80999755859375,261.68011474609375,261.7300109863281,15918,0.0,0.0,0.0
2026-04-13 10:14:00-04:00,261.7200012207031,261.8699951171875,261.6600036621094,261.80999755859375,40686,0.0,0.0,0.0
2026-04-13 10:15:00-04:00,261.82000732421875,261.8500061035156,261.6400146484375,261.7101135253906,40040,0.0,0.0,0.0
2026-04-13 10:16:00-04:00,261.6900939941406,261.80999755859375,261.69000244140625,261.739990234375,36273,0.0,0.0,0.0
2026-04-13 10:17:00-04:00,261.75,261.8299865722656,261.75,261.7799987792969,27677,0.0,0.0,0.0
2026-04-13 10:18:00-04:00,261.7799987792969,261.8800048828125,261.7300109863281,261.8699951171875,18935,0.0,0.0,0.0
2026-04-13 10:19:00-04:00,261.8699951171875,262.04998779296875,261.79998779296875,262.0299987792969,71819,0.0,0.0,0.0
2026-04-13 10:20:00-04:00,262.0400085449219,262.1400146484375,261.9599914550781,262.1099853515625,54092,0.0,0.0,0.0
2026-04-13 10:21:00-04:00,262.1300048828125,262.29998779296875,262.1000061035156,262.2900085449219,43255,0.0,0.0,0.0
2026-04-13 10:22:00-04:00,262.30999755859375,262.4100036621094,262.17999267578125,262.17999267578125,49513,0.0,0.0,0.0
2026-04-13 10:23:00-04:00,262.1700134277344,262.1700134277344,261.55999755859375,261.82000732421875,262801,0.0,0.0,0.0
2026-04-13 10:24:00-04:00,261.8500061035156,262.1899108886719,261.8500061035156,262.1499938964844,60350,0.0,0.0,0.0
2026-04-13 10:25:00-04:00,262.1700134277344,262.2200012207031,262.0799865722656,262.1600036621094,28226,0.0,0.0,0.0
2026-04-13 10:26:00-04:00,262.1600036621094,262.1600036621094,262.010009765625,262.04998779296875,20423,0.0,0.0,0.0
2026-04-13 10:27:00-04:00,262.05999755859375,262.2900085449219,262.0199890136719,262.2799987792969,38071,0.0,0.0,0.0
2026-04-13 10:28:00-04:00,262.29998779296875,262.32501220703125,262.2049865722656,262.29998779296875,22106,0.0,0.0,0.0
2026-04-13 10:29:00-04:00,262.2950134277344,262.4200134277344,262.2699890136719,262.4100036621094,31726,0.0,0.0,0.0
2026-04-13 10:30:00-04:00,262.42999267578125,262.44000244140625,262.32000732421875,262.3999938964844,27666,0.0,0.0,0.0
2026-04-13 10:31:00-04:00,262.3900146484375,262.6000061035156,262.3450012207031,262.6000061035156,40818,0.0,0.0,0.0
2026-04-13 10:32:00-04:00,262.5899963378906,262.6300048828125,262.3599853515625,262.3599853515625,90381,0.0,0.0,0.0
2026-04-13 10:33:00-04:00,262.3999938964844,262.5199890136719,262.3999938964844,262.4599914550781,41190,0.0,0.0,0.0
2026-04-13 10:34:00-04:00,262.45001220703125,262.489990234375,262.4100036621094,262.45001220703125,45997,0.0,0.0,0.0
2026-04-13 10:35:00-04:00,262.3999938964844,262.4200134277344,262.3599853515625,262.3999938964844,39815,0.0,0.0,0.0
2026-04-13 10:36:00-04:00,262.3900146484375,262.3999938964844,262.25,262.2799987792969,60321,0.0,0.0,0.0
2026-04-13 10:37:00-04:00,262.2699890136719,262.3500061035156,262.2200012207031,262.29998779296875,107979,0.0,0.0,0.0
2026-04-13 10:38:00-04:00,262.2900085449219,262.3599853515625,262.2550048828125,262.29998779296875,34369,0.0,0.0,0.0
2026-04-13 10:39:00-04:00,262.2900085449219,262.2900085449219,262.05999755859375,262.19000244140625,89604,0.0,0.0,0.0
2026-04-13 10:40:00-04:00,262.19000244140625,262.25,262.1499938964844,262.2300109863281,8609,0.0,0.0,0.0
2026-04-13 10:41:00-04:00,262.2300109863281,262.2300109863281,262.1499938964844,262.20001220703125,12093,0.0,0.0,0.0
2026-04-13 10:42:00-04:00,262.17999267578125,262.239990234375,262.1549987792969,262.2300109863281,10695,0.0,0.0,0.0
2026-04-13 10:43:00-04:00,262.239990234375,262.2699890136719,262.17999267578125,262.20001220703125,25940,0.0,0.0,0.0
2026-04-13 10:44:00-04:00,262.1499938964844,262.3299865722656,262.1499938964844,262.2650146484375,30283,0.0,0.0,0.0
2026-04-13 10:45:00-04:00,262.27783203125,262.30999755859375,262.2200012207031,262.239990234375,14096,0.0,0.0,0.0
2026-04-13 10:46:00-04:00,262.2200012207031,262.2300109863281,262.125,262.1400146484375,18208,0.0,0.0,0.0
2026-04-13 10:47:00-04:00,262.1449890136719,262.29998779296875,262.1300048828125,262.1300048828125,68269,0.0,0.0,0.0
2026-04-13 10:48:00-04:00,262.114990234375,262.1199951171875,262.0150146484375,262.04998779296875,26201,0.0,0.0,0.0
2026-04-13 10:49:00-04:00,262.05999755859375,262.0820007324219,261.9599914550781,261.9700927734375,23537,0.0,0.0,0.0
2026-04-13 10:50:00-04:00,261.9700012207031,262.1199951171875,261.9200134277344,262.04998779296875,55856,0.0,0.0,0.0
2026-04-13 10:51:00-04:00,262.0299987792969,262.0899963378906,261.9700012207031,261.9700012207031,27885,0.0,0.0,0.0
2026-04-13 10:52:00-04:00,261.9599914550781,262.0899963378906,261.9599914550781,262.0299987792969,16237,0.0,0.0,0.0
2026-04-13 10:53:00-04:00,262.0199890136719,262.0299987792969,261.989990234375,262.0299987792969,12288,0.0,0.0,0.0
2026-04-13 10:54:00-04:00,262.0,262.05999755859375,261.9800109863281,262.04998779296875,11617,0.0,0.0,0.0
2026-04-13 10:55:00-04:00,262.0379943847656,262.1400146484375,261.9700012207031,262.1400146484375,77610,0.0,0.0,0.0
2026-04-13 10:56:00-04:00,262.1700134277344,262.2300109863281,262.1300048828125,262.19000244140625,18675,0.0,0.0,0.0
2026-04-13 10:57:00-04:00,262.2099914550781,262.3699951171875,262.2099914550781,262.32501220703125,38495,0.0,0.0,0.0
2026-04-13 10:58:00-04:00,262.32000732421875,262.4685974121094,262.32000732421875,262.44000244140625,21980,0.0,0.0,0.0
2026-04-13 10:59:00-04:00,262.42999267578125,262.45001220703125,262.3800048828125,262.45001220703125,37421,0.0,0.0,0.0
2026-04-13 11:00:00-04:00,262.4599914550781,262.4599914550781,261.92999267578125,262.04998779296875,92577,0.0,0.0,0.0
2026-04-13 11:01:00-04:00,262.05999755859375,262.2799987792969,262.05999755859375,262.2099914550781,21221,0.0,0.0,0.0
2026-04-13 11:02:00-04:00,262.2200012207031,262.2200012207031,261.9800109863281,261.9800109863281,24343,0.0,0.0,0.0
2026-04-13 11:03:00-04:00,261.9700012207031,262.010009765625,261.8800048828125,261.92999267578125,14210,0.0,0.0,0.0
2026-04-13 11:04:00-04:00,261.8800048828125,261.9700012207031,261.8299865722656,261.8500061035156,22957,0.0,0.0,0.0
2026-04-13 11:05:00-04:00,261.84820556640625,261.94000244140625,261.760009765625,261.80499267578125,24311,0.0,0.0,0.0
2026-04-13 11:06:00-04:00,261.79998779296875,261.92999267578125,261.75,261.8800048828125,55628,0.0,0.0,0.0
2026-04-13 11:07:00-04:00,261.8999938964844,262.010009765625,261.8999938964844,261.9599914550781,19399,0.0,0.0,0.0
2026-04-13 11:08:00-04:00,261.9800109863281,261.9800109863281,261.82000732421875,261.8900146484375,66784,0.0,0.0,0.0
2026-04-13 11:09:00-04:00,261.8949890136719,262.010009765625,261.8599853515625,261.9800109863281,37925,0.0,0.0,0.0
2026-04-13 11:10:00-04:00,261.9800109863281,262.010009765625,261.8599853515625,261.8999938964844,22829,0.0,0.0,0.0
2026-04-13 11:11:00-04:00,261.9200134277344,262.1600036621094,261.9200134277344,262.1600036621094,34508,0.0,0.0,0.0
2026-04-13 11:12:00-04:00,262.1499938964844,262.20001220703125,262.114990234375,262.19000244140625,36377,0.0,0.0,0.0
2026-04-13 11:13:00-04:00,262.17999267578125,262.20001220703125,262.1400146484375,262.1700134277344,27539,0.0,0.0,0.0
2026-04-13 11:14:00-04:00,262.1600036621094,262.17999267578125,262.1300048828125,262.1700134277344,16369,0.0,0.0,0.0
2026-04-13 11:15:00-04:00,262.17999267578125,262.29998779296875,262.1400146484375,262.1499938964844,33506,0.0,0.0,0.0
2026-04-13 11:16:00-04:00,262.1199951171875,262.1400146484375,262.05999755859375,262.135009765625,27520,0.0,0.0,0.0
2026-04-13 11:17:00-04:00,262.1199951171875,262.1199951171875,261.9700927734375,262.0,218754,0.0,0.0,0.0
2026-04-13 11:18:00-04:00,261.989990234375,262.0299987792969,261.95001220703125,261.95001220703125,7156,0.0,0.0,0.0
2026-04-13 11:19:00-04:00,261.9800109863281,262.010009765625,261.8599853515625,261.875,16217,0.0,0.0,0.0
2026-04-13 11:20:00-04:00,261.8800048828125,262.1099853515625,261.8800048828125,262.0299987792969,64099,0.0,0.0,0.0
2026-04-13 11:21:00-04:00,262.010009765625,262.010009765625,261.8800964355469,261.8999938964844,12289,0.0,0.0,0.0
2026-04-13 11:22:00-04:00,261.8800048828125,261.8999938964844,261.80499267578125,261.8500061035156,36345,0.0,0.0,0.0
2026-04-13 11:23:00-04:00,261.8399963378906,261.8949890136719,261.80999755859375,261.875,28565,0.0,0.0,0.0
2026-04-13 11:24:00-04:00,261.8699951171875,261.8999938964844,261.7900085449219,261.8299865722656,22849,0.0,0.0,0.0
2026-04-13 11:25:00-04:00,261.8299865722656,261.8500061035156,261.760009765625,261.8500061035156,33591,0.0,0.0,0.0
2026-04-13 11:26:00-04:00,261.8500061035156,261.8500061035156,261.7099914550781,261.760009765625,24254,0.0,0.0,0.0
2026-04-13 11:27:00-04:00,261.7601013183594,261.7900085449219,261.72100830078125,261.7699890136719,13341,0.0,0.0,0.0
2026-04-13 11:28:00-04:00,261.7799987792969,261.8699951171875,261.760009765625,261.8099060058594,37753,0.0,0.0,0.0
2026-04-13 11:29:00-04:00,261.80499267578125,261.8399963378906,261.75,261.75,15354,0.0,0.0,0.0
2026-04-13 11:30:00-04:00,261.75,261.75,261.6099853515625,261.6499938964844,53650,0.0,0.0,0.0
2026-04-13 11:31:00-04:00,261.6600036621094,261.69000244140625,261.57000732421875,261.6300048828125,44881,0.0,0.0,0.0
2026-04-13 11:32:00-04:00,261.6499938964844,261.7099914550781,261.6400146484375,261.6600036621094,27834,0.0,0.0,0.0
2026-04-13 11:33:00-04:00,261.6700134277344,261.864990234375,261.6700134277344,261.8599853515625,28779,0.0,0.0,0.0
2026-04-13 11:34:00-04:00,261.8500061035156,261.8500061035156,261.7300109863281,261.79998779296875,20277,0.0,0.0,0.0
2026-04-13 11:35:00-04:00,261.79998779296875,261.8599853515625,261.75,261.7900085449219,14411,0.0,0.0,0.0
2026-04-13 11:36:00-04:00,261.760009765625,261.8800048828125,261.70001220703125,261.8699951171875,22656,0.0,0.0,0.0
2026-04-13 11:37:00-04:00,261.8699951171875,261.9599914550781,261.8699951171875,261.92999267578125,18444,0.0,0.0,0.0
2026-04-13 11:38:00-04:00,261.9100036621094,262.2250061035156,261.8380126953125,261.9599914550781,94816,0.0,0.0,0.0
2026-04-13 11:39:00-04:00,261.95001220703125,262.1099853515625,261.95001220703125,262.0799865722656,12509,0.0,0.0,0.0
2026-04-13 11:40:00-04:00,262.0799865722656,262.1400146484375,262.04998779296875,262.1099853515625,11952,0.0,0.0,0.0
2026-04-13 11:41:00-04:00,262.1199951171875,262.1300048828125,262.0400085449219,262.05999755859375,10497,0.0,0.0,0.0
2026-04-13 11:42:00-04:00,262.05999755859375,262.0799865722656,261.8599853515625,261.92999267578125,32552,0.0,0.0,0.0
2026-04-13 11:43:00-04:00,261.9200134277344,261.9200134277344,261.80999755859375,261.9100036621094,35202,0.0,0.0,0.0
2026-04-13 11:44:00-04:00,261.9100036621094,261.92999267578125,261.82000732421875,261.82000732421875,22239,0.0,0.0,0.0
2026-04-13 11:45:00-04:00,261.80999755859375,261.9100036621094,261.760009765625,261.8900146484375,13396,0.0,0.0,0.0
2026-04-13 11:46:00-04:00,261.8800048828125,261.95001220703125,261.8800048828125,261.94500732421875,12701,0.0,0.0,0.0
2026-04-13 11:47:00-04:00,261.92999267578125,261.9700012207031,261.85009765625,261.8800048828125,18059,0.0,0.0,0.0
2026-04-13 11:48:00-04:00,261.8800048828125,261.8999938964844,261.80999755859375,261.82000732421875,14831,0.0,0.0,0.0
2026-04-13 11:49:00-04:00,261.80999755859375,261.8699951171875,261.7900085449219,261.8699951171875,18740,0.0,0.0,0.0
2026-04-13 11:50:00-04:00,261.8800048828125,261.9100036621094,261.8299865722656,261.9100036621094,19870,0.0,0.0,0.0
2026-04-13 11:51:00-04:00,261.8999938964844,261.8999938964844,261.7900085449219,261.8500061035156,13577,0.0,0.0,0.0
2026-04-13 11:52:00-04:00,261.8550109863281,261.8900146484375,261.82501220703125,261.8599853515625,13705,0.0,0.0,0.0
2026-04-13 11:53:00-04:00,261.8900146484375,261.92999267578125,261.8599853515625,261.9200134277344,19028,0.0,0.0,0.0
2026-04-13 11:54:00-04:00,261.9100036621094,261.9100036621094,261.80999755859375,261.8299865722656,58550,0.0,0.0,0.0
2026-04-13 11:55:00-04:00,261.79998779296875,261.82000732421875,261.760009765625,261.80999755859375,22075,0.0,0.0,0.0
2026-04-13 11:56:00-04:00,261.79998779296875,261.8699951171875,261.7850036621094,261.7900085449219,22568,0.0,0.0,0.0
2026-04-13 11:57:00-04:00,261.80999755859375,261.8399963378906,261.7384948730469,261.82000732421875,10702,0.0,0.0,0.0
2026-04-13 11:58:00-04:00,261.8100891113281,261.8699951171875,261.79998779296875,261.8450012207031,7324,0.0,0.0,0.0
2026-04-13 11:59:00-04:00,261.8349914550781,261.8699951171875,261.79998779296875,261.8599853515625,55802,0.0,0.0,0.0
2026-04-13 12:00:00-04:00,261.8699951171875,261.95001220703125,261.8500061035156,261.8500061035156,11858,0.0,0.0,0.0
2026-04-13 12:01:00-04:00,261.8500061035156,261.8900146484375,261.80999755859375,261.8800048828125,21849,0.0,0.0,0.0
2026-04-13 12:02:00-04:00,261.8699951171875,261.8800048828125,261.635009765625,261.6499938964844,28522,0.0,0.0,0.0
2026-04-13 12:03:00-04:00,261.6600036621094,261.7149963378906,261.6199951171875,261.7099914550781,11284,0.0,0.0,0.0
2026-04-13 12:04:00-04:00,261.69000244140625,261.7200012207031,261.6400146484375,261.7099914550781,25299,0.0,0.0,0.0
2026-04-13 12:05:00-04:00,261.7099914550781,261.7099914550781,261.5799865722656,261.6499938964844,12325,0.0,0.0,0.0
2026-04-13 12:06:00-04:00,261.6600036621094,262.5299987792969,261.6499938964844,262.2349853515625,193420,0.0,0.0,0.0
2026-04-13 12:07:00-04:00,262.2200012207031,262.2200012207031,261.9599914550781,262.0400085449219,66413,0.0,0.0,0.0
2026-04-13 12:08:00-04:00,262.0199890136719,262.1700134277344,261.92999267578125,262.1099853515625,29988,0.0,0.0,0.0
2026-04-13 12:09:00-04:00,262.1400146484375,262.25,262.1400146484375,262.17999267578125,65549,0.0,0.0,0.0
2026-04-13 12:10:00-04:00,262.17498779296875,262.2900085449219,262.1300048828125,262.2900085449219,21724,0.0,0.0,0.0
2026-04-13 12:11:00-04:00,262.2900085449219,262.46258544921875,262.239990234375,262.385986328125,46137,0.0,0.0,0.0
2026-04-13 12:12:00-04:00,262.3800048828125,262.44000244140625,262.3399963378906,262.3399963378906,37288,0.0,0.0,0.0
2026-04-13 12:13:00-04:00,262.32000732421875,262.45001220703125,262.2799987792969,262.3699951171875,32646,0.0,0.0,0.0
2026-04-13 12:14:00-04:00,262.3800048828125,262.4100036621094,262.3299865722656,262.3299865722656,12799,0.0,0.0,0.0
2026-04-13 12:15:00-04:00,262.3399963378906,262.3800048828125,262.25,262.2900085449219,13290,0.0,0.0,0.0
2026-04-13 12:16:00-04:00,262.2799987792969,262.42999267578125,262.25,262.4200134277344,27353,0.0,0.0,0.0
2026-04-13 12:17:00-04:00,262.45001220703125,262.4700012207031,262.3800048828125,262.44500732421875,43936,0.0,0.0,0.0
2026-04-13 12:18:00-04:00,262.4630126953125,262.5050048828125,262.3500061035156,262.4700012207031,25745,0.0,0.0,0.0
2026-04-13 12:19:00-04:00,262.4800109863281,262.4800109863281,262.4200134277344,262.43499755859375,22347,0.0,0.0,0.0
2026-04-13 12:20:00-04:00,262.45001220703125,262.8299865722656,262.45001220703125,262.489990234375,142433,0.0,0.0,0.0
2026-04-13 12:21:00-04:00,262.4700012207031,262.69000244140625,262.44000244140625,262.6600036621094,44417,0.0,0.0,0.0
2026-04-13 12:22:00-04:00,262.6499938964844,262.6700134277344,262.6099853515625,262.614990234375,13117,0.0,0.0,0.0
2026-04-13 12:23:00-04:00,262.6000061035156,262.739990234375,262.5450134277344,262.7200012207031,23623,0.0,0.0,0.0
2026-04-13 12:24:00-04:00,262.7200012207031,262.8399963378906,262.7200012207031,262.79998779296875,38137,0.0,0.0,0.0
2026-04-13 12:25:00-04:00,262.79998779296875,262.885009765625,262.79998779296875,262.8500061035156,26152,0.0,0.0,0.0
2026-04-13 12:26:00-04:00,262.8699951171875,262.8919982910156,262.7650146484375,262.7950134277344,24746,0.0,0.0,0.0
2026-04-13 12:27:00-04:00,262.7799987792969,262.8800048828125,262.7799987792969,262.8599853515625,18923,0.0,0.0,0.0
2026-04-13 12:28:00-04:00,262.8500061035156,262.9750061035156,262.7799987792969,262.9700012207031,38335,0.0,0.0,0.0
2026-04-13 12:29:00-04:00,262.95001220703125,263.2900085449219,262.95001220703125,263.1700134277344,119834,0.0,0.0,0.0
2026-04-13 12:30:00-04:00,263.1700134277344,263.2449951171875,263.1000061035156,263.2449951171875,56153,0.0,0.0,0.0
2026-04-13 12:31:00-04:00,263.239990234375,263.30999755859375,263.17999267578125,263.2250061035156,211585,0.0,0.0,0.0
2026-04-13 12:32:00-04:00,263.2099914550781,263.260009765625,263.0299987792969,263.0299987792969,39576,0.0,0.0,0.0
2026-04-13 12:33:00-04:00,263.0199890136719,263.4700012207031,262.9949951171875,263.1400146484375,68891,0.0,0.0,0.0
2026-04-13 12:34:00-04:00,263.125,263.1499938964844,263.07000732421875,263.1400146484375,74535,0.0,0.0,0.0
2026-04-13 12:35:00-04:00,263.1099853515625,263.6099853515625,263.1000061035156,263.4100036621094,71868,0.0,0.0,0.0
2026-04-13 12:36:00-04:00,263.4049987792969,263.4599914550781,263.25,263.25,38880,0.0,0.0,0.0
2026-04-13 12:37:00-04:00,263.2349853515625,263.3599853515625,263.2301025390625,263.30999755859375,44455,0.0,0.0,0.0
2026-04-13 12:38:00-04:00,263.3399963378906,263.40008544921875,263.2799987792969,263.2840881347656,18880,0.0,0.0,0.0
2026-04-13 12:39:00-04:00,263.2749938964844,263.43499755859375,263.2300109863281,263.29998779296875,44154,0.0,0.0,0.0
2026-04-13 12:40:00-04:00,263.30499267578125,263.5199890136719,263.1700134277344,263.3800048828125,77296,0.0,0.0,0.0
2026-04-13 12:41:00-04:00,263.3900146484375,263.489990234375,263.0400085449219,263.1300048828125,115924,0.0,0.0,0.0
2026-04-13 12:42:00-04:00,263.1300048828125,263.1600036621094,262.9700012207031,263.0899963378906,67937,0.0,0.0,0.0
2026-04-13 12:43:00-04:00,263.04998779296875,263.3999938964844,263.0246887207031,263.3699951171875,36488,0.0,0.0,0.0
2026-04-13 12:44:00-04:00,263.3800048828125,263.55999755859375,263.3800048828125,263.4649963378906,32561,0.0,0.0,0.0
2026-04-13 12:45:00-04:00,263.4100036621094,263.5,263.4100036621094,263.489990234375,12215,0.0,0.0,0.0
2026-04-13 12:46:00-04:00,263.489990234375,263.6099853515625,263.4849853515625,263.5400085449219,69019,0.0,0.0,0.0
2026-04-13 12:47:00-04:00,263.5249938964844,264.0,263.5249938964844,263.9200134277344,154982,0.0,0.0,0.0
2026-04-13 12:48:00-04:00,263.9200134277344,264.0400085449219,263.8699951171875,263.94000244140625,144014,0.0,0.0,0.0
2026-04-13 12:49:00-04:00,263.92999267578125,264.010009765625,263.8399963378906,263.864990234375,62079,0.0,0.0,0.0
2026-04-13 12:50:00-04:00,263.8699951171875,264.17999267578125,263.8200988769531,264.1315002441406,69428,0.0,0.0,0.0
2026-04-13 12:51:00-04:00,264.1400146484375,264.32000732421875,264.010009765625,264.0198059082031,105950,0.0,0.0,0.0
2026-04-13 12:52:00-04:00,264.0050048828125,264.0050048828125,263.8399963378906,263.8699951171875,36104,0.0,0.0,0.0
2026-04-13 12:53:00-04:00,263.8500061035156,263.875,263.67999267578125,263.70001220703125,71279,0.0,0.0,0.0
2026-04-13 12:54:00-04:00,263.70001220703125,263.8299865722656,263.70001220703125,263.82000732421875,62664,0.0,0.0,0.0
2026-04-13 12:55:00-04:00,263.82000732421875,263.8299865722656,263.7099914550781,263.7701110839844,99301,0.0,0.0,0.0
2026-04-13 12:56:00-04:00,263.7699890136719,263.8900146484375,263.75,263.8699951171875,28677,0.0,0.0,0.0
2026-04-13 12:57:00-04:00,263.8699951171875,263.8999938964844,263.82501220703125,263.8599853515625,13555,0.0,0.0,0.0
2026-04-13 12:58:00-04:00,263.864990234375,263.9100036621094,263.82501220703125,263.9100036621094,14541,0.0,0.0,0.0
2026-04-13 12:59:00-04:00,263.9100036621094,263.9849853515625,263.9100036621094,263.9100036621094,14745,0.0,0.0,0.0
2026-04-13 13:00:00-04:00,263.92999267578125,264.0400085449219,263.92999267578125,263.92999267578125,24183,0.0,0.0,0.0
2026-04-13 13:01:00-04:00,263.92999267578125,263.94000244140625,263.8500061035156,263.9200134277344,18606,0.0,0.0,0.0
2026-04-13 13:02:00-04:00,263.8999938964844,263.92999267578125,263.8500061035156,263.8949890136719,24495,0.0,0.0,0.0
2026-04-13 13:03:00-04:00,263.9049987792969,263.9649963378906,263.7900085449219,263.7900085449219,18349,0.0,0.0,0.0
2026-04-13 13:04:00-04:00,263.7900085449219,263.92999267578125,263.7799987792969,263.885009765625,28086,0.0,0.0,0.0
2026-04-13 13:05:00-04:00,263.885009765625,263.94000244140625,263.7799987792969,263.7850036621094,83474,0.0,0.0,0.0
2026-04-13 13:06:00-04:00,263.7799987792969,263.8599853515625,263.7701110839844,263.8299865722656,14980,0.0,0.0,0.0
2026-04-13 13:07:00-04:00,263.80999755859375,263.8500061035156,263.7850036621094,263.79998779296875,15270,0.0,0.0,0.0
2026-04-13 13:08:00-04:00,263.80999755859375,263.80999755859375,263.7300109863281,263.7699890136719,17248,0.0,0.0,0.0
2026-04-13 13:09:00-04:00,263.75,263.79998779296875,263.7099914550781,263.7900085449219,14674,0.0,0.0,0.0
2026-04-13 13:10:00-04:00,263.7749938964844,263.8500061035156,263.75,263.8500061035156,17068,0.0,0.0,0.0
2026-04-13 13:11:00-04:00,263.8599853515625,263.8949890136719,263.7900085449219,263.80999755859375,17057,0.0,0.0,0.0
2026-04-13 13:12:00-04:00,263.79998779296875,263.79998779296875,263.75,263.7699890136719,11004,0.0,0.0,0.0
2026-04-13 13:13:00-04:00,263.7699890136719,263.79998779296875,263.7650146484375,263.7799987792969,10295,0.0,0.0,0.0
2026-04-13 13:14:00-04:00,263.7699890136719,263.82000732421875,263.75,263.81500244140625,13649,0.0,0.0,0.0
2026-04-13 13:15:00-04:00,263.8299865722656,263.8800048828125,263.79998779296875,263.875,26262,0.0,0.0,0.0
2026-04-13 13:16:00-04:00,263.8699951171875,263.9200134277344,263.8699951171875,263.8800048828125,28380,0.0,0.0,0.0
2026-04-13 13:17:00-04:00,263.8699951171875,263.94000244140625,263.8699951171875,263.93499755859375,12198,0.0,0.0,0.0
2026-04-13 13:18:00-04:00,263.94000244140625,264.0400085449219,263.9150085449219,264.0299987792969,28138,0.0,0.0,0.0
2026-04-13 13:19:00-04:00,264.0450134277344,264.1700134277344,263.9949951171875,264.0150146484375,96816,0.0,0.0,0.0
2026-04-13 13:20:00-04:00,264.0199890136719,264.0199890136719,263.875,263.9700012207031,18080,0.0,0.0,0.0
2026-04-13 13:21:00-04:00,263.9700012207031,264.0400085449219,263.92999267578125,264.0299987792969,12861,0.0,0.0,0.0
2026-04-13 13:22:00-04:00,264.0400085449219,264.0400085449219,263.95001220703125,263.9549865722656,30713,0.0,0.0,0.0
2026-04-13 13:23:00-04:00,263.95001220703125,263.9599914550781,263.8949890136719,263.9100036621094,56821,0.0,0.0,0.0
2026-04-13 13:24:00-04:00,263.8800048828125,263.8999938964844,263.8500061035156,263.864990234375,34571,0.0,0.0,0.0
2026-04-13 13:25:00-04:00,263.8699951171875,263.92999267578125,263.8450012207031,263.92498779296875,25118,0.0,0.0,0.0
2026-04-13 13:26:00-04:00,263.9399108886719,263.9599914550781,263.8900146484375,263.94000244140625,28431,0.0,0.0,0.0
2026-04-13 13:27:00-04:00,263.94000244140625,263.9800109863281,263.9200134277344,263.92999267578125,17270,0.0,0.0,0.0
2026-04-13 13:28:00-04:00,263.94000244140625,263.9599914550781,263.8999938964844,263.9049987792969,10442,0.0,0.0,0.0
2026-04-13 13:29:00-04:00,263.8999938964844,263.9599914550781,263.8999938964844,263.9200134277344,25718,0.0,0.0,0.0
2026-04-13 13:30:00-04:00,263.9200134277344,264.0150146484375,263.9200134277344,264.0,36887,0.0,0.0,0.0
2026-04-13 13:31:00-04:00,264.010009765625,264.0150146484375,263.9356994628906,263.9356994628906,18785,0.0,0.0,0.0
2026-04-13 13:32:00-04:00,263.9200134277344,263.9999084472656,263.9200134277344,263.989990234375,24134,0.0,0.0,0.0
2026-04-13 13:33:00-04:00,264.0,264.010009765625,263.9200134277344,263.94000244140625,16447,0.0,0.0,0.0
2026-04-13 13:34:00-04:00,263.92999267578125,263.92999267578125,263.8299865722656,263.8399963378906,49164,0.0,0.0,0.0
2026-04-13 13:35:00-04:00,263.8450012207031,263.8450012207031,263.7349853515625,263.739990234375,35786,0.0,0.0,0.0
2026-04-13 13:36:00-04:00,263.7349853515625,263.8424987792969,263.7349853515625,263.7950134277344,25269,0.0,0.0,0.0
2026-04-13 13:37:00-04:00,263.7900085449219,263.9049987792969,263.7300109863281,263.8599853515625,21848,0.0,0.0,0.0
2026-04-13 13:38:00-04:00,263.8599853515625,263.8800048828125,263.8299865722656,263.8399963378906,17349,0.0,0.0,0.0
2026-04-13 13:39:00-04:00,263.8349914550781,263.885009765625,263.7900085449219,263.80999755859375,28917,0.0,0.0,0.0
2026-04-13 13:40:00-04:00,263.79998779296875,263.8599853515625,263.7998962402344,263.7998962402344,36116,0.0,0.0,0.0
2026-04-13 13:41:00-04:00,263.7950134277344,263.885009765625,263.7950134277344,263.8500061035156,40151,0.0,0.0,0.0
2026-04-13 13:42:00-04:00,263.8500061035156,263.85699462890625,263.739990234375,263.80499267578125,23128,0.0,0.0,0.0
2026-04-13 13:43:00-04:00,263.79998779296875,263.80999755859375,263.75,263.80499267578125,24229,0.0,0.0,0.0
2026-04-13 13:44:00-04:00,263.79998779296875,263.80999755859375,263.739990234375,263.7749938964844,16281,0.0,0.0,0.0
2026-04-13 13:45:00-04:00,263.7749938964844,263.7749938964844,263.70001220703125,263.7300109863281,25503,0.0,0.0,0.0
2026-04-13 13:46:00-04:00,263.7099914550781,263.760009765625,263.70001220703125,263.75,22136,0.0,0.0,0.0
2026-04-13 13:47:00-04:00,263.760009765625,263.7699890136719,263.7200012207031,263.7349853515625,15103,0.0,0.0,0.0
2026-04-13 13:48:00-04:00,263.7300109863281,263.7699890136719,263.70001220703125,263.7699890136719,18027,0.0,0.0,0.0
2026-04-13 13:49:00-04:00,263.760009765625,263.7622985839844,263.7200012207031,263.75,19714,0.0,0.0,0.0
2026-04-13 13:50:00-04:00,263.75,263.760009765625,263.6600036621094,263.6650085449219,19438,0.0,0.0,0.0
2026-04-13 13:51:00-04:00,263.6700134277344,263.82049560546875,263.6700134277344,263.7900085449219,23603,0.0,0.0,0.0
2026-04-13 13:52:00-04:00,263.7900085449219,263.8900146484375,263.7900085449219,263.81500244140625,43594,0.0,0.0,0.0
2026-04-13 13:53:00-04:00,263.82000732421875,263.8599853515625,263.7850036621094,263.8299865722656,28807,0.0,0.0,0.0
2026-04-13 13:54:00-04:00,263.82000732421875,263.8599853515625,263.7380065917969,263.8500061035156,28951,0.0,0.0,0.0
2026-04-13 13:55:00-04:00,263.80999755859375,263.81988525390625,263.75,263.79998779296875,15037,0.0,0.0,0.0
2026-04-13 13:56:00-04:00,263.7900085449219,263.7900085449219,263.67999267578125,263.7149963378906,45790,0.0,0.0,0.0
2026-04-13 13:57:00-04:00,263.7149963378906,263.75,263.68499755859375,263.7250061035156,23325,0.0,0.0,0.0
2026-04-13 13:58:00-04:00,263.7099914550781,263.7099914550781,263.6549987792969,263.6650085449219,16588,0.0,0.0,0.0
2026-04-13 13:59:00-04:00,263.6700134277344,263.7099914550781,263.6700134277344,263.67999267578125,24982,0.0,0.0,0.0
2026-04-13 14:00:00-04:00,263.67999267578125,263.82000732421875,263.67999267578125,263.81500244140625,20033,0.0,0.0,0.0
2026-04-13 14:01:00-04:00,263.79998779296875,263.8599853515625,263.7449951171875,263.8450012207031,14670,0.0,0.0,0.0
2026-04-13 14:02:00-04:00,263.8399963378906,263.9100036621094,263.79998779296875,263.8999938964844,32455,0.0,0.0,0.0
2026-04-13 14:03:00-04:00,263.9049987792969,263.9100036621094,263.8349914550781,263.8900146484375,42280,0.0,0.0,0.0
2026-04-13 14:04:00-04:00,263.8900146484375,263.8999938964844,263.81500244140625,263.8399963378906,21303,0.0,0.0,0.0
2026-04-13 14:05:00-04:00,263.8399963378906,263.8699951171875,263.82000732421875,263.8299865722656,15151,0.0,0.0,0.0
2026-04-13 14:06:00-04:00,263.8399963378906,263.8900146484375,263.82000732421875,263.88189697265625,15401,0.0,0.0,0.0
2026-04-13 14:07:00-04:00,263.8500061035156,263.9200134277344,263.8450012207031,263.8800048828125,11759,0.0,0.0,0.0
2026-04-13 14:08:00-04:00,263.8800048828125,263.9700012207031,263.8800048828125,263.8901062011719,58981,0.0,0.0,0.0
2026-04-13 14:09:00-04:00,263.8800048828125,263.9100036621094,263.8500061035156,263.875,24186,0.0,0.0,0.0
2026-04-13 14:10:00-04:00,263.8699951171875,263.92999267578125,263.864990234375,263.8900146484375,23983,0.0,0.0,0.0
2026-04-13 14:11:00-04:00,263.8999938964844,263.94000244140625,263.8699951171875,263.8900146484375,43932,0.0,0.0,0.0
2026-04-13 14:12:00-04:00,263.8800048828125,263.92999267578125,263.875,263.92999267578125,33913,0.0,0.0,0.0
2026-04-13 14:13:00-04:00,263.92999267578125,263.93499755859375,263.8900146484375,263.9100036621094,22338,0.0,0.0,0.0
2026-04-13 14:14:00-04:00,263.9200134277344,263.9700012207031,263.9200134277344,263.95001220703125,17557,0.0,0.0,0.0
2026-04-13 14:15:00-04:00,263.9549865722656,263.9599914550781,263.8999938964844,263.92999267578125,21286,0.0,0.0,0.0
2026-04-13 14:16:00-04:00,263.94000244140625,263.989990234375,263.94000244140625,263.9849853515625,24922,0.0,0.0,0.0
2026-04-13 14:17:00-04:00,263.989990234375,264.0400085449219,263.9501037597656,264.0299987792969,33007,0.0,0.0,0.0
2026-04-13 14:18:00-04:00,264.0199890136719,264.0350036621094,263.9849853515625,264.0350036621094,19816,0.0,0.0,0.0
2026-04-13 14:19:00-04:00,264.0350036621094,264.07000732421875,264.010009765625,264.0101013183594,34302,0.0,0.0,0.0
2026-04-13 14:20:00-04:00,264.010009765625,264.0350036621094,263.9700012207031,263.989990234375,62016,0.0,0.0,0.0
2026-04-13 14:21:00-04:00,263.9849853515625,264.1499938964844,263.9674987792969,264.1300048828125,101142,0.0,0.0,0.0
2026-04-13 14:22:00-04:00,264.1300048828125,264.1600036621094,264.0799865722656,264.1300048828125,24523,0.0,0.0,0.0
2026-04-13 14:23:00-04:00,264.135009765625,264.1600036621094,264.0849914550781,264.0899963378906,42830,0.0,0.0,0.0
2026-04-13 14:24:00-04:00,264.0950012207031,264.0950012207031,264.0400085449219,264.0400085449219,20918,0.0,0.0,0.0
2026-04-13 14:25:00-04:00,264.04998779296875,264.05999755859375,263.9800109863281,264.0199890136719,24037,0.0,0.0,0.0
2026-04-13 14:26:00-04:00,264.010009765625,264.0199890136719,263.9599914550781,263.9700012207031,29707,0.0,0.0,0.0
2026-04-13 14:27:00-04:00,263.9599914550781,263.9800109863281,263.8800048828125,263.8800048828125,51618,0.0,0.0,0.0
2026-04-13 14:28:00-04:00,263.8900146484375,264.0299987792969,263.8900146484375,263.95001220703125,21431,0.0,0.0,0.0
2026-04-13 14:29:00-04:00,263.94000244140625,263.9800109863281,263.9100036621094,263.9700012207031,34119,0.0,0.0,0.0
2026-04-13 14:30:00-04:00,263.95001220703125,263.9800109863281,263.8800048828125,263.93499755859375,13113,0.0,0.0,0.0
2026-04-13 14:31:00-04:00,263.92999267578125,263.9800109863281,263.8900146484375,263.9096984863281,17339,0.0,0.0,0.0
2026-04-13 14:32:00-04:00,263.8900146484375,263.92999267578125,263.8800048828125,263.9198913574219,25654,0.0,0.0,0.0
2026-04-13 14:33:00-04:00,263.9200134277344,263.9800109863281,263.9100036621094,263.94000244140625,33588,0.0,0.0,0.0
2026-04-13 14:34:00-04:00,263.95001220703125,263.9849853515625,263.92999267578125,263.9750061035156,26776,0.0,0.0,0.0
2026-04-13 14:35:00-04:00,263.9700012207031,263.9750061035156,263.8800048828125,263.9599914550781,24812,0.0,0.0,0.0
2026-04-13 14:36:00-04:00,263.95001220703125,263.9700012207031,263.9100036621094,263.9700012207031,12834,0.0,0.0,0.0
2026-04-13 14:37:00-04:00,263.9700012207031,263.9800109863281,263.94500732421875,263.94500732421875,18134,0.0,0.0,0.0
2026-04-13 14:38:00-04:00,263.94000244140625,264.0799865722656,263.9100036621094,264.05999755859375,24120,0.0,0.0,0.0
2026-04-13 14:39:00-04:00,264.05999755859375,264.0899963378906,264.0299987792969,264.0350036621094,7849,0.0,0.0,0.0
2026-04-13 14:40:00-04:00,264.0400085449219,264.0899963378906,264.0350036621094,264.0799865722656,11748,0.0,0.0,0.0
2026-04-13 14:41:00-04:00,264.05999755859375,264.1600036621094,264.04998779296875,264.1499938964844,8363,0.0,0.0,0.0
2026-04-13 14:42:00-04:00,264.135009765625,264.2099914550781,264.135009765625,264.2099914550781,17653,0.0,0.0,0.0
2026-04-13 14:43:00-04:00,264.2099914550781,264.2349853515625,264.19500732421875,264.2349853515625,46539,0.0,0.0,0.0
2026-04-13 14:44:00-04:00,264.2300109863281,264.260009765625,264.20001220703125,264.239990234375,47164,0.0,0.0,0.0
2026-04-13 14:45:00-04:00,264.2380065917969,264.4100036621094,264.2380065917969,264.3949890136719,96406,0.0,0.0,0.0
2026-04-13 14:46:00-04:00,264.3900146484375,264.4649963378906,264.3500061035156,264.3699951171875,29827,0.0,0.0,0.0
2026-04-13 14:47:00-04:00,264.3599853515625,264.3800048828125,264.3399963378906,264.375,16067,0.0,0.0,0.0
2026-04-13 14:48:00-04:00,264.375,264.4700012207031,264.375,264.4200134277344,18209,0.0,0.0,0.0
2026-04-13 14:49:00-04:00,264.4100036621094,264.5,264.3999938964844,264.46240234375,33932,0.0,0.0,0.0
2026-04-13 14:50:00-04:00,264.4599914550781,264.49700927734375,264.3900146484375,264.4049987792969,38935,0.0,0.0,0.0
2026-04-13 14:51:00-04:00,264.4100036621094,264.5899963378906,264.4100036621094,264.489990234375,65896,0.0,0.0,0.0
2026-04-13 14:52:00-04:00,264.510009765625,264.5899963378906,264.510009765625,264.5249938964844,27375,0.0,0.0,0.0
2026-04-13 14:53:00-04:00,264.510009765625,264.5299987792969,264.45001220703125,264.4800109863281,15943,0.0,0.0,0.0
2026-04-13 14:54:00-04:00,264.4700012207031,264.5249938964844,264.4200134277344,264.4549865722656,42020,0.0,0.0,0.0
2026-04-13 14:55:00-04:00,264.4599914550781,264.5199890136719,264.4100036621094,264.4750061035156,79754,0.0,0.0,0.0
2026-04-13 14:56:00-04:00,264.4700012207031,264.4700012207031,264.3900146484375,264.42498779296875,43139,0.0,0.0,0.0
2026-04-13 14:57:00-04:00,264.3999938964844,264.4200134277344,264.3500061035156,264.3999938964844,30815,0.0,0.0,0.0
2026-04-13 14:58:00-04:00,264.3949890136719,264.4649963378906,264.3599853515625,264.3699951171875,36398,0.0,0.0,0.0
2026-04-13 14:59:00-04:00,264.3699951171875,264.45001220703125,264.3699951171875,264.3999938964844,20979,0.0,0.0,0.0
2026-04-13 15:00:00-04:00,264.4049987792969,264.4649963378906,264.375,264.4599914550781,29895,0.0,0.0,0.0
2026-04-13 15:01:00-04:00,264.45001220703125,264.5,264.4100036621094,264.45001220703125,18726,0.0,0.0,0.0
2026-04-13 15:02:00-04:00,264.4599914550781,264.4800109863281,264.3599853515625,264.3599853515625,27167,0.0,0.0,0.0
2026-04-13 15:03:00-04:00,264.3500061035156,264.45001220703125,264.3500061035156,264.42498779296875,17807,0.0,0.0,0.0
2026-04-13 15:04:00-04:00,264.42999267578125,264.45001220703125,264.3699951171875,264.3999938964844,30874,0.0,0.0,0.0
2026-04-13 15:05:00-04:00,264.4100036621094,264.44500732421875,264.3800048828125,264.44000244140625,15432,0.0,0.0,0.0
2026-04-13 15:06:00-04:00,264.44500732421875,264.45001220703125,264.3699951171875,264.3699951171875,19645,0.0,0.0,0.0
2026-04-13 15:07:00-04:00,264.3599853515625,264.3900146484375,264.3399963378906,264.35009765625,21281,0.0,0.0,0.0
2026-04-13 15:08:00-04:00,264.3599853515625,264.4649963378906,264.3599853515625,264.4150085449219,20722,0.0,0.0,0.0
2026-04-13 15:09:00-04:00,264.4150085449219,264.54998779296875,264.4150085449219,264.5169982910156,126769,0.0,0.0,0.0
2026-04-13 15:10:00-04:00,264.5150146484375,264.5199890136719,264.4599914550781,264.5150146484375,32600,0.0,0.0,0.0
2026-04-13 15:11:00-04:00,264.510009765625,264.510009765625,264.375,264.42999267578125,31601,0.0,0.0,0.0
2026-04-13 15:12:00-04:00,264.42999267578125,264.489990234375,264.42999267578125,264.4649963378906,16641,0.0,0.0,0.0
2026-04-13 15:13:00-04:00,264.4599914550781,264.489990234375,264.385009765625,264.42498779296875,40117,0.0,0.0,0.0
2026-04-13 15:14:00-04:00,264.4200134277344,264.4800109863281,264.4200134277344,264.4800109863281,13480,0.0,0.0,0.0
2026-04-13 15:15:00-04:00,264.4800109863281,264.5199890136719,264.4798889160156,264.5150146484375,14164,0.0,0.0,0.0
2026-04-13 15:16:00-04:00,264.5199890136719,264.56500244140625,264.510009765625,264.56500244140625,25994,0.0,0.0,0.0
2026-04-13 15:17:00-04:00,264.55499267578125,264.590087890625,264.5400085449219,264.5799865722656,47990,0.0,0.0,0.0
2026-04-13 15:18:00-04:00,264.5799865722656,264.6199951171875,264.5799865722656,264.614990234375,49494,0.0,0.0,0.0
2026-04-13 15:19:00-04:00,264.6199951171875,264.6499938964844,264.5899963378906,264.5950012207031,1022686,0.0,0.0,0.0
2026-04-13 15:20:00-04:00,264.5899963378906,264.7200012207031,264.57000732421875,264.70001220703125,114765,0.0,0.0,0.0
2026-04-13 15:21:00-04:00,264.70001220703125,264.739990234375,264.69000244140625,264.739990234375,23923,0.0,0.0,0.0
2026-04-13 15:22:00-04:00,264.739990234375,264.7799987792969,264.69500732421875,264.7550048828125,341676,0.0,0.0,0.0
2026-04-13 15:23:00-04:00,264.760009765625,264.8169860839844,264.7449951171875,264.7900085449219,25097,0.0,0.0,0.0
2026-04-13 15:24:00-04:00,264.7850036621094,264.7850036621094,264.69500732421875,264.70001220703125,28278,0.0,0.0,0.0
2026-04-13 15:25:00-04:00,264.69500732421875,264.7149963378906,264.6499938964844,264.6700134277344,44426,0.0,0.0,0.0
2026-04-13 15:26:00-04:00,264.6600036621094,264.7699890136719,264.6499938964844,264.7650146484375,14683,0.0,0.0,0.0
2026-04-13 15:27:00-04:00,264.760009765625,264.7900085449219,264.7250061035156,264.7900085449219,357302,0.0,0.0,0.0
2026-04-13 15:28:00-04:00,264.7850036621094,264.8299865722656,264.7449951171875,264.8299865722656,0,0.0,0.0,0.0
2026-04-13 15:29:00-04:00,264.82000732421875,264.82000732421875,264.7650146484375,264.7842102050781,29331,0.0,0.0,0.0
2026-04-13 15:30:00-04:00,264.7799987792969,264.7799987792969,264.67999267578125,264.739990234375,56364,0.0,0.0,0.0
2026-04-13 15:31:00-04:00,264.7300109863281,264.9200134277344,264.710693359375,264.8999938964844,58913,0.0,0.0,0.0
2026-04-13 15:32:00-04:00,264.8999938964844,264.9200134277344,264.82000732421875,264.8349914550781,20431,0.0,0.0,0.0
2026-04-13 15:33:00-04:00,264.8299865722656,264.8699951171875,264.80999755859375,264.80999755859375,50814,0.0,0.0,0.0
2026-04-13 15:34:00-04:00,264.7900085449219,264.864990234375,264.7799987792969,264.80499267578125,42516,0.0,0.0,0.0
2026-04-13 15:35:00-04:00,264.79998779296875,264.79998779296875,264.69000244140625,264.75,47667,0.0,0.0,0.0
2026-04-13 15:36:00-04:00,264.75,264.8999938964844,264.75,264.8599853515625,29755,0.0,0.0,0.0
2026-04-13 15:37:00-04:00,264.864990234375,264.8949890136719,264.7900085449219,264.8070068359375,599011,0.0,0.0,0.0
2026-04-13 15:38:00-04:00,264.7900085449219,264.79998779296875,264.7200012207031,264.7250061035156,24392,0.0,0.0,0.0
2026-04-13 15:39:00-04:00,264.7200012207031,264.7449951171875,264.69000244140625,264.7149963378906,23223,0.0,0.0,0.0
2026-04-13 15:40:00-04:00,264.7099914550781,264.7900085449219,264.70001220703125,264.72039794921875,43957,0.0,0.0,0.0
2026-04-13 15:41:00-04:00,264.7200012207031,264.7300109863281,264.6700134277344,264.69500732421875,42396,0.0,0.0,0.0
2026-04-13 15:42:00-04:00,264.68499755859375,264.69000244140625,264.6400146484375,264.67999267578125,36466,0.0,0.0,0.0
2026-04-13 15:43:00-04:00,264.69000244140625,264.7099914550781,264.6650085449219,264.67999267578125,62404,0.0,0.0,0.0
2026-04-13 15:44:00-04:00,264.6700134277344,264.8299865722656,264.6700134277344,264.7799987792969,67494,0.0,0.0,0.0
2026-04-13 15:45:00-04:00,264.7699890136719,264.864990234375,264.75,264.79998779296875,38675,0.0,0.0,0.0
2026-04-13 15:46:00-04:00,264.80999755859375,264.9100036621094,264.7850036621094,264.8554992675781,124812,0.0,0.0,0.0
2026-04-13 15:47:00-04:00,264.8500061035156,264.885009765625,264.739990234375,264.7699890136719,73330,0.0,0.0,0.0
2026-04-13 15:48:00-04:00,264.7799987792969,264.82000732421875,264.760009765625,264.7699890136719,69711,0.0,0.0,0.0
2026-04-13 15:49:00-04:00,264.7749938964844,264.864990234375,264.739990234375,264.79901123046875,116923,0.0,0.0,0.0
2026-04-13 15:50:00-04:00,264.80499267578125,265.1400146484375,264.80499267578125,265.1000061035156,258989,0.0,0.0,0.0
2026-04-13 15:51:00-04:00,265.1099853515625,265.1099853515625,264.9800109863281,265.1099853515625,137680,0.0,0.0,0.0
2026-04-13 15:52:00-04:00,265.1099853515625,265.20001220703125,265.0849914550781,265.1700134277344,92591,0.0,0.0,0.0
2026-04-13 15:53:00-04:00,265.1700134277344,265.25,265.1499938964844,265.2149963378906,116946,0.0,0.0,0.0
2026-04-13 15:54:00-04:00,265.2099914550781,265.3599853515625,265.1499938964844,265.260009765625,198461,0.0,0.0,0.0
2026-04-13 15:55:00-04:00,265.260009765625,265.3599853515625,265.05499267578125,265.05499267578125,227249,0.0,0.0,0.0
2026-04-13 15:56:00-04:00,265.05999755859375,265.2099914550781,265.0450134277344,265.1000061035156,226750,0.0,0.0,0.0
2026-04-13 15:57:00-04:00,265.1000061035156,265.1199951171875,264.92999267578125,265.0249938964844,348018,0.0,0.0,0.0
2026-04-13 15:58:00-04:00,265.0299987792969,265.05999755859375,264.8900146484375,265.0050048828125,348539,0.0,0.0,0.0
2026-04-13 15:59:00-04:00,265.010009765625,265.1300048828125,264.94000244140625,265.04998779296875,563643,0.0,0.0,0.0
