datetime,open,high,low,close,volume,dividends,stock splits
2026-01-15 09:30:00-05:00,0.949999988079071,0.9599999785423279,0.949999988079071,0.9589999914169312,69444,0.0,0.0
2026-01-15 09:35:00-05:00,0.9549999833106995,0.9598000049591064,0.9501000046730042,0.9598000049591064,5122,0.0,0.0
2026-01-15 09:40:00-05:00,0.9501000046730042,0.9501000046730042,0.9399999976158142,0.9409000277519226,39455,0.0,0.0
2026-01-15 09:45:00-05:00,0.9409999847412109,0.9419000148773193,0.9398000240325928,0.9409999847412109,30476,0.0,0.0
2026-01-15 09:50:00-05:00,0.9405999779701233,0.9416999816894531,0.940500020980835,0.9412999749183655,22737,0.0,0.0
2026-01-15 09:55:00-05:00,0.9416999816894531,0.9416999816894531,0.9394000172615051,0.9399999976158142,48641,0.0,0.0
2026-01-15 10:00:00-05:00,0.9398000240325928,0.9401999711990356,0.9397000074386597,0.9399999976158142,18304,0.0,0.0
2026-01-15 10:05:00-05:00,0.9398999810218811,0.9416000247001648,0.9398999810218811,0.9398999810218811,19159,0.0,0.0
2026-01-15 10:10:00-05:00,0.940500020980835,0.9409999847412109,0.9380000233650208,0.9397000074386597,24246,0.0,0.0
2026-01-15 10:15:00-05:00,0.9377999901771545,0.949999988079071,0.9377999901771545,0.9433000087738037,62884,0.0,0.0
2026-01-15 10:20:00-05:00,0.9417999982833862,0.9419000148773193,0.9391999840736389,0.9394999742507935,18896,0.0,0.0
2026-01-15 10:25:00-05:00,0.9401999711990356,0.9401999711990356,0.9387000203132629,0.9390000104904175,39958,0.0,0.0
2026-01-15 10:30:00-05:00,0.9391000270843506,0.9406999945640564,0.9387999773025513,0.9398000240325928,19388,0.0,0.0
2026-01-15 10:35:00-05:00,0.9395999908447266,0.9402999877929688,0.9383000135421753,0.9384999871253967,83635,0.0,0.0
2026-01-15 10:40:00-05:00,0.9384999871253967,0.9387000203132629,0.9351999759674072,0.9362000226974487,28443,0.0,0.0
2026-01-15 10:45:00-05:00,0.9362000226974487,0.9366999864578247,0.9355999827384949,0.9358999729156494,34820,0.0,0.0
2026-01-15 10:50:00-05:00,0.935699999332428,0.9361000061035156,0.9333000183105469,0.9333000183105469,77229,0.0,0.0
2026-01-15 10:55:00-05:00,0.9336000084877014,0.9399999976158142,0.9312000274658203,0.9391000270843506,65396,0.0,0.0
2026-01-15 11:00:00-05:00,0.9369000196456909,0.9381999969482422,0.9358000159263611,0.9381999969482422,261345,0.0,0.0
2026-01-15 11:05:00-05:00,0.9383000135421753,0.9397000074386597,0.9358999729156494,0.9358999729156494,0,0.0,0.0
2026-01-15 11:10:00-05:00,0.9365000128746033,0.9365000128746033,0.9345999956130981,0.9358999729156494,13410,0.0,0.0
2026-01-15 11:15:00-05:00,0.9352999925613403,0.9416999816894531,0.9352999925613403,0.9388999938964844,37548,0.0,0.0
2026-01-15 11:20:00-05:00,0.9370999932289124,0.9399999976158142,0.9369999766349792,0.9377999901771545,9780,0.0,0.0
2026-01-15 11:25:00-05:00,0.9366000294685364,0.9366000294685364,0.9352999925613403,0.9358999729156494,4640,0.0,0.0
2026-01-15 11:30:00-05:00,0.9365000128746033,0.9365000128746033,0.9358000159263611,0.9361000061035156,2996,0.0,0.0
2026-01-15 11:35:00-05:00,0.9361000061035156,0.9402999877929688,0.935699999332428,0.9398999810218811,20500,0.0,0.0
2026-01-15 11:40:00-05:00,0.941100001335144,0.941100001335144,0.9394999742507935,0.9398000240325928,5963,0.0,0.0
2026-01-15 11:45:00-05:00,0.9398000240325928,0.9398000240325928,0.9383000135421753,0.9383999705314636,4262,0.0,0.0
2026-01-15 11:50:00-05:00,0.9376999735832214,0.9388999938964844,0.9373000264167786,0.9380000233650208,6435,0.0,0.0
2026-01-15 11:55:00-05:00,0.9373999834060669,0.9386000037193298,0.9373999834060669,0.9376000165939331,1742,0.0,0.0
2026-01-15 12:00:00-05:00,0.9376000165939331,0.9376000165939331,0.9362999796867371,0.9373999834060669,4428,0.0,0.0
2026-01-15 12:05:00-05:00,0.9373999834060669,0.9373999834060669,0.9372000098228455,0.9372000098228455,2606,0.0,0.0
2026-01-15 12:10:00-05:00,0.9363999962806702,0.9381999969482422,0.9363999962806702,0.9376000165939331,11965,0.0,0.0
2026-01-15 12:15:00-05:00,0.9375,0.9377999901771545,0.9375,0.9376000165939331,2876,0.0,0.0
2026-01-15 12:20:00-05:00,0.9379000067710876,0.9380000233650208,0.9376999735832214,0.9376999735832214,3539,0.0,0.0
2026-01-15 12:25:00-05:00,0.9376999735832214,0.9390000104904175,0.9376999735832214,0.9384999871253967,16741,0.0,0.0
2026-01-15 12:30:00-05:00,0.9376999735832214,0.9383000135421753,0.9376000165939331,0.9376999735832214,9375,0.0,0.0
2026-01-15 12:35:00-05:00,0.9376000165939331,0.9376999735832214,0.9375,0.9376999735832214,27253,0.0,0.0
2026-01-15 12:40:00-05:00,0.9376000165939331,0.9376000165939331,0.9373999834060669,0.9376000165939331,3242,0.0,0.0
2026-01-15 12:45:00-05:00,0.9376000165939331,0.9391000270843506,0.9376000165939331,0.9383000135421753,9687,0.0,0.0
2026-01-15 12:50:00-05:00,0.9387000203132629,0.9387000203132629,0.9383000135421753,0.9386000037193298,3404,0.0,0.0
2026-01-15 12:55:00-05:00,0.9387000203132629,0.9387000203132629,0.9384999871253967,0.9384999871253967,11666,0.0,0.0
2026-01-15 13:00:00-05:00,0.9384999871253967,0.9387999773025513,0.9384999871253967,0.9387999773025513,1319,0.0,0.0
2026-01-15 13:05:00-05:00,0.9390000104904175,0.9390000104904175,0.9387999773025513,0.9387999773025513,8025,0.0,0.0
2026-01-15 13:10:00-05:00,0.9387999773025513,0.9390000104904175,0.9384999871253967,0.9387999773025513,6976,0.0,0.0
2026-01-15 13:15:00-05:00,0.9386000037193298,0.9390000104904175,0.9386000037193298,0.9388999938964844,16826,0.0,0.0
2026-01-15 13:20:00-05:00,0.9390000104904175,0.9399999976158142,0.9390000104904175,0.9399999976158142,27578,0.0,0.0
2026-01-15 13:25:00-05:00,0.9399999976158142,0.9399999976158142,0.9398999810218811,0.9398999810218811,48674,0.0,0.0
2026-01-15 13:30:00-05:00,0.9399999976158142,0.9399999976158142,0.9398999810218811,0.9399999976158142,6477,0.0,0.0
2026-01-15 13:35:00-05:00,0.9399999976158142,0.9399999976158142,0.9398999810218811,0.9399999976158142,12841,0.0,0.0
2026-01-15 13:40:00-05:00,0.9398999810218811,0.9399999976158142,0.9351000189781189,0.9351000189781189,32805,0.0,0.0
2026-01-15 13:45:00-05:00,0.9361000061035156,0.9375,0.9361000061035156,0.9375,2616,0.0,0.0
2026-01-15 13:50:00-05:00,0.9375,0.9394000172615051,0.9375,0.9391999840736389,332428,0.0,0.0
2026-01-15 13:55:00-05:00,0.9391999840736389,0.9399999976158142,0.9350000023841858,0.9369000196456909,0,0.0,0.0
2026-01-15 14:00:00-05:00,0.9377999901771545,0.9380000233650208,0.9363999962806702,0.9366999864578247,22571,0.0,0.0
2026-01-15 14:05:00-05:00,0.9363999962806702,0.9399999976158142,0.9355999827384949,0.9384999871253967,17910,0.0,0.0
2026-01-15 14:10:00-05:00,0.9373000264167786,0.9376000165939331,0.9369000196456909,0.9376000165939331,1515,0.0,0.0
2026-01-15 14:15:00-05:00,0.9365000128746033,0.9387000203132629,0.9365000128746033,0.9387000203132629,16173,0.0,0.0
2026-01-15 14:20:00-05:00,0.9366000294685364,0.9376999735832214,0.934499979019165,0.9361000061035156,82006,0.0,0.0
2026-01-15 14:25:00-05:00,0.9355000257492065,0.9359999895095825,0.9336000084877014,0.9350000023841858,5224,0.0,0.0
2026-01-15 14:30:00-05:00,0.9380999803543091,0.9380999803543091,0.9323999881744385,0.9340999722480774,5784,0.0,0.0
2026-01-15 14:35:00-05:00,0.9340999722480774,0.9340999722480774,0.9334999918937683,0.9340999722480774,5774,0.0,0.0
2026-01-15 14:40:00-05:00,0.9340000152587891,0.9358999729156494,0.9340000152587891,0.9358999729156494,10801,0.0,0.0
2026-01-15 14:45:00-05:00,0.9352999925613403,0.9474999904632568,0.9348000288009644,0.9386000037193298,99662,0.0,0.0
2026-01-15 14:50:00-05:00,0.9394000172615051,0.9394000172615051,0.9309999942779541,0.9311000108718872,126022,0.0,0.0
2026-01-15 14:55:00-05:00,0.9311000108718872,0.9319000244140625,0.9280999898910522,0.9287999868392944,18049,0.0,0.0
2026-01-15 15:00:00-05:00,0.9287999868392944,0.9309999942779541,0.9279999732971191,0.9309999942779541,25745,0.0,0.0
2026-01-15 15:05:00-05:00,0.9333000183105469,0.9333000183105469,0.9210000038146973,0.9240999817848206,103773,0.0,0.0
2026-01-15 15:10:00-05:00,0.9240999817848206,0.9266999959945679,0.9205999970436096,0.9266999959945679,23893,0.0,0.0
2026-01-15 15:15:00-05:00,0.9266999959945679,0.9275000095367432,0.9205999970436096,0.9222000241279602,11243,0.0,0.0
2026-01-15 15:20:00-05:00,0.9200000166893005,0.9226999878883362,0.9200000166893005,0.9222000241279602,5252,0.0,0.0
2026-01-15 15:25:00-05:00,0.9222000241279602,0.9246000051498413,0.9222000241279602,0.9246000051498413,10487,0.0,0.0
2026-01-15 15:30:00-05:00,0.9236999750137329,0.9244999885559082,0.9228000044822693,0.9230999946594238,10814,0.0,0.0
2026-01-15 15:35:00-05:00,0.92330002784729,0.9235000014305115,0.9203000068664551,0.9215999841690063,7337,0.0,0.0
2026-01-15 15:40:00-05:00,0.9215999841690063,0.9240000247955322,0.9215999841690063,0.9235000014305115,92141,0.0,0.0
2026-01-15 15:45:00-05:00,0.9236999750137329,0.923799991607666,0.9232000112533569,0.9236999750137329,37371,0.0,0.0
2026-01-15 15:50:00-05:00,0.9236999750137329,0.9236999750137329,0.9151999950408936,0.9164000153541565,77304,0.0,0.0
2026-01-15 15:55:00-05:00,0.9157999753952026,0.9172000288963318,0.9081000089645386,0.9143999814987183,325147,0.0,0.0
2026-01-16 09:30:00-05:00,0.9197999835014343,0.9200000166893005,0.9120000004768372,0.9157999753952026,138371,0.0,0.0
2026-01-16 09:35:00-05:00,0.9139000177383423,0.9157999753952026,0.9020000100135803,0.9045000076293945,37045,0.0,0.0
2026-01-16 09:40:00-05:00,0.9045000076293945,0.9077000021934509,0.9039999842643738,0.9077000021934509,25041,0.0,0.0
2026-01-16 09:45:00-05:00,0.9075000286102295,0.9128999710083008,0.904699981212616,0.9086999893188477,39874,0.0,0.0
2026-01-16 09:50:00-05:00,0.9100000262260437,0.9100000262260437,0.9054999947547913,0.906000018119812,96752,0.0,0.0
2026-01-16 09:55:00-05:00,0.906000018119812,0.9060999751091003,0.9020000100135803,0.9039000272750854,5564,0.0,0.0
2026-01-16 10:00:00-05:00,0.9039999842643738,0.9053000211715698,0.8999999761581421,0.9038000106811523,36908,0.0,0.0
2026-01-16 10:05:00-05:00,0.902400016784668,0.9052000045776367,0.902400016784668,0.9047999978065491,20291,0.0,0.0
2026-01-16 10:10:00-05:00,0.9047999978065491,0.9049999713897705,0.9028000235557556,0.902899980545044,10376,0.0,0.0
2026-01-16 10:15:00-05:00,0.9031000137329102,0.9071000218391418,0.9031000137329102,0.9071000218391418,33511,0.0,0.0
2026-01-16 10:20:00-05:00,0.9075000286102295,0.90829998254776,0.9049000144004822,0.906000018119812,9369,0.0,0.0
2026-01-16 10:25:00-05:00,0.9060999751091003,0.9060999751091003,0.9027000069618225,0.9057999849319458,24620,0.0,0.0
2026-01-16 10:30:00-05:00,0.9056000113487244,0.9056000113487244,0.8989999890327454,0.9000999927520752,34306,0.0,0.0
2026-01-16 10:35:00-05:00,0.9000999927520752,0.9000999927520752,0.8984000086784363,0.8999999761581421,68923,0.0,0.0
2026-01-16 10:40:00-05:00,0.8999999761581421,0.8999999761581421,0.8950999975204468,0.8950999975204468,595487,0.0,0.0
2026-01-16 10:45:00-05:00,0.8955000042915344,0.895799994468689,0.8866999745368958,0.8888999819755554,88868,0.0,0.0
2026-01-16 10:50:00-05:00,0.8888999819755554,0.892300009727478,0.886900007724762,0.8899999856948853,19841,0.0,0.0
2026-01-16 10:55:00-05:00,0.8889999985694885,0.8916000127792358,0.8889999985694885,0.8899999856948853,39437,0.0,0.0
2026-01-16 11:00:00-05:00,0.8899999856948853,0.8913999795913696,0.8899999856948853,0.8910999894142151,44602,0.0,0.0
2026-01-16 11:05:00-05:00,0.8902000188827515,0.8903999924659729,0.8889999985694885,0.8896999955177307,64904,0.0,0.0
2026-01-16 11:10:00-05:00,0.8896999955177307,0.8896999955177307,0.8888999819755554,0.8891000151634216,4136,0.0,0.0
2026-01-16 11:15:00-05:00,0.8891000151634216,0.88919997215271,0.8889999985694885,0.88919997215271,3834,0.0,0.0
2026-01-16 11:20:00-05:00,0.88919997215271,0.8899000287055969,0.8889999985694885,0.8899000287055969,19685,0.0,0.0
2026-01-16 11:25:00-05:00,0.8896999955177307,0.8899000287055969,0.8895000219345093,0.8895999789237976,6813,0.0,0.0
2026-01-16 11:30:00-05:00,0.8896999955177307,0.8899000287055969,0.8895000219345093,0.8896999955177307,25178,0.0,0.0
2026-01-16 11:35:00-05:00,0.8898000121116638,0.8924000263214111,0.8896999955177307,0.8924000263214111,27977,0.0,0.0
2026-01-16 11:40:00-05:00,0.8924000263214111,0.8928999900817871,0.8912000060081482,0.8913000226020813,26687,0.0,0.0
2026-01-16 11:45:00-05:00,0.8906999826431274,0.8964999914169312,0.8906999826431274,0.8937000036239624,56113,0.0,0.0
2026-01-16 11:50:00-05:00,0.8920000195503235,0.8937000036239624,0.8913999795913696,0.8920999765396118,16010,0.0,0.0
2026-01-16 11:55:00-05:00,0.892300009727478,0.8931000232696533,0.890999972820282,0.890999972820282,11662,0.0,0.0
2026-01-16 12:00:00-05:00,0.8917999863624573,0.8924000263214111,0.890999972820282,0.890999972820282,17528,0.0,0.0
2026-01-16 12:05:00-05:00,0.8917999863624573,0.8917999863624573,0.8899000287055969,0.8899000287055969,9770,0.0,0.0
2026-01-16 12:10:00-05:00,0.8898000121116638,0.8899999856948853,0.8896999955177307,0.8896999955177307,4485,0.0,0.0
2026-01-16 12:15:00-05:00,0.8899000287055969,0.8899000287055969,0.8896999955177307,0.8899000287055969,10408,0.0,0.0
2026-01-16 12:20:00-05:00,0.8896999955177307,0.8899999856948853,0.8853999972343445,0.8884999752044678,98358,0.0,0.0
2026-01-16 12:25:00-05:00,0.8884999752044678,0.8899000287055969,0.887499988079071,0.8885999917984009,3264,0.0,0.0
2026-01-16 12:30:00-05:00,0.8885999917984009,0.8895999789237976,0.8873999714851379,0.8891000151634216,10839,0.0,0.0
2026-01-16 12:35:00-05:00,0.8895000219345093,0.8899000287055969,0.8877000212669373,0.8877000212669373,14094,0.0,0.0
2026-01-16 12:40:00-05:00,0.8895999789237976,0.8895999789237976,0.8877000212669373,0.888700008392334,17736,0.0,0.0
2026-01-16 12:45:00-05:00,0.8884999752044678,0.888700008392334,0.887499988079071,0.8885999917984009,6579,0.0,0.0
2026-01-16 12:50:00-05:00,0.8884000182151794,0.8899000287055969,0.8876000046730042,0.88919997215271,56767,0.0,0.0
2026-01-16 12:55:00-05:00,0.8899000287055969,0.8942000269889832,0.8894000053405762,0.8909000158309937,24225,0.0,0.0
2026-01-16 13:00:00-05:00,0.89410001039505,0.89410001039505,0.8899999856948853,0.8902000188827515,10421,0.0,0.0
2026-01-16 13:05:00-05:00,0.8903999924659729,0.8906999826431274,0.8902999758720398,0.8903999924659729,9866,0.0,0.0
2026-01-16 13:10:00-05:00,0.890500009059906,0.890500009059906,0.888700008392334,0.8895999789237976,22103,0.0,0.0
2026-01-16 13:15:00-05:00,0.8894000053405762,0.8899000287055969,0.8894000053405762,0.8894000053405762,0,0.0,0.0
2026-01-16 13:20:00-05:00,0.8899000287055969,0.8901000022888184,0.8895999789237976,0.8899999856948853,5872,0.0,0.0
2026-01-16 13:25:00-05:00,0.8901000022888184,0.8984000086784363,0.8901000022888184,0.8928999900817871,14636,0.0,0.0
2026-01-16 13:30:00-05:00,0.890999972820282,0.891700029373169,0.8889999985694885,0.8906000256538391,25351,0.0,0.0
2026-01-16 13:35:00-05:00,0.8903999924659729,0.8932999968528748,0.8899999856948853,0.891700029373169,12584,0.0,0.0
2026-01-16 13:40:00-05:00,0.8912000060081482,0.8924999833106995,0.8902000188827515,0.8920000195503235,7005,0.0,0.0
2026-01-16 13:45:00-05:00,0.8917999863624573,0.8920000195503235,0.8906000256538391,0.890999972820282,11473,0.0,0.0
2026-01-16 13:50:00-05:00,0.8899999856948853,0.8903999924659729,0.8898000121116638,0.8899999856948853,8064,0.0,0.0
2026-01-16 13:55:00-05:00,0.8899999856948853,0.8899999856948853,0.8899000287055969,0.8899999856948853,9024,0.0,0.0
2026-01-16 14:00:00-05:00,0.8899999856948853,0.8899999856948853,0.8898000121116638,0.8899000287055969,23033,0.0,0.0
2026-01-16 14:05:00-05:00,0.8899000287055969,0.8934999704360962,0.8899000287055969,0.892799973487854,31570,0.0,0.0
2026-01-16 14:10:00-05:00,0.8927000164985657,0.892799973487854,0.8924000263214111,0.8924000263214111,27059,0.0,0.0
2026-01-16 14:15:00-05:00,0.8924000263214111,0.8939999938011169,0.892300009727478,0.8939999938011169,12446,0.0,0.0
2026-01-16 14:20:00-05:00,0.8931999802589417,0.8978000283241272,0.8930000066757202,0.8939999938011169,10793,0.0,0.0
2026-01-16 14:25:00-05:00,0.8939999938011169,0.8968999981880188,0.8939999938011169,0.895799994468689,6899,0.0,0.0
2026-01-16 14:30:00-05:00,0.895799994468689,0.8963000178337097,0.8952999711036682,0.8953999876976013,25956,0.0,0.0
2026-01-16 14:35:00-05:00,0.8956000208854675,0.8956000208854675,0.8899999856948853,0.8899999856948853,969046,0.0,0.0
2026-01-16 14:40:00-05:00,0.8899999856948853,0.8907999992370605,0.8895999789237976,0.8896999955177307,0,0.0,0.0
2026-01-16 14:45:00-05:00,0.8899000287055969,0.8906999826431274,0.8896999955177307,0.8899999856948853,48830,0.0,0.0
2026-01-16 14:50:00-05:00,0.8899999856948853,0.8906999826431274,0.8898000121116638,0.8906999826431274,61988,0.0,0.0
2026-01-16 14:55:00-05:00,0.8906000256538391,0.8944000005722046,0.8896999955177307,0.8896999955177307,39803,0.0,0.0
2026-01-16 15:00:00-05:00,0.8901000022888184,0.8901000022888184,0.8895999789237976,0.8898000121116638,59386,0.0,0.0
2026-01-16 15:05:00-05:00,0.8898000121116638,0.8899000287055969,0.8898000121116638,0.8899000287055969,1027512,0.0,0.0
2026-01-16 15:10:00-05:00,0.8899000287055969,0.8899999856948853,0.8896999955177307,0.8896999955177307,0,0.0,0.0
2026-01-16 15:15:00-05:00,0.8892999887466431,0.8892999887466431,0.8889999985694885,0.8892999887466431,18618,0.0,0.0
2026-01-16 15:20:00-05:00,0.8892999887466431,0.8895000219345093,0.8889999985694885,0.8889999985694885,25534,0.0,0.0
2026-01-16 15:25:00-05:00,0.88919997215271,0.8892999887466431,0.8888999819755554,0.8892999887466431,27328,0.0,0.0
2026-01-16 15:30:00-05:00,0.8891000151634216,0.8901000022888184,0.8889999985694885,0.8899000287055969,128290,0.0,0.0
2026-01-16 15:35:00-05:00,0.8901000022888184,0.8901000022888184,0.8899000287055969,0.8899999856948853,52225,0.0,0.0
2026-01-16 15:40:00-05:00,0.8899999856948853,0.8899999856948853,0.8899000287055969,0.8899000287055969,1151194,0.0,0.0
2026-01-16 15:45:00-05:00,0.8898000121116638,0.8899000287055969,0.8880000114440918,0.8894000053405762,0,0.0,0.0
2026-01-16 15:50:00-05:00,0.8894000053405762,0.8899999856948853,0.8888999819755554,0.8899000287055969,68164,0.0,0.0
2026-01-16 15:55:00-05:00,0.8899999856948853,0.8899999856948853,0.8880000114440918,0.8895000219345093,157986,0.0,0.0
2026-01-20 09:30:00-05:00,0.8623999953269958,0.8700000047683716,0.853600025177002,0.8654000163078308,303672,0.0,0.0
2026-01-20 09:35:00-05:00,0.864300012588501,0.8799999952316284,0.8553000092506409,0.8648999929428101,58606,0.0,0.0
2026-01-20 09:40:00-05:00,0.8647000193595886,0.864799976348877,0.8553000092506409,0.8560000061988831,21882,0.0,0.0
2026-01-20 09:45:00-05:00,0.8557000160217285,0.8603000044822693,0.8453999757766724,0.8582000136375427,453070,0.0,0.0
2026-01-20 09:50:00-05:00,0.8528000116348267,0.8537999987602234,0.8453999757766724,0.8453999757766724,510706,0.0,0.0
2026-01-20 09:55:00-05:00,0.8464999794960022,0.8496000170707703,0.8439000248908997,0.847100019454956,105411,0.0,0.0
2026-01-20 10:00:00-05:00,0.8475000262260437,0.8500000238418579,0.843500018119812,0.8478999733924866,69961,0.0,0.0
2026-01-20 10:05:00-05:00,0.84579998254776,0.8492000102996826,0.84579998254776,0.8479999899864197,52686,0.0,0.0
2026-01-20 10:10:00-05:00,0.8479999899864197,0.8500000238418579,0.8445000052452087,0.8500000238418579,81970,0.0,0.0
2026-01-20 10:15:00-05:00,0.8500000238418579,0.8561000227928162,0.8500000238418579,0.8529999852180481,50482,0.0,0.0
2026-01-20 10:20:00-05:00,0.8543000221252441,0.8687999844551086,0.854200005531311,0.8646000027656555,32315,0.0,0.0
2026-01-20 10:25:00-05:00,0.8654000163078308,0.8723000288009644,0.8621000051498413,0.8658000230789185,138681,0.0,0.0
2026-01-20 10:30:00-05:00,0.8655999898910522,0.8747000098228455,0.8655999898910522,0.8723999857902527,41706,0.0,0.0
2026-01-20 10:35:00-05:00,0.8745999932289124,0.8745999932289124,0.8705999851226807,0.8708999752998352,2956,0.0,0.0
2026-01-20 10:40:00-05:00,0.871399998664856,0.8715000152587891,0.8700000047683716,0.8709999918937683,19294,0.0,0.0
2026-01-20 10:45:00-05:00,0.8708999752998352,0.8708999752998352,0.8702999949455261,0.8705000281333923,5912,0.0,0.0
2026-01-20 10:50:00-05:00,0.8705000281333923,0.8715000152587891,0.8701000213623047,0.8701000213623047,7623,0.0,0.0
2026-01-20 10:55:00-05:00,0.8701000213623047,0.8766999840736389,0.8700000047683716,0.8755000233650208,17054,0.0,0.0
2026-01-20 11:00:00-05:00,0.8748999834060669,0.8799999952316284,0.8748999834060669,0.8762999773025513,65982,0.0,0.0
2026-01-20 11:05:00-05:00,0.8777999877929688,0.8777999877929688,0.8723000288009644,0.8774999976158142,23782,0.0,0.0
2026-01-20 11:10:00-05:00,0.8762000203132629,0.8794000148773193,0.8761000037193298,0.8790000081062317,8252,0.0,0.0
2026-01-20 11:15:00-05:00,0.8790000081062317,0.8797000050544739,0.878000020980835,0.8790000081062317,8534,0.0,0.0
2026-01-20 11:20:00-05:00,0.8790000081062317,0.8790000081062317,0.8780999779701233,0.8780999779701233,20252,0.0,0.0
2026-01-20 11:25:00-05:00,0.8772000074386597,0.8772000074386597,0.8759999871253967,0.8772000074386597,3972,0.0,0.0
2026-01-20 11:30:00-05:00,0.8762000203132629,0.8773000240325928,0.8759999871253967,0.8763999938964844,18308,0.0,0.0
2026-01-20 11:35:00-05:00,0.8766000270843506,0.8770999908447266,0.8766000270843506,0.8770999908447266,4865,0.0,0.0
2026-01-20 11:40:00-05:00,0.8773000240325928,0.8773999810218811,0.8772000074386597,0.8773999810218811,10205,0.0,0.0
2026-01-20 11:45:00-05:00,0.8773999810218811,0.8773999810218811,0.8759999871253967,0.8759999871253967,7968,0.0,0.0
2026-01-20 11:50:00-05:00,0.8761000037193298,0.8761000037193298,0.871999979019165,0.8726999759674072,26847,0.0,0.0
2026-01-20 11:55:00-05:00,0.8726999759674072,0.8758999705314636,0.8720999956130981,0.8758999705314636,821434,0.0,0.0
2026-01-20 12:00:00-05:00,0.8758999705314636,0.8762999773025513,0.8758999705314636,0.8758999705314636,0,0.0,0.0
2026-01-20 12:05:00-05:00,0.8755999803543091,0.8769999742507935,0.8722000122070312,0.875,16152,0.0,0.0
2026-01-20 12:10:00-05:00,0.8734999895095825,0.8734999895095825,0.8720999956130981,0.8734999895095825,2326,0.0,0.0
2026-01-20 12:15:00-05:00,0.8733000159263611,0.8744000196456909,0.8723000288009644,0.8729000091552734,12606,0.0,0.0
2026-01-20 12:20:00-05:00,0.8727999925613403,0.8733999729156494,0.8700000047683716,0.8705000281333923,16889,0.0,0.0
2026-01-20 12:25:00-05:00,0.8705000281333923,0.8715999722480774,0.8705000281333923,0.8709999918937683,13203,0.0,0.0
2026-01-20 12:30:00-05:00,0.8709999918937683,0.8709999918937683,0.8679999709129333,0.8679999709129333,15367,0.0,0.0
2026-01-20 12:35:00-05:00,0.8679999709129333,0.8712999820709229,0.8671000003814697,0.8712999820709229,7224,0.0,0.0
2026-01-20 12:40:00-05:00,0.8700000047683716,0.8738999962806702,0.8700000047683716,0.8719000220298767,8607,0.0,0.0
2026-01-20 12:45:00-05:00,0.8689000010490417,0.8695999979972839,0.8677999973297119,0.8677999973297119,2790,0.0,0.0
2026-01-20 12:50:00-05:00,0.8682000041007996,0.8689000010490417,0.8682000041007996,0.8689000010490417,3347,0.0,0.0
2026-01-20 12:55:00-05:00,0.8691999912261963,0.8694000244140625,0.8680999875068665,0.8687000274658203,25260,0.0,0.0
2026-01-20 13:00:00-05:00,0.8687000274658203,0.8687000274658203,0.8658999800682068,0.8676999807357788,16324,0.0,0.0
2026-01-20 13:05:00-05:00,0.8676999807357788,0.8683000206947327,0.8666999936103821,0.8675000071525574,9286,0.0,0.0
2026-01-20 13:10:00-05:00,0.868399977684021,0.8694999814033508,0.8676000237464905,0.8690999746322632,7685,0.0,0.0
2026-01-20 13:15:00-05:00,0.8691999912261963,0.8694999814033508,0.8650000095367432,0.8672000169754028,22607,0.0,0.0
2026-01-20 13:20:00-05:00,0.8672000169754028,0.868399977684021,0.866100013256073,0.8669999837875366,12956,0.0,0.0
2026-01-20 13:25:00-05:00,0.8658999800682068,0.8669999837875366,0.8633000254631042,0.8639000058174133,22183,0.0,0.0
2026-01-20 13:30:00-05:00,0.8644999861717224,0.8646000027656555,0.8610000014305115,0.8618999719619751,3344,0.0,0.0
2026-01-20 13:35:00-05:00,0.8622999787330627,0.8622999787330627,0.8604000210762024,0.8616999983787537,25258,0.0,0.0
2026-01-20 13:40:00-05:00,0.8608999848365784,0.8614000082015991,0.8600000143051147,0.861299991607666,15675,0.0,0.0
2026-01-20 13:45:00-05:00,0.8605999946594238,0.8607000112533569,0.8600999712944031,0.8607000112533569,8880,0.0,0.0
2026-01-20 13:50:00-05:00,0.8600000143051147,0.8604999780654907,0.8589000105857849,0.8589000105857849,67963,0.0,0.0
2026-01-20 13:55:00-05:00,0.8589000105857849,0.8600000143051147,0.8579999804496765,0.8600000143051147,12809,0.0,0.0
2026-01-20 14:00:00-05:00,0.8596000075340271,0.8600000143051147,0.8593000173568726,0.8596000075340271,37328,0.0,0.0
2026-01-20 14:05:00-05:00,0.8597000241279602,0.8632000088691711,0.8596000075340271,0.8629999756813049,19129,0.0,0.0
2026-01-20 14:10:00-05:00,0.8618999719619751,0.8632000088691711,0.8600999712944031,0.8601999878883362,4502,0.0,0.0
2026-01-20 14:15:00-05:00,0.8629000186920166,0.863099992275238,0.8600999712944031,0.8618999719619751,36218,0.0,0.0
2026-01-20 14:20:00-05:00,0.8618999719619751,0.863099992275238,0.861299991607666,0.8615000247955322,8539,0.0,0.0
2026-01-20 14:25:00-05:00,0.86080002784729,0.863099992275238,0.8600999712944031,0.8611999750137329,13419,0.0,0.0
2026-01-20 14:30:00-05:00,0.8622000217437744,0.8622000217437744,0.8550000190734863,0.8550000190734863,40106,0.0,0.0
2026-01-20 14:35:00-05:00,0.855400025844574,0.8568000197410583,0.8550999760627747,0.8557999730110168,13631,0.0,0.0
2026-01-20 14:40:00-05:00,0.8550999760627747,0.85589998960495,0.8549000024795532,0.855400025844574,34476,0.0,0.0
2026-01-20 14:45:00-05:00,0.8554999828338623,0.8597999811172485,0.855400025844574,0.8579000234603882,22743,0.0,0.0
2026-01-20 14:50:00-05:00,0.8579000234603882,0.8654000163078308,0.8578000068664551,0.859499990940094,48245,0.0,0.0
2026-01-20 14:55:00-05:00,0.859499990940094,0.859499990940094,0.8565000295639038,0.8565000295639038,7010,0.0,0.0
2026-01-20 15:00:00-05:00,0.8587999939918518,0.8597999811172485,0.8564000129699707,0.8580999970436096,5599,0.0,0.0
2026-01-20 15:05:00-05:00,0.8583999872207642,0.8597000241279602,0.8583999872207642,0.8583999872207642,5825,0.0,0.0
2026-01-20 15:10:00-05:00,0.859499990940094,0.859499990940094,0.8557000160217285,0.8562999963760376,14027,0.0,0.0
2026-01-20 15:15:00-05:00,0.8568999767303467,0.8586999773979187,0.8561999797821045,0.8579000234603882,3433,0.0,0.0
2026-01-20 15:20:00-05:00,0.8579000234603882,0.8587999939918518,0.8569999933242798,0.8579999804496765,28592,0.0,0.0
2026-01-20 15:25:00-05:00,0.8568000197410583,0.8568000197410583,0.8561000227928162,0.8561000227928162,2893,0.0,0.0
2026-01-20 15:30:00-05:00,0.8557999730110168,0.8567000031471252,0.8557000160217285,0.8565000295639038,25436,0.0,0.0
2026-01-20 15:35:00-05:00,0.8565000295639038,0.8598999977111816,0.8565000295639038,0.8597000241279602,19162,0.0,0.0
2026-01-20 15:40:00-05:00,0.8583999872207642,0.8597000241279602,0.8569999933242798,0.8579000234603882,9559,0.0,0.0
2026-01-20 15:45:00-05:00,0.8579000234603882,0.8587999939918518,0.8569999933242798,0.8586999773979187,19240,0.0,0.0
2026-01-20 15:50:00-05:00,0.858299970626831,0.858299970626831,0.8569999933242798,0.8575999736785889,25164,0.0,0.0
2026-01-20 15:55:00-05:00,0.8578000068664551,0.8629000186920166,0.8575999736785889,0.8601999878883362,42462,0.0,0.0
2026-01-21 09:30:00-05:00,0.8700000047683716,0.8809000253677368,0.8700000047683716,0.8765000104904175,96665,0.0,0.0
2026-01-21 09:35:00-05:00,0.8787000179290771,0.8787999749183655,0.8701000213623047,0.8781999945640564,7361,0.0,0.0
2026-01-21 09:40:00-05:00,0.8790000081062317,0.8790000081062317,0.8734999895095825,0.8756999969482422,7707,0.0,0.0
2026-01-21 09:45:00-05:00,0.8791000247001648,0.8791000247001648,0.8729000091552734,0.8733000159263611,16056,0.0,0.0
2026-01-21 09:50:00-05:00,0.8770999908447266,0.8783000111579895,0.8701000213623047,0.8720999956130981,12990,0.0,0.0
2026-01-21 09:55:00-05:00,0.8720999956130981,0.8725000023841858,0.8700000047683716,0.8700000047683716,23438,0.0,0.0
2026-01-21 10:00:00-05:00,0.8700000047683716,0.8705000281333923,0.8666999936103821,0.8705000281333923,19941,0.0,0.0
2026-01-21 10:05:00-05:00,0.8683000206947327,0.8694999814033508,0.8666999936103821,0.8680999875068665,54514,0.0,0.0
2026-01-21 10:10:00-05:00,0.8677999973297119,0.8738999962806702,0.8677999973297119,0.8712000250816345,23407,0.0,0.0
2026-01-21 10:15:00-05:00,0.8712000250816345,0.8763999938964844,0.8701000213623047,0.8751999735832214,23620,0.0,0.0
2026-01-21 10:20:00-05:00,0.8751999735832214,0.8759999871253967,0.8745999932289124,0.8758999705314636,7356,0.0,0.0
2026-01-21 10:25:00-05:00,0.8755000233650208,0.8755000233650208,0.8679999709129333,0.8684999942779541,16513,0.0,0.0
2026-01-21 10:30:00-05:00,0.8684999942779541,0.871999979019165,0.8682000041007996,0.8719000220298767,12013,0.0,0.0
2026-01-21 10:35:00-05:00,0.8719000220298767,0.8719000220298767,0.8679999709129333,0.8705999851226807,7686,0.0,0.0
2026-01-21 10:40:00-05:00,0.8705999851226807,0.8726999759674072,0.8697999715805054,0.8719000220298767,33956,0.0,0.0
2026-01-21 10:45:00-05:00,0.8705999851226807,0.8707000017166138,0.8687999844551086,0.8695999979972839,14435,0.0,0.0
2026-01-21 10:50:00-05:00,0.8695999979972839,0.8708000183105469,0.8695999979972839,0.8704000115394592,87600,0.0,0.0
2026-01-21 10:55:00-05:00,0.8704000115394592,0.8754000067710876,0.8704000115394592,0.8730000257492065,0,0.0,0.0
2026-01-21 11:00:00-05:00,0.8754000067710876,0.8781999945640564,0.8754000067710876,0.8781999945640564,7636,0.0,0.0
2026-01-21 11:05:00-05:00,0.8769000172615051,0.8779000043869019,0.8741000294685364,0.8741000294685364,17493,0.0,0.0
2026-01-21 11:10:00-05:00,0.8741000294685364,0.8766999840736389,0.8737000226974487,0.8763999938964844,13300,0.0,0.0
2026-01-21 11:15:00-05:00,0.8763999938964844,0.8784000277519226,0.8762000203132629,0.8777999877929688,27350,0.0,0.0
2026-01-21 11:20:00-05:00,0.8776000142097473,0.8777999877929688,0.871999979019165,0.871999979019165,53094,0.0,0.0
2026-01-21 11:25:00-05:00,0.871999979019165,0.8740000128746033,0.8700000047683716,0.8725000023841858,6935,0.0,0.0
2026-01-21 11:30:00-05:00,0.8725000023841858,0.8738999962806702,0.870199978351593,0.8709999918937683,8941,0.0,0.0
2026-01-21 11:35:00-05:00,0.8708999752998352,0.8709999918937683,0.866599977016449,0.866599977016449,6172,0.0,0.0
2026-01-21 11:40:00-05:00,0.8665000200271606,0.868399977684021,0.8661999702453613,0.8669999837875366,26736,0.0,0.0
2026-01-21 11:45:00-05:00,0.8662999868392944,0.8672000169754028,0.8634999990463257,0.8671000003814697,22845,0.0,0.0
2026-01-21 11:50:00-05:00,0.8666999936103821,0.8673999905586243,0.8666999936103821,0.8671000003814697,48544,0.0,0.0
2026-01-21 11:55:00-05:00,0.8671000003814697,0.8694000244140625,0.8671000003814697,0.8680999875068665,0,0.0,0.0
2026-01-21 12:00:00-05:00,0.8687000274658203,0.8687999844551086,0.862500011920929,0.8636000156402588,11649,0.0,0.0
2026-01-21 12:05:00-05:00,0.8636000156402588,0.8651000261306763,0.8615000247955322,0.8618000149726868,7340,0.0,0.0
2026-01-21 12:10:00-05:00,0.8621000051498413,0.862500011920929,0.859499990940094,0.8601999878883362,18479,0.0,0.0
2026-01-21 12:15:00-05:00,0.8601999878883362,0.8644000291824341,0.8600999712944031,0.8644000291824341,194190,0.0,0.0
2026-01-21 12:20:00-05:00,0.8636999726295471,0.8636999726295471,0.8615999817848206,0.8629999756813049,0,0.0,0.0
2026-01-21 12:25:00-05:00,0.8636000156402588,0.8640000224113464,0.8629999756813049,0.8640000224113464,19972,0.0,0.0
2026-01-21 12:30:00-05:00,0.8640000224113464,0.8640000224113464,0.8593999743461609,0.8600000143051147,198900,0.0,0.0
2026-01-21 12:35:00-05:00,0.8611999750137329,0.8618999719619751,0.8600999712944031,0.8607000112533569,0,0.0,0.0
2026-01-21 12:40:00-05:00,0.8607000112533569,0.8611000180244446,0.8598999977111816,0.8601999878883362,4800,0.0,0.0
2026-01-21 12:45:00-05:00,0.8597000241279602,0.8610000014305115,0.8578000068664551,0.8600000143051147,6366,0.0,0.0
2026-01-21 12:50:00-05:00,0.861299991607666,0.8651999831199646,0.8603000044822693,0.8651000261306763,5039,0.0,0.0
2026-01-21 12:55:00-05:00,0.8639000058174133,0.8679999709129333,0.8639000058174133,0.8664000034332275,9790,0.0,0.0
2026-01-21 13:00:00-05:00,0.8664000034332275,0.8680999875068665,0.8618000149726868,0.8619999885559082,10060,0.0,0.0
2026-01-21 13:05:00-05:00,0.861299991607666,0.8623999953269958,0.8600000143051147,0.8603000044822693,6669,0.0,0.0
2026-01-21 13:10:00-05:00,0.8605999946594238,0.8608999848365784,0.8601999878883362,0.8605999946594238,11503,0.0,0.0
2026-01-21 13:15:00-05:00,0.8604999780654907,0.8604999780654907,0.8593999743461609,0.859499990940094,10477,0.0,0.0
2026-01-21 13:20:00-05:00,0.86080002784729,0.86080002784729,0.8593000173568726,0.8600000143051147,11884,0.0,0.0
2026-01-21 13:25:00-05:00,0.8596000075340271,0.8603000044822693,0.8590999841690063,0.8593000173568726,8255,0.0,0.0
2026-01-21 13:30:00-05:00,0.8603000044822693,0.861299991607666,0.8600000143051147,0.861299991607666,44895,0.0,0.0
2026-01-21 13:35:00-05:00,0.8611000180244446,0.861299991607666,0.8587999939918518,0.859000027179718,47247,0.0,0.0
2026-01-21 13:40:00-05:00,0.8600000143051147,0.8600000143051147,0.8587999939918518,0.859000027179718,447,0.0,0.0
2026-01-21 13:45:00-05:00,0.8593999743461609,0.8614000082015991,0.8583999872207642,0.8597999811172485,58125,0.0,0.0
2026-01-21 13:50:00-05:00,0.8597999811172485,0.8608999848365784,0.859499990940094,0.8603000044822693,1591,0.0,0.0
2026-01-21 13:55:00-05:00,0.8601999878883362,0.86080002784729,0.859499990940094,0.86080002784729,4591,0.0,0.0
2026-01-21 14:00:00-05:00,0.8600000143051147,0.8603000044822693,0.8560000061988831,0.8560000061988831,43084,0.0,0.0
2026-01-21 14:05:00-05:00,0.8561000227928162,0.8561000227928162,0.8481000065803528,0.8514999747276306,478341,0.0,0.0
2026-01-21 14:10:00-05:00,0.8539000153541565,0.8550999760627747,0.8521000146865845,0.8537999987602234,0,0.0,0.0
2026-01-21 14:15:00-05:00,0.8537999987602234,0.8537999987602234,0.8537999987602234,0.8537999987602234,3318,0.0,0.0
2026-01-21 14:20:00-05:00,0.8537999987602234,0.8540999889373779,0.8536999821662903,0.8536999821662903,1787,0.0,0.0
2026-01-21 14:25:00-05:00,0.853600025177002,0.8661999702453613,0.8521999716758728,0.8661999702453613,41059,0.0,0.0
2026-01-21 14:30:00-05:00,0.8647000193595886,0.8672000169754028,0.863099992275238,0.8672000169754028,11713,0.0,0.0
2026-01-21 14:35:00-05:00,0.8672000169754028,0.8707000017166138,0.8658000230789185,0.8694999814033508,83078,0.0,0.0
2026-01-21 14:40:00-05:00,0.8700000047683716,0.8780999779701233,0.8698999881744385,0.8765000104904175,5950,0.0,0.0
2026-01-21 14:45:00-05:00,0.8755999803543091,0.8769999742507935,0.8755999803543091,0.8765000104904175,29348,0.0,0.0
2026-01-21 14:50:00-05:00,0.8769000172615051,0.878000020980835,0.8741000294685364,0.8741000294685364,17484,0.0,0.0
2026-01-21 14:55:00-05:00,0.8745999932289124,0.879800021648407,0.8745999932289124,0.879800021648407,5473,0.0,0.0
2026-01-21 15:00:00-05:00,0.8779000043869019,0.8779000043869019,0.8741999864578247,0.8741999864578247,22433,0.0,0.0
2026-01-21 15:05:00-05:00,0.8743000030517578,0.8755000233650208,0.8729000091552734,0.8733000159263611,8400,0.0,0.0
2026-01-21 15:10:00-05:00,0.8743000030517578,0.8747000098228455,0.8723999857902527,0.8723999857902527,34269,0.0,0.0
2026-01-21 15:15:00-05:00,0.8738999962806702,0.8738999962806702,0.8695999979972839,0.8700000047683716,3320,0.0,0.0
2026-01-21 15:20:00-05:00,0.870199978351593,0.8708999752998352,0.8675000071525574,0.8675000071525574,6587,0.0,0.0
2026-01-21 15:25:00-05:00,0.8673999905586243,0.8673999905586243,0.8647000193595886,0.8652999997138977,24579,0.0,0.0
2026-01-21 15:30:00-05:00,0.8647000193595886,0.8654000163078308,0.8611999750137329,0.8654000163078308,19444,0.0,0.0
2026-01-21 15:35:00-05:00,0.8654999732971191,0.8669999837875366,0.8647000193595886,0.8655999898910522,10563,0.0,0.0
2026-01-21 15:40:00-05:00,0.8659999966621399,0.8673999905586243,0.8626000285148621,0.8673999905586243,18090,0.0,0.0
2026-01-21 15:45:00-05:00,0.8684999942779541,0.8697999715805054,0.8672000169754028,0.8691999912261963,4944,0.0,0.0
2026-01-21 15:50:00-05:00,0.8695999979972839,0.8730999827384949,0.8691999912261963,0.8716999888420105,30979,0.0,0.0
2026-01-21 15:55:00-05:00,0.873199999332428,0.8809999823570251,0.8716999888420105,0.8806999921798706,85808,0.0,0.0
2026-01-22 09:30:00-05:00,0.8899999856948853,0.8899999856948853,0.8845000267028809,0.8888999819755554,112012,0.0,0.0
2026-01-22 09:35:00-05:00,0.8888000249862671,0.8999999761581421,0.8859999775886536,0.8999999761581421,31829,0.0,0.0
2026-01-22 09:40:00-05:00,0.8996000289916992,0.9049999713897705,0.8876000046730042,0.8880000114440918,99349,0.0,0.0
2026-01-22 09:45:00-05:00,0.8880000114440918,0.8880000114440918,0.8772000074386597,0.8794999718666077,33968,0.0,0.0
2026-01-22 09:50:00-05:00,0.8748000264167786,0.8841000199317932,0.8733999729156494,0.8792999982833862,20619,0.0,0.0
2026-01-22 09:55:00-05:00,0.8791000247001648,0.8809999823570251,0.8702999949455261,0.8809999823570251,22798,0.0,0.0
2026-01-22 10:00:00-05:00,0.8790000081062317,0.8824999928474426,0.8709999918937683,0.8741000294685364,10503,0.0,0.0
2026-01-22 10:05:00-05:00,0.8755000233650208,0.8787000179290771,0.8661999702453613,0.8716999888420105,25658,0.0,0.0
2026-01-22 10:10:00-05:00,0.8716999888420105,0.8759999871253967,0.8700000047683716,0.8759999871253967,5768,0.0,0.0
2026-01-22 10:15:00-05:00,0.8763999938964844,0.8848000168800354,0.8712999820709229,0.8748999834060669,18935,0.0,0.0
2026-01-22 10:20:00-05:00,0.8747000098228455,0.8799999952316284,0.8701000213623047,0.8748000264167786,42877,0.0,0.0
2026-01-22 10:25:00-05:00,0.8722000122070312,0.8770999908447266,0.8689000010490417,0.8720999956130981,13645,0.0,0.0
2026-01-22 10:30:00-05:00,0.8734999895095825,0.875,0.8694999814033508,0.8730999827384949,12745,0.0,0.0
2026-01-22 10:35:00-05:00,0.8762000203132629,0.8762000203132629,0.8700000047683716,0.8734999895095825,41104,0.0,0.0
2026-01-22 10:40:00-05:00,0.8738999962806702,0.8763999938964844,0.8698999881744385,0.873199999332428,11487,0.0,0.0
2026-01-22 10:45:00-05:00,0.8759999871253967,0.8759999871253967,0.8697999715805054,0.8740000128746033,20433,0.0,0.0
2026-01-22 10:50:00-05:00,0.8751999735832214,0.8751999735832214,0.8704000115394592,0.8720999956130981,11701,0.0,0.0
2026-01-22 10:55:00-05:00,0.8727999925613403,0.8730999827384949,0.8704000115394592,0.8730000257492065,24369,0.0,0.0
2026-01-22 11:00:00-05:00,0.871999979019165,0.8745999932289124,0.8709999918937683,0.8743000030517578,38966,0.0,0.0
2026-01-22 11:05:00-05:00,0.8730999827384949,0.8755000233650208,0.8719000220298767,0.875,14880,0.0,0.0
2026-01-22 11:10:00-05:00,0.8747000098228455,0.8754000067710876,0.8723999857902527,0.8729000091552734,13035,0.0,0.0
2026-01-22 11:15:00-05:00,0.8729000091552734,0.8748999834060669,0.8708999752998352,0.8726999759674072,12090,0.0,0.0
2026-01-22 11:20:00-05:00,0.8711000084877014,0.8743000030517578,0.8701000213623047,0.8733999729156494,36908,0.0,0.0
2026-01-22 11:25:00-05:00,0.8744000196456909,0.8849999904632568,0.8711000084877014,0.8849999904632568,28376,0.0,0.0
2026-01-22 11:30:00-05:00,0.8849999904632568,0.8939999938011169,0.8849999904632568,0.8924999833106995,19770,0.0,0.0
2026-01-22 11:35:00-05:00,0.8924999833106995,0.8924999833106995,0.8902000188827515,0.8902999758720398,11832,0.0,0.0
2026-01-22 11:40:00-05:00,0.8901000022888184,0.8902999758720398,0.8881000280380249,0.8902000188827515,15153,0.0,0.0
2026-01-22 11:45:00-05:00,0.8892999887466431,0.8920000195503235,0.8883000016212463,0.890500009059906,6036,0.0,0.0
2026-01-22 11:50:00-05:00,0.8888999819755554,0.8895999789237976,0.8888999819755554,0.8888999819755554,4057,0.0,0.0
2026-01-22 11:55:00-05:00,0.8883000016212463,0.8888000249862671,0.8881000280380249,0.8881999850273132,9973,0.0,0.0
2026-01-22 12:00:00-05:00,0.8883000016212463,0.8884000182151794,0.8881999850273132,0.8883000016212463,462917,0.0,0.0
2026-01-22 12:05:00-05:00,0.8883000016212463,0.8899000287055969,0.8883000016212463,0.88919997215271,0,0.0,0.0
2026-01-22 12:10:00-05:00,0.8896999955177307,0.8909000158309937,0.8895000219345093,0.8909000158309937,6428,0.0,0.0
2026-01-22 12:15:00-05:00,0.8903999924659729,0.8909000158309937,0.8903999924659729,0.8907999992370605,12406,0.0,0.0
2026-01-22 12:20:00-05:00,0.890500009059906,0.8906999826431274,0.8891000151634216,0.8899999856948853,29995,0.0,0.0
2026-01-22 12:25:00-05:00,0.8899999856948853,0.8899999856948853,0.8884999752044678,0.8888999819755554,25369,0.0,0.0
2026-01-22 12:30:00-05:00,0.8896999955177307,0.8919000029563904,0.8896999955177307,0.8914999961853027,29990,0.0,0.0
2026-01-22 12:35:00-05:00,0.8916000127792358,0.8916000127792358,0.8910999894142151,0.8913000226020813,26520,0.0,0.0
2026-01-22 12:40:00-05:00,0.8913999795913696,0.8914999961853027,0.8913000226020813,0.8913999795913696,38113,0.0,0.0
2026-01-22 12:45:00-05:00,0.8914999961853027,0.8988000154495239,0.8914999961853027,0.8931000232696533,725971,0.0,0.0
2026-01-22 12:50:00-05:00,0.8946999907493591,0.9042999744415283,0.8934999704360962,0.9013000130653381,0,0.0,0.0
2026-01-22 12:55:00-05:00,0.9036999940872192,0.9036999940872192,0.8988000154495239,0.901199996471405,28288,0.0,0.0
2026-01-22 13:00:00-05:00,0.901199996471405,0.9028000235557556,0.8998000025749207,0.9023000001907349,7253,0.0,0.0
2026-01-22 13:05:00-05:00,0.9017000198364258,0.902999997138977,0.8980000019073486,0.8980000019073486,24969,0.0,0.0
2026-01-22 13:10:00-05:00,0.8995000123977661,0.8995000123977661,0.8944000005722046,0.8944000005722046,31198,0.0,0.0
2026-01-22 13:15:00-05:00,0.8924999833106995,0.8939999938011169,0.8865000009536743,0.8865000009536743,35275,0.0,0.0
2026-01-22 13:20:00-05:00,0.8849999904632568,0.885699987411499,0.878000020980835,0.8799999952316284,115528,0.0,0.0
2026-01-22 13:25:00-05:00,0.8802000284194946,0.8804000020027161,0.8787000179290771,0.8804000020027161,718719,0.0,0.0
2026-01-22 13:30:00-05:00,0.8802000284194946,0.880299985408783,0.8790000081062317,0.8801000118255615,0,0.0,0.0
2026-01-22 13:35:00-05:00,0.8797000050544739,0.8815000057220459,0.8797000050544739,0.8815000057220459,37461,0.0,0.0
2026-01-22 13:40:00-05:00,0.8805999755859375,0.8806999921798706,0.8790000081062317,0.8790000081062317,3159,0.0,0.0
2026-01-22 13:45:00-05:00,0.8783000111579895,0.8783000111579895,0.8700000047683716,0.8700000047683716,37930,0.0,0.0
2026-01-22 13:50:00-05:00,0.8709999918937683,0.8743000030517578,0.8700000047683716,0.8725000023841858,30997,0.0,0.0
2026-01-22 13:55:00-05:00,0.8708999752998352,0.8729000091552734,0.8701000213623047,0.8715999722480774,806280,0.0,0.0
2026-01-22 14:00:00-05:00,0.8712000250816345,0.8737000226974487,0.8701000213623047,0.8712000250816345,0,0.0,0.0
2026-01-22 14:05:00-05:00,0.8722000122070312,0.8748000264167786,0.8700000047683716,0.8730999827384949,21188,0.0,0.0
2026-01-22 14:10:00-05:00,0.8720999956130981,0.8738999962806702,0.8700000047683716,0.8733000159263611,13421,0.0,0.0
2026-01-22 14:15:00-05:00,0.8715000152587891,0.8730999827384949,0.8698999881744385,0.8708000183105469,32656,0.0,0.0
2026-01-22 14:20:00-05:00,0.8708000183105469,0.8716999888420105,0.8700000047683716,0.8700000047683716,25260,0.0,0.0
2026-01-22 14:25:00-05:00,0.8707000017166138,0.8712999820709229,0.8700000047683716,0.8700000047683716,21787,0.0,0.0
2026-01-22 14:30:00-05:00,0.8712999820709229,0.8712999820709229,0.8705999851226807,0.8708999752998352,12859,0.0,0.0
2026-01-22 14:35:00-05:00,0.8708999752998352,0.8715000152587891,0.8700000047683716,0.870199978351593,21575,0.0,0.0
2026-01-22 14:40:00-05:00,0.8730000257492065,0.8737000226974487,0.8700000047683716,0.8712000250816345,25077,0.0,0.0
2026-01-22 14:45:00-05:00,0.8700000047683716,0.8725000023841858,0.8700000047683716,0.8725000023841858,7509,0.0,0.0
2026-01-22 14:50:00-05:00,0.8725000023841858,0.875,0.8700000047683716,0.8733999729156494,20824,0.0,0.0
2026-01-22 14:55:00-05:00,0.873199999332428,0.875,0.8700000047683716,0.8705000281333923,20900,0.0,0.0
2026-01-22 15:00:00-05:00,0.8701000213623047,0.8733999729156494,0.8700000047683716,0.8733999729156494,20982,0.0,0.0
2026-01-22 15:05:00-05:00,0.8738999962806702,0.8741999864578247,0.8712999820709229,0.8716999888420105,21729,0.0,0.0
2026-01-22 15:10:00-05:00,0.8720999956130981,0.882099986076355,0.8715000152587891,0.8790000081062317,1026663,0.0,0.0
2026-01-22 15:15:00-05:00,0.882099986076355,0.8853999972343445,0.8813999891281128,0.8833000063896179,0,0.0,0.0
2026-01-22 15:20:00-05:00,0.8837000131607056,0.8889999985694885,0.8837000131607056,0.8837000131607056,8076,0.0,0.0
2026-01-22 15:25:00-05:00,0.8810999989509583,0.8816999793052673,0.8799999952316284,0.880299985408783,6077,0.0,0.0
2026-01-22 15:30:00-05:00,0.8797000050544739,0.8810999989509583,0.8797000050544739,0.879800021648407,8501,0.0,0.0
2026-01-22 15:35:00-05:00,0.8784000277519226,0.8784000277519226,0.8752999901771545,0.8766000270843506,4447,0.0,0.0
2026-01-22 15:40:00-05:00,0.8762999773025513,0.8772000074386597,0.8758000135421753,0.8762000203132629,6378,0.0,0.0
2026-01-22 15:45:00-05:00,0.8762000203132629,0.8781999945640564,0.8752999901771545,0.8772000074386597,9075,0.0,0.0
2026-01-22 15:50:00-05:00,0.878000020980835,0.8826000094413757,0.8762999773025513,0.880299985408783,7530,0.0,0.0
2026-01-22 15:55:00-05:00,0.8805000185966492,0.8847000002861023,0.8787000179290771,0.8816999793052673,55970,0.0,0.0
2026-01-23 09:30:00-05:00,0.8815000057220459,0.8939999938011169,0.8650000095367432,0.8650000095367432,92055,0.0,0.0
2026-01-23 09:35:00-05:00,0.8700000047683716,0.8798999786376953,0.8651000261306763,0.8751000165939331,55931,0.0,0.0
2026-01-23 09:40:00-05:00,0.8694000244140625,0.8769000172615051,0.8652999997138977,0.8751999735832214,0,0.0,0.0
2026-01-23 09:45:00-05:00,0.871399998664856,0.871399998664856,0.8640999794006348,0.8662999868392944,6036,0.0,0.0
2026-01-23 09:50:00-05:00,0.8662999868392944,0.8723000288009644,0.864799976348877,0.8708000183105469,8238,0.0,0.0
2026-01-23 09:55:00-05:00,0.8730999827384949,0.8730999827384949,0.869700014591217,0.8700000047683716,13155,0.0,0.0
2026-01-23 10:00:00-05:00,0.8700000047683716,0.8705999851226807,0.8655999898910522,0.8655999898910522,5311,0.0,0.0
2026-01-23 10:05:00-05:00,0.8655999898910522,0.8676999807357788,0.8622999787330627,0.8622999787330627,13386,0.0,0.0
2026-01-23 10:10:00-05:00,0.8648999929428101,0.8648999929428101,0.8619999885559082,0.8621000051498413,18724,0.0,0.0
2026-01-23 10:15:00-05:00,0.8640999794006348,0.8700000047683716,0.863099992275238,0.8677999973297119,13362,0.0,0.0
2026-01-23 10:20:00-05:00,0.8682000041007996,0.8698999881744385,0.8677999973297119,0.8691999912261963,4070,0.0,0.0
2026-01-23 10:25:00-05:00,0.8698999881744385,0.8704000115394592,0.8641999959945679,0.8652999997138977,20480,0.0,0.0
2026-01-23 10:30:00-05:00,0.8652999997138977,0.871399998664856,0.8652999997138977,0.871399998664856,16707,0.0,0.0
2026-01-23 10:35:00-05:00,0.8720999956130981,0.8748999834060669,0.871999979019165,0.8730000257492065,3750,0.0,0.0
2026-01-23 10:40:00-05:00,0.8712999820709229,0.8747000098228455,0.8664000034332275,0.8690999746322632,22342,0.0,0.0
2026-01-23 10:45:00-05:00,0.8705999851226807,0.8705999851226807,0.8669000267982483,0.8697999715805054,2795,0.0,0.0
2026-01-23 10:50:00-05:00,0.8698999881744385,0.8702999949455261,0.8684999942779541,0.8697999715805054,5062,0.0,0.0
2026-01-23 10:55:00-05:00,0.8690999746322632,0.8704000115394592,0.8684999942779541,0.8694000244140625,7391,0.0,0.0
2026-01-23 11:00:00-05:00,0.8694999814033508,0.8704000115394592,0.8694999814033508,0.869700014591217,13457,0.0,0.0
2026-01-23 11:05:00-05:00,0.8697999715805054,0.8700000047683716,0.8689000010490417,0.8689000010490417,19274,0.0,0.0
2026-01-23 11:10:00-05:00,0.8695999979972839,0.8695999979972839,0.8687999844551086,0.8693000078201294,5539,0.0,0.0
2026-01-23 11:15:00-05:00,0.8694999814033508,0.8698999881744385,0.8690000176429749,0.8698999881744385,10765,0.0,0.0
2026-01-23 11:20:00-05:00,0.8698999881744385,0.8700000047683716,0.8690999746322632,0.8695999979972839,157606,0.0,0.0
2026-01-23 11:25:00-05:00,0.8691999912261963,0.8702999949455261,0.8683000206947327,0.8684999942779541,0,0.0,0.0
2026-01-23 11:30:00-05:00,0.8679999709129333,0.8683000206947327,0.8651000261306763,0.8659999966621399,14698,0.0,0.0
2026-01-23 11:35:00-05:00,0.8672000169754028,0.8672999739646912,0.8661999702453613,0.8672000169754028,14528,0.0,0.0
2026-01-23 11:40:00-05:00,0.8669000267982483,0.8669000267982483,0.8650000095367432,0.8651000261306763,76564,0.0,0.0
2026-01-23 11:45:00-05:00,0.8650000095367432,0.8650000095367432,0.8641999959945679,0.864799976348877,12164,0.0,0.0
2026-01-23 11:50:00-05:00,0.8644999861717224,0.8694000244140625,0.8644999861717224,0.8651999831199646,37054,0.0,0.0
2026-01-23 11:55:00-05:00,0.8651000261306763,0.8651000261306763,0.8641999959945679,0.8641999959945679,41647,0.0,0.0
2026-01-23 12:00:00-05:00,0.864300012588501,0.864300012588501,0.8640000224113464,0.8640999794006348,21557,0.0,0.0
2026-01-23 12:05:00-05:00,0.8640999794006348,0.8646000027656555,0.8636000156402588,0.8644999861717224,10634,0.0,0.0
2026-01-23 12:10:00-05:00,0.8646000027656555,0.8647000193595886,0.864300012588501,0.8647000193595886,25428,0.0,0.0
2026-01-23 12:15:00-05:00,0.8647000193595886,0.8691999912261963,0.8597999811172485,0.8639000058174133,429832,0.0,0.0
2026-01-23 12:20:00-05:00,0.8671000003814697,0.8671000003814697,0.8650000095367432,0.8650000095367432,2009,0.0,0.0
2026-01-23 12:25:00-05:00,0.8652999997138977,0.8748999834060669,0.8652999997138977,0.8748999834060669,31257,0.0,0.0
2026-01-23 12:30:00-05:00,0.8708999752998352,0.8733000159263611,0.8683000206947327,0.8683000206947327,15676,0.0,0.0
2026-01-23 12:35:00-05:00,0.8672000169754028,0.871399998664856,0.8671000003814697,0.8693000078201294,7202,0.0,0.0
2026-01-23 12:40:00-05:00,0.8691999912261963,0.8694999814033508,0.8671000003814697,0.8690000176429749,6840,0.0,0.0
2026-01-23 12:45:00-05:00,0.8676999807357788,0.8676999807357788,0.8666999936103821,0.8675000071525574,12847,0.0,0.0
2026-01-23 12:50:00-05:00,0.8666999936103821,0.8666999936103821,0.8652999997138977,0.8652999997138977,7319,0.0,0.0
2026-01-23 12:55:00-05:00,0.8644999861717224,0.8654000163078308,0.8632000088691711,0.8639000058174133,4844,0.0,0.0
2026-01-23 13:00:00-05:00,0.8632000088691711,0.8640000224113464,0.8628000020980835,0.8629000186920166,2221,0.0,0.0
2026-01-23 13:05:00-05:00,0.8636999726295471,0.8658000230789185,0.8629000186920166,0.8655999898910522,21960,0.0,0.0
2026-01-23 13:10:00-05:00,0.867900013923645,0.8697999715805054,0.8639000058174133,0.8639000058174133,16827,0.0,0.0
2026-01-23 13:15:00-05:00,0.8639000058174133,0.868399977684021,0.8639000058174133,0.8644999861717224,389332,0.0,0.0
2026-01-23 13:20:00-05:00,0.8644999861717224,0.8671000003814697,0.8644000291824341,0.8644000291824341,0,0.0,0.0
2026-01-23 13:25:00-05:00,0.8644000291824341,0.8651000261306763,0.8623999953269958,0.863099992275238,35914,0.0,0.0
2026-01-23 13:30:00-05:00,0.8629999756813049,0.8637999892234802,0.857200026512146,0.8572999835014343,4153,0.0,0.0
2026-01-23 13:35:00-05:00,0.8575000166893005,0.8580999970436096,0.8565999865531921,0.8571000099182129,415763,0.0,0.0
2026-01-23 13:40:00-05:00,0.8565999865531921,0.8575999736785889,0.8561000227928162,0.8571000099182129,0,0.0,0.0
2026-01-23 13:45:00-05:00,0.8572999835014343,0.8572999835014343,0.8568999767303467,0.8571000099182129,13931,0.0,0.0
2026-01-23 13:50:00-05:00,0.8571000099182129,0.8596000075340271,0.8571000099182129,0.8596000075340271,439790,0.0,0.0
2026-01-23 13:55:00-05:00,0.8582000136375427,0.8596000075340271,0.8582000136375427,0.8585000038146973,0,0.0,0.0
2026-01-23 14:00:00-05:00,0.8583999872207642,0.8585000038146973,0.858299970626831,0.8585000038146973,8509,0.0,0.0
2026-01-23 14:05:00-05:00,0.8585000038146973,0.8637999892234802,0.8583999872207642,0.8621000051498413,24368,0.0,0.0
2026-01-23 14:10:00-05:00,0.8632000088691711,0.8636000156402588,0.8580999970436096,0.8600000143051147,453929,0.0,0.0
2026-01-23 14:15:00-05:00,0.8600000143051147,0.8608999848365784,0.8593000173568726,0.8600000143051147,0,0.0,0.0
2026-01-23 14:20:00-05:00,0.8600000143051147,0.8608999848365784,0.8600000143051147,0.8605999946594238,6858,0.0,0.0
2026-01-23 14:25:00-05:00,0.8610000014305115,0.8611999750137329,0.8593999743461609,0.8603000044822693,8109,0.0,0.0
2026-01-23 14:30:00-05:00,0.8601999878883362,0.8603000044822693,0.8600000143051147,0.8600000143051147,10154,0.0,0.0
2026-01-23 14:35:00-05:00,0.8600000143051147,0.8600000143051147,0.857200026512146,0.857200026512146,39429,0.0,0.0
2026-01-23 14:40:00-05:00,0.858299970626831,0.8600999712944031,0.8561000227928162,0.8561000227928162,123774,0.0,0.0
2026-01-23 14:45:00-05:00,0.8574000000953674,0.8585000038146973,0.8567000031471252,0.8574000000953674,14406,0.0,0.0
2026-01-23 14:50:00-05:00,0.8574000000953674,0.8574000000953674,0.8543000221252441,0.8561000227928162,14045,0.0,0.0
2026-01-23 14:55:00-05:00,0.8564000129699707,0.8568999767303467,0.8550000190734863,0.8550999760627747,46467,0.0,0.0
2026-01-23 15:00:00-05:00,0.8550999760627747,0.8618000149726868,0.8537999987602234,0.8572999835014343,58426,0.0,0.0
2026-01-23 15:05:00-05:00,0.8575000166893005,0.8586000204086304,0.8510000109672546,0.8510000109672546,115308,0.0,0.0
2026-01-23 15:10:00-05:00,0.8521999716758728,0.8525000214576721,0.8500000238418579,0.8525000214576721,84892,0.0,0.0
2026-01-23 15:15:00-05:00,0.8501999974250793,0.8539999723434448,0.8500000238418579,0.8500999808311462,79297,0.0,0.0
2026-01-23 15:20:00-05:00,0.8510000109672546,0.854200005531311,0.8500000238418579,0.854200005531311,670063,0.0,0.0
2026-01-23 15:25:00-05:00,0.8536999821662903,0.8555999994277954,0.8515999913215637,0.8529999852180481,0,0.0,0.0
2026-01-23 15:30:00-05:00,0.8515999913215637,0.8521999716758728,0.8500000238418579,0.8501999974250793,27101,0.0,0.0
2026-01-23 15:35:00-05:00,0.8500999808311462,0.8513000011444092,0.8500000238418579,0.8507999777793884,15322,0.0,0.0
2026-01-23 15:40:00-05:00,0.8513000011444092,0.854200005531311,0.850600004196167,0.850600004196167,15304,0.0,0.0
2026-01-23 15:45:00-05:00,0.8513000011444092,0.8518000245094299,0.8507999777793884,0.8510000109672546,20248,0.0,0.0
2026-01-23 15:50:00-05:00,0.8510000109672546,0.8521999716758728,0.8510000109672546,0.8521999716758728,63215,0.0,0.0
2026-01-23 15:55:00-05:00,0.8521999716758728,0.8525999784469604,0.8503000140190125,0.8503000140190125,80631,0.0,0.0
2026-01-26 09:30:00-05:00,0.8522999882698059,0.8522999882698059,0.8400999903678894,0.8422999978065491,146453,0.0,0.0
2026-01-26 09:35:00-05:00,0.8424000144004822,0.8478999733924866,0.8399999737739563,0.842199981212616,54959,0.0,0.0
2026-01-26 09:40:00-05:00,0.8402000069618225,0.8450000286102295,0.8360000252723694,0.842199981212616,142565,0.0,0.0
2026-01-26 09:45:00-05:00,0.8431000113487244,0.8431000113487244,0.8392999768257141,0.840399980545044,27916,0.0,0.0
2026-01-26 09:50:00-05:00,0.8410000205039978,0.8429999947547913,0.8400999903678894,0.8416000008583069,25390,0.0,0.0
2026-01-26 09:55:00-05:00,0.8425999879837036,0.8425999879837036,0.8374999761581421,0.8385999798774719,46700,0.0,0.0
2026-01-26 10:00:00-05:00,0.8389000296592712,0.8396999835968018,0.8379999995231628,0.8379999995231628,39883,0.0,0.0
2026-01-26 10:05:00-05:00,0.8384000062942505,0.8389000296592712,0.8360000252723694,0.8374999761581421,21775,0.0,0.0
2026-01-26 10:10:00-05:00,0.836899995803833,0.8378999829292297,0.836899995803833,0.8378000259399414,35807,0.0,0.0
2026-01-26 10:15:00-05:00,0.8378999829292297,0.8440999984741211,0.8378000259399414,0.8417999744415283,18541,0.0,0.0
2026-01-26 10:20:00-05:00,0.8425999879837036,0.8436999917030334,0.8420000076293945,0.8421000242233276,30735,0.0,0.0
2026-01-26 10:25:00-05:00,0.8420000076293945,0.8432999849319458,0.8416000008583069,0.8424999713897705,23581,0.0,0.0
2026-01-26 10:30:00-05:00,0.8411999940872192,0.84170001745224,0.8402000069618225,0.8416000008583069,21462,0.0,0.0
2026-01-26 10:35:00-05:00,0.8416000008583069,0.8417999744415283,0.8410000205039978,0.8410000205039978,15184,0.0,0.0
2026-01-26 10:40:00-05:00,0.8399999737739563,0.8400999903678894,0.8382999897003174,0.8388000130653381,16575,0.0,0.0
2026-01-26 10:45:00-05:00,0.838699996471405,0.8422999978065491,0.838699996471405,0.8422999978065491,17401,0.0,0.0
2026-01-26 10:50:00-05:00,0.8418999910354614,0.8460999727249146,0.8410999774932861,0.8460999727249146,17865,0.0,0.0
2026-01-26 10:55:00-05:00,0.847000002861023,0.847000002861023,0.8432999849319458,0.8442000150680542,23374,0.0,0.0
2026-01-26 11:00:00-05:00,0.8442000150680542,0.845300018787384,0.8429999947547913,0.8429999947547913,15242,0.0,0.0
2026-01-26 11:05:00-05:00,0.8436999917030334,0.8450999855995178,0.8428999781608582,0.8442000150680542,328565,0.0,0.0
2026-01-26 11:10:00-05:00,0.8447999954223633,0.8450999855995178,0.8440999984741211,0.8450999855995178,0,0.0,0.0
2026-01-26 11:15:00-05:00,0.8446999788284302,0.8446999788284302,0.8411999940872192,0.84170001745224,39119,0.0,0.0
2026-01-26 11:20:00-05:00,0.8411999940872192,0.8424000144004822,0.8411999940872192,0.8420000076293945,23403,0.0,0.0
2026-01-26 11:25:00-05:00,0.8424000144004822,0.8452000021934509,0.842199981212616,0.8450999855995178,11049,0.0,0.0
2026-01-26 11:30:00-05:00,0.8436999917030334,0.843999981880188,0.8422999978065491,0.8427000045776367,12977,0.0,0.0
2026-01-26 11:35:00-05:00,0.8442000150680542,0.8452000021934509,0.8438000082969666,0.8449000120162964,11267,0.0,0.0
2026-01-26 11:40:00-05:00,0.8449000120162964,0.8452000021934509,0.8446000218391418,0.8446000218391418,379948,0.0,0.0
2026-01-26 11:45:00-05:00,0.8446000218391418,0.8479999899864197,0.8446000218391418,0.8479999899864197,0,0.0,0.0
2026-01-26 11:50:00-05:00,0.8482000231742859,0.8496000170707703,0.8468999862670898,0.847599983215332,11098,0.0,0.0
2026-01-26 11:55:00-05:00,0.8475000262260437,0.8489000201225281,0.8468000292778015,0.8468000292778015,26703,0.0,0.0
2026-01-26 12:00:00-05:00,0.8468000292778015,0.8471999764442444,0.8460000157356262,0.8460999727249146,20820,0.0,0.0
2026-01-26 12:05:00-05:00,0.8464000225067139,0.8468000292778015,0.8464000225067139,0.8465999960899353,36976,0.0,0.0
2026-01-26 12:10:00-05:00,0.8465999960899353,0.8467000126838684,0.8460000157356262,0.8465999960899353,26007,0.0,0.0
2026-01-26 12:15:00-05:00,0.8465999960899353,0.8467000126838684,0.8460999727249146,0.8465999960899353,13597,0.0,0.0
2026-01-26 12:20:00-05:00,0.8464000225067139,0.8474000096321106,0.8464000225067139,0.8474000096321106,13824,0.0,0.0
2026-01-26 12:25:00-05:00,0.8489000201225281,0.8499000072479248,0.8489000201225281,0.8490999937057495,10077,0.0,0.0
2026-01-26 12:30:00-05:00,0.8493000268936157,0.8547999858856201,0.8493000268936157,0.8532999753952026,55611,0.0,0.0
2026-01-26 12:35:00-05:00,0.8543000221252441,0.8543999791145325,0.8519999980926514,0.8529999852180481,13416,0.0,0.0
2026-01-26 12:40:00-05:00,0.8531000018119812,0.8536999821662903,0.8503999710083008,0.8511999845504761,33428,0.0,0.0
2026-01-26 12:45:00-05:00,0.8504999876022339,0.8511000275611877,0.8500000238418579,0.8508999943733215,4120,0.0,0.0
2026-01-26 12:50:00-05:00,0.8507999777793884,0.8514000177383423,0.8504999876022339,0.8504999876022339,4758,0.0,0.0
2026-01-26 12:55:00-05:00,0.8507000207901001,0.8507000207901001,0.8500000238418579,0.8504999876022339,4566,0.0,0.0
2026-01-26 13:00:00-05:00,0.8503999710083008,0.8503999710083008,0.8499000072479248,0.8500000238418579,16165,0.0,0.0
2026-01-26 13:05:00-05:00,0.8499000072479248,0.8500999808311462,0.8492000102996826,0.8500000238418579,18672,0.0,0.0
2026-01-26 13:10:00-05:00,0.8500999808311462,0.8504999876022339,0.8500999808311462,0.8503000140190125,2072,0.0,0.0
2026-01-26 13:15:00-05:00,0.8501999974250793,0.8507999777793884,0.8501999974250793,0.8507999777793884,21073,0.0,0.0
2026-01-26 13:20:00-05:00,0.8507000207901001,0.8508999943733215,0.8507000207901001,0.8508999943733215,8215,0.0,0.0
2026-01-26 13:25:00-05:00,0.8508999943733215,0.8508999943733215,0.8507999777793884,0.8508999943733215,8473,0.0,0.0
2026-01-26 13:30:00-05:00,0.8508999943733215,0.8521000146865845,0.8508999943733215,0.8521000146865845,14743,0.0,0.0
2026-01-26 13:35:00-05:00,0.8529000282287598,0.8529000282287598,0.8517000079154968,0.8522999882698059,4033,0.0,0.0
2026-01-26 13:40:00-05:00,0.8522999882698059,0.8529000282287598,0.8518999814987183,0.8521999716758728,5156,0.0,0.0
2026-01-26 13:45:00-05:00,0.8525999784469604,0.8528000116348267,0.8521999716758728,0.8528000116348267,9285,0.0,0.0
2026-01-26 13:50:00-05:00,0.8526999950408936,0.8528000116348267,0.8522999882698059,0.8525999784469604,32881,0.0,0.0
2026-01-26 13:55:00-05:00,0.8525000214576721,0.8555999994277954,0.8525000214576721,0.8549000024795532,48299,0.0,0.0
2026-01-26 14:00:00-05:00,0.8555999994277954,0.8575000166893005,0.8555999994277954,0.8571000099182129,27642,0.0,0.0
2026-01-26 14:05:00-05:00,0.8568999767303467,0.8568999767303467,0.853600025177002,0.8551999926567078,8987,0.0,0.0
2026-01-26 14:10:00-05:00,0.8567000031471252,0.8567000031471252,0.8546000123023987,0.8546000123023987,5995,0.0,0.0
2026-01-26 14:15:00-05:00,0.8554999828338623,0.8554999828338623,0.8539999723434448,0.8549000024795532,7139,0.0,0.0
2026-01-26 14:20:00-05:00,0.8543000221252441,0.8543000221252441,0.8504999876022339,0.8529999852180481,7315,0.0,0.0
2026-01-26 14:25:00-05:00,0.8529000282287598,0.8529999852180481,0.8510000109672546,0.8510000109672546,7129,0.0,0.0
2026-01-26 14:30:00-05:00,0.8518000245094299,0.8518000245094299,0.8481000065803528,0.8492000102996826,9038,0.0,0.0
2026-01-26 14:35:00-05:00,0.8489999771118164,0.849399983882904,0.8485999703407288,0.8493000268936157,8565,0.0,0.0
2026-01-26 14:40:00-05:00,0.8490999937057495,0.8495000004768372,0.8490999937057495,0.8495000004768372,9682,0.0,0.0
2026-01-26 14:45:00-05:00,0.849399983882904,0.849399983882904,0.8476999998092651,0.8490999937057495,10127,0.0,0.0
2026-01-26 14:50:00-05:00,0.8490999937057495,0.8490999937057495,0.8482999801635742,0.8482999801635742,494379,0.0,0.0
2026-01-26 14:55:00-05:00,0.8482999801635742,0.8485999703407288,0.8474000096321106,0.8476999998092651,0,0.0,0.0
2026-01-26 15:00:00-05:00,0.8468000292778015,0.8496000170707703,0.8468000292778015,0.8496000170707703,29009,0.0,0.0
2026-01-26 15:05:00-05:00,0.8496999740600586,0.8501999974250793,0.8496999740600586,0.8500999808311462,43093,0.0,0.0
2026-01-26 15:10:00-05:00,0.8501999974250793,0.8539999723434448,0.8500999808311462,0.8529000282287598,31011,0.0,0.0
2026-01-26 15:15:00-05:00,0.8529000282287598,0.853600025177002,0.8507000207901001,0.8507999777793884,14219,0.0,0.0
2026-01-26 15:20:00-05:00,0.8515999913215637,0.8517000079154968,0.8507999777793884,0.8507999777793884,7291,0.0,0.0
2026-01-26 15:25:00-05:00,0.8519999980926514,0.8532000184059143,0.8508999943733215,0.852400004863739,9133,0.0,0.0
2026-01-26 15:30:00-05:00,0.8510000109672546,0.852400004863739,0.8510000109672546,0.8518000245094299,15389,0.0,0.0
2026-01-26 15:35:00-05:00,0.8514000177383423,0.8547999858856201,0.8514000177383423,0.8537999987602234,8716,0.0,0.0
2026-01-26 15:40:00-05:00,0.8537999987602234,0.8547999858856201,0.8517000079154968,0.8519999980926514,22118,0.0,0.0
2026-01-26 15:45:00-05:00,0.8511000275611877,0.8526999950408936,0.8511000275611877,0.8518000245094299,25790,0.0,0.0
2026-01-26 15:50:00-05:00,0.8514999747276306,0.8549000024795532,0.8507999777793884,0.8540999889373779,52878,0.0,0.0
2026-01-26 15:55:00-05:00,0.8532999753952026,0.8550000190734863,0.8500000238418579,0.853600025177002,81793,0.0,0.0
2026-01-27 09:30:00-05:00,0.8799999952316284,0.9348999857902527,0.8794999718666077,0.9247999787330627,987130,0.0,0.0
2026-01-27 09:35:00-05:00,0.9100000262260437,0.9200000166893005,0.8700000047683716,0.8859000205993652,171705,0.0,0.0
2026-01-27 09:40:00-05:00,0.8830000162124634,0.8992999792098999,0.8799999952316284,0.8871999979019165,578584,0.0,0.0
2026-01-27 09:45:00-05:00,0.8871999979019165,0.8899000287055969,0.8700000047683716,0.8729000091552734,0,0.0,0.0
2026-01-27 09:50:00-05:00,0.880299985408783,0.8845999836921692,0.8740000128746033,0.8740000128746033,13829,0.0,0.0
2026-01-27 09:55:00-05:00,0.8741999864578247,0.8758000135421753,0.8618999719619751,0.8618999719619751,16918,0.0,0.0
2026-01-27 10:00:00-05:00,0.8689000010490417,0.8827999830245972,0.862500011920929,0.8827999830245972,147168,0.0,0.0
2026-01-27 10:05:00-05:00,0.8827999830245972,0.890999972820282,0.882099986076355,0.8877999782562256,71342,0.0,0.0
2026-01-27 10:10:00-05:00,0.8870000243186951,0.8894000053405762,0.8815000057220459,0.8865000009536743,62185,0.0,0.0
2026-01-27 10:15:00-05:00,0.8863999843597412,0.888700008392334,0.883400022983551,0.8863000273704529,39666,0.0,0.0
2026-01-27 10:20:00-05:00,0.8862000107765198,0.8949000239372253,0.8859999775886536,0.8919000029563904,135940,0.0,0.0
2026-01-27 10:25:00-05:00,0.8906000256538391,0.8919000029563904,0.8899999856948853,0.8901000022888184,71600,0.0,0.0
2026-01-27 10:30:00-05:00,0.8899999856948853,0.8901000022888184,0.8799999952316284,0.8833000063896179,44163,0.0,0.0
2026-01-27 10:35:00-05:00,0.8833000063896179,0.8912000060081482,0.8822000026702881,0.8858000040054321,65506,0.0,0.0
2026-01-27 10:40:00-05:00,0.8870000243186951,0.8870999813079834,0.8863999843597412,0.886900007724762,6939,0.0,0.0
2026-01-27 10:45:00-05:00,0.8866999745368958,0.8876000046730042,0.8863999843597412,0.8873999714851379,107085,0.0,0.0
2026-01-27 10:50:00-05:00,0.8870999813079834,0.8870999813079834,0.8827000260353088,0.8828999996185303,65605,0.0,0.0
2026-01-27 10:55:00-05:00,0.8828999996185303,0.8895000219345093,0.8828999996185303,0.8881000280380249,73096,0.0,0.0
2026-01-27 11:00:00-05:00,0.8880000114440918,0.8880000114440918,0.8851000070571899,0.8851000070571899,9179,0.0,0.0
2026-01-27 11:05:00-05:00,0.8855999708175659,0.8942999839782715,0.8840000033378601,0.8920999765396118,107231,0.0,0.0
2026-01-27 11:10:00-05:00,0.8934000134468079,0.8934000134468079,0.8859000205993652,0.8913000226020813,12528,0.0,0.0
2026-01-27 11:15:00-05:00,0.8881999850273132,0.892300009727478,0.8881999850273132,0.8916000127792358,10852,0.0,0.0
2026-01-27 11:20:00-05:00,0.8899999856948853,0.8934000134468079,0.8899999856948853,0.8906999826431274,46488,0.0,0.0
2026-01-27 11:25:00-05:00,0.8899999856948853,0.8934999704360962,0.8894000053405762,0.8913999795913696,7821,0.0,0.0
2026-01-27 11:30:00-05:00,0.8931000232696533,0.8974000215530396,0.8931000232696533,0.8944000005722046,23971,0.0,0.0
2026-01-27 11:35:00-05:00,0.8952999711036682,0.8995000123977661,0.8950999975204468,0.8981999754905701,79321,0.0,0.0
2026-01-27 11:40:00-05:00,0.8992000222206116,0.9046000242233276,0.8981000185012817,0.9010000228881836,127451,0.0,0.0
2026-01-27 11:45:00-05:00,0.9028000235557556,0.9099000096321106,0.8999999761581421,0.9089000225067139,120568,0.0,0.0
2026-01-27 11:50:00-05:00,0.9089000225067139,0.9100000262260437,0.90420001745224,0.906000018119812,40452,0.0,0.0
2026-01-27 11:55:00-05:00,0.9057999849319458,0.9240999817848206,0.9057999849319458,0.9143999814987183,130745,0.0,0.0
2026-01-27 12:00:00-05:00,0.9172999858856201,0.9172999858856201,0.8999999761581421,0.9017000198364258,67042,0.0,0.0
2026-01-27 12:05:00-05:00,0.9031999707221985,0.9038000106811523,0.8999999761581421,0.9017999768257141,30654,0.0,0.0
2026-01-27 12:10:00-05:00,0.9004999995231628,0.9010999798774719,0.8992000222206116,0.9003999829292297,45479,0.0,0.0
2026-01-27 12:15:00-05:00,0.9003000259399414,0.9003000259399414,0.8950999975204468,0.8981999754905701,47305,0.0,0.0
2026-01-27 12:20:00-05:00,0.8982999920845032,0.9054999947547913,0.8971999883651733,0.9039000272750854,24088,0.0,0.0
2026-01-27 12:25:00-05:00,0.9039000272750854,0.9121000170707703,0.9039000272750854,0.909500002861023,44819,0.0,0.0
2026-01-27 12:30:00-05:00,0.909500002861023,0.9120000004768372,0.9092000126838684,0.9103000164031982,94863,0.0,0.0
2026-01-27 12:35:00-05:00,0.9106000065803528,0.9111999869346619,0.9099000096321106,0.910099983215332,22114,0.0,0.0
2026-01-27 12:40:00-05:00,0.910099983215332,0.911300003528595,0.9099000096321106,0.9104999899864197,28643,0.0,0.0
2026-01-27 12:45:00-05:00,0.911300003528595,0.9132000207901001,0.909500002861023,0.9100000262260437,39842,0.0,0.0
2026-01-27 12:50:00-05:00,0.9106000065803528,0.913100004196167,0.9100000262260437,0.9110999703407288,17601,0.0,0.0
2026-01-27 12:55:00-05:00,0.9110000133514404,0.9125999808311462,0.9099000096321106,0.9114999771118164,67095,0.0,0.0
2026-01-27 13:00:00-05:00,0.9114999771118164,0.9144999980926514,0.9108999967575073,0.9118000268936157,15079,0.0,0.0
2026-01-27 13:05:00-05:00,0.9114999771118164,0.9175000190734863,0.911300003528595,0.9175000190734863,56820,0.0,0.0
2026-01-27 13:10:00-05:00,0.9174000024795532,0.9261000156402588,0.9174000024795532,0.9180999994277954,52285,0.0,0.0
2026-01-27 13:15:00-05:00,0.9175999760627747,0.9200000166893005,0.9175999760627747,0.9182000160217285,136533,0.0,0.0
2026-01-27 13:20:00-05:00,0.9186000227928162,0.9186000227928162,0.9114000201225281,0.9124000072479248,56900,0.0,0.0
2026-01-27 13:25:00-05:00,0.9118000268936157,0.9124000072479248,0.9108999967575073,0.9111999869346619,41439,0.0,0.0
2026-01-27 13:30:00-05:00,0.9120000004768372,0.9120000004768372,0.9103999733924866,0.9110999703407288,3670,0.0,0.0
2026-01-27 13:35:00-05:00,0.9110999703407288,0.9111999869346619,0.9110999703407288,0.9110999703407288,7540,0.0,0.0
2026-01-27 13:40:00-05:00,0.9111999869346619,0.9111999869346619,0.9110000133514404,0.9110000133514404,29357,0.0,0.0
2026-01-27 13:45:00-05:00,0.9110000133514404,0.9122999906539917,0.9081000089645386,0.9107999801635742,29546,0.0,0.0
2026-01-27 13:50:00-05:00,0.9092000126838684,0.9111999869346619,0.9077000021934509,0.9106000065803528,53569,0.0,0.0
2026-01-27 13:55:00-05:00,0.9101999998092651,0.9124000072479248,0.9093999862670898,0.9110999703407288,242513,0.0,0.0
2026-01-27 14:00:00-05:00,0.9110999703407288,0.9124000072479248,0.9100000262260437,0.9100000262260437,23275,0.0,0.0
2026-01-27 14:05:00-05:00,0.911300003528595,0.9157000184059143,0.9100000262260437,0.9121000170707703,155762,0.0,0.0
2026-01-27 14:10:00-05:00,0.9120000004768372,0.9153000116348267,0.9100000262260437,0.9153000116348267,55832,0.0,0.0
2026-01-27 14:15:00-05:00,0.9144999980926514,0.9144999980926514,0.9106000065803528,0.911300003528595,20435,0.0,0.0
2026-01-27 14:20:00-05:00,0.9103000164031982,0.9110999703407288,0.9100000262260437,0.9103999733924866,48466,0.0,0.0
2026-01-27 14:25:00-05:00,0.9100000262260437,0.9103000164031982,0.9099000096321106,0.9099000096321106,34740,0.0,0.0
2026-01-27 14:30:00-05:00,0.9099000096321106,0.9100000262260437,0.9097999930381775,0.9099000096321106,9968,0.0,0.0
2026-01-27 14:35:00-05:00,0.9097999930381775,0.9099000096321106,0.9097999930381775,0.9099000096321106,12699,0.0,0.0
2026-01-27 14:40:00-05:00,0.9099000096321106,0.9099000096321106,0.8999999761581421,0.8999999761581421,63488,0.0,0.0
2026-01-27 14:45:00-05:00,0.9004999995231628,0.9014000296592712,0.8988000154495239,0.8992000222206116,21794,0.0,0.0
2026-01-27 14:50:00-05:00,0.8988999724388123,0.8989999890327454,0.8985000252723694,0.8985999822616577,13856,0.0,0.0
2026-01-27 14:55:00-05:00,0.8985000252723694,0.901199996471405,0.8985000252723694,0.9010999798774719,88546,0.0,0.0
2026-01-27 15:00:00-05:00,0.8996000289916992,0.9021999835968018,0.8995000123977661,0.8999999761581421,78801,0.0,0.0
2026-01-27 15:05:00-05:00,0.9000999927520752,0.9002000093460083,0.8981999754905701,0.8985000252723694,12663,0.0,0.0
2026-01-27 15:10:00-05:00,0.8988000154495239,0.8998000025749207,0.8985000252723694,0.8992999792098999,17228,0.0,0.0
2026-01-27 15:15:00-05:00,0.8992000222206116,0.8992999792098999,0.8914999961853027,0.8938999772071838,31904,0.0,0.0
2026-01-27 15:20:00-05:00,0.8942999839782715,0.8973000049591064,0.8942999839782715,0.8959000110626221,23420,0.0,0.0
2026-01-27 15:25:00-05:00,0.8963000178337097,0.9039999842643738,0.895799994468689,0.9039999842643738,10311,0.0,0.0
2026-01-27 15:30:00-05:00,0.9039999842643738,0.9039999842643738,0.8970999717712402,0.8974999785423279,71166,0.0,0.0
2026-01-27 15:35:00-05:00,0.8980000019073486,0.8980000019073486,0.8938000202178955,0.8938000202178955,19283,0.0,0.0
2026-01-27 15:40:00-05:00,0.8949000239372253,0.8949000239372253,0.8921999931335449,0.8935999870300293,19835,0.0,0.0
2026-01-27 15:45:00-05:00,0.8924999833106995,0.8970000147819519,0.8916000127792358,0.8939999938011169,34555,0.0,0.0
2026-01-27 15:50:00-05:00,0.8949000239372253,0.8960999846458435,0.8942000269889832,0.8956000208854675,44442,0.0,0.0
2026-01-27 15:55:00-05:00,0.8956000208854675,0.9126999974250793,0.8952000141143799,0.9110000133514404,2160693,0.0,0.0
2026-01-28 09:30:00-05:00,0.9318000078201294,0.9398999810218811,0.9300000071525574,0.9373000264167786,219399,0.0,0.0
2026-01-28 09:35:00-05:00,0.9373000264167786,0.9470000267028809,0.9251000285148621,0.9259999990463257,172739,0.0,0.0
2026-01-28 09:40:00-05:00,0.929099977016449,0.9498999714851379,0.9272000193595886,0.9434000253677368,134196,0.0,0.0
2026-01-28 09:45:00-05:00,0.9455999732017517,0.949999988079071,0.9391000270843506,0.9391000270843506,93536,0.0,0.0
2026-01-28 09:50:00-05:00,0.946399986743927,0.9470000267028809,0.9348999857902527,0.9399999976158142,120474,0.0,0.0
2026-01-28 09:55:00-05:00,0.9419999718666077,0.9419999718666077,0.9300000071525574,0.9300000071525574,18205,0.0,0.0
2026-01-28 10:00:00-05:00,0.9261000156402588,0.9279000163078308,0.9106000065803528,0.9264000058174133,51715,0.0,0.0
2026-01-28 10:05:00-05:00,0.9269999861717224,0.9269999861717224,0.9218000173568726,0.9218000173568726,12126,0.0,0.0
2026-01-28 10:10:00-05:00,0.92330002784729,0.92330002784729,0.9218999743461609,0.9223999977111816,11391,0.0,0.0
2026-01-28 10:15:00-05:00,0.9229000210762024,0.92330002784729,0.9199000000953674,0.9199000000953674,110374,0.0,0.0
2026-01-28 10:20:00-05:00,0.9199000000953674,0.92330002784729,0.9199000000953674,0.9225999712944031,32539,0.0,0.0
2026-01-28 10:25:00-05:00,0.9225999712944031,0.92330002784729,0.9207000136375427,0.9210000038146973,45838,0.0,0.0
2026-01-28 10:30:00-05:00,0.9211999773979187,0.92330002784729,0.9211999773979187,0.92330002784729,34476,0.0,0.0
2026-01-28 10:35:00-05:00,0.9222999811172485,0.9276999831199646,0.9222999811172485,0.9276999831199646,40778,0.0,0.0
2026-01-28 10:40:00-05:00,0.9276000261306763,0.9276999831199646,0.9226999878883362,0.9228000044822693,15184,0.0,0.0
2026-01-28 10:45:00-05:00,0.9229999780654907,0.9232000112533569,0.9200000166893005,0.9200999736785889,8119,0.0,0.0
2026-01-28 10:50:00-05:00,0.9200999736785889,0.9200999736785889,0.9133999943733215,0.9133999943733215,11017,0.0,0.0
2026-01-28 10:55:00-05:00,0.9142000079154968,0.9204999804496765,0.9140999913215637,0.9143000245094299,32206,0.0,0.0
2026-01-28 11:00:00-05:00,0.9136000275611877,0.9150000214576721,0.9132000207901001,0.9150000214576721,13293,0.0,0.0
2026-01-28 11:05:00-05:00,0.9136999845504761,0.9154999852180481,0.9135000109672546,0.9150999784469604,9954,0.0,0.0
2026-01-28 11:10:00-05:00,0.9156000018119812,0.9157999753952026,0.9156000018119812,0.9157999753952026,34469,0.0,0.0
2026-01-28 11:15:00-05:00,0.9157999753952026,0.9157999753952026,0.9133999943733215,0.9133999943733215,12892,0.0,0.0
2026-01-28 11:20:00-05:00,0.9133999943733215,0.9133999943733215,0.9107000231742859,0.9107000231742859,15508,0.0,0.0
2026-01-28 11:25:00-05:00,0.911300003528595,0.9114999771118164,0.9107000231742859,0.9110999703407288,13415,0.0,0.0
2026-01-28 11:30:00-05:00,0.9110999703407288,0.9110999703407288,0.9049999713897705,0.9049999713897705,38362,0.0,0.0
2026-01-28 11:35:00-05:00,0.9068999886512756,0.9068999886512756,0.9024999737739563,0.9024999737739563,25792,0.0,0.0
2026-01-28 11:40:00-05:00,0.9010999798774719,0.9014999866485596,0.8999999761581421,0.9000999927520752,41259,0.0,0.0
2026-01-28 11:45:00-05:00,0.9000999927520752,0.9054999947547913,0.8999999761581421,0.9054999947547913,39026,0.0,0.0
2026-01-28 11:50:00-05:00,0.907800018787384,0.907800018787384,0.9006999731063843,0.901199996471405,18798,0.0,0.0
2026-01-28 11:55:00-05:00,0.9002000093460083,0.9079999923706055,0.9002000093460083,0.9063000082969666,12482,0.0,0.0
2026-01-28 12:00:00-05:00,0.9057999849319458,0.9143999814987183,0.9050999879837036,0.9100000262260437,80304,0.0,0.0
2026-01-28 12:05:00-05:00,0.9111999869346619,0.9226999878883362,0.9107999801635742,0.9175000190734863,0,0.0,0.0
2026-01-28 12:10:00-05:00,0.9175000190734863,0.9179999828338623,0.9158999919891357,0.9179999828338623,18996,0.0,0.0
2026-01-28 12:15:00-05:00,0.9179999828338623,0.9180999994277954,0.9162999987602234,0.9174000024795532,21911,0.0,0.0
2026-01-28 12:20:00-05:00,0.9172999858856201,0.9174000024795532,0.914900004863739,0.9151999950408936,17358,0.0,0.0
2026-01-28 12:25:00-05:00,0.914900004863739,0.9150000214576721,0.9100000262260437,0.911899983882904,31852,0.0,0.0
2026-01-28 12:30:00-05:00,0.911899983882904,0.911899983882904,0.9110000133514404,0.9117000102996826,4423,0.0,0.0
2026-01-28 12:35:00-05:00,0.9118000268936157,0.9142000079154968,0.9118000268936157,0.9142000079154968,16790,0.0,0.0
2026-01-28 12:40:00-05:00,0.9142000079154968,0.914900004863739,0.9142000079154968,0.9146999716758728,25396,0.0,0.0
2026-01-28 12:45:00-05:00,0.9146000146865845,0.914900004863739,0.9146000146865845,0.914900004863739,13132,0.0,0.0
2026-01-28 12:50:00-05:00,0.914900004863739,0.9258000254631042,0.914900004863739,0.9200000166893005,20262,0.0,0.0
2026-01-28 12:55:00-05:00,0.9204999804496765,0.9210000038146973,0.9197999835014343,0.9197999835014343,3698,0.0,0.0
2026-01-28 13:00:00-05:00,0.917900025844574,0.9271000027656555,0.9158999919891357,0.9186999797821045,18412,0.0,0.0
2026-01-28 13:05:00-05:00,0.9189000129699707,0.9236000180244446,0.9189000129699707,0.921999990940094,18937,0.0,0.0
2026-01-28 13:10:00-05:00,0.9228000044822693,0.9233999848365784,0.9221000075340271,0.9221000075340271,1899,0.0,0.0
2026-01-28 13:15:00-05:00,0.9228000044822693,0.9233999848365784,0.9228000044822693,0.9233999848365784,3597,0.0,0.0
2026-01-28 13:20:00-05:00,0.9233999848365784,0.9235000014305115,0.9200000166893005,0.9200000166893005,45060,0.0,0.0
2026-01-28 13:25:00-05:00,0.9150999784469604,0.9178000092506409,0.9150999784469604,0.9154999852180481,3233,0.0,0.0
2026-01-28 13:30:00-05:00,0.9154999852180481,0.9180999994277954,0.9070000052452087,0.9070000052452087,43722,0.0,0.0
2026-01-28 13:35:00-05:00,0.9079999923706055,0.9107999801635742,0.9079999923706055,0.9092000126838684,17630,0.0,0.0
2026-01-28 13:40:00-05:00,0.9085000157356262,0.9122999906539917,0.9085000157356262,0.9122999906539917,13434,0.0,0.0
2026-01-28 13:45:00-05:00,0.9103999733924866,0.9107999801635742,0.9096999764442444,0.9107999801635742,7844,0.0,0.0
2026-01-28 13:50:00-05:00,0.9100000262260437,0.9107999801635742,0.909600019454956,0.909600019454956,1459,0.0,0.0
2026-01-28 13:55:00-05:00,0.9096999764442444,0.9100000262260437,0.9096999764442444,0.9097999930381775,17035,0.0,0.0
2026-01-28 14:00:00-05:00,0.9092000126838684,0.9092000126838684,0.9010999798774719,0.901199996471405,628708,0.0,0.0
2026-01-28 14:05:00-05:00,0.9021999835968018,0.9031999707221985,0.8999999761581421,0.902999997138977,0,0.0,0.0
2026-01-28 14:10:00-05:00,0.9025999903678894,0.9139000177383423,0.9025999903678894,0.9111999869346619,17032,0.0,0.0
2026-01-28 14:15:00-05:00,0.9085999727249146,0.9089999794960022,0.9049000144004822,0.9061999917030334,5243,0.0,0.0
2026-01-28 14:20:00-05:00,0.904699981212616,0.9056000113487244,0.8999999761581421,0.9027000069618225,30450,0.0,0.0
2026-01-28 14:25:00-05:00,0.9027000069618225,0.9038000106811523,0.8999999761581421,0.8999999761581421,27805,0.0,0.0
2026-01-28 14:30:00-05:00,0.8999999761581421,0.9050999879837036,0.8985999822616577,0.9010999798774719,95721,0.0,0.0
2026-01-28 14:35:00-05:00,0.8999999761581421,0.9079999923706055,0.8999999761581421,0.9039999842643738,34257,0.0,0.0
2026-01-28 14:40:00-05:00,0.9067000150680542,0.9103000164031982,0.9052000045776367,0.9103000164031982,40101,0.0,0.0
2026-01-28 14:45:00-05:00,0.9117000102996826,0.9172999858856201,0.9117000102996826,0.9172999858856201,3106,0.0,0.0
2026-01-28 14:50:00-05:00,0.9154000282287598,0.9193000197410583,0.9153000116348267,0.9169999957084656,9932,0.0,0.0
2026-01-28 14:55:00-05:00,0.9175000190734863,0.9204999804496765,0.9164000153541565,0.9164000153541565,109423,0.0,0.0
2026-01-28 15:00:00-05:00,0.9139999747276306,0.9158999919891357,0.9132999777793884,0.9150000214576721,837398,0.0,0.0
2026-01-28 15:05:00-05:00,0.9157000184059143,0.9180999994277954,0.9157000184059143,0.9180999994277954,0,0.0,0.0
2026-01-28 15:10:00-05:00,0.91839998960495,0.9204000234603882,0.91839998960495,0.9200999736785889,47718,0.0,0.0
2026-01-28 15:15:00-05:00,0.9200999736785889,0.9200999736785889,0.916100025177002,0.9187999963760376,8428,0.0,0.0
2026-01-28 15:20:00-05:00,0.9187999963760376,0.9189000129699707,0.9169999957084656,0.9180999994277954,16130,0.0,0.0
2026-01-28 15:25:00-05:00,0.9162999987602234,0.917900025844574,0.9162999987602234,0.9169999957084656,3044,0.0,0.0
2026-01-28 15:30:00-05:00,0.9169999957084656,0.917900025844574,0.9164000153541565,0.9172000288963318,8420,0.0,0.0
2026-01-28 15:35:00-05:00,0.9171000123023987,0.917900025844574,0.9153000116348267,0.9154999852180481,40656,0.0,0.0
2026-01-28 15:40:00-05:00,0.9151999950408936,0.9156000018119812,0.9107000231742859,0.9128000140190125,10035,0.0,0.0
2026-01-28 15:45:00-05:00,0.9125999808311462,0.9136999845504761,0.9100000262260437,0.9114999771118164,18434,0.0,0.0
2026-01-28 15:50:00-05:00,0.9121000170707703,0.9121000170707703,0.9104999899864197,0.9110000133514404,36797,0.0,0.0
2026-01-28 15:55:00-05:00,0.9110000133514404,0.9200000166893005,0.9110000133514404,0.9172999858856201,84394,0.0,0.0
2026-01-29 09:30:00-05:00,0.9300000071525574,0.9300000071525574,0.8859999775886536,0.8970000147819519,206853,0.0,0.0
2026-01-29 09:35:00-05:00,0.8901000022888184,0.9100000262260437,0.8870999813079834,0.8991000056266785,11513,0.0,0.0
2026-01-29 09:40:00-05:00,0.8999000191688538,0.9099000096321106,0.8910999894142151,0.8946999907493591,83931,0.0,0.0
2026-01-29 09:45:00-05:00,0.8910999894142151,0.8981999754905701,0.8910999894142151,0.8981999754905701,5741,0.0,0.0
2026-01-29 09:50:00-05:00,0.8927000164985657,0.89410001039505,0.8880000114440918,0.8899999856948853,42296,0.0,0.0
2026-01-29 09:55:00-05:00,0.8902999758720398,0.8903999924659729,0.8822000026702881,0.8827000260353088,57642,0.0,0.0
2026-01-29 10:00:00-05:00,0.8844000101089478,0.8859000205993652,0.8734999895095825,0.8762999773025513,68453,0.0,0.0
2026-01-29 10:05:00-05:00,0.8773000240325928,0.8826000094413757,0.8752999901771545,0.8791000247001648,41791,0.0,0.0
2026-01-29 10:10:00-05:00,0.8791000247001648,0.8810999989509583,0.875,0.8755000233650208,14760,0.0,0.0
2026-01-29 10:15:00-05:00,0.8755000233650208,0.8788999915122986,0.8755000233650208,0.8777999877929688,20550,0.0,0.0
2026-01-29 10:20:00-05:00,0.8776000142097473,0.8802000284194946,0.8762000203132629,0.8791000247001648,23403,0.0,0.0
2026-01-29 10:25:00-05:00,0.8798999786376953,0.8798999786376953,0.875,0.875,46832,0.0,0.0
2026-01-29 10:30:00-05:00,0.8751000165939331,0.8751000165939331,0.8700000047683716,0.8705000281333923,22514,0.0,0.0
2026-01-29 10:35:00-05:00,0.8708000183105469,0.8708000183105469,0.8675000071525574,0.868399977684021,43791,0.0,0.0
2026-01-29 10:40:00-05:00,0.868399977684021,0.869700014591217,0.8671000003814697,0.8679999709129333,21270,0.0,0.0
2026-01-29 10:45:00-05:00,0.8680999875068665,0.8683000206947327,0.8666999936103821,0.8668000102043152,107990,0.0,0.0
2026-01-29 10:50:00-05:00,0.8668000102043152,0.8668000102043152,0.8600000143051147,0.8600000143051147,178919,0.0,0.0
2026-01-29 10:55:00-05:00,0.8600999712944031,0.8623999953269958,0.8600000143051147,0.8611000180244446,37904,0.0,0.0
2026-01-29 11:00:00-05:00,0.8622000217437744,0.8622000217437744,0.8600999712944031,0.8604000210762024,67060,0.0,0.0
2026-01-29 11:05:00-05:00,0.8604999780654907,0.8605999946594238,0.8600000143051147,0.8600999712944031,179624,0.0,0.0
2026-01-29 11:10:00-05:00,0.8600999712944031,0.8605999946594238,0.8600000143051147,0.8604000210762024,35464,0.0,0.0
2026-01-29 11:15:00-05:00,0.8603000044822693,0.8676999807357788,0.8603000044822693,0.8665000200271606,108583,0.0,0.0
2026-01-29 11:20:00-05:00,0.8664000034332275,0.8664000034332275,0.8600000143051147,0.8618999719619751,43568,0.0,0.0
2026-01-29 11:25:00-05:00,0.8619999885559082,0.8622000217437744,0.8618999719619751,0.8622000217437744,27697,0.0,0.0
2026-01-29 11:30:00-05:00,0.8622000217437744,0.8622000217437744,0.8621000051498413,0.8621000051498413,16571,0.0,0.0
2026-01-29 11:35:00-05:00,0.8621000051498413,0.8622000217437744,0.8600999712944031,0.8607000112533569,44879,0.0,0.0
2026-01-29 11:40:00-05:00,0.86080002784729,0.8621000051498413,0.86080002784729,0.8618999719619751,75074,0.0,0.0
2026-01-29 11:45:00-05:00,0.8618000149726868,0.8621000051498413,0.8614000082015991,0.8621000051498413,79317,0.0,0.0
2026-01-29 11:50:00-05:00,0.8621000051498413,0.8650000095367432,0.8621000051498413,0.8644999861717224,35930,0.0,0.0
2026-01-29 11:55:00-05:00,0.8648999929428101,0.8648999929428101,0.8622999787330627,0.8633999824523926,57721,0.0,0.0
2026-01-29 12:00:00-05:00,0.8633999824523926,0.8646000027656555,0.8626000285148621,0.8641999959945679,14581,0.0,0.0
2026-01-29 12:05:00-05:00,0.8650000095367432,0.8700000047683716,0.862500011920929,0.8633000254631042,34406,0.0,0.0
2026-01-29 12:10:00-05:00,0.8634999990463257,0.870199978351593,0.8632000088691711,0.8659999966621399,16159,0.0,0.0
2026-01-29 12:15:00-05:00,0.8673999905586243,0.8715000152587891,0.8673999905586243,0.8708999752998352,34938,0.0,0.0
2026-01-29 12:20:00-05:00,0.8715000152587891,0.8817999958992004,0.8708999752998352,0.8759999871253967,53889,0.0,0.0
2026-01-29 12:25:00-05:00,0.8756999969482422,0.8756999969482422,0.8730000257492065,0.8730000257492065,17081,0.0,0.0
2026-01-29 12:30:00-05:00,0.8730999827384949,0.8737999796867371,0.8712999820709229,0.8729000091552734,32657,0.0,0.0
2026-01-29 12:35:00-05:00,0.871999979019165,0.8759999871253967,0.871999979019165,0.8758999705314636,6653,0.0,0.0
2026-01-29 12:40:00-05:00,0.8755999803543091,0.8758999705314636,0.8751999735832214,0.8752999901771545,19261,0.0,0.0
2026-01-29 12:45:00-05:00,0.8755000233650208,0.8755000233650208,0.8705000281333923,0.8726999759674072,31594,0.0,0.0
2026-01-29 12:50:00-05:00,0.8726999759674072,0.8726999759674072,0.8702999949455261,0.8718000054359436,1737,0.0,0.0
2026-01-29 12:55:00-05:00,0.8716999888420105,0.8730000257492065,0.8702999949455261,0.8704000115394592,7251,0.0,0.0
2026-01-29 13:00:00-05:00,0.8716999888420105,0.8719000220298767,0.8704000115394592,0.8715000152587891,4673,0.0,0.0
2026-01-29 13:05:00-05:00,0.8711000084877014,0.8711000084877014,0.8659999966621399,0.866599977016449,85832,0.0,0.0
2026-01-29 13:10:00-05:00,0.866100013256073,0.8758000135421753,0.8659999966621399,0.8673999905586243,59413,0.0,0.0
2026-01-29 13:15:00-05:00,0.867900013923645,0.871999979019165,0.8622999787330627,0.866599977016449,10321,0.0,0.0
2026-01-29 13:20:00-05:00,0.8621000051498413,0.8634999990463257,0.8560000061988831,0.8561000227928162,94438,0.0,0.0
2026-01-29 13:25:00-05:00,0.8575999736785889,0.8589000105857849,0.847599983215332,0.8476999998092651,100945,0.0,0.0
2026-01-29 13:30:00-05:00,0.8485000133514404,0.8485999703407288,0.843999981880188,0.8454999923706055,72870,0.0,0.0
2026-01-29 13:35:00-05:00,0.84579998254776,0.8500000238418579,0.8456000089645386,0.8500000238418579,43560,0.0,0.0
2026-01-29 13:40:00-05:00,0.8500000238418579,0.8537999987602234,0.8500000238418579,0.8518999814987183,27012,0.0,0.0
2026-01-29 13:45:00-05:00,0.8519999980926514,0.8535000085830688,0.8511000275611877,0.8533999919891357,992455,0.0,0.0
2026-01-29 13:50:00-05:00,0.8535000085830688,0.853600025177002,0.8533999919891357,0.8533999919891357,0,0.0,0.0
2026-01-29 13:55:00-05:00,0.8533999919891357,0.854200005531311,0.8532999753952026,0.8536999821662903,15088,0.0,0.0
2026-01-29 14:00:00-05:00,0.8535000085830688,0.8543000221252441,0.8535000085830688,0.8543000221252441,6139,0.0,0.0
2026-01-29 14:05:00-05:00,0.8543999791145325,0.8575000166893005,0.8539999723434448,0.8575000166893005,7925,0.0,0.0
2026-01-29 14:10:00-05:00,0.8572999835014343,0.8654999732971191,0.8572999835014343,0.8589000105857849,50787,0.0,0.0
2026-01-29 14:15:00-05:00,0.8579000234603882,0.8589000105857849,0.8579000234603882,0.8585000038146973,5253,0.0,0.0
2026-01-29 14:20:00-05:00,0.8589000105857849,0.8589000105857849,0.8550999760627747,0.8565999865531921,13369,0.0,0.0
2026-01-29 14:25:00-05:00,0.8569999933242798,0.857699990272522,0.8557999730110168,0.8557999730110168,0,0.0,0.0
2026-01-29 14:30:00-05:00,0.8557999730110168,0.8593999743461609,0.8547999858856201,0.8593999743461609,17448,0.0,0.0
2026-01-29 14:35:00-05:00,0.8579999804496765,0.8596000075340271,0.8561999797821045,0.8561999797821045,5155,0.0,0.0
2026-01-29 14:40:00-05:00,0.8537999987602234,0.8543000221252441,0.8535000085830688,0.8536999821662903,4452,0.0,0.0
2026-01-29 14:45:00-05:00,0.8533999919891357,0.8537999987602234,0.8529999852180481,0.8533999919891357,7518,0.0,0.0
2026-01-29 14:50:00-05:00,0.8536999821662903,0.8550999760627747,0.8533999919891357,0.8550999760627747,10841,0.0,0.0
2026-01-29 14:55:00-05:00,0.8550999760627747,0.8574000000953674,0.8550999760627747,0.8555999994277954,16040,0.0,0.0
2026-01-29 15:00:00-05:00,0.8550000190734863,0.8561999797821045,0.8540999889373779,0.8561999797821045,13823,0.0,0.0
2026-01-29 15:05:00-05:00,0.8561999797821045,0.8561999797821045,0.8539999723434448,0.8561999797821045,3725,0.0,0.0
2026-01-29 15:10:00-05:00,0.8551999926567078,0.8557000160217285,0.8544999957084656,0.8557000160217285,7555,0.0,0.0
2026-01-29 15:15:00-05:00,0.8555999994277954,0.8555999994277954,0.8537999987602234,0.8539000153541565,21362,0.0,0.0
2026-01-29 15:20:00-05:00,0.8539000153541565,0.8539000153541565,0.8529999852180481,0.8533999919891357,8856,0.0,0.0
2026-01-29 15:25:00-05:00,0.8533999919891357,0.8533999919891357,0.8496000170707703,0.8496000170707703,25166,0.0,0.0
2026-01-29 15:30:00-05:00,0.8495000004768372,0.8495000004768372,0.8493000268936157,0.8493000268936157,10176,0.0,0.0
2026-01-29 15:35:00-05:00,0.849399983882904,0.8495000004768372,0.8479999899864197,0.8479999899864197,17885,0.0,0.0
2026-01-29 15:40:00-05:00,0.8460000157356262,0.8460000157356262,0.8299999833106995,0.8343999981880188,263683,0.0,0.0
2026-01-29 15:45:00-05:00,0.8382999897003174,0.8428999781608582,0.8307999968528748,0.839900016784668,66238,0.0,0.0
2026-01-29 15:50:00-05:00,0.8398000001907349,0.8418999910354614,0.8398000001907349,0.8417999744415283,63273,0.0,0.0
2026-01-29 15:55:00-05:00,0.8417999744415283,0.8489999771118164,0.8410000205039978,0.8489999771118164,108108,0.0,0.0
2026-01-30 09:30:00-05:00,0.8500000238418579,0.8539000153541565,0.8399999737739563,0.8515999913215637,179075,0.0,0.0
2026-01-30 09:35:00-05:00,0.8402000069618225,0.8521000146865845,0.8402000069618225,0.8510000109672546,109989,0.0,0.0
2026-01-30 09:40:00-05:00,0.8518999814987183,0.8518999814987183,0.8414000272750854,0.8454999923706055,15298,0.0,0.0
2026-01-30 09:45:00-05:00,0.8450000286102295,0.8456000089645386,0.8359000086784363,0.8389999866485596,42398,0.0,0.0
2026-01-30 09:50:00-05:00,0.8374000191688538,0.8374000191688538,0.832099974155426,0.832099974155426,35268,0.0,0.0
2026-01-30 09:55:00-05:00,0.8299999833106995,0.8303999900817871,0.8198999762535095,0.8203999996185303,264886,0.0,0.0
2026-01-30 10:00:00-05:00,0.8203999996185303,0.8252999782562256,0.8169999718666077,0.8252000212669373,148455,0.0,0.0
2026-01-30 10:05:00-05:00,0.8241000175476074,0.8407999873161316,0.8241000175476074,0.840499997138977,43628,0.0,0.0
2026-01-30 10:10:00-05:00,0.840499997138977,0.840499997138977,0.8360999822616577,0.8360999822616577,16709,0.0,0.0
2026-01-30 10:15:00-05:00,0.8353000283241272,0.842199981212616,0.8353000283241272,0.8400999903678894,41539,0.0,0.0
2026-01-30 10:20:00-05:00,0.8398000001907349,0.8403000235557556,0.8392999768257141,0.8396999835968018,5855,0.0,0.0
2026-01-30 10:25:00-05:00,0.8396999835968018,0.8399999737739563,0.8355000019073486,0.8355000019073486,15304,0.0,0.0
2026-01-30 10:30:00-05:00,0.8299999833106995,0.8321999907493591,0.8259000182151794,0.8260999917984009,73986,0.0,0.0
2026-01-30 10:35:00-05:00,0.8245000243186951,0.8396999835968018,0.8234000205993652,0.8374000191688538,520482,0.0,0.0
2026-01-30 10:40:00-05:00,0.8352000117301941,0.8364999890327454,0.8339999914169312,0.8346999883651733,0,0.0,0.0
2026-01-30 10:45:00-05:00,0.8346999883651733,0.8352000117301941,0.8343999981880188,0.8343999981880188,3964,0.0,0.0
2026-01-30 10:50:00-05:00,0.8339999914169312,0.8339999914169312,0.8309999704360962,0.8309999704360962,18687,0.0,0.0
2026-01-30 10:55:00-05:00,0.8306000232696533,0.8320000171661377,0.8305000066757202,0.8319000005722046,29024,0.0,0.0
2026-01-30 11:00:00-05:00,0.8320000171661377,0.8320000171661377,0.8299999833106995,0.8299999833106995,8776,0.0,0.0
2026-01-30 11:05:00-05:00,0.8306999802589417,0.8312000036239624,0.8263000249862671,0.8263000249862671,16549,0.0,0.0
2026-01-30 11:10:00-05:00,0.8270000219345093,0.8274000287055969,0.8252000212669373,0.8273000121116638,39724,0.0,0.0
2026-01-30 11:15:00-05:00,0.8273000121116638,0.8273000121116638,0.8255000114440918,0.8255000114440918,33209,0.0,0.0
2026-01-30 11:20:00-05:00,0.824999988079071,0.8251000046730042,0.8224999904632568,0.8237000107765198,101566,0.0,0.0
2026-01-30 11:25:00-05:00,0.8235999941825867,0.8259000182151794,0.8235999941825867,0.824999988079071,23498,0.0,0.0
2026-01-30 11:30:00-05:00,0.8242999911308289,0.8314999938011169,0.8242999911308289,0.8260999917984009,23142,0.0,0.0
2026-01-30 11:35:00-05:00,0.8281000256538391,0.8288000226020813,0.8281000256538391,0.8282999992370605,14750,0.0,0.0
2026-01-30 11:40:00-05:00,0.8281999826431274,0.828499972820282,0.8281000256538391,0.8282999992370605,30933,0.0,0.0
2026-01-30 11:45:00-05:00,0.8287000060081482,0.8287000060081482,0.8259999752044678,0.8270000219345093,6138,0.0,0.0
2026-01-30 11:50:00-05:00,0.8269000053405762,0.8269000053405762,0.8227999806404114,0.8230000138282776,17322,0.0,0.0
2026-01-30 11:55:00-05:00,0.8235999941825867,0.824400007724762,0.8234999775886536,0.8234999775886536,2896,0.0,0.0
2026-01-30 12:00:00-05:00,0.8235999941825867,0.8242999911308289,0.8235999941825867,0.8241000175476074,9420,0.0,0.0
2026-01-30 12:05:00-05:00,0.8241000175476074,0.8241999745368958,0.823199987411499,0.8238999843597412,6160,0.0,0.0
2026-01-30 12:10:00-05:00,0.8227999806404114,0.8234999775886536,0.822700023651123,0.8234999775886536,46572,0.0,0.0
2026-01-30 12:15:00-05:00,0.8234999775886536,0.8234999775886536,0.8233000040054321,0.8234000205993652,14603,0.0,0.0
2026-01-30 12:20:00-05:00,0.8234999775886536,0.8235999941825867,0.8234000205993652,0.8234000205993652,21171,0.0,0.0
2026-01-30 12:25:00-05:00,0.8234999775886536,0.8270999789237976,0.8234000205993652,0.8270999789237976,19833,0.0,0.0
2026-01-30 12:30:00-05:00,0.8259999752044678,0.8274000287055969,0.8253999948501587,0.8259000182151794,21149,0.0,0.0
2026-01-30 12:35:00-05:00,0.8245000243186951,0.8248999714851379,0.8240000009536743,0.824400007724762,13271,0.0,0.0
2026-01-30 12:40:00-05:00,0.8241999745368958,0.8241999745368958,0.8234999775886536,0.8238999843597412,22815,0.0,0.0
2026-01-30 12:45:00-05:00,0.8238000273704529,0.8238999843597412,0.8235999941825867,0.8237000107765198,643887,0.0,0.0
2026-01-30 12:50:00-05:00,0.8237000107765198,0.8238999843597412,0.8235999941825867,0.8238999843597412,0,0.0,0.0
2026-01-30 12:55:00-05:00,0.8238999843597412,0.8248999714851379,0.8238999843597412,0.8245000243186951,21294,0.0,0.0
2026-01-30 13:00:00-05:00,0.8246999979019165,0.8248000144958496,0.8246999979019165,0.8248000144958496,5188,0.0,0.0
2026-01-30 13:05:00-05:00,0.8248000144958496,0.8251000046730042,0.8248000144958496,0.824999988079071,25774,0.0,0.0
2026-01-30 13:10:00-05:00,0.8251000046730042,0.8251000046730042,0.8235999941825867,0.8237000107765198,26510,0.0,0.0
2026-01-30 13:15:00-05:00,0.823199987411499,0.8234000205993652,0.8202000260353088,0.8202999830245972,44419,0.0,0.0
2026-01-30 13:20:00-05:00,0.8202999830245972,0.8202999830245972,0.8187000155448914,0.8187999725341797,114978,0.0,0.0
2026-01-30 13:25:00-05:00,0.8188999891281128,0.8188999891281128,0.8187999725341797,0.8187999725341797,46230,0.0,0.0
2026-01-30 13:30:00-05:00,0.8188999891281128,0.8188999891281128,0.8187999725341797,0.8187999725341797,31515,0.0,0.0
2026-01-30 13:35:00-05:00,0.8188999891281128,0.8188999891281128,0.8176000118255615,0.817799985408783,55551,0.0,0.0
2026-01-30 13:40:00-05:00,0.817799985408783,0.817799985408783,0.8151000142097473,0.8152999877929688,30002,0.0,0.0
2026-01-30 13:45:00-05:00,0.8152999877929688,0.8245000243186951,0.8149999976158142,0.8223000168800354,63330,0.0,0.0
2026-01-30 13:50:00-05:00,0.8237000107765198,0.8256000280380249,0.821399986743927,0.8256000280380249,18079,0.0,0.0
2026-01-30 13:55:00-05:00,0.8245999813079834,0.8299000263214111,0.8240000009536743,0.8287000060081482,33274,0.0,0.0
2026-01-30 14:00:00-05:00,0.828499972820282,0.8313999772071838,0.8278999924659729,0.8310999870300293,68468,0.0,0.0
2026-01-30 14:05:00-05:00,0.8310999870300293,0.8385999798774719,0.8310999870300293,0.8335000276565552,31735,0.0,0.0
2026-01-30 14:10:00-05:00,0.8331000208854675,0.8335000276565552,0.8317999839782715,0.8317999839782715,11024,0.0,0.0
2026-01-30 14:15:00-05:00,0.8312000036239624,0.8392999768257141,0.8312000036239624,0.8392999768257141,17703,0.0,0.0
2026-01-30 14:20:00-05:00,0.8392000198364258,0.8414000272750854,0.8360000252723694,0.8384000062942505,22778,0.0,0.0
2026-01-30 14:25:00-05:00,0.8378999829292297,0.8389999866485596,0.835099995136261,0.835099995136261,11866,0.0,0.0
2026-01-30 14:30:00-05:00,0.8339999914169312,0.8339999914169312,0.8284000158309937,0.8305000066757202,69399,0.0,0.0
2026-01-30 14:35:00-05:00,0.8305000066757202,0.8309000134468079,0.8299999833106995,0.8309000134468079,3545,0.0,0.0
2026-01-30 14:40:00-05:00,0.8303999900817871,0.8330000042915344,0.8303999900817871,0.8324000239372253,8238,0.0,0.0
2026-01-30 14:45:00-05:00,0.832099974155426,0.8321999907493591,0.8313000202178955,0.8313000202178955,1840,0.0,0.0
2026-01-30 14:50:00-05:00,0.8312000036239624,0.832099974155426,0.8309000134468079,0.832099974155426,19780,0.0,0.0
2026-01-30 14:55:00-05:00,0.8323000073432922,0.8327999711036682,0.8313000202178955,0.8313000202178955,12489,0.0,0.0
2026-01-30 15:00:00-05:00,0.830299973487854,0.830299973487854,0.8278999924659729,0.8278999924659729,6190,0.0,0.0
2026-01-30 15:05:00-05:00,0.828000009059906,0.828000009059906,0.8258000016212463,0.8258000016212463,6432,0.0,0.0
2026-01-30 15:10:00-05:00,0.8256999850273132,0.8258000016212463,0.8252000212669373,0.8252000212669373,4685,0.0,0.0
2026-01-30 15:15:00-05:00,0.824999988079071,0.8251000046730042,0.8223999738693237,0.8224999904632568,29733,0.0,0.0
2026-01-30 15:20:00-05:00,0.8223999738693237,0.8223999738693237,0.8202999830245972,0.8202999830245972,23804,0.0,0.0
2026-01-30 15:25:00-05:00,0.8205000162124634,0.8205000162124634,0.8180000185966492,0.8192999958992004,43254,0.0,0.0
2026-01-30 15:30:00-05:00,0.8202999830245972,0.8259000182151794,0.8199999928474426,0.8259000182151794,37217,0.0,0.0
2026-01-30 15:35:00-05:00,0.824999988079071,0.824999988079071,0.8228999972343445,0.8238000273704529,7084,0.0,0.0
2026-01-30 15:40:00-05:00,0.8237000107765198,0.8238000273704529,0.8199999928474426,0.8226000070571899,21400,0.0,0.0
2026-01-30 15:45:00-05:00,0.822700023651123,0.8267999887466431,0.819100022315979,0.8191999793052673,82974,0.0,0.0
2026-01-30 15:50:00-05:00,0.8177000284194946,0.8180999755859375,0.8125,0.8125,104604,0.0,0.0
2026-01-30 15:55:00-05:00,0.8126000165939331,0.8184000253677368,0.8101999759674072,0.8101999759674072,344204,0.0,0.0
2026-02-02 09:30:00-05:00,0.8299999833106995,0.8399999737739563,0.8069999814033508,0.8119000196456909,124918,0.0,0.0
2026-02-02 09:35:00-05:00,0.8069999814033508,0.8086000084877014,0.8009999990463257,0.802299976348877,71219,0.0,0.0
2026-02-02 09:40:00-05:00,0.8021000027656555,0.8032000064849854,0.7900999784469604,0.7942000031471252,172274,0.0,0.0
2026-02-02 09:45:00-05:00,0.7943999767303467,0.7983999848365784,0.7901999950408936,0.7914999723434448,69849,0.0,0.0
2026-02-02 09:50:00-05:00,0.791100025177002,0.7997999787330627,0.7910000085830688,0.7997000217437744,76186,0.0,0.0
2026-02-02 09:55:00-05:00,0.7994999885559082,0.7994999885559082,0.7919999957084656,0.7957000136375427,91965,0.0,0.0
2026-02-02 10:00:00-05:00,0.7950999736785889,0.8030999898910522,0.7950000166893005,0.8019999861717224,54243,0.0,0.0
2026-02-02 10:05:00-05:00,0.8016999959945679,0.8047999739646912,0.8016999959945679,0.8047000169754028,19913,0.0,0.0
2026-02-02 10:10:00-05:00,0.8047999739646912,0.808899998664856,0.8029999732971191,0.8087000250816345,20546,0.0,0.0
2026-02-02 10:15:00-05:00,0.8083999752998352,0.8180999755859375,0.8080000281333923,0.8147000074386597,37509,0.0,0.0
2026-02-02 10:20:00-05:00,0.8141000270843506,0.815500020980835,0.8113999962806702,0.8116999864578247,13936,0.0,0.0
2026-02-02 10:25:00-05:00,0.8112999796867371,0.8115000128746033,0.8040000200271606,0.8077999949455261,18604,0.0,0.0
2026-02-02 10:30:00-05:00,0.8083999752998352,0.8101999759674072,0.8073999881744385,0.8101999759674072,16592,0.0,0.0
2026-02-02 10:35:00-05:00,0.8101999759674072,0.8180000185966492,0.808899998664856,0.8180000185966492,74509,0.0,0.0
2026-02-02 10:40:00-05:00,0.8185999989509583,0.8198000192642212,0.8043000102043152,0.8048999905586243,54769,0.0,0.0
2026-02-02 10:45:00-05:00,0.805400013923645,0.805400013923645,0.8032000064849854,0.8034999966621399,11681,0.0,0.0
2026-02-02 10:50:00-05:00,0.8029999732971191,0.8029999732971191,0.8011000156402588,0.8011000156402588,4369,0.0,0.0
2026-02-02 10:55:00-05:00,0.8011000156402588,0.8051999807357788,0.8009999990463257,0.8036999702453613,35552,0.0,0.0
2026-02-02 11:00:00-05:00,0.8025000095367432,0.8025000095367432,0.800000011920929,0.8001000285148621,31122,0.0,0.0
2026-02-02 11:05:00-05:00,0.800000011920929,0.8003000020980835,0.800000011920929,0.8003000020980835,32791,0.0,0.0
2026-02-02 11:10:00-05:00,0.8001000285148621,0.8032000064849854,0.7930999994277954,0.8021000027656555,158353,0.0,0.0
2026-02-02 11:15:00-05:00,0.7944999933242798,0.7962999939918518,0.7944999933242798,0.7961000204086304,20506,0.0,0.0
2026-02-02 11:20:00-05:00,0.7961999773979187,0.7983999848365784,0.7961000204086304,0.7972000241279602,54540,0.0,0.0
2026-02-02 11:25:00-05:00,0.7971000075340271,0.7971000075340271,0.7961999773979187,0.7961999773979187,19126,0.0,0.0
2026-02-02 11:30:00-05:00,0.7960000038146973,0.7961000204086304,0.79339998960495,0.7960000038146973,33954,0.0,0.0
2026-02-02 11:35:00-05:00,0.7978000044822693,0.7982000112533569,0.7946000099182129,0.7973999977111816,28817,0.0,0.0
2026-02-02 11:40:00-05:00,0.79830002784729,0.79830002784729,0.796999990940094,0.7980999946594238,34869,0.0,0.0
2026-02-02 11:45:00-05:00,0.7982000112533569,0.8001000285148621,0.796500027179718,0.7971000075340271,77240,0.0,0.0
2026-02-02 11:50:00-05:00,0.7976999878883362,0.7979000210762024,0.7968000173568726,0.7978000044822693,35560,0.0,0.0
2026-02-02 11:55:00-05:00,0.7978000044822693,0.7978000044822693,0.7946000099182129,0.7946000099182129,26460,0.0,0.0
2026-02-02 12:00:00-05:00,0.7932000160217285,0.7964000105857849,0.7918999791145325,0.7964000105857849,39202,0.0,0.0
2026-02-02 12:05:00-05:00,0.7962999939918518,0.7994999885559082,0.7960000038146973,0.7973999977111816,28445,0.0,0.0
2026-02-02 12:10:00-05:00,0.7979999780654907,0.79830002784729,0.7975999712944031,0.7980999946594238,27166,0.0,0.0
2026-02-02 12:15:00-05:00,0.7979999780654907,0.8043000102043152,0.7979000210762024,0.8029000163078308,38074,0.0,0.0
2026-02-02 12:20:00-05:00,0.8027999997138977,0.8040000200271606,0.8004000186920166,0.8004000186920166,16479,0.0,0.0
2026-02-02 12:25:00-05:00,0.801800012588501,0.8019999861717224,0.8003000020980835,0.8019999861717224,7162,0.0,0.0
2026-02-02 12:30:00-05:00,0.8019999861717224,0.8044000267982483,0.8019000291824341,0.8033999800682068,37261,0.0,0.0
2026-02-02 12:35:00-05:00,0.8026000261306763,0.8026000261306763,0.8004999756813049,0.8026000261306763,19643,0.0,0.0
2026-02-02 12:40:00-05:00,0.8026000261306763,0.804099977016449,0.8026000261306763,0.8040000200271606,27748,0.0,0.0
2026-02-02 12:45:00-05:00,0.803600013256073,0.8039000034332275,0.8034999966621399,0.8036999702453613,11774,0.0,0.0
2026-02-02 12:50:00-05:00,0.8039000034332275,0.8050000071525574,0.8039000034332275,0.8048999905586243,5993,0.0,0.0
2026-02-02 12:55:00-05:00,0.8051999807357788,0.8087999820709229,0.8050000071525574,0.8050000071525574,3764,0.0,0.0
2026-02-02 13:00:00-05:00,0.8072999715805054,0.8072999715805054,0.8050000071525574,0.8050000071525574,9116,0.0,0.0
2026-02-02 13:05:00-05:00,0.8051000237464905,0.8051000237464905,0.8033000230789185,0.803600013256073,23204,0.0,0.0
2026-02-02 13:10:00-05:00,0.803600013256073,0.803600013256073,0.8032000064849854,0.8034999966621399,2026,0.0,0.0
2026-02-02 13:15:00-05:00,0.803600013256073,0.8037999868392944,0.803600013256073,0.803600013256073,14229,0.0,0.0
2026-02-02 13:20:00-05:00,0.8036999702453613,0.8062000274658203,0.8034999966621399,0.8062000274658203,17160,0.0,0.0
2026-02-02 13:25:00-05:00,0.805899977684021,0.805899977684021,0.8047000169754028,0.8057000041007996,9018,0.0,0.0
2026-02-02 13:30:00-05:00,0.8057000041007996,0.8057000041007996,0.8050000071525574,0.8051000237464905,18245,0.0,0.0
2026-02-02 13:35:00-05:00,0.8051999807357788,0.8093000054359436,0.8051999807357788,0.8083999752998352,4665,0.0,0.0
2026-02-02 13:40:00-05:00,0.8084999918937683,0.8084999918937683,0.8080999851226807,0.8080999851226807,4484,0.0,0.0
2026-02-02 13:45:00-05:00,0.8082000017166138,0.8100000023841858,0.8052999973297119,0.8090000152587891,10442,0.0,0.0
2026-02-02 13:50:00-05:00,0.8090000152587891,0.8093000054359436,0.8084999918937683,0.8086000084877014,28563,0.0,0.0
2026-02-02 13:55:00-05:00,0.8086000084877014,0.8086000084877014,0.8080999851226807,0.8086000084877014,14824,0.0,0.0
2026-02-02 14:00:00-05:00,0.807699978351593,0.807699978351593,0.8073999881744385,0.8073999881744385,1996,0.0,0.0
2026-02-02 14:05:00-05:00,0.8073999881744385,0.8073999881744385,0.8050000071525574,0.8050000071525574,24323,0.0,0.0
2026-02-02 14:10:00-05:00,0.8050000071525574,0.8057000041007996,0.8050000071525574,0.8057000041007996,22371,0.0,0.0
2026-02-02 14:15:00-05:00,0.8055999875068665,0.8080999851226807,0.8055999875068665,0.8080999851226807,16806,0.0,0.0
2026-02-02 14:20:00-05:00,0.807699978351593,0.807699978351593,0.8062000274658203,0.8064000010490417,5006,0.0,0.0
2026-02-02 14:25:00-05:00,0.8058000206947327,0.8068000078201294,0.8058000206947327,0.8066999912261963,9272,0.0,0.0
2026-02-02 14:30:00-05:00,0.8065999746322632,0.8065999746322632,0.8032000064849854,0.8032000064849854,29545,0.0,0.0
2026-02-02 14:35:00-05:00,0.8033000230789185,0.8034999966621399,0.8032000064849854,0.8033000230789185,15310,0.0,0.0
2026-02-02 14:40:00-05:00,0.8033999800682068,0.8076000213623047,0.8033000230789185,0.8076000213623047,6343,0.0,0.0
2026-02-02 14:45:00-05:00,0.8054999709129333,0.8066999912261963,0.8032000064849854,0.8032000064849854,20997,0.0,0.0
2026-02-02 14:50:00-05:00,0.8011000156402588,0.8011000156402588,0.7960000038146973,0.7968000173568726,48880,0.0,0.0
2026-02-02 14:55:00-05:00,0.7968999743461609,0.7993999719619751,0.7954999804496765,0.7954999804496765,25005,0.0,0.0
2026-02-02 15:00:00-05:00,0.794700026512146,0.794700026512146,0.7865999937057495,0.7865999937057495,45853,0.0,0.0
2026-02-02 15:05:00-05:00,0.7865999937057495,0.7922999858856201,0.7832000255584717,0.7850000262260437,76183,0.0,0.0
2026-02-02 15:10:00-05:00,0.7857999801635742,0.7867000102996826,0.7829999923706055,0.7838000059127808,7743,0.0,0.0
2026-02-02 15:15:00-05:00,0.78329998254776,0.7867000102996826,0.7821000218391418,0.7825999855995178,65472,0.0,0.0
2026-02-02 15:20:00-05:00,0.7853000164031982,0.7853000164031982,0.7767999768257141,0.7767999768257141,127129,0.0,0.0
2026-02-02 15:25:00-05:00,0.7768999934196472,0.7774999737739563,0.7764000296592712,0.7764000296592712,13777,0.0,0.0
2026-02-02 15:30:00-05:00,0.776199996471405,0.7773000001907349,0.776199996471405,0.7766000032424927,85452,0.0,0.0
2026-02-02 15:35:00-05:00,0.7766000032424927,0.7767999768257141,0.7764999866485596,0.7767000198364258,100153,0.0,0.0
2026-02-02 15:40:00-05:00,0.7766000032424927,0.7803000211715698,0.7764999866485596,0.7802000045776367,87716,0.0,0.0
2026-02-02 15:45:00-05:00,0.7802000045776367,0.7802000045776367,0.7670999765396118,0.7694000005722046,250320,0.0,0.0
2026-02-02 15:50:00-05:00,0.7692000269889832,0.7817999720573425,0.7687000036239624,0.7813000082969666,169604,0.0,0.0
2026-02-02 15:55:00-05:00,0.7813000082969666,0.791700005531311,0.7810999751091003,0.7882999777793884,118580,0.0,0.0
2026-02-03 09:30:00-05:00,0.8177000284194946,0.8177000284194946,0.7900000214576721,0.7907999753952026,92897,0.0,0.0
2026-02-03 09:35:00-05:00,0.7900000214576721,0.7935000061988831,0.7807999849319458,0.7835000157356262,116665,0.0,0.0
2026-02-03 09:40:00-05:00,0.7867000102996826,0.7867000102996826,0.7699999809265137,0.7724000215530396,86805,0.0,0.0
2026-02-03 09:45:00-05:00,0.7688000202178955,0.7803000211715698,0.7688000202178955,0.7750999927520752,87302,0.0,0.0
2026-02-03 09:50:00-05:00,0.7749999761581421,0.7843999862670898,0.7716000080108643,0.7742000222206116,85705,0.0,0.0
2026-02-03 09:55:00-05:00,0.7742000222206116,0.7742000222206116,0.7599999904632568,0.760699987411499,153607,0.0,0.0
2026-02-03 10:00:00-05:00,0.7612000107765198,0.7621999979019165,0.7475000023841858,0.7475000023841858,326816,0.0,0.0
2026-02-03 10:05:00-05:00,0.7476000189781189,0.7570000290870667,0.7455000281333923,0.7519000172615051,245198,0.0,0.0
2026-02-03 10:10:00-05:00,0.7542999982833862,0.7592999935150146,0.7455000281333923,0.7473000288009644,104939,0.0,0.0
2026-02-03 10:15:00-05:00,0.7479000091552734,0.7479000091552734,0.7390000224113464,0.7401999831199646,143646,0.0,0.0
2026-02-03 10:20:00-05:00,0.7394999861717224,0.7515000104904175,0.7387999892234802,0.7498999834060669,57228,0.0,0.0
2026-02-03 10:25:00-05:00,0.7491000294685364,0.75,0.7390000224113464,0.7391999959945679,158601,0.0,0.0
2026-02-03 10:30:00-05:00,0.7394000291824341,0.7394000291824341,0.7350000143051147,0.7350000143051147,140278,0.0,0.0
2026-02-03 10:35:00-05:00,0.7336999773979187,0.7347999811172485,0.7300000190734863,0.734000027179718,109814,0.0,0.0
2026-02-03 10:40:00-05:00,0.7333999872207642,0.734000027179718,0.7300000190734863,0.7300999760627747,128899,0.0,0.0
2026-02-03 10:45:00-05:00,0.7301999926567078,0.73089998960495,0.7269999980926514,0.7275000214576721,202137,0.0,0.0
2026-02-03 10:50:00-05:00,0.7279999852180481,0.7282000184059143,0.7228000164031982,0.7254999876022339,126402,0.0,0.0
2026-02-03 10:55:00-05:00,0.7254999876022339,0.7357000112533569,0.7254999876022339,0.732200026512146,1011987,0.0,0.0
2026-02-03 11:00:00-05:00,0.732200026512146,0.732200026512146,0.7275999784469604,0.7281000018119812,0,0.0,0.0
2026-02-03 11:05:00-05:00,0.7278000116348267,0.7281000018119812,0.7275999784469604,0.7275999784469604,63393,0.0,0.0
2026-02-03 11:10:00-05:00,0.7278000116348267,0.7278000116348267,0.7271000146865845,0.7275999784469604,60212,0.0,0.0
2026-02-03 11:15:00-05:00,0.7275999784469604,0.7276999950408936,0.7261000275611877,0.7264999747276306,67541,0.0,0.0
2026-02-03 11:20:00-05:00,0.7264000177383423,0.7264999747276306,0.7200000286102295,0.7200000286102295,72814,0.0,0.0
2026-02-03 11:25:00-05:00,0.7202000021934509,0.7202000021934509,0.7110000252723694,0.7110999822616577,161458,0.0,0.0
2026-02-03 11:30:00-05:00,0.7099999785423279,0.7103000283241272,0.7089999914169312,0.7091000080108643,79850,0.0,0.0
2026-02-03 11:35:00-05:00,0.7091000080108643,0.715399980545044,0.7089999914169312,0.713100016117096,133919,0.0,0.0
2026-02-03 11:40:00-05:00,0.7131999731063843,0.7131999731063843,0.7129999995231628,0.713100016117096,24055,0.0,0.0
2026-02-03 11:45:00-05:00,0.7129999995231628,0.7143999934196472,0.7129999995231628,0.7139000296592712,274017,0.0,0.0
2026-02-03 11:50:00-05:00,0.7139000296592712,0.7139000296592712,0.7131999731063843,0.7132999897003174,62144,0.0,0.0
2026-02-03 11:55:00-05:00,0.7132999897003174,0.7132999897003174,0.713100016117096,0.713100016117096,30039,0.0,0.0
2026-02-03 12:00:00-05:00,0.713100016117096,0.7131999731063843,0.713100016117096,0.713100016117096,49441,0.0,0.0
2026-02-03 12:05:00-05:00,0.7131999731063843,0.7131999731063843,0.713100016117096,0.7131999731063843,52886,0.0,0.0
2026-02-03 12:10:00-05:00,0.7131999731063843,0.7131999731063843,0.713100016117096,0.7131999731063843,82371,0.0,0.0
2026-02-03 12:15:00-05:00,0.7131999731063843,0.7131999731063843,0.713100016117096,0.7131999731063843,37514,0.0,0.0
2026-02-03 12:20:00-05:00,0.713100016117096,0.7131999731063843,0.713100016117096,0.7131999731063843,541382,0.0,0.0
2026-02-03 12:25:00-05:00,0.7131999731063843,0.7131999731063843,0.7091000080108643,0.7091000080108643,126945,0.0,0.0
2026-02-03 12:30:00-05:00,0.7092000246047974,0.7092000246047974,0.6949999928474426,0.6951000094413757,199308,0.0,0.0
2026-02-03 12:35:00-05:00,0.6951000094413757,0.6951000094413757,0.6899999976158142,0.6899999976158142,329427,0.0,0.0
2026-02-03 12:40:00-05:00,0.6901000142097473,0.6901000142097473,0.6850000023841858,0.6851000189781189,150354,0.0,0.0
2026-02-03 12:45:00-05:00,0.6851000189781189,0.6851000189781189,0.6809999942779541,0.6811000108718872,629820,0.0,0.0
2026-02-03 12:50:00-05:00,0.6811000108718872,0.6811000108718872,0.6650000214576721,0.6733999848365784,843452,0.0,0.0
2026-02-03 12:55:00-05:00,0.6743000149726868,0.6832000017166138,0.671500027179718,0.6807000041007996,154600,0.0,0.0
2026-02-03 13:00:00-05:00,0.6808000206947327,0.6826000213623047,0.680400013923645,0.6825000047683716,98777,0.0,0.0
2026-02-03 13:05:00-05:00,0.6826000213623047,0.6862000226974487,0.680899977684021,0.6861000061035156,200238,0.0,0.0
2026-02-03 13:10:00-05:00,0.6861000061035156,0.6935999989509583,0.6851000189781189,0.6851000189781189,68767,0.0,0.0
2026-02-03 13:15:00-05:00,0.6851999759674072,0.6851999759674072,0.6805999875068665,0.6818000078201294,107923,0.0,0.0
2026-02-03 13:20:00-05:00,0.6818000078201294,0.6843000054359436,0.6816999912261963,0.682699978351593,138318,0.0,0.0
2026-02-03 13:25:00-05:00,0.682699978351593,0.682699978351593,0.6826000213623047,0.682699978351593,112492,0.0,0.0
2026-02-03 13:30:00-05:00,0.682699978351593,0.682699978351593,0.6826000213623047,0.682699978351593,450985,0.0,0.0
2026-02-03 13:35:00-05:00,0.682699978351593,0.682699978351593,0.6826000213623047,0.682699978351593,91423,0.0,0.0
2026-02-03 13:40:00-05:00,0.682699978351593,0.6847000122070312,0.6826000213623047,0.6830000281333923,331917,0.0,0.0
2026-02-03 13:45:00-05:00,0.6830000281333923,0.6830000281333923,0.6818000078201294,0.6819000244140625,352563,0.0,0.0
2026-02-03 13:50:00-05:00,0.6819000244140625,0.6819000244140625,0.6818000078201294,0.6818000078201294,2068535,0.0,0.0
2026-02-03 13:55:00-05:00,0.6819000244140625,0.6819000244140625,0.6818000078201294,0.6819000244140625,0,0.0,0.0
2026-02-03 14:00:00-05:00,0.6819000244140625,0.6819000244140625,0.6769999861717224,0.6769999861717224,186282,0.0,0.0
2026-02-03 14:05:00-05:00,0.6771000027656555,0.6771000027656555,0.6679999828338623,0.6711000204086304,924931,0.0,0.0
2026-02-03 14:10:00-05:00,0.6711000204086304,0.6899999976158142,0.6711000204086304,0.6880999803543091,184759,0.0,0.0
2026-02-03 14:15:00-05:00,0.6880999803543091,0.6880999803543091,0.6850000023841858,0.6851000189781189,256905,0.0,0.0
2026-02-03 14:20:00-05:00,0.6851000189781189,0.6895999908447266,0.6850000023841858,0.6862999796867371,210081,0.0,0.0
2026-02-03 14:25:00-05:00,0.6862999796867371,0.6872000098228455,0.6820999979972839,0.6861000061035156,98018,0.0,0.0
2026-02-03 14:30:00-05:00,0.6861000061035156,0.6861000061035156,0.6833999752998352,0.6861000061035156,138891,0.0,0.0
2026-02-03 14:35:00-05:00,0.6861000061035156,0.6938999891281128,0.6861000061035156,0.6938999891281128,159552,0.0,0.0
2026-02-03 14:40:00-05:00,0.6937999725341797,0.6995999813079834,0.6937999725341797,0.6973999738693237,110410,0.0,0.0
2026-02-03 14:45:00-05:00,0.6973999738693237,0.6973999738693237,0.6940000057220459,0.694100022315979,169948,0.0,0.0
2026-02-03 14:50:00-05:00,0.694100022315979,0.7017999887466431,0.6934999823570251,0.6963000297546387,2845763,0.0,0.0
2026-02-03 14:55:00-05:00,0.6963000297546387,0.701200008392334,0.6963000297546387,0.7010999917984009,0,0.0,0.0
2026-02-03 15:00:00-05:00,0.7010999917984009,0.7055000066757202,0.7009999752044678,0.7016000151634216,224798,0.0,0.0
2026-02-03 15:05:00-05:00,0.7016000151634216,0.7016000151634216,0.7009999752044678,0.7010999917984009,56206,0.0,0.0
2026-02-03 15:10:00-05:00,0.7010999917984009,0.7091000080108643,0.7009999752044678,0.7063999772071838,346186,0.0,0.0
2026-02-03 15:15:00-05:00,0.7064999938011169,0.713100016117096,0.7064999938011169,0.7113000154495239,191844,0.0,0.0
2026-02-03 15:20:00-05:00,0.7111999988555908,0.7111999988555908,0.7059999704360962,0.7060999870300293,96123,0.0,0.0
2026-02-03 15:25:00-05:00,0.7060999870300293,0.7131999731063843,0.7052000164985657,0.7123000025749207,228025,0.0,0.0
2026-02-03 15:30:00-05:00,0.7121999859809875,0.7174999713897705,0.7121999859809875,0.7146000266075134,63070,0.0,0.0
2026-02-03 15:35:00-05:00,0.7146999835968018,0.7146999835968018,0.7146000266075134,0.7146999835968018,42388,0.0,0.0
2026-02-03 15:40:00-05:00,0.7146000266075134,0.7146999835968018,0.7146000266075134,0.7146999835968018,38203,0.0,0.0
2026-02-03 15:45:00-05:00,0.7146999835968018,0.7146999835968018,0.7146000266075134,0.7146999835968018,106223,0.0,0.0
2026-02-03 15:50:00-05:00,0.7146000266075134,0.7296000123023987,0.7146000266075134,0.718999981880188,172824,0.0,0.0
2026-02-03 15:55:00-05:00,0.718999981880188,0.7243000268936157,0.718999981880188,0.7204999923706055,312730,0.0,0.0
2026-02-04 09:30:00-05:00,0.737500011920929,0.7390000224113464,0.7009999752044678,0.7010999917984009,349929,0.0,0.0
2026-02-04 09:35:00-05:00,0.7010999917984009,0.707099974155426,0.6980999708175659,0.7070000171661377,857845,0.0,0.0
2026-02-04 09:40:00-05:00,0.703000009059906,0.7210000157356262,0.703000009059906,0.7124999761581421,128102,0.0,0.0
2026-02-04 09:45:00-05:00,0.7125999927520752,0.7218000292778015,0.7124999761581421,0.7181000113487244,36197,0.0,0.0
2026-02-04 09:50:00-05:00,0.713100016117096,0.7131999731063843,0.7001000046730042,0.7006999850273132,57786,0.0,0.0
2026-02-04 09:55:00-05:00,0.7039999961853027,0.7069000005722046,0.699999988079071,0.7001000046730042,55690,0.0,0.0
2026-02-04 10:00:00-05:00,0.7001000046730042,0.7001000046730042,0.691100001335144,0.6913999915122986,196382,0.0,0.0
2026-02-04 10:05:00-05:00,0.6913999915122986,0.7063000202178955,0.6909999847412109,0.7063000202178955,163983,0.0,0.0
2026-02-04 10:10:00-05:00,0.7064999938011169,0.7069000005722046,0.699999988079071,0.7016000151634216,35216,0.0,0.0
2026-02-04 10:15:00-05:00,0.7008000016212463,0.7064999938011169,0.7008000016212463,0.7052000164985657,36845,0.0,0.0
2026-02-04 10:20:00-05:00,0.7057999968528748,0.7139000296592712,0.7049999833106995,0.7138000130653381,28251,0.0,0.0
2026-02-04 10:25:00-05:00,0.7135999798774719,0.7172999978065491,0.713100016117096,0.713100016117096,74469,0.0,0.0
2026-02-04 10:30:00-05:00,0.7099000215530396,0.710099995136261,0.7050999999046326,0.7095000147819519,13094,0.0,0.0
2026-02-04 10:35:00-05:00,0.7093999981880188,0.713699996471405,0.7046999931335449,0.7132999897003174,34547,0.0,0.0
2026-02-04 10:40:00-05:00,0.713100016117096,0.7179999947547913,0.7110999822616577,0.7123000025749207,9506,0.0,0.0
2026-02-04 10:45:00-05:00,0.7123000025749207,0.7161999940872192,0.7123000025749207,0.715499997138977,39863,0.0,0.0
2026-02-04 10:50:00-05:00,0.715499997138977,0.715499997138977,0.715499997138977,0.715499997138977,45211,0.0,0.0
2026-02-04 10:55:00-05:00,0.715499997138977,0.7233999967575073,0.715499997138977,0.7170000076293945,38946,0.0,0.0
2026-02-04 11:00:00-05:00,0.7170000076293945,0.7218999862670898,0.7152000069618225,0.7153000235557556,698387,0.0,0.0
2026-02-04 11:05:00-05:00,0.7152000069618225,0.7153000235557556,0.7152000069618225,0.7152000069618225,0,0.0,0.0
2026-02-04 11:10:00-05:00,0.7152000069618225,0.7153000235557556,0.7121000289916992,0.7141000032424927,34385,0.0,0.0
2026-02-04 11:15:00-05:00,0.7143999934196472,0.7148000001907349,0.7121000289916992,0.7121000289916992,59528,0.0,0.0
2026-02-04 11:20:00-05:00,0.7121000289916992,0.7139999866485596,0.7120000123977661,0.7139999866485596,21229,0.0,0.0
2026-02-04 11:25:00-05:00,0.7139000296592712,0.7139999866485596,0.7139000296592712,0.7139999866485596,100409,0.0,0.0
2026-02-04 11:30:00-05:00,0.7139999866485596,0.7139999866485596,0.7139000296592712,0.7139999866485596,12431,0.0,0.0
2026-02-04 11:35:00-05:00,0.7139000296592712,0.7139999866485596,0.7121999859809875,0.7123000025749207,24904,0.0,0.0
2026-02-04 11:40:00-05:00,0.7121999859809875,0.7123000025749207,0.710099995136261,0.710099995136261,26534,0.0,0.0
2026-02-04 11:45:00-05:00,0.710099995136261,0.710099995136261,0.7099999785423279,0.710099995136261,89312,0.0,0.0
2026-02-04 11:50:00-05:00,0.7099999785423279,0.710099995136261,0.7099999785423279,0.7099999785423279,97515,0.0,0.0
2026-02-04 11:55:00-05:00,0.710099995136261,0.710099995136261,0.7099999785423279,0.710099995136261,73488,0.0,0.0
2026-02-04 12:00:00-05:00,0.710099995136261,0.710099995136261,0.7049999833106995,0.7049999833106995,415705,0.0,0.0
2026-02-04 12:05:00-05:00,0.7050999999046326,0.7141000032424927,0.699999988079071,0.7128999829292297,565841,0.0,0.0
2026-02-04 12:10:00-05:00,0.7128999829292297,0.7128999829292297,0.7089999914169312,0.7091000080108643,21342,0.0,0.0
2026-02-04 12:15:00-05:00,0.7091000080108643,0.7091000080108643,0.7089999914169312,0.7091000080108643,41534,0.0,0.0
2026-02-04 12:20:00-05:00,0.7091000080108643,0.7091000080108643,0.7089999914169312,0.7091000080108643,6385,0.0,0.0
2026-02-04 12:25:00-05:00,0.7091000080108643,0.7091000080108643,0.7028999924659729,0.703000009059906,33348,0.0,0.0
2026-02-04 12:30:00-05:00,0.703000009059906,0.7089999914169312,0.7028999924659729,0.7073000073432922,48959,0.0,0.0
2026-02-04 12:35:00-05:00,0.7073000073432922,0.7073000073432922,0.7001000046730042,0.701200008392334,134708,0.0,0.0
2026-02-04 12:40:00-05:00,0.701200008392334,0.701200008392334,0.7010999917984009,0.701200008392334,39761,0.0,0.0
2026-02-04 12:45:00-05:00,0.701200008392334,0.701200008392334,0.7010999917984009,0.7010999917984009,26982,0.0,0.0
2026-02-04 12:50:00-05:00,0.701200008392334,0.701200008392334,0.7010999917984009,0.701200008392334,171187,0.0,0.0
2026-02-04 12:55:00-05:00,0.701200008392334,0.7087000012397766,0.7010999917984009,0.7077000141143799,71157,0.0,0.0
2026-02-04 13:00:00-05:00,0.7034000158309937,0.7038000226020813,0.701200008392334,0.7013000249862671,10280,0.0,0.0
2026-02-04 13:05:00-05:00,0.7013000249862671,0.7013000249862671,0.701200008392334,0.701200008392334,11333,0.0,0.0
2026-02-04 13:10:00-05:00,0.7013000249862671,0.7013000249862671,0.701200008392334,0.7013000249862671,5788,0.0,0.0
2026-02-04 13:15:00-05:00,0.701200008392334,0.7013000249862671,0.701200008392334,0.7013000249862671,6921,0.0,0.0
2026-02-04 13:20:00-05:00,0.7013000249862671,0.7013000249862671,0.701200008392334,0.7013000249862671,46635,0.0,0.0
2026-02-04 13:25:00-05:00,0.701200008392334,0.7053999900817871,0.701200008392334,0.7052000164985657,87598,0.0,0.0
2026-02-04 13:30:00-05:00,0.7050999999046326,0.7050999999046326,0.704200029373169,0.7042999863624573,15870,0.0,0.0
2026-02-04 13:35:00-05:00,0.7042999863624573,0.7091000080108643,0.704200029373169,0.7064999938011169,110474,0.0,0.0
2026-02-04 13:40:00-05:00,0.7064999938011169,0.7064999938011169,0.7063999772071838,0.7064999938011169,18041,0.0,0.0
2026-02-04 13:45:00-05:00,0.7064999938011169,0.7064999938011169,0.7063999772071838,0.7064999938011169,38533,0.0,0.0
2026-02-04 13:50:00-05:00,0.7063999772071838,0.7063999772071838,0.701200008392334,0.7013000249862671,73652,0.0,0.0
2026-02-04 13:55:00-05:00,0.7013000249862671,0.7064999938011169,0.7013000249862671,0.7064999938011169,31152,0.0,0.0
2026-02-04 14:00:00-05:00,0.7064999938011169,0.7064999938011169,0.7064999938011169,0.7064999938011169,11675,0.0,0.0
2026-02-04 14:05:00-05:00,0.7064999938011169,0.7064999938011169,0.7063999772071838,0.7063999772071838,1117582,0.0,0.0
2026-02-04 14:10:00-05:00,0.7064999938011169,0.7064999938011169,0.7063999772071838,0.7064999938011169,0,0.0,0.0
2026-02-04 14:15:00-05:00,0.7063999772071838,0.7064999938011169,0.7063999772071838,0.7063999772071838,8570,0.0,0.0
2026-02-04 14:20:00-05:00,0.7063999772071838,0.7064999938011169,0.7063999772071838,0.7064999938011169,8238,0.0,0.0
2026-02-04 14:25:00-05:00,0.7064999938011169,0.7064999938011169,0.7063999772071838,0.7063999772071838,14449,0.0,0.0
2026-02-04 14:30:00-05:00,0.7064999938011169,0.7145000100135803,0.7064999938011169,0.7145000100135803,150185,0.0,0.0
2026-02-04 14:35:00-05:00,0.7145000100135803,0.7145000100135803,0.7143999934196472,0.7145000100135803,1445,0.0,0.0
2026-02-04 14:40:00-05:00,0.7145000100135803,0.7190999984741211,0.7143999934196472,0.7186999917030334,1367413,0.0,0.0
2026-02-04 14:45:00-05:00,0.7185999751091003,0.7185999751091003,0.718500018119812,0.7185999751091003,0,0.0,0.0
2026-02-04 14:50:00-05:00,0.7185999751091003,0.7250999808311462,0.718500018119812,0.7250999808311462,49424,0.0,0.0
2026-02-04 14:55:00-05:00,0.7257999777793884,0.7293999791145325,0.7253999710083008,0.7293000221252441,62757,0.0,0.0
2026-02-04 15:00:00-05:00,0.7293000221252441,0.7293000221252441,0.7271999716758728,0.7272999882698059,46402,0.0,0.0
2026-02-04 15:05:00-05:00,0.7272999882698059,0.7272999882698059,0.7271999716758728,0.7271999716758728,5469,0.0,0.0
2026-02-04 15:10:00-05:00,0.7272999882698059,0.7272999882698059,0.725600004196167,0.7257000207901001,37814,0.0,0.0
2026-02-04 15:15:00-05:00,0.7257000207901001,0.7257000207901001,0.725600004196167,0.7257000207901001,23052,0.0,0.0
2026-02-04 15:20:00-05:00,0.7257000207901001,0.7257000207901001,0.725600004196167,0.725600004196167,15778,0.0,0.0
2026-02-04 15:25:00-05:00,0.7257000207901001,0.7257000207901001,0.725600004196167,0.7257000207901001,22141,0.0,0.0
2026-02-04 15:30:00-05:00,0.7257000207901001,0.7257000207901001,0.7110000252723694,0.7146999835968018,265666,0.0,0.0
2026-02-04 15:35:00-05:00,0.7146999835968018,0.7146999835968018,0.7063000202178955,0.7063000202178955,151624,0.0,0.0
2026-02-04 15:40:00-05:00,0.7063000202178955,0.7084000110626221,0.7049000263214111,0.7052000164985657,101736,0.0,0.0
2026-02-04 15:45:00-05:00,0.705299973487854,0.705299973487854,0.701200008392334,0.7017999887466431,95124,0.0,0.0
2026-02-04 15:50:00-05:00,0.7017999887466431,0.7017999887466431,0.699999988079071,0.7001000046730042,100562,0.0,0.0
2026-02-04 15:55:00-05:00,0.7001000046730042,0.7001000046730042,0.699999988079071,0.7001000046730042,112496,0.0,0.0
2026-02-05 09:30:00-05:00,0.699999988079071,0.699999988079071,0.6690000295639038,0.6700000166893005,174045,0.0,0.0
2026-02-05 09:35:00-05:00,0.6765000224113464,0.6888999938964844,0.670199990272522,0.683899998664856,74074,0.0,0.0
2026-02-05 09:40:00-05:00,0.6829000115394592,0.6841999888420105,0.671999990940094,0.6815000176429749,250836,0.0,0.0
2026-02-05 09:45:00-05:00,0.6771000027656555,0.6771000027656555,0.6690000295639038,0.670199990272522,0,0.0,0.0
2026-02-05 09:50:00-05:00,0.6703000068664551,0.6765000224113464,0.6697999835014343,0.6711000204086304,41166,0.0,0.0
2026-02-05 09:55:00-05:00,0.6700999736785889,0.6700999736785889,0.6618000268936157,0.6650000214576721,213299,0.0,0.0
2026-02-05 10:00:00-05:00,0.6638000011444092,0.6653000116348267,0.6600000262260437,0.6607999801635742,178610,0.0,0.0
2026-02-05 10:05:00-05:00,0.660099983215332,0.6679999828338623,0.6600000262260437,0.6657999753952026,70883,0.0,0.0
2026-02-05 10:10:00-05:00,0.6650000214576721,0.666700005531311,0.650600016117096,0.6557000279426575,138589,0.0,0.0
2026-02-05 10:15:00-05:00,0.6525999903678894,0.6556000113487244,0.6513000130653381,0.6556000113487244,100200,0.0,0.0
2026-02-05 10:20:00-05:00,0.6556000113487244,0.6647999882698059,0.6554999947547913,0.6646999716758728,43001,0.0,0.0
2026-02-05 10:25:00-05:00,0.6646999716758728,0.6690999865531921,0.6646999716758728,0.66839998960495,41954,0.0,0.0
2026-02-05 10:30:00-05:00,0.6685000061988831,0.6700999736785889,0.6680999994277954,0.6682999730110168,60896,0.0,0.0
2026-02-05 10:35:00-05:00,0.66839998960495,0.6766999959945679,0.66839998960495,0.6728000044822693,30830,0.0,0.0
2026-02-05 10:40:00-05:00,0.6711000204086304,0.6758999824523926,0.6700000166893005,0.6751000285148621,34524,0.0,0.0
2026-02-05 10:45:00-05:00,0.675000011920929,0.6757000088691711,0.6685000061988831,0.6697999835014343,9837,0.0,0.0
2026-02-05 10:50:00-05:00,0.6689000129699707,0.6697999835014343,0.6689000129699707,0.6696000099182129,33029,0.0,0.0
2026-02-05 10:55:00-05:00,0.669700026512146,0.6699000000953674,0.6687999963760376,0.6696000099182129,20980,0.0,0.0
2026-02-05 11:00:00-05:00,0.6696000099182129,0.6696000099182129,0.6669999957084656,0.6669999957084656,10239,0.0,0.0
2026-02-05 11:05:00-05:00,0.6668999791145325,0.6686999797821045,0.6600000262260437,0.6600000262260437,46344,0.0,0.0
2026-02-05 11:10:00-05:00,0.6606000065803528,0.6626999974250793,0.6534000039100647,0.6549999713897705,130056,0.0,0.0
2026-02-05 11:15:00-05:00,0.6575999855995178,0.6632000207901001,0.6575999855995178,0.663100004196167,21275,0.0,0.0
2026-02-05 11:20:00-05:00,0.6632000207901001,0.6697999835014343,0.663100004196167,0.667900025844574,74164,0.0,0.0
2026-02-05 11:25:00-05:00,0.6679999828338623,0.6704999804496765,0.6676999926567078,0.6704999804496765,51349,0.0,0.0
2026-02-05 11:30:00-05:00,0.6705999970436096,0.6769000291824341,0.6705999970436096,0.6769000291824341,55890,0.0,0.0
2026-02-05 11:35:00-05:00,0.6769999861717224,0.6786999702453613,0.6740999817848206,0.6757000088691711,13415,0.0,0.0
2026-02-05 11:40:00-05:00,0.6754999756813049,0.6758000254631042,0.6650999784469604,0.6650999784469604,67105,0.0,0.0
2026-02-05 11:45:00-05:00,0.6664000153541565,0.6664000153541565,0.663100004196167,0.6633999943733215,16971,0.0,0.0
2026-02-05 11:50:00-05:00,0.6633999943733215,0.6704000234603882,0.6633999943733215,0.6665999889373779,56807,0.0,0.0
2026-02-05 11:55:00-05:00,0.6675000190734863,0.6680999994277954,0.6635000109672546,0.6657999753952026,25974,0.0,0.0
2026-02-05 12:00:00-05:00,0.6658999919891357,0.6726999878883362,0.6658999919891357,0.6671000123023987,16764,0.0,0.0
2026-02-05 12:05:00-05:00,0.6671000123023987,0.667900025844574,0.6671000123023987,0.6676999926567078,5651,0.0,0.0
2026-02-05 12:10:00-05:00,0.6676999926567078,0.6687999963760376,0.6660000085830688,0.6687999963760376,31741,0.0,0.0
2026-02-05 12:15:00-05:00,0.6690000295639038,0.670199990272522,0.6664000153541565,0.6664000153541565,11794,0.0,0.0
2026-02-05 12:20:00-05:00,0.670199990272522,0.670199990272522,0.6639999747276306,0.6675999760627747,6575,0.0,0.0
2026-02-05 12:25:00-05:00,0.6690999865531921,0.6740999817848206,0.6690999865531921,0.673799991607666,52189,0.0,0.0
2026-02-05 12:30:00-05:00,0.673799991607666,0.6798999905586243,0.6710000038146973,0.6733999848365784,67978,0.0,0.0
2026-02-05 12:35:00-05:00,0.6733999848365784,0.6733999848365784,0.6694999933242798,0.6694999933242798,14087,0.0,0.0
2026-02-05 12:40:00-05:00,0.6693000197410583,0.6712999939918518,0.6672999858856201,0.6693000197410583,12047,0.0,0.0
2026-02-05 12:45:00-05:00,0.6653000116348267,0.669700026512146,0.6653000116348267,0.6656000018119812,34135,0.0,0.0
2026-02-05 12:50:00-05:00,0.6668000221252441,0.6668000221252441,0.663100004196167,0.6664000153541565,8293,0.0,0.0
2026-02-05 12:55:00-05:00,0.6664999723434448,0.6664999723434448,0.6656000018119812,0.6658999919891357,3981,0.0,0.0
2026-02-05 13:00:00-05:00,0.6658999919891357,0.6711000204086304,0.6650000214576721,0.6650000214576721,15217,0.0,0.0
2026-02-05 13:05:00-05:00,0.6650000214576721,0.6664000153541565,0.6635000109672546,0.6635000109672546,13644,0.0,0.0
2026-02-05 13:10:00-05:00,0.6654999852180481,0.6660000085830688,0.6629999876022339,0.6629999876022339,0,0.0,0.0
2026-02-05 13:15:00-05:00,0.6644999980926514,0.6658999919891357,0.6643999814987183,0.6650999784469604,6831,0.0,0.0
2026-02-05 13:20:00-05:00,0.6654999852180481,0.6654999852180481,0.6614999771118164,0.6626999974250793,44420,0.0,0.0
2026-02-05 13:25:00-05:00,0.6626999974250793,0.6626999974250793,0.6610000133514404,0.6610000133514404,79720,0.0,0.0
2026-02-05 13:30:00-05:00,0.6604999899864197,0.6621000170707703,0.6603999733924866,0.6610999703407288,18928,0.0,0.0
2026-02-05 13:35:00-05:00,0.6610000133514404,0.661300003528595,0.6600000262260437,0.6603000164031982,12911,0.0,0.0
2026-02-05 13:40:00-05:00,0.6597999930381775,0.6600000262260437,0.6581000089645386,0.6589000225067139,14291,0.0,0.0
2026-02-05 13:45:00-05:00,0.6589000225067139,0.6589000225067139,0.6550999879837036,0.6575000286102295,7406,0.0,0.0
2026-02-05 13:50:00-05:00,0.6581000089645386,0.65829998254776,0.6578999757766724,0.6578999757766724,15108,0.0,0.0
2026-02-05 13:55:00-05:00,0.6575999855995178,0.661300003528595,0.6550999879837036,0.6606000065803528,59813,0.0,0.0
2026-02-05 14:00:00-05:00,0.6607999801635742,0.6608999967575073,0.6596999764442444,0.660099983215332,44802,0.0,0.0
2026-02-05 14:05:00-05:00,0.660099983215332,0.6632000207901001,0.6600000262260437,0.6632000207901001,32795,0.0,0.0
2026-02-05 14:10:00-05:00,0.6632999777793884,0.6671000123023987,0.6632999777793884,0.6653000116348267,9480,0.0,0.0
2026-02-05 14:15:00-05:00,0.6662999987602234,0.666700005531311,0.6650999784469604,0.6664999723434448,15892,0.0,0.0
2026-02-05 14:20:00-05:00,0.6665999889373779,0.6748999953269958,0.6664999723434448,0.6725000143051147,45246,0.0,0.0
2026-02-05 14:25:00-05:00,0.6740000247955322,0.6740000247955322,0.6679999828338623,0.6679999828338623,15034,0.0,0.0
2026-02-05 14:30:00-05:00,0.6692000031471252,0.6714000105857849,0.6636999845504761,0.6665999889373779,24209,0.0,0.0
2026-02-05 14:35:00-05:00,0.6662999987602234,0.6664000153541565,0.6621000170707703,0.6644999980926514,17046,0.0,0.0
2026-02-05 14:40:00-05:00,0.6644999980926514,0.6687999963760376,0.6643999814987183,0.6682999730110168,16102,0.0,0.0
2026-02-05 14:45:00-05:00,0.6690999865531921,0.6690999865531921,0.6624000072479248,0.6633999943733215,10834,0.0,0.0
2026-02-05 14:50:00-05:00,0.6625000238418579,0.6629999876022339,0.6600000262260437,0.6600000262260437,3425,0.0,0.0
2026-02-05 14:55:00-05:00,0.6614999771118164,0.6668999791145325,0.6614999771118164,0.6668999791145325,15616,0.0,0.0
2026-02-05 15:00:00-05:00,0.6656000018119812,0.6668000221252441,0.6640999913215637,0.6668000221252441,15636,0.0,0.0
2026-02-05 15:05:00-05:00,0.6654000282287598,0.6682000160217285,0.6639000177383423,0.6682000160217285,12906,0.0,0.0
2026-02-05 15:10:00-05:00,0.666700005531311,0.6682000160217285,0.6664999723434448,0.6665999889373779,33650,0.0,0.0
2026-02-05 15:15:00-05:00,0.666100025177002,0.6675999760627747,0.6653000116348267,0.6653000116348267,20744,0.0,0.0
2026-02-05 15:20:00-05:00,0.6653000116348267,0.6656000018119812,0.6628000140190125,0.6628000140190125,6744,0.0,0.0
2026-02-05 15:25:00-05:00,0.6621999740600586,0.6636000275611877,0.661899983882904,0.6621999740600586,14367,0.0,0.0
2026-02-05 15:30:00-05:00,0.6610000133514404,0.6632000207901001,0.6610000133514404,0.661899983882904,10260,0.0,0.0
2026-02-05 15:35:00-05:00,0.6610999703407288,0.6620000004768372,0.6600000262260437,0.6620000004768372,30872,0.0,0.0
2026-02-05 15:40:00-05:00,0.6626999974250793,0.6668000221252441,0.6620000004768372,0.6646000146865845,44842,0.0,0.0
2026-02-05 15:45:00-05:00,0.6657000184059143,0.6675000190734863,0.6654999852180481,0.666100025177002,28921,0.0,0.0
2026-02-05 15:50:00-05:00,0.6657999753952026,0.666100025177002,0.6650000214576721,0.6660000085830688,59422,0.0,0.0
2026-02-05 15:55:00-05:00,0.666100025177002,0.6729000210762024,0.666100025177002,0.6696000099182129,102852,0.0,0.0
2026-02-06 09:30:00-05:00,0.6933000087738037,0.7098000049591064,0.6933000087738037,0.7027000188827515,246154,0.0,0.0
2026-02-06 09:35:00-05:00,0.7095000147819519,0.7095999717712402,0.6899999976158142,0.6899999976158142,70781,0.0,0.0
2026-02-06 09:40:00-05:00,0.694100022315979,0.694100022315979,0.6844000220298767,0.6850000023841858,11332,0.0,0.0
2026-02-06 09:45:00-05:00,0.6916000247001648,0.6916000247001648,0.6845999956130981,0.6902999877929688,29230,0.0,0.0
2026-02-06 09:50:00-05:00,0.6898000240325928,0.6995000243186951,0.6898000240325928,0.6963000297546387,14130,0.0,0.0
2026-02-06 09:55:00-05:00,0.6962000131607056,0.6995000243186951,0.6929000020027161,0.6930000185966492,26633,0.0,0.0
2026-02-06 10:00:00-05:00,0.6927000284194946,0.698199987411499,0.6901000142097473,0.6937999725341797,14848,0.0,0.0
2026-02-06 10:05:00-05:00,0.6927000284194946,0.6984999775886536,0.6899999976158142,0.6934000253677368,22784,0.0,0.0
2026-02-06 10:10:00-05:00,0.6934999823570251,0.7063999772071838,0.6917999982833862,0.6992999911308289,32227,0.0,0.0
2026-02-06 10:15:00-05:00,0.6917999982833862,0.7010999917984009,0.6901000142097473,0.699400007724762,11427,0.0,0.0
2026-02-06 10:20:00-05:00,0.7014999985694885,0.7037000060081482,0.699400007724762,0.7020000219345093,10708,0.0,0.0
2026-02-06 10:25:00-05:00,0.7013999819755554,0.7073000073432922,0.7013999819755554,0.7046999931335449,17157,0.0,0.0
2026-02-06 10:30:00-05:00,0.7027999758720398,0.7099000215530396,0.7027999758720398,0.707099974155426,35178,0.0,0.0
2026-02-06 10:35:00-05:00,0.7049000263214111,0.7070000171661377,0.7046999931335449,0.7062000036239624,10213,0.0,0.0
2026-02-06 10:40:00-05:00,0.7062000036239624,0.7062000036239624,0.7050999999046326,0.7056000232696533,14279,0.0,0.0
2026-02-06 10:45:00-05:00,0.7059000134468079,0.7148000001907349,0.7057999968528748,0.7106000185012817,125491,0.0,0.0
2026-02-06 10:50:00-05:00,0.7099999785423279,0.7099999785423279,0.7071999907493591,0.7085999846458435,21739,0.0,0.0
2026-02-06 10:55:00-05:00,0.7084000110626221,0.7148000001907349,0.7084000110626221,0.7117999792098999,39999,0.0,0.0
2026-02-06 11:00:00-05:00,0.7117999792098999,0.7199000120162964,0.7117999792098999,0.715399980545044,106345,0.0,0.0
2026-02-06 11:05:00-05:00,0.7146999835968018,0.7197999954223633,0.7113999724388123,0.7160000205039978,104239,0.0,0.0
2026-02-06 11:10:00-05:00,0.7141000032424927,0.7260000109672546,0.7139999866485596,0.7203999757766724,72335,0.0,0.0
2026-02-06 11:15:00-05:00,0.7214000225067139,0.7249000072479248,0.710099995136261,0.7109000086784363,91307,0.0,0.0
2026-02-06 11:20:00-05:00,0.7128999829292297,0.7129999995231628,0.7128999829292297,0.7129999995231628,5055,0.0,0.0
2026-02-06 11:25:00-05:00,0.7139999866485596,0.7145000100135803,0.7093999981880188,0.7093999981880188,563595,0.0,0.0
2026-02-06 11:30:00-05:00,0.7106000185012817,0.7171000242233276,0.7106000185012817,0.7143999934196472,0,0.0,0.0
2026-02-06 11:35:00-05:00,0.7146000266075134,0.717199981212616,0.7102000117301941,0.7105000019073486,64395,0.0,0.0
2026-02-06 11:40:00-05:00,0.7116000056266785,0.7167999744415283,0.7099999785423279,0.7103000283241272,25474,0.0,0.0
2026-02-06 11:45:00-05:00,0.7121000289916992,0.7160999774932861,0.7099999785423279,0.7105000019073486,37422,0.0,0.0
2026-02-06 11:50:00-05:00,0.710099995136261,0.7172999978065491,0.7095000147819519,0.7110000252723694,55401,0.0,0.0
2026-02-06 11:55:00-05:00,0.7109000086784363,0.7114999890327454,0.7099000215530396,0.7106999754905701,22917,0.0,0.0
2026-02-06 12:00:00-05:00,0.7106999754905701,0.7128999829292297,0.7099999785423279,0.7107999920845032,17337,0.0,0.0
2026-02-06 12:05:00-05:00,0.7110999822616577,0.7213000059127808,0.7106999754905701,0.7213000059127808,45185,0.0,0.0
2026-02-06 12:10:00-05:00,0.7214000225067139,0.7214000225067139,0.710099995136261,0.7123000025749207,16170,0.0,0.0
2026-02-06 12:15:00-05:00,0.7124000191688538,0.715499997138977,0.710099995136261,0.7103999853134155,5384,0.0,0.0
2026-02-06 12:20:00-05:00,0.7113999724388123,0.7128000259399414,0.7095999717712402,0.7110999822616577,17211,0.0,0.0
2026-02-06 12:25:00-05:00,0.7127000093460083,0.7156999707221985,0.7095999717712402,0.714900016784668,9219,0.0,0.0
2026-02-06 12:30:00-05:00,0.7177000045776367,0.7258999943733215,0.7148000001907349,0.7222999930381775,30065,0.0,0.0
2026-02-06 12:35:00-05:00,0.7235999703407288,0.7249000072479248,0.7185999751091003,0.7185999751091003,15457,0.0,0.0
2026-02-06 12:40:00-05:00,0.7142999768257141,0.7161999940872192,0.7110000252723694,0.7145000100135803,40621,0.0,0.0
2026-02-06 12:45:00-05:00,0.7153000235557556,0.7182999849319458,0.713100016117096,0.7139999866485596,30996,0.0,0.0
2026-02-06 12:50:00-05:00,0.7159000039100647,0.7197999954223633,0.715399980545044,0.718500018119812,4571,0.0,0.0
2026-02-06 12:55:00-05:00,0.7197999954223633,0.7297000288963318,0.7197999954223633,0.7279000282287598,22429,0.0,0.0
2026-02-06 13:00:00-05:00,0.7279000282287598,0.7390999794006348,0.7279000282287598,0.7353000044822693,53022,0.0,0.0
2026-02-06 13:05:00-05:00,0.7355999946594238,0.7436000108718872,0.7355999946594238,0.7404000163078308,45469,0.0,0.0
2026-02-06 13:10:00-05:00,0.737500011920929,0.7400000095367432,0.7275000214576721,0.7348999977111816,21087,0.0,0.0
2026-02-06 13:15:00-05:00,0.7332000136375427,0.7366999983787537,0.7330999970436096,0.7350999712944031,1280,0.0,0.0
2026-02-06 13:20:00-05:00,0.7357000112533569,0.7383000254631042,0.7355999946594238,0.7378000020980835,21884,0.0,0.0
2026-02-06 13:25:00-05:00,0.7379000186920166,0.7379000186920166,0.7350999712944031,0.7350999712944031,16633,0.0,0.0
2026-02-06 13:30:00-05:00,0.7360000014305115,0.7365999817848206,0.7360000014305115,0.736299991607666,11781,0.0,0.0
2026-02-06 13:35:00-05:00,0.7357000112533569,0.7398999929428101,0.7337999939918518,0.7398999929428101,18061,0.0,0.0
2026-02-06 13:40:00-05:00,0.7398999929428101,0.7450000047683716,0.7394000291824341,0.7450000047683716,58250,0.0,0.0
2026-02-06 13:45:00-05:00,0.7450000047683716,0.7475000023841858,0.7445999979972839,0.7458999752998352,925279,0.0,0.0
2026-02-06 13:50:00-05:00,0.746399998664856,0.7469000220298767,0.7462000250816345,0.7462999820709229,0,0.0,0.0
2026-02-06 13:55:00-05:00,0.7462999820709229,0.7462999820709229,0.7423999905586243,0.7462000250816345,82471,0.0,0.0
2026-02-06 14:00:00-05:00,0.7462000250816345,0.753000020980835,0.7458999752998352,0.7498999834060669,98270,0.0,0.0
2026-02-06 14:05:00-05:00,0.7548999786376953,0.7573999762535095,0.7531999945640564,0.7573999762535095,147165,0.0,0.0
2026-02-06 14:10:00-05:00,0.7562999725341797,0.7644000053405762,0.7562999725341797,0.758400022983551,85382,0.0,0.0
2026-02-06 14:15:00-05:00,0.7588000297546387,0.7588000297546387,0.7558000087738037,0.7566999793052673,30257,0.0,0.0
2026-02-06 14:20:00-05:00,0.7567999958992004,0.7648000121116638,0.7562999725341797,0.7648000121116638,33917,0.0,0.0
2026-02-06 14:25:00-05:00,0.7609999775886536,0.7627000212669373,0.757099986076355,0.7627000212669373,38700,0.0,0.0
2026-02-06 14:30:00-05:00,0.7623999714851379,0.7623999714851379,0.7599999904632568,0.7613000273704529,2562,0.0,0.0
2026-02-06 14:35:00-05:00,0.7613000273704529,0.7649000287055969,0.7594000101089478,0.7594000101089478,37486,0.0,0.0
2026-02-06 14:40:00-05:00,0.760699987411499,0.7615000009536743,0.7603999972343445,0.7609999775886536,65546,0.0,0.0
2026-02-06 14:45:00-05:00,0.761900007724762,0.7649000287055969,0.7612000107765198,0.7630000114440918,27743,0.0,0.0
2026-02-06 14:50:00-05:00,0.7627000212669373,0.7644000053405762,0.7595999836921692,0.7644000053405762,9422,0.0,0.0
2026-02-06 14:55:00-05:00,0.7627999782562256,0.7639999985694885,0.7609000205993652,0.7626000046730042,24294,0.0,0.0
2026-02-06 15:00:00-05:00,0.7616999745368958,0.7649000287055969,0.7608000040054321,0.7649000287055969,74853,0.0,0.0
2026-02-06 15:05:00-05:00,0.7631999850273132,0.7648000121116638,0.7631999850273132,0.7642999887466431,31657,0.0,0.0
2026-02-06 15:10:00-05:00,0.7644000053405762,0.7664999961853027,0.7644000053405762,0.7649999856948853,98333,0.0,0.0
2026-02-06 15:15:00-05:00,0.7635999917984009,0.766700029373169,0.7628999948501587,0.7666000127792358,53364,0.0,0.0
2026-02-06 15:20:00-05:00,0.7666000127792358,0.767300009727478,0.7638000249862671,0.7664999961853027,6106,0.0,0.0
2026-02-06 15:25:00-05:00,0.7657999992370605,0.7689999938011169,0.7649999856948853,0.7669000029563904,52367,0.0,0.0
2026-02-06 15:30:00-05:00,0.7669000029563904,0.7669000029563904,0.7648000121116638,0.7648000121116638,114892,0.0,0.0
2026-02-06 15:35:00-05:00,0.7648000121116638,0.7648000121116638,0.7620999813079834,0.7634999752044678,17262,0.0,0.0
2026-02-06 15:40:00-05:00,0.7638000249862671,0.769599974155426,0.7635999917984009,0.7689999938011169,42301,0.0,0.0
2026-02-06 15:45:00-05:00,0.76910001039505,0.774399995803833,0.76910001039505,0.771399974822998,106232,0.0,0.0
2026-02-06 15:50:00-05:00,0.771399974822998,0.7760000228881836,0.7706000208854675,0.7728000283241272,74427,0.0,0.0
2026-02-06 15:55:00-05:00,0.7728000283241272,0.7749000191688538,0.7674000263214111,0.7702999711036682,91976,0.0,0.0
2026-02-09 09:30:00-05:00,0.7850000262260437,0.7886000275611877,0.7599999904632568,0.765999972820282,165728,0.0,0.0
2026-02-09 09:35:00-05:00,0.7698000073432922,0.7746000289916992,0.7505000233650208,0.7505000233650208,24629,0.0,0.0
2026-02-09 09:40:00-05:00,0.7666000127792358,0.7666000127792358,0.7549999952316284,0.7562999725341797,12235,0.0,0.0
2026-02-09 09:45:00-05:00,0.7562999725341797,0.7609999775886536,0.7542999982833862,0.7547000050544739,84354,0.0,0.0
2026-02-09 09:50:00-05:00,0.7544999718666077,0.7598999738693237,0.7462000250816345,0.75,119010,0.0,0.0
2026-02-09 09:55:00-05:00,0.7462999820709229,0.7505999803543091,0.734000027179718,0.734000027179718,71117,0.0,0.0
2026-02-09 10:00:00-05:00,0.7340999841690063,0.7486000061035156,0.7340999841690063,0.7455000281333923,141760,0.0,0.0
2026-02-09 10:05:00-05:00,0.7445999979972839,0.7487000226974487,0.7400000095367432,0.7454000115394592,32951,0.0,0.0
2026-02-09 10:10:00-05:00,0.7455000281333923,0.75,0.7419999837875366,0.7484999895095825,53067,0.0,0.0
2026-02-09 10:15:00-05:00,0.7501999735832214,0.7522000074386597,0.7465999722480774,0.7476000189781189,22641,0.0,0.0
2026-02-09 10:20:00-05:00,0.7452999949455261,0.7533000111579895,0.7448999881744385,0.7461000084877014,20233,0.0,0.0
2026-02-09 10:25:00-05:00,0.745199978351593,0.7530999779701233,0.7429999709129333,0.7530999779701233,56902,0.0,0.0
2026-02-09 10:30:00-05:00,0.7512000203132629,0.7603999972343445,0.75,0.7552000284194946,12646,0.0,0.0
2026-02-09 10:35:00-05:00,0.753000020980835,0.7638999819755554,0.751800000667572,0.7526000142097473,30534,0.0,0.0
2026-02-09 10:40:00-05:00,0.7552000284194946,0.7584999799728394,0.7524999976158142,0.7580999732017517,22312,0.0,0.0
2026-02-09 10:45:00-05:00,0.7570000290870667,0.7570000290870667,0.7487000226974487,0.7534000277519226,70960,0.0,0.0
2026-02-09 10:50:00-05:00,0.7502999901771545,0.7522000074386597,0.7498000264167786,0.7498999834060669,7188,0.0,0.0
2026-02-09 10:55:00-05:00,0.7476000189781189,0.7527999877929688,0.7473000288009644,0.7512000203132629,11970,0.0,0.0
2026-02-09 11:00:00-05:00,0.7540000081062317,0.7581999897956848,0.7504000067710876,0.7547000050544739,18535,0.0,0.0
2026-02-09 11:05:00-05:00,0.753000020980835,0.7548999786376953,0.7509999871253967,0.7511000037193298,34278,0.0,0.0
2026-02-09 11:10:00-05:00,0.7504000067710876,0.7552000284194946,0.7501000165939331,0.7548999786376953,36732,0.0,0.0
2026-02-09 11:15:00-05:00,0.7526000142097473,0.7573000192642212,0.7501000165939331,0.7508000135421753,6500,0.0,0.0
2026-02-09 11:20:00-05:00,0.7508999705314636,0.758899986743927,0.7498000264167786,0.758899986743927,33661,0.0,0.0
2026-02-09 11:25:00-05:00,0.7580999732017517,0.7580999732017517,0.7505999803543091,0.7505999803543091,49333,0.0,0.0
2026-02-09 11:30:00-05:00,0.7505999803543091,0.7537000179290771,0.7476000189781189,0.7490000128746033,46065,0.0,0.0
2026-02-09 11:35:00-05:00,0.7534000277519226,0.7534000277519226,0.7490000128746033,0.7513999938964844,9026,0.0,0.0
2026-02-09 11:40:00-05:00,0.75,0.7530999779701233,0.75,0.7508999705314636,6328,0.0,0.0
2026-02-09 11:45:00-05:00,0.7511000037193298,0.7541000247001648,0.7501000165939331,0.7541000247001648,13343,0.0,0.0
2026-02-09 11:50:00-05:00,0.7501999735832214,0.7555999755859375,0.7491999864578247,0.7493000030517578,13580,0.0,0.0
2026-02-09 11:55:00-05:00,0.7501000165939331,0.7515000104904175,0.7494000196456909,0.7501000165939331,1809,0.0,0.0
2026-02-09 12:00:00-05:00,0.7501999735832214,0.7520999908447266,0.7484999895095825,0.7504000067710876,6043,0.0,0.0
2026-02-09 12:05:00-05:00,0.7519999742507935,0.7523999810218811,0.7484999895095825,0.7508999705314636,10988,0.0,0.0
2026-02-09 12:10:00-05:00,0.7508999705314636,0.7549999952316284,0.7498999834060669,0.753600001335144,32129,0.0,0.0
2026-02-09 12:15:00-05:00,0.753600001335144,0.755299985408783,0.7501999735832214,0.7523000240325928,12075,0.0,0.0
2026-02-09 12:20:00-05:00,0.7501999735832214,0.7523999810218811,0.75,0.7520999908447266,7387,0.0,0.0
2026-02-09 12:25:00-05:00,0.7529000043869019,0.753000020980835,0.7494999766349792,0.753000020980835,13774,0.0,0.0
2026-02-09 12:30:00-05:00,0.7547000050544739,0.7547000050544739,0.75,0.7545999884605408,30682,0.0,0.0
2026-02-09 12:35:00-05:00,0.754800021648407,0.7578999996185303,0.7540000081062317,0.7541000247001648,2685,0.0,0.0
2026-02-09 12:40:00-05:00,0.7541000247001648,0.7641000151634216,0.7541000247001648,0.7616000175476074,45705,0.0,0.0
2026-02-09 12:45:00-05:00,0.7590000033378601,0.7635999917984009,0.7580999732017517,0.7581999897956848,22425,0.0,0.0
2026-02-09 12:50:00-05:00,0.757099986076355,0.7595999836921692,0.7560999989509583,0.7560999989509583,4513,0.0,0.0
2026-02-09 12:55:00-05:00,0.7559000253677368,0.7580999732017517,0.7549999952316284,0.7555999755859375,23086,0.0,0.0
2026-02-09 13:00:00-05:00,0.754800021648407,0.7612000107765198,0.7540000081062317,0.7578999996185303,66689,0.0,0.0
2026-02-09 13:05:00-05:00,0.7578999996185303,0.7588000297546387,0.7544000148773193,0.7544000148773193,26684,0.0,0.0
2026-02-09 13:10:00-05:00,0.7548999786376953,0.7577999830245972,0.754800021648407,0.754800021648407,13881,0.0,0.0
2026-02-09 13:15:00-05:00,0.754800021648407,0.7608000040054321,0.7545999884605408,0.7565000057220459,11160,0.0,0.0
2026-02-09 13:20:00-05:00,0.7565000057220459,0.7570000290870667,0.7506999969482422,0.7506999969482422,6110,0.0,0.0
2026-02-09 13:25:00-05:00,0.7540000081062317,0.7540000081062317,0.7491999864578247,0.7502999901771545,49155,0.0,0.0
2026-02-09 13:30:00-05:00,0.7508999705314636,0.7508999705314636,0.7465000152587891,0.7465000152587891,24139,0.0,0.0
2026-02-09 13:35:00-05:00,0.7455999851226807,0.7498000264167786,0.7451000213623047,0.7469000220298767,0,0.0,0.0
2026-02-09 13:40:00-05:00,0.7447999715805054,0.7497000098228455,0.7441999912261963,0.7497000098228455,8043,0.0,0.0
2026-02-09 13:45:00-05:00,0.7497000098228455,0.7498000264167786,0.746399998664856,0.7480000257492065,18152,0.0,0.0
2026-02-09 13:50:00-05:00,0.7498000264167786,0.7498000264167786,0.7462000250816345,0.7490000128746033,8022,0.0,0.0
2026-02-09 13:55:00-05:00,0.7494999766349792,0.7534999847412109,0.7490000128746033,0.7519000172615051,8640,0.0,0.0
2026-02-09 14:00:00-05:00,0.7533000111579895,0.7552000284194946,0.7501999735832214,0.7552000284194946,10786,0.0,0.0
2026-02-09 14:05:00-05:00,0.7572000026702881,0.7616999745368958,0.7572000026702881,0.7616999745368958,1851,0.0,0.0
2026-02-09 14:10:00-05:00,0.7616999745368958,0.7617999911308289,0.75,0.75,7677,0.0,0.0
2026-02-09 14:15:00-05:00,0.7504000067710876,0.7508000135421753,0.7497000098228455,0.7508000135421753,3479,0.0,0.0
2026-02-09 14:20:00-05:00,0.7497000098228455,0.7502999901771545,0.746999979019165,0.7480999827384949,17932,0.0,0.0
2026-02-09 14:25:00-05:00,0.7477999925613403,0.7505999803543091,0.7477999925613403,0.7498000264167786,25646,0.0,0.0
2026-02-09 14:30:00-05:00,0.7498000264167786,0.7505999803543091,0.7487999796867371,0.7504000067710876,7233,0.0,0.0
2026-02-09 14:35:00-05:00,0.7490000128746033,0.7505000233650208,0.746399998664856,0.7486000061035156,14135,0.0,0.0
2026-02-09 14:40:00-05:00,0.7497000098228455,0.7501000165939331,0.7497000098228455,0.75,13583,0.0,0.0
2026-02-09 14:45:00-05:00,0.7498999834060669,0.75,0.7498999834060669,0.75,5741,0.0,0.0
2026-02-09 14:50:00-05:00,0.7498999834060669,0.75,0.7479000091552734,0.7479000091552734,5599,0.0,0.0
2026-02-09 14:55:00-05:00,0.7462999820709229,0.7479000091552734,0.7430999875068665,0.7455999851226807,19850,0.0,0.0
2026-02-09 15:00:00-05:00,0.7454000115394592,0.7472000122070312,0.7441999912261963,0.7472000122070312,17267,0.0,0.0
2026-02-09 15:05:00-05:00,0.746999979019165,0.7483999729156494,0.7465000152587891,0.7468000054359436,9558,0.0,0.0
2026-02-09 15:10:00-05:00,0.7475000023841858,0.7475000023841858,0.745199978351593,0.7468000054359436,11186,0.0,0.0
2026-02-09 15:15:00-05:00,0.7444999814033508,0.745199978351593,0.7444000244140625,0.7448999881744385,5864,0.0,0.0
2026-02-09 15:20:00-05:00,0.7451000213623047,0.7455999851226807,0.7440000176429749,0.7444000244140625,13405,0.0,0.0
2026-02-09 15:25:00-05:00,0.7436000108718872,0.7436000108718872,0.7400000095367432,0.7401000261306763,40919,0.0,0.0
2026-02-09 15:30:00-05:00,0.7404000163078308,0.7404000163078308,0.7386000156402588,0.7386000156402588,24103,0.0,0.0
2026-02-09 15:35:00-05:00,0.7389000058174133,0.7389000058174133,0.7348999977111816,0.7371000051498413,68634,0.0,0.0
2026-02-09 15:40:00-05:00,0.7372999787330627,0.7384999990463257,0.7364000082015991,0.7369999885559082,36170,0.0,0.0
2026-02-09 15:45:00-05:00,0.7369999885559082,0.738099992275238,0.7354000210762024,0.7372000217437744,26337,0.0,0.0
2026-02-09 15:50:00-05:00,0.737500011920929,0.7402999997138977,0.7368999719619751,0.7386000156402588,38045,0.0,0.0
2026-02-09 15:55:00-05:00,0.7396000027656555,0.7494999766349792,0.7389000058174133,0.7440999746322632,112099,0.0,0.0
2026-02-10 09:30:00-05:00,0.75,0.7609999775886536,0.7400000095367432,0.7400000095367432,128449,0.0,0.0
2026-02-10 09:35:00-05:00,0.7462999820709229,0.7462999820709229,0.7357000112533569,0.7394999861717224,24967,0.0,0.0
2026-02-10 09:40:00-05:00,0.7408999800682068,0.7408999800682068,0.7269999980926514,0.7305999994277954,55682,0.0,0.0
2026-02-10 09:45:00-05:00,0.7304999828338623,0.7325000166893005,0.7250999808311462,0.7250999808311462,32216,0.0,0.0
2026-02-10 09:50:00-05:00,0.7300000190734863,0.736299991607666,0.7261000275611877,0.7261000275611877,5471,0.0,0.0
2026-02-10 09:55:00-05:00,0.7289000153541565,0.7324000000953674,0.7281000018119812,0.7289999723434448,20077,0.0,0.0
2026-02-10 10:00:00-05:00,0.7311000227928162,0.7401999831199646,0.7304999828338623,0.7347999811172485,40782,0.0,0.0
2026-02-10 10:05:00-05:00,0.7347999811172485,0.7444999814033508,0.7347999811172485,0.7401000261306763,9189,0.0,0.0
2026-02-10 10:10:00-05:00,0.7415000200271606,0.744700014591217,0.7408000230789185,0.7419999837875366,11569,0.0,0.0
2026-02-10 10:15:00-05:00,0.7412999868392944,0.7443000078201294,0.7401000261306763,0.7443000078201294,28017,0.0,0.0
2026-02-10 10:20:00-05:00,0.7444000244140625,0.7465000152587891,0.7430999875068665,0.7444999814033508,6469,0.0,0.0
2026-02-10 10:25:00-05:00,0.7466999888420105,0.746999979019165,0.7444999814033508,0.7447999715805054,3033,0.0,0.0
2026-02-10 10:30:00-05:00,0.7469000220298767,0.7541999816894531,0.7469000220298767,0.7541999816894531,10743,0.0,0.0
2026-02-10 10:35:00-05:00,0.7555999755859375,0.7583000063896179,0.7555999755859375,0.7570000290870667,30052,0.0,0.0
2026-02-10 10:40:00-05:00,0.7562000155448914,0.758400022983551,0.7511000037193298,0.7580000162124634,29395,0.0,0.0
2026-02-10 10:45:00-05:00,0.7555000185966492,0.7572000026702881,0.7501000165939331,0.7501999735832214,5817,0.0,0.0
2026-02-10 10:50:00-05:00,0.7548999786376953,0.757099986076355,0.751800000667572,0.7569000124931335,6048,0.0,0.0
2026-02-10 10:55:00-05:00,0.7506999969482422,0.7651000022888184,0.7506999969482422,0.76419997215271,6410,0.0,0.0
2026-02-10 11:00:00-05:00,0.7641000151634216,0.7641000151634216,0.7627999782562256,0.7635999917984009,5255,0.0,0.0
2026-02-10 11:05:00-05:00,0.7630000114440918,0.76419997215271,0.7610999941825867,0.7638000249862671,12158,0.0,0.0
2026-02-10 11:10:00-05:00,0.76419997215271,0.767799973487854,0.76419997215271,0.767799973487854,4616,0.0,0.0
2026-02-10 11:15:00-05:00,0.769599974155426,0.779699981212616,0.769599974155426,0.7767000198364258,52093,0.0,0.0
2026-02-10 11:20:00-05:00,0.7784000039100647,0.7784000039100647,0.7674000263214111,0.7674000263214111,6124,0.0,0.0
2026-02-10 11:25:00-05:00,0.7703999876976013,0.7731999754905701,0.7703999876976013,0.7717000246047974,62350,0.0,0.0
2026-02-10 11:30:00-05:00,0.7710000276565552,0.7796000242233276,0.769599974155426,0.769599974155426,55734,0.0,0.0
2026-02-10 11:35:00-05:00,0.7695000171661377,0.7732999920845032,0.7642999887466431,0.7688999772071838,44527,0.0,0.0
2026-02-10 11:40:00-05:00,0.7674000263214111,0.7681000232696533,0.7541000247001648,0.7541000247001648,8056,0.0,0.0
2026-02-10 11:45:00-05:00,0.755299985408783,0.7714999914169312,0.7516000270843506,0.7516000270843506,26264,0.0,0.0
2026-02-10 11:50:00-05:00,0.7516000270843506,0.7551000118255615,0.7511000037193298,0.7511000037193298,6793,0.0,0.0
2026-02-10 11:55:00-05:00,0.7522000074386597,0.7522000074386597,0.746999979019165,0.7494999766349792,20772,0.0,0.0
2026-02-10 12:00:00-05:00,0.7494999766349792,0.7508999705314636,0.7480999827384949,0.7497000098228455,12580,0.0,0.0
2026-02-10 12:05:00-05:00,0.75,0.7560999989509583,0.75,0.7560999989509583,2914,0.0,0.0
2026-02-10 12:10:00-05:00,0.7560999989509583,0.7560999989509583,0.7541999816894531,0.7541999816894531,1655,0.0,0.0
2026-02-10 12:15:00-05:00,0.7541999816894531,0.7558000087738037,0.7498000264167786,0.7558000087738037,7414,0.0,0.0
2026-02-10 12:20:00-05:00,0.7559000253677368,0.7588000297546387,0.7558000087738037,0.7572000026702881,24840,0.0,0.0
2026-02-10 12:25:00-05:00,0.7583000063896179,0.7583000063896179,0.7544999718666077,0.7544999718666077,8670,0.0,0.0
2026-02-10 12:30:00-05:00,0.7538999915122986,0.7554000020027161,0.7538999915122986,0.754800021648407,1403,0.0,0.0
2026-02-10 12:35:00-05:00,0.7551000118255615,0.7551000118255615,0.7537999749183655,0.7545999884605408,1476,0.0,0.0
2026-02-10 12:40:00-05:00,0.7547000050544739,0.7592999935150146,0.7547000050544739,0.7592999935150146,13248,0.0,0.0
2026-02-10 12:45:00-05:00,0.7570000290870667,0.7595999836921692,0.7570000290870667,0.7595999836921692,12525,0.0,0.0
2026-02-10 12:50:00-05:00,0.7595999836921692,0.7595999836921692,0.7595000267028809,0.7595999836921692,2302,0.0,0.0
2026-02-10 12:55:00-05:00,0.7595000267028809,0.7595999836921692,0.7587000131607056,0.7590000033378601,3423,0.0,0.0
2026-02-10 13:00:00-05:00,0.7592999935150146,0.7594000101089478,0.7591000199317932,0.7591000199317932,9586,0.0,0.0
2026-02-10 13:05:00-05:00,0.7587000131607056,0.7591000199317932,0.7587000131607056,0.7588000297546387,1201,0.0,0.0
2026-02-10 13:10:00-05:00,0.7588000297546387,0.7588000297546387,0.7560999989509583,0.7577000260353088,13622,0.0,0.0
2026-02-10 13:15:00-05:00,0.7578999996185303,0.7578999996185303,0.7501000165939331,0.7501000165939331,25961,0.0,0.0
2026-02-10 13:20:00-05:00,0.7516000270843506,0.7551000118255615,0.75,0.7524999976158142,56441,0.0,0.0
2026-02-10 13:25:00-05:00,0.753600001335144,0.753600001335144,0.7520999908447266,0.7520999908447266,5053,0.0,0.0
2026-02-10 13:30:00-05:00,0.7523000240325928,0.7523000240325928,0.7486000061035156,0.7486000061035156,1854,0.0,0.0
2026-02-10 13:35:00-05:00,0.746999979019165,0.746999979019165,0.7404000163078308,0.7436000108718872,5862,0.0,0.0
2026-02-10 13:40:00-05:00,0.7468000054359436,0.7486000061035156,0.7468000054359436,0.7486000061035156,3090,0.0,0.0
2026-02-10 13:45:00-05:00,0.7459999918937683,0.7459999918937683,0.7436000108718872,0.7436000108718872,4017,0.0,0.0
2026-02-10 13:50:00-05:00,0.7440999746322632,0.7450000047683716,0.7430999875068665,0.7440000176429749,1264,0.0,0.0
2026-02-10 13:55:00-05:00,0.7440999746322632,0.7472000122070312,0.7422000169754028,0.7472000122070312,25862,0.0,0.0
2026-02-10 14:00:00-05:00,0.7466999888420105,0.7519999742507935,0.7465000152587891,0.7501000165939331,70482,0.0,0.0
2026-02-10 14:05:00-05:00,0.75,0.75,0.7462000250816345,0.7473000288009644,1823,0.0,0.0
2026-02-10 14:10:00-05:00,0.7473000288009644,0.7493000030517578,0.7473000288009644,0.7493000030517578,8322,0.0,0.0
2026-02-10 14:15:00-05:00,0.7504000067710876,0.7513999938964844,0.7504000067710876,0.7513999938964844,2222,0.0,0.0
2026-02-10 14:20:00-05:00,0.7522000074386597,0.7526999711990356,0.7522000074386597,0.7526999711990356,11923,0.0,0.0
2026-02-10 14:25:00-05:00,0.7524999976158142,0.7524999976158142,0.7501999735832214,0.7519999742507935,3470,0.0,0.0
2026-02-10 14:30:00-05:00,0.7524999976158142,0.7526999711990356,0.7524999976158142,0.7524999976158142,4764,0.0,0.0
2026-02-10 14:35:00-05:00,0.7524999976158142,0.7529000043869019,0.7524999976158142,0.7529000043869019,14033,0.0,0.0
2026-02-10 14:40:00-05:00,0.7537000179290771,0.7544000148773193,0.7522000074386597,0.7522000074386597,1432,0.0,0.0
2026-02-10 14:45:00-05:00,0.7504000067710876,0.7523999810218811,0.7487999796867371,0.7501999735832214,34367,0.0,0.0
2026-02-10 14:50:00-05:00,0.7501000165939331,0.7501999735832214,0.7501000165939331,0.7501999735832214,10097,0.0,0.0
2026-02-10 14:55:00-05:00,0.7501000165939331,0.7501999735832214,0.7501000165939331,0.7501999735832214,6829,0.0,0.0
2026-02-10 15:00:00-05:00,0.7501000165939331,0.7501999735832214,0.75,0.7501000165939331,13058,0.0,0.0
2026-02-10 15:05:00-05:00,0.7501000165939331,0.7502999901771545,0.7473999857902527,0.7480000257492065,73848,0.0,0.0
2026-02-10 15:10:00-05:00,0.748199999332428,0.7484999895095825,0.7473999857902527,0.7473999857902527,2872,0.0,0.0
2026-02-10 15:15:00-05:00,0.7480000257492065,0.7483000159263611,0.7461000084877014,0.7461000084877014,4154,0.0,0.0
2026-02-10 15:20:00-05:00,0.748199999332428,0.748199999332428,0.7480000257492065,0.748199999332428,6473,0.0,0.0
2026-02-10 15:25:00-05:00,0.7480999827384949,0.7480999827384949,0.7465999722480774,0.7475000023841858,10753,0.0,0.0
2026-02-10 15:30:00-05:00,0.7461000084877014,0.746999979019165,0.7461000084877014,0.7465999722480774,554800,0.0,0.0
2026-02-10 15:35:00-05:00,0.7469000220298767,0.7498999834060669,0.7468000054359436,0.7498999834060669,0,0.0,0.0
2026-02-10 15:40:00-05:00,0.75,0.75,0.7470999956130981,0.7479000091552734,29617,0.0,0.0
2026-02-10 15:45:00-05:00,0.7487000226974487,0.7487000226974487,0.7401999831199646,0.7429999709129333,17636,0.0,0.0
2026-02-10 15:50:00-05:00,0.7436000108718872,0.7440000176429749,0.7402999997138977,0.7416999936103821,23233,0.0,0.0
2026-02-10 15:55:00-05:00,0.7408000230789185,0.7498000264167786,0.7371000051498413,0.7495999932289124,695745,0.0,0.0
2026-02-11 09:30:00-05:00,0.7516000270843506,0.7628999948501587,0.75,0.7580999732017517,49958,0.0,0.0
2026-02-11 09:35:00-05:00,0.7541999816894531,0.7541999816894531,0.7335000038146973,0.7361000180244446,21636,0.0,0.0
2026-02-11 09:40:00-05:00,0.7371000051498413,0.7433000206947327,0.7350000143051147,0.7397000193595886,15141,0.0,0.0
2026-02-11 09:45:00-05:00,0.7378000020980835,0.7378000020980835,0.7350000143051147,0.7350000143051147,26154,0.0,0.0
2026-02-11 09:50:00-05:00,0.7350999712944031,0.7350999712944031,0.7218000292778015,0.7265999913215637,21273,0.0,0.0
2026-02-11 09:55:00-05:00,0.7245000004768372,0.729200005531311,0.7235999703407288,0.7279000282287598,75404,0.0,0.0
2026-02-11 10:00:00-05:00,0.7278000116348267,0.7293999791145325,0.7246999740600586,0.7253999710083008,102083,0.0,0.0
2026-02-11 10:05:00-05:00,0.725600004196167,0.7272999882698059,0.7204999923706055,0.7228999733924866,0,0.0,0.0
2026-02-11 10:10:00-05:00,0.7232000231742859,0.7236999869346619,0.7228000164031982,0.7228999733924866,51609,0.0,0.0
2026-02-11 10:15:00-05:00,0.7228999733924866,0.7228999733924866,0.7200000286102295,0.7200000286102295,160006,0.0,0.0
2026-02-11 10:20:00-05:00,0.7204999923706055,0.7264000177383423,0.7200000286102295,0.7202000021934509,0,0.0,0.0
2026-02-11 10:25:00-05:00,0.7200999855995178,0.7299000024795532,0.7200999855995178,0.7268000245094299,33644,0.0,0.0
2026-02-11 10:30:00-05:00,0.7279000282287598,0.738099992275238,0.7254999876022339,0.7324000000953674,24779,0.0,0.0
2026-02-11 10:35:00-05:00,0.7324000000953674,0.7346000075340271,0.7317000031471252,0.7336999773979187,9952,0.0,0.0
2026-02-11 10:40:00-05:00,0.7361000180244446,0.7368000149726868,0.7332000136375427,0.7332000136375427,30675,0.0,0.0
2026-02-11 10:45:00-05:00,0.733299970626831,0.7336999773979187,0.7300000190734863,0.7300000190734863,34956,0.0,0.0
2026-02-11 10:50:00-05:00,0.7305999994277954,0.7305999994277954,0.7271999716758728,0.7300000190734863,48067,0.0,0.0
2026-02-11 10:55:00-05:00,0.7300000190734863,0.7300000190734863,0.7272999882698059,0.7272999882698059,21002,0.0,0.0
2026-02-11 11:00:00-05:00,0.7272999882698059,0.7279999852180481,0.7200000286102295,0.7200000286102295,19936,0.0,0.0
2026-02-11 11:05:00-05:00,0.7200000286102295,0.7208999991416931,0.7200000286102295,0.7208999991416931,25554,0.0,0.0
2026-02-11 11:10:00-05:00,0.7208999991416931,0.7279000282287598,0.72079998254776,0.7271000146865845,17252,0.0,0.0
2026-02-11 11:15:00-05:00,0.7271000146865845,0.7278000116348267,0.7226999998092651,0.7247999906539917,124765,0.0,0.0
2026-02-11 11:20:00-05:00,0.7247999906539917,0.7247999906539917,0.7211999893188477,0.7245000004768372,11630,0.0,0.0
2026-02-11 11:25:00-05:00,0.7240999937057495,0.7246999740600586,0.7229999899864197,0.7232000231742859,20197,0.0,0.0
2026-02-11 11:30:00-05:00,0.7215999960899353,0.722000002861023,0.7215999960899353,0.722000002861023,20595,0.0,0.0
2026-02-11 11:35:00-05:00,0.722000002861023,0.722000002861023,0.7200000286102295,0.7208999991416931,7059,0.0,0.0
2026-02-11 11:40:00-05:00,0.7214000225067139,0.7221999764442444,0.7200000286102295,0.7200000286102295,37211,0.0,0.0
2026-02-11 11:45:00-05:00,0.7204999923706055,0.7204999923706055,0.7149999737739563,0.7149999737739563,44239,0.0,0.0
2026-02-11 11:50:00-05:00,0.7149999737739563,0.7156999707221985,0.7146999835968018,0.7153000235557556,23375,0.0,0.0
2026-02-11 11:55:00-05:00,0.7128000259399414,0.7149999737739563,0.7116000056266785,0.7124999761581421,15341,0.0,0.0
2026-02-11 12:00:00-05:00,0.7123000025749207,0.7146999835968018,0.7121999859809875,0.7146999835968018,62295,0.0,0.0
2026-02-11 12:05:00-05:00,0.713699996471405,0.7143999934196472,0.7124999761581421,0.7142000198364258,30434,0.0,0.0
2026-02-11 12:10:00-05:00,0.7142000198364258,0.7143999934196472,0.7128000259399414,0.7128000259399414,4868,0.0,0.0
2026-02-11 12:15:00-05:00,0.7129999995231628,0.7160999774932861,0.7129999995231628,0.7142999768257141,8026,0.0,0.0
2026-02-11 12:20:00-05:00,0.7139999866485596,0.7139999866485596,0.7127000093460083,0.7139000296592712,3151,0.0,0.0
2026-02-11 12:25:00-05:00,0.7139999866485596,0.718500018119812,0.7139999866485596,0.7170000076293945,13911,0.0,0.0
2026-02-11 12:30:00-05:00,0.7164999842643738,0.7177000045776367,0.7164999842643738,0.7167999744415283,3707,0.0,0.0
2026-02-11 12:35:00-05:00,0.7167999744415283,0.7167999744415283,0.7149999737739563,0.7160000205039978,6547,0.0,0.0
2026-02-11 12:40:00-05:00,0.7156999707221985,0.7166000008583069,0.714900016784668,0.7159000039100647,14213,0.0,0.0
2026-02-11 12:45:00-05:00,0.7160000205039978,0.7164000272750854,0.7121999859809875,0.7138000130653381,12819,0.0,0.0
2026-02-11 12:50:00-05:00,0.7121999859809875,0.7141000032424927,0.7121999859809875,0.7132999897003174,16821,0.0,0.0
2026-02-11 12:55:00-05:00,0.7124999761581421,0.7124999761581421,0.7110000252723694,0.7110000252723694,3626,0.0,0.0
2026-02-11 13:00:00-05:00,0.7110000252723694,0.7110999822616577,0.7059000134468079,0.7059000134468079,25512,0.0,0.0
2026-02-11 13:05:00-05:00,0.7081000208854675,0.7081000208854675,0.7031000256538391,0.7049999833106995,20492,0.0,0.0
2026-02-11 13:10:00-05:00,0.7049999833106995,0.7050999999046326,0.703000009059906,0.703000009059906,14257,0.0,0.0
2026-02-11 13:15:00-05:00,0.7031000256538391,0.7073000073432922,0.7013999819755554,0.7024999856948853,32074,0.0,0.0
2026-02-11 13:20:00-05:00,0.7013999819755554,0.7034000158309937,0.7013999819755554,0.7034000158309937,14594,0.0,0.0
2026-02-11 13:25:00-05:00,0.7031999826431274,0.7080000042915344,0.703000009059906,0.7055000066757202,595311,0.0,0.0
2026-02-11 13:30:00-05:00,0.7055000066757202,0.7084000110626221,0.7049999833106995,0.7067999839782715,0,0.0,0.0
2026-02-11 13:35:00-05:00,0.7067999839782715,0.707099974155426,0.7067000269889832,0.707099974155426,4502,0.0,0.0
2026-02-11 13:40:00-05:00,0.7078999876976013,0.7085000276565552,0.7067999839782715,0.7081000208854675,15520,0.0,0.0
2026-02-11 13:45:00-05:00,0.7081000208854675,0.7111999988555908,0.7081000208854675,0.7095999717712402,14931,0.0,0.0
2026-02-11 13:50:00-05:00,0.7095999717712402,0.7124000191688538,0.7087000012397766,0.7120000123977661,13987,0.0,0.0
2026-02-11 13:55:00-05:00,0.7113000154495239,0.7113000154495239,0.7099000215530396,0.7111999988555908,617473,0.0,0.0
2026-02-11 14:00:00-05:00,0.7111999988555908,0.7128000259399414,0.7110999822616577,0.7117000222206116,0,0.0,0.0
2026-02-11 14:05:00-05:00,0.7117000222206116,0.7138000130653381,0.7117000222206116,0.7121000289916992,16974,0.0,0.0
2026-02-11 14:10:00-05:00,0.7127000093460083,0.7128999829292297,0.710099995136261,0.710099995136261,57004,0.0,0.0
2026-02-11 14:15:00-05:00,0.710099995136261,0.7113000154495239,0.7092999815940857,0.7092999815940857,10540,0.0,0.0
2026-02-11 14:20:00-05:00,0.7092999815940857,0.7109000086784363,0.7089999914169312,0.7091000080108643,5902,0.0,0.0
2026-02-11 14:25:00-05:00,0.7091000080108643,0.7103000283241272,0.7091000080108643,0.7093999981880188,8321,0.0,0.0
2026-02-11 14:30:00-05:00,0.7092999815940857,0.7095000147819519,0.7081000208854675,0.7081000208854675,15810,0.0,0.0
2026-02-11 14:35:00-05:00,0.7091000080108643,0.713699996471405,0.7091000080108643,0.7110999822616577,11936,0.0,0.0
2026-02-11 14:40:00-05:00,0.7123000025749207,0.7185999751091003,0.7110999822616577,0.7157999873161316,5071,0.0,0.0
2026-02-11 14:45:00-05:00,0.7157999873161316,0.7184000015258789,0.7145000100135803,0.7184000015258789,9882,0.0,0.0
2026-02-11 14:50:00-05:00,0.7159000039100647,0.7182000279426575,0.7135000228881836,0.7135999798774719,15766,0.0,0.0
2026-02-11 14:55:00-05:00,0.7135999798774719,0.7146000266075134,0.7135000228881836,0.7135000228881836,25686,0.0,0.0
2026-02-11 15:00:00-05:00,0.713699996471405,0.713699996471405,0.7121000289916992,0.7127000093460083,11450,0.0,0.0
2026-02-11 15:05:00-05:00,0.7121999859809875,0.7131999731063843,0.7121999859809875,0.7131999731063843,6718,0.0,0.0
2026-02-11 15:10:00-05:00,0.7131999731063843,0.7193999886512756,0.713100016117096,0.7179999947547913,5501,0.0,0.0
2026-02-11 15:15:00-05:00,0.7164000272750854,0.7189000248908997,0.7161999940872192,0.7167999744415283,13022,0.0,0.0
2026-02-11 15:20:00-05:00,0.7166000008583069,0.7167999744415283,0.7164000272750854,0.7164999842643738,3311,0.0,0.0
2026-02-11 15:25:00-05:00,0.7164000272750854,0.7164999842643738,0.713699996471405,0.7142999768257141,6727,0.0,0.0
2026-02-11 15:30:00-05:00,0.7142999768257141,0.7142999768257141,0.7099999785423279,0.7099999785423279,7400,0.0,0.0
2026-02-11 15:35:00-05:00,0.7110000252723694,0.713699996471405,0.7110000252723694,0.713699996471405,7833,0.0,0.0
2026-02-11 15:40:00-05:00,0.713699996471405,0.7142000198364258,0.7116000056266785,0.7124000191688538,1861,0.0,0.0
2026-02-11 15:45:00-05:00,0.7114999890327454,0.7145000100135803,0.7102000117301941,0.711899995803833,7610,0.0,0.0
2026-02-11 15:50:00-05:00,0.711899995803833,0.7135999798774719,0.711899995803833,0.7129999995231628,32900,0.0,0.0
2026-02-11 15:55:00-05:00,0.7129999995231628,0.7163000106811523,0.7121999859809875,0.7143999934196472,45924,0.0,0.0
2026-02-12 09:30:00-05:00,0.722000002861023,0.7233999967575073,0.7163000106811523,0.7218000292778015,59865,0.0,0.0
2026-02-12 09:35:00-05:00,0.722599983215332,0.7249000072479248,0.7200999855995178,0.7224000096321106,36764,0.0,0.0
2026-02-12 09:40:00-05:00,0.7228000164031982,0.7249000072479248,0.7228000164031982,0.7249000072479248,29237,0.0,0.0
2026-02-12 09:45:00-05:00,0.7242000102996826,0.7247999906539917,0.7164000272750854,0.7164000272750854,18105,0.0,0.0
2026-02-12 09:50:00-05:00,0.7164000272750854,0.7246999740600586,0.7164000272750854,0.7246999740600586,19648,0.0,0.0
2026-02-12 09:55:00-05:00,0.7221999764442444,0.7247999906539917,0.7200999855995178,0.7225000262260437,3377,0.0,0.0
2026-02-12 10:00:00-05:00,0.7214999794960022,0.7247999906539917,0.7142999768257141,0.7142999768257141,13365,0.0,0.0
2026-02-12 10:05:00-05:00,0.7149999737739563,0.7153000235557556,0.7128999829292297,0.7129999995231628,60863,0.0,0.0
2026-02-12 10:10:00-05:00,0.7131999731063843,0.7148000001907349,0.7131999731063843,0.7148000001907349,0,0.0,0.0
2026-02-12 10:15:00-05:00,0.7148000001907349,0.7167999744415283,0.7148000001907349,0.7150999903678894,4121,0.0,0.0
2026-02-12 10:20:00-05:00,0.7150999903678894,0.7150999903678894,0.7128000259399414,0.7128999829292297,2221,0.0,0.0
2026-02-12 10:25:00-05:00,0.713100016117096,0.7141000032424927,0.713100016117096,0.7141000032424927,8267,0.0,0.0
2026-02-12 10:30:00-05:00,0.7175999879837036,0.7225000262260437,0.7167999744415283,0.7196000218391418,60492,0.0,0.0
2026-02-12 10:35:00-05:00,0.7197999954223633,0.7206000089645386,0.7185999751091003,0.7185999751091003,6057,0.0,0.0
2026-02-12 10:40:00-05:00,0.7167999744415283,0.717199981212616,0.7129999995231628,0.7171000242233276,37549,0.0,0.0
2026-02-12 10:45:00-05:00,0.7172999978065491,0.7193999886512756,0.7128999829292297,0.7139000296592712,13707,0.0,0.0
2026-02-12 10:50:00-05:00,0.7146000266075134,0.7156999707221985,0.7102000117301941,0.7102000117301941,2306,0.0,0.0
2026-02-12 10:55:00-05:00,0.7110999822616577,0.7131999731063843,0.7099000215530396,0.7099000215530396,13864,0.0,0.0
2026-02-12 11:00:00-05:00,0.7103999853134155,0.7103999853134155,0.705299973487854,0.705299973487854,13507,0.0,0.0
2026-02-12 11:05:00-05:00,0.7063999772071838,0.7085000276565552,0.7049999833106995,0.7056000232696533,14414,0.0,0.0
2026-02-12 11:10:00-05:00,0.7034000158309937,0.7052000164985657,0.7020999789237976,0.7031999826431274,5609,0.0,0.0
2026-02-12 11:15:00-05:00,0.7027000188827515,0.7027999758720398,0.7020999789237976,0.7020999789237976,188869,0.0,0.0
2026-02-12 11:20:00-05:00,0.7020999789237976,0.7020999789237976,0.699999988079071,0.699999988079071,0,0.0,0.0
2026-02-12 11:25:00-05:00,0.7005000114440918,0.7008000016212463,0.6965000033378601,0.6966000199317932,72395,0.0,0.0
2026-02-12 11:30:00-05:00,0.6955999732017517,0.6992999911308289,0.6955999732017517,0.6991999745368958,13846,0.0,0.0
2026-02-12 11:35:00-05:00,0.6987000107765198,0.7002000212669373,0.698199987411499,0.7002000212669373,3663,0.0,0.0
2026-02-12 11:40:00-05:00,0.7002999782562256,0.7002999782562256,0.7002000212669373,0.7002000212669373,7413,0.0,0.0
2026-02-12 11:45:00-05:00,0.7002999782562256,0.7003999948501587,0.6949999928474426,0.6952000260353088,53306,0.0,0.0
2026-02-12 11:50:00-05:00,0.6967999935150146,0.6977999806404114,0.6929000020027161,0.6969000101089478,15540,0.0,0.0
2026-02-12 11:55:00-05:00,0.7003999948501587,0.7003999948501587,0.6967999935150146,0.6967999935150146,8865,0.0,0.0
2026-02-12 12:00:00-05:00,0.6967999935150146,0.6967999935150146,0.6916999816894531,0.6929000020027161,17386,0.0,0.0
2026-02-12 12:05:00-05:00,0.6919999718666077,0.6937999725341797,0.6909000277519226,0.6933000087738037,95116,0.0,0.0
2026-02-12 12:10:00-05:00,0.6933000087738037,0.6933000087738037,0.6899999976158142,0.690500020980835,58517,0.0,0.0
2026-02-12 12:15:00-05:00,0.6906999945640564,0.6906999945640564,0.6899999976158142,0.6899999976158142,13174,0.0,0.0
2026-02-12 12:20:00-05:00,0.6899999976158142,0.6926000118255615,0.6899999976158142,0.6926000118255615,6851,0.0,0.0
2026-02-12 12:25:00-05:00,0.6919999718666077,0.6938999891281128,0.6912999749183655,0.6931999921798706,9513,0.0,0.0
2026-02-12 12:30:00-05:00,0.6934000253677368,0.6934000253677368,0.6926000118255615,0.6930999755859375,5369,0.0,0.0
2026-02-12 12:35:00-05:00,0.6930999755859375,0.6955999732017517,0.6930999755859375,0.6955999732017517,24025,0.0,0.0
2026-02-12 12:40:00-05:00,0.6955000162124634,0.696399986743927,0.6955000162124634,0.6963000297546387,21066,0.0,0.0
2026-02-12 12:45:00-05:00,0.6963000297546387,0.6972000002861023,0.6962000131607056,0.6965000033378601,4269,0.0,0.0
2026-02-12 12:50:00-05:00,0.6966999769210815,0.6969000101089478,0.6966000199317932,0.6967999935150146,4908,0.0,0.0
2026-02-12 12:55:00-05:00,0.6966000199317932,0.6966999769210815,0.6947000026702881,0.6947000026702881,11881,0.0,0.0
2026-02-12 13:00:00-05:00,0.6947000026702881,0.6952999830245972,0.6947000026702881,0.6951000094413757,49006,0.0,0.0
2026-02-12 13:05:00-05:00,0.6948000192642212,0.6972000002861023,0.6947000026702881,0.6955000162124634,39639,0.0,0.0
2026-02-12 13:10:00-05:00,0.6955000162124634,0.6959999799728394,0.6919999718666077,0.6919999718666077,14674,0.0,0.0
2026-02-12 13:15:00-05:00,0.6923999786376953,0.6930999755859375,0.6901000142097473,0.6919000148773193,5758,0.0,0.0
2026-02-12 13:20:00-05:00,0.692799985408783,0.6931999921798706,0.6912999749183655,0.6931999921798706,10919,0.0,0.0
2026-02-12 13:25:00-05:00,0.6930999755859375,0.6933000087738037,0.6923999786376953,0.6923999786376953,22198,0.0,0.0
2026-02-12 13:30:00-05:00,0.691100001335144,0.6967999935150146,0.691100001335144,0.6967999935150146,5638,0.0,0.0
2026-02-12 13:35:00-05:00,0.6966000199317932,0.6966000199317932,0.6966000199317932,0.6966000199317932,5075,0.0,0.0
2026-02-12 13:40:00-05:00,0.6951000094413757,0.6966000199317932,0.6951000094413757,0.6951000094413757,6160,0.0,0.0
2026-02-12 13:45:00-05:00,0.6951000094413757,0.6966000199317932,0.6951000094413757,0.6966000199317932,9644,0.0,0.0
2026-02-12 13:50:00-05:00,0.6966000199317932,0.6980000138282776,0.6966000199317932,0.6980000138282776,9172,0.0,0.0
2026-02-12 13:55:00-05:00,0.698199987411499,0.6992999911308289,0.694100022315979,0.6966999769210815,38541,0.0,0.0
2026-02-12 14:00:00-05:00,0.6970000267028809,0.6974999904632568,0.6959999799728394,0.6973999738693237,24770,0.0,0.0
2026-02-12 14:05:00-05:00,0.6974999904632568,0.6995000243186951,0.6974999904632568,0.699400007724762,49314,0.0,0.0
2026-02-12 14:10:00-05:00,0.699400007724762,0.699400007724762,0.697700023651123,0.698199987411499,5625,0.0,0.0
2026-02-12 14:15:00-05:00,0.698199987411499,0.6995999813079834,0.698199987411499,0.6995999813079834,7572,0.0,0.0
2026-02-12 14:20:00-05:00,0.6995999813079834,0.6996999979019165,0.699400007724762,0.699400007724762,2670,0.0,0.0
2026-02-12 14:25:00-05:00,0.699400007724762,0.699400007724762,0.6949999928474426,0.6951000094413757,499381,0.0,0.0
2026-02-12 14:30:00-05:00,0.6955999732017517,0.6963000297546387,0.6951000094413757,0.6963000297546387,0,0.0,0.0
2026-02-12 14:35:00-05:00,0.696399986743927,0.699999988079071,0.696399986743927,0.6972000002861023,5030,0.0,0.0
2026-02-12 14:40:00-05:00,0.6972000002861023,0.699400007724762,0.6972000002861023,0.6992999911308289,6314,0.0,0.0
2026-02-12 14:45:00-05:00,0.6992999911308289,0.6998000144958496,0.6983000040054321,0.6991000175476074,13835,0.0,0.0
2026-02-12 14:50:00-05:00,0.6998000144958496,0.6998999714851379,0.6991000175476074,0.6991000175476074,4911,0.0,0.0
2026-02-12 14:55:00-05:00,0.6991000175476074,0.6992999911308289,0.6970999836921692,0.6972000002861023,6520,0.0,0.0
2026-02-12 15:00:00-05:00,0.6972000002861023,0.6974999904632568,0.6972000002861023,0.6973000168800354,6796,0.0,0.0
2026-02-12 15:05:00-05:00,0.6973000168800354,0.6987000107765198,0.6973000168800354,0.6983000040054321,5016,0.0,0.0
2026-02-12 15:10:00-05:00,0.6983000040054321,0.6983000040054321,0.6980000138282776,0.6980999708175659,17192,0.0,0.0
2026-02-12 15:15:00-05:00,0.6980000138282776,0.6980999708175659,0.6970999836921692,0.6972000002861023,18663,0.0,0.0
2026-02-12 15:20:00-05:00,0.6973000168800354,0.6973999738693237,0.6970999836921692,0.6970999836921692,4307,0.0,0.0
2026-02-12 15:25:00-05:00,0.6970999836921692,0.6970999836921692,0.6951000094413757,0.6960999965667725,28056,0.0,0.0
2026-02-12 15:30:00-05:00,0.6960999965667725,0.6960999965667725,0.6949999928474426,0.6951000094413757,5611,0.0,0.0
2026-02-12 15:35:00-05:00,0.6951000094413757,0.6956999897956848,0.6949999928474426,0.6955000162124634,7993,0.0,0.0
2026-02-12 15:40:00-05:00,0.6956999897956848,0.6998999714851379,0.6956999897956848,0.6991000175476074,31977,0.0,0.0
2026-02-12 15:45:00-05:00,0.6991000175476074,0.6991999745368958,0.6959999799728394,0.6959999799728394,39033,0.0,0.0
2026-02-12 15:50:00-05:00,0.696399986743927,0.697700023651123,0.6952000260353088,0.6976000070571899,12016,0.0,0.0
2026-02-12 15:55:00-05:00,0.6974999904632568,0.699999988079071,0.6958000063896179,0.6998999714851379,39022,0.0,0.0
2026-02-13 09:30:00-05:00,0.7010999917984009,0.7289999723434448,0.7010999917984009,0.7285000085830688,80707,0.0,0.0
2026-02-13 09:35:00-05:00,0.7283999919891357,0.7343999743461609,0.7221999764442444,0.7221999764442444,28029,0.0,0.0
2026-02-13 09:40:00-05:00,0.7206000089645386,0.7300999760627747,0.7181000113487244,0.7300999760627747,30940,0.0,0.0
2026-02-13 09:45:00-05:00,0.7293000221252441,0.7384999990463257,0.7293000221252441,0.7372000217437744,31834,0.0,0.0
2026-02-13 09:50:00-05:00,0.7358999848365784,0.7358999848365784,0.7258999943733215,0.7258999943733215,20754,0.0,0.0
2026-02-13 09:55:00-05:00,0.7275000214576721,0.7361999750137329,0.7242000102996826,0.7242000102996826,33256,0.0,0.0
2026-02-13 10:00:00-05:00,0.7271000146865845,0.7303000092506409,0.7271000146865845,0.7300000190734863,26526,0.0,0.0
2026-02-13 10:05:00-05:00,0.7300000190734863,0.7300000190734863,0.7239999771118164,0.7268000245094299,64099,0.0,0.0
2026-02-13 10:10:00-05:00,0.7285000085830688,0.7346000075340271,0.7285000085830688,0.7315999865531921,6416,0.0,0.0
2026-02-13 10:15:00-05:00,0.7318999767303467,0.7339000105857849,0.7318999767303467,0.7339000105857849,7021,0.0,0.0
2026-02-13 10:20:00-05:00,0.7328000068664551,0.7354999780654907,0.732200026512146,0.734499990940094,8910,0.0,0.0
2026-02-13 10:25:00-05:00,0.7353000044822693,0.7361999750137329,0.7353000044822693,0.7353000044822693,12321,0.0,0.0
2026-02-13 10:30:00-05:00,0.7358999848365784,0.7505999803543091,0.7358999848365784,0.7501000165939331,91425,0.0,0.0
2026-02-13 10:35:00-05:00,0.7497000098228455,0.7498999834060669,0.7479000091552734,0.7487999796867371,45706,0.0,0.0
2026-02-13 10:40:00-05:00,0.7450000047683716,0.7451000213623047,0.7422999739646912,0.7422999739646912,176809,0.0,0.0
2026-02-13 10:45:00-05:00,0.7418000102043152,0.7426000237464905,0.7351999878883362,0.7372000217437744,21973,0.0,0.0
2026-02-13 10:50:00-05:00,0.7384999990463257,0.7458000183105469,0.7384999990463257,0.7458000183105469,0,0.0,0.0
2026-02-13 10:55:00-05:00,0.7458000183105469,0.7490000128746033,0.7436000108718872,0.7443000078201294,25295,0.0,0.0
2026-02-13 11:00:00-05:00,0.7479000091552734,0.7484999895095825,0.7443000078201294,0.746399998664856,10919,0.0,0.0
2026-02-13 11:05:00-05:00,0.7465999722480774,0.7490000128746033,0.7462999820709229,0.7480000257492065,41434,0.0,0.0
2026-02-13 11:10:00-05:00,0.7470999956130981,0.7476000189781189,0.7401999831199646,0.744700014591217,8946,0.0,0.0
2026-02-13 11:15:00-05:00,0.7458000183105469,0.7527999877929688,0.7458000183105469,0.7506999969482422,41121,0.0,0.0
2026-02-13 11:20:00-05:00,0.7520999908447266,0.7520999908447266,0.7445999979972839,0.7470999956130981,6737,0.0,0.0
2026-02-13 11:25:00-05:00,0.7473999857902527,0.7502999901771545,0.7473999857902527,0.7488999962806702,11966,0.0,0.0
2026-02-13 11:30:00-05:00,0.7490000128746033,0.75,0.7475000023841858,0.7498000264167786,5015,0.0,0.0
2026-02-13 11:35:00-05:00,0.7486000061035156,0.7519999742507935,0.7486000061035156,0.7519999742507935,28109,0.0,0.0
2026-02-13 11:40:00-05:00,0.7508999705314636,0.7531999945640564,0.7505000233650208,0.7531999945640564,262194,0.0,0.0
2026-02-13 11:45:00-05:00,0.7534000277519226,0.7538999915122986,0.7534000277519226,0.7534000277519226,0,0.0,0.0
2026-02-13 11:50:00-05:00,0.7537000179290771,0.7537000179290771,0.75,0.7501000165939331,274346,0.0,0.0
2026-02-13 11:55:00-05:00,0.7501000165939331,0.7508000135421753,0.7491999864578247,0.7491999864578247,0,0.0,0.0
2026-02-13 12:00:00-05:00,0.7491999864578247,0.7493000030517578,0.7488999962806702,0.7493000030517578,7886,0.0,0.0
2026-02-13 12:05:00-05:00,0.7508999705314636,0.7508999705314636,0.7495999932289124,0.7495999932289124,10489,0.0,0.0
2026-02-13 12:10:00-05:00,0.7495999932289124,0.7497000098228455,0.7495999932289124,0.7495999932289124,8869,0.0,0.0
2026-02-13 12:15:00-05:00,0.7495999932289124,0.7497000098228455,0.7495999932289124,0.7497000098228455,36789,0.0,0.0
2026-02-13 12:20:00-05:00,0.7497000098228455,0.7513999938964844,0.7497000098228455,0.7512999773025513,17194,0.0,0.0
2026-02-13 12:25:00-05:00,0.7512000203132629,0.7512000203132629,0.7497000098228455,0.7497000098228455,3099,0.0,0.0
2026-02-13 12:30:00-05:00,0.7497000098228455,0.7498000264167786,0.7495999932289124,0.7495999932289124,37733,0.0,0.0
2026-02-13 12:35:00-05:00,0.7495999932289124,0.7497000098228455,0.7447999715805054,0.748199999332428,25629,0.0,0.0
2026-02-13 12:40:00-05:00,0.7484999895095825,0.7498999834060669,0.7484999895095825,0.7498999834060669,2005,0.0,0.0
2026-02-13 12:45:00-05:00,0.7498999834060669,0.75,0.7493000030517578,0.7493000030517578,12546,0.0,0.0
2026-02-13 12:50:00-05:00,0.7488999962806702,0.7498999834060669,0.7466999888420105,0.7466999888420105,5921,0.0,0.0
2026-02-13 12:55:00-05:00,0.7473999857902527,0.7473999857902527,0.7423999905586243,0.7423999905586243,15483,0.0,0.0
2026-02-13 13:00:00-05:00,0.7437999844551086,0.7439000010490417,0.7429999709129333,0.7434999942779541,7245,0.0,0.0
2026-02-13 13:05:00-05:00,0.7430999875068665,0.7458999752998352,0.7430999875068665,0.7458999752998352,9686,0.0,0.0
2026-02-13 13:10:00-05:00,0.7447999715805054,0.746399998664856,0.7447999715805054,0.7458999752998352,5467,0.0,0.0
2026-02-13 13:15:00-05:00,0.7462000250816345,0.7465000152587891,0.7462000250816345,0.7465000152587891,9231,0.0,0.0
2026-02-13 13:20:00-05:00,0.7468000054359436,0.7487999796867371,0.7468000054359436,0.7484999895095825,10775,0.0,0.0
2026-02-13 13:25:00-05:00,0.75,0.75,0.7470999956130981,0.7494999766349792,12131,0.0,0.0
2026-02-13 13:30:00-05:00,0.7490000128746033,0.7493000030517578,0.7490000128746033,0.7493000030517578,2670,0.0,0.0
2026-02-13 13:35:00-05:00,0.7491999864578247,0.7493000030517578,0.7490000128746033,0.7491999864578247,658,0.0,0.0
2026-02-13 13:40:00-05:00,0.7490000128746033,0.7494000196456909,0.7462000250816345,0.7462000250816345,19409,0.0,0.0
2026-02-13 13:45:00-05:00,0.7462000250816345,0.75,0.7454000115394592,0.75,123848,0.0,0.0
2026-02-13 13:50:00-05:00,0.7495999932289124,0.7519999742507935,0.7495999932289124,0.751800000667572,119040,0.0,0.0
2026-02-13 13:55:00-05:00,0.751800000667572,0.7519000172615051,0.7515000104904175,0.751800000667572,33690,0.0,0.0
2026-02-13 14:00:00-05:00,0.751800000667572,0.7519000172615051,0.7508000135421753,0.7519000172615051,24103,0.0,0.0
2026-02-13 14:05:00-05:00,0.751800000667572,0.7523999810218811,0.751800000667572,0.7523999810218811,13447,0.0,0.0
2026-02-13 14:10:00-05:00,0.7526999711990356,0.7529000043869019,0.7526999711990356,0.7529000043869019,3295,0.0,0.0
2026-02-13 14:15:00-05:00,0.7527999877929688,0.7529000043869019,0.7527999877929688,0.7527999877929688,2244,0.0,0.0
2026-02-13 14:20:00-05:00,0.7527999877929688,0.7541000247001648,0.7527999877929688,0.7541000247001648,10326,0.0,0.0
2026-02-13 14:25:00-05:00,0.7538999915122986,0.7544000148773193,0.7534000277519226,0.7534000277519226,17360,0.0,0.0
2026-02-13 14:30:00-05:00,0.7527999877929688,0.7540000081062317,0.7527999877929688,0.7540000081062317,15414,0.0,0.0
2026-02-13 14:35:00-05:00,0.7541999816894531,0.7549999952316284,0.7541999816894531,0.7549999952316284,4651,0.0,0.0
2026-02-13 14:40:00-05:00,0.7547000050544739,0.7548999786376953,0.7544999718666077,0.754800021648407,12193,0.0,0.0
2026-02-13 14:45:00-05:00,0.7547000050544739,0.7548999786376953,0.7544999718666077,0.7545999884605408,5204,0.0,0.0
2026-02-13 14:50:00-05:00,0.7547000050544739,0.754800021648407,0.7516000270843506,0.754800021648407,7110,0.0,0.0
2026-02-13 14:55:00-05:00,0.7547000050544739,0.7552000284194946,0.753000020980835,0.7541999816894531,10607,0.0,0.0
2026-02-13 15:00:00-05:00,0.7529000043869019,0.7538999915122986,0.7522000074386597,0.7531999945640564,9877,0.0,0.0
2026-02-13 15:05:00-05:00,0.7523999810218811,0.7544999718666077,0.7523999810218811,0.7541999816894531,10177,0.0,0.0
2026-02-13 15:10:00-05:00,0.7541000247001648,0.7541000247001648,0.753000020980835,0.753600001335144,4480,0.0,0.0
2026-02-13 15:15:00-05:00,0.7540000081062317,0.7544999718666077,0.7524999976158142,0.7541999816894531,21292,0.0,0.0
2026-02-13 15:20:00-05:00,0.7542999982833862,0.7544999718666077,0.7473999857902527,0.7484999895095825,599981,0.0,0.0
2026-02-13 15:25:00-05:00,0.748199999332428,0.7497000098228455,0.7473999857902527,0.7497000098228455,0,0.0,0.0
2026-02-13 15:30:00-05:00,0.7473000288009644,0.7494999766349792,0.7465999722480774,0.7494000196456909,9124,0.0,0.0
2026-02-13 15:35:00-05:00,0.7480999827384949,0.7491999864578247,0.7459999918937683,0.746399998664856,12875,0.0,0.0
2026-02-13 15:40:00-05:00,0.7462999820709229,0.7554000020027161,0.7462999820709229,0.7523000240325928,18324,0.0,0.0
2026-02-13 15:45:00-05:00,0.7523000240325928,0.7544999718666077,0.7509999871253967,0.7512000203132629,4612,0.0,0.0
2026-02-13 15:50:00-05:00,0.7519999742507935,0.7537999749183655,0.7501000165939331,0.7519999742507935,18521,0.0,0.0
2026-02-13 15:55:00-05:00,0.7526000142097473,0.753000020980835,0.75,0.7522000074386597,62911,0.0,0.0
2026-02-17 09:30:00-05:00,0.7591000199317932,0.7799999713897705,0.7537999749183655,0.7584999799728394,254114,0.0,0.0
2026-02-17 09:35:00-05:00,0.7612000107765198,0.7749999761581421,0.7585999965667725,0.7644000053405762,64941,0.0,0.0
2026-02-17 09:40:00-05:00,0.7677000164985657,0.7699999809265137,0.7558000087738037,0.7558000087738037,8655,0.0,0.0
2026-02-17 09:45:00-05:00,0.754800021648407,0.7549999952316284,0.7537999749183655,0.7545999884605408,17191,0.0,0.0
2026-02-17 09:50:00-05:00,0.7547000050544739,0.7547000050544739,0.751800000667572,0.7530999779701233,25452,0.0,0.0
2026-02-17 09:55:00-05:00,0.7533000111579895,0.7533000111579895,0.7516999840736389,0.7516999840736389,18710,0.0,0.0
2026-02-17 10:00:00-05:00,0.7512000203132629,0.7547000050544739,0.7501000165939331,0.7544999718666077,19167,0.0,0.0
2026-02-17 10:05:00-05:00,0.7547000050544739,0.7547000050544739,0.75,0.7501000165939331,7626,0.0,0.0
2026-02-17 10:10:00-05:00,0.7501000165939331,0.7519000172615051,0.75,0.7501000165939331,112377,0.0,0.0
2026-02-17 10:15:00-05:00,0.7501999735832214,0.7598999738693237,0.7457000017166138,0.758400022983551,79304,0.0,0.0
2026-02-17 10:20:00-05:00,0.758400022983551,0.7599999904632568,0.7537999749183655,0.7537999749183655,7534,0.0,0.0
2026-02-17 10:25:00-05:00,0.7537999749183655,0.7583000063896179,0.7487000226974487,0.7512999773025513,15909,0.0,0.0
2026-02-17 10:30:00-05:00,0.7512999773025513,0.7529000043869019,0.7512999773025513,0.7524999976158142,11917,0.0,0.0
2026-02-17 10:35:00-05:00,0.7526000142097473,0.7562000155448914,0.7526000142097473,0.7540000081062317,3997,0.0,0.0
2026-02-17 10:40:00-05:00,0.7537999749183655,0.7542999982833862,0.7537999749183655,0.7541000247001648,1395,0.0,0.0
2026-02-17 10:45:00-05:00,0.7551000118255615,0.76419997215271,0.7548999786376953,0.76419997215271,57134,0.0,0.0
2026-02-17 10:50:00-05:00,0.7617999911308289,0.7617999911308289,0.7591000199317932,0.7603999972343445,2464,0.0,0.0
2026-02-17 10:55:00-05:00,0.7609999775886536,0.7609999775886536,0.7591000199317932,0.7597000002861023,13238,0.0,0.0
2026-02-17 11:00:00-05:00,0.7598000168800354,0.7609000205993652,0.7512000203132629,0.7601000070571899,147887,0.0,0.0
2026-02-17 11:05:00-05:00,0.7603999972343445,0.7663999795913696,0.7603999972343445,0.7663999795913696,17434,0.0,0.0
2026-02-17 11:10:00-05:00,0.7644000053405762,0.7735999822616577,0.7644000053405762,0.766700029373169,54032,0.0,0.0
2026-02-17 11:15:00-05:00,0.7692999839782715,0.771399974822998,0.7688000202178955,0.7709000110626221,18916,0.0,0.0
2026-02-17 11:20:00-05:00,0.7702000141143799,0.7710000276565552,0.7666000127792358,0.7680000066757202,23489,0.0,0.0
2026-02-17 11:25:00-05:00,0.7670000195503235,0.7688999772071838,0.7670000195503235,0.7677000164985657,8883,0.0,0.0
2026-02-17 11:30:00-05:00,0.7684000134468079,0.7692999839782715,0.767300009727478,0.7677000164985657,32103,0.0,0.0
2026-02-17 11:35:00-05:00,0.7674999833106995,0.7692999839782715,0.7667999863624573,0.7681000232696533,31705,0.0,0.0
2026-02-17 11:40:00-05:00,0.7681000232696533,0.7688999772071838,0.7669000029563904,0.7685999870300293,4860,0.0,0.0
2026-02-17 11:45:00-05:00,0.7684999704360962,0.76910001039505,0.7669000029563904,0.7670000195503235,25611,0.0,0.0
2026-02-17 11:50:00-05:00,0.7670000195503235,0.7678999900817871,0.7664999961853027,0.7667999863624573,10685,0.0,0.0
2026-02-17 11:55:00-05:00,0.7675999999046326,0.7684000134468079,0.7653999924659729,0.7671999931335449,15246,0.0,0.0
2026-02-17 12:00:00-05:00,0.7681999802589417,0.7682999968528748,0.7680000066757202,0.7681999802589417,13868,0.0,0.0
2026-02-17 12:05:00-05:00,0.7681999802589417,0.7689999938011169,0.7675999999046326,0.767799973487854,9408,0.0,0.0
2026-02-17 12:10:00-05:00,0.7678999900817871,0.7681999802589417,0.7652000188827515,0.7666000127792358,14890,0.0,0.0
2026-02-17 12:15:00-05:00,0.7653999924659729,0.7662000060081482,0.7644000053405762,0.765999972820282,19712,0.0,0.0
2026-02-17 12:20:00-05:00,0.7656000256538391,0.7656000256538391,0.7603999972343445,0.7626000046730042,7295,0.0,0.0
2026-02-17 12:25:00-05:00,0.7633000016212463,0.7641000151634216,0.7623000144958496,0.7641000151634216,10027,0.0,0.0
2026-02-17 12:30:00-05:00,0.7641000151634216,0.7642999887466431,0.763700008392334,0.763700008392334,3525,0.0,0.0
2026-02-17 12:35:00-05:00,0.7633000016212463,0.7652000188827515,0.7633000016212463,0.7652000188827515,9449,0.0,0.0
2026-02-17 12:40:00-05:00,0.7660999894142151,0.7662000060081482,0.7623000144958496,0.7631999850273132,49529,0.0,0.0
2026-02-17 12:45:00-05:00,0.7613999843597412,0.7617999911308289,0.7599999904632568,0.7615000009536743,22260,0.0,0.0
2026-02-17 12:50:00-05:00,0.7621999979019165,0.7639999985694885,0.7621999979019165,0.7623999714851379,9851,0.0,0.0
2026-02-17 12:55:00-05:00,0.7612000107765198,0.7631999850273132,0.7610999941825867,0.7626000046730042,21652,0.0,0.0
2026-02-17 13:00:00-05:00,0.762499988079071,0.762499988079071,0.760200023651123,0.7615000009536743,0,0.0,0.0
2026-02-17 13:05:00-05:00,0.7620999813079834,0.7626000046730042,0.760200023651123,0.7609000205993652,17294,0.0,0.0
2026-02-17 13:10:00-05:00,0.7613999843597412,0.7613999843597412,0.7592999935150146,0.7595999836921692,0,0.0,0.0
2026-02-17 13:15:00-05:00,0.7595999836921692,0.7595999836921692,0.7592999935150146,0.7594000101089478,9707,0.0,0.0
2026-02-17 13:20:00-05:00,0.7594000101089478,0.7680000066757202,0.7594000101089478,0.765999972820282,29042,0.0,0.0
2026-02-17 13:25:00-05:00,0.7667999863624573,0.7669000029563904,0.7667999863624573,0.7669000029563904,1334,0.0,0.0
2026-02-17 13:30:00-05:00,0.7662000060081482,0.7663999795913696,0.7652999758720398,0.7663000226020813,15891,0.0,0.0
2026-02-17 13:35:00-05:00,0.765999972820282,0.7681000232696533,0.765999972820282,0.7674999833106995,25026,0.0,0.0
2026-02-17 13:40:00-05:00,0.7680000066757202,0.7684999704360962,0.7674999833106995,0.7675999999046326,52395,0.0,0.0
2026-02-17 13:45:00-05:00,0.7675999999046326,0.7685999870300293,0.765999972820282,0.7684999704360962,39796,0.0,0.0
2026-02-17 13:50:00-05:00,0.7685999870300293,0.7749999761581421,0.7667999863624573,0.7730000019073486,58895,0.0,0.0
2026-02-17 13:55:00-05:00,0.7730000019073486,0.7746999859809875,0.7728999853134155,0.7746000289916992,48931,0.0,0.0
2026-02-17 14:00:00-05:00,0.7746999859809875,0.7746999859809875,0.7741000056266785,0.7742000222206116,20428,0.0,0.0
2026-02-17 14:05:00-05:00,0.7741000056266785,0.7746999859809875,0.7741000056266785,0.7742999792098999,14776,0.0,0.0
2026-02-17 14:10:00-05:00,0.7742999792098999,0.7742999792098999,0.7739999890327454,0.7739999890327454,3262,0.0,0.0
2026-02-17 14:15:00-05:00,0.7739999890327454,0.7742999792098999,0.7739999890327454,0.7742000222206116,30100,0.0,0.0
2026-02-17 14:20:00-05:00,0.7742999792098999,0.7746999859809875,0.7742000222206116,0.7746999859809875,17415,0.0,0.0
2026-02-17 14:25:00-05:00,0.7746000289916992,0.7746000289916992,0.7739999890327454,0.7739999890327454,2159,0.0,0.0
2026-02-17 14:30:00-05:00,0.7739999890327454,0.7741000056266785,0.7739999890327454,0.7739999890327454,9944,0.0,0.0
2026-02-17 14:35:00-05:00,0.7741000056266785,0.7741000056266785,0.7739999890327454,0.7739999890327454,3375,0.0,0.0
2026-02-17 14:40:00-05:00,0.7741000056266785,0.7799999713897705,0.7739999890327454,0.7799000144004822,56470,0.0,0.0
2026-02-17 14:45:00-05:00,0.7799000144004822,0.7799000144004822,0.7797999978065491,0.7799000144004822,12343,0.0,0.0
2026-02-17 14:50:00-05:00,0.7799000144004822,0.7799000144004822,0.7766000032424927,0.777899980545044,15753,0.0,0.0
2026-02-17 14:55:00-05:00,0.777899980545044,0.779699981212616,0.777899980545044,0.779699981212616,11800,0.0,0.0
2026-02-17 15:00:00-05:00,0.7789000272750854,0.7795000076293945,0.7773000001907349,0.7773000001907349,29562,0.0,0.0
2026-02-17 15:05:00-05:00,0.7781000137329102,0.7795000076293945,0.7781000137329102,0.7782999873161316,13374,0.0,0.0
2026-02-17 15:10:00-05:00,0.7782999873161316,0.7785999774932861,0.75,0.7664999961853027,121059,0.0,0.0
2026-02-17 15:15:00-05:00,0.7631999850273132,0.770799994468689,0.7631999850273132,0.7702000141143799,10940,0.0,0.0
2026-02-17 15:20:00-05:00,0.7699000239372253,0.7699000239372253,0.7678999900817871,0.7678999900817871,4201,0.0,0.0
2026-02-17 15:25:00-05:00,0.7680000066757202,0.7688999772071838,0.7680000066757202,0.7680000066757202,4653,0.0,0.0
2026-02-17 15:30:00-05:00,0.7684000134468079,0.7684000134468079,0.7678999900817871,0.7678999900817871,5739,0.0,0.0
2026-02-17 15:35:00-05:00,0.7678999900817871,0.7680000066757202,0.7598000168800354,0.760699987411499,10247,0.0,0.0
2026-02-17 15:40:00-05:00,0.7608000040054321,0.762499988079071,0.7605999708175659,0.7616000175476074,11072,0.0,0.0
2026-02-17 15:45:00-05:00,0.7616000175476074,0.7627999782562256,0.7616000175476074,0.7623999714851379,11489,0.0,0.0
2026-02-17 15:50:00-05:00,0.7623999714851379,0.762499988079071,0.756600022315979,0.7580000162124634,66100,0.0,0.0
2026-02-17 15:55:00-05:00,0.7572000026702881,0.7617999911308289,0.7526000142097473,0.7601000070571899,103440,0.0,0.0
2026-02-18 09:30:00-05:00,0.7552000284194946,0.7699999809265137,0.75,0.7699999809265137,57948,0.0,0.0
2026-02-18 09:35:00-05:00,0.7674999833106995,0.7674999833106995,0.7501999735832214,0.7501999735832214,22264,0.0,0.0
2026-02-18 09:40:00-05:00,0.760200023651123,0.7678999900817871,0.7577999830245972,0.7678999900817871,2852,0.0,0.0
2026-02-18 09:45:00-05:00,0.7678999900817871,0.7678999900817871,0.7638999819755554,0.7641000151634216,2850,0.0,0.0
2026-02-18 09:50:00-05:00,0.7645000219345093,0.7753999829292297,0.7645000219345093,0.7753999829292297,21375,0.0,0.0
2026-02-18 09:55:00-05:00,0.7753000259399414,0.7872999906539917,0.7753000259399414,0.7871999740600586,101123,0.0,0.0
2026-02-18 10:00:00-05:00,0.7871999740600586,0.7961999773979187,0.7854999899864197,0.7944999933242798,92237,0.0,0.0
2026-02-18 10:05:00-05:00,0.7958999872207642,0.800000011920929,0.7947999835014343,0.79830002784729,43062,0.0,0.0
2026-02-18 10:10:00-05:00,0.7961999773979187,0.8095999956130981,0.7960000038146973,0.8091999888420105,354896,0.0,0.0
2026-02-18 10:15:00-05:00,0.8095999956130981,0.8148999810218811,0.8083999752998352,0.8144999742507935,178396,0.0,0.0
2026-02-18 10:20:00-05:00,0.8151000142097473,0.8199999928474426,0.8101000189781189,0.8116000294685364,87215,0.0,0.0
2026-02-18 10:25:00-05:00,0.8148999810218811,0.8197000026702881,0.8125,0.817300021648407,39120,0.0,0.0
2026-02-18 10:30:00-05:00,0.8151000142097473,0.8159999847412109,0.800000011920929,0.8033999800682068,40573,0.0,0.0
2026-02-18 10:35:00-05:00,0.8057000041007996,0.8083000183105469,0.8041999936103821,0.8065000176429749,6077,0.0,0.0
2026-02-18 10:40:00-05:00,0.8065000176429749,0.8082000017166138,0.8065000176429749,0.8076000213623047,3784,0.0,0.0
2026-02-18 10:45:00-05:00,0.8055999875068665,0.8055999875068665,0.7994999885559082,0.7996000051498413,9020,0.0,0.0
2026-02-18 10:50:00-05:00,0.8008999824523926,0.8008999824523926,0.7949000000953674,0.8008000254631042,39991,0.0,0.0
2026-02-18 10:55:00-05:00,0.8008000254631042,0.8008000254631042,0.7972000241279602,0.8004000186920166,20977,0.0,0.0
2026-02-18 11:00:00-05:00,0.8001999855041504,0.8001999855041504,0.7967000007629395,0.7967000007629395,2977,0.0,0.0
2026-02-18 11:05:00-05:00,0.7978000044822693,0.8008000254631042,0.7972999811172485,0.7998999953269958,28408,0.0,0.0
2026-02-18 11:10:00-05:00,0.800000011920929,0.8027999997138977,0.7972999811172485,0.8014000058174133,24838,0.0,0.0
2026-02-18 11:15:00-05:00,0.8016999959945679,0.8057000041007996,0.8007000088691711,0.8057000041007996,24241,0.0,0.0
2026-02-18 11:20:00-05:00,0.8051000237464905,0.8064000010490417,0.7943000197410583,0.7975999712944031,21296,0.0,0.0
2026-02-18 11:25:00-05:00,0.7975999712944031,0.800000011920929,0.7975999712944031,0.7982000112533569,18754,0.0,0.0
2026-02-18 11:30:00-05:00,0.7998999953269958,0.7998999953269958,0.7924000024795532,0.7953000068664551,36315,0.0,0.0
2026-02-18 11:35:00-05:00,0.7950000166893005,0.7954000234603882,0.7939000129699707,0.7939000129699707,6373,0.0,0.0
2026-02-18 11:40:00-05:00,0.7942000031471252,0.7942000031471252,0.7922999858856201,0.7932999730110168,5755,0.0,0.0
2026-02-18 11:45:00-05:00,0.79339998960495,0.7950000166893005,0.7932999730110168,0.7950000166893005,3619,0.0,0.0
2026-02-18 11:50:00-05:00,0.795199990272522,0.7961000204086304,0.7929999828338623,0.7929999828338623,9262,0.0,0.0
2026-02-18 11:55:00-05:00,0.7940999865531921,0.7979000210762024,0.7940999865531921,0.7967000007629395,2867,0.0,0.0
2026-02-18 12:00:00-05:00,0.7950000166893005,0.7950000166893005,0.7936000227928162,0.7937999963760376,2243,0.0,0.0
2026-02-18 12:05:00-05:00,0.7968000173568726,0.7986000180244446,0.7962999939918518,0.7973999977111816,5565,0.0,0.0
2026-02-18 12:10:00-05:00,0.7972000241279602,0.7991999983787537,0.7943999767303467,0.7943999767303467,8108,0.0,0.0
2026-02-18 12:15:00-05:00,0.7929999828338623,0.7929999828338623,0.7810999751091003,0.7836999893188477,24844,0.0,0.0
2026-02-18 12:20:00-05:00,0.7811999917030334,0.7821000218391418,0.7764999866485596,0.7792999744415283,8675,0.0,0.0
2026-02-18 12:25:00-05:00,0.7792999744415283,0.7792999744415283,0.7721999883651733,0.7767000198364258,18435,0.0,0.0
2026-02-18 12:30:00-05:00,0.7759000062942505,0.7778000235557556,0.7742000222206116,0.7760000228881836,33539,0.0,0.0
2026-02-18 12:35:00-05:00,0.7773000001907349,0.7791000008583069,0.7734000086784363,0.7749000191688538,20099,0.0,0.0
2026-02-18 12:40:00-05:00,0.7760999798774719,0.7817999720573425,0.7736999988555908,0.7759000062942505,13559,0.0,0.0
2026-02-18 12:45:00-05:00,0.7775999903678894,0.7850000262260437,0.7742999792098999,0.7788000106811523,362040,0.0,0.0
2026-02-18 12:50:00-05:00,0.7788000106811523,0.7818999886512756,0.7760999798774719,0.777999997138977,0,0.0,0.0
2026-02-18 12:55:00-05:00,0.777899980545044,0.7795000076293945,0.7763000130653381,0.7775999903678894,8268,0.0,0.0
2026-02-18 13:00:00-05:00,0.7775999903678894,0.777899980545044,0.7760000228881836,0.7760999798774719,19465,0.0,0.0
2026-02-18 13:05:00-05:00,0.7760999798774719,0.7773000001907349,0.770799994468689,0.7723000049591064,24073,0.0,0.0
2026-02-18 13:10:00-05:00,0.7731999754905701,0.7735000252723694,0.7702999711036682,0.7706000208854675,18802,0.0,0.0
2026-02-18 13:15:00-05:00,0.7714999914169312,0.7718999981880188,0.7702000141143799,0.7702000141143799,12067,0.0,0.0
2026-02-18 13:20:00-05:00,0.7702000141143799,0.7702000141143799,0.7601000070571899,0.7601000070571899,54126,0.0,0.0
2026-02-18 13:25:00-05:00,0.7631999850273132,0.7645999789237976,0.760200023651123,0.7645999789237976,16196,0.0,0.0
2026-02-18 13:30:00-05:00,0.7634000182151794,0.7642999887466431,0.7605999708175659,0.7642999887466431,12094,0.0,0.0
2026-02-18 13:35:00-05:00,0.7628999948501587,0.7638000249862671,0.7609000205993652,0.7613000273704529,14897,0.0,0.0
2026-02-18 13:40:00-05:00,0.7610999941825867,0.7610999941825867,0.7599999904632568,0.7603999972343445,6812,0.0,0.0
2026-02-18 13:45:00-05:00,0.7605000138282776,0.7605999708175659,0.7601000070571899,0.7605000138282776,29988,0.0,0.0
2026-02-18 13:50:00-05:00,0.7605000138282776,0.7698000073432922,0.7605000138282776,0.7698000073432922,43798,0.0,0.0
2026-02-18 13:55:00-05:00,0.7621999979019165,0.7663999795913696,0.7605999708175659,0.7627000212669373,9017,0.0,0.0
2026-02-18 14:00:00-05:00,0.762499988079071,0.7634000182151794,0.7601000070571899,0.7609000205993652,70316,0.0,0.0
2026-02-18 14:05:00-05:00,0.760699987411499,0.7613999843597412,0.756600022315979,0.7592999935150146,23379,0.0,0.0
2026-02-18 14:10:00-05:00,0.7577000260353088,0.7608000040054321,0.7551000118255615,0.758899986743927,4507,0.0,0.0
2026-02-18 14:15:00-05:00,0.758400022983551,0.7591000199317932,0.7558000087738037,0.7569000124931335,7966,0.0,0.0
2026-02-18 14:20:00-05:00,0.7569000124931335,0.7581999897956848,0.7551000118255615,0.7580000162124634,34424,0.0,0.0
2026-02-18 14:25:00-05:00,0.7577000260353088,0.7577000260353088,0.7551000118255615,0.755299985408783,15294,0.0,0.0
2026-02-18 14:30:00-05:00,0.7551000118255615,0.7551000118255615,0.7506999969482422,0.7538999915122986,11212,0.0,0.0
2026-02-18 14:35:00-05:00,0.7519000172615051,0.7544999718666077,0.751800000667572,0.7519000172615051,11699,0.0,0.0
2026-02-18 14:40:00-05:00,0.7522000074386597,0.7522000074386597,0.75,0.7501000165939331,57700,0.0,0.0
2026-02-18 14:45:00-05:00,0.75,0.7513999938964844,0.75,0.7512000203132629,25876,0.0,0.0
2026-02-18 14:50:00-05:00,0.7526000142097473,0.7526000142097473,0.7501000165939331,0.7501000165939331,55287,0.0,0.0
2026-02-18 14:55:00-05:00,0.7501000165939331,0.7501000165939331,0.7401999831199646,0.743399977684021,46719,0.0,0.0
2026-02-18 15:00:00-05:00,0.7434999942779541,0.7469000220298767,0.7434999942779541,0.7462000250816345,14415,0.0,0.0
2026-02-18 15:05:00-05:00,0.7462000250816345,0.7470999956130981,0.745199978351593,0.7457000017166138,13450,0.0,0.0
2026-02-18 15:10:00-05:00,0.7473999857902527,0.7479000091552734,0.7450000047683716,0.7472000122070312,26005,0.0,0.0
2026-02-18 15:15:00-05:00,0.7473999857902527,0.7524999976158142,0.746399998664856,0.75,621420,0.0,0.0
2026-02-18 15:20:00-05:00,0.75,0.75,0.7411999702453613,0.7443000078201294,0,0.0,0.0
2026-02-18 15:25:00-05:00,0.7445999979972839,0.7491999864578247,0.7445999979972839,0.7459999918937683,28780,0.0,0.0
2026-02-18 15:30:00-05:00,0.7447999715805054,0.7555999755859375,0.7426000237464905,0.7476000189781189,11982,0.0,0.0
2026-02-18 15:35:00-05:00,0.7501999735832214,0.7522000074386597,0.743399977684021,0.7501000165939331,14057,0.0,0.0
2026-02-18 15:40:00-05:00,0.7505999803543091,0.7513999938964844,0.7465000152587891,0.7491999864578247,53113,0.0,0.0
2026-02-18 15:45:00-05:00,0.7490000128746033,0.7587000131607056,0.7490000128746033,0.7587000131607056,46303,0.0,0.0
2026-02-18 15:50:00-05:00,0.756600022315979,0.7609000205993652,0.7562999725341797,0.7609000205993652,81335,0.0,0.0
2026-02-18 15:55:00-05:00,0.7605000138282776,0.7687000036239624,0.7590000033378601,0.7687000036239624,899279,0.0,0.0
2026-02-19 09:30:00-05:00,0.7599999904632568,0.7699000239372253,0.7591000199317932,0.7649000287055969,64332,0.0,0.0
2026-02-19 09:35:00-05:00,0.7651000022888184,0.7698000073432922,0.7595999836921692,0.7595999836921692,7709,0.0,0.0
2026-02-19 09:40:00-05:00,0.7649000287055969,0.7699999809265137,0.7602999806404114,0.7698000073432922,11932,0.0,0.0
2026-02-19 09:45:00-05:00,0.7688000202178955,0.7688000202178955,0.7551000118255615,0.7635999917984009,22527,0.0,0.0
2026-02-19 09:50:00-05:00,0.7635999917984009,0.7649000287055969,0.7595000267028809,0.7645999789237976,9895,0.0,0.0
2026-02-19 09:55:00-05:00,0.7631999850273132,0.7663000226020813,0.7601000070571899,0.7601000070571899,12368,0.0,0.0
2026-02-19 10:00:00-05:00,0.7638999819755554,0.7674999833106995,0.7620000243186951,0.767300009727478,10877,0.0,0.0
2026-02-19 10:05:00-05:00,0.7638999819755554,0.7674000263214111,0.7623999714851379,0.7630000114440918,4753,0.0,0.0
2026-02-19 10:10:00-05:00,0.7645999789237976,0.7660999894142151,0.761900007724762,0.7630000114440918,100810,0.0,0.0
2026-02-19 10:15:00-05:00,0.7630000114440918,0.7664999961853027,0.7630000114440918,0.7648000121116638,0,0.0,0.0
2026-02-19 10:20:00-05:00,0.7641000151634216,0.7649999856948853,0.7639999985694885,0.7649000287055969,7911,0.0,0.0
2026-02-19 10:25:00-05:00,0.7649000287055969,0.7649000287055969,0.761900007724762,0.7635999917984009,31223,0.0,0.0
2026-02-19 10:30:00-05:00,0.7641000151634216,0.7840999960899353,0.763700008392334,0.7840999960899353,20197,0.0,0.0
2026-02-19 10:35:00-05:00,0.7850000262260437,0.7998999953269958,0.7828999757766724,0.7892000079154968,68638,0.0,0.0
2026-02-19 10:40:00-05:00,0.7888000011444092,0.7925999760627747,0.7775999903678894,0.7832000255584717,11937,0.0,0.0
2026-02-19 10:45:00-05:00,0.7807999849319458,0.7832000255584717,0.7799999713897705,0.7814000248908997,21992,0.0,0.0
2026-02-19 10:50:00-05:00,0.7825999855995178,0.7825999855995178,0.777899980545044,0.7795000076293945,35996,0.0,0.0
2026-02-19 10:55:00-05:00,0.7807000279426575,0.7807999849319458,0.7797999978065491,0.7806000113487244,7648,0.0,0.0
2026-02-19 11:00:00-05:00,0.7803000211715698,0.7919999957084656,0.7799999713897705,0.7918999791145325,15647,0.0,0.0
2026-02-19 11:05:00-05:00,0.7914000153541565,0.7914000153541565,0.786899983882904,0.7875000238418579,6108,0.0,0.0
2026-02-19 11:10:00-05:00,0.7864999771118164,0.7871000170707703,0.7838000059127808,0.7838000059127808,6544,0.0,0.0
2026-02-19 11:15:00-05:00,0.7836999893188477,0.7846999764442444,0.7832000255584717,0.7846999764442444,7480,0.0,0.0
2026-02-19 11:20:00-05:00,0.7847999930381775,0.7861999869346619,0.7846999764442444,0.7847999930381775,6405,0.0,0.0
2026-02-19 11:25:00-05:00,0.7849000096321106,0.7853000164031982,0.7835000157356262,0.7835999727249146,7917,0.0,0.0
2026-02-19 11:30:00-05:00,0.7836999893188477,0.7853999733924866,0.7836999893188477,0.7853999733924866,28160,0.0,0.0
2026-02-19 11:35:00-05:00,0.7853999733924866,0.788100004196167,0.7853999733924866,0.7871999740600586,65569,0.0,0.0
2026-02-19 11:40:00-05:00,0.786300003528595,0.7885000109672546,0.7843999862670898,0.7849000096321106,32470,0.0,0.0
2026-02-19 11:45:00-05:00,0.7835999727249146,0.7849000096321106,0.7825000286102295,0.782800018787384,20000,0.0,0.0
2026-02-19 11:50:00-05:00,0.782800018787384,0.782800018787384,0.7817000150680542,0.7818999886512756,11594,0.0,0.0
2026-02-19 11:55:00-05:00,0.7821000218391418,0.7821000218391418,0.7799999713897705,0.7803000211715698,45251,0.0,0.0
2026-02-19 12:00:00-05:00,0.7802000045776367,0.7803000211715698,0.7799999713897705,0.7800999879837036,21610,0.0,0.0
2026-02-19 12:05:00-05:00,0.7800999879837036,0.7800999879837036,0.7777000069618225,0.7777000069618225,48583,0.0,0.0
2026-02-19 12:10:00-05:00,0.7727000117301941,0.7752000093460083,0.7718999981880188,0.7739999890327454,82878,0.0,0.0
2026-02-19 12:15:00-05:00,0.7736999988555908,0.7828999757766724,0.7736999988555908,0.7821000218391418,22308,0.0,0.0
2026-02-19 12:20:00-05:00,0.7827000021934509,0.7878000140190125,0.7827000021934509,0.7878000140190125,14593,0.0,0.0
2026-02-19 12:25:00-05:00,0.7857000231742859,0.7857000231742859,0.7803999781608582,0.7807999849319458,4544,0.0,0.0
2026-02-19 12:30:00-05:00,0.7814000248908997,0.7817000150680542,0.7807999849319458,0.7817000150680542,10067,0.0,0.0
2026-02-19 12:35:00-05:00,0.7817000150680542,0.7817000150680542,0.7803000211715698,0.7814000248908997,5297,0.0,0.0
2026-02-19 12:40:00-05:00,0.7807999849319458,0.7829999923706055,0.7807999849319458,0.7829999923706055,11771,0.0,0.0
2026-02-19 12:45:00-05:00,0.7835000157356262,0.7836999893188477,0.7799999713897705,0.7799999713897705,9381,0.0,0.0
2026-02-19 12:50:00-05:00,0.7803999781608582,0.7804999947547913,0.7789000272750854,0.7795000076293945,6330,0.0,0.0
2026-02-19 12:55:00-05:00,0.7793999910354614,0.7806000113487244,0.7793999910354614,0.7804999947547913,6949,0.0,0.0
2026-02-19 13:00:00-05:00,0.7803999781608582,0.7825999855995178,0.7799999713897705,0.7825999855995178,6748,0.0,0.0
2026-02-19 13:05:00-05:00,0.7818999886512756,0.7843999862670898,0.7818999886512756,0.7840999960899353,21889,0.0,0.0
2026-02-19 13:10:00-05:00,0.7840999960899353,0.7850000262260437,0.7818999886512756,0.784500002861023,14773,0.0,0.0
2026-02-19 13:15:00-05:00,0.7833999991416931,0.7843999862670898,0.7814000248908997,0.7817999720573425,13928,0.0,0.0
2026-02-19 13:20:00-05:00,0.7803999781608582,0.7839000225067139,0.7800999879837036,0.7839000225067139,7861,0.0,0.0
2026-02-19 13:25:00-05:00,0.7821999788284302,0.784600019454956,0.7821999788284302,0.7839999794960022,11879,0.0,0.0
2026-02-19 13:30:00-05:00,0.784600019454956,0.7868000268936157,0.7824000120162964,0.7824000120162964,13773,0.0,0.0
2026-02-19 13:35:00-05:00,0.78329998254776,0.7897999882698059,0.781000018119812,0.7843000292778015,17409,0.0,0.0
2026-02-19 13:40:00-05:00,0.7858999967575073,0.7871999740600586,0.7820000052452087,0.7836999893188477,14524,0.0,0.0
2026-02-19 13:45:00-05:00,0.7861999869346619,0.786899983882904,0.7851999998092651,0.786899983882904,5720,0.0,0.0
2026-02-19 13:50:00-05:00,0.7864000201225281,0.7876999974250793,0.784500002861023,0.784500002861023,59198,0.0,0.0
2026-02-19 13:55:00-05:00,0.7831000089645386,0.7839999794960022,0.7831000089645386,0.7839000225067139,6116,0.0,0.0
2026-02-19 14:00:00-05:00,0.7842000126838684,0.7856000065803528,0.7842000126838684,0.7853999733924866,5077,0.0,0.0
2026-02-19 14:05:00-05:00,0.7853999733924866,0.7860000133514404,0.7853999733924866,0.7858999967575073,12629,0.0,0.0
2026-02-19 14:10:00-05:00,0.7860000133514404,0.7860999703407288,0.7858999967575073,0.7860999703407288,4655,0.0,0.0
2026-02-19 14:15:00-05:00,0.7860999703407288,0.7860999703407288,0.7860999703407288,0.7860999703407288,5404,0.0,0.0
2026-02-19 14:20:00-05:00,0.7860999703407288,0.786300003528595,0.7860000133514404,0.786300003528595,9634,0.0,0.0
2026-02-19 14:25:00-05:00,0.7875000238418579,0.7889999747276306,0.7860999703407288,0.7867000102996826,13331,0.0,0.0
2026-02-19 14:30:00-05:00,0.7867000102996826,0.7871999740600586,0.7860999703407288,0.7871999740600586,8829,0.0,0.0
2026-02-19 14:35:00-05:00,0.7871000170707703,0.7871999740600586,0.7860999703407288,0.7864999771118164,5400,0.0,0.0
2026-02-19 14:40:00-05:00,0.7860999703407288,0.7864999771118164,0.7860999703407288,0.7860999703407288,496962,0.0,0.0
2026-02-19 14:45:00-05:00,0.7860000133514404,0.7860999703407288,0.7860000133514404,0.7860999703407288,0,0.0,0.0
2026-02-19 14:50:00-05:00,0.7860999703407288,0.7918999791145325,0.7860000133514404,0.7897999882698059,40377,0.0,0.0
2026-02-19 14:55:00-05:00,0.7897999882698059,0.7903000116348267,0.7882000207901001,0.7882000207901001,9921,0.0,0.0
2026-02-19 15:00:00-05:00,0.7882000207901001,0.7900999784469604,0.7882000207901001,0.7900999784469604,10688,0.0,0.0
2026-02-19 15:05:00-05:00,0.791100025177002,0.7925000190734863,0.791100025177002,0.7925000190734863,9132,0.0,0.0
2026-02-19 15:10:00-05:00,0.7926999926567078,0.7935000061988831,0.7926999926567078,0.7935000061988831,23729,0.0,0.0
2026-02-19 15:15:00-05:00,0.7935000061988831,0.796500027179718,0.7926999926567078,0.7926999926567078,37057,0.0,0.0
2026-02-19 15:20:00-05:00,0.7936999797821045,0.795799970626831,0.7936999797821045,0.795799970626831,5628,0.0,0.0
2026-02-19 15:25:00-05:00,0.7954000234603882,0.795799970626831,0.7922999858856201,0.7922999858856201,9717,0.0,0.0
2026-02-19 15:30:00-05:00,0.7922999858856201,0.7950000166893005,0.7922999858856201,0.7943999767303467,603972,0.0,0.0
2026-02-19 15:35:00-05:00,0.7943000197410583,0.7953000068664551,0.7943000197410583,0.7943000197410583,0,0.0,0.0
2026-02-19 15:40:00-05:00,0.7943000197410583,0.7949000000953674,0.7922999858856201,0.7922999858856201,8907,0.0,0.0
2026-02-19 15:45:00-05:00,0.7922999858856201,0.800000011920929,0.7922000288963318,0.7993999719619751,13632,0.0,0.0
2026-02-19 15:50:00-05:00,0.7993999719619751,0.8039000034332275,0.7991999983787537,0.8039000034332275,96342,0.0,0.0
2026-02-19 15:55:00-05:00,0.8039000034332275,0.8100000023841858,0.8039000034332275,0.8098000288009644,145926,0.0,0.0
2026-02-20 09:30:00-05:00,0.8100000023841858,0.8169000148773193,0.8083000183105469,0.8116000294685364,156164,0.0,0.0
2026-02-20 09:35:00-05:00,0.8134999871253967,0.8198999762535095,0.8101000189781189,0.8198000192642212,94598,0.0,0.0
2026-02-20 09:40:00-05:00,0.8169999718666077,0.8450000286102295,0.8169999718666077,0.8416000008583069,98923,0.0,0.0
2026-02-20 09:45:00-05:00,0.8416000008583069,0.8486999869346619,0.8384000062942505,0.8485999703407288,164594,0.0,0.0
2026-02-20 09:50:00-05:00,0.8468999862670898,0.8485000133514404,0.8374999761581421,0.8432000279426575,25621,0.0,0.0
2026-02-20 09:55:00-05:00,0.8424000144004822,0.8432000279426575,0.8424000144004822,0.8424999713897705,12421,0.0,0.0
2026-02-20 10:00:00-05:00,0.8424999713897705,0.8619999885559082,0.8424999713897705,0.8540999889373779,119768,0.0,0.0
2026-02-20 10:05:00-05:00,0.8553000092506409,0.855400025844574,0.8450999855995178,0.8499000072479248,81608,0.0,0.0
2026-02-20 10:10:00-05:00,0.8499000072479248,0.8500000238418579,0.8468999862670898,0.8489999771118164,23810,0.0,0.0
2026-02-20 10:15:00-05:00,0.8489999771118164,0.8489999771118164,0.8323000073432922,0.8424999713897705,83407,0.0,0.0
2026-02-20 10:20:00-05:00,0.8416000008583069,0.8500000238418579,0.8410000205039978,0.8497999906539917,30817,0.0,0.0
2026-02-20 10:25:00-05:00,0.8497999906539917,0.8555999994277954,0.8497999906539917,0.8519999980926514,62208,0.0,0.0
2026-02-20 10:30:00-05:00,0.8532999753952026,0.8532999753952026,0.8507000207901001,0.8514000177383423,287961,0.0,0.0
2026-02-20 10:35:00-05:00,0.8514000177383423,0.8525999784469604,0.8503000140190125,0.8514999747276306,0,0.0,0.0
2026-02-20 10:40:00-05:00,0.8514999747276306,0.8514999747276306,0.8460999727249146,0.8472999930381775,14769,0.0,0.0
2026-02-20 10:45:00-05:00,0.847000002861023,0.8471999764442444,0.8461999893188477,0.8468999862670898,7232,0.0,0.0
2026-02-20 10:50:00-05:00,0.8468000292778015,0.8468999862670898,0.845300018787384,0.8458999991416931,9158,0.0,0.0
2026-02-20 10:55:00-05:00,0.8460000157356262,0.8475000262260437,0.8460000157356262,0.8475000262260437,44306,0.0,0.0
2026-02-20 11:00:00-05:00,0.8472999930381775,0.8578000068664551,0.8472999930381775,0.8565999865531921,1008914,0.0,0.0
2026-02-20 11:05:00-05:00,0.8564000129699707,0.8600000143051147,0.85589998960495,0.8598999977111816,126300,0.0,0.0
2026-02-20 11:10:00-05:00,0.8598999977111816,0.8600000143051147,0.859000027179718,0.8600000143051147,88080,0.0,0.0
2026-02-20 11:15:00-05:00,0.8600000143051147,0.8600000143051147,0.8532999753952026,0.8597999811172485,39465,0.0,0.0
2026-02-20 11:20:00-05:00,0.8592000007629395,0.8597999811172485,0.8579000234603882,0.8586000204086304,20262,0.0,0.0
2026-02-20 11:25:00-05:00,0.8582000136375427,0.8582000136375427,0.8575999736785889,0.857699990272522,33831,0.0,0.0
2026-02-20 11:30:00-05:00,0.8575999736785889,0.8600000143051147,0.8571000099182129,0.8600000143051147,41346,0.0,0.0
2026-02-20 11:35:00-05:00,0.8597000241279602,0.8600000143051147,0.8597000241279602,0.8600000143051147,10605,0.0,0.0
2026-02-20 11:40:00-05:00,0.8598999977111816,0.8600000143051147,0.8598999977111816,0.8598999977111816,94874,0.0,0.0
2026-02-20 11:45:00-05:00,0.8600000143051147,0.8661999702453613,0.8564000129699707,0.8564000129699707,104500,0.0,0.0
2026-02-20 11:50:00-05:00,0.8586000204086304,0.8607000112533569,0.8565000295639038,0.8600999712944031,23734,0.0,0.0
2026-02-20 11:55:00-05:00,0.8603000044822693,0.8661999702453613,0.8600999712944031,0.8661999702453613,21851,0.0,0.0
2026-02-20 12:00:00-05:00,0.8661999702453613,0.8690000176429749,0.8661999702453613,0.8683000206947327,17694,0.0,0.0
2026-02-20 12:05:00-05:00,0.868399977684021,0.8690000176429749,0.8662999868392944,0.866599977016449,22928,0.0,0.0
2026-02-20 12:10:00-05:00,0.866599977016449,0.866599977016449,0.8604000210762024,0.8628000020980835,10694,0.0,0.0
2026-02-20 12:15:00-05:00,0.8611999750137329,0.861299991607666,0.8511999845504761,0.8554999828338623,23204,0.0,0.0
2026-02-20 12:20:00-05:00,0.8554999828338623,0.8571000099182129,0.8554999828338623,0.8564000129699707,19561,0.0,0.0
2026-02-20 12:25:00-05:00,0.8564000129699707,0.8616999983787537,0.8562999963760376,0.8611999750137329,36216,0.0,0.0
2026-02-20 12:30:00-05:00,0.863099992275238,0.8648999929428101,0.863099992275238,0.8644000291824341,8257,0.0,0.0
2026-02-20 12:35:00-05:00,0.8650000095367432,0.8658000230789185,0.8640999794006348,0.8647000193595886,16813,0.0,0.0
2026-02-20 12:40:00-05:00,0.8647000193595886,0.8687000274658203,0.8647000193595886,0.8682000041007996,20922,0.0,0.0
2026-02-20 12:45:00-05:00,0.8677999973297119,0.8700000047683716,0.8677999973297119,0.8695999979972839,41680,0.0,0.0
2026-02-20 12:50:00-05:00,0.8698999881744385,0.8700000047683716,0.8693000078201294,0.8698999881744385,37579,0.0,0.0
2026-02-20 12:55:00-05:00,0.8700000047683716,0.8700000047683716,0.8689000010490417,0.8690000176429749,11274,0.0,0.0
2026-02-20 13:00:00-05:00,0.8684999942779541,0.8695999979972839,0.8684999942779541,0.8690999746322632,2505,0.0,0.0
2026-02-20 13:05:00-05:00,0.8694999814033508,0.8798999786376953,0.8690999746322632,0.8794000148773193,155900,0.0,0.0
2026-02-20 13:10:00-05:00,0.8792999982833862,0.8794000148773193,0.8707000017166138,0.8723999857902527,74162,0.0,0.0
2026-02-20 13:15:00-05:00,0.8720999956130981,0.8741999864578247,0.8720999956130981,0.8730000257492065,8368,0.0,0.0
2026-02-20 13:20:00-05:00,0.8727999925613403,0.873199999332428,0.8676999807357788,0.8708999752998352,38635,0.0,0.0
2026-02-20 13:25:00-05:00,0.871999979019165,0.8726000189781189,0.8719000220298767,0.8719000220298767,12487,0.0,0.0
2026-02-20 13:30:00-05:00,0.8719000220298767,0.8737999796867371,0.8654000163078308,0.8737000226974487,24113,0.0,0.0
2026-02-20 13:35:00-05:00,0.8737000226974487,0.8737000226974487,0.8665000200271606,0.8665000200271606,17452,0.0,0.0
2026-02-20 13:40:00-05:00,0.8665000200271606,0.8690999746322632,0.8651999831199646,0.8673999905586243,8560,0.0,0.0
2026-02-20 13:45:00-05:00,0.8677999973297119,0.8723000288009644,0.8677999973297119,0.8715999722480774,19400,0.0,0.0
2026-02-20 13:50:00-05:00,0.871999979019165,0.8745999932289124,0.8707000017166138,0.8730000257492065,23400,0.0,0.0
2026-02-20 13:55:00-05:00,0.8730999827384949,0.8752999901771545,0.8730999827384949,0.8752999901771545,8966,0.0,0.0
2026-02-20 14:00:00-05:00,0.8758999705314636,0.8763999938964844,0.8755000233650208,0.8762000203132629,9206,0.0,0.0
2026-02-20 14:05:00-05:00,0.8762000203132629,0.8762000203132629,0.8737999796867371,0.8758999705314636,60658,0.0,0.0
2026-02-20 14:10:00-05:00,0.8758000135421753,0.8758999705314636,0.8671000003814697,0.8691999912261963,95242,0.0,0.0
2026-02-20 14:15:00-05:00,0.8693000078201294,0.8700000047683716,0.8639000058174133,0.8644999861717224,18643,0.0,0.0
2026-02-20 14:20:00-05:00,0.8632000088691711,0.8633000254631042,0.8626999855041504,0.8629000186920166,48211,0.0,0.0
2026-02-20 14:25:00-05:00,0.8629000186920166,0.8629000186920166,0.8525999784469604,0.8550000190734863,27405,0.0,0.0
2026-02-20 14:30:00-05:00,0.8554999828338623,0.8575999736785889,0.8554999828338623,0.8569999933242798,8801,0.0,0.0
2026-02-20 14:35:00-05:00,0.8575000166893005,0.8644999861717224,0.8574000000953674,0.8633000254631042,76663,0.0,0.0
2026-02-20 14:40:00-05:00,0.8615000247955322,0.8615999817848206,0.8600999712944031,0.8604000210762024,8815,0.0,0.0
2026-02-20 14:45:00-05:00,0.8604000210762024,0.8611999750137329,0.8604000210762024,0.86080002784729,9263,0.0,0.0
2026-02-20 14:50:00-05:00,0.8608999848365784,0.8608999848365784,0.8529999852180481,0.8529999852180481,42645,0.0,0.0
2026-02-20 14:55:00-05:00,0.8539000153541565,0.8539000153541565,0.8378999829292297,0.8379999995231628,109671,0.0,0.0
2026-02-20 15:00:00-05:00,0.8396000266075134,0.8396000266075134,0.8379999995231628,0.8395000100135803,71341,0.0,0.0
2026-02-20 15:05:00-05:00,0.8395000100135803,0.8522999882698059,0.8395000100135803,0.8522999882698059,29710,0.0,0.0
2026-02-20 15:10:00-05:00,0.852400004863739,0.8539000153541565,0.8496999740600586,0.8519999980926514,18370,0.0,0.0
2026-02-20 15:15:00-05:00,0.8519999980926514,0.8525999784469604,0.8500999808311462,0.8501999974250793,11778,0.0,0.0
2026-02-20 15:20:00-05:00,0.8507999777793884,0.8507999777793884,0.8468999862670898,0.8481000065803528,21239,0.0,0.0
2026-02-20 15:25:00-05:00,0.8481000065803528,0.8486999869346619,0.8476999998092651,0.8485000133514404,7365,0.0,0.0
2026-02-20 15:30:00-05:00,0.848800003528595,0.8532000184059143,0.848800003528595,0.8518000245094299,8778,0.0,0.0
2026-02-20 15:35:00-05:00,0.8518000245094299,0.8522999882698059,0.8517000079154968,0.8521999716758728,7788,0.0,0.0
2026-02-20 15:40:00-05:00,0.8521999716758728,0.8522999882698059,0.8511000275611877,0.8513000011444092,63391,0.0,0.0
2026-02-20 15:45:00-05:00,0.8511999845504761,0.8511999845504761,0.847100019454956,0.847100019454956,30426,0.0,0.0
2026-02-20 15:50:00-05:00,0.8474000096321106,0.8474000096321106,0.8471999764442444,0.8474000096321106,34644,0.0,0.0
2026-02-20 15:55:00-05:00,0.8474000096321106,0.861299991607666,0.8472999930381775,0.8587999939918518,139392,0.0,0.0
2026-02-23 09:30:00-05:00,0.8399999737739563,0.8413000106811523,0.826200008392334,0.8299999833106995,65548,0.0,0.0
2026-02-23 09:35:00-05:00,0.8299999833106995,0.8413000106811523,0.8199999928474426,0.8299999833106995,178684,0.0,0.0
2026-02-23 09:40:00-05:00,0.8356000185012817,0.8361999988555908,0.8206999897956848,0.8256000280380249,55007,0.0,0.0
2026-02-23 09:45:00-05:00,0.8271999955177307,0.8399999737739563,0.8270000219345093,0.8319000005722046,102628,0.0,0.0
2026-02-23 09:50:00-05:00,0.8300999999046326,0.8327000141143799,0.8269000053405762,0.8287000060081482,40590,0.0,0.0
2026-02-23 09:55:00-05:00,0.8270999789237976,0.8278999924659729,0.8151999711990356,0.8201000094413757,54336,0.0,0.0
2026-02-23 10:00:00-05:00,0.8199999928474426,0.8199999928474426,0.8066999912261963,0.8068000078201294,23920,0.0,0.0
2026-02-23 10:05:00-05:00,0.8068000078201294,0.8098000288009644,0.800000011920929,0.802299976348877,62414,0.0,0.0
2026-02-23 10:10:00-05:00,0.802299976348877,0.8179000020027161,0.802299976348877,0.8059999942779541,62078,0.0,0.0
2026-02-23 10:15:00-05:00,0.8054999709129333,0.8057000041007996,0.802299976348877,0.8040000200271606,8928,0.0,0.0
2026-02-23 10:20:00-05:00,0.8039000034332275,0.8057000041007996,0.802299976348877,0.8052999973297119,13432,0.0,0.0
2026-02-23 10:25:00-05:00,0.8052999973297119,0.8176000118255615,0.8052999973297119,0.8127999901771545,63836,0.0,0.0
2026-02-23 10:30:00-05:00,0.8126000165939331,0.8197000026702881,0.8109999895095825,0.8131999969482422,17533,0.0,0.0
2026-02-23 10:35:00-05:00,0.8126999735832214,0.8126999735832214,0.8022000193595886,0.8095999956130981,33067,0.0,0.0
2026-02-23 10:40:00-05:00,0.808899998664856,0.8101999759674072,0.8001999855041504,0.8011999726295471,18356,0.0,0.0
2026-02-23 10:45:00-05:00,0.8015000224113464,0.8015000224113464,0.7912999987602234,0.7950999736785889,109900,0.0,0.0
2026-02-23 10:50:00-05:00,0.7950999736785889,0.795799970626831,0.7911999821662903,0.7914999723434448,40214,0.0,0.0
2026-02-23 10:55:00-05:00,0.7907000184059143,0.7912999987602234,0.7900000214576721,0.7901999950408936,67820,0.0,0.0
2026-02-23 11:00:00-05:00,0.7901999950408936,0.7901999950408936,0.7900000214576721,0.7900999784469604,104241,0.0,0.0
2026-02-23 11:05:00-05:00,0.7900000214576721,0.7964000105857849,0.7860000133514404,0.7922999858856201,682494,0.0,0.0
2026-02-23 11:10:00-05:00,0.7953000068664551,0.7954000234603882,0.7936000227928162,0.7943000197410583,0,0.0,0.0
2026-02-23 11:15:00-05:00,0.7936000227928162,0.7943000197410583,0.7889999747276306,0.7939000129699707,27386,0.0,0.0
2026-02-23 11:20:00-05:00,0.7940000295639038,0.7953000068664551,0.7925999760627747,0.7925999760627747,472687,0.0,0.0
2026-02-23 11:25:00-05:00,0.7926999926567078,0.7993999719619751,0.7901999950408936,0.7901999950408936,0,0.0,0.0
2026-02-23 11:30:00-05:00,0.7900999784469604,0.7900999784469604,0.7850000262260437,0.785099983215332,39474,0.0,0.0
2026-02-23 11:35:00-05:00,0.7853999733924866,0.7854999899864197,0.7850000262260437,0.785099983215332,31197,0.0,0.0
2026-02-23 11:40:00-05:00,0.7850000262260437,0.7892000079154968,0.7850000262260437,0.7892000079154968,578342,0.0,0.0
2026-02-23 11:45:00-05:00,0.7890999913215637,0.7892000079154968,0.7860000133514404,0.7867000102996826,0,0.0,0.0
2026-02-23 11:50:00-05:00,0.7858999967575073,0.7886999845504761,0.7858999967575073,0.7886999845504761,16646,0.0,0.0
2026-02-23 11:55:00-05:00,0.7889999747276306,0.7919999957084656,0.7889999747276306,0.7906000018119812,37421,0.0,0.0
2026-02-23 12:00:00-05:00,0.7904999852180481,0.7908999919891357,0.7904999852180481,0.7907000184059143,8063,0.0,0.0
2026-02-23 12:05:00-05:00,0.7907000184059143,0.7907000184059143,0.7906000018119812,0.7906000018119812,5964,0.0,0.0
2026-02-23 12:10:00-05:00,0.7906000018119812,0.7936999797821045,0.7906000018119812,0.7924000024795532,69928,0.0,0.0
2026-02-23 12:15:00-05:00,0.7924000024795532,0.7925999760627747,0.7924000024795532,0.7925000190734863,8116,0.0,0.0
2026-02-23 12:20:00-05:00,0.7925999760627747,0.7925999760627747,0.7900999784469604,0.7901999950408936,567493,0.0,0.0
2026-02-23 12:25:00-05:00,0.7900999784469604,0.791700005531311,0.7900999784469604,0.7911999821662903,55918,0.0,0.0
2026-02-23 12:30:00-05:00,0.7912999987602234,0.7912999987602234,0.7851999998092651,0.7853000164031982,77503,0.0,0.0
2026-02-23 12:35:00-05:00,0.7853000164031982,0.7858999967575073,0.7799999713897705,0.7810999751091003,0,0.0,0.0
2026-02-23 12:40:00-05:00,0.7811999917030334,0.7879999876022339,0.7811999917030334,0.7879999876022339,27190,0.0,0.0
2026-02-23 12:45:00-05:00,0.7889000177383423,0.7889000177383423,0.7839999794960022,0.7839999794960022,2346,0.0,0.0
2026-02-23 12:50:00-05:00,0.7847999930381775,0.7867000102996826,0.7833999991416931,0.7857999801635742,5534,0.0,0.0
2026-02-23 12:55:00-05:00,0.7857000231742859,0.7864000201225281,0.7857000231742859,0.7858999967575073,11566,0.0,0.0
2026-02-23 13:00:00-05:00,0.7860000133514404,0.7896000146865845,0.7857999801635742,0.7890999913215637,9356,0.0,0.0
2026-02-23 13:05:00-05:00,0.7896999716758728,0.7896999716758728,0.7889999747276306,0.7893999814987183,16340,0.0,0.0
2026-02-23 13:10:00-05:00,0.7893999814987183,0.7907000184059143,0.7892000079154968,0.7907000184059143,16775,0.0,0.0
2026-02-23 13:15:00-05:00,0.7907000184059143,0.7932000160217285,0.7900999784469604,0.7915999889373779,13023,0.0,0.0
2026-02-23 13:20:00-05:00,0.7918000221252441,0.792900025844574,0.7918000221252441,0.7924000024795532,20015,0.0,0.0
2026-02-23 13:25:00-05:00,0.7924000024795532,0.7936000227928162,0.791700005531311,0.79339998960495,11410,0.0,0.0
2026-02-23 13:30:00-05:00,0.79339998960495,0.7943000197410583,0.7930999994277954,0.7943000197410583,7928,0.0,0.0
2026-02-23 13:35:00-05:00,0.7962999939918518,0.7962999939918518,0.7961999773979187,0.7962999939918518,942,0.0,0.0
2026-02-23 13:40:00-05:00,0.7962999939918518,0.7962999939918518,0.7961000204086304,0.7961999773979187,4506,0.0,0.0
2026-02-23 13:45:00-05:00,0.7961000204086304,0.7971000075340271,0.7961000204086304,0.796999990940094,10569,0.0,0.0
2026-02-23 13:50:00-05:00,0.7973999977111816,0.7983999848365784,0.796999990940094,0.7983999848365784,4819,0.0,0.0
2026-02-23 13:55:00-05:00,0.7971000075340271,0.7983999848365784,0.7965999841690063,0.7965999841690063,7002,0.0,0.0
2026-02-23 14:00:00-05:00,0.7965999841690063,0.7965999841690063,0.7922999858856201,0.7932999730110168,14301,0.0,0.0
2026-02-23 14:05:00-05:00,0.7925999760627747,0.795199990272522,0.7925999760627747,0.795199990272522,9584,0.0,0.0
2026-02-23 14:10:00-05:00,0.795799970626831,0.7962999939918518,0.7957000136375427,0.7957000136375427,16780,0.0,0.0
2026-02-23 14:15:00-05:00,0.7953000068664551,0.7955999970436096,0.7922999858856201,0.7922999858856201,11547,0.0,0.0
2026-02-23 14:20:00-05:00,0.7925999760627747,0.7926999926567078,0.7925999760627747,0.7926999926567078,1917,0.0,0.0
2026-02-23 14:25:00-05:00,0.7926999926567078,0.7928000092506409,0.7926999926567078,0.7926999926567078,8405,0.0,0.0
2026-02-23 14:30:00-05:00,0.7928000092506409,0.7928000092506409,0.7928000092506409,0.7928000092506409,919,0.0,0.0
2026-02-23 14:35:00-05:00,0.7928000092506409,0.7958999872207642,0.7926999926567078,0.7958999872207642,16511,0.0,0.0
2026-02-23 14:40:00-05:00,0.795799970626831,0.7965999841690063,0.7954000234603882,0.7954000234603882,2395,0.0,0.0
2026-02-23 14:45:00-05:00,0.796500027179718,0.7972000241279602,0.795799970626831,0.7971000075340271,12105,0.0,0.0
2026-02-23 14:50:00-05:00,0.7971000075340271,0.7998999953269958,0.796999990940094,0.7998999953269958,25756,0.0,0.0
2026-02-23 14:55:00-05:00,0.7997999787330627,0.8016999959945679,0.7997999787330627,0.8016999959945679,28634,0.0,0.0
2026-02-23 15:00:00-05:00,0.8016999959945679,0.8016999959945679,0.8015999794006348,0.8015999794006348,13677,0.0,0.0
2026-02-23 15:05:00-05:00,0.8015999794006348,0.8015999794006348,0.800599992275238,0.8011999726295471,9231,0.0,0.0
2026-02-23 15:10:00-05:00,0.8004999756813049,0.8008000254631042,0.7972999811172485,0.7986000180244446,33288,0.0,0.0
2026-02-23 15:15:00-05:00,0.7973999977111816,0.7986999750137329,0.7973999977111816,0.7986000180244446,1230,0.0,0.0
2026-02-23 15:20:00-05:00,0.7982000112533569,0.800000011920929,0.7980999946594238,0.800000011920929,14598,0.0,0.0
2026-02-23 15:25:00-05:00,0.800000011920929,0.800000011920929,0.7996000051498413,0.7997999787330627,34757,0.0,0.0
2026-02-23 15:30:00-05:00,0.7994999885559082,0.8047000169754028,0.798799991607666,0.8036999702453613,0,0.0,0.0
2026-02-23 15:35:00-05:00,0.8023999929428101,0.8041999936103821,0.801800012588501,0.8032000064849854,4091,0.0,0.0
2026-02-23 15:40:00-05:00,0.8030999898910522,0.8034999966621399,0.8011999726295471,0.8011999726295471,4493,0.0,0.0
2026-02-23 15:45:00-05:00,0.8011999726295471,0.8015999794006348,0.8001000285148621,0.8001999855041504,19906,0.0,0.0
2026-02-23 15:50:00-05:00,0.8004000186920166,0.8004000186920166,0.7980999946594238,0.800000011920929,24482,0.0,0.0
2026-02-23 15:55:00-05:00,0.7998999953269958,0.8133000135421753,0.7980999946594238,0.8133000135421753,50536,0.0,0.0
2026-02-24 09:30:00-05:00,0.8230000138282776,0.8230000138282776,0.8172000050544739,0.8202999830245972,65178,0.0,0.0
2026-02-24 09:35:00-05:00,0.8191999793052673,0.8295999765396118,0.8185999989509583,0.8295999765396118,20852,0.0,0.0
2026-02-24 09:40:00-05:00,0.8281000256538391,0.8450999855995178,0.8281000256538391,0.8436999917030334,175817,0.0,0.0
2026-02-24 09:45:00-05:00,0.8428999781608582,0.8428999781608582,0.8300999999046326,0.8300999999046326,0,0.0,0.0
2026-02-24 09:50:00-05:00,0.8302000164985657,0.833899974822998,0.8300999999046326,0.8300999999046326,25485,0.0,0.0
2026-02-24 09:55:00-05:00,0.8269000053405762,0.8284000158309937,0.824999988079071,0.8259999752044678,61095,0.0,0.0
2026-02-24 10:00:00-05:00,0.8260999917984009,0.8334000110626221,0.8259999752044678,0.8299000263214111,44815,0.0,0.0
2026-02-24 10:05:00-05:00,0.8303999900817871,0.8450000286102295,0.8303999900817871,0.8450000286102295,72264,0.0,0.0
2026-02-24 10:10:00-05:00,0.8449000120162964,0.8479999899864197,0.8418999910354614,0.843500018119812,32473,0.0,0.0
2026-02-24 10:15:00-05:00,0.8432999849319458,0.8464000225067139,0.8432999849319458,0.8440999984741211,29640,0.0,0.0
2026-02-24 10:20:00-05:00,0.8442000150680542,0.8464000225067139,0.8440999984741211,0.8464000225067139,10858,0.0,0.0
2026-02-24 10:25:00-05:00,0.8475000262260437,0.8500000238418579,0.8475000262260437,0.8500000238418579,130722,0.0,0.0
2026-02-24 10:30:00-05:00,0.8496999740600586,0.8510000109672546,0.8442999720573425,0.8452000021934509,233360,0.0,0.0
2026-02-24 10:35:00-05:00,0.8447999954223633,0.8450999855995178,0.8442000150680542,0.8450999855995178,103886,0.0,0.0
2026-02-24 10:40:00-05:00,0.8452000021934509,0.8504999876022339,0.8442999720573425,0.8449000120162964,62260,0.0,0.0
2026-02-24 10:45:00-05:00,0.8449000120162964,0.8568000197410583,0.8429999947547913,0.8537999987602234,148579,0.0,0.0
2026-02-24 10:50:00-05:00,0.8539000153541565,0.8550000190734863,0.849399983882904,0.8543000221252441,86183,0.0,0.0
2026-02-24 10:55:00-05:00,0.8535000085830688,0.8543000221252441,0.8528000116348267,0.8529000282287598,5828,0.0,0.0
2026-02-24 11:00:00-05:00,0.8529999852180481,0.8623999953269958,0.8529999852180481,0.8547000288963318,100116,0.0,0.0
2026-02-24 11:05:00-05:00,0.8547999858856201,0.8547999858856201,0.8525000214576721,0.8525000214576721,4437,0.0,0.0
2026-02-24 11:10:00-05:00,0.8522999882698059,0.854200005531311,0.8503000140190125,0.8537999987602234,15295,0.0,0.0
2026-02-24 11:15:00-05:00,0.8531000018119812,0.8532000184059143,0.8472999930381775,0.8492000102996826,30401,0.0,0.0
2026-02-24 11:20:00-05:00,0.8493000268936157,0.8496999740600586,0.8458999991416931,0.8458999991416931,18050,0.0,0.0
2026-02-24 11:25:00-05:00,0.8478000164031982,0.8482000231742859,0.847599983215332,0.8478999733924866,2623,0.0,0.0
2026-02-24 11:30:00-05:00,0.8479999899864197,0.8479999899864197,0.8402000069618225,0.8428000211715698,40259,0.0,0.0
2026-02-24 11:35:00-05:00,0.8428999781608582,0.8428999781608582,0.835099995136261,0.835099995136261,20035,0.0,0.0
2026-02-24 11:40:00-05:00,0.8371000289916992,0.8396999835968018,0.8323000073432922,0.8339999914169312,16651,0.0,0.0
2026-02-24 11:45:00-05:00,0.8341000080108643,0.8349999785423279,0.8300999999046326,0.8300999999046326,14755,0.0,0.0
2026-02-24 11:50:00-05:00,0.8300999999046326,0.8342000246047974,0.8300999999046326,0.8313999772071838,19864,0.0,0.0
2026-02-24 11:55:00-05:00,0.83160001039505,0.833299994468689,0.8299999833106995,0.833299994468689,21233,0.0,0.0
2026-02-24 12:00:00-05:00,0.8378000259399414,0.840399980545044,0.8331000208854675,0.8331000208854675,51811,0.0,0.0
2026-02-24 12:05:00-05:00,0.8331000208854675,0.8342999815940857,0.8271999955177307,0.8271999955177307,12583,0.0,0.0
2026-02-24 12:10:00-05:00,0.8271999955177307,0.8327000141143799,0.8271999955177307,0.83160001039505,12619,0.0,0.0
2026-02-24 12:15:00-05:00,0.8303999900817871,0.8319000005722046,0.8299999833106995,0.8299999833106995,6630,0.0,0.0
2026-02-24 12:20:00-05:00,0.83160001039505,0.83160001039505,0.8300999999046326,0.8305000066757202,12784,0.0,0.0
2026-02-24 12:25:00-05:00,0.830299973487854,0.8303999900817871,0.8300999999046326,0.8302000164985657,11885,0.0,0.0
2026-02-24 12:30:00-05:00,0.8300999999046326,0.8312000036239624,0.8300999999046326,0.8310999870300293,757239,0.0,0.0
2026-02-24 12:35:00-05:00,0.8312000036239624,0.8320000171661377,0.8309000134468079,0.8317000269889832,0,0.0,0.0
2026-02-24 12:40:00-05:00,0.8317000269889832,0.8391000032424927,0.8313999772071838,0.8391000032424927,42073,0.0,0.0
2026-02-24 12:45:00-05:00,0.8382999897003174,0.8384000062942505,0.8377000093460083,0.8384000062942505,9820,0.0,0.0
2026-02-24 12:50:00-05:00,0.8385000228881836,0.8395000100135803,0.838100016117096,0.8381999731063843,10627,0.0,0.0
2026-02-24 12:55:00-05:00,0.836899995803833,0.8374999761581421,0.8356000185012817,0.836899995803833,14876,0.0,0.0
2026-02-24 13:00:00-05:00,0.836899995803833,0.845300018787384,0.836899995803833,0.8424000144004822,48169,0.0,0.0
2026-02-24 13:05:00-05:00,0.8439000248908997,0.8452000021934509,0.8439000248908997,0.8446999788284302,30258,0.0,0.0
2026-02-24 13:10:00-05:00,0.8450000286102295,0.8450000286102295,0.8439000248908997,0.8440999984741211,2264,0.0,0.0
2026-02-24 13:15:00-05:00,0.8442000150680542,0.845300018787384,0.8431000113487244,0.845300018787384,5104,0.0,0.0
2026-02-24 13:20:00-05:00,0.8452000021934509,0.8452000021934509,0.8450000286102295,0.8452000021934509,4316,0.0,0.0
2026-02-24 13:25:00-05:00,0.8452000021934509,0.845300018787384,0.8449000120162964,0.8449000120162964,33759,0.0,0.0
2026-02-24 13:30:00-05:00,0.8450000286102295,0.8468999862670898,0.8450000286102295,0.8468999862670898,9198,0.0,0.0
2026-02-24 13:35:00-05:00,0.847000002861023,0.8539999723434448,0.8468999862670898,0.8533999919891357,23831,0.0,0.0
2026-02-24 13:40:00-05:00,0.8532000184059143,0.8532000184059143,0.8529999852180481,0.8529999852180481,28512,0.0,0.0
2026-02-24 13:45:00-05:00,0.8525000214576721,0.8525000214576721,0.847000002861023,0.8482999801635742,17328,0.0,0.0
2026-02-24 13:50:00-05:00,0.8482999801635742,0.8619999885559082,0.8482999801635742,0.8616999983787537,83503,0.0,0.0
2026-02-24 13:55:00-05:00,0.8616999983787537,0.8618999719619751,0.8582000136375427,0.8600000143051147,30951,0.0,0.0
2026-02-24 14:00:00-05:00,0.8600000143051147,0.867900013923645,0.8575000166893005,0.867900013923645,82770,0.0,0.0
2026-02-24 14:05:00-05:00,0.867900013923645,0.8687999844551086,0.8589000105857849,0.8598999977111816,52217,0.0,0.0
2026-02-24 14:10:00-05:00,0.8598999977111816,0.8604000210762024,0.8598999977111816,0.8604000210762024,40316,0.0,0.0
2026-02-24 14:15:00-05:00,0.8604000210762024,0.866599977016449,0.8603000044822693,0.8654999732971191,49502,0.0,0.0
2026-02-24 14:20:00-05:00,0.8654999732971191,0.8665000200271606,0.8654999732971191,0.8658999800682068,50843,0.0,0.0
2026-02-24 14:25:00-05:00,0.8661999702453613,0.8673999905586243,0.864799976348877,0.8657000064849854,34987,0.0,0.0
2026-02-24 14:30:00-05:00,0.8651999831199646,0.8761000037193298,0.8651999831199646,0.8722000122070312,52273,0.0,0.0
2026-02-24 14:35:00-05:00,0.8693000078201294,0.8755999803543091,0.8693000078201294,0.8702999949455261,40266,0.0,0.0
2026-02-24 14:40:00-05:00,0.8737000226974487,0.8748000264167786,0.8701000213623047,0.8702999949455261,67871,0.0,0.0
2026-02-24 14:45:00-05:00,0.8701000213623047,0.8726999759674072,0.8651999831199646,0.8708999752998352,24538,0.0,0.0
2026-02-24 14:50:00-05:00,0.8708999752998352,0.8708999752998352,0.870199978351593,0.870199978351593,26173,0.0,0.0
2026-02-24 14:55:00-05:00,0.8701000213623047,0.8701000213623047,0.8672000169754028,0.868399977684021,36779,0.0,0.0
2026-02-24 15:00:00-05:00,0.8677999973297119,0.8687999844551086,0.866599977016449,0.8687999844551086,37742,0.0,0.0
2026-02-24 15:05:00-05:00,0.8690999746322632,0.8694999814033508,0.8690999746322632,0.8693000078201294,44122,0.0,0.0
2026-02-24 15:10:00-05:00,0.8679999709129333,0.8679999709129333,0.8633999824523926,0.8654000163078308,16931,0.0,0.0
2026-02-24 15:15:00-05:00,0.8658999800682068,0.8662999868392944,0.8658000230789185,0.8662999868392944,5317,0.0,0.0
2026-02-24 15:20:00-05:00,0.8662999868392944,0.8677999973297119,0.8662999868392944,0.8669000267982483,19040,0.0,0.0
2026-02-24 15:25:00-05:00,0.8673999905586243,0.8673999905586243,0.8639000058174133,0.8644999861717224,25771,0.0,0.0
2026-02-24 15:30:00-05:00,0.8641999959945679,0.866599977016449,0.8641999959945679,0.866599977016449,10649,0.0,0.0
2026-02-24 15:35:00-05:00,0.866599977016449,0.8675000071525574,0.8651000261306763,0.8673999905586243,82411,0.0,0.0
2026-02-24 15:40:00-05:00,0.868399977684021,0.8695999979972839,0.8671000003814697,0.8694999814033508,62676,0.0,0.0
2026-02-24 15:45:00-05:00,0.8700000047683716,0.8700000047683716,0.8698999881744385,0.8700000047683716,47060,0.0,0.0
2026-02-24 15:50:00-05:00,0.8700000047683716,0.8730000257492065,0.8698999881744385,0.8701000213623047,44615,0.0,0.0
2026-02-24 15:55:00-05:00,0.8701000213623047,0.8758000135421753,0.8673999905586243,0.8758000135421753,128039,0.0,0.0
2026-02-25 09:30:00-05:00,0.888700008392334,0.8999999761581421,0.8880000114440918,0.8999000191688538,168947,0.0,0.0
2026-02-25 09:35:00-05:00,0.8999000191688538,0.9096999764442444,0.899399995803833,0.9000999927520752,127331,0.0,0.0
2026-02-25 09:40:00-05:00,0.9010999798774719,0.9010999798774719,0.8902000188827515,0.891700029373169,37140,0.0,0.0
2026-02-25 09:45:00-05:00,0.8914999961853027,0.9078999757766724,0.8914999961853027,0.9078999757766724,86496,0.0,0.0
2026-02-25 09:50:00-05:00,0.9054999947547913,0.9185000061988831,0.9049999713897705,0.9100000262260437,170798,0.0,0.0
2026-02-25 09:55:00-05:00,0.9099000096321106,0.9186000227928162,0.9099000096321106,0.9110000133514404,79630,0.0,0.0
2026-02-25 10:00:00-05:00,0.9108999967575073,0.9108999967575073,0.9010000228881836,0.9028000235557556,188720,0.0,0.0
2026-02-25 10:05:00-05:00,0.9028000235557556,0.9047999978065491,0.8906000256538391,0.8906000256538391,181182,0.0,0.0
2026-02-25 10:10:00-05:00,0.8942999839782715,0.9039999842643738,0.8899999856948853,0.8942999839782715,27780,0.0,0.0
2026-02-25 10:15:00-05:00,0.8948000073432922,0.8949000239372253,0.8899999856948853,0.8901000022888184,11896,0.0,0.0
2026-02-25 10:20:00-05:00,0.8902000188827515,0.8902999758720398,0.8867999911308289,0.8867999911308289,75085,0.0,0.0
2026-02-25 10:25:00-05:00,0.8870999813079834,0.8870999813079834,0.8840000033378601,0.8866999745368958,107359,0.0,0.0
2026-02-25 10:30:00-05:00,0.8870000243186951,0.8949000239372253,0.8866000175476074,0.8924999833106995,29776,0.0,0.0
2026-02-25 10:35:00-05:00,0.8913000226020813,0.8913000226020813,0.8880000114440918,0.8888000249862671,7572,0.0,0.0
2026-02-25 10:40:00-05:00,0.8888000249862671,0.8921999931335449,0.8888000249862671,0.8921999931335449,18079,0.0,0.0
2026-02-25 10:45:00-05:00,0.8919000029563904,0.8919000029563904,0.8889999985694885,0.8891000151634216,34585,0.0,0.0
2026-02-25 10:50:00-05:00,0.8891000151634216,0.8891000151634216,0.8830999732017517,0.8845999836921692,12625,0.0,0.0
2026-02-25 10:55:00-05:00,0.8841000199317932,0.8841000199317932,0.881600022315979,0.8816999793052673,58754,0.0,0.0
2026-02-25 11:00:00-05:00,0.881600022315979,0.8816999793052673,0.8700000047683716,0.8722000122070312,84338,0.0,0.0
2026-02-25 11:05:00-05:00,0.8737999796867371,0.8740000128746033,0.8700000047683716,0.8723999857902527,82493,0.0,0.0
2026-02-25 11:10:00-05:00,0.8723999857902527,0.8730000257492065,0.864799976348877,0.8650000095367432,78785,0.0,0.0
2026-02-25 11:15:00-05:00,0.8673999905586243,0.8683000206947327,0.8604000210762024,0.866599977016449,47504,0.0,0.0
2026-02-25 11:20:00-05:00,0.8675000071525574,0.8730000257492065,0.8675000071525574,0.8715999722480774,34918,0.0,0.0
2026-02-25 11:25:00-05:00,0.8722000122070312,0.8730999827384949,0.8720999956130981,0.8730000257492065,25922,0.0,0.0
2026-02-25 11:30:00-05:00,0.8730999827384949,0.8730999827384949,0.8730000257492065,0.8730999827384949,1484,0.0,0.0
2026-02-25 11:35:00-05:00,0.8730000257492065,0.8730999827384949,0.8687999844551086,0.8687999844551086,15029,0.0,0.0
2026-02-25 11:40:00-05:00,0.8690999746322632,0.8690999746322632,0.8604000210762024,0.8616999983787537,113497,0.0,0.0
2026-02-25 11:45:00-05:00,0.864300012588501,0.8666999936103821,0.8621000051498413,0.8655999898910522,22573,0.0,0.0
2026-02-25 11:50:00-05:00,0.8658999800682068,0.8727999925613403,0.8652999997138977,0.8708999752998352,52294,0.0,0.0
2026-02-25 11:55:00-05:00,0.8701000213623047,0.8708000183105469,0.8687999844551086,0.8708000183105469,24368,0.0,0.0
2026-02-25 12:00:00-05:00,0.8708999752998352,0.8745999932289124,0.8708999752998352,0.8744000196456909,35805,0.0,0.0
2026-02-25 12:05:00-05:00,0.8740000128746033,0.8755000233650208,0.8734999895095825,0.8754000067710876,6954,0.0,0.0
2026-02-25 12:10:00-05:00,0.8755000233650208,0.8769999742507935,0.8755000233650208,0.8769999742507935,11920,0.0,0.0
2026-02-25 12:15:00-05:00,0.878000020980835,0.8809000253677368,0.878000020980835,0.8797000050544739,14512,0.0,0.0
2026-02-25 12:20:00-05:00,0.8791000247001648,0.8794999718666077,0.8780999779701233,0.8790000081062317,478744,0.0,0.0
2026-02-25 12:25:00-05:00,0.8780999779701233,0.8780999779701233,0.8708000183105469,0.8727999925613403,0,0.0,0.0
2026-02-25 12:30:00-05:00,0.8748000264167786,0.8748000264167786,0.871399998664856,0.8723999857902527,22195,0.0,0.0
2026-02-25 12:35:00-05:00,0.871999979019165,0.8738999962806702,0.8665000200271606,0.8691999912261963,27428,0.0,0.0
2026-02-25 12:40:00-05:00,0.8687999844551086,0.8708999752998352,0.8680999875068665,0.8694999814033508,12374,0.0,0.0
2026-02-25 12:45:00-05:00,0.8695999979972839,0.8698999881744385,0.8695999979972839,0.8698999881744385,25974,0.0,0.0
2026-02-25 12:50:00-05:00,0.8697999715805054,0.8773000240325928,0.8697999715805054,0.8773000240325928,24686,0.0,0.0
2026-02-25 12:55:00-05:00,0.8736000061035156,0.8748999834060669,0.8736000061035156,0.8736000061035156,1728,0.0,0.0
2026-02-25 13:00:00-05:00,0.875,0.8822000026702881,0.875,0.8822000026702881,510303,0.0,0.0
2026-02-25 13:05:00-05:00,0.8841000199317932,0.8841000199317932,0.8590999841690063,0.8708999752998352,0,0.0,0.0
2026-02-25 13:10:00-05:00,0.8709999918937683,0.8809000253677368,0.8700000047683716,0.8700000047683716,25229,0.0,0.0
2026-02-25 13:15:00-05:00,0.8756999969482422,0.8756999969482422,0.8700000047683716,0.8715999722480774,5956,0.0,0.0
2026-02-25 13:20:00-05:00,0.8715000152587891,0.8716999888420105,0.8715000152587891,0.8715999722480774,10918,0.0,0.0
2026-02-25 13:25:00-05:00,0.8716999888420105,0.8788999915122986,0.8715999722480774,0.8779000043869019,45510,0.0,0.0
2026-02-25 13:30:00-05:00,0.8770999908447266,0.878000020980835,0.8600000143051147,0.8700000047683716,723486,0.0,0.0
2026-02-25 13:35:00-05:00,0.8698999881744385,0.8700000047683716,0.8680999875068665,0.8690000176429749,0,0.0,0.0
2026-02-25 13:40:00-05:00,0.8690999746322632,0.8693000078201294,0.8690999746322632,0.8691999912261963,8020,0.0,0.0
2026-02-25 13:45:00-05:00,0.8691999912261963,0.8691999912261963,0.8603000044822693,0.8603000044822693,25770,0.0,0.0
2026-02-25 13:50:00-05:00,0.8608999848365784,0.8650000095367432,0.8608999848365784,0.8650000095367432,28030,0.0,0.0
2026-02-25 13:55:00-05:00,0.8650000095367432,0.8654000163078308,0.8615000247955322,0.8615000247955322,20503,0.0,0.0
2026-02-25 14:00:00-05:00,0.8574000000953674,0.8615000247955322,0.8525999784469604,0.859000027179718,55023,0.0,0.0
2026-02-25 14:05:00-05:00,0.8593999743461609,0.8593999743461609,0.8531000018119812,0.8531000018119812,11494,0.0,0.0
2026-02-25 14:10:00-05:00,0.8557000160217285,0.8592000007629395,0.8555999994277954,0.8592000007629395,22794,0.0,0.0
2026-02-25 14:15:00-05:00,0.8590999841690063,0.8600000143051147,0.8586999773979187,0.8586999773979187,4061,0.0,0.0
2026-02-25 14:20:00-05:00,0.8593000173568726,0.8598999977111816,0.8540999889373779,0.8557999730110168,42198,0.0,0.0
2026-02-25 14:25:00-05:00,0.8557999730110168,0.8597999811172485,0.8557999730110168,0.8564000129699707,14091,0.0,0.0
2026-02-25 14:30:00-05:00,0.8593999743461609,0.8600000143051147,0.8583999872207642,0.8600000143051147,6038,0.0,0.0
2026-02-25 14:35:00-05:00,0.8600000143051147,0.8600000143051147,0.8593000173568726,0.8593999743461609,5585,0.0,0.0
2026-02-25 14:40:00-05:00,0.859499990940094,0.859499990940094,0.8438000082969666,0.8521000146865845,70763,0.0,0.0
2026-02-25 14:45:00-05:00,0.8547000288963318,0.8565999865531921,0.8529000282287598,0.8529999852180481,21666,0.0,0.0
2026-02-25 14:50:00-05:00,0.8529999852180481,0.85589998960495,0.8529999852180481,0.8543999791145325,28440,0.0,0.0
2026-02-25 14:55:00-05:00,0.8543999791145325,0.8549000024795532,0.8543999791145325,0.8546000123023987,10421,0.0,0.0
2026-02-25 15:00:00-05:00,0.8544999957084656,0.8546000123023987,0.8540999889373779,0.8540999889373779,14926,0.0,0.0
2026-02-25 15:05:00-05:00,0.854200005531311,0.8543000221252441,0.8535000085830688,0.853600025177002,5838,0.0,0.0
2026-02-25 15:10:00-05:00,0.8539000153541565,0.8539000153541565,0.852400004863739,0.852400004863739,8995,0.0,0.0
2026-02-25 15:15:00-05:00,0.8521999716758728,0.8521999716758728,0.8500000238418579,0.8503000140190125,24702,0.0,0.0
2026-02-25 15:20:00-05:00,0.8501999974250793,0.8529999852180481,0.8501999974250793,0.850600004196167,39034,0.0,0.0
2026-02-25 15:25:00-05:00,0.8514999747276306,0.8514999747276306,0.8504999876022339,0.8508999943733215,3576,0.0,0.0
2026-02-25 15:30:00-05:00,0.8507000207901001,0.8508999943733215,0.8447999954223633,0.8450000286102295,36740,0.0,0.0
2026-02-25 15:35:00-05:00,0.8471999764442444,0.8495000004768372,0.8407999873161316,0.84170001745224,27456,0.0,0.0
2026-02-25 15:40:00-05:00,0.8418999910354614,0.8424000144004822,0.8411999940872192,0.8414000272750854,36300,0.0,0.0
2026-02-25 15:45:00-05:00,0.8414999842643738,0.8440999984741211,0.8414999842643738,0.8432000279426575,25998,0.0,0.0
2026-02-25 15:50:00-05:00,0.8431000113487244,0.8442000150680542,0.8414000272750854,0.8421000242233276,47001,0.0,0.0
2026-02-25 15:55:00-05:00,0.8420000076293945,0.8421000242233276,0.832099974155426,0.8409000039100647,124805,0.0,0.0
2026-02-26 09:30:00-05:00,0.84170001745224,0.8500000238418579,0.8328999876976013,0.8422999978065491,65166,0.0,0.0
2026-02-26 09:35:00-05:00,0.8345999717712402,0.8399999737739563,0.8303999900817871,0.8388000130653381,95898,0.0,0.0
2026-02-26 09:40:00-05:00,0.8414999842643738,0.8417999744415283,0.833899974822998,0.833899974822998,103316,0.0,0.0
2026-02-26 09:45:00-05:00,0.8356999754905701,0.8396000266075134,0.8320000171661377,0.8378999829292297,30655,0.0,0.0
2026-02-26 09:50:00-05:00,0.8399999737739563,0.8493000268936157,0.8399999737739563,0.8446000218391418,15524,0.0,0.0
2026-02-26 09:55:00-05:00,0.8460000157356262,0.8489999771118164,0.8442999720573425,0.8442999720573425,5387,0.0,0.0
2026-02-26 10:00:00-05:00,0.8442000150680542,0.8442000150680542,0.8303999900817871,0.8345000147819519,36589,0.0,0.0
2026-02-26 10:05:00-05:00,0.8345000147819519,0.847599983215332,0.830299973487854,0.8457000255584717,16395,0.0,0.0
2026-02-26 10:10:00-05:00,0.8457000255584717,0.8481000065803528,0.845300018787384,0.8468000292778015,12079,0.0,0.0
2026-02-26 10:15:00-05:00,0.84579998254776,0.84579998254776,0.8353000283241272,0.8375999927520752,9273,0.0,0.0
2026-02-26 10:20:00-05:00,0.8385999798774719,0.8385999798774719,0.8349999785423279,0.8370000123977661,18880,0.0,0.0
2026-02-26 10:25:00-05:00,0.8367999792098999,0.8474000096321106,0.8367999792098999,0.8432999849319458,6623,0.0,0.0
2026-02-26 10:30:00-05:00,0.8396000266075134,0.8424999713897705,0.8385000228881836,0.8385000228881836,8387,0.0,0.0
2026-02-26 10:35:00-05:00,0.840399980545044,0.8424999713897705,0.8384000062942505,0.8424999713897705,7927,0.0,0.0
2026-02-26 10:40:00-05:00,0.8424999713897705,0.847000002861023,0.8424999713897705,0.847000002861023,11657,0.0,0.0
2026-02-26 10:45:00-05:00,0.8475000262260437,0.8475000262260437,0.8438000082969666,0.8461999893188477,25651,0.0,0.0
2026-02-26 10:50:00-05:00,0.8446999788284302,0.8561999797821045,0.8446999788284302,0.8532000184059143,21456,0.0,0.0
2026-02-26 10:55:00-05:00,0.8557999730110168,0.8557999730110168,0.8532999753952026,0.8532999753952026,5456,0.0,0.0
2026-02-26 11:00:00-05:00,0.8532999753952026,0.8546000123023987,0.8518999814987183,0.8522999882698059,4545,0.0,0.0
2026-02-26 11:05:00-05:00,0.852400004863739,0.852400004863739,0.8500999808311462,0.8514000177383423,10507,0.0,0.0
2026-02-26 11:10:00-05:00,0.8500999808311462,0.8529000282287598,0.8500000238418579,0.8500999808311462,28809,0.0,0.0
2026-02-26 11:15:00-05:00,0.8507999777793884,0.8507999777793884,0.84170001745224,0.84170001745224,29590,0.0,0.0
2026-02-26 11:20:00-05:00,0.8411999940872192,0.843500018119812,0.8400999903678894,0.8411999940872192,9189,0.0,0.0
2026-02-26 11:25:00-05:00,0.8432999849319458,0.8442999720573425,0.8424999713897705,0.8424999713897705,16236,0.0,0.0
2026-02-26 11:30:00-05:00,0.842199981212616,0.8431000113487244,0.8407999873161316,0.8410999774932861,18029,0.0,0.0
2026-02-26 11:35:00-05:00,0.8410999774932861,0.8411999940872192,0.8345999717712402,0.8345999717712402,46899,0.0,0.0
2026-02-26 11:40:00-05:00,0.8349999785423279,0.8361999988555908,0.8345999717712402,0.8356999754905701,104748,0.0,0.0
2026-02-26 11:45:00-05:00,0.8357999920845032,0.8525000214576721,0.8353999853134155,0.8499000072479248,449218,0.0,0.0
2026-02-26 11:50:00-05:00,0.8438000082969666,0.8511999845504761,0.83160001039505,0.8335000276565552,374189,0.0,0.0
2026-02-26 11:55:00-05:00,0.8349000215530396,0.8363000154495239,0.8325999975204468,0.8337000012397766,22941,0.0,0.0
2026-02-26 12:00:00-05:00,0.8328999876976013,0.8348000049591064,0.8328999876976013,0.8345000147819519,26171,0.0,0.0
2026-02-26 12:05:00-05:00,0.8345000147819519,0.8429999947547913,0.8345000147819519,0.8393999934196472,44467,0.0,0.0
2026-02-26 12:10:00-05:00,0.8384000062942505,0.8393999934196472,0.8367000222206116,0.8367999792098999,7074,0.0,0.0
2026-02-26 12:15:00-05:00,0.8313999772071838,0.8314999938011169,0.8151000142097473,0.8176000118255615,90265,0.0,0.0
2026-02-26 12:20:00-05:00,0.8151000142097473,0.8192999958992004,0.8151000142097473,0.8172000050544739,92722,0.0,0.0
2026-02-26 12:25:00-05:00,0.8172000050544739,0.8172000050544739,0.8159999847412109,0.8159999847412109,19094,0.0,0.0
2026-02-26 12:30:00-05:00,0.8167999982833862,0.8167999982833862,0.8154000043869019,0.8167999982833862,13071,0.0,0.0
2026-02-26 12:35:00-05:00,0.8169000148773193,0.8169000148773193,0.8125,0.8133999705314636,36531,0.0,0.0
2026-02-26 12:40:00-05:00,0.8130000233650208,0.8137000203132629,0.8029999732971191,0.8064000010490417,53090,0.0,0.0
2026-02-26 12:45:00-05:00,0.805899977684021,0.8064000010490417,0.8030999898910522,0.8036999702453613,50252,0.0,0.0
2026-02-26 12:50:00-05:00,0.8040000200271606,0.8062000274658203,0.8040000200271606,0.8058000206947327,23570,0.0,0.0
2026-02-26 12:55:00-05:00,0.8062000274658203,0.8144999742507935,0.8061000108718872,0.8104000091552734,36311,0.0,0.0
2026-02-26 13:00:00-05:00,0.8123000264167786,0.8123000264167786,0.8058000206947327,0.805899977684021,17343,0.0,0.0
2026-02-26 13:05:00-05:00,0.805899977684021,0.805899977684021,0.8001000285148621,0.8001000285148621,74031,0.0,0.0
2026-02-26 13:10:00-05:00,0.8001000285148621,0.8021000027656555,0.800000011920929,0.8021000027656555,95786,0.0,0.0
2026-02-26 13:15:00-05:00,0.8021000027656555,0.8111000061035156,0.8021000027656555,0.8093000054359436,80534,0.0,0.0
2026-02-26 13:20:00-05:00,0.8093000054359436,0.8093000054359436,0.800000011920929,0.8012999892234802,47376,0.0,0.0
2026-02-26 13:25:00-05:00,0.800599992275238,0.8026000261306763,0.800599992275238,0.801800012588501,7476,0.0,0.0
2026-02-26 13:30:00-05:00,0.800599992275238,0.8040000200271606,0.800599992275238,0.8040000200271606,39463,0.0,0.0
2026-02-26 13:35:00-05:00,0.8047999739646912,0.8087000250816345,0.8047999739646912,0.8083000183105469,1405,0.0,0.0
2026-02-26 13:40:00-05:00,0.809499979019165,0.8098000288009644,0.8059999942779541,0.8059999942779541,44530,0.0,0.0
2026-02-26 13:45:00-05:00,0.8068000078201294,0.8068000078201294,0.8059999942779541,0.8059999942779541,18227,0.0,0.0
2026-02-26 13:50:00-05:00,0.8061000108718872,0.8061000108718872,0.8059999942779541,0.8061000108718872,62287,0.0,0.0
2026-02-26 13:55:00-05:00,0.8061000108718872,0.8061000108718872,0.8040000200271606,0.8058000206947327,19313,0.0,0.0
2026-02-26 14:00:00-05:00,0.8055999875068665,0.8057000041007996,0.8041999936103821,0.8048999905586243,15962,0.0,0.0
2026-02-26 14:05:00-05:00,0.8048999905586243,0.8075000047683716,0.8048999905586243,0.8073999881744385,54652,0.0,0.0
2026-02-26 14:10:00-05:00,0.8058000206947327,0.810699999332428,0.8058000206947327,0.810699999332428,18976,0.0,0.0
2026-02-26 14:15:00-05:00,0.8108000159263611,0.8130999803543091,0.8108000159263611,0.8118000030517578,32017,0.0,0.0
2026-02-26 14:20:00-05:00,0.8118000030517578,0.8129000067710876,0.8101000189781189,0.8109999895095825,13079,0.0,0.0
2026-02-26 14:25:00-05:00,0.8109999895095825,0.8109999895095825,0.8100000023841858,0.8102999925613403,5442,0.0,0.0
2026-02-26 14:30:00-05:00,0.8100000023841858,0.8109999895095825,0.807200014591217,0.8109999895095825,47014,0.0,0.0
2026-02-26 14:35:00-05:00,0.8109999895095825,0.8118000030517578,0.8108999729156494,0.8115000128746033,8284,0.0,0.0
2026-02-26 14:40:00-05:00,0.8118000030517578,0.8118000030517578,0.8116000294685364,0.8116999864578247,4347,0.0,0.0
2026-02-26 14:45:00-05:00,0.8116999864578247,0.8174999952316284,0.8116999864578247,0.8174999952316284,50038,0.0,0.0
2026-02-26 14:50:00-05:00,0.8174999952316284,0.8174999952316284,0.8155999779701233,0.8159000277519226,48956,0.0,0.0
2026-02-26 14:55:00-05:00,0.8172000050544739,0.8172000050544739,0.8118000030517578,0.8118000030517578,38327,0.0,0.0
2026-02-26 15:00:00-05:00,0.8118000030517578,0.8149999976158142,0.8118000030517578,0.8145999908447266,7544,0.0,0.0
2026-02-26 15:05:00-05:00,0.8145999908447266,0.821399986743927,0.8145999908447266,0.819100022315979,5305,0.0,0.0
2026-02-26 15:10:00-05:00,0.819100022315979,0.821399986743927,0.8190000057220459,0.819100022315979,5800,0.0,0.0
2026-02-26 15:15:00-05:00,0.819100022315979,0.8199999928474426,0.8184999823570251,0.8194000124931335,64202,0.0,0.0
2026-02-26 15:20:00-05:00,0.8199999928474426,0.8270999789237976,0.8198999762535095,0.8240000009536743,27849,0.0,0.0
2026-02-26 15:25:00-05:00,0.8209999799728394,0.8246999979019165,0.8208000063896179,0.8217999935150146,38613,0.0,0.0
2026-02-26 15:30:00-05:00,0.8219000101089478,0.8220000267028809,0.8219000101089478,0.8220000267028809,92086,0.0,0.0
2026-02-26 15:35:00-05:00,0.8219000101089478,0.8220000267028809,0.8219000101089478,0.8220000267028809,42809,0.0,0.0
2026-02-26 15:40:00-05:00,0.8220000267028809,0.8238000273704529,0.8220000267028809,0.8238000273704529,9317,0.0,0.0
2026-02-26 15:45:00-05:00,0.8234999775886536,0.8256999850273132,0.8230999708175659,0.8256999850273132,35617,0.0,0.0
2026-02-26 15:50:00-05:00,0.8256999850273132,0.8274000287055969,0.824400007724762,0.8274000287055969,28361,0.0,0.0
2026-02-26 15:55:00-05:00,0.8274000287055969,0.8342999815940857,0.8269000053405762,0.8328999876976013,107583,0.0,0.0
2026-02-27 09:30:00-05:00,0.8100000023841858,0.8159000277519226,0.7950000166893005,0.7950000166893005,315749,0.0,0.0
2026-02-27 09:35:00-05:00,0.8032000064849854,0.8098000288009644,0.7900000214576721,0.8009999990463257,72167,0.0,0.0
2026-02-27 09:40:00-05:00,0.8097000122070312,0.8097000122070312,0.7799999713897705,0.7949000000953674,296924,0.0,0.0
2026-02-27 09:45:00-05:00,0.7914999723434448,0.800000011920929,0.7847999930381775,0.7944999933242798,0,0.0,0.0
2026-02-27 09:50:00-05:00,0.7982000112533569,0.7994999885559082,0.7875000238418579,0.7904000282287598,30010,0.0,0.0
2026-02-27 09:55:00-05:00,0.7875999808311462,0.7914999723434448,0.7835000157356262,0.7857999801635742,18961,0.0,0.0
2026-02-27 10:00:00-05:00,0.7850000262260437,0.7857000231742859,0.7806000113487244,0.782800018787384,69315,0.0,0.0
2026-02-27 10:05:00-05:00,0.7828999757766724,0.7836999893188477,0.7821000218391418,0.7821999788284302,38131,0.0,0.0
2026-02-27 10:10:00-05:00,0.7822999954223633,0.7822999954223633,0.7804999947547913,0.7810999751091003,73169,0.0,0.0
2026-02-27 10:15:00-05:00,0.7810999751091003,0.7843000292778015,0.7802000045776367,0.7802000045776367,70269,0.0,0.0
2026-02-27 10:20:00-05:00,0.7807000279426575,0.7924000024795532,0.7807000279426575,0.7875999808311462,11295,0.0,0.0
2026-02-27 10:25:00-05:00,0.7924000024795532,0.7924000024795532,0.7875999808311462,0.7922999858856201,40000,0.0,0.0
2026-02-27 10:30:00-05:00,0.7932999730110168,0.7957000136375427,0.7906000018119812,0.7919999957084656,22592,0.0,0.0
2026-02-27 10:35:00-05:00,0.7924000024795532,0.7997000217437744,0.7918999791145325,0.7935000061988831,19335,0.0,0.0
2026-02-27 10:40:00-05:00,0.7935000061988831,0.7940000295639038,0.7922000288963318,0.7929999828338623,17498,0.0,0.0
2026-02-27 10:45:00-05:00,0.7929999828338623,0.7932000160217285,0.7906000018119812,0.7912999987602234,56816,0.0,0.0
2026-02-27 10:50:00-05:00,0.7907000184059143,0.7914000153541565,0.7900000214576721,0.7901999950408936,9067,0.0,0.0
2026-02-27 10:55:00-05:00,0.7901999950408936,0.7901999950408936,0.7875000238418579,0.7896000146865845,67957,0.0,0.0
2026-02-27 11:00:00-05:00,0.7896000146865845,0.7896000146865845,0.7885000109672546,0.7886000275611877,12147,0.0,0.0
2026-02-27 11:05:00-05:00,0.7886000275611877,0.7886000275611877,0.7875000238418579,0.7875000238418579,6660,0.0,0.0
2026-02-27 11:10:00-05:00,0.7875000238418579,0.7888000011444092,0.7875000238418579,0.7882999777793884,44051,0.0,0.0
2026-02-27 11:15:00-05:00,0.7882999777793884,0.7903000116348267,0.7882999777793884,0.7903000116348267,16611,0.0,0.0
2026-02-27 11:20:00-05:00,0.7886999845504761,0.7904000282287598,0.7875999808311462,0.7904000282287598,13337,0.0,0.0
2026-02-27 11:25:00-05:00,0.7889999747276306,0.7904000282287598,0.7889999747276306,0.7904000282287598,16768,0.0,0.0
2026-02-27 11:30:00-05:00,0.789900004863739,0.7949000000953674,0.7897999882698059,0.7919999957084656,24305,0.0,0.0
2026-02-27 11:35:00-05:00,0.7910000085830688,0.7929999828338623,0.7900999784469604,0.7929999828338623,11568,0.0,0.0
2026-02-27 11:40:00-05:00,0.7918999791145325,0.7918999791145325,0.7914000153541565,0.7914000153541565,1146,0.0,0.0
2026-02-27 11:45:00-05:00,0.7906000018119812,0.7915999889373779,0.7889999747276306,0.7889999747276306,14298,0.0,0.0
2026-02-27 11:50:00-05:00,0.7890999913215637,0.7900000214576721,0.7889999747276306,0.7896999716758728,9885,0.0,0.0
2026-02-27 11:55:00-05:00,0.7900000214576721,0.7900000214576721,0.7894999980926514,0.7894999980926514,3292,0.0,0.0
2026-02-27 12:00:00-05:00,0.7896999716758728,0.7900000214576721,0.7896999716758728,0.7900000214576721,453447,0.0,0.0
2026-02-27 12:05:00-05:00,0.7900000214576721,0.7943999767303467,0.789900004863739,0.7943999767303467,0,0.0,0.0
2026-02-27 12:10:00-05:00,0.791700005531311,0.7918999791145325,0.7906000018119812,0.7907000184059143,6316,0.0,0.0
2026-02-27 12:15:00-05:00,0.7906000018119812,0.7919999957084656,0.7875999808311462,0.7890999913215637,5248,0.0,0.0
2026-02-27 12:20:00-05:00,0.7883999943733215,0.7890999913215637,0.785099983215332,0.7858999967575073,6479,0.0,0.0
2026-02-27 12:25:00-05:00,0.7858999967575073,0.7861999869346619,0.7858999967575073,0.7861999869346619,8763,0.0,0.0
2026-02-27 12:30:00-05:00,0.786300003528595,0.7883999943733215,0.7861999869346619,0.7882999777793884,13415,0.0,0.0
2026-02-27 12:35:00-05:00,0.7882999777793884,0.7897999882698059,0.786899983882904,0.7879999876022339,10043,0.0,0.0
2026-02-27 12:40:00-05:00,0.7879999876022339,0.7890999913215637,0.786300003528595,0.786300003528595,13852,0.0,0.0
2026-02-27 12:45:00-05:00,0.786300003528595,0.786899983882904,0.7850000262260437,0.7853000164031982,19348,0.0,0.0
2026-02-27 12:50:00-05:00,0.7850000262260437,0.7853000164031982,0.7832000255584717,0.7843999862670898,463085,0.0,0.0
2026-02-27 12:55:00-05:00,0.7838000059127808,0.7838000059127808,0.7831000089645386,0.7833999991416931,3654,0.0,0.0
2026-02-27 13:00:00-05:00,0.7833999991416931,0.7833999991416931,0.781000018119812,0.781000018119812,0,0.0,0.0
2026-02-27 13:05:00-05:00,0.781000018119812,0.7810999751091003,0.7806000113487244,0.7806000113487244,7324,0.0,0.0
2026-02-27 13:10:00-05:00,0.7809000015258789,0.7809000015258789,0.7749999761581421,0.7749999761581421,610807,0.0,0.0
2026-02-27 13:15:00-05:00,0.775600016117096,0.777999997138977,0.7752000093460083,0.7764999866485596,0,0.0,0.0
2026-02-27 13:20:00-05:00,0.7757999897003174,0.7760000228881836,0.7749999761581421,0.7750999927520752,21883,0.0,0.0
2026-02-27 13:25:00-05:00,0.7752000093460083,0.7752000093460083,0.7699999809265137,0.7699999809265137,63369,0.0,0.0
2026-02-27 13:30:00-05:00,0.7700999975204468,0.7700999975204468,0.7699999809265137,0.7700999975204468,20623,0.0,0.0
2026-02-27 13:35:00-05:00,0.7700999975204468,0.7700999975204468,0.7699999809265137,0.7700999975204468,4239,0.0,0.0
2026-02-27 13:40:00-05:00,0.7700999975204468,0.7700999975204468,0.7699999809265137,0.7700999975204468,60176,0.0,0.0
2026-02-27 13:45:00-05:00,0.7699999809265137,0.7700999975204468,0.7649999856948853,0.7649999856948853,18503,0.0,0.0
2026-02-27 13:50:00-05:00,0.765999972820282,0.7706000208854675,0.765999972820282,0.7703999876976013,114927,0.0,0.0
2026-02-27 13:55:00-05:00,0.7705000042915344,0.7705000042915344,0.7660999894142151,0.7684000134468079,47808,0.0,0.0
2026-02-27 14:00:00-05:00,0.7692999839782715,0.7706000208854675,0.7670999765396118,0.7705000042915344,46982,0.0,0.0
2026-02-27 14:05:00-05:00,0.769599974155426,0.7705000042915344,0.7667999863624573,0.7674000263214111,8373,0.0,0.0
2026-02-27 14:10:00-05:00,0.7664999961853027,0.7706000208854675,0.7664999961853027,0.7702999711036682,43746,0.0,0.0
2026-02-27 14:15:00-05:00,0.7702999711036682,0.7702999711036682,0.7699999809265137,0.7702999711036682,2718,0.0,0.0
2026-02-27 14:20:00-05:00,0.7702999711036682,0.7705000042915344,0.7699999809265137,0.7700999975204468,2726,0.0,0.0
2026-02-27 14:25:00-05:00,0.7700999975204468,0.7706000208854675,0.7699999809265137,0.7699999809265137,19665,0.0,0.0
2026-02-27 14:30:00-05:00,0.7699999809265137,0.7713000178337097,0.7681999802589417,0.7713000178337097,29762,0.0,0.0
2026-02-27 14:35:00-05:00,0.7713000178337097,0.7781000137329102,0.7713000178337097,0.7749000191688538,4130,0.0,0.0
2026-02-27 14:40:00-05:00,0.7720999717712402,0.7720999717712402,0.7684999704360962,0.7705000042915344,23000,0.0,0.0
2026-02-27 14:45:00-05:00,0.7709000110626221,0.7709000110626221,0.7699999809265137,0.7700999975204468,14155,0.0,0.0
2026-02-27 14:50:00-05:00,0.7700999975204468,0.7750999927520752,0.7699999809265137,0.7717000246047974,7830,0.0,0.0
2026-02-27 14:55:00-05:00,0.7735999822616577,0.7757999897003174,0.7720000147819519,0.7732999920845032,3898,0.0,0.0
2026-02-27 15:00:00-05:00,0.7720000147819519,0.789900004863739,0.7720000147819519,0.7864000201225281,144756,0.0,0.0
2026-02-27 15:05:00-05:00,0.786300003528595,0.7910000085830688,0.7815999984741211,0.7825000286102295,25499,0.0,0.0
2026-02-27 15:10:00-05:00,0.7846999764442444,0.7846999764442444,0.7815999984741211,0.7820000052452087,45519,0.0,0.0
2026-02-27 15:15:00-05:00,0.7820000052452087,0.788100004196167,0.7820000052452087,0.7878000140190125,13732,0.0,0.0
2026-02-27 15:20:00-05:00,0.7878000140190125,0.7889999747276306,0.7878000140190125,0.7883999943733215,2712,0.0,0.0
2026-02-27 15:25:00-05:00,0.7882000207901001,0.7886000275611877,0.7842000126838684,0.7843000292778015,13677,0.0,0.0
2026-02-27 15:30:00-05:00,0.7843000292778015,0.7843000292778015,0.7803000211715698,0.7806000113487244,4730,0.0,0.0
2026-02-27 15:35:00-05:00,0.7800999879837036,0.7810999751091003,0.7800999879837036,0.7806000113487244,6283,0.0,0.0
2026-02-27 15:40:00-05:00,0.7806000113487244,0.7865999937057495,0.7804999947547913,0.7809000015258789,39661,0.0,0.0
2026-02-27 15:45:00-05:00,0.7810999751091003,0.7865999937057495,0.7807000279426575,0.7820000052452087,9967,0.0,0.0
2026-02-27 15:50:00-05:00,0.781000018119812,0.7861999869346619,0.7809000015258789,0.7831000089645386,41027,0.0,0.0
2026-02-27 15:55:00-05:00,0.7832000255584717,0.791700005531311,0.7810999751091003,0.78329998254776,141015,0.0,0.0
2026-03-02 09:30:00-05:00,0.760699987411499,0.7688999772071838,0.7599999904632568,0.7688000202178955,124667,0.0,0.0
2026-03-02 09:35:00-05:00,0.7689999938011169,0.7817999720573425,0.7689999938011169,0.7756999731063843,59049,0.0,0.0
2026-03-02 09:40:00-05:00,0.7804999947547913,0.7807000279426575,0.7709000110626221,0.776199996471405,15852,0.0,0.0
2026-03-02 09:45:00-05:00,0.7799000144004822,0.7815999984741211,0.7760999798774719,0.781000018119812,61345,0.0,0.0
2026-03-02 09:50:00-05:00,0.7804999947547913,0.7806000113487244,0.7699999809265137,0.7717000246047974,10280,0.0,0.0
2026-03-02 09:55:00-05:00,0.7717000246047974,0.7720000147819519,0.7689999938011169,0.770799994468689,169673,0.0,0.0
2026-03-02 10:00:00-05:00,0.7699000239372253,0.771399974822998,0.7689999938011169,0.770799994468689,0,0.0,0.0
2026-03-02 10:05:00-05:00,0.7709000110626221,0.7710000276565552,0.7709000110626221,0.7710000276565552,6889,0.0,0.0
2026-03-02 10:10:00-05:00,0.7709000110626221,0.7786999940872192,0.7702999711036682,0.7756999731063843,24219,0.0,0.0
2026-03-02 10:15:00-05:00,0.7785000205039978,0.7785000205039978,0.7754999995231628,0.775600016117096,43445,0.0,0.0
2026-03-02 10:20:00-05:00,0.7764000296592712,0.7767999768257141,0.7703999876976013,0.7703999876976013,15502,0.0,0.0
2026-03-02 10:25:00-05:00,0.7703999876976013,0.7742999792098999,0.7692999839782715,0.7692999839782715,7969,0.0,0.0
2026-03-02 10:30:00-05:00,0.7698000073432922,0.7698000073432922,0.7630000114440918,0.76419997215271,32397,0.0,0.0
2026-03-02 10:35:00-05:00,0.7649000287055969,0.765999972820282,0.7601000070571899,0.765999972820282,51847,0.0,0.0
2026-03-02 10:40:00-05:00,0.7659000158309937,0.7735999822616577,0.7659000158309937,0.7730000019073486,8986,0.0,0.0
2026-03-02 10:45:00-05:00,0.7730000019073486,0.7738000154495239,0.7730000019073486,0.7736999988555908,229238,0.0,0.0
2026-03-02 10:50:00-05:00,0.7736999988555908,0.7792999744415283,0.7703999876976013,0.7703999876976013,0,0.0,0.0
2026-03-02 10:55:00-05:00,0.7728999853134155,0.7739999890327454,0.7699999809265137,0.7738999724388123,11940,0.0,0.0
2026-03-02 11:00:00-05:00,0.7724999785423279,0.7739999890327454,0.7710999846458435,0.7720000147819519,17597,0.0,0.0
2026-03-02 11:05:00-05:00,0.7718999981880188,0.772599995136261,0.7716000080108643,0.772599995136261,2948,0.0,0.0
2026-03-02 11:10:00-05:00,0.772599995136261,0.772599995136261,0.7710000276565552,0.7710000276565552,36232,0.0,0.0
2026-03-02 11:15:00-05:00,0.7710000276565552,0.771399974822998,0.7652000188827515,0.7677000164985657,7490,0.0,0.0
2026-03-02 11:20:00-05:00,0.769599974155426,0.769599974155426,0.7670999765396118,0.767799973487854,264789,0.0,0.0
2026-03-02 11:25:00-05:00,0.7666000127792358,0.7667999863624573,0.7598999738693237,0.7616000175476074,0,0.0,0.0
2026-03-02 11:30:00-05:00,0.765999972820282,0.765999972820282,0.7623999714851379,0.7623999714851379,34094,0.0,0.0
2026-03-02 11:35:00-05:00,0.7634000182151794,0.7656999826431274,0.7634000182151794,0.7652999758720398,17885,0.0,0.0
2026-03-02 11:40:00-05:00,0.7653999924659729,0.766700029373169,0.7649999856948853,0.766700029373169,14113,0.0,0.0
2026-03-02 11:45:00-05:00,0.7674000263214111,0.7680000066757202,0.7666000127792358,0.7680000066757202,16479,0.0,0.0
2026-03-02 11:50:00-05:00,0.7680000066757202,0.7724000215530396,0.7680000066757202,0.7716000080108643,88140,0.0,0.0
2026-03-02 11:55:00-05:00,0.7727000117301941,0.7727000117301941,0.7717000246047974,0.7721999883651733,16785,0.0,0.0
2026-03-02 12:00:00-05:00,0.7720999717712402,0.7720999717712402,0.7685999870300293,0.7699999809265137,12856,0.0,0.0
2026-03-02 12:05:00-05:00,0.7700999975204468,0.7703999876976013,0.7699999809265137,0.7702999711036682,9136,0.0,0.0
2026-03-02 12:10:00-05:00,0.7703999876976013,0.7703999876976013,0.7696999907493591,0.7696999907493591,4467,0.0,0.0
2026-03-02 12:15:00-05:00,0.7698000073432922,0.7700999975204468,0.7698000073432922,0.7699999809265137,353337,0.0,0.0
2026-03-02 12:20:00-05:00,0.7700999975204468,0.7727000117301941,0.7699999809265137,0.7727000117301941,0,0.0,0.0
2026-03-02 12:25:00-05:00,0.7741000056266785,0.7746999859809875,0.7741000056266785,0.774399995803833,2264,0.0,0.0
2026-03-02 12:30:00-05:00,0.7741000056266785,0.7742999792098999,0.7702000141143799,0.7742999792098999,7130,0.0,0.0
2026-03-02 12:35:00-05:00,0.7724000215530396,0.7753999829292297,0.7724000215530396,0.7752000093460083,402102,0.0,0.0
2026-03-02 12:40:00-05:00,0.7752000093460083,0.7810999751091003,0.7749999761581421,0.7770000100135803,0,0.0,0.0
2026-03-02 12:45:00-05:00,0.7768999934196472,0.7778000235557556,0.7760000228881836,0.7770000100135803,10368,0.0,0.0
2026-03-02 12:50:00-05:00,0.7760000228881836,0.7778000235557556,0.7759000062942505,0.7767999768257141,389841,0.0,0.0
2026-03-02 12:55:00-05:00,0.7766000032424927,0.7767000198364258,0.7754999995231628,0.7760999798774719,0,0.0,0.0
2026-03-02 13:00:00-05:00,0.7766000032424927,0.7767000198364258,0.7763000130653381,0.7764999866485596,5541,0.0,0.0
2026-03-02 13:05:00-05:00,0.7767999768257141,0.781499981880188,0.7767999768257141,0.7807999849319458,443445,0.0,0.0
2026-03-02 13:10:00-05:00,0.7807999849319458,0.7809000015258789,0.7800999879837036,0.7804999947547913,0,0.0,0.0
2026-03-02 13:15:00-05:00,0.7806000113487244,0.7809000015258789,0.7806000113487244,0.7807000279426575,9714,0.0,0.0
2026-03-02 13:20:00-05:00,0.7809000015258789,0.7809000015258789,0.7799999713897705,0.7799999713897705,11816,0.0,0.0
2026-03-02 13:25:00-05:00,0.7799999713897705,0.7800999879837036,0.7799000144004822,0.7800999879837036,422818,0.0,0.0
2026-03-02 13:30:00-05:00,0.7802000045776367,0.7858999967575073,0.7800999879837036,0.785099983215332,25775,0.0,0.0
2026-03-02 13:35:00-05:00,0.785099983215332,0.7860999703407288,0.7846999764442444,0.7846999764442444,11899,0.0,0.0
2026-03-02 13:40:00-05:00,0.7850000262260437,0.7932999730110168,0.7850000262260437,0.7901999950408936,0,0.0,0.0
2026-03-02 13:45:00-05:00,0.7900999784469604,0.7911999821662903,0.7900999784469604,0.7907000184059143,16156,0.0,0.0
2026-03-02 13:50:00-05:00,0.7904999852180481,0.7904999852180481,0.7858999967575073,0.7878000140190125,467075,0.0,0.0
2026-03-02 13:55:00-05:00,0.7878000140190125,0.7878000140190125,0.7868000268936157,0.7868000268936157,0,0.0,0.0
2026-03-02 14:00:00-05:00,0.7861999869346619,0.7864000201225281,0.785099983215332,0.7860999703407288,13611,0.0,0.0
2026-03-02 14:05:00-05:00,0.7857000231742859,0.7864000201225281,0.7851999998092651,0.7864000201225281,29232,0.0,0.0
2026-03-02 14:10:00-05:00,0.7865999937057495,0.7874000072479248,0.7865999937057495,0.7871999740600586,4100,0.0,0.0
2026-03-02 14:15:00-05:00,0.7871999740600586,0.788100004196167,0.7871999740600586,0.788100004196167,31174,0.0,0.0
2026-03-02 14:20:00-05:00,0.7876999974250793,0.7993999719619751,0.7876999974250793,0.7940000295639038,19458,0.0,0.0
2026-03-02 14:25:00-05:00,0.7940000295639038,0.7944999933242798,0.7889999747276306,0.791700005531311,25107,0.0,0.0
2026-03-02 14:30:00-05:00,0.7918000221252441,0.7918000221252441,0.788100004196167,0.7893000245094299,12557,0.0,0.0
2026-03-02 14:35:00-05:00,0.7893000245094299,0.7893000245094299,0.7893000245094299,0.7893000245094299,3133,0.0,0.0
2026-03-02 14:40:00-05:00,0.786899983882904,0.7893000245094299,0.786899983882904,0.786899983882904,5886,0.0,0.0
2026-03-02 14:45:00-05:00,0.791700005531311,0.791700005531311,0.7893000245094299,0.7897999882698059,7892,0.0,0.0
2026-03-02 14:50:00-05:00,0.7896999716758728,0.7896999716758728,0.786899983882904,0.7879999876022339,8014,0.0,0.0
2026-03-02 14:55:00-05:00,0.7879999876022339,0.7886999845504761,0.7879999876022339,0.7886999845504761,6793,0.0,0.0
2026-03-02 15:00:00-05:00,0.7888000011444092,0.7900000214576721,0.7886999845504761,0.7900000214576721,114371,0.0,0.0
2026-03-02 15:05:00-05:00,0.7900000214576721,0.7904999852180481,0.7900000214576721,0.7903000116348267,30202,0.0,0.0
2026-03-02 15:10:00-05:00,0.7901999950408936,0.7901999950408936,0.7853999733924866,0.7867000102996826,66115,0.0,0.0
2026-03-02 15:15:00-05:00,0.7867000102996826,0.7922999858856201,0.7864999771118164,0.7922000288963318,13749,0.0,0.0
2026-03-02 15:20:00-05:00,0.7897999882698059,0.7925000190734863,0.7890999913215637,0.791700005531311,8732,0.0,0.0
2026-03-02 15:25:00-05:00,0.791700005531311,0.7919999957084656,0.7903000116348267,0.7904000282287598,11729,0.0,0.0
2026-03-02 15:30:00-05:00,0.7904999852180481,0.7967000007629395,0.7904999852180481,0.7958999872207642,42105,0.0,0.0
2026-03-02 15:35:00-05:00,0.7958999872207642,0.7958999872207642,0.79339998960495,0.7942000031471252,55074,0.0,0.0
2026-03-02 15:40:00-05:00,0.79339998960495,0.7942000031471252,0.7925999760627747,0.792900025844574,26062,0.0,0.0
2026-03-02 15:45:00-05:00,0.7925999760627747,0.7950000166893005,0.7925999760627747,0.7944999933242798,27543,0.0,0.0
2026-03-02 15:50:00-05:00,0.7944999933242798,0.7968999743461609,0.7940999865531921,0.7967000007629395,45746,0.0,0.0
2026-03-02 15:55:00-05:00,0.7968000173568726,0.8055999875068665,0.796500027179718,0.8015999794006348,770174,0.0,0.0
2026-03-03 09:30:00-05:00,0.7900000214576721,0.7971000075340271,0.771399974822998,0.7742999792098999,245667,0.0,0.0
2026-03-03 09:35:00-05:00,0.7718999981880188,0.7814000248908997,0.7620999813079834,0.7793999910354614,122627,0.0,0.0
2026-03-03 09:40:00-05:00,0.7785999774932861,0.7795000076293945,0.7599999904632568,0.7630000114440918,85024,0.0,0.0
2026-03-03 09:45:00-05:00,0.7656000256538391,0.7706000208854675,0.7617999911308289,0.7670999765396118,14479,0.0,0.0
2026-03-03 09:50:00-05:00,0.7631999850273132,0.769599974155426,0.7631999850273132,0.7649000287055969,26211,0.0,0.0
2026-03-03 09:55:00-05:00,0.7653999924659729,0.7666000127792358,0.7598999738693237,0.7598999738693237,55790,0.0,0.0
2026-03-03 10:00:00-05:00,0.7591999769210815,0.7598000168800354,0.7541000247001648,0.7541000247001648,95445,0.0,0.0
2026-03-03 10:05:00-05:00,0.7559000253677368,0.7598999738693237,0.7559000253677368,0.7598000168800354,51112,0.0,0.0
2026-03-03 10:10:00-05:00,0.7598999738693237,0.7599999904632568,0.7549999952316284,0.758899986743927,164942,0.0,0.0
2026-03-03 10:15:00-05:00,0.7597000002861023,0.7692000269889832,0.7595999836921692,0.7616000175476074,82061,0.0,0.0
2026-03-03 10:20:00-05:00,0.7615000009536743,0.7616000175476074,0.7541000247001648,0.7541000247001648,146438,0.0,0.0
2026-03-03 10:25:00-05:00,0.7541000247001648,0.7548999786376953,0.7540000081062317,0.7541000247001648,18450,0.0,0.0
2026-03-03 10:30:00-05:00,0.7544000148773193,0.7602999806404114,0.7542999982833862,0.760200023651123,39531,0.0,0.0
2026-03-03 10:35:00-05:00,0.7602999806404114,0.7669000029563904,0.7602999806404114,0.7628999948501587,96617,0.0,0.0
2026-03-03 10:40:00-05:00,0.7626000046730042,0.7657999992370605,0.7626000046730042,0.7653999924659729,15113,0.0,0.0
2026-03-03 10:45:00-05:00,0.7653999924659729,0.7670000195503235,0.7627999782562256,0.7627999782562256,21370,0.0,0.0
2026-03-03 10:50:00-05:00,0.7616000175476074,0.7630000114440918,0.7616000175476074,0.7628999948501587,5980,0.0,0.0
2026-03-03 10:55:00-05:00,0.7628999948501587,0.7635999917984009,0.7620000243186951,0.762499988079071,18583,0.0,0.0
2026-03-03 11:00:00-05:00,0.7641000151634216,0.7687000036239624,0.7631999850273132,0.767799973487854,21487,0.0,0.0
2026-03-03 11:05:00-05:00,0.767799973487854,0.7764000296592712,0.767799973487854,0.7735999822616577,159245,0.0,0.0
2026-03-03 11:10:00-05:00,0.7735999822616577,0.7738000154495239,0.7710000276565552,0.7720000147819519,7622,0.0,0.0
2026-03-03 11:15:00-05:00,0.7720000147819519,0.7727000117301941,0.7720000147819519,0.7723000049591064,15113,0.0,0.0
2026-03-03 11:20:00-05:00,0.7724000215530396,0.7724000215530396,0.765999972820282,0.7684000134468079,47955,0.0,0.0
2026-03-03 11:25:00-05:00,0.7692999839782715,0.7698000073432922,0.7692999839782715,0.769599974155426,11161,0.0,0.0
2026-03-03 11:30:00-05:00,0.769599974155426,0.769599974155426,0.7631999850273132,0.7660999894142151,25587,0.0,0.0
2026-03-03 11:35:00-05:00,0.7660999894142151,0.7699999809265137,0.7660999894142151,0.7692000269889832,53739,0.0,0.0
2026-03-03 11:40:00-05:00,0.7689999938011169,0.7799999713897705,0.7689999938011169,0.776199996471405,81473,0.0,0.0
2026-03-03 11:45:00-05:00,0.7778000235557556,0.779699981212616,0.7778000235557556,0.7786999940872192,12393,0.0,0.0
2026-03-03 11:50:00-05:00,0.7789000272750854,0.786300003528595,0.7789000272750854,0.786300003528595,12751,0.0,0.0
2026-03-03 11:55:00-05:00,0.7839000225067139,0.789900004863739,0.7839000225067139,0.789900004863739,11365,0.0,0.0
2026-03-03 12:00:00-05:00,0.7857000231742859,0.786899983882904,0.784600019454956,0.784600019454956,10867,0.0,0.0
2026-03-03 12:05:00-05:00,0.7846999764442444,0.7886000275611877,0.784600019454956,0.788100004196167,11564,0.0,0.0
2026-03-03 12:10:00-05:00,0.7879999876022339,0.7879999876022339,0.7832000255584717,0.786899983882904,16294,0.0,0.0
2026-03-03 12:15:00-05:00,0.786300003528595,0.7864000201225281,0.7856000065803528,0.7861999869346619,19089,0.0,0.0
2026-03-03 12:20:00-05:00,0.7861999869346619,0.7932999730110168,0.7858999967575073,0.7932999730110168,24798,0.0,0.0
2026-03-03 12:25:00-05:00,0.7907999753952026,0.7936999797821045,0.7903000116348267,0.7922999858856201,14095,0.0,0.0
2026-03-03 12:30:00-05:00,0.7936000227928162,0.7936000227928162,0.7907999753952026,0.7912999987602234,7679,0.0,0.0
2026-03-03 12:35:00-05:00,0.7907999753952026,0.791100025177002,0.7904000282287598,0.7904000282287598,15374,0.0,0.0
2026-03-03 12:40:00-05:00,0.7907999753952026,0.7919999957084656,0.7907999753952026,0.7918999791145325,19558,0.0,0.0
2026-03-03 12:45:00-05:00,0.7919999957084656,0.7928000092506409,0.7915999889373779,0.7922000288963318,111861,0.0,0.0
2026-03-03 12:50:00-05:00,0.7922000288963318,0.7929999828338623,0.7918999791145325,0.7918999791145325,21194,0.0,0.0
2026-03-03 12:55:00-05:00,0.791100025177002,0.791100025177002,0.7900999784469604,0.7901999950408936,4589,0.0,0.0
2026-03-03 13:00:00-05:00,0.7901999950408936,0.7901999950408936,0.7900999784469604,0.7900999784469604,20860,0.0,0.0
2026-03-03 13:05:00-05:00,0.7901999950408936,0.7929999828338623,0.7901999950408936,0.792900025844574,26690,0.0,0.0
2026-03-03 13:10:00-05:00,0.792900025844574,0.7929999828338623,0.7901999950408936,0.7912999987602234,52195,0.0,0.0
2026-03-03 13:15:00-05:00,0.7915999889373779,0.7957000136375427,0.7915999889373779,0.7950999736785889,16721,0.0,0.0
2026-03-03 13:20:00-05:00,0.795199990272522,0.805899977684021,0.795199990272522,0.8030999898910522,60834,0.0,0.0
2026-03-03 13:25:00-05:00,0.8029999732971191,0.8032000064849854,0.8004000186920166,0.8032000064849854,29282,0.0,0.0
2026-03-03 13:30:00-05:00,0.8055999875068665,0.8077999949455261,0.8008999824523926,0.8075000047683716,14857,0.0,0.0
2026-03-03 13:35:00-05:00,0.8062999844551086,0.8075000047683716,0.8051000237464905,0.8075000047683716,18620,0.0,0.0
2026-03-03 13:40:00-05:00,0.8073999881744385,0.810699999332428,0.8069999814033508,0.8069999814033508,34798,0.0,0.0
2026-03-03 13:45:00-05:00,0.8047000169754028,0.8062999844551086,0.801800012588501,0.8030999898910522,17045,0.0,0.0
2026-03-03 13:50:00-05:00,0.801800012588501,0.8030999898910522,0.801800012588501,0.8019999861717224,9580,0.0,0.0
2026-03-03 13:55:00-05:00,0.8019999861717224,0.8019999861717224,0.7989000082015991,0.8003000020980835,26077,0.0,0.0
2026-03-03 14:00:00-05:00,0.8004000186920166,0.8057000041007996,0.8004000186920166,0.8033999800682068,11762,0.0,0.0
2026-03-03 14:05:00-05:00,0.8033999800682068,0.8039000034332275,0.7990000247955322,0.7990000247955322,18771,0.0,0.0
2026-03-03 14:10:00-05:00,0.7982000112533569,0.7993999719619751,0.7957000136375427,0.7971000075340271,14544,0.0,0.0
2026-03-03 14:15:00-05:00,0.7971000075340271,0.8008000254631042,0.7971000075340271,0.8007000088691711,30370,0.0,0.0
2026-03-03 14:20:00-05:00,0.800599992275238,0.8012999892234802,0.800599992275238,0.8012999892234802,12783,0.0,0.0
2026-03-03 14:25:00-05:00,0.8004000186920166,0.8004999756813049,0.7950000166893005,0.7971000075340271,9769,0.0,0.0
2026-03-03 14:30:00-05:00,0.7954000234603882,0.7971000075340271,0.7921000123023987,0.7922000288963318,17470,0.0,0.0
2026-03-03 14:35:00-05:00,0.7921000123023987,0.7940000295639038,0.7921000123023987,0.79339998960495,18911,0.0,0.0
2026-03-03 14:40:00-05:00,0.7940000295639038,0.7993000149726868,0.7940000295639038,0.7993000149726868,30946,0.0,0.0
2026-03-03 14:45:00-05:00,0.7982000112533569,0.7993000149726868,0.7982000112533569,0.7993000149726868,15627,0.0,0.0
2026-03-03 14:50:00-05:00,0.7991999983787537,0.7993000149726868,0.7983999848365784,0.7983999848365784,9302,0.0,0.0
2026-03-03 14:55:00-05:00,0.7973999977111816,0.7973999977111816,0.7940000295639038,0.7971000075340271,9275,0.0,0.0
2026-03-03 15:00:00-05:00,0.7967000007629395,0.7972000241279602,0.7967000007629395,0.7971000075340271,12101,0.0,0.0
2026-03-03 15:05:00-05:00,0.7972000241279602,0.7975000143051147,0.7971000075340271,0.7975000143051147,8237,0.0,0.0
2026-03-03 15:10:00-05:00,0.7975000143051147,0.7975000143051147,0.7957000136375427,0.7957000136375427,11197,0.0,0.0
2026-03-03 15:15:00-05:00,0.7957000136375427,0.7960000038146973,0.7943999767303467,0.7949000000953674,12640,0.0,0.0
2026-03-03 15:20:00-05:00,0.7947999835014343,0.7953000068664551,0.7943000197410583,0.7944999933242798,11534,0.0,0.0
2026-03-03 15:25:00-05:00,0.7946000099182129,0.7946000099182129,0.7919999957084656,0.7919999957084656,6586,0.0,0.0
2026-03-03 15:30:00-05:00,0.7935000061988831,0.7935000061988831,0.7907999753952026,0.7921000123023987,13127,0.0,0.0
2026-03-03 15:35:00-05:00,0.7918000221252441,0.7925000190734863,0.7888000011444092,0.7896999716758728,31081,0.0,0.0
2026-03-03 15:40:00-05:00,0.7885000109672546,0.7904999852180481,0.7885000109672546,0.7897999882698059,26352,0.0,0.0
2026-03-03 15:45:00-05:00,0.7897999882698059,0.7904999852180481,0.7894999980926514,0.7894999980926514,23090,0.0,0.0
2026-03-03 15:50:00-05:00,0.7896999716758728,0.7915999889373779,0.7885000109672546,0.7901999950408936,55415,0.0,0.0
2026-03-03 15:55:00-05:00,0.7901999950408936,0.792900025844574,0.7888000011444092,0.7893000245094299,166325,0.0,0.0
2026-03-04 09:30:00-05:00,0.8087000250816345,0.8174999952316284,0.8004000186920166,0.8004000186920166,70425,0.0,0.0
2026-03-04 09:35:00-05:00,0.8098999857902527,0.8098999857902527,0.7900000214576721,0.796999990940094,178429,0.0,0.0
2026-03-04 09:40:00-05:00,0.7971000075340271,0.7971000075340271,0.7807000279426575,0.7860999703407288,174863,0.0,0.0
2026-03-04 09:45:00-05:00,0.78329998254776,0.7847999930381775,0.7734000086784363,0.7760000228881836,79728,0.0,0.0
2026-03-04 09:50:00-05:00,0.7760000228881836,0.789900004863739,0.7760000228881836,0.7853000164031982,22854,0.0,0.0
2026-03-04 09:55:00-05:00,0.782800018787384,0.7836999893188477,0.7797999978065491,0.7797999978065491,7005,0.0,0.0
2026-03-04 10:00:00-05:00,0.7799000144004822,0.7802000045776367,0.7764000296592712,0.7802000045776367,86121,0.0,0.0
2026-03-04 10:05:00-05:00,0.7802000045776367,0.7901999950408936,0.7802000045776367,0.7878000140190125,14403,0.0,0.0
2026-03-04 10:10:00-05:00,0.7875999808311462,0.7886999845504761,0.7857999801635742,0.7867000102996826,6707,0.0,0.0
2026-03-04 10:15:00-05:00,0.7879999876022339,0.7914000153541565,0.7850000262260437,0.7914000153541565,38897,0.0,0.0
2026-03-04 10:20:00-05:00,0.7924000024795532,0.8100000023841858,0.7924000024795532,0.8075000047683716,45892,0.0,0.0
2026-03-04 10:25:00-05:00,0.8076000213623047,0.8102999925613403,0.8072999715805054,0.8080000281333923,75220,0.0,0.0
2026-03-04 10:30:00-05:00,0.8080000281333923,0.8080000281333923,0.7954999804496765,0.7954999804496765,22307,0.0,0.0
2026-03-04 10:35:00-05:00,0.7922000288963318,0.7957000136375427,0.7919999957084656,0.7957000136375427,17857,0.0,0.0
2026-03-04 10:40:00-05:00,0.796999990940094,0.801800012588501,0.7960000038146973,0.7964000105857849,22427,0.0,0.0
2026-03-04 10:45:00-05:00,0.7975999712944031,0.7998999953269958,0.796500027179718,0.7979000210762024,21047,0.0,0.0
2026-03-04 10:50:00-05:00,0.7979000210762024,0.8023999929428101,0.7979000210762024,0.8008000254631042,25641,0.0,0.0
2026-03-04 10:55:00-05:00,0.8008000254631042,0.8050000071525574,0.8008000254631042,0.8050000071525574,7206,0.0,0.0
2026-03-04 11:00:00-05:00,0.8050000071525574,0.8050000071525574,0.8043000102043152,0.8048999905586243,45147,0.0,0.0
2026-03-04 11:05:00-05:00,0.8047000169754028,0.8047999739646912,0.8019999861717224,0.8019999861717224,31149,0.0,0.0
2026-03-04 11:10:00-05:00,0.8008999824523926,0.8019999861717224,0.7982000112533569,0.7982000112533569,36690,0.0,0.0
2026-03-04 11:15:00-05:00,0.7980999946594238,0.7997999787330627,0.7980999946594238,0.7997000217437744,15197,0.0,0.0
2026-03-04 11:20:00-05:00,0.7996000051498413,0.7997999787330627,0.7950000166893005,0.7950000166893005,37436,0.0,0.0
2026-03-04 11:25:00-05:00,0.795799970626831,0.7965999841690063,0.7955999970436096,0.7957000136375427,21449,0.0,0.0
2026-03-04 11:30:00-05:00,0.7957000136375427,0.7993999719619751,0.7957000136375427,0.798799991607666,13267,0.0,0.0
2026-03-04 11:35:00-05:00,0.798799991607666,0.7993999719619751,0.7982000112533569,0.7990000247955322,19290,0.0,0.0
2026-03-04 11:40:00-05:00,0.7991999983787537,0.8046000003814697,0.7991999983787537,0.8033999800682068,11475,0.0,0.0
2026-03-04 11:45:00-05:00,0.8044000267982483,0.8061000108718872,0.8033000230789185,0.8059999942779541,20143,0.0,0.0
2026-03-04 11:50:00-05:00,0.8059999942779541,0.8061000108718872,0.8033999800682068,0.8033999800682068,13323,0.0,0.0
2026-03-04 11:55:00-05:00,0.8033999800682068,0.8033999800682068,0.8019000291824341,0.8019000291824341,13413,0.0,0.0
2026-03-04 12:00:00-05:00,0.8015999794006348,0.8019999861717224,0.7986000180244446,0.7986000180244446,89399,0.0,0.0
2026-03-04 12:05:00-05:00,0.7985000014305115,0.7986000180244446,0.7950999736785889,0.7962999939918518,33354,0.0,0.0
2026-03-04 12:10:00-05:00,0.7967000007629395,0.8047999739646912,0.7967000007629395,0.8022000193595886,50571,0.0,0.0
2026-03-04 12:15:00-05:00,0.803600013256073,0.8039000034332275,0.8026999831199646,0.8026999831199646,38136,0.0,0.0
2026-03-04 12:20:00-05:00,0.8026999831199646,0.8029999732971191,0.8009999990463257,0.8021000027656555,17769,0.0,0.0
2026-03-04 12:25:00-05:00,0.8015999794006348,0.8022000193595886,0.8015999794006348,0.8022000193595886,2548,0.0,0.0
2026-03-04 12:30:00-05:00,0.8015999794006348,0.8019000291824341,0.800000011920929,0.800000011920929,8353,0.0,0.0
2026-03-04 12:35:00-05:00,0.8011999726295471,0.8019000291824341,0.8007000088691711,0.8012999892234802,15489,0.0,0.0
2026-03-04 12:40:00-05:00,0.8012999892234802,0.8033999800682068,0.8012999892234802,0.8022000193595886,39706,0.0,0.0
2026-03-04 12:45:00-05:00,0.8021000027656555,0.8023999929428101,0.8015000224113464,0.801800012588501,15337,0.0,0.0
2026-03-04 12:50:00-05:00,0.8019999861717224,0.8019999861717224,0.8015999794006348,0.8015999794006348,23382,0.0,0.0
2026-03-04 12:55:00-05:00,0.8015999794006348,0.8029999732971191,0.8015999794006348,0.8026999831199646,19603,0.0,0.0
2026-03-04 13:00:00-05:00,0.8030999898910522,0.8041999936103821,0.8029000163078308,0.8036999702453613,3994,0.0,0.0
2026-03-04 13:05:00-05:00,0.8039000034332275,0.8041999936103821,0.8033000230789185,0.8036999702453613,7962,0.0,0.0
2026-03-04 13:10:00-05:00,0.8041999936103821,0.8046000003814697,0.8027999997138977,0.8044000267982483,101101,0.0,0.0
2026-03-04 13:15:00-05:00,0.8043000102043152,0.8044000267982483,0.800000011920929,0.8001000285148621,27764,0.0,0.0
2026-03-04 13:20:00-05:00,0.8001000285148621,0.8001000285148621,0.7950000166893005,0.7968999743461609,39724,0.0,0.0
2026-03-04 13:25:00-05:00,0.7961999773979187,0.796999990940094,0.7961999773979187,0.7968999743461609,2903,0.0,0.0
2026-03-04 13:30:00-05:00,0.7964000105857849,0.796999990940094,0.7961999773979187,0.7967000007629395,15955,0.0,0.0
2026-03-04 13:35:00-05:00,0.796500027179718,0.7994999885559082,0.796500027179718,0.7994999885559082,24334,0.0,0.0
2026-03-04 13:40:00-05:00,0.7994999885559082,0.7997999787330627,0.7993000149726868,0.7996000051498413,11195,0.0,0.0
2026-03-04 13:45:00-05:00,0.7997000217437744,0.7997999787330627,0.7996000051498413,0.7997000217437744,23885,0.0,0.0
2026-03-04 13:50:00-05:00,0.7997000217437744,0.7997999787330627,0.7997000217437744,0.7997000217437744,7818,0.0,0.0
2026-03-04 13:55:00-05:00,0.7997999787330627,0.800599992275238,0.7996000051498413,0.800599992275238,18339,0.0,0.0
2026-03-04 14:00:00-05:00,0.8004999756813049,0.8029000163078308,0.8004999756813049,0.8029000163078308,24207,0.0,0.0
2026-03-04 14:05:00-05:00,0.8029000163078308,0.8098999857902527,0.8023999929428101,0.8073999881744385,70226,0.0,0.0
2026-03-04 14:10:00-05:00,0.8075000047683716,0.8075000047683716,0.8073999881744385,0.8075000047683716,16363,0.0,0.0
2026-03-04 14:15:00-05:00,0.8075000047683716,0.8075000047683716,0.8037999868392944,0.8051999807357788,23583,0.0,0.0
2026-03-04 14:20:00-05:00,0.8051000237464905,0.8051999807357788,0.8044000267982483,0.8046000003814697,76831,0.0,0.0
2026-03-04 14:25:00-05:00,0.8043000102043152,0.8051000237464905,0.8043000102043152,0.8048999905586243,28822,0.0,0.0
2026-03-04 14:30:00-05:00,0.8047999739646912,0.8047999739646912,0.8022000193595886,0.8027999997138977,13970,0.0,0.0
2026-03-04 14:35:00-05:00,0.8027999997138977,0.8033000230789185,0.8026999831199646,0.8033000230789185,19528,0.0,0.0
2026-03-04 14:40:00-05:00,0.8033000230789185,0.8033000230789185,0.8032000064849854,0.8033000230789185,7859,0.0,0.0
2026-03-04 14:45:00-05:00,0.8033000230789185,0.8048999905586243,0.8033000230789185,0.8048999905586243,23003,0.0,0.0
2026-03-04 14:50:00-05:00,0.8048999905586243,0.8050000071525574,0.8048999905586243,0.8050000071525574,8228,0.0,0.0
2026-03-04 14:55:00-05:00,0.8050000071525574,0.8068000078201294,0.8050000071525574,0.8065000176429749,20949,0.0,0.0
2026-03-04 15:00:00-05:00,0.8065999746322632,0.8070999979972839,0.8051000237464905,0.8054999709129333,73454,0.0,0.0
2026-03-04 15:05:00-05:00,0.8054999709129333,0.8054999709129333,0.8023999929428101,0.8033999800682068,80129,0.0,0.0
2026-03-04 15:10:00-05:00,0.8025000095367432,0.8033999800682068,0.8025000095367432,0.8025000095367432,12463,0.0,0.0
2026-03-04 15:15:00-05:00,0.8025000095367432,0.8048999905586243,0.8022000193595886,0.8048999905586243,69070,0.0,0.0
2026-03-04 15:20:00-05:00,0.8048999905586243,0.8100000023841858,0.8047999739646912,0.809499979019165,119860,0.0,0.0
2026-03-04 15:25:00-05:00,0.8095999956130981,0.8100000023841858,0.8079000115394592,0.8090999722480774,133986,0.0,0.0
2026-03-04 15:30:00-05:00,0.8095999956130981,0.8095999956130981,0.8080000281333923,0.8084999918937683,56917,0.0,0.0
2026-03-04 15:35:00-05:00,0.8084999918937683,0.810699999332428,0.8083999752998352,0.8095999956130981,88293,0.0,0.0
2026-03-04 15:40:00-05:00,0.809499979019165,0.8095999956130981,0.8080000281333923,0.8083999752998352,25194,0.0,0.0
2026-03-04 15:45:00-05:00,0.8080000281333923,0.8149999976158142,0.8080000281333923,0.8097000122070312,301894,0.0,0.0
2026-03-04 15:50:00-05:00,0.8097000122070312,0.8097000122070312,0.8051999807357788,0.8055999875068665,111820,0.0,0.0
2026-03-04 15:55:00-05:00,0.8055999875068665,0.8055999875068665,0.7813000082969666,0.7814000248908997,314835,0.0,0.0
2026-03-05 09:30:00-05:00,0.75,0.7728999853134155,0.6800000071525574,0.6848000288009644,1524877,0.0,0.0
2026-03-05 09:35:00-05:00,0.6848000288009644,0.6995999813079834,0.6848000288009644,0.6901999711990356,428219,0.0,0.0
2026-03-05 09:40:00-05:00,0.6901999711990356,0.6901999711990356,0.6800000071525574,0.6801000237464905,658718,0.0,0.0
2026-03-05 09:45:00-05:00,0.6801000237464905,0.6942999958992004,0.6800000071525574,0.6862999796867371,387877,0.0,0.0
2026-03-05 09:50:00-05:00,0.6862999796867371,0.6955000162124634,0.6855000257492065,0.6855999827384949,162148,0.0,0.0
2026-03-05 09:55:00-05:00,0.6855999827384949,0.6855999827384949,0.6819999814033508,0.6820999979972839,221180,0.0,0.0
2026-03-05 10:00:00-05:00,0.6820999979972839,0.6820999979972839,0.6800000071525574,0.6800000071525574,867942,0.0,0.0
2026-03-05 10:05:00-05:00,0.6801000237464905,0.6801000237464905,0.6800000071525574,0.6801000237464905,409363,0.0,0.0
2026-03-05 10:10:00-05:00,0.6801000237464905,0.6801000237464905,0.6800000071525574,0.6801000237464905,191132,0.0,0.0
2026-03-05 10:15:00-05:00,0.6801000237464905,0.6801000237464905,0.6800000071525574,0.6801000237464905,148665,0.0,0.0
2026-03-05 10:20:00-05:00,0.6801000237464905,0.6801000237464905,0.6800000071525574,0.6800000071525574,216935,0.0,0.0
2026-03-05 10:25:00-05:00,0.6801000237464905,0.6801000237464905,0.6800000071525574,0.6801000237464905,131460,0.0,0.0
2026-03-05 10:30:00-05:00,0.6800000071525574,0.6801000237464905,0.6800000071525574,0.6801000237464905,119930,0.0,0.0
2026-03-05 10:35:00-05:00,0.6800000071525574,0.6801000237464905,0.6800000071525574,0.6801000237464905,108106,0.0,0.0
2026-03-05 10:40:00-05:00,0.6801000237464905,0.6801000237464905,0.6800000071525574,0.6801000237464905,89634,0.0,0.0
2026-03-05 10:45:00-05:00,0.6800000071525574,0.6801000237464905,0.5600000023841858,0.61080002784729,3068825,0.0,0.0
2026-03-05 10:50:00-05:00,0.6025999784469604,0.6190000176429749,0.5799999833106995,0.6051999926567078,749598,0.0,0.0
2026-03-05 10:55:00-05:00,0.6053000092506409,0.6330999732017517,0.6000999808311462,0.6272000074386597,801531,0.0,0.0
2026-03-05 11:00:00-05:00,0.6301000118255615,0.6305000185966492,0.612500011920929,0.6173999905586243,555290,0.0,0.0
2026-03-05 11:05:00-05:00,0.6165000200271606,0.6248999834060669,0.6129000186920166,0.6158999800682068,369147,0.0,0.0
2026-03-05 11:10:00-05:00,0.6158999800682068,0.6305999755859375,0.6158000230789185,0.6299999952316284,434982,0.0,0.0
2026-03-05 11:15:00-05:00,0.6305000185966492,0.6427000164985657,0.6301000118255615,0.6401000022888184,473949,0.0,0.0
2026-03-05 11:20:00-05:00,0.6401000022888184,0.6402000188827515,0.6171000003814697,0.6201000213623047,688309,0.0,0.0
2026-03-05 11:25:00-05:00,0.6201000213623047,0.640999972820282,0.6201000213623047,0.6370000243186951,507426,0.0,0.0
2026-03-05 11:30:00-05:00,0.636900007724762,0.6485000252723694,0.632099986076355,0.633400022983551,289680,0.0,0.0
2026-03-05 11:35:00-05:00,0.6355999708175659,0.646399974822998,0.6323999762535095,0.6407999992370605,45687,0.0,0.0
2026-03-05 11:40:00-05:00,0.6403999924659729,0.6442999839782715,0.6381999850273132,0.6402000188827515,112637,0.0,0.0
2026-03-05 11:45:00-05:00,0.6402999758720398,0.6480000019073486,0.6310999989509583,0.6401000022888184,100686,0.0,0.0
2026-03-05 11:50:00-05:00,0.6401000022888184,0.6401000022888184,0.6315000057220459,0.6377000212669373,132998,0.0,0.0
2026-03-05 11:55:00-05:00,0.6385999917984009,0.6396999955177307,0.6384000182151794,0.6391000151634216,71116,0.0,0.0
2026-03-05 12:00:00-05:00,0.6391000151634216,0.6391000151634216,0.6301000118255615,0.6302000284194946,253189,0.0,0.0
2026-03-05 12:05:00-05:00,0.6302000284194946,0.6302000284194946,0.6200000047683716,0.6201000213623047,275855,0.0,0.0
2026-03-05 12:10:00-05:00,0.6200000047683716,0.6201000213623047,0.6200000047683716,0.6201000213623047,149586,0.0,0.0
2026-03-05 12:15:00-05:00,0.6201000213623047,0.6201000213623047,0.6200000047683716,0.6200000047683716,32044,0.0,0.0
2026-03-05 12:20:00-05:00,0.6201000213623047,0.6201000213623047,0.6200000047683716,0.6200000047683716,71063,0.0,0.0
2026-03-05 12:25:00-05:00,0.6201000213623047,0.6201000213623047,0.6200000047683716,0.6201000213623047,30533,0.0,0.0
2026-03-05 12:30:00-05:00,0.6201000213623047,0.6201000213623047,0.6200000047683716,0.6200000047683716,53708,0.0,0.0
2026-03-05 12:35:00-05:00,0.6201000213623047,0.6201000213623047,0.6128000020980835,0.6129000186920166,174891,0.0,0.0
2026-03-05 12:40:00-05:00,0.6129000186920166,0.6129000186920166,0.6123999953269958,0.612500011920929,389587,0.0,0.0
2026-03-05 12:45:00-05:00,0.612500011920929,0.612500011920929,0.6000000238418579,0.6000999808311462,497783,0.0,0.0
2026-03-05 12:50:00-05:00,0.6000999808311462,0.6000999808311462,0.6000000238418579,0.6000000238418579,415634,0.0,0.0
2026-03-05 12:55:00-05:00,0.6000999808311462,0.6000999808311462,0.5910000205039978,0.5910999774932861,460083,0.0,0.0
2026-03-05 13:00:00-05:00,0.5910999774932861,0.5910999774932861,0.5899999737739563,0.5900999903678894,176949,0.0,0.0
2026-03-05 13:05:00-05:00,0.5900999903678894,0.5900999903678894,0.5899999737739563,0.5899999737739563,177732,0.0,0.0
2026-03-05 13:10:00-05:00,0.5900999903678894,0.5900999903678894,0.5899999737739563,0.5900999903678894,217778,0.0,0.0
2026-03-05 13:15:00-05:00,0.5900999903678894,0.5900999903678894,0.5899999737739563,0.5899999737739563,286127,0.0,0.0
2026-03-05 13:20:00-05:00,0.5899999737739563,0.5900999903678894,0.589900016784668,0.589900016784668,216093,0.0,0.0
2026-03-05 13:25:00-05:00,0.589900016784668,0.589900016784668,0.5800999999046326,0.5800999999046326,258596,0.0,0.0
2026-03-05 13:30:00-05:00,0.5802000164985657,0.5806000232696533,0.5601000189781189,0.5601999759674072,2931175,0.0,0.0
2026-03-05 13:35:00-05:00,0.5601999759674072,0.5601999759674072,0.5300999879837036,0.5310999751091003,2629239,0.0,0.0
2026-03-05 13:40:00-05:00,0.5338000059127808,0.5498999953269958,0.5138999819755554,0.5450999736785889,1049051,0.0,0.0
2026-03-05 13:45:00-05:00,0.5473999977111816,0.5602999925613403,0.5379999876022339,0.5435000061988831,771164,0.0,0.0
2026-03-05 13:50:00-05:00,0.5325000286102295,0.5325000286102295,0.5232999920845032,0.5271999835968018,703423,0.0,0.0
2026-03-05 13:55:00-05:00,0.5271999835968018,0.5285999774932861,0.5232999920845032,0.5281999707221985,934112,0.0,0.0
2026-03-05 14:00:00-05:00,0.5284000039100647,0.5304999947547913,0.5206000208854675,0.5230000019073486,581570,0.0,0.0
2026-03-05 14:05:00-05:00,0.5231000185012817,0.5234000086784363,0.5206000208854675,0.5227000117301941,584364,0.0,0.0
2026-03-05 14:10:00-05:00,0.5227000117301941,0.527400016784668,0.5199999809265137,0.5242000222206116,1939168,0.0,0.0
2026-03-05 14:15:00-05:00,0.5241000056266785,0.5241000056266785,0.5099999904632568,0.5099999904632568,497711,0.0,0.0
2026-03-05 14:20:00-05:00,0.5101000070571899,0.51910001039505,0.5099999904632568,0.5151000022888184,1725504,0.0,0.0
2026-03-05 14:25:00-05:00,0.5151000022888184,0.5156000256538391,0.5099999904632568,0.5126000046730042,794515,0.0,0.0
2026-03-05 14:30:00-05:00,0.5126000046730042,0.5288000106811523,0.512499988079071,0.5228000283241272,979775,0.0,0.0
2026-03-05 14:35:00-05:00,0.5230000019073486,0.5234000086784363,0.5120999813079834,0.5135999917984009,502445,0.0,0.0
2026-03-05 14:40:00-05:00,0.5127000212669373,0.5220000147819519,0.5101000070571899,0.5220000147819519,486815,0.0,0.0
2026-03-05 14:45:00-05:00,0.5209000110626221,0.5230000019073486,0.5181000232696533,0.5200999975204468,201205,0.0,0.0
2026-03-05 14:50:00-05:00,0.5200999975204468,0.5248000025749207,0.5200999975204468,0.5246999859809875,266535,0.0,0.0
2026-03-05 14:55:00-05:00,0.5246000289916992,0.5299999713897705,0.5227000117301941,0.5253999829292297,374169,0.0,0.0
2026-03-05 15:00:00-05:00,0.5253999829292297,0.5388000011444092,0.5246000289916992,0.5388000011444092,142593,0.0,0.0
2026-03-05 15:05:00-05:00,0.5361999869346619,0.5386000275611877,0.5329999923706055,0.5332000255584717,189768,0.0,0.0
2026-03-05 15:10:00-05:00,0.5350000262260437,0.5486000180244446,0.5339999794960022,0.5485000014305115,228918,0.0,0.0
2026-03-05 15:15:00-05:00,0.5483999848365784,0.550000011920929,0.5400000214576721,0.5460000038146973,246105,0.0,0.0
2026-03-05 15:20:00-05:00,0.5450999736785889,0.5508000254631042,0.5450999736785889,0.5472999811172485,79901,0.0,0.0
2026-03-05 15:25:00-05:00,0.5461000204086304,0.5498999953269958,0.5421000123023987,0.5425000190734863,109059,0.0,0.0
2026-03-05 15:30:00-05:00,0.5429999828338623,0.5482000112533569,0.5419999957084656,0.5429999828338623,371646,0.0,0.0
2026-03-05 15:35:00-05:00,0.5429999828338623,0.5479000210762024,0.5422000288963318,0.5454999804496765,60041,0.0,0.0
2026-03-05 15:40:00-05:00,0.5440000295639038,0.5457000136375427,0.5400000214576721,0.5400999784469604,837115,0.0,0.0
2026-03-05 15:45:00-05:00,0.5400999784469604,0.5400999784469604,0.539900004863739,0.5400000214576721,465688,0.0,0.0
2026-03-05 15:50:00-05:00,0.5400000214576721,0.5509999990463257,0.5299999713897705,0.5509999990463257,1113874,0.0,0.0
2026-03-05 15:55:00-05:00,0.5501000285148621,0.5577999949455261,0.5418999791145325,0.5544000267982483,476805,0.0,0.0
2026-03-06 09:30:00-05:00,0.5702999830245972,0.5795999765396118,0.5559999942779541,0.5771999955177307,2127916,0.0,0.0
2026-03-06 09:35:00-05:00,0.5771999955177307,0.5800999999046326,0.5601999759674072,0.5601999759674072,397592,0.0,0.0
2026-03-06 09:40:00-05:00,0.5601999759674072,0.59170001745224,0.5600000023841858,0.5835000276565552,727706,0.0,0.0
2026-03-06 09:45:00-05:00,0.5824000239372253,0.5824000239372253,0.5626000165939331,0.5674999952316284,472641,0.0,0.0
2026-03-06 09:50:00-05:00,0.5662000179290771,0.5799999833106995,0.5625,0.574999988079071,263652,0.0,0.0
2026-03-06 09:55:00-05:00,0.574999988079071,0.5896000266075134,0.5730999708175659,0.5885999798774719,126047,0.0,0.0
2026-03-06 10:00:00-05:00,0.5891000032424927,0.6039000153541565,0.588699996471405,0.5957000255584717,794394,0.0,0.0
2026-03-06 10:05:00-05:00,0.5939000248908997,0.6050000190734863,0.5855000019073486,0.6026999950408936,269685,0.0,0.0
2026-03-06 10:10:00-05:00,0.6026999950408936,0.619700014591217,0.5914999842643738,0.5963000059127808,231917,0.0,0.0
2026-03-06 10:15:00-05:00,0.5979999899864197,0.6053000092506409,0.5979999899864197,0.6000999808311462,165480,0.0,0.0
2026-03-06 10:20:00-05:00,0.6000999808311462,0.6000999808311462,0.5985000133514404,0.5995000004768372,331341,0.0,0.0
2026-03-06 10:25:00-05:00,0.599399983882904,0.6049000024795532,0.5950000286102295,0.6014000177383423,222979,0.0,0.0
2026-03-06 10:30:00-05:00,0.6014000177383423,0.6014000177383423,0.5821999907493591,0.5879999995231628,346632,0.0,0.0
2026-03-06 10:35:00-05:00,0.588100016117096,0.5960000157356262,0.5879999995231628,0.5903000235557556,249711,0.0,0.0
2026-03-06 10:40:00-05:00,0.5903000235557556,0.5903000235557556,0.5821999907493591,0.5871999859809875,536595,0.0,0.0
2026-03-06 10:45:00-05:00,0.5871999859809875,0.5871999859809875,0.5799999833106995,0.5799999833106995,328162,0.0,0.0
2026-03-06 10:50:00-05:00,0.5799999833106995,0.5800999999046326,0.5699999928474426,0.5701000094413757,564160,0.0,0.0
2026-03-06 10:55:00-05:00,0.5701000094413757,0.597100019454956,0.5699999928474426,0.5837000012397766,1193879,0.0,0.0
2026-03-06 11:00:00-05:00,0.5837000012397766,0.5837000012397766,0.5799999833106995,0.5827999711036682,351608,0.0,0.0
2026-03-06 11:05:00-05:00,0.5827000141143799,0.5837000012397766,0.574999988079071,0.5776000022888184,635091,0.0,0.0
2026-03-06 11:10:00-05:00,0.5776000022888184,0.5785999894142151,0.5759999752044678,0.5760999917984009,87362,0.0,0.0
2026-03-06 11:15:00-05:00,0.576200008392334,0.576200008392334,0.5760999917984009,0.576200008392334,194564,0.0,0.0
2026-03-06 11:20:00-05:00,0.576200008392334,0.576200008392334,0.5759999752044678,0.5759999752044678,63004,0.0,0.0
2026-03-06 11:25:00-05:00,0.5760999917984009,0.5760999917984009,0.5759999752044678,0.5759999752044678,138002,0.0,0.0
2026-03-06 11:30:00-05:00,0.5760999917984009,0.5760999917984009,0.5709999799728394,0.5710999965667725,75171,0.0,0.0
2026-03-06 11:35:00-05:00,0.5709999799728394,0.5710999965667725,0.5709999799728394,0.5709999799728394,77591,0.0,0.0
2026-03-06 11:40:00-05:00,0.5710999965667725,0.5799000263214111,0.5709999799728394,0.5745000243186951,654977,0.0,0.0
2026-03-06 11:45:00-05:00,0.5745000243186951,0.5745000243186951,0.5710999965667725,0.5712000131607056,130324,0.0,0.0
2026-03-06 11:50:00-05:00,0.5710999965667725,0.5712000131607056,0.5710999965667725,0.5710999965667725,54641,0.0,0.0
2026-03-06 11:55:00-05:00,0.5710999965667725,0.5712000131607056,0.5649999976158142,0.5651000142097473,151443,0.0,0.0
2026-03-06 12:00:00-05:00,0.5649999976158142,0.5651000142097473,0.5609999895095825,0.5611000061035156,472217,0.0,0.0
2026-03-06 12:05:00-05:00,0.5611000061035156,0.5611000061035156,0.5584999918937683,0.5584999918937683,205714,0.0,0.0
2026-03-06 12:10:00-05:00,0.5586000084877014,0.5586000084877014,0.5583999752998352,0.5584999918937683,71479,0.0,0.0
2026-03-06 12:15:00-05:00,0.5584999918937683,0.5584999918937683,0.5583999752998352,0.5584999918937683,193851,0.0,0.0
2026-03-06 12:20:00-05:00,0.5584999918937683,0.5584999918937683,0.5583999752998352,0.5584999918937683,82401,0.0,0.0
2026-03-06 12:25:00-05:00,0.5584999918937683,0.5584999918937683,0.5583000183105469,0.5583999752998352,37139,0.0,0.0
2026-03-06 12:30:00-05:00,0.5583999752998352,0.5583999752998352,0.5583000183105469,0.5583000183105469,30245,0.0,0.0
2026-03-06 12:35:00-05:00,0.5583999752998352,0.5583999752998352,0.5561000108718872,0.5561000108718872,61438,0.0,0.0
2026-03-06 12:40:00-05:00,0.5562000274658203,0.5562000274658203,0.5561000108718872,0.5562000274658203,29357,0.0,0.0
2026-03-06 12:45:00-05:00,0.5562000274658203,0.5562000274658203,0.5561000108718872,0.5562000274658203,51421,0.0,0.0
2026-03-06 12:50:00-05:00,0.5562000274658203,0.5562000274658203,0.5561000108718872,0.5562000274658203,122202,0.0,0.0
2026-03-06 12:55:00-05:00,0.5562000274658203,0.5662000179290771,0.5509999990463257,0.5601000189781189,1355058,0.0,0.0
2026-03-06 13:00:00-05:00,0.5608000159263611,0.5608000159263611,0.5601000189781189,0.5602999925613403,122685,0.0,0.0
2026-03-06 13:05:00-05:00,0.5602999925613403,0.5791000127792358,0.5602999925613403,0.5748999714851379,343370,0.0,0.0
2026-03-06 13:10:00-05:00,0.5722000002861023,0.5748000144958496,0.5629000067710876,0.5728999972343445,239984,0.0,0.0
2026-03-06 13:15:00-05:00,0.5730999708175659,0.5730999708175659,0.5701000094413757,0.5703999996185303,147768,0.0,0.0
2026-03-06 13:20:00-05:00,0.5703999996185303,0.5703999996185303,0.5702999830245972,0.5703999996185303,42073,0.0,0.0
2026-03-06 13:25:00-05:00,0.5703999996185303,0.5703999996185303,0.5679000020027161,0.5697000026702881,258330,0.0,0.0
2026-03-06 13:30:00-05:00,0.5697000026702881,0.5705999732017517,0.5633999705314636,0.5701000094413757,276823,0.0,0.0
2026-03-06 13:35:00-05:00,0.5701000094413757,0.5710999965667725,0.5667999982833862,0.5667999982833862,163904,0.0,0.0
2026-03-06 13:40:00-05:00,0.5667999982833862,0.5667999982833862,0.5666999816894531,0.5667999982833862,38783,0.0,0.0
2026-03-06 13:45:00-05:00,0.5667999982833862,0.5667999982833862,0.5633999705314636,0.5633999705314636,105265,0.0,0.0
2026-03-06 13:50:00-05:00,0.5634999871253967,0.5634999871253967,0.5633999705314636,0.5634999871253967,75825,0.0,0.0
2026-03-06 13:55:00-05:00,0.5634999871253967,0.5634999871253967,0.5600000023841858,0.5600000023841858,342000,0.0,0.0
2026-03-06 14:00:00-05:00,0.5601000189781189,0.5622000098228455,0.5600000023841858,0.5616000294685364,238796,0.0,0.0
2026-03-06 14:05:00-05:00,0.5616000294685364,0.5616000294685364,0.5615000128746033,0.5616000294685364,71383,0.0,0.0
2026-03-06 14:10:00-05:00,0.5616000294685364,0.5663999915122986,0.5615000128746033,0.5663999915122986,309823,0.0,0.0
2026-03-06 14:15:00-05:00,0.5663999915122986,0.5663999915122986,0.5662999749183655,0.5663999915122986,30745,0.0,0.0
2026-03-06 14:20:00-05:00,0.5663999915122986,0.5663999915122986,0.5663999915122986,0.5663999915122986,34324,0.0,0.0
2026-03-06 14:25:00-05:00,0.5663999915122986,0.5663999915122986,0.5662999749183655,0.5662999749183655,63387,0.0,0.0
2026-03-06 14:30:00-05:00,0.5663999915122986,0.5663999915122986,0.5662999749183655,0.5663999915122986,97266,0.0,0.0
2026-03-06 14:35:00-05:00,0.5663999915122986,0.5663999915122986,0.5662999749183655,0.5663999915122986,22189,0.0,0.0
2026-03-06 14:40:00-05:00,0.5663999915122986,0.5709999799728394,0.5662999749183655,0.567799985408783,364069,0.0,0.0
2026-03-06 14:45:00-05:00,0.567799985408783,0.567799985408783,0.5616999864578247,0.5623999834060669,68015,0.0,0.0
2026-03-06 14:50:00-05:00,0.5623999834060669,0.5623999834060669,0.5623000264167786,0.5623999834060669,170275,0.0,0.0
2026-03-06 14:55:00-05:00,0.5623999834060669,0.5702000260353088,0.5623999834060669,0.5699999928474426,220570,0.0,0.0
2026-03-06 15:00:00-05:00,0.5697000026702881,0.5856000185012817,0.5697000026702881,0.5825999975204468,427869,0.0,0.0
2026-03-06 15:05:00-05:00,0.5825999975204468,0.5827000141143799,0.5817000269889832,0.5817000269889832,254313,0.0,0.0
2026-03-06 15:10:00-05:00,0.5817999839782715,0.5817999839782715,0.5684999823570251,0.5708000063896179,231028,0.0,0.0
2026-03-06 15:15:00-05:00,0.5708000063896179,0.5771999955177307,0.5706999897956848,0.5764999985694885,74451,0.0,0.0
2026-03-06 15:20:00-05:00,0.5764999985694885,0.5764999985694885,0.5701000094413757,0.5726000070571899,51431,0.0,0.0
2026-03-06 15:25:00-05:00,0.5726000070571899,0.5773000121116638,0.5724999904632568,0.5730000138282776,111914,0.0,0.0
2026-03-06 15:30:00-05:00,0.5728999972343445,0.5777999758720398,0.5728999972343445,0.5771999955177307,118961,0.0,0.0
2026-03-06 15:35:00-05:00,0.5771999955177307,0.5771999955177307,0.5770999789237976,0.5771999955177307,236855,0.0,0.0
2026-03-06 15:40:00-05:00,0.5771999955177307,0.5827000141143799,0.5770999789237976,0.5817999839782715,335809,0.0,0.0
2026-03-06 15:45:00-05:00,0.5817999839782715,0.5819000005722046,0.5785999894142151,0.5785999894142151,127124,0.0,0.0
2026-03-06 15:50:00-05:00,0.5785999894142151,0.5787000060081482,0.5785999894142151,0.5785999894142151,316765,0.0,0.0
2026-03-06 15:55:00-05:00,0.5787000060081482,0.5842000246047974,0.5720999836921692,0.5720999836921692,394484,0.0,0.0
2026-03-09 09:30:00-04:00,0.5631999969482422,0.5683000087738037,0.5410000085830688,0.5410000085830688,612712,0.0,0.0
2026-03-09 09:35:00-04:00,0.5436999797821045,0.5436999797821045,0.5170000195503235,0.5170000195503235,227882,0.0,0.0
2026-03-09 09:40:00-04:00,0.5188000202178955,0.5357000231742859,0.5149000287055969,0.5333999991416931,225700,0.0,0.0
2026-03-09 09:45:00-04:00,0.5328999757766724,0.5485000014305115,0.5307000279426575,0.5480999946594238,88525,0.0,0.0
2026-03-09 09:50:00-04:00,0.5339999794960022,0.5378999710083008,0.5299999713897705,0.5300999879837036,136076,0.0,0.0
2026-03-09 09:55:00-04:00,0.5300999879837036,0.5414999723434448,0.5299999713897705,0.5388000011444092,133210,0.0,0.0
2026-03-09 10:00:00-04:00,0.535099983215332,0.5364999771118164,0.535099983215332,0.5361999869346619,125439,0.0,0.0
2026-03-09 10:05:00-04:00,0.5361999869346619,0.5364999771118164,0.531000018119812,0.5325000286102295,130297,0.0,0.0
2026-03-09 10:10:00-04:00,0.5325000286102295,0.5325000286102295,0.5264000296592712,0.5317000150680542,345555,0.0,0.0
2026-03-09 10:15:00-04:00,0.5300999879837036,0.5347999930381775,0.5299999713897705,0.5347999930381775,97279,0.0,0.0
2026-03-09 10:20:00-04:00,0.5346999764442444,0.5347999930381775,0.5325000286102295,0.534600019454956,75696,0.0,0.0
2026-03-09 10:25:00-04:00,0.5346999764442444,0.5353999733924866,0.5303000211715698,0.5303999781608582,115326,0.0,0.0
2026-03-09 10:30:00-04:00,0.5303999781608582,0.5303999781608582,0.5250999927520752,0.5271000266075134,369295,0.0,0.0
2026-03-09 10:35:00-04:00,0.5270000100135803,0.52920001745224,0.5235999822616577,0.52920001745224,586570,0.0,0.0
2026-03-09 10:40:00-04:00,0.52920001745224,0.52920001745224,0.525600016117096,0.5256999731063843,89248,0.0,0.0
2026-03-09 10:45:00-04:00,0.5256999731063843,0.5271999835968018,0.525600016117096,0.5271999835968018,83548,0.0,0.0
2026-03-09 10:50:00-04:00,0.5271999835968018,0.527400016784668,0.5235999822616577,0.5236999988555908,94525,0.0,0.0
2026-03-09 10:55:00-04:00,0.5236999988555908,0.5249999761581421,0.5220000147819519,0.5249999761581421,333394,0.0,0.0
2026-03-09 11:00:00-04:00,0.5249999761581421,0.5299000144004822,0.5249999761581421,0.529699981212616,119964,0.0,0.0
2026-03-09 11:05:00-04:00,0.5297999978065491,0.5299000144004822,0.5273000001907349,0.527899980545044,104099,0.0,0.0
2026-03-09 11:10:00-04:00,0.527999997138977,0.527999997138977,0.5278000235557556,0.5278000235557556,31623,0.0,0.0
2026-03-09 11:15:00-04:00,0.5278000235557556,0.527999997138977,0.5278000235557556,0.527899980545044,115252,0.0,0.0
2026-03-09 11:20:00-04:00,0.527999997138977,0.5361999869346619,0.527899980545044,0.5331000089645386,245960,0.0,0.0
2026-03-09 11:25:00-04:00,0.5329999923706055,0.5365999937057495,0.5329999923706055,0.5364000201225281,98481,0.0,0.0
2026-03-09 11:30:00-04:00,0.5364999771118164,0.5364999771118164,0.5327000021934509,0.5327000021934509,73716,0.0,0.0
2026-03-09 11:35:00-04:00,0.5321000218391418,0.5321000218391418,0.5320000052452087,0.5320000052452087,75291,0.0,0.0
2026-03-09 11:40:00-04:00,0.5321000218391418,0.5321000218391418,0.5320000052452087,0.5320000052452087,107418,0.0,0.0
2026-03-09 11:45:00-04:00,0.5321000218391418,0.5321000218391418,0.5260000228881836,0.5260999798774719,717946,0.0,0.0
2026-03-09 11:50:00-04:00,0.5260000228881836,0.5260999798774719,0.5260000228881836,0.5260999798774719,49972,0.0,0.0
2026-03-09 11:55:00-04:00,0.5260000228881836,0.5260999798774719,0.5260000228881836,0.5260000228881836,135350,0.0,0.0
2026-03-09 12:00:00-04:00,0.5260000228881836,0.5346999764442444,0.5252000093460083,0.531499981880188,908729,0.0,0.0
2026-03-09 12:05:00-04:00,0.5304999947547913,0.5353999733924866,0.5285000205039978,0.535099983215332,110747,0.0,0.0
2026-03-09 12:10:00-04:00,0.5343999862670898,0.5450999736785889,0.5332000255584717,0.5450999736785889,163317,0.0,0.0
2026-03-09 12:15:00-04:00,0.5410000085830688,0.5412999987602234,0.5357999801635742,0.5407000184059143,86525,0.0,0.0
2026-03-09 12:20:00-04:00,0.5406000018119812,0.5406000018119812,0.5374000072479248,0.5403000116348267,49216,0.0,0.0
2026-03-09 12:25:00-04:00,0.5404000282287598,0.5404999852180481,0.5309000015258789,0.5309000015258789,118046,0.0,0.0
2026-03-09 12:30:00-04:00,0.531000018119812,0.531000018119812,0.5285999774932861,0.5286999940872192,113454,0.0,0.0
2026-03-09 12:35:00-04:00,0.5286999940872192,0.532800018787384,0.5285999774932861,0.5302000045776367,265184,0.0,0.0
2026-03-09 12:40:00-04:00,0.5314000248908997,0.5353999733924866,0.5303000211715698,0.532800018787384,35499,0.0,0.0
2026-03-09 12:45:00-04:00,0.532800018787384,0.535099983215332,0.532800018787384,0.535099983215332,22834,0.0,0.0
2026-03-09 12:50:00-04:00,0.5350000262260437,0.5350000262260437,0.5340999960899353,0.5342000126838684,20284,0.0,0.0
2026-03-09 12:55:00-04:00,0.5342000126838684,0.5342000126838684,0.5340999960899353,0.5340999960899353,16316,0.0,0.0
2026-03-09 13:00:00-04:00,0.5342000126838684,0.5342000126838684,0.5340999960899353,0.5340999960899353,42185,0.0,0.0
2026-03-09 13:05:00-04:00,0.5342000126838684,0.5342000126838684,0.5340999960899353,0.5342000126838684,18933,0.0,0.0
2026-03-09 13:10:00-04:00,0.5342000126838684,0.5342000126838684,0.5340999960899353,0.5340999960899353,25419,0.0,0.0
2026-03-09 13:15:00-04:00,0.5342000126838684,0.5342000126838684,0.5302000045776367,0.5302000045776367,177137,0.0,0.0
2026-03-09 13:20:00-04:00,0.5302000045776367,0.5302000045776367,0.5299999713897705,0.5299999713897705,30507,0.0,0.0
2026-03-09 13:25:00-04:00,0.5300999879837036,0.5300999879837036,0.5299000144004822,0.5299000144004822,164051,0.0,0.0
2026-03-09 13:30:00-04:00,0.5299999713897705,0.5299999713897705,0.5299000144004822,0.5299000144004822,11084,0.0,0.0
2026-03-09 13:35:00-04:00,0.5299999713897705,0.5300999879837036,0.5299000144004822,0.5300999879837036,261385,0.0,0.0
2026-03-09 13:40:00-04:00,0.5299999713897705,0.5314000248908997,0.5253999829292297,0.5286999940872192,441127,0.0,0.0
2026-03-09 13:45:00-04:00,0.5310999751091003,0.5349000096321106,0.531000018119812,0.5349000096321106,32461,0.0,0.0
2026-03-09 13:50:00-04:00,0.5347999930381775,0.5347999930381775,0.534600019454956,0.5346999764442444,42070,0.0,0.0
2026-03-09 13:55:00-04:00,0.5346999764442444,0.5350000262260437,0.534600019454956,0.5346999764442444,129898,0.0,0.0
2026-03-09 14:00:00-04:00,0.5349000096321106,0.5349000096321106,0.534600019454956,0.5347999930381775,22177,0.0,0.0
2026-03-09 14:05:00-04:00,0.5349000096321106,0.5414999723434448,0.531499981880188,0.5358999967575073,165885,0.0,0.0
2026-03-09 14:10:00-04:00,0.5332000255584717,0.5353999733924866,0.5332000255584717,0.5353999733924866,89703,0.0,0.0
2026-03-09 14:15:00-04:00,0.5368000268936157,0.5386999845504761,0.5368000268936157,0.5386000275611877,35191,0.0,0.0
2026-03-09 14:20:00-04:00,0.5386999845504761,0.5386999845504761,0.5349000096321106,0.538100004196167,27307,0.0,0.0
2026-03-09 14:25:00-04:00,0.538100004196167,0.538100004196167,0.5379999876022339,0.5379999876022339,2347,0.0,0.0
2026-03-09 14:30:00-04:00,0.5379999876022339,0.5379999876022339,0.5378999710083008,0.5379999876022339,8273,0.0,0.0
2026-03-09 14:35:00-04:00,0.5379999876022339,0.5379999876022339,0.5299999713897705,0.5300999879837036,370205,0.0,0.0
2026-03-09 14:40:00-04:00,0.5300999879837036,0.5300999879837036,0.5299999713897705,0.5300999879837036,36557,0.0,0.0
2026-03-09 14:45:00-04:00,0.5300999879837036,0.5300999879837036,0.5299999713897705,0.5300999879837036,36120,0.0,0.0
2026-03-09 14:50:00-04:00,0.5300999879837036,0.5300999879837036,0.5300999879837036,0.5300999879837036,14151,0.0,0.0
2026-03-09 14:55:00-04:00,0.5300999879837036,0.5300999879837036,0.5300999879837036,0.5300999879837036,25933,0.0,0.0
2026-03-09 15:00:00-04:00,0.5300999879837036,0.5300999879837036,0.5299999713897705,0.5300999879837036,3326,0.0,0.0
2026-03-09 15:05:00-04:00,0.5300999879837036,0.5300999879837036,0.5299999713897705,0.5300999879837036,34818,0.0,0.0
2026-03-09 15:10:00-04:00,0.5300999879837036,0.5300999879837036,0.5299999713897705,0.5300999879837036,23540,0.0,0.0
2026-03-09 15:15:00-04:00,0.5299999713897705,0.5300999879837036,0.5299999713897705,0.5300999879837036,148747,0.0,0.0
2026-03-09 15:20:00-04:00,0.5300999879837036,0.5404999852180481,0.5300999879837036,0.5393999814987183,322341,0.0,0.0
2026-03-09 15:25:00-04:00,0.5393999814987183,0.5497999787330627,0.5393999814987183,0.5473999977111816,32381,0.0,0.0
2026-03-09 15:30:00-04:00,0.5472999811172485,0.5473999977111816,0.5418999791145325,0.5460000038146973,111169,0.0,0.0
2026-03-09 15:35:00-04:00,0.5460000038146973,0.5460000038146973,0.5404999852180481,0.5425000190734863,63156,0.0,0.0
2026-03-09 15:40:00-04:00,0.5425000190734863,0.5425000190734863,0.5407000184059143,0.5407999753952026,52505,0.0,0.0
2026-03-09 15:45:00-04:00,0.5407999753952026,0.5407999753952026,0.5407000184059143,0.5407999753952026,274907,0.0,0.0
2026-03-09 15:50:00-04:00,0.5407000184059143,0.5407999753952026,0.5407000184059143,0.5407999753952026,138031,0.0,0.0
2026-03-09 15:55:00-04:00,0.5407999753952026,0.5460000038146973,0.5407000184059143,0.5412999987602234,229091,0.0,0.0
2026-03-10 09:30:00-04:00,0.5490000247955322,0.5534999966621399,0.5479999780654907,0.5480999946594238,338994,0.0,0.0
2026-03-10 09:35:00-04:00,0.5511000156402588,0.5795000195503235,0.5501999855041504,0.5702000260353088,209183,0.0,0.0
2026-03-10 09:40:00-04:00,0.5702000260353088,0.5702000260353088,0.5514000058174133,0.557699978351593,145201,0.0,0.0
2026-03-10 09:45:00-04:00,0.5576000213623047,0.5688999891281128,0.5576000213623047,0.5644999742507935,52842,0.0,0.0
2026-03-10 09:50:00-04:00,0.5644999742507935,0.5753999948501587,0.564300000667572,0.5738000273704529,187322,0.0,0.0
2026-03-10 09:55:00-04:00,0.5738000273704529,0.5763999819755554,0.5702000260353088,0.5753999948501587,101766,0.0,0.0
2026-03-10 10:00:00-04:00,0.5753999948501587,0.5794000029563904,0.5740000009536743,0.5788999795913696,151989,0.0,0.0
2026-03-10 10:05:00-04:00,0.5788999795913696,0.5835000276565552,0.5741000175476074,0.5741999745368958,215361,0.0,0.0
2026-03-10 10:10:00-04:00,0.5741999745368958,0.5796999931335449,0.5741000175476074,0.5795000195503235,64944,0.0,0.0
2026-03-10 10:15:00-04:00,0.5795000195503235,0.5820000171661377,0.5752999782562256,0.5820000171661377,319974,0.0,0.0
2026-03-10 10:20:00-04:00,0.5817000269889832,0.5892000198364258,0.5817000269889832,0.5863999724388123,128814,0.0,0.0
2026-03-10 10:25:00-04:00,0.5863999724388123,0.5943999886512756,0.5863999724388123,0.5900999903678894,70573,0.0,0.0
2026-03-10 10:30:00-04:00,0.5900999903678894,0.5949000120162964,0.5899999737739563,0.5913000106811523,133016,0.0,0.0
2026-03-10 10:35:00-04:00,0.5913000106811523,0.5946999788284302,0.5864999890327454,0.5943999886512756,83666,0.0,0.0
2026-03-10 10:40:00-04:00,0.5946999788284302,0.5989999771118164,0.5946000218391418,0.5989999771118164,96730,0.0,0.0
2026-03-10 10:45:00-04:00,0.5989999771118164,0.6000000238418579,0.5963000059127808,0.5964000225067139,195666,0.0,0.0
2026-03-10 10:50:00-04:00,0.5985000133514404,0.6000000238418579,0.593999981880188,0.6000000238418579,148860,0.0,0.0
2026-03-10 10:55:00-04:00,0.6000000238418579,0.6000000238418579,0.5916000008583069,0.5927000045776367,297993,0.0,0.0
2026-03-10 11:00:00-04:00,0.5928000211715698,0.5938000082969666,0.5928000211715698,0.593500018119812,46116,0.0,0.0
2026-03-10 11:05:00-04:00,0.593500018119812,0.593500018119812,0.5910000205039978,0.5929999947547913,139264,0.0,0.0
2026-03-10 11:10:00-04:00,0.5929999947547913,0.6000000238418579,0.5929999947547913,0.5972999930381775,434265,0.0,0.0
2026-03-10 11:15:00-04:00,0.5978999733924866,0.5985999703407288,0.593500018119812,0.5935999751091003,68300,0.0,0.0
2026-03-10 11:20:00-04:00,0.593500018119812,0.5935999751091003,0.593500018119812,0.5935999751091003,18519,0.0,0.0
2026-03-10 11:25:00-04:00,0.5935999751091003,0.5935999751091003,0.5895000100135803,0.5896000266075134,145361,0.0,0.0
2026-03-10 11:30:00-04:00,0.5896000266075134,0.5896000266075134,0.5799999833106995,0.5831999778747559,393842,0.0,0.0
2026-03-10 11:35:00-04:00,0.5849000215530396,0.5896000266075134,0.5842000246047974,0.5896000266075134,39167,0.0,0.0
2026-03-10 11:40:00-04:00,0.5896000266075134,0.5896000266075134,0.5849999785423279,0.5849999785423279,188654,0.0,0.0
2026-03-10 11:45:00-04:00,0.5849999785423279,0.585099995136261,0.5849999785423279,0.5849999785423279,31814,0.0,0.0
2026-03-10 11:50:00-04:00,0.5849999785423279,0.585099995136261,0.5799999833106995,0.5800999999046326,271422,0.0,0.0
2026-03-10 11:55:00-04:00,0.5800999999046326,0.5893999934196472,0.5799999833106995,0.5874999761581421,311018,0.0,0.0
2026-03-10 12:00:00-04:00,0.5856000185012817,0.5856000185012817,0.5830000042915344,0.5831000208854675,37540,0.0,0.0
2026-03-10 12:05:00-04:00,0.5831000208854675,0.5831000208854675,0.5828999876976013,0.5830000042915344,56546,0.0,0.0
2026-03-10 12:10:00-04:00,0.5830000042915344,0.5830000042915344,0.5828999876976013,0.5828999876976013,33789,0.0,0.0
2026-03-10 12:15:00-04:00,0.5830000042915344,0.5830000042915344,0.5827999711036682,0.5827999711036682,61518,0.0,0.0
2026-03-10 12:20:00-04:00,0.5827999711036682,0.5828999876976013,0.5827999711036682,0.5828999876976013,18904,0.0,0.0
2026-03-10 12:25:00-04:00,0.5827999711036682,0.5828999876976013,0.5800999999046326,0.5800999999046326,120050,0.0,0.0
2026-03-10 12:30:00-04:00,0.5800999999046326,0.5800999999046326,0.5799999833106995,0.5799999833106995,108922,0.0,0.0
2026-03-10 12:35:00-04:00,0.5800999999046326,0.5856999754905701,0.5799999833106995,0.5843999981880188,540926,0.0,0.0
2026-03-10 12:40:00-04:00,0.5843999981880188,0.5899999737739563,0.5842999815940857,0.5885000228881836,105509,0.0,0.0
2026-03-10 12:45:00-04:00,0.5888000130653381,0.5888000130653381,0.5875999927520752,0.5884000062942505,34372,0.0,0.0
2026-03-10 12:50:00-04:00,0.5882999897003174,0.5899999737739563,0.5870000123977661,0.5899999737739563,84892,0.0,0.0
2026-03-10 12:55:00-04:00,0.589900016784668,0.589900016784668,0.5812000036239624,0.5831000208854675,80993,0.0,0.0
2026-03-10 13:00:00-04:00,0.5831000208854675,0.588699996471405,0.5831000208854675,0.5879999995231628,52236,0.0,0.0
2026-03-10 13:05:00-04:00,0.5879999995231628,0.5896000266075134,0.5878999829292297,0.5895000100135803,30130,0.0,0.0
2026-03-10 13:10:00-04:00,0.5892000198364258,0.5892000198364258,0.5849999785423279,0.5849999785423279,29182,0.0,0.0
2026-03-10 13:15:00-04:00,0.585099995136261,0.585099995136261,0.5849000215530396,0.5849000215530396,42619,0.0,0.0
2026-03-10 13:20:00-04:00,0.5849000215530396,0.5879999995231628,0.5848000049591064,0.5879999995231628,223113,0.0,0.0
2026-03-10 13:25:00-04:00,0.5879999995231628,0.5879999995231628,0.585099995136261,0.5855000019073486,117876,0.0,0.0
2026-03-10 13:30:00-04:00,0.5853999853134155,0.5855000019073486,0.5848000049591064,0.5849000215530396,32818,0.0,0.0
2026-03-10 13:35:00-04:00,0.5848000049591064,0.5849000215530396,0.5759000182151794,0.5759000182151794,62540,0.0,0.0
2026-03-10 13:40:00-04:00,0.5759999752044678,0.5759999752044678,0.5712000131607056,0.5734999775886536,88219,0.0,0.0
2026-03-10 13:45:00-04:00,0.5734999775886536,0.579200029373169,0.5710999965667725,0.5716999769210815,73621,0.0,0.0
2026-03-10 13:50:00-04:00,0.5716999769210815,0.5738000273704529,0.5713000297546387,0.5713000297546387,85169,0.0,0.0
2026-03-10 13:55:00-04:00,0.5713000297546387,0.5733000040054321,0.5651999711990356,0.573199987411499,52056,0.0,0.0
2026-03-10 14:00:00-04:00,0.570900022983551,0.5709999799728394,0.5680999755859375,0.5698999762535095,13687,0.0,0.0
2026-03-10 14:05:00-04:00,0.5698999762535095,0.5740000009536743,0.5656999945640564,0.5703999996185303,51354,0.0,0.0
2026-03-10 14:10:00-04:00,0.5703999996185303,0.5703999996185303,0.5627999901771545,0.5627999901771545,37335,0.0,0.0
2026-03-10 14:15:00-04:00,0.5626999735832214,0.5648999810218811,0.5601000189781189,0.5612999796867371,53124,0.0,0.0
2026-03-10 14:20:00-04:00,0.5612999796867371,0.5612999796867371,0.5594000220298767,0.5605999827384949,127204,0.0,0.0
2026-03-10 14:25:00-04:00,0.5602999925613403,0.5684999823570251,0.5602999925613403,0.5636000037193298,28968,0.0,0.0
2026-03-10 14:30:00-04:00,0.5655999779701233,0.5666999816894531,0.5637999773025513,0.5651999711990356,49885,0.0,0.0
2026-03-10 14:35:00-04:00,0.5651000142097473,0.571399986743927,0.5637000203132629,0.5709999799728394,104992,0.0,0.0
2026-03-10 14:40:00-04:00,0.5709999799728394,0.5753999948501587,0.5709999799728394,0.5719000101089478,118622,0.0,0.0
2026-03-10 14:45:00-04:00,0.5716000199317932,0.5719000101089478,0.5698999762535095,0.5699999928474426,73069,0.0,0.0
2026-03-10 14:50:00-04:00,0.5699999928474426,0.5699999928474426,0.5655999779701233,0.5655999779701233,73129,0.0,0.0
2026-03-10 14:55:00-04:00,0.565500020980835,0.5659999847412109,0.565500020980835,0.5659999847412109,16119,0.0,0.0
2026-03-10 15:00:00-04:00,0.5659999847412109,0.5659999847412109,0.5659000277519226,0.5659000277519226,10162,0.0,0.0
2026-03-10 15:05:00-04:00,0.5659999847412109,0.5659999847412109,0.5659000277519226,0.5659999847412109,9374,0.0,0.0
2026-03-10 15:10:00-04:00,0.5659999847412109,0.5659999847412109,0.5659000277519226,0.5659999847412109,37997,0.0,0.0
2026-03-10 15:15:00-04:00,0.5659999847412109,0.5659999847412109,0.5659000277519226,0.5659999847412109,47671,0.0,0.0
2026-03-10 15:20:00-04:00,0.5659999847412109,0.5659999847412109,0.5659000277519226,0.5659999847412109,16724,0.0,0.0
2026-03-10 15:25:00-04:00,0.5659000277519226,0.5659999847412109,0.5659000277519226,0.5659000277519226,14639,0.0,0.0
2026-03-10 15:30:00-04:00,0.5659999847412109,0.5659999847412109,0.5658000111579895,0.5659000277519226,25737,0.0,0.0
2026-03-10 15:35:00-04:00,0.5658000111579895,0.5659000277519226,0.5600000023841858,0.5600000023841858,41893,0.0,0.0
2026-03-10 15:40:00-04:00,0.5601000189781189,0.5601000189781189,0.5600000023841858,0.5601000189781189,105086,0.0,0.0
2026-03-10 15:45:00-04:00,0.5601000189781189,0.5601000189781189,0.5600000023841858,0.5601000189781189,106458,0.0,0.0
2026-03-10 15:50:00-04:00,0.5600000023841858,0.5601000189781189,0.5600000023841858,0.5600000023841858,56393,0.0,0.0
2026-03-10 15:55:00-04:00,0.5601000189781189,0.5601000189781189,0.555400013923645,0.5554999709129333,86920,0.0,0.0
2026-03-11 09:30:00-04:00,0.5699999928474426,0.5705000162124634,0.5575000047683716,0.5690000057220459,163710,0.0,0.0
2026-03-11 09:35:00-04:00,0.5690000057220459,0.5720000267028809,0.5680999755859375,0.5699999928474426,37515,0.0,0.0
2026-03-11 09:40:00-04:00,0.5730999708175659,0.5733000040054321,0.5699999928474426,0.5702000260353088,49097,0.0,0.0
2026-03-11 09:45:00-04:00,0.5702999830245972,0.5753999948501587,0.5702999830245972,0.5726000070571899,31355,0.0,0.0
2026-03-11 09:50:00-04:00,0.5738000273704529,0.5853000283241272,0.5722000002861023,0.5817000269889832,297867,0.0,0.0
2026-03-11 09:55:00-04:00,0.5827000141143799,0.589900016784668,0.5800999999046326,0.588100016117096,301959,0.0,0.0
2026-03-11 10:00:00-04:00,0.5879999995231628,0.5879999995231628,0.5855000019073486,0.5863999724388123,124126,0.0,0.0
2026-03-11 10:05:00-04:00,0.5855000019073486,0.5874000191688538,0.5855000019073486,0.5873000025749207,63559,0.0,0.0
2026-03-11 10:10:00-04:00,0.5873000025749207,0.5911999940872192,0.5873000025749207,0.5910000205039978,390746,0.0,0.0
2026-03-11 10:15:00-04:00,0.5909000039100647,0.5910000205039978,0.5896999835968018,0.590399980545044,169548,0.0,0.0
2026-03-11 10:20:00-04:00,0.5902000069618225,0.5906000137329102,0.5756999850273132,0.5803999900817871,168422,0.0,0.0
2026-03-11 10:25:00-04:00,0.5805000066757202,0.5885000228881836,0.5787000060081482,0.5881999731063843,154293,0.0,0.0
2026-03-11 10:30:00-04:00,0.5884000062942505,0.5898000001907349,0.5813999772071838,0.5825999975204468,142958,0.0,0.0
2026-03-11 10:35:00-04:00,0.5825999975204468,0.5911999940872192,0.5825999975204468,0.589900016784668,301824,0.0,0.0
2026-03-11 10:40:00-04:00,0.589900016784668,0.590499997138977,0.5878999829292297,0.5899999737739563,89664,0.0,0.0
2026-03-11 10:45:00-04:00,0.589900016784668,0.5899999737739563,0.588699996471405,0.5893999934196472,39620,0.0,0.0
2026-03-11 10:50:00-04:00,0.5892000198364258,0.5896999835968018,0.5892000198364258,0.5892000198364258,25536,0.0,0.0
2026-03-11 10:55:00-04:00,0.5892000198364258,0.5892999768257141,0.5817999839782715,0.5853000283241272,94894,0.0,0.0
2026-03-11 11:00:00-04:00,0.5853000283241272,0.5857999920845032,0.5817999839782715,0.5817999839782715,115480,0.0,0.0
2026-03-11 11:05:00-04:00,0.5831999778747559,0.5856999754905701,0.5770999789237976,0.5806000232696533,125738,0.0,0.0
2026-03-11 11:10:00-04:00,0.5809000134468079,0.5814999938011169,0.5752000212669373,0.5785999894142151,93601,0.0,0.0
2026-03-11 11:15:00-04:00,0.5787000060081482,0.5795999765396118,0.5752999782562256,0.57669997215271,203477,0.0,0.0
2026-03-11 11:20:00-04:00,0.57669997215271,0.5789999961853027,0.5758000016212463,0.576200008392334,97117,0.0,0.0
2026-03-11 11:25:00-04:00,0.576200008392334,0.5774000287055969,0.573199987411499,0.5735999941825867,62765,0.0,0.0
2026-03-11 11:30:00-04:00,0.5734000205993652,0.5734000205993652,0.5669999718666077,0.5690000057220459,32103,0.0,0.0
2026-03-11 11:35:00-04:00,0.569100022315979,0.5702000260353088,0.5680000185966492,0.5697000026702881,104323,0.0,0.0
2026-03-11 11:40:00-04:00,0.5691999793052673,0.572700023651123,0.5691999793052673,0.5709999799728394,45630,0.0,0.0
2026-03-11 11:45:00-04:00,0.5715000033378601,0.5715000033378601,0.5702999830245972,0.5703999996185303,8119,0.0,0.0
2026-03-11 11:50:00-04:00,0.5703999996185303,0.5741999745368958,0.5702999830245972,0.5738999843597412,122323,0.0,0.0
2026-03-11 11:55:00-04:00,0.574400007724762,0.5781999826431274,0.5728999972343445,0.5748000144958496,138394,0.0,0.0
2026-03-11 12:00:00-04:00,0.5751000046730042,0.5751000046730042,0.5720999836921692,0.5728999972343445,52553,0.0,0.0
2026-03-11 12:05:00-04:00,0.5723999738693237,0.5728999972343445,0.5701000094413757,0.5701000094413757,57987,0.0,0.0
2026-03-11 12:10:00-04:00,0.5713000297546387,0.5723999738693237,0.5699999928474426,0.5702999830245972,43619,0.0,0.0
2026-03-11 12:15:00-04:00,0.5710999965667725,0.5720999836921692,0.5694000124931335,0.5715000033378601,28864,0.0,0.0
2026-03-11 12:20:00-04:00,0.5716000199317932,0.5723000168800354,0.5709999799728394,0.5716000199317932,18801,0.0,0.0
2026-03-11 12:25:00-04:00,0.5710999965667725,0.5770000219345093,0.5710999965667725,0.5770000219345093,85748,0.0,0.0
2026-03-11 12:30:00-04:00,0.5770000219345093,0.5799000263214111,0.576200008392334,0.579800009727478,35286,0.0,0.0
2026-03-11 12:35:00-04:00,0.579800009727478,0.5799999833106995,0.5699999928474426,0.572700023651123,364915,0.0,0.0
2026-03-11 12:40:00-04:00,0.5733000040054321,0.5734999775886536,0.5717999935150146,0.5734999775886536,20476,0.0,0.0
2026-03-11 12:45:00-04:00,0.5734999775886536,0.5751000046730042,0.5717999935150146,0.5719000101089478,10517,0.0,0.0
2026-03-11 12:50:00-04:00,0.5734999775886536,0.5766000151634216,0.5734999775886536,0.5766000151634216,116500,0.0,0.0
2026-03-11 12:55:00-04:00,0.5766000151634216,0.5769000053405762,0.5763999819755554,0.5763999819755554,40330,0.0,0.0
2026-03-11 13:00:00-04:00,0.5763000249862671,0.5763000249862671,0.5740000009536743,0.5752000212669373,51190,0.0,0.0
2026-03-11 13:05:00-04:00,0.5752000212669373,0.5774000287055969,0.5752000212669373,0.5766000151634216,35056,0.0,0.0
2026-03-11 13:10:00-04:00,0.5758000016212463,0.5759999752044678,0.5745000243186951,0.5752000212669373,16044,0.0,0.0
2026-03-11 13:15:00-04:00,0.5746999979019165,0.5746999979019165,0.5741000175476074,0.5741999745368958,25410,0.0,0.0
2026-03-11 13:20:00-04:00,0.5741999745368958,0.5756999850273132,0.5741000175476074,0.5742999911308289,35523,0.0,0.0
2026-03-11 13:25:00-04:00,0.5741000175476074,0.5741000175476074,0.5684000253677368,0.5688999891281128,43342,0.0,0.0
2026-03-11 13:30:00-04:00,0.5688999891281128,0.5712000131607056,0.5684000253677368,0.5705999732017517,71478,0.0,0.0
2026-03-11 13:35:00-04:00,0.5705000162124634,0.5705999732017517,0.5651000142097473,0.5662000179290771,199911,0.0,0.0
2026-03-11 13:40:00-04:00,0.5662000179290771,0.5667999982833862,0.5655999779701233,0.5667999982833862,72219,0.0,0.0
2026-03-11 13:45:00-04:00,0.5667999982833862,0.5701000094413757,0.5667999982833862,0.5694000124931335,60746,0.0,0.0
2026-03-11 13:50:00-04:00,0.5698000192642212,0.5723999738693237,0.5698000192642212,0.5723999738693237,30931,0.0,0.0
2026-03-11 13:55:00-04:00,0.574400007724762,0.574400007724762,0.5702999830245972,0.5702999830245972,34575,0.0,0.0
2026-03-11 14:00:00-04:00,0.5702000260353088,0.5702000260353088,0.5695000290870667,0.5698000192642212,16936,0.0,0.0
2026-03-11 14:05:00-04:00,0.5683000087738037,0.5688999891281128,0.5683000087738037,0.5688999891281128,11490,0.0,0.0
2026-03-11 14:10:00-04:00,0.5683000087738037,0.5683000087738037,0.5662999749183655,0.5666999816894531,18464,0.0,0.0
2026-03-11 14:15:00-04:00,0.5670999884605408,0.5670999884605408,0.5669999718666077,0.5670999884605408,7840,0.0,0.0
2026-03-11 14:20:00-04:00,0.5670999884605408,0.571399986743927,0.5669999718666077,0.5705000162124634,35894,0.0,0.0
2026-03-11 14:25:00-04:00,0.5715000033378601,0.5751000046730042,0.5710999965667725,0.574400007724762,5561,0.0,0.0
2026-03-11 14:30:00-04:00,0.5728999972343445,0.5758000016212463,0.5728999972343445,0.5745000243186951,8822,0.0,0.0
2026-03-11 14:35:00-04:00,0.5748000144958496,0.5748000144958496,0.5699999928474426,0.5712000131607056,30674,0.0,0.0
2026-03-11 14:40:00-04:00,0.5717999935150146,0.5722000002861023,0.5697000026702881,0.5712000131607056,12273,0.0,0.0
2026-03-11 14:45:00-04:00,0.5717999935150146,0.5723999738693237,0.5717999935150146,0.5723000168800354,30831,0.0,0.0
2026-03-11 14:50:00-04:00,0.5723000168800354,0.5723999738693237,0.5723000168800354,0.5723999738693237,8353,0.0,0.0
2026-03-11 14:55:00-04:00,0.5723999738693237,0.5723999738693237,0.5709999799728394,0.5709999799728394,21253,0.0,0.0
2026-03-11 15:00:00-04:00,0.5699999928474426,0.5705000162124634,0.5699999928474426,0.5703999996185303,24439,0.0,0.0
2026-03-11 15:05:00-04:00,0.5702999830245972,0.5703999996185303,0.5702999830245972,0.5703999996185303,8274,0.0,0.0
2026-03-11 15:10:00-04:00,0.5702999830245972,0.5716000199317932,0.5702999830245972,0.5715000033378601,23909,0.0,0.0
2026-03-11 15:15:00-04:00,0.5710999965667725,0.5710999965667725,0.5680000185966492,0.5699999928474426,28265,0.0,0.0
2026-03-11 15:20:00-04:00,0.5699999928474426,0.5699999928474426,0.5677000284194946,0.5687999725341797,37238,0.0,0.0
2026-03-11 15:25:00-04:00,0.5688999891281128,0.5688999891281128,0.5662999749183655,0.5662999749183655,72870,0.0,0.0
2026-03-11 15:30:00-04:00,0.5662999749183655,0.5701000094413757,0.5662999749183655,0.5701000094413757,82290,0.0,0.0
2026-03-11 15:35:00-04:00,0.5705000162124634,0.5720000267028809,0.5705000162124634,0.5720000267028809,97063,0.0,0.0
2026-03-11 15:40:00-04:00,0.5720000267028809,0.5720000267028809,0.5717999935150146,0.5717999935150146,43615,0.0,0.0
2026-03-11 15:45:00-04:00,0.5720000267028809,0.5730999708175659,0.5716999769210815,0.5730999708175659,92438,0.0,0.0
2026-03-11 15:50:00-04:00,0.5730999708175659,0.5735999941825867,0.5730000138282776,0.5734999775886536,178578,0.0,0.0
2026-03-11 15:55:00-04:00,0.5735999941825867,0.5738000273704529,0.5627999901771545,0.5694000124931335,605561,0.0,0.0
2026-03-12 09:30:00-04:00,0.5699999928474426,0.5702999830245972,0.5575000047683716,0.5665000081062317,328694,0.0,0.0
2026-03-12 09:35:00-04:00,0.5665000081062317,0.5712000131607056,0.5601000189781189,0.5692999958992004,71127,0.0,0.0
2026-03-12 09:40:00-04:00,0.5638999938964844,0.5703999996185303,0.5591999888420105,0.5600000023841858,79057,0.0,0.0
2026-03-12 09:45:00-04:00,0.5600000023841858,0.5608000159263611,0.5555999875068665,0.5598999857902527,15234,0.0,0.0
2026-03-12 09:50:00-04:00,0.5612000226974487,0.5627999901771545,0.555400013923645,0.555400013923645,51420,0.0,0.0
2026-03-12 09:55:00-04:00,0.5569000244140625,0.5569000244140625,0.551800012588501,0.5555999875068665,140555,0.0,0.0
2026-03-12 10:00:00-04:00,0.5555999875068665,0.5658000111579895,0.5554999709129333,0.5644999742507935,87593,0.0,0.0
2026-03-12 10:05:00-04:00,0.5634999871253967,0.5658000111579895,0.5620999932289124,0.5631999969482422,78575,0.0,0.0
2026-03-12 10:10:00-04:00,0.5629000067710876,0.5656999945640564,0.5626000165939331,0.5656999945640564,64115,0.0,0.0
2026-03-12 10:15:00-04:00,0.5683000087738037,0.5726000070571899,0.5640000104904175,0.5663999915122986,69280,0.0,0.0
2026-03-12 10:20:00-04:00,0.5665000081062317,0.5665000081062317,0.5616999864578247,0.5655999779701233,14905,0.0,0.0
2026-03-12 10:25:00-04:00,0.5640000104904175,0.566100001335144,0.5623999834060669,0.5659999847412109,28200,0.0,0.0
2026-03-12 10:30:00-04:00,0.5659999847412109,0.5659999847412109,0.5576000213623047,0.5595999956130981,70922,0.0,0.0
2026-03-12 10:35:00-04:00,0.5597000122070312,0.5622000098228455,0.5597000122070312,0.5604000091552734,29867,0.0,0.0
2026-03-12 10:40:00-04:00,0.560699999332428,0.5623999834060669,0.560699999332428,0.5623999834060669,14485,0.0,0.0
2026-03-12 10:45:00-04:00,0.5627999901771545,0.5627999901771545,0.557699978351593,0.557699978351593,31101,0.0,0.0
2026-03-12 10:50:00-04:00,0.5576000213623047,0.5576000213623047,0.5555999875068665,0.5569000244140625,79266,0.0,0.0
2026-03-12 10:55:00-04:00,0.5566999912261963,0.5580999851226807,0.5551000237464905,0.5580999851226807,60567,0.0,0.0
2026-03-12 11:00:00-04:00,0.5582000017166138,0.5598000288009644,0.5582000017166138,0.5598000288009644,18039,0.0,0.0
2026-03-12 11:05:00-04:00,0.5598000288009644,0.5637000203132629,0.5598000288009644,0.5620999932289124,30022,0.0,0.0
2026-03-12 11:10:00-04:00,0.5615000128746033,0.5616999864578247,0.5594000220298767,0.5616999864578247,25154,0.0,0.0
2026-03-12 11:15:00-04:00,0.5616999864578247,0.5638999938964844,0.5616999864578247,0.5626000165939331,13143,0.0,0.0
2026-03-12 11:20:00-04:00,0.5633999705314636,0.5640000104904175,0.5633999705314636,0.5640000104904175,6383,0.0,0.0
2026-03-12 11:25:00-04:00,0.5638999938964844,0.5690000057220459,0.5638999938964844,0.5662000179290771,81285,0.0,0.0
2026-03-12 11:30:00-04:00,0.566100001335144,0.566100001335144,0.5631999969482422,0.5651999711990356,17785,0.0,0.0
2026-03-12 11:35:00-04:00,0.5655999779701233,0.5679000020027161,0.5651999711990356,0.5679000020027161,32363,0.0,0.0
2026-03-12 11:40:00-04:00,0.5683000087738037,0.5734000205993652,0.5679000020027161,0.5734000205993652,180984,0.0,0.0
2026-03-12 11:45:00-04:00,0.5734000205993652,0.5753999948501587,0.5730000138282776,0.5753999948501587,67225,0.0,0.0
2026-03-12 11:50:00-04:00,0.5745000243186951,0.5781999826431274,0.5735999941825867,0.5756999850273132,57639,0.0,0.0
2026-03-12 11:55:00-04:00,0.5759999752044678,0.5794000029563904,0.5759999752044678,0.5788000226020813,34871,0.0,0.0
2026-03-12 12:00:00-04:00,0.5788000226020813,0.5788000226020813,0.5787000060081482,0.5788000226020813,83687,0.0,0.0
2026-03-12 12:05:00-04:00,0.5787000060081482,0.5787000060081482,0.5730999708175659,0.5730999708175659,46845,0.0,0.0
2026-03-12 12:10:00-04:00,0.5734000205993652,0.5756999850273132,0.5723999738693237,0.5753999948501587,38976,0.0,0.0
2026-03-12 12:15:00-04:00,0.5751000046730042,0.5770000219345093,0.5751000046730042,0.5766000151634216,22428,0.0,0.0
2026-03-12 12:20:00-04:00,0.57669997215271,0.5852000117301941,0.57669997215271,0.5828999876976013,42643,0.0,0.0
2026-03-12 12:25:00-04:00,0.5827000141143799,0.5827000141143799,0.5771999955177307,0.5776000022888184,28953,0.0,0.0
2026-03-12 12:30:00-04:00,0.5777000188827515,0.5799999833106995,0.5776000022888184,0.5799000263214111,54578,0.0,0.0
2026-03-12 12:35:00-04:00,0.5796999931335449,0.5796999931335449,0.5738000273704529,0.5778999924659729,48705,0.0,0.0
2026-03-12 12:40:00-04:00,0.5778999924659729,0.5778999924659729,0.5702000260353088,0.5702000260353088,6580,0.0,0.0
2026-03-12 12:45:00-04:00,0.5705000162124634,0.5717999935150146,0.5672000050544739,0.5692999958992004,53675,0.0,0.0
2026-03-12 12:50:00-04:00,0.5702000260353088,0.5703999996185303,0.5680000185966492,0.5680000185966492,13866,0.0,0.0
2026-03-12 12:55:00-04:00,0.5662999749183655,0.5697000026702881,0.5662999749183655,0.5697000026702881,9193,0.0,0.0
2026-03-12 13:00:00-04:00,0.5697000026702881,0.5698000192642212,0.5695000290870667,0.5697000026702881,15247,0.0,0.0
2026-03-12 13:05:00-04:00,0.5697000026702881,0.5698000192642212,0.5658000111579895,0.5659000277519226,99387,0.0,0.0
2026-03-12 13:10:00-04:00,0.5656999945640564,0.5658000111579895,0.5625,0.5633000135421753,15543,0.0,0.0
2026-03-12 13:15:00-04:00,0.5637999773025513,0.5641000270843506,0.5600000023841858,0.5630999803543091,33272,0.0,0.0
2026-03-12 13:20:00-04:00,0.5630999803543091,0.566100001335144,0.5630999803543091,0.5659999847412109,59557,0.0,0.0
2026-03-12 13:25:00-04:00,0.5659999847412109,0.566100001335144,0.5629000067710876,0.5629000067710876,31684,0.0,0.0
2026-03-12 13:30:00-04:00,0.5633999705314636,0.5658000111579895,0.5633999705314636,0.5645999908447266,19213,0.0,0.0
2026-03-12 13:35:00-04:00,0.5645999908447266,0.5651999711990356,0.5641999840736389,0.5649999976158142,26461,0.0,0.0
2026-03-12 13:40:00-04:00,0.5648000240325928,0.5648999810218811,0.5627999901771545,0.5629000067710876,26260,0.0,0.0
2026-03-12 13:45:00-04:00,0.5627999901771545,0.5627999901771545,0.5615000128746033,0.5622000098228455,62152,0.0,0.0
2026-03-12 13:50:00-04:00,0.5622000098228455,0.5633999705314636,0.5620999932289124,0.5626999735832214,99839,0.0,0.0
2026-03-12 13:55:00-04:00,0.5626000165939331,0.5626999735832214,0.5584999918937683,0.5584999918937683,90118,0.0,0.0
2026-03-12 14:00:00-04:00,0.5583000183105469,0.559499979019165,0.5579000115394592,0.5593000054359436,58157,0.0,0.0
2026-03-12 14:05:00-04:00,0.5593000054359436,0.5594000220298767,0.558899998664856,0.558899998664856,47181,0.0,0.0
2026-03-12 14:10:00-04:00,0.5587000250816345,0.5593000054359436,0.5580999851226807,0.5593000054359436,84059,0.0,0.0
2026-03-12 14:15:00-04:00,0.5593000054359436,0.5608999729156494,0.5593000054359436,0.5597000122070312,40096,0.0,0.0
2026-03-12 14:20:00-04:00,0.5597000122070312,0.5597000122070312,0.5590999722480774,0.5591999888420105,16355,0.0,0.0
2026-03-12 14:25:00-04:00,0.5590999722480774,0.5590999722480774,0.5579000115394592,0.5580999851226807,17202,0.0,0.0
2026-03-12 14:30:00-04:00,0.5580999851226807,0.5584999918937683,0.5580999851226807,0.5584999918937683,33535,0.0,0.0
2026-03-12 14:35:00-04:00,0.5584999918937683,0.5584999918937683,0.5583999752998352,0.5584999918937683,13100,0.0,0.0
2026-03-12 14:40:00-04:00,0.5583000183105469,0.5583999752998352,0.5561000108718872,0.5569999814033508,17397,0.0,0.0
2026-03-12 14:45:00-04:00,0.5566999912261963,0.5583999752998352,0.5558000206947327,0.5558000206947327,93577,0.0,0.0
2026-03-12 14:50:00-04:00,0.5564000010490417,0.5582000017166138,0.5564000010490417,0.5582000017166138,14496,0.0,0.0
2026-03-12 14:55:00-04:00,0.5582000017166138,0.5583000183105469,0.5568000078201294,0.5572999715805054,17745,0.0,0.0
2026-03-12 15:00:00-04:00,0.5568000078201294,0.5569000244140625,0.5562000274658203,0.5565000176429749,42638,0.0,0.0
2026-03-12 15:05:00-04:00,0.5565000176429749,0.5565999746322632,0.5555999875068665,0.5555999875068665,61219,0.0,0.0
2026-03-12 15:10:00-04:00,0.5551999807357788,0.5552999973297119,0.5543000102043152,0.5544000267982483,54498,0.0,0.0
2026-03-12 15:15:00-04:00,0.5543000102043152,0.5546000003814697,0.5543000102043152,0.5544999837875366,13718,0.0,0.0
2026-03-12 15:20:00-04:00,0.5544999837875366,0.5546000003814697,0.5544999837875366,0.5546000003814697,13058,0.0,0.0
2026-03-12 15:25:00-04:00,0.5546000003814697,0.5546000003814697,0.5530999898910522,0.5530999898910522,18083,0.0,0.0
2026-03-12 15:30:00-04:00,0.5529999732971191,0.553600013256073,0.5525000095367432,0.5534999966621399,148688,0.0,0.0
2026-03-12 15:35:00-04:00,0.5534999966621399,0.5544999837875366,0.550000011920929,0.5504000186920166,106733,0.0,0.0
2026-03-12 15:40:00-04:00,0.5504999756813049,0.5504999756813049,0.5447999835014343,0.5447999835014343,271517,0.0,0.0
2026-03-12 15:45:00-04:00,0.5449000000953674,0.5454000234603882,0.5400999784469604,0.5419999957084656,94676,0.0,0.0
2026-03-12 15:50:00-04:00,0.5421000123023987,0.5421000123023987,0.5400999784469604,0.5401999950408936,66327,0.0,0.0
2026-03-12 15:55:00-04:00,0.5401999950408936,0.5408999919891357,0.535099983215332,0.5378000140190125,273461,0.0,0.0
2026-03-13 09:30:00-04:00,0.5400000214576721,0.5449000000953674,0.5400000214576721,0.5415999889373779,140532,0.0,0.0
2026-03-13 09:35:00-04:00,0.5437999963760376,0.5437999963760376,0.536899983882904,0.5397999882698059,109885,0.0,0.0
2026-03-13 09:40:00-04:00,0.5393000245094299,0.545799970626831,0.5386999845504761,0.5457000136375427,99460,0.0,0.0
2026-03-13 09:45:00-04:00,0.544700026512146,0.550000011920929,0.544700026512146,0.550000011920929,53476,0.0,0.0
2026-03-13 09:50:00-04:00,0.5497999787330627,0.5498999953269958,0.5429999828338623,0.5458999872207642,19994,0.0,0.0
2026-03-13 09:55:00-04:00,0.5460000038146973,0.5460000038146973,0.5432999730110168,0.5442000031471252,27983,0.0,0.0
2026-03-13 10:00:00-04:00,0.5442000031471252,0.5450000166893005,0.5440999865531921,0.5442000031471252,14753,0.0,0.0
2026-03-13 10:05:00-04:00,0.5442000031471252,0.5443000197410583,0.5404999852180481,0.5404999852180481,27422,0.0,0.0
2026-03-13 10:10:00-04:00,0.5406000018119812,0.5406000018119812,0.535099983215332,0.535099983215332,40769,0.0,0.0
2026-03-13 10:15:00-04:00,0.535099983215332,0.5375999808311462,0.5299000144004822,0.5375999808311462,114376,0.0,0.0
2026-03-13 10:20:00-04:00,0.5378000140190125,0.5436000227928162,0.5378000140190125,0.5435000061988831,46666,0.0,0.0
2026-03-13 10:25:00-04:00,0.5447999835014343,0.5447999835014343,0.5394999980926514,0.5418999791145325,61665,0.0,0.0
2026-03-13 10:30:00-04:00,0.5418000221252441,0.5472000241279602,0.5418000221252441,0.5429999828338623,52542,0.0,0.0
2026-03-13 10:35:00-04:00,0.5429999828338623,0.5447999835014343,0.5400000214576721,0.5424000024795532,29830,0.0,0.0
2026-03-13 10:40:00-04:00,0.5410000085830688,0.5414999723434448,0.5383999943733215,0.5383999943733215,10969,0.0,0.0
2026-03-13 10:45:00-04:00,0.5382999777793884,0.5382999777793884,0.5354999899864197,0.5361999869346619,36013,0.0,0.0
2026-03-13 10:50:00-04:00,0.5361999869346619,0.5368000268936157,0.5314000248908997,0.5320000052452087,19790,0.0,0.0
2026-03-13 10:55:00-04:00,0.5318999886512756,0.5318999886512756,0.5212000012397766,0.5232999920845032,205964,0.0,0.0
2026-03-13 11:00:00-04:00,0.5238000154495239,0.5260999798774719,0.5232999920845032,0.5256999731063843,129069,0.0,0.0
2026-03-13 11:05:00-04:00,0.5256999731063843,0.527999997138977,0.5254999995231628,0.5266000032424927,165275,0.0,0.0
2026-03-13 11:10:00-04:00,0.5271000266075134,0.5281999707221985,0.5260000228881836,0.5281000137329102,175545,0.0,0.0
2026-03-13 11:15:00-04:00,0.527999997138977,0.5299000144004822,0.527999997138977,0.5299000144004822,67560,0.0,0.0
2026-03-13 11:20:00-04:00,0.5311999917030334,0.5327000021934509,0.5296000242233276,0.5302000045776367,75231,0.0,0.0
2026-03-13 11:25:00-04:00,0.5302000045776367,0.531000018119812,0.5300999879837036,0.531000018119812,73755,0.0,0.0
2026-03-13 11:30:00-04:00,0.531000018119812,0.531000018119812,0.5309000015258789,0.531000018119812,19116,0.0,0.0
2026-03-13 11:35:00-04:00,0.5309000015258789,0.531000018119812,0.5289000272750854,0.5299000144004822,63248,0.0,0.0
2026-03-13 11:40:00-04:00,0.5299000144004822,0.5299000144004822,0.5277000069618225,0.5278000235557556,76965,0.0,0.0
2026-03-13 11:45:00-04:00,0.5278000235557556,0.5349000096321106,0.5277000069618225,0.5349000096321106,77322,0.0,0.0
2026-03-13 11:50:00-04:00,0.5335999727249146,0.5342000126838684,0.5278000235557556,0.5307000279426575,48236,0.0,0.0
2026-03-13 11:55:00-04:00,0.52920001745224,0.5292999744415283,0.5277000069618225,0.5285000205039978,13854,0.0,0.0
2026-03-13 12:00:00-04:00,0.5281000137329102,0.5285999774932861,0.527999997138977,0.5281000137329102,9525,0.0,0.0
2026-03-13 12:05:00-04:00,0.527999997138977,0.527999997138977,0.5249999761581421,0.5274999737739563,176518,0.0,0.0
2026-03-13 12:10:00-04:00,0.5275999903678894,0.5275999903678894,0.5220000147819519,0.5228000283241272,52750,0.0,0.0
2026-03-13 12:15:00-04:00,0.5227000117301941,0.5234000086784363,0.5220000147819519,0.5224999785423279,24555,0.0,0.0
2026-03-13 12:20:00-04:00,0.5224999785423279,0.5224999785423279,0.5199999809265137,0.5202000141143799,421045,0.0,0.0
2026-03-13 12:25:00-04:00,0.5212000012397766,0.5212000012397766,0.5200999975204468,0.5203999876976013,81157,0.0,0.0
2026-03-13 12:30:00-04:00,0.5200999975204468,0.5220999717712402,0.5200999975204468,0.521399974822998,112606,0.0,0.0
2026-03-13 12:35:00-04:00,0.5210999846458435,0.5228000283241272,0.5210999846458435,0.5218999981880188,50902,0.0,0.0
2026-03-13 12:40:00-04:00,0.5210000276565552,0.5281999707221985,0.5210000276565552,0.5273000001907349,33255,0.0,0.0
2026-03-13 12:45:00-04:00,0.5289000272750854,0.5289999842643738,0.5259000062942505,0.5273000001907349,20634,0.0,0.0
2026-03-13 12:50:00-04:00,0.5281000137329102,0.5281000137329102,0.5260000228881836,0.5281000137329102,15303,0.0,0.0
2026-03-13 12:55:00-04:00,0.527999997138977,0.5281000137329102,0.5253000259399414,0.5253000259399414,16792,0.0,0.0
2026-03-13 13:00:00-04:00,0.5250999927520752,0.5250999927520752,0.5249000191688538,0.5249999761581421,16410,0.0,0.0
2026-03-13 13:05:00-04:00,0.5249999761581421,0.5249999761581421,0.5249000191688538,0.5249000191688538,3680,0.0,0.0
2026-03-13 13:10:00-04:00,0.5249999761581421,0.5249999761581421,0.5235999822616577,0.524399995803833,17248,0.0,0.0
2026-03-13 13:15:00-04:00,0.524399995803833,0.527899980545044,0.5242999792098999,0.5271000266075134,88867,0.0,0.0
2026-03-13 13:20:00-04:00,0.5274999737739563,0.5278000235557556,0.5242999792098999,0.5253999829292297,24676,0.0,0.0
2026-03-13 13:25:00-04:00,0.5254999995231628,0.5254999995231628,0.5253999829292297,0.5254999995231628,5030,0.0,0.0
2026-03-13 13:30:00-04:00,0.5253999829292297,0.5254999995231628,0.5253999829292297,0.5254999995231628,18974,0.0,0.0
2026-03-13 13:35:00-04:00,0.5254999995231628,0.5254999995231628,0.522599995136261,0.522599995136261,25129,0.0,0.0
2026-03-13 13:40:00-04:00,0.5235999822616577,0.5238000154495239,0.522599995136261,0.5227000117301941,14096,0.0,0.0
2026-03-13 13:45:00-04:00,0.5227000117301941,0.5227000117301941,0.5202000141143799,0.5202999711036682,20866,0.0,0.0
2026-03-13 13:50:00-04:00,0.5206000208854675,0.5206000208854675,0.5180000066757202,0.5184999704360962,210628,0.0,0.0
2026-03-13 13:55:00-04:00,0.5184999704360962,0.5187000036239624,0.5169000029563904,0.5175999999046326,53954,0.0,0.0
2026-03-13 14:00:00-04:00,0.5175999999046326,0.5217999815940857,0.5174999833106995,0.5217000246047974,85376,0.0,0.0
2026-03-13 14:05:00-04:00,0.5202000141143799,0.5230000019073486,0.5202000141143799,0.5223000049591064,15457,0.0,0.0
2026-03-13 14:10:00-04:00,0.5228000283241272,0.5228000283241272,0.5202999711036682,0.5212000012397766,21532,0.0,0.0
2026-03-13 14:15:00-04:00,0.5212000012397766,0.5218999981880188,0.5212000012397766,0.5218999981880188,44440,0.0,0.0
2026-03-13 14:20:00-04:00,0.5218999981880188,0.5218999981880188,0.5202999711036682,0.5202999711036682,29362,0.0,0.0
2026-03-13 14:25:00-04:00,0.520799994468689,0.5210000276565552,0.520799994468689,0.5210000276565552,37732,0.0,0.0
2026-03-13 14:30:00-04:00,0.5210000276565552,0.5235000252723694,0.5210000276565552,0.5234000086784363,43192,0.0,0.0
2026-03-13 14:35:00-04:00,0.5234000086784363,0.5238999724388123,0.5234000086784363,0.5238000154495239,81069,0.0,0.0
2026-03-13 14:40:00-04:00,0.5238999724388123,0.5241000056266785,0.5238000154495239,0.5238999724388123,59406,0.0,0.0
2026-03-13 14:45:00-04:00,0.5250999927520752,0.5253000259399414,0.5250999927520752,0.5253000259399414,52048,0.0,0.0
2026-03-13 14:50:00-04:00,0.5253000259399414,0.5253000259399414,0.5253000259399414,0.5253000259399414,3715,0.0,0.0
2026-03-13 14:55:00-04:00,0.5252000093460083,0.5253000259399414,0.5252000093460083,0.5253000259399414,9622,0.0,0.0
2026-03-13 15:00:00-04:00,0.5253000259399414,0.5253000259399414,0.5252000093460083,0.5252000093460083,30969,0.0,0.0
2026-03-13 15:05:00-04:00,0.5252000093460083,0.5252000093460083,0.5239999890327454,0.5246000289916992,33290,0.0,0.0
2026-03-13 15:10:00-04:00,0.5246000289916992,0.5288000106811523,0.5246000289916992,0.527899980545044,49989,0.0,0.0
2026-03-13 15:15:00-04:00,0.527899980545044,0.5284000039100647,0.5271000266075134,0.527999997138977,32530,0.0,0.0
2026-03-13 15:20:00-04:00,0.527999997138977,0.5281000137329102,0.5271000266075134,0.527400016784668,51177,0.0,0.0
2026-03-13 15:25:00-04:00,0.5271999835968018,0.5271999835968018,0.5271000266075134,0.5271999835968018,4793,0.0,0.0
2026-03-13 15:30:00-04:00,0.5271000266075134,0.5271000266075134,0.5268999934196472,0.5271000266075134,46241,0.0,0.0
2026-03-13 15:35:00-04:00,0.5271000266075134,0.5273000001907349,0.5270000100135803,0.5273000001907349,34944,0.0,0.0
2026-03-13 15:40:00-04:00,0.5273000001907349,0.5284000039100647,0.5271999835968018,0.5284000039100647,134628,0.0,0.0
2026-03-13 15:45:00-04:00,0.5284000039100647,0.5299999713897705,0.5284000039100647,0.5299999713897705,404833,0.0,0.0
2026-03-13 15:50:00-04:00,0.5299999713897705,0.5324000120162964,0.5289000272750854,0.5324000120162964,338408,0.0,0.0
2026-03-13 15:55:00-04:00,0.5322999954223633,0.5386000275611877,0.5302000045776367,0.5350000262260437,359309,0.0,0.0
2026-03-16 09:30:00-04:00,0.550000011920929,0.5662000179290771,0.5450000166893005,0.5637000203132629,290823,0.0,0.0
2026-03-16 09:35:00-04:00,0.5648000240325928,0.5684000253677368,0.5625,0.567300021648407,240850,0.0,0.0
2026-03-16 09:40:00-04:00,0.5665000081062317,0.5855000019073486,0.5648999810218811,0.5806000232696533,243498,0.0,0.0
2026-03-16 09:45:00-04:00,0.5830000042915344,0.583899974822998,0.5699999928474426,0.5769000053405762,245240,0.0,0.0
2026-03-16 09:50:00-04:00,0.5745999813079834,0.5799000263214111,0.5710999965667725,0.5752000212669373,87647,0.0,0.0
2026-03-16 09:55:00-04:00,0.5795999765396118,0.5795999765396118,0.5752999782562256,0.5764999985694885,51069,0.0,0.0
2026-03-16 10:00:00-04:00,0.5764999985694885,0.5795999765396118,0.5740000009536743,0.5785999894142151,261964,0.0,0.0
2026-03-16 10:05:00-04:00,0.5787000060081482,0.5841000080108643,0.5741000175476074,0.5839999914169312,325647,0.0,0.0
2026-03-16 10:10:00-04:00,0.5839999914169312,0.5849999785423279,0.5755000114440918,0.5792999863624573,0,0.0,0.0
2026-03-16 10:15:00-04:00,0.5792999863624573,0.579800009727478,0.5740000009536743,0.5745999813079834,52049,0.0,0.0
2026-03-16 10:20:00-04:00,0.574400007724762,0.5853999853134155,0.574400007724762,0.58160001039505,317336,0.0,0.0
2026-03-16 10:25:00-04:00,0.5835000276565552,0.5835000276565552,0.58160001039505,0.5830000042915344,10922,0.0,0.0
2026-03-16 10:30:00-04:00,0.58160001039505,0.5838000178337097,0.5799999833106995,0.5799999833106995,35736,0.0,0.0
2026-03-16 10:35:00-04:00,0.5800999999046326,0.5800999999046326,0.5740000009536743,0.5740000009536743,146677,0.0,0.0
2026-03-16 10:40:00-04:00,0.5759999752044678,0.5873000025749207,0.5741000175476074,0.5873000025749207,117095,0.0,0.0
2026-03-16 10:45:00-04:00,0.5874000191688538,0.5968999862670898,0.5810999870300293,0.589900016784668,172040,0.0,0.0
2026-03-16 10:50:00-04:00,0.588100016117096,0.5917999744415283,0.5863000154495239,0.5914999842643738,107563,0.0,0.0
2026-03-16 10:55:00-04:00,0.5914999842643738,0.5989000201225281,0.5914999842643738,0.5981000065803528,49462,0.0,0.0
2026-03-16 11:00:00-04:00,0.5999000072479248,0.5999000072479248,0.5971999764442444,0.5976999998092651,107126,0.0,0.0
2026-03-16 11:05:00-04:00,0.5983999967575073,0.6018999814987183,0.5954999923706055,0.6007999777793884,231546,0.0,0.0
2026-03-16 11:10:00-04:00,0.6007999777793884,0.6187999844551086,0.6000000238418579,0.6187000274658203,437163,0.0,0.0
2026-03-16 11:15:00-04:00,0.6187000274658203,0.6380000114440918,0.6100000143051147,0.6261000037193298,561111,0.0,0.0
2026-03-16 11:20:00-04:00,0.6255999803543091,0.6292999982833862,0.6220999956130981,0.6236000061035156,212660,0.0,0.0
2026-03-16 11:25:00-04:00,0.6234999895095825,0.625,0.6050999760627747,0.6122999787330627,440857,0.0,0.0
2026-03-16 11:30:00-04:00,0.6154999732971191,0.6258000135421753,0.6133000254631042,0.6241999864578247,97203,0.0,0.0
2026-03-16 11:35:00-04:00,0.6240000128746033,0.6243000030517578,0.6202999949455261,0.6209999918937683,81200,0.0,0.0
2026-03-16 11:40:00-04:00,0.6209999918937683,0.6227999925613403,0.6159999966621399,0.6159999966621399,34415,0.0,0.0
2026-03-16 11:45:00-04:00,0.6159999966621399,0.616100013256073,0.6101999878883362,0.6154999732971191,59142,0.0,0.0
2026-03-16 11:50:00-04:00,0.6158000230789185,0.6243000030517578,0.6158000230789185,0.6243000030517578,118391,0.0,0.0
2026-03-16 11:55:00-04:00,0.6243000030517578,0.6243000030517578,0.6155999898910522,0.6198999881744385,74585,0.0,0.0
2026-03-16 12:00:00-04:00,0.6198999881744385,0.6202999949455261,0.61080002784729,0.6121000051498413,102069,0.0,0.0
2026-03-16 12:05:00-04:00,0.61080002784729,0.6158000230789185,0.6075000166893005,0.6075000166893005,65670,0.0,0.0
2026-03-16 12:10:00-04:00,0.6075999736785889,0.6086999773979187,0.6039999723434448,0.6065999865531921,71997,0.0,0.0
2026-03-16 12:15:00-04:00,0.6064000129699707,0.6098999977111816,0.6064000129699707,0.6097999811172485,23569,0.0,0.0
2026-03-16 12:20:00-04:00,0.6098999977111816,0.6098999977111816,0.6026999950408936,0.6044999957084656,20513,0.0,0.0
2026-03-16 12:25:00-04:00,0.6040999889373779,0.6065000295639038,0.6014999747276306,0.6050000190734863,25507,0.0,0.0
2026-03-16 12:30:00-04:00,0.6065000295639038,0.6065000295639038,0.6000000238418579,0.6001999974250793,50313,0.0,0.0
2026-03-16 12:35:00-04:00,0.6001999974250793,0.6039000153541565,0.6000999808311462,0.6039000153541565,32081,0.0,0.0
2026-03-16 12:40:00-04:00,0.6047999858856201,0.6050999760627747,0.6025999784469604,0.6044999957084656,22375,0.0,0.0
2026-03-16 12:45:00-04:00,0.6044999957084656,0.6046000123023987,0.6014999747276306,0.6014999747276306,23718,0.0,0.0
2026-03-16 12:50:00-04:00,0.6017000079154968,0.6018000245094299,0.6007999777793884,0.6010000109672546,24119,0.0,0.0
2026-03-16 12:55:00-04:00,0.6010000109672546,0.6033999919891357,0.6010000109672546,0.6033999919891357,21584,0.0,0.0
2026-03-16 13:00:00-04:00,0.6033999919891357,0.6047999858856201,0.6001999974250793,0.6007999777793884,81857,0.0,0.0
2026-03-16 13:05:00-04:00,0.6022999882698059,0.6022999882698059,0.6007999777793884,0.6011000275611877,12328,0.0,0.0
2026-03-16 13:10:00-04:00,0.6007999777793884,0.6018999814987183,0.599399983882904,0.6018999814987183,37861,0.0,0.0
2026-03-16 13:15:00-04:00,0.6029999852180481,0.6043999791145325,0.6019999980926514,0.6043000221252441,8593,0.0,0.0
2026-03-16 13:20:00-04:00,0.6049000024795532,0.6218000054359436,0.6047999858856201,0.6155999898910522,428570,0.0,0.0
2026-03-16 13:25:00-04:00,0.614799976348877,0.6154999732971191,0.614300012588501,0.6146000027656555,52036,0.0,0.0
2026-03-16 13:30:00-04:00,0.6146000027656555,0.6197999715805054,0.6118999719619751,0.6191999912261963,70412,0.0,0.0
2026-03-16 13:35:00-04:00,0.6194999814033508,0.6194999814033508,0.6151999831199646,0.6179999709129333,92123,0.0,0.0
2026-03-16 13:40:00-04:00,0.6180999875068665,0.6180999875068665,0.6154999732971191,0.6159999966621399,1965679,0.0,0.0
2026-03-16 13:45:00-04:00,0.6159999966621399,0.616599977016449,0.6072999835014343,0.6087999939918518,0,0.0,0.0
2026-03-16 13:50:00-04:00,0.6079999804496765,0.6103000044822693,0.6079999804496765,0.6093999743461609,30741,0.0,0.0
2026-03-16 13:55:00-04:00,0.6092000007629395,0.6093000173568726,0.5989999771118164,0.6003000140190125,82134,0.0,0.0
2026-03-16 14:00:00-04:00,0.6003000140190125,0.6021999716758728,0.6003000140190125,0.6003000140190125,44801,0.0,0.0
2026-03-16 14:05:00-04:00,0.6018999814987183,0.6043999791145325,0.5974000096321106,0.5975000262260437,21527,0.0,0.0
2026-03-16 14:10:00-04:00,0.5975000262260437,0.5978000164031982,0.5950000286102295,0.5964000225067139,92465,0.0,0.0
2026-03-16 14:15:00-04:00,0.5965999960899353,0.5972999930381775,0.5963000059127808,0.5965999960899353,17135,0.0,0.0
2026-03-16 14:20:00-04:00,0.5968000292778015,0.5990999937057495,0.5963000059127808,0.5990999937057495,16633,0.0,0.0
2026-03-16 14:25:00-04:00,0.5981000065803528,0.5981000065803528,0.5975000262260437,0.5978999733924866,2315884,0.0,0.0
2026-03-16 14:30:00-04:00,0.5978000164031982,0.5997999906539917,0.5978000164031982,0.5996000170707703,0,0.0,0.0
2026-03-16 14:35:00-04:00,0.5997999906539917,0.6000000238418579,0.5996000170707703,0.6000000238418579,41546,0.0,0.0
2026-03-16 14:40:00-04:00,0.6000000238418579,0.6018000245094299,0.5999000072479248,0.5999000072479248,72257,0.0,0.0
2026-03-16 14:45:00-04:00,0.6000000238418579,0.6036999821662903,0.5982999801635742,0.5982999801635742,36455,0.0,0.0
2026-03-16 14:50:00-04:00,0.5982999801635742,0.5983999967575073,0.5879999995231628,0.5889999866485596,67699,0.0,0.0
2026-03-16 14:55:00-04:00,0.5889000296592712,0.5889000296592712,0.5870000123977661,0.5870000123977661,8088,0.0,0.0
2026-03-16 15:00:00-04:00,0.5878000259399414,0.5895000100135803,0.5870000123977661,0.5882999897003174,7005,0.0,0.0
2026-03-16 15:05:00-04:00,0.5885000228881836,0.5891000032424927,0.5845000147819519,0.5891000032424927,30875,0.0,0.0
2026-03-16 15:10:00-04:00,0.5899999737739563,0.5927000045776367,0.5777000188827515,0.5814999938011169,68697,0.0,0.0
2026-03-16 15:15:00-04:00,0.5838000178337097,0.5859000086784363,0.5789999961853027,0.5859000086784363,61845,0.0,0.0
2026-03-16 15:20:00-04:00,0.5817999839782715,0.583899974822998,0.5795999765396118,0.58160001039505,6689,0.0,0.0
2026-03-16 15:25:00-04:00,0.5814999938011169,0.5827000141143799,0.579200029373169,0.5792999863624573,2512609,0.0,0.0
2026-03-16 15:30:00-04:00,0.5795999765396118,0.5803999900817871,0.5792999863624573,0.5800999999046326,0,0.0,0.0
2026-03-16 15:35:00-04:00,0.579800009727478,0.5799999833106995,0.579800009727478,0.5799000263214111,17223,0.0,0.0
2026-03-16 15:40:00-04:00,0.5799000263214111,0.580299973487854,0.579800009727478,0.5799999833106995,94675,0.0,0.0
2026-03-16 15:45:00-04:00,0.5799999833106995,0.585099995136261,0.5799000263214111,0.5849999785423279,56300,0.0,0.0
2026-03-16 15:50:00-04:00,0.5842000246047974,0.589900016784668,0.5825999975204468,0.5878999829292297,17752,0.0,0.0
2026-03-16 15:55:00-04:00,0.5863999724388123,0.5949000120162964,0.5863000154495239,0.5934000015258789,131930,0.0,0.0
2026-03-17 09:30:00-04:00,0.6104000210762024,0.6299999952316284,0.6100000143051147,0.6122000217437744,162036,0.0,0.0
2026-03-17 09:35:00-04:00,0.6122999787330627,0.6139000058174133,0.6000000238418579,0.6134999990463257,85859,0.0,0.0
2026-03-17 09:40:00-04:00,0.6129999756813049,0.6151000261306763,0.6061000227928162,0.6072999835014343,162522,0.0,0.0
2026-03-17 09:45:00-04:00,0.6068000197410583,0.6068000197410583,0.6000999808311462,0.6013000011444092,21206,0.0,0.0
2026-03-17 09:50:00-04:00,0.6003000140190125,0.6018000245094299,0.6000000238418579,0.6008999943733215,63963,0.0,0.0
2026-03-17 09:55:00-04:00,0.6008999943733215,0.6103000044822693,0.6007000207901001,0.6050999760627747,93418,0.0,0.0
2026-03-17 10:00:00-04:00,0.6093000173568726,0.6093000173568726,0.6015999913215637,0.6032999753952026,28630,0.0,0.0
2026-03-17 10:05:00-04:00,0.6032999753952026,0.6146000027656555,0.6032999753952026,0.6118999719619751,63419,0.0,0.0
2026-03-17 10:10:00-04:00,0.6118999719619751,0.6189000010490417,0.6104000210762024,0.6186000108718872,90195,0.0,0.0
2026-03-17 10:15:00-04:00,0.6187999844551086,0.6187999844551086,0.6100999712944031,0.6115000247955322,66694,0.0,0.0
2026-03-17 10:20:00-04:00,0.6115000247955322,0.6126000285148621,0.609000027179718,0.61080002784729,68068,0.0,0.0
2026-03-17 10:25:00-04:00,0.6150000095367432,0.6189000010490417,0.6104000210762024,0.6123999953269958,139230,0.0,0.0
2026-03-17 10:30:00-04:00,0.6123999953269958,0.6187999844551086,0.6110000014305115,0.6187999844551086,82989,0.0,0.0
2026-03-17 10:35:00-04:00,0.618399977684021,0.6190000176429749,0.6162999868392944,0.6189000010490417,33837,0.0,0.0
2026-03-17 10:40:00-04:00,0.6189000010490417,0.6189000010490417,0.6101999878883362,0.6133999824523926,118358,0.0,0.0
2026-03-17 10:45:00-04:00,0.6133999824523926,0.6189000010490417,0.6133999824523926,0.6136000156402588,98777,0.0,0.0
2026-03-17 10:50:00-04:00,0.6121000051498413,0.6169000267982483,0.611299991607666,0.6164000034332275,22941,0.0,0.0
2026-03-17 10:55:00-04:00,0.6165000200271606,0.6190000176429749,0.6134999990463257,0.614300012588501,41065,0.0,0.0
2026-03-17 11:00:00-04:00,0.616100013256073,0.6161999702453613,0.6129000186920166,0.6129000186920166,18509,0.0,0.0
2026-03-17 11:05:00-04:00,0.6104000210762024,0.614300012588501,0.607200026512146,0.6086000204086304,35413,0.0,0.0
2026-03-17 11:10:00-04:00,0.6082000136375427,0.6082000136375427,0.5989999771118164,0.6000000238418579,649792,0.0,0.0
2026-03-17 11:15:00-04:00,0.5999000072479248,0.6000000238418579,0.595300018787384,0.595300018787384,0,0.0,0.0
2026-03-17 11:20:00-04:00,0.5952000021934509,0.597000002861023,0.5899999737739563,0.5961999893188477,43486,0.0,0.0
2026-03-17 11:25:00-04:00,0.5961999893188477,0.5982999801635742,0.5929999947547913,0.5929999947547913,17748,0.0,0.0
2026-03-17 11:30:00-04:00,0.5935999751091003,0.5940999984741211,0.5921000242233276,0.5921000242233276,3704,0.0,0.0
2026-03-17 11:35:00-04:00,0.5899999737739563,0.5911999940872192,0.5855000019073486,0.5866000056266785,23155,0.0,0.0
2026-03-17 11:40:00-04:00,0.5864999890327454,0.5906999707221985,0.5864999890327454,0.5906999707221985,51150,0.0,0.0
2026-03-17 11:45:00-04:00,0.59170001745224,0.5925999879837036,0.5906999707221985,0.5911999940872192,90089,0.0,0.0
2026-03-17 11:50:00-04:00,0.5911999940872192,0.6000000238418579,0.5911999940872192,0.59579998254776,87302,0.0,0.0
2026-03-17 11:55:00-04:00,0.5950999855995178,0.5972999930381775,0.5925999879837036,0.5925999879837036,9147,0.0,0.0
2026-03-17 12:00:00-04:00,0.5928999781608582,0.5928999781608582,0.5871000289916992,0.5878999829292297,48678,0.0,0.0
2026-03-17 12:05:00-04:00,0.588699996471405,0.588699996471405,0.5839999914169312,0.5842999815940857,24567,0.0,0.0
2026-03-17 12:10:00-04:00,0.5834000110626221,0.5834000110626221,0.5812000036239624,0.5827000141143799,5675,0.0,0.0
2026-03-17 12:15:00-04:00,0.5825999975204468,0.5825999975204468,0.5763999819755554,0.5806000232696533,96369,0.0,0.0
2026-03-17 12:20:00-04:00,0.5806000232696533,0.5899999737739563,0.5805000066757202,0.5899999737739563,43436,0.0,0.0
2026-03-17 12:25:00-04:00,0.5899999737739563,0.5911999940872192,0.5839999914169312,0.5856999754905701,39284,0.0,0.0
2026-03-17 12:30:00-04:00,0.5871999859809875,0.5873000025749207,0.5863999724388123,0.586899995803833,43724,0.0,0.0
2026-03-17 12:35:00-04:00,0.5871999859809875,0.5871999859809875,0.5845999717712402,0.5867000222206116,34919,0.0,0.0
2026-03-17 12:40:00-04:00,0.5860999822616577,0.5860999822616577,0.5827999711036682,0.5849000215530396,6396,0.0,0.0
2026-03-17 12:45:00-04:00,0.5863999724388123,0.5863999724388123,0.5863999724388123,0.5863999724388123,706,0.0,0.0
2026-03-17 12:50:00-04:00,0.5848000049591064,0.5874999761581421,0.5831999778747559,0.5852000117301941,21588,0.0,0.0
2026-03-17 12:55:00-04:00,0.585099995136261,0.5874999761581421,0.5849000215530396,0.5874999761581421,80531,0.0,0.0
2026-03-17 13:00:00-04:00,0.5877000093460083,0.5963000059127808,0.586899995803833,0.5924999713897705,12045,0.0,0.0
2026-03-17 13:05:00-04:00,0.5950999855995178,0.5950999855995178,0.5899999737739563,0.5914000272750854,9530,0.0,0.0
2026-03-17 13:10:00-04:00,0.5914000272750854,0.5932999849319458,0.5892000198364258,0.5910000205039978,24354,0.0,0.0
2026-03-17 13:15:00-04:00,0.5910000205039978,0.5925999879837036,0.5907999873161316,0.5924999713897705,9392,0.0,0.0
2026-03-17 13:20:00-04:00,0.5909000039100647,0.5993000268936157,0.5909000039100647,0.5986999869346619,20423,0.0,0.0
2026-03-17 13:25:00-04:00,0.5986999869346619,0.5990999937057495,0.5986999869346619,0.5986999869346619,1516,0.0,0.0
2026-03-17 13:30:00-04:00,0.5985000133514404,0.5989999771118164,0.5976999998092651,0.5985999703407288,58691,0.0,0.0
2026-03-17 13:35:00-04:00,0.5967000126838684,0.5978000164031982,0.5938000082969666,0.5978000164031982,6829,0.0,0.0
2026-03-17 13:40:00-04:00,0.593999981880188,0.5960999727249146,0.5918999910354614,0.593999981880188,26671,0.0,0.0
2026-03-17 13:45:00-04:00,0.5954999923706055,0.5996999740600586,0.5947999954223633,0.5996999740600586,28967,0.0,0.0
2026-03-17 13:50:00-04:00,0.6001999974250793,0.6047999858856201,0.6001999974250793,0.6032999753952026,9502,0.0,0.0
2026-03-17 13:55:00-04:00,0.6032999753952026,0.6069999933242798,0.6032999753952026,0.6053000092506409,5860,0.0,0.0
2026-03-17 14:00:00-04:00,0.6053000092506409,0.6086000204086304,0.6053000092506409,0.608299970626831,32584,0.0,0.0
2026-03-17 14:05:00-04:00,0.608299970626831,0.6098999977111816,0.6078000068664551,0.609000027179718,79461,0.0,0.0
2026-03-17 14:10:00-04:00,0.609000027179718,0.6100000143051147,0.609000027179718,0.6100000143051147,731,0.0,0.0
2026-03-17 14:15:00-04:00,0.609000027179718,0.6140000224113464,0.6079000234603882,0.6122000217437744,51968,0.0,0.0
2026-03-17 14:20:00-04:00,0.613099992275238,0.6133999824523926,0.6025000214576721,0.6025000214576721,35291,0.0,0.0
2026-03-17 14:25:00-04:00,0.6025000214576721,0.6046000123023987,0.6025000214576721,0.6025000214576721,11161,0.0,0.0
2026-03-17 14:30:00-04:00,0.6000000238418579,0.6043999791145325,0.6000000238418579,0.6043999791145325,2696,0.0,0.0
2026-03-17 14:35:00-04:00,0.6043000221252441,0.6079999804496765,0.6043000221252441,0.6079999804496765,16652,0.0,0.0
2026-03-17 14:40:00-04:00,0.6074000000953674,0.6137999892234802,0.6074000000953674,0.6122000217437744,30455,0.0,0.0
2026-03-17 14:45:00-04:00,0.613099992275238,0.6136999726295471,0.6129000186920166,0.6129000186920166,3249,0.0,0.0
2026-03-17 14:50:00-04:00,0.6129000186920166,0.616100013256073,0.6128000020980835,0.6152999997138977,9860,0.0,0.0
2026-03-17 14:55:00-04:00,0.6152999997138977,0.616100013256073,0.6129000186920166,0.6144999861717224,33841,0.0,0.0
2026-03-17 15:00:00-04:00,0.6150000095367432,0.6187000274658203,0.6150000095367432,0.6187000274658203,20860,0.0,0.0
2026-03-17 15:05:00-04:00,0.6187000274658203,0.6187000274658203,0.6172000169754028,0.6172000169754028,16541,0.0,0.0
2026-03-17 15:10:00-04:00,0.6169000267982483,0.6169000267982483,0.6150000095367432,0.6158999800682068,993263,0.0,0.0
2026-03-17 15:15:00-04:00,0.6158999800682068,0.6158999800682068,0.6154999732971191,0.6154999732971191,0,0.0,0.0
2026-03-17 15:20:00-04:00,0.6154999732971191,0.6154999732971191,0.6096000075340271,0.6147000193595886,1065871,0.0,0.0
2026-03-17 15:25:00-04:00,0.6147000193595886,0.6248999834060669,0.6147000193595886,0.6220999956130981,0,0.0,0.0
2026-03-17 15:30:00-04:00,0.621999979019165,0.6223000288009644,0.621999979019165,0.6223000288009644,1105949,0.0,0.0
2026-03-17 15:35:00-04:00,0.6223000288009644,0.625,0.6222000122070312,0.6248000264167786,0,0.0,0.0
2026-03-17 15:40:00-04:00,0.6247000098228455,0.6247000098228455,0.6240000128746033,0.6245999932289124,11970,0.0,0.0
2026-03-17 15:45:00-04:00,0.6244999766349792,0.6287000179290771,0.6244000196456909,0.6279000043869019,1175721,0.0,0.0
2026-03-17 15:50:00-04:00,0.6279000043869019,0.6299999952316284,0.6277999877929688,0.6299999952316284,0,0.0,0.0
2026-03-17 15:55:00-04:00,0.6298999786376953,0.6299999952316284,0.6233999729156494,0.6298999786376953,175168,0.0,0.0
2026-03-18 09:30:00-04:00,0.6345000267028809,0.6388999819755554,0.6004999876022339,0.6173999905586243,239795,0.0,0.0
2026-03-18 09:35:00-04:00,0.611299991607666,0.6299999952316284,0.6100000143051147,0.6273000240325928,146787,0.0,0.0
2026-03-18 09:40:00-04:00,0.6248999834060669,0.6297000050544739,0.6140999794006348,0.6225000023841858,101587,0.0,0.0
2026-03-18 09:45:00-04:00,0.625,0.6269999742507935,0.6201000213623047,0.6269999742507935,63986,0.0,0.0
2026-03-18 09:50:00-04:00,0.6237999796867371,0.6270999908447266,0.6205999851226807,0.6244000196456909,40724,0.0,0.0
2026-03-18 09:55:00-04:00,0.6244000196456909,0.6298999786376953,0.6238999962806702,0.6298999786376953,31623,0.0,0.0
2026-03-18 10:00:00-04:00,0.6299999952316284,0.6460000276565552,0.6299999952316284,0.64410001039505,215632,0.0,0.0
2026-03-18 10:05:00-04:00,0.6460000276565552,0.6499999761581421,0.6437000036239624,0.6482999920845032,172321,0.0,0.0
2026-03-18 10:10:00-04:00,0.647599995136261,0.6499999761581421,0.6420000195503235,0.6420000195503235,87382,0.0,0.0
2026-03-18 10:15:00-04:00,0.6420000195503235,0.6521999835968018,0.6416000127792358,0.6517999768257141,33587,0.0,0.0
2026-03-18 10:20:00-04:00,0.6543999910354614,0.6543999910354614,0.6431999802589417,0.6468999981880188,33103,0.0,0.0
2026-03-18 10:25:00-04:00,0.6468999981880188,0.6468999981880188,0.6406000256538391,0.6442999839782715,51822,0.0,0.0
2026-03-18 10:30:00-04:00,0.6452000141143799,0.6499999761581421,0.6452000141143799,0.6466000080108643,8632,0.0,0.0
2026-03-18 10:35:00-04:00,0.6467000246047974,0.6481000185012817,0.6345000267028809,0.6351000070571899,59697,0.0,0.0
2026-03-18 10:40:00-04:00,0.6359000205993652,0.6363000273704529,0.6274999976158142,0.6276000142097473,38519,0.0,0.0
2026-03-18 10:45:00-04:00,0.6274999976158142,0.6315000057220459,0.6265000104904175,0.6265000104904175,18826,0.0,0.0
2026-03-18 10:50:00-04:00,0.6252999901771545,0.6265000104904175,0.6252999901771545,0.6263999938964844,1382,0.0,0.0
2026-03-18 10:55:00-04:00,0.6252999901771545,0.6274999976158142,0.6252999901771545,0.6274999976158142,5616,0.0,0.0
2026-03-18 11:00:00-04:00,0.6276000142097473,0.6299999952316284,0.6276000142097473,0.6299999952316284,26002,0.0,0.0
2026-03-18 11:05:00-04:00,0.6299999952316284,0.6330000162124634,0.6298999786376953,0.6323999762535095,14676,0.0,0.0
2026-03-18 11:10:00-04:00,0.6323999762535095,0.6398000121116638,0.6317999958992004,0.6398000121116638,36772,0.0,0.0
2026-03-18 11:15:00-04:00,0.6399000287055969,0.6431000232696533,0.6355999708175659,0.6355999708175659,83793,0.0,0.0
2026-03-18 11:20:00-04:00,0.6381999850273132,0.6383000016212463,0.6355000138282776,0.6359999775886536,47821,0.0,0.0
2026-03-18 11:25:00-04:00,0.6359000205993652,0.6359000205993652,0.635699987411499,0.635699987411499,564,0.0,0.0
2026-03-18 11:30:00-04:00,0.6359000205993652,0.6399999856948853,0.6359000205993652,0.6391000151634216,99831,0.0,0.0
2026-03-18 11:35:00-04:00,0.6395999789237976,0.6412000060081482,0.6330999732017517,0.6365000009536743,175020,0.0,0.0
2026-03-18 11:40:00-04:00,0.6359000205993652,0.6394000053405762,0.6359000205993652,0.636900007724762,11927,0.0,0.0
2026-03-18 11:45:00-04:00,0.636900007724762,0.6377999782562256,0.6334999799728394,0.6334999799728394,4714,0.0,0.0
2026-03-18 11:50:00-04:00,0.6345000267028809,0.6345000267028809,0.6304000020027161,0.631600022315979,19401,0.0,0.0
2026-03-18 11:55:00-04:00,0.6304000020027161,0.6310999989509583,0.6304000020027161,0.6308000087738037,7681,0.0,0.0
2026-03-18 12:00:00-04:00,0.6309999823570251,0.6309999823570251,0.6309000253677368,0.6309999823570251,2652,0.0,0.0
2026-03-18 12:05:00-04:00,0.6309999823570251,0.6309999823570251,0.6299999952316284,0.630299985408783,6497,0.0,0.0
2026-03-18 12:10:00-04:00,0.6302000284194946,0.6302000284194946,0.6273000240325928,0.6279000043869019,31969,0.0,0.0
2026-03-18 12:15:00-04:00,0.628000020980835,0.628000020980835,0.6279000043869019,0.628000020980835,2117,0.0,0.0
2026-03-18 12:20:00-04:00,0.628000020980835,0.628000020980835,0.6279000043869019,0.6279000043869019,16910,0.0,0.0
2026-03-18 12:25:00-04:00,0.628000020980835,0.628000020980835,0.6255999803543091,0.6272000074386597,57164,0.0,0.0
2026-03-18 12:30:00-04:00,0.6274999976158142,0.6274999976158142,0.6273999810218811,0.6273999810218811,10318,0.0,0.0
2026-03-18 12:35:00-04:00,0.6274999976158142,0.633899986743927,0.6273999810218811,0.633400022983551,17133,0.0,0.0
2026-03-18 12:40:00-04:00,0.6316999793052673,0.635200023651123,0.6316999793052673,0.6345999836921692,9917,0.0,0.0
2026-03-18 12:45:00-04:00,0.6345999836921692,0.6348999738693237,0.6345999836921692,0.6348999738693237,3482,0.0,0.0
2026-03-18 12:50:00-04:00,0.6349999904632568,0.6381000280380249,0.6349999904632568,0.6381000280380249,10165,0.0,0.0
2026-03-18 12:55:00-04:00,0.6381000280380249,0.6381000280380249,0.6310999989509583,0.6338000297546387,44726,0.0,0.0
2026-03-18 13:00:00-04:00,0.6338000297546387,0.6338000297546387,0.6313999891281128,0.6319000124931335,3236,0.0,0.0
2026-03-18 13:05:00-04:00,0.6310999989509583,0.6328999996185303,0.6310999989509583,0.6320000290870667,3991,0.0,0.0
2026-03-18 13:10:00-04:00,0.6327999830245972,0.6327999830245972,0.6320000290870667,0.6323000192642212,14973,0.0,0.0
2026-03-18 13:15:00-04:00,0.6323000192642212,0.6373000144958496,0.6320000290870667,0.6373000144958496,25874,0.0,0.0
2026-03-18 13:20:00-04:00,0.6373000144958496,0.6383000016212463,0.6373000144958496,0.6383000016212463,2662,0.0,0.0
2026-03-18 13:25:00-04:00,0.6383000016212463,0.6383000016212463,0.6373000144958496,0.6377000212669373,12139,0.0,0.0
2026-03-18 13:30:00-04:00,0.6377000212669373,0.6395000219345093,0.6376000046730042,0.6395000219345093,30347,0.0,0.0
2026-03-18 13:35:00-04:00,0.6395000219345093,0.642300009727478,0.6395000219345093,0.6403999924659729,8599,0.0,0.0
2026-03-18 13:40:00-04:00,0.6399000287055969,0.6401000022888184,0.6399000287055969,0.6399999856948853,105970,0.0,0.0
2026-03-18 13:45:00-04:00,0.6399000287055969,0.644599974155426,0.6399000287055969,0.641700029373169,69396,0.0,0.0
2026-03-18 13:50:00-04:00,0.6401000022888184,0.6412000060081482,0.637499988079071,0.6399999856948853,34955,0.0,0.0
2026-03-18 13:55:00-04:00,0.6392999887466431,0.6394000053405762,0.6381000280380249,0.6381000280380249,1190,0.0,0.0
2026-03-18 14:00:00-04:00,0.6384000182151794,0.6395999789237976,0.6381000280380249,0.6395999789237976,12796,0.0,0.0
2026-03-18 14:05:00-04:00,0.6395999789237976,0.6449999809265137,0.6395999789237976,0.6424000263214111,30087,0.0,0.0
2026-03-18 14:10:00-04:00,0.6399000287055969,0.6434999704360962,0.6398000121116638,0.6399999856948853,43855,0.0,0.0
2026-03-18 14:15:00-04:00,0.6399999856948853,0.6399999856948853,0.6358000040054321,0.6358000040054321,649372,0.0,0.0
2026-03-18 14:20:00-04:00,0.6359999775886536,0.637499988079071,0.6358000040054321,0.6366999745368958,0,0.0,0.0
2026-03-18 14:25:00-04:00,0.6366999745368958,0.6371999979019165,0.6365000009536743,0.6367999911308289,2957,0.0,0.0
2026-03-18 14:30:00-04:00,0.6367999911308289,0.6367999911308289,0.6366999745368958,0.6366999745368958,11716,0.0,0.0
2026-03-18 14:35:00-04:00,0.6367999911308289,0.6388999819755554,0.6340000033378601,0.6340000033378601,47046,0.0,0.0
2026-03-18 14:40:00-04:00,0.6340000033378601,0.6341000199317932,0.6326000094413757,0.6333000063896179,63344,0.0,0.0
2026-03-18 14:45:00-04:00,0.633400022983551,0.6363000273704529,0.633400022983551,0.6363000273704529,7409,0.0,0.0
2026-03-18 14:50:00-04:00,0.6363000273704529,0.6363000273704529,0.6255000233650208,0.6262999773025513,50448,0.0,0.0
2026-03-18 14:55:00-04:00,0.6262999773025513,0.6302000284194946,0.6262000203132629,0.6266999840736389,14224,0.0,0.0
2026-03-18 15:00:00-04:00,0.6266999840736389,0.6266999840736389,0.6227999925613403,0.6236000061035156,6659,0.0,0.0
2026-03-18 15:05:00-04:00,0.625,0.625,0.6212000250816345,0.621399998664856,19161,0.0,0.0
2026-03-18 15:10:00-04:00,0.6208000183105469,0.6215000152587891,0.6118000149726868,0.6134999990463257,84764,0.0,0.0
2026-03-18 15:15:00-04:00,0.6139000058174133,0.6190999746322632,0.6139000058174133,0.6171000003814697,38563,0.0,0.0
2026-03-18 15:20:00-04:00,0.6182000041007996,0.6187000274658203,0.612500011920929,0.6154000163078308,64741,0.0,0.0
2026-03-18 15:25:00-04:00,0.6150000095367432,0.618399977684021,0.614799976348877,0.618399977684021,21576,0.0,0.0
2026-03-18 15:30:00-04:00,0.6186000108718872,0.6187000274658203,0.616599977016449,0.616599977016449,20877,0.0,0.0
2026-03-18 15:35:00-04:00,0.6175000071525574,0.6175000071525574,0.6144000291824341,0.6155999898910522,29712,0.0,0.0
2026-03-18 15:40:00-04:00,0.6155999898910522,0.6158999800682068,0.6133999824523926,0.6140000224113464,20850,0.0,0.0
2026-03-18 15:45:00-04:00,0.6136000156402588,0.6136999726295471,0.6098999977111816,0.61080002784729,71744,0.0,0.0
2026-03-18 15:50:00-04:00,0.6105999946594238,0.6179999709129333,0.6105999946594238,0.6158999800682068,101743,0.0,0.0
2026-03-18 15:55:00-04:00,0.614799976348877,0.6187000274658203,0.6136000156402588,0.6187000274658203,1158012,0.0,0.0
2026-03-19 09:30:00-04:00,0.6108999848365784,0.6108999848365784,0.600600004196167,0.6074000000953674,172949,0.0,0.0
2026-03-19 09:35:00-04:00,0.6074000000953674,0.6139000058174133,0.6050000190734863,0.6110000014305115,13653,0.0,0.0
2026-03-19 09:40:00-04:00,0.6105999946594238,0.6155999898910522,0.6086999773979187,0.6155999898910522,56664,0.0,0.0
2026-03-19 09:45:00-04:00,0.6151000261306763,0.6155999898910522,0.6100000143051147,0.6111999750137329,80362,0.0,0.0
2026-03-19 09:50:00-04:00,0.6114000082015991,0.6258000135421753,0.6114000082015991,0.6186000108718872,70720,0.0,0.0
2026-03-19 09:55:00-04:00,0.6154000163078308,0.6190000176429749,0.6100000143051147,0.6100000143051147,30577,0.0,0.0
2026-03-19 10:00:00-04:00,0.6200000047683716,0.6241000294685364,0.6087999939918518,0.6122999787330627,96897,0.0,0.0
2026-03-19 10:05:00-04:00,0.6065999865531921,0.6230999827384949,0.6065999865531921,0.6198999881744385,0,0.0,0.0
2026-03-19 10:10:00-04:00,0.6200000047683716,0.625,0.6136999726295471,0.621999979019165,51688,0.0,0.0
2026-03-19 10:15:00-04:00,0.6200000047683716,0.6248999834060669,0.6155999898910522,0.6202999949455261,237710,0.0,0.0
2026-03-19 10:20:00-04:00,0.6247000098228455,0.6255999803543091,0.6164000034332275,0.6187999844551086,0,0.0,0.0
2026-03-19 10:25:00-04:00,0.623199999332428,0.6255000233650208,0.621399998664856,0.6241000294685364,4435,0.0,0.0
2026-03-19 10:30:00-04:00,0.6219000220298767,0.6265000104904175,0.6194999814033508,0.6215000152587891,48781,0.0,0.0
2026-03-19 10:35:00-04:00,0.6202999949455261,0.6225000023841858,0.6152999997138977,0.6152999997138977,10349,0.0,0.0
2026-03-19 10:40:00-04:00,0.6152999997138977,0.6176000237464905,0.6152999997138977,0.6169000267982483,11339,0.0,0.0
2026-03-19 10:45:00-04:00,0.6166999936103821,0.6176000237464905,0.6154999732971191,0.6169999837875366,12762,0.0,0.0
2026-03-19 10:50:00-04:00,0.6190999746322632,0.621999979019165,0.6190999746322632,0.621999979019165,2694,0.0,0.0
2026-03-19 10:55:00-04:00,0.6216999888420105,0.6219000220298767,0.6195999979972839,0.6215999722480774,202022,0.0,0.0
2026-03-19 11:00:00-04:00,0.6212000250816345,0.6269999742507935,0.6212000250816345,0.6266999840736389,0,0.0,0.0
2026-03-19 11:05:00-04:00,0.6269999742507935,0.6319000124931335,0.6244999766349792,0.6244999766349792,51220,0.0,0.0
2026-03-19 11:10:00-04:00,0.6304000020027161,0.6320000290870667,0.6240000128746033,0.6301000118255615,3872,0.0,0.0
2026-03-19 11:15:00-04:00,0.6301000118255615,0.6365000009536743,0.6276000142097473,0.6276000142097473,67266,0.0,0.0
2026-03-19 11:20:00-04:00,0.628000020980835,0.6287000179290771,0.6254000067710876,0.6254000067710876,7016,0.0,0.0
2026-03-19 11:25:00-04:00,0.6266999840736389,0.6272000074386597,0.6248999834060669,0.6272000074386597,4902,0.0,0.0
2026-03-19 11:30:00-04:00,0.626800000667572,0.6269000172615051,0.6241000294685364,0.6241000294685364,35308,0.0,0.0
2026-03-19 11:35:00-04:00,0.6244999766349792,0.6248000264167786,0.6201000213623047,0.6230999827384949,10943,0.0,0.0
2026-03-19 11:40:00-04:00,0.6243000030517578,0.6270999908447266,0.6241999864578247,0.6262999773025513,9458,0.0,0.0
2026-03-19 11:45:00-04:00,0.6262999773025513,0.6270999908447266,0.6222000122070312,0.6270999908447266,3076,0.0,0.0
2026-03-19 11:50:00-04:00,0.6270999908447266,0.6270999908447266,0.6243000030517578,0.6269999742507935,1753,0.0,0.0
2026-03-19 11:55:00-04:00,0.6243000030517578,0.6269999742507935,0.6243000030517578,0.6251000165939331,3673,0.0,0.0
2026-03-19 12:00:00-04:00,0.6259999871253967,0.6269999742507935,0.6258999705314636,0.6269999742507935,7246,0.0,0.0
2026-03-19 12:05:00-04:00,0.6270999908447266,0.6323999762535095,0.6270999908447266,0.6323000192642212,22145,0.0,0.0
2026-03-19 12:10:00-04:00,0.6319000124931335,0.6319000124931335,0.6298999786376953,0.6306999921798706,12790,0.0,0.0
2026-03-19 12:15:00-04:00,0.6315000057220459,0.6348000168800354,0.6315000057220459,0.6345000267028809,18080,0.0,0.0
2026-03-19 12:20:00-04:00,0.6341000199317932,0.6359999775886536,0.6341000199317932,0.635699987411499,50375,0.0,0.0
2026-03-19 12:25:00-04:00,0.6358000040054321,0.649399995803833,0.6358000040054321,0.649399995803833,81772,0.0,0.0
2026-03-19 12:30:00-04:00,0.649399995803833,0.6600000262260437,0.6492999792098999,0.659500002861023,168141,0.0,0.0
2026-03-19 12:35:00-04:00,0.659500002861023,0.659500002861023,0.650600016117096,0.6549000144004822,97830,0.0,0.0
2026-03-19 12:40:00-04:00,0.6549000144004822,0.6642000079154968,0.6547999978065491,0.6632000207901001,133028,0.0,0.0
2026-03-19 12:45:00-04:00,0.6624000072479248,0.6624000072479248,0.6600000262260437,0.6601999998092651,55172,0.0,0.0
2026-03-19 12:50:00-04:00,0.6600000262260437,0.6600000262260437,0.6500999927520752,0.6520000100135803,25000,0.0,0.0
2026-03-19 12:55:00-04:00,0.6520000100135803,0.6545000076293945,0.6502000093460083,0.6521000266075134,81130,0.0,0.0
2026-03-19 13:00:00-04:00,0.651199996471405,0.6556000113487244,0.6503999829292297,0.6556000113487244,6692,0.0,0.0
2026-03-19 13:05:00-04:00,0.6571000218391418,0.6599000096321106,0.6545000076293945,0.6557000279426575,17855,0.0,0.0
2026-03-19 13:10:00-04:00,0.6556000113487244,0.6557000279426575,0.6556000113487244,0.6557000279426575,47929,0.0,0.0
2026-03-19 13:15:00-04:00,0.6557000279426575,0.6604999899864197,0.6557000279426575,0.6604999899864197,49189,0.0,0.0
2026-03-19 13:20:00-04:00,0.6604999899864197,0.6643999814987183,0.6567999720573425,0.6643999814987183,664592,0.0,0.0
2026-03-19 13:25:00-04:00,0.6643999814987183,0.6690000295639038,0.6643000245094299,0.6676999926567078,0,0.0,0.0
2026-03-19 13:30:00-04:00,0.6676999926567078,0.6689000129699707,0.6604999899864197,0.6664999723434448,646154,0.0,0.0
2026-03-19 13:35:00-04:00,0.6664999723434448,0.6664999723434448,0.6629999876022339,0.6642000079154968,0,0.0,0.0
2026-03-19 13:40:00-04:00,0.6643000245094299,0.6686999797821045,0.6643000245094299,0.6686999797821045,18945,0.0,0.0
2026-03-19 13:45:00-04:00,0.6686999797821045,0.6743999719619751,0.6675999760627747,0.6708999872207642,46339,0.0,0.0
2026-03-19 13:50:00-04:00,0.6708999872207642,0.6790000200271606,0.6708999872207642,0.6789000034332275,148367,0.0,0.0
2026-03-19 13:55:00-04:00,0.6789000034332275,0.6794000267982483,0.6748999953269958,0.6771000027656555,65524,0.0,0.0
2026-03-19 14:00:00-04:00,0.6769000291824341,0.6782000064849854,0.6769000291824341,0.6780999898910522,38817,0.0,0.0
2026-03-19 14:05:00-04:00,0.6782000064849854,0.6794000267982483,0.6780999898910522,0.6794000267982483,778565,0.0,0.0
2026-03-19 14:10:00-04:00,0.6794000267982483,0.6840999722480774,0.6793000102043152,0.6830000281333923,0,0.0,0.0
2026-03-19 14:15:00-04:00,0.6840000152587891,0.6840999722480774,0.6771000027656555,0.6793000102043152,85708,0.0,0.0
2026-03-19 14:20:00-04:00,0.6794000267982483,0.6794000267982483,0.6747999787330627,0.679099977016449,938536,0.0,0.0
2026-03-19 14:25:00-04:00,0.679099977016449,0.6791999936103821,0.6692000031471252,0.6700000166893005,83100,0.0,0.0
2026-03-19 14:30:00-04:00,0.6700999736785889,0.6830000281333923,0.6700999736785889,0.6826000213623047,0,0.0,0.0
2026-03-19 14:35:00-04:00,0.682200014591217,0.6830000281333923,0.6798999905586243,0.6819000244140625,30392,0.0,0.0
2026-03-19 14:40:00-04:00,0.682200014591217,0.6926000118255615,0.682200014591217,0.6916999816894531,157216,0.0,0.0
2026-03-19 14:45:00-04:00,0.6919000148773193,0.6926000118255615,0.6901999711990356,0.691100001335144,63911,0.0,0.0
2026-03-19 14:50:00-04:00,0.6906999945640564,0.6913999915122986,0.6815000176429749,0.6851000189781189,91961,0.0,0.0
2026-03-19 14:55:00-04:00,0.6815000176429749,0.6873999834060669,0.6815000176429749,0.6872000098228455,63177,0.0,0.0
2026-03-19 15:00:00-04:00,0.6869999766349792,0.6909999847412109,0.6869999766349792,0.6909999847412109,25932,0.0,0.0
2026-03-19 15:05:00-04:00,0.6909000277519226,0.6996999979019165,0.6909000277519226,0.6970000267028809,52260,0.0,0.0
2026-03-19 15:10:00-04:00,0.6977999806404114,0.707099974155426,0.696399986743927,0.6998999714851379,79869,0.0,0.0
2026-03-19 15:15:00-04:00,0.6996999979019165,0.699999988079071,0.6969000101089478,0.6980000138282776,51076,0.0,0.0
2026-03-19 15:20:00-04:00,0.6980000138282776,0.6985999941825867,0.6905999779701233,0.6927000284194946,47784,0.0,0.0
2026-03-19 15:25:00-04:00,0.6926000118255615,0.6926000118255615,0.6877999901771545,0.6877999901771545,27031,0.0,0.0
2026-03-19 15:30:00-04:00,0.6863999962806702,0.6869000196456909,0.6850000023841858,0.6858000159263611,28212,0.0,0.0
2026-03-19 15:35:00-04:00,0.685699999332428,0.6858999729156494,0.6843000054359436,0.6858999729156494,63337,0.0,0.0
2026-03-19 15:40:00-04:00,0.6858999729156494,0.6898999810218811,0.6855999827384949,0.6859999895095825,49813,0.0,0.0
2026-03-19 15:45:00-04:00,0.6859999895095825,0.6875,0.6850000023841858,0.6850000023841858,65320,0.0,0.0
2026-03-19 15:50:00-04:00,0.685699999332428,0.6859999895095825,0.6800000071525574,0.6851999759674072,64045,0.0,0.0
2026-03-19 15:55:00-04:00,0.6851999759674072,0.6898999810218811,0.6800000071525574,0.6855999827384949,199844,0.0,0.0
2026-03-20 09:30:00-04:00,0.6822999715805054,0.6973000168800354,0.6674000024795532,0.6736999750137329,282120,0.0,0.0
2026-03-20 09:35:00-04:00,0.6686999797821045,0.6764000058174133,0.6531000137329102,0.6665999889373779,208008,0.0,0.0
2026-03-20 09:40:00-04:00,0.6665999889373779,0.6758999824523926,0.660099983215332,0.6725999712944031,305934,0.0,0.0
2026-03-20 09:45:00-04:00,0.671999990940094,0.6829000115394592,0.6700000166893005,0.6829000115394592,71424,0.0,0.0
2026-03-20 09:50:00-04:00,0.6814000010490417,0.682699978351593,0.6747999787330627,0.6794999837875366,366682,0.0,0.0
2026-03-20 09:55:00-04:00,0.6782000064849854,0.6815000176429749,0.6725000143051147,0.6743000149726868,116293,0.0,0.0
2026-03-20 10:00:00-04:00,0.6759999990463257,0.6814000010490417,0.6753000020980835,0.6814000010490417,55671,0.0,0.0
2026-03-20 10:05:00-04:00,0.6819000244140625,0.6872000098228455,0.6789000034332275,0.6819000244140625,19633,0.0,0.0
2026-03-20 10:10:00-04:00,0.6841999888420105,0.6841999888420105,0.6718999743461609,0.6718999743461609,29517,0.0,0.0
2026-03-20 10:15:00-04:00,0.6736000180244446,0.6748999953269958,0.6682000160217285,0.6682000160217285,25278,0.0,0.0
2026-03-20 10:20:00-04:00,0.6711000204086304,0.6711000204086304,0.6653000116348267,0.6675000190734863,17579,0.0,0.0
2026-03-20 10:25:00-04:00,0.6653000116348267,0.6736999750137329,0.6650000214576721,0.666700005531311,55651,0.0,0.0
2026-03-20 10:30:00-04:00,0.6728000044822693,0.678600013256073,0.6728000044822693,0.6780999898910522,8833,0.0,0.0
2026-03-20 10:35:00-04:00,0.6779999732971191,0.6783999800682068,0.6704000234603882,0.6741999983787537,42674,0.0,0.0
2026-03-20 10:40:00-04:00,0.6741999983787537,0.6741999983787537,0.6687999963760376,0.6714000105857849,33032,0.0,0.0
2026-03-20 10:45:00-04:00,0.6710000038146973,0.6717000007629395,0.6687999963760376,0.670799970626831,22192,0.0,0.0
2026-03-20 10:50:00-04:00,0.670799970626831,0.6711000204086304,0.6635000109672546,0.6657999753952026,55447,0.0,0.0
2026-03-20 10:55:00-04:00,0.6626999974250793,0.6657000184059143,0.65829998254776,0.6610000133514404,71597,0.0,0.0
2026-03-20 11:00:00-04:00,0.6625000238418579,0.6674000024795532,0.6625000238418579,0.6657999753952026,35377,0.0,0.0
2026-03-20 11:05:00-04:00,0.6664000153541565,0.6664000153541565,0.6626999974250793,0.6635000109672546,20290,0.0,0.0
2026-03-20 11:10:00-04:00,0.6643000245094299,0.6700999736785889,0.6643000245094299,0.6700999736785889,19135,0.0,0.0
2026-03-20 11:15:00-04:00,0.6705999970436096,0.6772000193595886,0.6705999970436096,0.6739000082015991,48744,0.0,0.0
2026-03-20 11:20:00-04:00,0.6753000020980835,0.6811000108718872,0.6743000149726868,0.6793000102043152,24705,0.0,0.0
2026-03-20 11:25:00-04:00,0.679099977016449,0.6797999739646912,0.6779000163078308,0.6784999966621399,13523,0.0,0.0
2026-03-20 11:30:00-04:00,0.6782000064849854,0.6808000206947327,0.6779999732971191,0.6801000237464905,25243,0.0,0.0
2026-03-20 11:35:00-04:00,0.6801000237464905,0.6811000108718872,0.6796000003814697,0.6807000041007996,16403,0.0,0.0
2026-03-20 11:40:00-04:00,0.6812000274658203,0.6812000274658203,0.6759999990463257,0.6772000193595886,23909,0.0,0.0
2026-03-20 11:45:00-04:00,0.6776999831199646,0.6783999800682068,0.6772000193595886,0.6779999732971191,18996,0.0,0.0
2026-03-20 11:50:00-04:00,0.6782000064849854,0.6783999800682068,0.6780999898910522,0.6782000064849854,11221,0.0,0.0
2026-03-20 11:55:00-04:00,0.6782000064849854,0.6862999796867371,0.6782000064849854,0.6841999888420105,13043,0.0,0.0
2026-03-20 12:00:00-04:00,0.6841999888420105,0.6858000159263611,0.6841999888420105,0.6858000159263611,32427,0.0,0.0
2026-03-20 12:05:00-04:00,0.6858000159263611,0.6869999766349792,0.6847000122070312,0.6855999827384949,15642,0.0,0.0
2026-03-20 12:10:00-04:00,0.6861000061035156,0.6861000061035156,0.684499979019165,0.684499979019165,12900,0.0,0.0
2026-03-20 12:15:00-04:00,0.684499979019165,0.6850000023841858,0.684499979019165,0.6848000288009644,17447,0.0,0.0
2026-03-20 12:20:00-04:00,0.6848999857902527,0.6894000172615051,0.6848000288009644,0.6875,30595,0.0,0.0
2026-03-20 12:25:00-04:00,0.6875,0.6875,0.6855999827384949,0.6862999796867371,27592,0.0,0.0
2026-03-20 12:30:00-04:00,0.6858999729156494,0.6858999729156494,0.6808000206947327,0.6818000078201294,37560,0.0,0.0
2026-03-20 12:35:00-04:00,0.6818000078201294,0.682699978351593,0.6818000078201294,0.682200014591217,6916,0.0,0.0
2026-03-20 12:40:00-04:00,0.6819999814033508,0.6819999814033508,0.6818000078201294,0.6819000244140625,5356,0.0,0.0
2026-03-20 12:45:00-04:00,0.6818000078201294,0.6819000244140625,0.6818000078201294,0.6819000244140625,3297,0.0,0.0
2026-03-20 12:50:00-04:00,0.6818000078201294,0.6898999810218811,0.680400013923645,0.6898000240325928,30695,0.0,0.0
2026-03-20 12:55:00-04:00,0.6898999810218811,0.6955999732017517,0.6898000240325928,0.6929000020027161,22072,0.0,0.0
2026-03-20 13:00:00-04:00,0.6947000026702881,0.6956999897956848,0.6919999718666077,0.6941999793052673,56220,0.0,0.0
2026-03-20 13:05:00-04:00,0.6941999793052673,0.6966999769210815,0.6891999840736389,0.6944000124931335,49237,0.0,0.0
2026-03-20 13:10:00-04:00,0.6956999897956848,0.6960999965667725,0.6848000288009644,0.685699999332428,90291,0.0,0.0
2026-03-20 13:15:00-04:00,0.6855999827384949,0.6855999827384949,0.6784999966621399,0.6797999739646912,30995,0.0,0.0
2026-03-20 13:20:00-04:00,0.6789000034332275,0.6794000267982483,0.6765000224113464,0.6779999732971191,12126,0.0,0.0
2026-03-20 13:25:00-04:00,0.6776000261306763,0.6784999966621399,0.6722000241279602,0.6722000241279602,94108,0.0,0.0
2026-03-20 13:30:00-04:00,0.6728000044822693,0.6735000014305115,0.6700999736785889,0.6711999773979187,77310,0.0,0.0
2026-03-20 13:35:00-04:00,0.6710000038146973,0.6754000186920166,0.6692000031471252,0.6712999939918518,59845,0.0,0.0
2026-03-20 13:40:00-04:00,0.6718000173568726,0.6728000044822693,0.6704999804496765,0.6715999841690063,21239,0.0,0.0
2026-03-20 13:45:00-04:00,0.671999990940094,0.6722000241279602,0.671999990940094,0.6722000241279602,15654,0.0,0.0
2026-03-20 13:50:00-04:00,0.6722000241279602,0.6725000143051147,0.6694999933242798,0.6723999977111816,98774,0.0,0.0
2026-03-20 13:55:00-04:00,0.6722000241279602,0.6733999848365784,0.6711000204086304,0.671999990940094,126685,0.0,0.0
2026-03-20 14:00:00-04:00,0.6725000143051147,0.6730999946594238,0.6711000204086304,0.671500027179718,37367,0.0,0.0
2026-03-20 14:05:00-04:00,0.6712999939918518,0.6712999939918518,0.6690000295639038,0.6703000068664551,92643,0.0,0.0
2026-03-20 14:10:00-04:00,0.6700999736785889,0.6700999736785889,0.6697999835014343,0.6699000000953674,9210,0.0,0.0
2026-03-20 14:15:00-04:00,0.6699000000953674,0.6699000000953674,0.6697999835014343,0.6697999835014343,32466,0.0,0.0
2026-03-20 14:20:00-04:00,0.6699000000953674,0.6699000000953674,0.6629999876022339,0.6632000207901001,37277,0.0,0.0
2026-03-20 14:25:00-04:00,0.6632000207901001,0.6632000207901001,0.6600000262260437,0.6614999771118164,80373,0.0,0.0
2026-03-20 14:30:00-04:00,0.6629999876022339,0.663100004196167,0.6628000140190125,0.6629999876022339,26134,0.0,0.0
2026-03-20 14:35:00-04:00,0.6629999876022339,0.6629999876022339,0.660099983215332,0.660099983215332,32790,0.0,0.0
2026-03-20 14:40:00-04:00,0.6606000065803528,0.6608999967575073,0.6549999713897705,0.6574000120162964,22273,0.0,0.0
2026-03-20 14:45:00-04:00,0.6575000286102295,0.6590999960899353,0.6550999879837036,0.6553000211715698,22099,0.0,0.0
2026-03-20 14:50:00-04:00,0.6553999781608582,0.656499981880188,0.6545000076293945,0.6553999781608582,48379,0.0,0.0
2026-03-20 14:55:00-04:00,0.6547999978065491,0.659600019454956,0.6547999978065491,0.659600019454956,21052,0.0,0.0
2026-03-20 15:00:00-04:00,0.659600019454956,0.6600000262260437,0.6510000228881836,0.6527000069618225,41661,0.0,0.0
2026-03-20 15:05:00-04:00,0.6510999798774719,0.65420001745224,0.6510999798774719,0.6539000272750854,23747,0.0,0.0
2026-03-20 15:10:00-04:00,0.6535999774932861,0.6560999751091003,0.6532999873161316,0.6560999751091003,40099,0.0,0.0
2026-03-20 15:15:00-04:00,0.6574000120162964,0.6574000120162964,0.6565999984741211,0.6565999984741211,4880,0.0,0.0
2026-03-20 15:20:00-04:00,0.6574000120162964,0.6574000120162964,0.6557000279426575,0.6567000150680542,34718,0.0,0.0
2026-03-20 15:25:00-04:00,0.6567000150680542,0.6567999720573425,0.6554999947547913,0.6564000248908997,27301,0.0,0.0
2026-03-20 15:30:00-04:00,0.6564000248908997,0.6564000248908997,0.6561999917030334,0.6561999917030334,8954,0.0,0.0
2026-03-20 15:35:00-04:00,0.6563000082969666,0.6563000082969666,0.6500999927520752,0.652999997138977,63586,0.0,0.0
2026-03-20 15:40:00-04:00,0.6531000137329102,0.6571999788284302,0.652899980545044,0.6571999788284302,42500,0.0,0.0
2026-03-20 15:45:00-04:00,0.6571999788284302,0.6574000120162964,0.6541000008583069,0.6553999781608582,49238,0.0,0.0
2026-03-20 15:50:00-04:00,0.6545000076293945,0.6571999788284302,0.6543999910354614,0.6571000218391418,55456,0.0,0.0
2026-03-20 15:55:00-04:00,0.6571000218391418,0.6674000024795532,0.6556000113487244,0.6563000082969666,358850,0.0,0.0
2026-03-23 09:30:00-04:00,0.6899999976158142,0.699999988079071,0.6700000166893005,0.6730999946594238,314805,0.0,0.0
2026-03-23 09:35:00-04:00,0.6729999780654907,0.6825000047683716,0.6729999780654907,0.6808000206947327,42409,0.0,0.0
2026-03-23 09:40:00-04:00,0.6808000206947327,0.6830999851226807,0.6700000166893005,0.6700000166893005,93034,0.0,0.0
2026-03-23 09:45:00-04:00,0.6700999736785889,0.6712999939918518,0.6577000021934509,0.6662999987602234,117413,0.0,0.0
2026-03-23 09:50:00-04:00,0.6696000099182129,0.6798999905586243,0.6696000099182129,0.675000011920929,33713,0.0,0.0
2026-03-23 09:55:00-04:00,0.6797000169754028,0.6802999973297119,0.6736999750137329,0.6802999973297119,65169,0.0,0.0
2026-03-23 10:00:00-04:00,0.6797000169754028,0.6953999996185303,0.6797000169754028,0.6909999847412109,58166,0.0,0.0
2026-03-23 10:05:00-04:00,0.6909999847412109,0.6966000199317932,0.6886000037193298,0.6934999823570251,75185,0.0,0.0
2026-03-23 10:10:00-04:00,0.6912000179290771,0.6940000057220459,0.6886000037193298,0.6898999810218811,42289,0.0,0.0
2026-03-23 10:15:00-04:00,0.6891000270843506,0.6899999976158142,0.6845999956130981,0.6865000128746033,44466,0.0,0.0
2026-03-23 10:20:00-04:00,0.6859999895095825,0.6862999796867371,0.6826000213623047,0.6862999796867371,21313,0.0,0.0
2026-03-23 10:25:00-04:00,0.6863999962806702,0.6870999932289124,0.6815000176429749,0.6830000281333923,65862,0.0,0.0
2026-03-23 10:30:00-04:00,0.6816999912261963,0.6912000179290771,0.6800000071525574,0.6845999956130981,92031,0.0,0.0
2026-03-23 10:35:00-04:00,0.6855000257492065,0.6855000257492065,0.6800000071525574,0.6847000122070312,37165,0.0,0.0
2026-03-23 10:40:00-04:00,0.6858999729156494,0.6858999729156494,0.6815999746322632,0.6837000250816345,13608,0.0,0.0
2026-03-23 10:45:00-04:00,0.682699978351593,0.682699978351593,0.6754000186920166,0.6789000034332275,74025,0.0,0.0
2026-03-23 10:50:00-04:00,0.677299976348877,0.6784999966621399,0.6754999756813049,0.6775000095367432,13008,0.0,0.0
2026-03-23 10:55:00-04:00,0.6764000058174133,0.6784999966621399,0.6754000186920166,0.6765999794006348,17224,0.0,0.0
2026-03-23 11:00:00-04:00,0.6759999990463257,0.6816999912261963,0.6759999990463257,0.6808000206947327,69293,0.0,0.0
2026-03-23 11:05:00-04:00,0.6815999746322632,0.6863999962806702,0.6798999905586243,0.6855000257492065,25939,0.0,0.0
2026-03-23 11:10:00-04:00,0.6855000257492065,0.6873999834060669,0.6855000257492065,0.6872000098228455,13194,0.0,0.0
2026-03-23 11:15:00-04:00,0.6870999932289124,0.6872000098228455,0.6830999851226807,0.6830999851226807,19407,0.0,0.0
2026-03-23 11:20:00-04:00,0.6837999820709229,0.6844000220298767,0.6798999905586243,0.682200014591217,31612,0.0,0.0
2026-03-23 11:25:00-04:00,0.6826000213623047,0.6843000054359436,0.6826000213623047,0.6829000115394592,35145,0.0,0.0
2026-03-23 11:30:00-04:00,0.6840000152587891,0.6850000023841858,0.6800000071525574,0.6812000274658203,33786,0.0,0.0
2026-03-23 11:35:00-04:00,0.6812000274658203,0.6812000274658203,0.6743999719619751,0.6753000020980835,37835,0.0,0.0
2026-03-23 11:40:00-04:00,0.6746000051498413,0.6758999824523926,0.6746000051498413,0.6748999953269958,10145,0.0,0.0
2026-03-23 11:45:00-04:00,0.6748999953269958,0.675000011920929,0.6712999939918518,0.6718999743461609,17153,0.0,0.0
2026-03-23 11:50:00-04:00,0.6710000038146973,0.6728000044822693,0.6700000166893005,0.6704999804496765,33171,0.0,0.0
2026-03-23 11:55:00-04:00,0.6704999804496765,0.6704999804496765,0.6700000166893005,0.6700000166893005,26939,0.0,0.0
2026-03-23 12:00:00-04:00,0.6700999736785889,0.6705999970436096,0.6658999919891357,0.6705999970436096,95091,0.0,0.0
2026-03-23 12:05:00-04:00,0.6718999743461609,0.6807000041007996,0.6700999736785889,0.6798999905586243,58977,0.0,0.0
2026-03-23 12:10:00-04:00,0.6800000071525574,0.6862999796867371,0.6783999800682068,0.6815000176429749,62110,0.0,0.0
2026-03-23 12:15:00-04:00,0.6833999752998352,0.6833999752998352,0.6784999966621399,0.6800000071525574,24396,0.0,0.0
2026-03-23 12:20:00-04:00,0.6800000071525574,0.6873000264167786,0.6800000071525574,0.6854000091552734,22896,0.0,0.0
2026-03-23 12:25:00-04:00,0.6854000091552734,0.6854000091552734,0.6794000267982483,0.6794000267982483,9913,0.0,0.0
2026-03-23 12:30:00-04:00,0.6815999746322632,0.6826000213623047,0.6769000291824341,0.6769999861717224,21050,0.0,0.0
2026-03-23 12:35:00-04:00,0.6783000230789185,0.6858999729156494,0.6783000230789185,0.6858999729156494,18889,0.0,0.0
2026-03-23 12:40:00-04:00,0.6858999729156494,0.6858999729156494,0.6751999855041504,0.6812999844551086,205462,0.0,0.0
2026-03-23 12:45:00-04:00,0.6850000023841858,0.6858999729156494,0.6844000220298767,0.6855000257492065,5228,0.0,0.0
2026-03-23 12:50:00-04:00,0.684499979019165,0.6858999729156494,0.684499979019165,0.6855000257492065,11385,0.0,0.0
2026-03-23 12:55:00-04:00,0.6858000159263611,0.6873999834060669,0.6855999827384949,0.6865000128746033,14894,0.0,0.0
2026-03-23 13:00:00-04:00,0.6873999834060669,0.6895999908447266,0.6873999834060669,0.6891999840736389,8104,0.0,0.0
2026-03-23 13:05:00-04:00,0.689300000667572,0.6897000074386597,0.6888999938964844,0.6894999742507935,12254,0.0,0.0
2026-03-23 13:10:00-04:00,0.6897000074386597,0.6897000074386597,0.6895999908447266,0.6895999908447266,4060,0.0,0.0
2026-03-23 13:15:00-04:00,0.6894999742507935,0.6895999908447266,0.6890000104904175,0.6891999840736389,18736,0.0,0.0
2026-03-23 13:20:00-04:00,0.6891999840736389,0.6891999840736389,0.6802999973297119,0.6890000104904175,27106,0.0,0.0
2026-03-23 13:25:00-04:00,0.6876000165939331,0.6890000104904175,0.6862000226974487,0.6876000165939331,12217,0.0,0.0
2026-03-23 13:30:00-04:00,0.6880000233650208,0.6952000260353088,0.6880000233650208,0.6952000260353088,39135,0.0,0.0
2026-03-23 13:35:00-04:00,0.6952000260353088,0.699999988079071,0.6952000260353088,0.6998999714851379,18303,0.0,0.0
2026-03-23 13:40:00-04:00,0.6995000243186951,0.699999988079071,0.6992999911308289,0.6995000243186951,27647,0.0,0.0
2026-03-23 13:45:00-04:00,0.6995000243186951,0.6995000243186951,0.6949999928474426,0.6980000138282776,66712,0.0,0.0
2026-03-23 13:50:00-04:00,0.6980000138282776,0.7092999815940857,0.6980000138282776,0.7077000141143799,162403,0.0,0.0
2026-03-23 13:55:00-04:00,0.7077000141143799,0.7077000141143799,0.7046999931335449,0.7056000232696533,62973,0.0,0.0
2026-03-23 14:00:00-04:00,0.7081000208854675,0.7146000266075134,0.7069000005722046,0.7142999768257141,132832,0.0,0.0
2026-03-23 14:05:00-04:00,0.7143999934196472,0.7156000137329102,0.7143999934196472,0.7156000137329102,75982,0.0,0.0
2026-03-23 14:10:00-04:00,0.7152000069618225,0.7192999720573425,0.7095000147819519,0.7110000252723694,227971,0.0,0.0
2026-03-23 14:15:00-04:00,0.7109000086784363,0.7139000296592712,0.7106000185012817,0.7135000228881836,104119,0.0,0.0
2026-03-23 14:20:00-04:00,0.7134000062942505,0.7164000272750854,0.7131999731063843,0.7164000272750854,47928,0.0,0.0
2026-03-23 14:25:00-04:00,0.7163000106811523,0.7239000201225281,0.7163000106811523,0.7239000201225281,122016,0.0,0.0
2026-03-23 14:30:00-04:00,0.7239000201225281,0.7300000190734863,0.7206000089645386,0.7213000059127808,242779,0.0,0.0
2026-03-23 14:35:00-04:00,0.722000002861023,0.722000002861023,0.7197999954223633,0.7200000286102295,44546,0.0,0.0
2026-03-23 14:40:00-04:00,0.7200000286102295,0.7200000286102295,0.71670001745224,0.7182000279426575,76680,0.0,0.0
2026-03-23 14:45:00-04:00,0.7178999781608582,0.7185999751091003,0.7178000211715698,0.7185999751091003,7420,0.0,0.0
2026-03-23 14:50:00-04:00,0.7178999781608582,0.7182999849319458,0.7178000211715698,0.7182999849319458,11470,0.0,0.0
2026-03-23 14:55:00-04:00,0.7178000211715698,0.7186999917030334,0.7178000211715698,0.7186999917030334,6584,0.0,0.0
2026-03-23 15:00:00-04:00,0.7186999917030334,0.7299000024795532,0.7186999917030334,0.7286999821662903,275825,0.0,0.0
2026-03-23 15:05:00-04:00,0.7286999821662903,0.7300000190734863,0.722100019454956,0.7243000268936157,145071,0.0,0.0
2026-03-23 15:10:00-04:00,0.7246000170707703,0.7246999740600586,0.7233999967575073,0.7233999967575073,71445,0.0,0.0
2026-03-23 15:15:00-04:00,0.7224000096321106,0.7243000268936157,0.7222999930381775,0.7240999937057495,66261,0.0,0.0
2026-03-23 15:20:00-04:00,0.7240999937057495,0.7242000102996826,0.7174999713897705,0.7174999713897705,79721,0.0,0.0
2026-03-23 15:25:00-04:00,0.7178999781608582,0.7189000248908997,0.7149999737739563,0.7150999903678894,28832,0.0,0.0
2026-03-23 15:30:00-04:00,0.7149999737739563,0.717199981212616,0.7149999737739563,0.717199981212616,22803,0.0,0.0
2026-03-23 15:35:00-04:00,0.71670001745224,0.7172999978065491,0.7149999737739563,0.7150999903678894,28239,0.0,0.0
2026-03-23 15:40:00-04:00,0.7150999903678894,0.7156000137329102,0.7128999829292297,0.7142000198364258,20525,0.0,0.0
2026-03-23 15:45:00-04:00,0.7134000062942505,0.7145000100135803,0.7132999897003174,0.7139000296592712,32686,0.0,0.0
2026-03-23 15:50:00-04:00,0.7138000130653381,0.7157999873161316,0.710099995136261,0.7148000001907349,42354,0.0,0.0
2026-03-23 15:55:00-04:00,0.713699996471405,0.7142000198364258,0.7010999917984009,0.7064999938011169,156556,0.0,0.0
2026-03-24 09:30:00-04:00,0.699999988079071,0.7099999785423279,0.6819999814033508,0.7077000141143799,257353,0.0,0.0
2026-03-24 09:35:00-04:00,0.7077000141143799,0.7300000190734863,0.7077000141143799,0.7299000024795532,148419,0.0,0.0
2026-03-24 09:40:00-04:00,0.7289999723434448,0.7289999723434448,0.713100016117096,0.723800003528595,69155,0.0,0.0
2026-03-24 09:45:00-04:00,0.723800003528595,0.729200005531311,0.7121999859809875,0.7200999855995178,161632,0.0,0.0
2026-03-24 09:50:00-04:00,0.7214999794960022,0.7267000079154968,0.7105000019073486,0.7110999822616577,94159,0.0,0.0
2026-03-24 09:55:00-04:00,0.7134000062942505,0.722000002861023,0.7117999792098999,0.7193999886512756,57139,0.0,0.0
2026-03-24 10:00:00-04:00,0.7200999855995178,0.7229999899864197,0.7103999853134155,0.7182000279426575,91362,0.0,0.0
2026-03-24 10:05:00-04:00,0.7182999849319458,0.7329000234603882,0.7156000137329102,0.7285000085830688,182005,0.0,0.0
2026-03-24 10:10:00-04:00,0.7297000288963318,0.7328000068664551,0.7121000289916992,0.715499997138977,166072,0.0,0.0
2026-03-24 10:15:00-04:00,0.7192000150680542,0.7226999998092651,0.7009999752044678,0.7063999772071838,102200,0.0,0.0
2026-03-24 10:20:00-04:00,0.7067999839782715,0.7095999717712402,0.699999988079071,0.7027000188827515,68907,0.0,0.0
2026-03-24 10:25:00-04:00,0.7027000188827515,0.7049000263214111,0.6976000070571899,0.6991999745368958,50614,0.0,0.0
2026-03-24 10:30:00-04:00,0.7001000046730042,0.7002000212669373,0.6901000142097473,0.6995999813079834,41807,0.0,0.0
2026-03-24 10:35:00-04:00,0.6987000107765198,0.7009000182151794,0.6934000253677368,0.6960999965667725,97494,0.0,0.0
2026-03-24 10:40:00-04:00,0.6953999996185303,0.7006999850273132,0.6944000124931335,0.7006999850273132,39454,0.0,0.0
2026-03-24 10:45:00-04:00,0.7005000114440918,0.7014999985694885,0.6927000284194946,0.6927000284194946,30219,0.0,0.0
2026-03-24 10:50:00-04:00,0.6916000247001648,0.7013000249862671,0.6916000247001648,0.7013000249862671,9707,0.0,0.0
2026-03-24 10:55:00-04:00,0.7009999752044678,0.7024000287055969,0.6967999935150146,0.7006000280380249,25120,0.0,0.0
2026-03-24 11:00:00-04:00,0.6988000273704529,0.704200029373169,0.6955999732017517,0.7009999752044678,20923,0.0,0.0
2026-03-24 11:05:00-04:00,0.7008000016212463,0.7019000053405762,0.6973999738693237,0.7014999985694885,101631,0.0,0.0
2026-03-24 11:10:00-04:00,0.7019000053405762,0.7052000164985657,0.7013999819755554,0.7052000164985657,31156,0.0,0.0
2026-03-24 11:15:00-04:00,0.7052000164985657,0.7085000276565552,0.7052000164985657,0.7085000276565552,52262,0.0,0.0
2026-03-24 11:20:00-04:00,0.7117999792098999,0.7200000286102295,0.7092000246047974,0.7192000150680542,68178,0.0,0.0
2026-03-24 11:25:00-04:00,0.7185999751091003,0.7200000286102295,0.7175999879837036,0.7195000052452087,23684,0.0,0.0
2026-03-24 11:30:00-04:00,0.7178999781608582,0.7206000089645386,0.7178999781608582,0.7206000089645386,102219,0.0,0.0
2026-03-24 11:35:00-04:00,0.7215999960899353,0.7296000123023987,0.7129999995231628,0.7132999897003174,187261,0.0,0.0
2026-03-24 11:40:00-04:00,0.7152000069618225,0.718500018119812,0.7150999903678894,0.7182999849319458,10805,0.0,0.0
2026-03-24 11:45:00-04:00,0.7195000052452087,0.7211999893188477,0.7182000279426575,0.7207000255584717,14029,0.0,0.0
2026-03-24 11:50:00-04:00,0.7221999764442444,0.7250999808311462,0.7211999893188477,0.7242000102996826,108989,0.0,0.0
2026-03-24 11:55:00-04:00,0.7235999703407288,0.7250000238418579,0.72079998254776,0.7210999727249146,56888,0.0,0.0
2026-03-24 12:00:00-04:00,0.7210999727249146,0.7210999727249146,0.7063999772071838,0.7087000012397766,29876,0.0,0.0
2026-03-24 12:05:00-04:00,0.710099995136261,0.710099995136261,0.7062000036239624,0.7073000073432922,12152,0.0,0.0
2026-03-24 12:10:00-04:00,0.7062000036239624,0.7099999785423279,0.7062000036239624,0.7099000215530396,15637,0.0,0.0
2026-03-24 12:15:00-04:00,0.7113000154495239,0.7129999995231628,0.7093999981880188,0.7093999981880188,14144,0.0,0.0
2026-03-24 12:20:00-04:00,0.7093999981880188,0.7135999798774719,0.7093999981880188,0.7134000062942505,15572,0.0,0.0
2026-03-24 12:25:00-04:00,0.7121000289916992,0.7143999934196472,0.7114999890327454,0.7143999934196472,19816,0.0,0.0
2026-03-24 12:30:00-04:00,0.7146999835968018,0.7148000001907349,0.7074999809265137,0.7096999883651733,35583,0.0,0.0
2026-03-24 12:35:00-04:00,0.7096999883651733,0.7103999853134155,0.7074999809265137,0.7096999883651733,32936,0.0,0.0
2026-03-24 12:40:00-04:00,0.7093999981880188,0.7095000147819519,0.7075999975204468,0.7095000147819519,5476,0.0,0.0
2026-03-24 12:45:00-04:00,0.7099999785423279,0.7138000130653381,0.708299994468689,0.708299994468689,43859,0.0,0.0
2026-03-24 12:50:00-04:00,0.7071999907493591,0.7127000093460083,0.7071999907493591,0.7106000185012817,23211,0.0,0.0
2026-03-24 12:55:00-04:00,0.7106000185012817,0.7106000185012817,0.7060999870300293,0.7071999907493591,29403,0.0,0.0
2026-03-24 13:00:00-04:00,0.7071999907493591,0.7074999809265137,0.7045999765396118,0.7045999765396118,11122,0.0,0.0
2026-03-24 13:05:00-04:00,0.7034000158309937,0.7034000158309937,0.6963000297546387,0.6987000107765198,25341,0.0,0.0
2026-03-24 13:10:00-04:00,0.6978999972343445,0.7001000046730042,0.6978999972343445,0.699400007724762,43824,0.0,0.0
2026-03-24 13:15:00-04:00,0.699400007724762,0.6998000144958496,0.699400007724762,0.6995999813079834,24337,0.0,0.0
2026-03-24 13:20:00-04:00,0.6995999813079834,0.7017999887466431,0.6995000243186951,0.70169997215271,14697,0.0,0.0
2026-03-24 13:25:00-04:00,0.6998999714851379,0.6998999714851379,0.6951000094413757,0.6980999708175659,33057,0.0,0.0
2026-03-24 13:30:00-04:00,0.6985999941825867,0.7003999948501587,0.6984000205993652,0.6985999941825867,19755,0.0,0.0
2026-03-24 13:35:00-04:00,0.6984000205993652,0.6995000243186951,0.6980000138282776,0.6995000243186951,11474,0.0,0.0
2026-03-24 13:40:00-04:00,0.6991999745368958,0.6992999911308289,0.6990000009536743,0.6990000009536743,6830,0.0,0.0
2026-03-24 13:45:00-04:00,0.6987000107765198,0.6991999745368958,0.6984000205993652,0.6991999745368958,31630,0.0,0.0
2026-03-24 13:50:00-04:00,0.6991999745368958,0.6991999745368958,0.6984999775886536,0.6984999775886536,13972,0.0,0.0
2026-03-24 13:55:00-04:00,0.6988000273704529,0.7024999856948853,0.6988000273704529,0.699999988079071,20920,0.0,0.0
2026-03-24 14:00:00-04:00,0.699999988079071,0.703499972820282,0.699999988079071,0.7020999789237976,33918,0.0,0.0
2026-03-24 14:05:00-04:00,0.7020999789237976,0.704200029373169,0.7006999850273132,0.7031000256538391,21230,0.0,0.0
2026-03-24 14:10:00-04:00,0.7031000256538391,0.7041000127792358,0.7023000121116638,0.7041000127792358,11433,0.0,0.0
2026-03-24 14:15:00-04:00,0.7032999992370605,0.704200029373169,0.7023000121116638,0.7037000060081482,17441,0.0,0.0
2026-03-24 14:20:00-04:00,0.704800009727478,0.7049999833106995,0.7041000127792358,0.7041000127792358,14127,0.0,0.0
2026-03-24 14:25:00-04:00,0.7044000029563904,0.7080000042915344,0.7042999863624573,0.7080000042915344,16552,0.0,0.0
2026-03-24 14:30:00-04:00,0.7080000042915344,0.7129999995231628,0.7080000042915344,0.710099995136261,78247,0.0,0.0
2026-03-24 14:35:00-04:00,0.7117999792098999,0.7129999995231628,0.710099995136261,0.7129999995231628,29884,0.0,0.0
2026-03-24 14:40:00-04:00,0.7129999995231628,0.7129999995231628,0.7084000110626221,0.7095000147819519,18942,0.0,0.0
2026-03-24 14:45:00-04:00,0.7095000147819519,0.7117000222206116,0.7093999981880188,0.7106000185012817,12653,0.0,0.0
2026-03-24 14:50:00-04:00,0.7095000147819519,0.7116000056266785,0.7095000147819519,0.7106000185012817,9443,0.0,0.0
2026-03-24 14:55:00-04:00,0.7095999717712402,0.7110000252723694,0.7095999717712402,0.7095999717712402,19124,0.0,0.0
2026-03-24 15:00:00-04:00,0.7095999717712402,0.7124000191688538,0.7078999876976013,0.7111999988555908,51264,0.0,0.0
2026-03-24 15:05:00-04:00,0.7117000222206116,0.7129999995231628,0.7106999754905701,0.7128999829292297,51184,0.0,0.0
2026-03-24 15:10:00-04:00,0.7135000228881836,0.7141000032424927,0.7129999995231628,0.713100016117096,20816,0.0,0.0
2026-03-24 15:15:00-04:00,0.713100016117096,0.7138000130653381,0.7116000056266785,0.713100016117096,31288,0.0,0.0
2026-03-24 15:20:00-04:00,0.71670001745224,0.7200000286102295,0.7148000001907349,0.7196999788284302,72715,0.0,0.0
2026-03-24 15:25:00-04:00,0.7196999788284302,0.7200000286102295,0.7193999886512756,0.7196000218391418,12627,0.0,0.0
2026-03-24 15:30:00-04:00,0.7192999720573425,0.7196000218391418,0.7170000076293945,0.7174999713897705,35455,0.0,0.0
2026-03-24 15:35:00-04:00,0.7174999713897705,0.7175999879837036,0.7039999961853027,0.7044000029563904,39443,0.0,0.0
2026-03-24 15:40:00-04:00,0.7045000195503235,0.7063000202178955,0.70169997215271,0.70169997215271,71379,0.0,0.0
2026-03-24 15:45:00-04:00,0.7014999985694885,0.7023000121116638,0.6970000267028809,0.7017999887466431,34459,0.0,0.0
2026-03-24 15:50:00-04:00,0.7031999826431274,0.7039999961853027,0.699999988079071,0.7038000226020813,133694,0.0,0.0
2026-03-24 15:55:00-04:00,0.704800009727478,0.7049999833106995,0.6995000243186951,0.6998000144958496,152347,0.0,0.0
2026-03-25 09:30:00-04:00,0.7091000080108643,0.7200000286102295,0.70169997215271,0.7020000219345093,172775,0.0,0.0
2026-03-25 09:35:00-04:00,0.7148000001907349,0.7184000015258789,0.7021999955177307,0.7099999785423279,28548,0.0,0.0
2026-03-25 09:40:00-04:00,0.7092999815940857,0.7143999934196472,0.7002000212669373,0.704800009727478,52172,0.0,0.0
2026-03-25 09:45:00-04:00,0.7017999887466431,0.7026000022888184,0.6952000260353088,0.696399986743927,316541,0.0,0.0
2026-03-25 09:50:00-04:00,0.696399986743927,0.699999988079071,0.6934999823570251,0.6959999799728394,118072,0.0,0.0
2026-03-25 09:55:00-04:00,0.6959999799728394,0.704800009727478,0.6945000290870667,0.699400007724762,88223,0.0,0.0
2026-03-25 10:00:00-04:00,0.6998999714851379,0.704800009727478,0.6998999714851379,0.704800009727478,19507,0.0,0.0
2026-03-25 10:05:00-04:00,0.7037000060081482,0.7060999870300293,0.7020999789237976,0.703000009059906,14428,0.0,0.0
2026-03-25 10:10:00-04:00,0.7044000029563904,0.7059999704360962,0.703000009059906,0.7059000134468079,6831,0.0,0.0
2026-03-25 10:15:00-04:00,0.7026000022888184,0.7059999704360962,0.6984999775886536,0.6984999775886536,90741,0.0,0.0
2026-03-25 10:20:00-04:00,0.6995999813079834,0.7023000121116638,0.6984999775886536,0.7010999917984009,21258,0.0,0.0
2026-03-25 10:25:00-04:00,0.6988999843597412,0.7006000280380249,0.6988999843597412,0.7003999948501587,6666,0.0,0.0
2026-03-25 10:30:00-04:00,0.6998999714851379,0.7009999752044678,0.6984999775886536,0.7009999752044678,17610,0.0,0.0
2026-03-25 10:35:00-04:00,0.7020000219345093,0.7020000219345093,0.7013999819755554,0.7014999985694885,22942,0.0,0.0
2026-03-25 10:40:00-04:00,0.70169997215271,0.70169997215271,0.6988000273704529,0.6995000243186951,13540,0.0,0.0
2026-03-25 10:45:00-04:00,0.6985999941825867,0.6995999813079834,0.6930999755859375,0.6930999755859375,47287,0.0,0.0
2026-03-25 10:50:00-04:00,0.6904000043869019,0.6962000131607056,0.6904000043869019,0.6962000131607056,94070,0.0,0.0
2026-03-25 10:55:00-04:00,0.6958000063896179,0.6969000101089478,0.6948000192642212,0.6969000101089478,39859,0.0,0.0
2026-03-25 11:00:00-04:00,0.6969000101089478,0.6980000138282776,0.6949999928474426,0.6960999965667725,38598,0.0,0.0
2026-03-25 11:05:00-04:00,0.6920999884605408,0.6930999755859375,0.6912000179290771,0.6912000179290771,56041,0.0,0.0
2026-03-25 11:10:00-04:00,0.6920999884605408,0.6920999884605408,0.685699999332428,0.685699999332428,59553,0.0,0.0
2026-03-25 11:15:00-04:00,0.6869999766349792,0.6873000264167786,0.6805999875068665,0.6855000257492065,62074,0.0,0.0
2026-03-25 11:20:00-04:00,0.6844000220298767,0.685699999332428,0.6815000176429749,0.685699999332428,36278,0.0,0.0
2026-03-25 11:25:00-04:00,0.6841999888420105,0.6858999729156494,0.6826000213623047,0.685699999332428,70873,0.0,0.0
2026-03-25 11:30:00-04:00,0.6858999729156494,0.6912999749183655,0.6850000023841858,0.6909999847412109,80772,0.0,0.0
2026-03-25 11:35:00-04:00,0.6901999711990356,0.690500020980835,0.6898999810218811,0.6899999976158142,34885,0.0,0.0
2026-03-25 11:40:00-04:00,0.6899999976158142,0.6902999877929688,0.6899999976158142,0.6902999877929688,20811,0.0,0.0
2026-03-25 11:45:00-04:00,0.6906999945640564,0.6980999708175659,0.690500020980835,0.6948000192642212,70012,0.0,0.0
2026-03-25 11:50:00-04:00,0.6952000260353088,0.6974999904632568,0.6948000192642212,0.6955000162124634,51304,0.0,0.0
2026-03-25 11:55:00-04:00,0.6959999799728394,0.6959999799728394,0.6956999897956848,0.6956999897956848,5804,0.0,0.0
2026-03-25 12:00:00-04:00,0.6953999996185303,0.6955000162124634,0.6935999989509583,0.6935999989509583,67245,0.0,0.0
2026-03-25 12:05:00-04:00,0.6935999989509583,0.6935999989509583,0.6861000061035156,0.6906999945640564,35481,0.0,0.0
2026-03-25 12:10:00-04:00,0.6904000043869019,0.6908000111579895,0.6894999742507935,0.6901999711990356,20994,0.0,0.0
2026-03-25 12:15:00-04:00,0.6901000142097473,0.6901000142097473,0.6890000104904175,0.6891999840736389,8587,0.0,0.0
2026-03-25 12:20:00-04:00,0.689300000667572,0.6899999976158142,0.6812000274658203,0.6899999976158142,30183,0.0,0.0
2026-03-25 12:25:00-04:00,0.6913999915122986,0.6944000124931335,0.690500020980835,0.6930000185966492,32783,0.0,0.0
2026-03-25 12:30:00-04:00,0.6901999711990356,0.6933000087738037,0.6883999705314636,0.6902999877929688,4176,0.0,0.0
2026-03-25 12:35:00-04:00,0.689300000667572,0.689300000667572,0.6858000159263611,0.6879000067710876,25557,0.0,0.0
2026-03-25 12:40:00-04:00,0.6879000067710876,0.6895999908447266,0.6869999766349792,0.6895999908447266,24931,0.0,0.0
2026-03-25 12:45:00-04:00,0.6898999810218811,0.6898999810218811,0.6897000074386597,0.6897000074386597,15278,0.0,0.0
2026-03-25 12:50:00-04:00,0.6897000074386597,0.6901999711990356,0.6891000270843506,0.6901999711990356,10515,0.0,0.0
2026-03-25 12:55:00-04:00,0.6894999742507935,0.6937000155448914,0.6894999742507935,0.6927000284194946,28998,0.0,0.0
2026-03-25 13:00:00-04:00,0.6915000081062317,0.6919000148773193,0.6894999742507935,0.6894999742507935,5796,0.0,0.0
2026-03-25 13:05:00-04:00,0.6894999742507935,0.6894999742507935,0.6873000264167786,0.6873000264167786,10436,0.0,0.0
2026-03-25 13:10:00-04:00,0.6876000165939331,0.6877999901771545,0.6873000264167786,0.6873000264167786,7214,0.0,0.0
2026-03-25 13:15:00-04:00,0.6866000294685364,0.6866000294685364,0.6801000237464905,0.682699978351593,9186,0.0,0.0
2026-03-25 13:20:00-04:00,0.6834999918937683,0.6834999918937683,0.6801000237464905,0.6829000115394592,6447,0.0,0.0
2026-03-25 13:25:00-04:00,0.6827999949455261,0.6850000023841858,0.6827999949455261,0.6850000023841858,2859,0.0,0.0
2026-03-25 13:30:00-04:00,0.6837000250816345,0.6850000023841858,0.6837000250816345,0.6850000023841858,2887,0.0,0.0
2026-03-25 13:35:00-04:00,0.6850000023841858,0.685699999332428,0.6837000250816345,0.6837999820709229,7537,0.0,0.0
2026-03-25 13:40:00-04:00,0.6850000023841858,0.6851000189781189,0.6840999722480774,0.6840999722480774,1479,0.0,0.0
2026-03-25 13:45:00-04:00,0.6851000189781189,0.6851000189781189,0.6837000250816345,0.6837000250816345,9710,0.0,0.0
2026-03-25 13:50:00-04:00,0.6843000054359436,0.6845999956130981,0.6825000047683716,0.6832000017166138,4382,0.0,0.0
2026-03-25 13:55:00-04:00,0.6819000244140625,0.682200014591217,0.6818000078201294,0.6818000078201294,8057,0.0,0.0
2026-03-25 14:00:00-04:00,0.6830999851226807,0.6832000017166138,0.6800000071525574,0.6807000041007996,11460,0.0,0.0
2026-03-25 14:05:00-04:00,0.6804999709129333,0.6805999875068665,0.671500027179718,0.6735000014305115,71529,0.0,0.0
2026-03-25 14:10:00-04:00,0.6743000149726868,0.675000011920929,0.6700000166893005,0.673799991607666,116920,0.0,0.0
2026-03-25 14:15:00-04:00,0.671999990940094,0.6739000082015991,0.6700000166893005,0.6700999736785889,91109,0.0,0.0
2026-03-25 14:20:00-04:00,0.6700000166893005,0.6740000247955322,0.6700000166893005,0.67330002784729,40424,0.0,0.0
2026-03-25 14:25:00-04:00,0.6733999848365784,0.6744999885559082,0.6733999848365784,0.6744999885559082,20432,0.0,0.0
2026-03-25 14:30:00-04:00,0.6744999885559082,0.675000011920929,0.6744999885559082,0.6747999787330627,6618,0.0,0.0
2026-03-25 14:35:00-04:00,0.6744999885559082,0.675000011920929,0.6736999750137329,0.673799991607666,13315,0.0,0.0
2026-03-25 14:40:00-04:00,0.673799991607666,0.6740999817848206,0.6700000166893005,0.670799970626831,19904,0.0,0.0
2026-03-25 14:45:00-04:00,0.670799970626831,0.670799970626831,0.6675999760627747,0.6687999963760376,71567,0.0,0.0
2026-03-25 14:50:00-04:00,0.6686999797821045,0.6686999797821045,0.6679999828338623,0.6686000227928162,25314,0.0,0.0
2026-03-25 14:55:00-04:00,0.6685000061988831,0.6694999933242798,0.667900025844574,0.667900025844574,28059,0.0,0.0
2026-03-25 15:00:00-04:00,0.6653000116348267,0.6697999835014343,0.6653000116348267,0.6687999963760376,39676,0.0,0.0
2026-03-25 15:05:00-04:00,0.6700000166893005,0.6700000166893005,0.6682000160217285,0.6690000295639038,10507,0.0,0.0
2026-03-25 15:10:00-04:00,0.6690000295639038,0.6699000000953674,0.6682000160217285,0.6690000295639038,20758,0.0,0.0
2026-03-25 15:15:00-04:00,0.6699000000953674,0.670199990272522,0.6693000197410583,0.6700000166893005,16525,0.0,0.0
2026-03-25 15:20:00-04:00,0.6700000166893005,0.6736000180244446,0.6696000099182129,0.6729999780654907,34637,0.0,0.0
2026-03-25 15:25:00-04:00,0.6729999780654907,0.6733999848365784,0.6711999773979187,0.6721000075340271,12926,0.0,0.0
2026-03-25 15:30:00-04:00,0.6700000166893005,0.6717000007629395,0.6700000166893005,0.670799970626831,6487,0.0,0.0
2026-03-25 15:35:00-04:00,0.6707000136375427,0.6707000136375427,0.6700000166893005,0.6703000068664551,10973,0.0,0.0
2026-03-25 15:40:00-04:00,0.6705999970436096,0.6705999970436096,0.6682999730110168,0.6682999730110168,26704,0.0,0.0
2026-03-25 15:45:00-04:00,0.6682000160217285,0.6682000160217285,0.6679999828338623,0.6679999828338623,37579,0.0,0.0
2026-03-25 15:50:00-04:00,0.6680999994277954,0.670799970626831,0.6679999828338623,0.6704999804496765,61999,0.0,0.0
2026-03-25 15:55:00-04:00,0.670799970626831,0.6863999962806702,0.6704999804496765,0.6863999962806702,153268,0.0,0.0
2026-03-26 09:30:00-04:00,0.6783999800682068,0.6783999800682068,0.6513000130653381,0.6513000130653381,129022,0.0,0.0
2026-03-26 09:35:00-04:00,0.6513000130653381,0.6521000266075134,0.6425999999046326,0.6425999999046326,168334,0.0,0.0
2026-03-26 09:40:00-04:00,0.6455000042915344,0.6456000208854675,0.620199978351593,0.6211000084877014,199071,0.0,0.0
2026-03-26 09:45:00-04:00,0.6211000084877014,0.6335999965667725,0.6205999851226807,0.6299999952316284,151426,0.0,0.0
2026-03-26 09:50:00-04:00,0.6251000165939331,0.6330999732017517,0.6211000084877014,0.6328999996185303,119990,0.0,0.0
2026-03-26 09:55:00-04:00,0.6334999799728394,0.6399999856948853,0.6299999952316284,0.6399999856948853,70557,0.0,0.0
2026-03-26 10:00:00-04:00,0.6399999856948853,0.6499999761581421,0.6399999856948853,0.6464999914169312,133849,0.0,0.0
2026-03-26 10:05:00-04:00,0.6460000276565552,0.6485000252723694,0.6335999965667725,0.6335999965667725,49545,0.0,0.0
2026-03-26 10:10:00-04:00,0.6355000138282776,0.6373000144958496,0.6183000206947327,0.6191999912261963,242379,0.0,0.0
2026-03-26 10:15:00-04:00,0.6219000220298767,0.6323999762535095,0.6205000281333923,0.6244999766349792,63156,0.0,0.0
2026-03-26 10:20:00-04:00,0.6216999888420105,0.6266000270843506,0.6202999949455261,0.6202999949455261,81431,0.0,0.0
2026-03-26 10:25:00-04:00,0.6197999715805054,0.633400022983551,0.6152999997138977,0.6299999952316284,66256,0.0,0.0
2026-03-26 10:30:00-04:00,0.6265000104904175,0.6341000199317932,0.625,0.6274999976158142,37701,0.0,0.0
2026-03-26 10:35:00-04:00,0.6340000033378601,0.6341000199317932,0.6230000257492065,0.6247000098228455,19463,0.0,0.0
2026-03-26 10:40:00-04:00,0.6233000159263611,0.6251999735832214,0.6187999844551086,0.6194999814033508,47002,0.0,0.0
2026-03-26 10:45:00-04:00,0.6197999715805054,0.6208999752998352,0.6180999875068665,0.6183000206947327,40811,0.0,0.0
2026-03-26 10:50:00-04:00,0.6187000274658203,0.6194999814033508,0.6164000034332275,0.6189000010490417,38031,0.0,0.0
2026-03-26 10:55:00-04:00,0.6187999844551086,0.6255999803543091,0.6186000108718872,0.6255000233650208,98905,0.0,0.0
2026-03-26 11:00:00-04:00,0.6255000233650208,0.6294999718666077,0.6200000047683716,0.6200000047683716,24985,0.0,0.0
2026-03-26 11:05:00-04:00,0.6187999844551086,0.6220999956130981,0.6164000034332275,0.619700014591217,29054,0.0,0.0
2026-03-26 11:10:00-04:00,0.6175000071525574,0.6205999851226807,0.6110000014305115,0.6205999851226807,109618,0.0,0.0
2026-03-26 11:15:00-04:00,0.6216999888420105,0.6248000264167786,0.6152999997138977,0.6154999732971191,99139,0.0,0.0
2026-03-26 11:20:00-04:00,0.6166999936103821,0.6200000047683716,0.6151000261306763,0.6191999912261963,40985,0.0,0.0
2026-03-26 11:25:00-04:00,0.6198999881744385,0.6223999857902527,0.6198999881744385,0.6208000183105469,22263,0.0,0.0
2026-03-26 11:30:00-04:00,0.6208000183105469,0.623199999332428,0.6208000183105469,0.623199999332428,127753,0.0,0.0
2026-03-26 11:35:00-04:00,0.6244999766349792,0.6333000063896179,0.6237999796867371,0.6308000087738037,31290,0.0,0.0
2026-03-26 11:40:00-04:00,0.6294000148773193,0.6333000063896179,0.6270999908447266,0.6270999908447266,44908,0.0,0.0
2026-03-26 11:45:00-04:00,0.6258000135421753,0.6284999847412109,0.6256999969482422,0.6276000142097473,15405,0.0,0.0
2026-03-26 11:50:00-04:00,0.6274999976158142,0.6276000142097473,0.6200000047683716,0.6263999938964844,69925,0.0,0.0
2026-03-26 11:55:00-04:00,0.6263999938964844,0.6266000270843506,0.6241999864578247,0.6241999864578247,63014,0.0,0.0
2026-03-26 12:00:00-04:00,0.6241999864578247,0.6241999864578247,0.6241999864578247,0.6241999864578247,20355,0.0,0.0
2026-03-26 12:05:00-04:00,0.6241999864578247,0.6266999840736389,0.6241000294685364,0.6266000270843506,96408,0.0,0.0
2026-03-26 12:10:00-04:00,0.6266999840736389,0.6287999749183655,0.6237000226974487,0.6287999749183655,81806,0.0,0.0
2026-03-26 12:15:00-04:00,0.6287999749183655,0.6298999786376953,0.6230000257492065,0.6244000196456909,44371,0.0,0.0
2026-03-26 12:20:00-04:00,0.6256999969482422,0.6256999969482422,0.6201000213623047,0.6219000220298767,19489,0.0,0.0
2026-03-26 12:25:00-04:00,0.6225000023841858,0.6254000067710876,0.6202999949455261,0.6204000115394592,45797,0.0,0.0
2026-03-26 12:30:00-04:00,0.6226999759674072,0.6226999759674072,0.6151000261306763,0.6151000261306763,293135,0.0,0.0
2026-03-26 12:35:00-04:00,0.6154999732971191,0.6161999702453613,0.6151000261306763,0.6151000261306763,189169,0.0,0.0
2026-03-26 12:40:00-04:00,0.6151000261306763,0.6200000047683716,0.6150000095367432,0.6172999739646912,354316,0.0,0.0
2026-03-26 12:45:00-04:00,0.6172999739646912,0.6237999796867371,0.6172999739646912,0.6184999942779541,68579,0.0,0.0
2026-03-26 12:50:00-04:00,0.6187000274658203,0.619700014591217,0.6172000169754028,0.6172999739646912,17921,0.0,0.0
2026-03-26 12:55:00-04:00,0.6172999739646912,0.621999979019165,0.6172999739646912,0.621399998664856,35373,0.0,0.0
2026-03-26 13:00:00-04:00,0.6212999820709229,0.623199999332428,0.6212999820709229,0.623199999332428,30873,0.0,0.0
2026-03-26 13:05:00-04:00,0.623199999332428,0.6240000128746033,0.6207000017166138,0.6240000128746033,15223,0.0,0.0
2026-03-26 13:10:00-04:00,0.6234999895095825,0.6247000098228455,0.6201000213623047,0.6201000213623047,6613,0.0,0.0
2026-03-26 13:15:00-04:00,0.6204000115394592,0.6212000250816345,0.6201000213623047,0.6212000250816345,41634,0.0,0.0
2026-03-26 13:20:00-04:00,0.6218000054359436,0.6218000054359436,0.6212999820709229,0.6212999820709229,18697,0.0,0.0
2026-03-26 13:25:00-04:00,0.6212999820709229,0.6212999820709229,0.6172000169754028,0.6172999739646912,27220,0.0,0.0
2026-03-26 13:30:00-04:00,0.6172999739646912,0.6229000091552734,0.6172999739646912,0.6227999925613403,19284,0.0,0.0
2026-03-26 13:35:00-04:00,0.6229000091552734,0.6229000091552734,0.6215999722480774,0.6215999722480774,3059,0.0,0.0
2026-03-26 13:40:00-04:00,0.6215999722480774,0.6269000172615051,0.6215999722480774,0.6216999888420105,26405,0.0,0.0
2026-03-26 13:45:00-04:00,0.6215999722480774,0.6215999722480774,0.6200000047683716,0.6201000213623047,7699,0.0,0.0
2026-03-26 13:50:00-04:00,0.6200000047683716,0.6200000047683716,0.6175000071525574,0.6176000237464905,6486,0.0,0.0
2026-03-26 13:55:00-04:00,0.6176000237464905,0.6176000237464905,0.6175000071525574,0.6175000071525574,10810,0.0,0.0
2026-03-26 14:00:00-04:00,0.6175000071525574,0.6208000183105469,0.6151000261306763,0.6159999966621399,30034,0.0,0.0
2026-03-26 14:05:00-04:00,0.6150000095367432,0.6162999868392944,0.6110000014305115,0.6136999726295471,104126,0.0,0.0
2026-03-26 14:10:00-04:00,0.612500011920929,0.6151999831199646,0.612500011920929,0.6133999824523926,39769,0.0,0.0
2026-03-26 14:15:00-04:00,0.6133000254631042,0.6136000156402588,0.613099992275238,0.613099992275238,14192,0.0,0.0
2026-03-26 14:20:00-04:00,0.613099992275238,0.6151000261306763,0.613099992275238,0.6150000095367432,60894,0.0,0.0
2026-03-26 14:25:00-04:00,0.6151000261306763,0.6162999868392944,0.6144999861717224,0.6146000027656555,41181,0.0,0.0
2026-03-26 14:30:00-04:00,0.6144999861717224,0.6184999942779541,0.6144999861717224,0.6144999861717224,41726,0.0,0.0
2026-03-26 14:35:00-04:00,0.6146000027656555,0.6146000027656555,0.6133000254631042,0.614300012588501,69722,0.0,0.0
2026-03-26 14:40:00-04:00,0.6144000291824341,0.6190000176429749,0.6144000291824341,0.614799976348877,93658,0.0,0.0
2026-03-26 14:45:00-04:00,0.6150000095367432,0.6172999739646912,0.6133000254631042,0.6172999739646912,50706,0.0,0.0
2026-03-26 14:50:00-04:00,0.6172999739646912,0.6251999735832214,0.616100013256073,0.6212000250816345,21392,0.0,0.0
2026-03-26 14:55:00-04:00,0.6186000108718872,0.619700014591217,0.6177999973297119,0.6183000206947327,18338,0.0,0.0
2026-03-26 15:00:00-04:00,0.6182000041007996,0.6211000084877014,0.6171000003814697,0.6202999949455261,33247,0.0,0.0
2026-03-26 15:05:00-04:00,0.6202999949455261,0.6212000250816345,0.6173999905586243,0.6173999905586243,40635,0.0,0.0
2026-03-26 15:10:00-04:00,0.6172999739646912,0.6173999905586243,0.6161999702453613,0.6166999936103821,12218,0.0,0.0
2026-03-26 15:15:00-04:00,0.6166999936103821,0.6182000041007996,0.6166999936103821,0.6176000237464905,25449,0.0,0.0
2026-03-26 15:20:00-04:00,0.6176000237464905,0.617900013923645,0.6166999936103821,0.6166999936103821,26973,0.0,0.0
2026-03-26 15:25:00-04:00,0.6166999936103821,0.6166999936103821,0.616599977016449,0.6166999936103821,16271,0.0,0.0
2026-03-26 15:30:00-04:00,0.616599977016449,0.616599977016449,0.6140000224113464,0.6140999794006348,28117,0.0,0.0
2026-03-26 15:35:00-04:00,0.6140999794006348,0.6140999794006348,0.6100000143051147,0.6100000143051147,308898,0.0,0.0
2026-03-26 15:40:00-04:00,0.6100999712944031,0.6100999712944031,0.6025000214576721,0.6079000234603882,347941,0.0,0.0
2026-03-26 15:45:00-04:00,0.6098999977111816,0.6100000143051147,0.6087999939918518,0.6089000105857849,58003,0.0,0.0
2026-03-26 15:50:00-04:00,0.6087999939918518,0.6089000105857849,0.6031000018119812,0.6064000129699707,123584,0.0,0.0
2026-03-26 15:55:00-04:00,0.6061999797821045,0.6172999739646912,0.6061999797821045,0.6133999824523926,149851,0.0,0.0
2026-03-27 09:30:00-04:00,0.6100000143051147,0.6162999868392944,0.5950000286102295,0.5972999930381775,325412,0.0,0.0
2026-03-27 09:35:00-04:00,0.5972999930381775,0.6025000214576721,0.5849999785423279,0.592199981212616,211181,0.0,0.0
2026-03-27 09:40:00-04:00,0.592199981212616,0.5942999720573425,0.5852000117301941,0.5860999822616577,15607,0.0,0.0
2026-03-27 09:45:00-04:00,0.5891000032424927,0.5950000286102295,0.5863999724388123,0.5873000025749207,28294,0.0,0.0
2026-03-27 09:50:00-04:00,0.5871000289916992,0.5871000289916992,0.5810999870300293,0.5824000239372253,28880,0.0,0.0
2026-03-27 09:55:00-04:00,0.5812000036239624,0.5861999988555908,0.5812000036239624,0.5861999988555908,84226,0.0,0.0
2026-03-27 10:00:00-04:00,0.5857999920845032,0.5909000039100647,0.5845000147819519,0.5909000039100647,10728,0.0,0.0
2026-03-27 10:05:00-04:00,0.5911999940872192,0.5964000225067139,0.5910999774932861,0.5911999940872192,24441,0.0,0.0
2026-03-27 10:10:00-04:00,0.5928000211715698,0.5945000052452087,0.5913000106811523,0.593500018119812,21864,0.0,0.0
2026-03-27 10:15:00-04:00,0.5918999910354614,0.597100019454956,0.5917999744415283,0.5942999720573425,82398,0.0,0.0
2026-03-27 10:20:00-04:00,0.5943999886512756,0.5943999886512756,0.5856000185012817,0.5877000093460083,26027,0.0,0.0
2026-03-27 10:25:00-04:00,0.5877000093460083,0.589900016784668,0.5853000283241272,0.5860999822616577,21407,0.0,0.0
2026-03-27 10:30:00-04:00,0.5860000252723694,0.5914000272750854,0.5860000252723694,0.5914000272750854,14964,0.0,0.0
2026-03-27 10:35:00-04:00,0.5939000248908997,0.5946999788284302,0.5895000100135803,0.5895000100135803,17122,0.0,0.0
2026-03-27 10:40:00-04:00,0.5916000008583069,0.5916000008583069,0.5852000117301941,0.5856999754905701,50387,0.0,0.0
2026-03-27 10:45:00-04:00,0.5867999792098999,0.5871999859809875,0.5863000154495239,0.5871999859809875,23506,0.0,0.0
2026-03-27 10:50:00-04:00,0.5863000154495239,0.5899999737739563,0.5863000154495239,0.5879999995231628,16744,0.0,0.0
2026-03-27 10:55:00-04:00,0.5873000025749207,0.5885000228881836,0.5861999988555908,0.586899995803833,22236,0.0,0.0
2026-03-27 11:00:00-04:00,0.588699996471405,0.593999981880188,0.5874999761581421,0.593999981880188,111291,0.0,0.0
2026-03-27 11:05:00-04:00,0.593500018119812,0.5939000248908997,0.5899999737739563,0.5914999842643738,20916,0.0,0.0
2026-03-27 11:10:00-04:00,0.5920000076293945,0.5920000076293945,0.5900999903678894,0.5914999842643738,116997,0.0,0.0
2026-03-27 11:15:00-04:00,0.5917999744415283,0.5917999744415283,0.5863000154495239,0.5875999927520752,23165,0.0,0.0
2026-03-27 11:20:00-04:00,0.5874000191688538,0.5942999720573425,0.5871000289916992,0.593500018119812,34301,0.0,0.0
2026-03-27 11:25:00-04:00,0.593500018119812,0.5985000133514404,0.593500018119812,0.5985000133514404,43999,0.0,0.0
2026-03-27 11:30:00-04:00,0.5981000065803528,0.6000000238418579,0.5950999855995178,0.5996000170707703,42867,0.0,0.0
2026-03-27 11:35:00-04:00,0.5996999740600586,0.6064000129699707,0.5960999727249146,0.5960999727249146,33748,0.0,0.0
2026-03-27 11:40:00-04:00,0.5985000133514404,0.6015999913215637,0.5964999794960022,0.5995000004768372,17377,0.0,0.0
2026-03-27 11:45:00-04:00,0.5979999899864197,0.6008999943733215,0.5979999899864197,0.6000999808311462,22596,0.0,0.0
2026-03-27 11:50:00-04:00,0.6022999882698059,0.6026999950408936,0.6022999882698059,0.6026999950408936,6376,0.0,0.0
2026-03-27 11:55:00-04:00,0.6032999753952026,0.6039999723434448,0.6032999753952026,0.6035000085830688,9519,0.0,0.0
2026-03-27 12:00:00-04:00,0.6035000085830688,0.6035000085830688,0.6000999808311462,0.6011000275611877,7659,0.0,0.0
2026-03-27 12:05:00-04:00,0.6021000146865845,0.6021999716758728,0.6000999808311462,0.6000999808311462,6202,0.0,0.0
2026-03-27 12:10:00-04:00,0.6000999808311462,0.6000999808311462,0.6000000238418579,0.6000999808311462,3156,0.0,0.0
2026-03-27 12:15:00-04:00,0.6000000238418579,0.6000000238418579,0.5972999930381775,0.5972999930381775,10507,0.0,0.0
2026-03-27 12:20:00-04:00,0.5972999930381775,0.5972999930381775,0.5934000015258789,0.5942000150680542,12196,0.0,0.0
2026-03-27 12:25:00-04:00,0.5938000082969666,0.593999981880188,0.5936999917030334,0.5936999917030334,6325,0.0,0.0
2026-03-27 12:30:00-04:00,0.593999981880188,0.595300018787384,0.593999981880188,0.5946999788284302,11139,0.0,0.0
2026-03-27 12:35:00-04:00,0.5956000089645386,0.5956000089645386,0.5949000120162964,0.5949000120162964,8351,0.0,0.0
2026-03-27 12:40:00-04:00,0.5942000150680542,0.5947999954223633,0.590399980545044,0.5928000211715698,38186,0.0,0.0
2026-03-27 12:45:00-04:00,0.5929999947547913,0.5964000225067139,0.5928999781608582,0.5964000225067139,20282,0.0,0.0
2026-03-27 12:50:00-04:00,0.5954999923706055,0.5954999923706055,0.5902000069618225,0.5902000069618225,5291,0.0,0.0
2026-03-27 12:55:00-04:00,0.5921000242233276,0.595300018787384,0.5921000242233276,0.595300018787384,26981,0.0,0.0
2026-03-27 13:00:00-04:00,0.5940999984741211,0.5953999757766724,0.5910000205039978,0.5910000205039978,10782,0.0,0.0
2026-03-27 13:05:00-04:00,0.5910999774932861,0.5934000015258789,0.5910999774932861,0.5929999947547913,4716,0.0,0.0
2026-03-27 13:10:00-04:00,0.5927000045776367,0.5927000045776367,0.5914999842643738,0.5914999842643738,885,0.0,0.0
2026-03-27 13:15:00-04:00,0.5914000272750854,0.593999981880188,0.5914000272750854,0.5914000272750854,11943,0.0,0.0
2026-03-27 13:20:00-04:00,0.5914000272750854,0.5932000279426575,0.590499997138977,0.5932000279426575,13089,0.0,0.0
2026-03-27 13:25:00-04:00,0.5939000248908997,0.5939000248908997,0.5914000272750854,0.5914000272750854,12962,0.0,0.0
2026-03-27 13:30:00-04:00,0.5914000272750854,0.5914000272750854,0.5913000106811523,0.5914000272750854,896,0.0,0.0
2026-03-27 13:35:00-04:00,0.5914000272750854,0.5914000272750854,0.5913000106811523,0.5914000272750854,3415,0.0,0.0
2026-03-27 13:40:00-04:00,0.5913000106811523,0.5914000272750854,0.5899999737739563,0.5900999903678894,6046,0.0,0.0
2026-03-27 13:45:00-04:00,0.5899999737739563,0.5899999737739563,0.5870000123977661,0.5871000289916992,22939,0.0,0.0
2026-03-27 13:50:00-04:00,0.5871000289916992,0.5871000289916992,0.5870000123977661,0.5871000289916992,2852,0.0,0.0
2026-03-27 13:55:00-04:00,0.5874000191688538,0.5899999737739563,0.5871000289916992,0.588699996471405,9526,0.0,0.0
2026-03-27 14:00:00-04:00,0.5885999798774719,0.5899999737739563,0.5874000191688538,0.5879999995231628,7489,0.0,0.0
2026-03-27 14:05:00-04:00,0.5879999995231628,0.5891000032424927,0.5878999829292297,0.5891000032424927,13899,0.0,0.0
2026-03-27 14:10:00-04:00,0.5881999731063843,0.5881999731063843,0.588100016117096,0.5881999731063843,16547,0.0,0.0
2026-03-27 14:15:00-04:00,0.588100016117096,0.5927000045776367,0.588100016117096,0.5927000045776367,29861,0.0,0.0
2026-03-27 14:20:00-04:00,0.5914000272750854,0.5938000082969666,0.5913000106811523,0.5922999978065491,18885,0.0,0.0
2026-03-27 14:25:00-04:00,0.5922999978065491,0.5922999978065491,0.592199981212616,0.5922999978065491,38288,0.0,0.0
2026-03-27 14:30:00-04:00,0.5922999978065491,0.595300018787384,0.5882999897003174,0.5902000069618225,100500,0.0,0.0
2026-03-27 14:35:00-04:00,0.5914000272750854,0.5914000272750854,0.5870000123977661,0.5900999903678894,32625,0.0,0.0
2026-03-27 14:40:00-04:00,0.5892999768257141,0.5902000069618225,0.5892000198364258,0.5892999768257141,51724,0.0,0.0
2026-03-27 14:45:00-04:00,0.5892999768257141,0.5892999768257141,0.5892000198364258,0.5892000198364258,3889,0.0,0.0
2026-03-27 14:50:00-04:00,0.5871000289916992,0.5871000289916992,0.5860000252723694,0.5860000252723694,17300,0.0,0.0
2026-03-27 14:55:00-04:00,0.5860000252723694,0.5860999822616577,0.5834000110626221,0.5834000110626221,45038,0.0,0.0
2026-03-27 15:00:00-04:00,0.5845000147819519,0.5845000147819519,0.5835000276565552,0.5835999846458435,11761,0.0,0.0
2026-03-27 15:05:00-04:00,0.5835000276565552,0.5835999846458435,0.5820000171661377,0.582099974155426,14914,0.0,0.0
2026-03-27 15:10:00-04:00,0.582099974155426,0.582099974155426,0.5799999833106995,0.5800999999046326,81525,0.0,0.0
2026-03-27 15:15:00-04:00,0.580299973487854,0.5831999778747559,0.5800999999046326,0.5831999778747559,50325,0.0,0.0
2026-03-27 15:20:00-04:00,0.5813999772071838,0.5831999778747559,0.5813999772071838,0.5831999778747559,58026,0.0,0.0
2026-03-27 15:25:00-04:00,0.5831999778747559,0.5837000012397766,0.5831999778747559,0.5837000012397766,33061,0.0,0.0
2026-03-27 15:30:00-04:00,0.5837000012397766,0.5838000178337097,0.5835999846458435,0.5837000012397766,29560,0.0,0.0
2026-03-27 15:35:00-04:00,0.5837000012397766,0.5838000178337097,0.5837000012397766,0.5837000012397766,58063,0.0,0.0
2026-03-27 15:40:00-04:00,0.5837000012397766,0.5837000012397766,0.5824000239372253,0.5824999809265137,26240,0.0,0.0
2026-03-27 15:45:00-04:00,0.5824000239372253,0.5824000239372253,0.5799999833106995,0.5799999833106995,97446,0.0,0.0
2026-03-27 15:50:00-04:00,0.5800999999046326,0.5857999920845032,0.5799999833106995,0.5848000049591064,287036,0.0,0.0
2026-03-27 15:55:00-04:00,0.5848000049591064,0.5857999920845032,0.5799999833106995,0.5806999802589417,171001,0.0,0.0
2026-03-30 09:30:00-04:00,0.6000000238418579,0.6050000190734863,0.5945000052452087,0.6025999784469604,181656,0.0,0.0
2026-03-30 09:35:00-04:00,0.6050000190734863,0.6050000190734863,0.5884000062942505,0.5884000062942505,123479,0.0,0.0
2026-03-30 09:40:00-04:00,0.5885000228881836,0.5885000228881836,0.5699999928474426,0.5720000267028809,86288,0.0,0.0
2026-03-30 09:45:00-04:00,0.5723999738693237,0.5746999979019165,0.5702000260353088,0.5723000168800354,45719,0.0,0.0
2026-03-30 09:50:00-04:00,0.5723000168800354,0.5796999931335449,0.5702000260353088,0.5796999931335449,109043,0.0,0.0
2026-03-30 09:55:00-04:00,0.5796999931335449,0.5796999931335449,0.5662000179290771,0.5773000121116638,45286,0.0,0.0
2026-03-30 10:00:00-04:00,0.5723000168800354,0.5875999927520752,0.5723000168800354,0.5875999927520752,18091,0.0,0.0
2026-03-30 10:05:00-04:00,0.5838000178337097,0.5888000130653381,0.5838000178337097,0.5863999724388123,39929,0.0,0.0
2026-03-30 10:10:00-04:00,0.5860000252723694,0.5860000252723694,0.5802000164985657,0.5838000178337097,18393,0.0,0.0
2026-03-30 10:15:00-04:00,0.5841000080108643,0.5870000123977661,0.5802000164985657,0.5828999876976013,27668,0.0,0.0
2026-03-30 10:20:00-04:00,0.5827000141143799,0.5860000252723694,0.5809000134468079,0.5856000185012817,12431,0.0,0.0
2026-03-30 10:25:00-04:00,0.5885000228881836,0.5889999866485596,0.5799999833106995,0.582099974155426,37112,0.0,0.0
2026-03-30 10:30:00-04:00,0.5810999870300293,0.585099995136261,0.5751000046730042,0.5751000046730042,16496,0.0,0.0
2026-03-30 10:35:00-04:00,0.5781000256538391,0.5812000036239624,0.5702999830245972,0.5723000168800354,14420,0.0,0.0
2026-03-30 10:40:00-04:00,0.5760999917984009,0.5760999917984009,0.5706999897956848,0.5712000131607056,31681,0.0,0.0
2026-03-30 10:45:00-04:00,0.5710999965667725,0.5710999965667725,0.5673999786376953,0.5709999799728394,51604,0.0,0.0
2026-03-30 10:50:00-04:00,0.5701000094413757,0.5709999799728394,0.569100022315979,0.5701000094413757,36600,0.0,0.0
2026-03-30 10:55:00-04:00,0.570900022983551,0.5828999876976013,0.570900022983551,0.5799000263214111,25782,0.0,0.0
2026-03-30 11:00:00-04:00,0.5774000287055969,0.5860000252723694,0.5774000287055969,0.5853000283241272,35862,0.0,0.0
2026-03-30 11:05:00-04:00,0.5860000252723694,0.5874999761581421,0.5813000202178955,0.5813999772071838,24739,0.0,0.0
2026-03-30 11:10:00-04:00,0.5813000202178955,0.5821999907493591,0.5788000226020813,0.5791000127792358,13101,0.0,0.0
2026-03-30 11:15:00-04:00,0.5720000267028809,0.5785999894142151,0.5720000267028809,0.5771999955177307,5739,0.0,0.0
2026-03-30 11:20:00-04:00,0.5760999917984009,0.5771999955177307,0.5756999850273132,0.5771999955177307,10836,0.0,0.0
2026-03-30 11:25:00-04:00,0.5767999887466431,0.5817000269889832,0.5767999887466431,0.5817000269889832,32749,0.0,0.0
2026-03-30 11:30:00-04:00,0.5817000269889832,0.5831999778747559,0.5759999752044678,0.580299973487854,18620,0.0,0.0
2026-03-30 11:35:00-04:00,0.5800999999046326,0.5831000208854675,0.5763999819755554,0.5763999819755554,27882,0.0,0.0
2026-03-30 11:40:00-04:00,0.5799000263214111,0.5807999968528748,0.5748000144958496,0.579800009727478,8226,0.0,0.0
2026-03-30 11:45:00-04:00,0.5795000195503235,0.5809000134468079,0.5760999917984009,0.5777000188827515,26023,0.0,0.0
2026-03-30 11:50:00-04:00,0.5777000188827515,0.5825999975204468,0.5777000188827515,0.5788000226020813,39403,0.0,0.0
2026-03-30 11:55:00-04:00,0.578499972820282,0.5795000195503235,0.5751000046730042,0.5788999795913696,15488,0.0,0.0
2026-03-30 12:00:00-04:00,0.5777000188827515,0.5781999826431274,0.5726000070571899,0.5781999826431274,10055,0.0,0.0
2026-03-30 12:05:00-04:00,0.5753999948501587,0.5799000263214111,0.5753999948501587,0.5778999924659729,82828,0.0,0.0
2026-03-30 12:10:00-04:00,0.5778999924659729,0.5824999809265137,0.5778999924659729,0.5809000134468079,15715,0.0,0.0
2026-03-30 12:15:00-04:00,0.5795000195503235,0.5823000073432922,0.5791000127792358,0.5823000073432922,3634,0.0,0.0
2026-03-30 12:20:00-04:00,0.5824000239372253,0.5830000042915344,0.5824000239372253,0.5830000042915344,4952,0.0,0.0
2026-03-30 12:25:00-04:00,0.5841000080108643,0.5841000080108643,0.5720000267028809,0.5760999917984009,3070,0.0,0.0
2026-03-30 12:30:00-04:00,0.5759999752044678,0.5796999931335449,0.5720000267028809,0.5781000256538391,13880,0.0,0.0
2026-03-30 12:35:00-04:00,0.5782999992370605,0.5805000066757202,0.5769000053405762,0.578499972820282,7891,0.0,0.0
2026-03-30 12:40:00-04:00,0.5764999985694885,0.5770000219345093,0.5746999979019165,0.5769000053405762,18449,0.0,0.0
2026-03-30 12:45:00-04:00,0.5769000053405762,0.5771999955177307,0.574400007724762,0.5756999850273132,28140,0.0,0.0
2026-03-30 12:50:00-04:00,0.5756999850273132,0.5767999887466431,0.5738999843597412,0.5746999979019165,10685,0.0,0.0
2026-03-30 12:55:00-04:00,0.5745999813079834,0.5760999917984009,0.574400007724762,0.574400007724762,2505,0.0,0.0
2026-03-30 13:00:00-04:00,0.574400007724762,0.5756000280380249,0.574400007724762,0.5751000046730042,5599,0.0,0.0
2026-03-30 13:05:00-04:00,0.5748000144958496,0.5781999826431274,0.5746999979019165,0.5774999856948853,15526,0.0,0.0
2026-03-30 13:10:00-04:00,0.5799000263214111,0.5799000263214111,0.5763999819755554,0.5795999765396118,18492,0.0,0.0
2026-03-30 13:15:00-04:00,0.5795999765396118,0.5806000232696533,0.5759999752044678,0.5792999863624573,6323,0.0,0.0
2026-03-30 13:20:00-04:00,0.580299973487854,0.5805000066757202,0.5759999752044678,0.5795000195503235,24385,0.0,0.0
2026-03-30 13:25:00-04:00,0.5795000195503235,0.5817000269889832,0.5795000195503235,0.5807999968528748,11203,0.0,0.0
2026-03-30 13:30:00-04:00,0.5807999968528748,0.5813999772071838,0.5774999856948853,0.5789999961853027,14874,0.0,0.0
2026-03-30 13:35:00-04:00,0.5789999961853027,0.5802000164985657,0.5776000022888184,0.5777000188827515,3379,0.0,0.0
2026-03-30 13:40:00-04:00,0.5777999758720398,0.5817999839782715,0.5763999819755554,0.5792999863624573,16057,0.0,0.0
2026-03-30 13:45:00-04:00,0.5792999863624573,0.5813000202178955,0.5770999789237976,0.5813000202178955,3918,0.0,0.0
2026-03-30 13:50:00-04:00,0.580299973487854,0.5806000232696533,0.5782999992370605,0.5806000232696533,3423,0.0,0.0
2026-03-30 13:55:00-04:00,0.5796999931335449,0.5809000134468079,0.5788000226020813,0.5788000226020813,13765,0.0,0.0
2026-03-30 14:00:00-04:00,0.5788999795913696,0.5794000029563904,0.5785999894142151,0.5794000029563904,6689,0.0,0.0
2026-03-30 14:05:00-04:00,0.5820000171661377,0.5830000042915344,0.5812000036239624,0.582099974155426,36312,0.0,0.0
2026-03-30 14:10:00-04:00,0.582099974155426,0.5830000042915344,0.5809999704360962,0.5830000042915344,14154,0.0,0.0
2026-03-30 14:15:00-04:00,0.5838000178337097,0.5849999785423279,0.5835999846458435,0.5849999785423279,11493,0.0,0.0
2026-03-30 14:20:00-04:00,0.5849000215530396,0.5849999785423279,0.5827000141143799,0.5835999846458435,8997,0.0,0.0
2026-03-30 14:25:00-04:00,0.5835000276565552,0.5841000080108643,0.5817000269889832,0.5827000141143799,4066,0.0,0.0
2026-03-30 14:30:00-04:00,0.5827000141143799,0.5837000012397766,0.5827000141143799,0.5827000141143799,3403,0.0,0.0
2026-03-30 14:35:00-04:00,0.5827000141143799,0.5871999859809875,0.5827000141143799,0.5835999846458435,32664,0.0,0.0
2026-03-30 14:40:00-04:00,0.5809000134468079,0.5853000283241272,0.5809000134468079,0.583299994468689,10021,0.0,0.0
2026-03-30 14:45:00-04:00,0.5843999981880188,0.5849000215530396,0.5807999968528748,0.5849000215530396,6458,0.0,0.0
2026-03-30 14:50:00-04:00,0.5809000134468079,0.5848000049591064,0.5807999968528748,0.5835999846458435,46060,0.0,0.0
2026-03-30 14:55:00-04:00,0.5835999846458435,0.5843999981880188,0.5831999778747559,0.5841000080108643,16029,0.0,0.0
2026-03-30 15:00:00-04:00,0.5837000012397766,0.586899995803833,0.5837000012397766,0.5859000086784363,15950,0.0,0.0
2026-03-30 15:05:00-04:00,0.5846999883651733,0.5848000049591064,0.5819000005722046,0.5828999876976013,4665,0.0,0.0
2026-03-30 15:10:00-04:00,0.582099974155426,0.5827999711036682,0.5799999833106995,0.5803999900817871,34086,0.0,0.0
2026-03-30 15:15:00-04:00,0.5813999772071838,0.5825999975204468,0.5799999833106995,0.5799999833106995,15283,0.0,0.0
2026-03-30 15:20:00-04:00,0.5809000134468079,0.5817000269889832,0.5803999900817871,0.5817000269889832,6422,0.0,0.0
2026-03-30 15:25:00-04:00,0.5812000036239624,0.5831999778747559,0.5806999802589417,0.5830000042915344,18585,0.0,0.0
2026-03-30 15:30:00-04:00,0.5830000042915344,0.5871000289916992,0.5830000042915344,0.585099995136261,20668,0.0,0.0
2026-03-30 15:35:00-04:00,0.585099995136261,0.5870000123977661,0.585099995136261,0.5864999890327454,12846,0.0,0.0
2026-03-30 15:40:00-04:00,0.5864999890327454,0.5888000130653381,0.5855000019073486,0.5874999761581421,13184,0.0,0.0
2026-03-30 15:45:00-04:00,0.5888000130653381,0.5888000130653381,0.5864999890327454,0.5864999890327454,43283,0.0,0.0
2026-03-30 15:50:00-04:00,0.5871999859809875,0.5899999737739563,0.5867999792098999,0.5889999866485596,92519,0.0,0.0
2026-03-30 15:55:00-04:00,0.5889999866485596,0.589900016784668,0.5782999992370605,0.5878000259399414,275545,0.0,0.0
2026-03-31 09:30:00-04:00,0.6000000238418579,0.6200000047683716,0.6000000238418579,0.6079999804496765,158269,0.0,0.0
2026-03-31 09:35:00-04:00,0.616599977016449,0.6240000128746033,0.6119999885559082,0.6179999709129333,18940,0.0,0.0
2026-03-31 09:40:00-04:00,0.6248999834060669,0.625,0.6200000047683716,0.6209999918937683,38824,0.0,0.0
2026-03-31 09:45:00-04:00,0.6200000047683716,0.625,0.6150000095367432,0.6230999827384949,78802,0.0,0.0
2026-03-31 09:50:00-04:00,0.625,0.6298999786376953,0.6240000128746033,0.6276000142097473,61332,0.0,0.0
2026-03-31 09:55:00-04:00,0.6270999908447266,0.6295999884605408,0.6226999759674072,0.6290000081062317,89878,0.0,0.0
2026-03-31 10:00:00-04:00,0.6255999803543091,0.6291000247001648,0.6137999892234802,0.6237999796867371,84959,0.0,0.0
2026-03-31 10:05:00-04:00,0.6237999796867371,0.6258999705314636,0.6182000041007996,0.6241000294685364,31291,0.0,0.0
2026-03-31 10:10:00-04:00,0.6251999735832214,0.6284999847412109,0.6233999729156494,0.6277999877929688,41031,0.0,0.0
2026-03-31 10:15:00-04:00,0.6277999877929688,0.6349999904632568,0.6270999908447266,0.6306999921798706,71690,0.0,0.0
2026-03-31 10:20:00-04:00,0.6305000185966492,0.6320000290870667,0.6261000037193298,0.6262000203132629,29801,0.0,0.0
2026-03-31 10:25:00-04:00,0.6262000203132629,0.6265000104904175,0.6162999868392944,0.6208999752998352,65595,0.0,0.0
2026-03-31 10:30:00-04:00,0.6154000163078308,0.6226000189781189,0.6154000163078308,0.6225000023841858,19225,0.0,0.0
2026-03-31 10:35:00-04:00,0.6226000189781189,0.6241000294685364,0.616599977016449,0.6187999844551086,14395,0.0,0.0
2026-03-31 10:40:00-04:00,0.6162999868392944,0.6201000213623047,0.6162999868392944,0.6166999936103821,10426,0.0,0.0
2026-03-31 10:45:00-04:00,0.6172999739646912,0.6194999814033508,0.6169999837875366,0.6180999875068665,16439,0.0,0.0
2026-03-31 10:50:00-04:00,0.6173999905586243,0.6176999807357788,0.6150000095367432,0.6155999898910522,7689,0.0,0.0
2026-03-31 10:55:00-04:00,0.6150000095367432,0.6150000095367432,0.6122000217437744,0.6146000027656555,12870,0.0,0.0
2026-03-31 11:00:00-04:00,0.6157000064849854,0.6200000047683716,0.6157000064849854,0.6176999807357788,51544,0.0,0.0
2026-03-31 11:05:00-04:00,0.6190999746322632,0.6240000128746033,0.6171000003814697,0.6227999925613403,13361,0.0,0.0
2026-03-31 11:10:00-04:00,0.6236000061035156,0.6237999796867371,0.621999979019165,0.6237999796867371,7003,0.0,0.0
2026-03-31 11:15:00-04:00,0.6247000098228455,0.6248999834060669,0.6247000098228455,0.6248000264167786,7194,0.0,0.0
2026-03-31 11:20:00-04:00,0.6248000264167786,0.625,0.6208000183105469,0.625,31842,0.0,0.0
2026-03-31 11:25:00-04:00,0.6255000233650208,0.6262000203132629,0.6165000200271606,0.6200000047683716,27928,0.0,0.0
2026-03-31 11:30:00-04:00,0.6172000169754028,0.6191999912261963,0.6172000169754028,0.6187999844551086,11896,0.0,0.0
2026-03-31 11:35:00-04:00,0.6197999715805054,0.6197999715805054,0.6183000206947327,0.6183000206947327,7678,0.0,0.0
2026-03-31 11:40:00-04:00,0.616599977016449,0.6175000071525574,0.6154000163078308,0.6154000163078308,26146,0.0,0.0
2026-03-31 11:45:00-04:00,0.6154000163078308,0.6154000163078308,0.6118999719619751,0.6126000285148621,13313,0.0,0.0
2026-03-31 11:50:00-04:00,0.6136000156402588,0.6191999912261963,0.6134999990463257,0.6180999875068665,42510,0.0,0.0
2026-03-31 11:55:00-04:00,0.6165000200271606,0.6194000244140625,0.6165000200271606,0.6171000003814697,17353,0.0,0.0
2026-03-31 12:00:00-04:00,0.6169999837875366,0.6200000047683716,0.6166999936103821,0.6190999746322632,15367,0.0,0.0
2026-03-31 12:05:00-04:00,0.6220999956130981,0.6220999956130981,0.6218000054359436,0.6220999956130981,1712,0.0,0.0
2026-03-31 12:10:00-04:00,0.6220999956130981,0.6220999956130981,0.6212000250816345,0.6215000152587891,5262,0.0,0.0
2026-03-31 12:15:00-04:00,0.6215000152587891,0.6225000023841858,0.6212999820709229,0.6225000023841858,3593,0.0,0.0
2026-03-31 12:20:00-04:00,0.6237999796867371,0.6237999796867371,0.6237999796867371,0.6237999796867371,2444,0.0,0.0
2026-03-31 12:25:00-04:00,0.6240000128746033,0.6248000264167786,0.6173999905586243,0.6194999814033508,4118,0.0,0.0
2026-03-31 12:30:00-04:00,0.6194000244140625,0.6194000244140625,0.6168000102043152,0.6186000108718872,1702,0.0,0.0
2026-03-31 12:35:00-04:00,0.6186000108718872,0.6279000043869019,0.6186000108718872,0.6279000043869019,9329,0.0,0.0
2026-03-31 12:40:00-04:00,0.6283000111579895,0.6449999809265137,0.6283000111579895,0.6388000249862671,88042,0.0,0.0
2026-03-31 12:45:00-04:00,0.6388000249862671,0.6402000188827515,0.6312999725341797,0.6344000101089478,17122,0.0,0.0
2026-03-31 12:50:00-04:00,0.6335999965667725,0.6373000144958496,0.6313999891281128,0.6313999891281128,15580,0.0,0.0
2026-03-31 12:55:00-04:00,0.6330999732017517,0.6330999732017517,0.6281999945640564,0.6328999996185303,4783,0.0,0.0
2026-03-31 13:00:00-04:00,0.6328999996185303,0.6395000219345093,0.6315000057220459,0.637499988079071,48947,0.0,0.0
2026-03-31 13:05:00-04:00,0.6384000182151794,0.6384999752044678,0.6310999989509583,0.631600022315979,24967,0.0,0.0
2026-03-31 13:10:00-04:00,0.633400022983551,0.6342999935150146,0.6323000192642212,0.6323000192642212,9133,0.0,0.0
2026-03-31 13:15:00-04:00,0.6366000175476074,0.6399999856948853,0.6341999769210815,0.6394000053405762,30982,0.0,0.0
2026-03-31 13:20:00-04:00,0.6388000249862671,0.6402000188827515,0.6388000249862671,0.6402000188827515,68131,0.0,0.0
2026-03-31 13:25:00-04:00,0.6402000188827515,0.6402000188827515,0.636900007724762,0.636900007724762,54563,0.0,0.0
2026-03-31 13:30:00-04:00,0.6378999948501587,0.6378999948501587,0.6371999979019165,0.6371999979019165,2735,0.0,0.0
2026-03-31 13:35:00-04:00,0.6377000212669373,0.6378999948501587,0.636900007724762,0.636900007724762,20394,0.0,0.0
2026-03-31 13:40:00-04:00,0.636900007724762,0.636900007724762,0.6340000033378601,0.6340000033378601,5609,0.0,0.0
2026-03-31 13:45:00-04:00,0.6341000199317932,0.6348999738693237,0.6341000199317932,0.6348999738693237,4967,0.0,0.0
2026-03-31 13:50:00-04:00,0.6349999904632568,0.6359000205993652,0.6340000033378601,0.6348999738693237,72779,0.0,0.0
2026-03-31 13:55:00-04:00,0.6340000033378601,0.635200023651123,0.6340000033378601,0.6341999769210815,5429,0.0,0.0
2026-03-31 14:00:00-04:00,0.6345000267028809,0.6366000175476074,0.6345000267028809,0.6362000107765198,7525,0.0,0.0
2026-03-31 14:05:00-04:00,0.6360999941825867,0.6370000243186951,0.635699987411499,0.6370000243186951,9335,0.0,0.0
2026-03-31 14:10:00-04:00,0.6377999782562256,0.6377999782562256,0.6367999911308289,0.6373999714851379,7951,0.0,0.0
2026-03-31 14:15:00-04:00,0.6381000280380249,0.6384999752044678,0.6381000280380249,0.6384999752044678,2798,0.0,0.0
2026-03-31 14:20:00-04:00,0.6385999917984009,0.6399999856948853,0.6385999917984009,0.6395999789237976,25900,0.0,0.0
2026-03-31 14:25:00-04:00,0.637499988079071,0.637499988079071,0.637499988079071,0.637499988079071,4544,0.0,0.0
2026-03-31 14:30:00-04:00,0.6370000243186951,0.6370000243186951,0.6358000040054321,0.6358000040054321,3672,0.0,0.0
2026-03-31 14:35:00-04:00,0.6358000040054321,0.6385999917984009,0.6358000040054321,0.6380000114440918,45496,0.0,0.0
2026-03-31 14:40:00-04:00,0.6378999948501587,0.6378999948501587,0.6330000162124634,0.6359000205993652,21094,0.0,0.0
2026-03-31 14:45:00-04:00,0.635200023651123,0.6363999843597412,0.6348999738693237,0.6363000273704529,10166,0.0,0.0
2026-03-31 14:50:00-04:00,0.6353999972343445,0.6363999843597412,0.6352999806404114,0.6352999806404114,4736,0.0,0.0
2026-03-31 14:55:00-04:00,0.6347000002861023,0.635699987411499,0.6347000002861023,0.635200023651123,6112,0.0,0.0
2026-03-31 15:00:00-04:00,0.6351000070571899,0.6359999775886536,0.6351000070571899,0.6359000205993652,12084,0.0,0.0
2026-03-31 15:05:00-04:00,0.6359000205993652,0.6359000205993652,0.6355000138282776,0.6355000138282776,38005,0.0,0.0
2026-03-31 15:10:00-04:00,0.635699987411499,0.6384000182151794,0.6355999708175659,0.6378999948501587,37062,0.0,0.0
2026-03-31 15:15:00-04:00,0.6380000114440918,0.6380000114440918,0.6373999714851379,0.6373999714851379,15140,0.0,0.0
2026-03-31 15:20:00-04:00,0.6373999714851379,0.6437000036239624,0.6373000144958496,0.6437000036239624,115890,0.0,0.0
2026-03-31 15:25:00-04:00,0.6419000029563904,0.642300009727478,0.6377000212669373,0.6381000280380249,18166,0.0,0.0
2026-03-31 15:30:00-04:00,0.6381000280380249,0.6385999917984009,0.6359000205993652,0.6376000046730042,13747,0.0,0.0
2026-03-31 15:35:00-04:00,0.6376000046730042,0.6376000046730042,0.6345999836921692,0.6345999836921692,9642,0.0,0.0
2026-03-31 15:40:00-04:00,0.6345999836921692,0.6352999806404114,0.6327999830245972,0.6335999965667725,17637,0.0,0.0
2026-03-31 15:45:00-04:00,0.6328999996185303,0.6359999775886536,0.6323999762535095,0.6340000033378601,37672,0.0,0.0
2026-03-31 15:50:00-04:00,0.6331999897956848,0.6340000033378601,0.6287999749183655,0.6328999996185303,59797,0.0,0.0
2026-03-31 15:55:00-04:00,0.6323999762535095,0.6446999907493591,0.625,0.6446999907493591,382654,0.0,0.0
2026-04-01 09:30:00-04:00,0.6499999761581421,0.6644999980926514,0.6499999761581421,0.6644999980926514,121318,0.0,0.0
2026-04-01 09:35:00-04:00,0.6644999980926514,0.670199990272522,0.6600000262260437,0.6665999889373779,84205,0.0,0.0
2026-04-01 09:40:00-04:00,0.6632999777793884,0.6686999797821045,0.6611999869346619,0.6621000170707703,45007,0.0,0.0
2026-04-01 09:45:00-04:00,0.6586999893188477,0.6621000170707703,0.6553000211715698,0.6574000120162964,68855,0.0,0.0
2026-04-01 09:50:00-04:00,0.6601999998092651,0.667900025844574,0.6599000096321106,0.6607000231742859,85478,0.0,0.0
2026-04-01 09:55:00-04:00,0.6611999869346619,0.6620000004768372,0.6517000198364258,0.6517000198364258,81573,0.0,0.0
2026-04-01 10:00:00-04:00,0.6516000032424927,0.6603999733924866,0.6516000032424927,0.6561999917030334,40849,0.0,0.0
2026-04-01 10:05:00-04:00,0.6561999917030334,0.6567000150680542,0.6503999829292297,0.6531000137329102,36508,0.0,0.0
2026-04-01 10:10:00-04:00,0.6528000235557556,0.6531999707221985,0.6520000100135803,0.6527000069618225,20867,0.0,0.0
2026-04-01 10:15:00-04:00,0.652899980545044,0.6531999707221985,0.652899980545044,0.6531999707221985,24023,0.0,0.0
2026-04-01 10:20:00-04:00,0.6531000137329102,0.6577000021934509,0.6531000137329102,0.6553999781608582,88358,0.0,0.0
2026-04-01 10:25:00-04:00,0.6553999781608582,0.6553999781608582,0.6503999829292297,0.6531000137329102,117219,0.0,0.0
2026-04-01 10:30:00-04:00,0.6528000235557556,0.6539999842643738,0.6527000069618225,0.6535000205039978,42279,0.0,0.0
2026-04-01 10:35:00-04:00,0.6536999940872192,0.6541000008583069,0.6535000205039978,0.6541000008583069,60558,0.0,0.0
2026-04-01 10:40:00-04:00,0.6554999947547913,0.6664999723434448,0.6554999947547913,0.6657000184059143,38227,0.0,0.0
2026-04-01 10:45:00-04:00,0.6658999919891357,0.666100025177002,0.6607000231742859,0.6607000231742859,44356,0.0,0.0
2026-04-01 10:50:00-04:00,0.6622999906539917,0.6636999845504761,0.6620000004768372,0.6636999845504761,36031,0.0,0.0
2026-04-01 10:55:00-04:00,0.6628999710083008,0.6628999710083008,0.661899983882904,0.661899983882904,17471,0.0,0.0
2026-04-01 11:00:00-04:00,0.661899983882904,0.6674000024795532,0.661899983882904,0.6639999747276306,20566,0.0,0.0
2026-04-01 11:05:00-04:00,0.6646999716758728,0.6668000221252441,0.6600000262260437,0.6615999937057495,93453,0.0,0.0
2026-04-01 11:10:00-04:00,0.6646999716758728,0.6646999716758728,0.6600000262260437,0.6603000164031982,41790,0.0,0.0
2026-04-01 11:15:00-04:00,0.6603000164031982,0.6679999828338623,0.6600000262260437,0.6643999814987183,50865,0.0,0.0
2026-04-01 11:20:00-04:00,0.6643999814987183,0.6643999814987183,0.6600000262260437,0.6620000004768372,26476,0.0,0.0
2026-04-01 11:25:00-04:00,0.6611999869346619,0.6611999869346619,0.6589999794960022,0.6589999794960022,63102,0.0,0.0
2026-04-01 11:30:00-04:00,0.6582000255584717,0.6601999998092651,0.6582000255584717,0.6601999998092651,11135,0.0,0.0
2026-04-01 11:35:00-04:00,0.6593000292778015,0.6601999998092651,0.6585000157356262,0.6597999930381775,42773,0.0,0.0
2026-04-01 11:40:00-04:00,0.6596999764442444,0.6596999764442444,0.652999997138977,0.6536999940872192,87332,0.0,0.0
2026-04-01 11:45:00-04:00,0.6536999940872192,0.6539000272750854,0.6535000205039978,0.6539000272750854,10958,0.0,0.0
2026-04-01 11:50:00-04:00,0.6539000272750854,0.6539000272750854,0.6509000062942505,0.6524999737739563,23507,0.0,0.0
2026-04-01 11:55:00-04:00,0.6518999934196472,0.6577000021934509,0.651199996471405,0.656000018119812,40190,0.0,0.0
2026-04-01 12:00:00-04:00,0.6557999849319458,0.6571999788284302,0.6557000279426575,0.656000018119812,13899,0.0,0.0
2026-04-01 12:05:00-04:00,0.6547999978065491,0.6557999849319458,0.651199996471405,0.6518999934196472,36268,0.0,0.0
2026-04-01 12:10:00-04:00,0.6518999934196472,0.6525999903678894,0.6509000062942505,0.6509000062942505,18105,0.0,0.0
2026-04-01 12:15:00-04:00,0.650600016117096,0.6509000062942505,0.6499999761581421,0.6499999761581421,21510,0.0,0.0
2026-04-01 12:20:00-04:00,0.6499999761581421,0.6504999995231628,0.6499999761581421,0.6503000259399414,5153,0.0,0.0
2026-04-01 12:25:00-04:00,0.6510000228881836,0.6513000130653381,0.6502000093460083,0.6506999731063843,14474,0.0,0.0
2026-04-01 12:30:00-04:00,0.6499999761581421,0.6504999995231628,0.647599995136261,0.6492999792098999,43823,0.0,0.0
2026-04-01 12:35:00-04:00,0.6492000222206116,0.6506999731063843,0.6491000056266785,0.6506999731063843,7108,0.0,0.0
2026-04-01 12:40:00-04:00,0.6496000289916992,0.6521000266075134,0.6496000289916992,0.6521000266075134,11443,0.0,0.0
2026-04-01 12:45:00-04:00,0.6524999737739563,0.6524999737739563,0.6514999866485596,0.6517999768257141,14746,0.0,0.0
2026-04-01 12:50:00-04:00,0.6516000032424927,0.6516000032424927,0.6509000062942505,0.6509000062942505,7053,0.0,0.0
2026-04-01 12:55:00-04:00,0.650600016117096,0.650600016117096,0.6488999724388123,0.6488999724388123,7538,0.0,0.0
2026-04-01 13:00:00-04:00,0.6503000259399414,0.6514000296592712,0.6502000093460083,0.6503999829292297,5931,0.0,0.0
2026-04-01 13:05:00-04:00,0.6510999798774719,0.6516000032424927,0.6484000086784363,0.6485000252723694,33734,0.0,0.0
2026-04-01 13:10:00-04:00,0.6485000252723694,0.6517000198364258,0.6485000252723694,0.6496000289916992,52227,0.0,0.0
2026-04-01 13:15:00-04:00,0.6488999724388123,0.6495000123977661,0.6452999711036682,0.6480000019073486,26678,0.0,0.0
2026-04-01 13:20:00-04:00,0.6470999717712402,0.6492999792098999,0.6468999981880188,0.6481999754905701,28775,0.0,0.0
2026-04-01 13:25:00-04:00,0.647599995136261,0.6488999724388123,0.647599995136261,0.6488000154495239,7549,0.0,0.0
2026-04-01 13:30:00-04:00,0.6488999724388123,0.6499000191688538,0.6488999724388123,0.6491000056266785,7339,0.0,0.0
2026-04-01 13:35:00-04:00,0.6499999761581421,0.6499999761581421,0.6491000056266785,0.6496999859809875,26376,0.0,0.0
2026-04-01 13:40:00-04:00,0.6499999761581421,0.6509000062942505,0.6496000289916992,0.6506999731063843,27570,0.0,0.0
2026-04-01 13:45:00-04:00,0.650600016117096,0.652400016784668,0.6504999995231628,0.652400016784668,31782,0.0,0.0
2026-04-01 13:50:00-04:00,0.6517999768257141,0.652400016784668,0.6517999768257141,0.6520000100135803,9029,0.0,0.0
2026-04-01 13:55:00-04:00,0.6520000100135803,0.6524999737739563,0.6480000019073486,0.649399995803833,25575,0.0,0.0
2026-04-01 14:00:00-04:00,0.6489999890327454,0.6499000191688538,0.6488999724388123,0.6499000191688538,15095,0.0,0.0
2026-04-01 14:05:00-04:00,0.6503999829292297,0.6525999903678894,0.6503999829292297,0.6513000130653381,12159,0.0,0.0
2026-04-01 14:10:00-04:00,0.6523000001907349,0.6525999903678894,0.6518999934196472,0.6520000100135803,15997,0.0,0.0
2026-04-01 14:15:00-04:00,0.6520000100135803,0.6521000266075134,0.6460000276565552,0.6460000276565552,48478,0.0,0.0
2026-04-01 14:20:00-04:00,0.6485000252723694,0.6485000252723694,0.6460000276565552,0.6460000276565552,18180,0.0,0.0
2026-04-01 14:25:00-04:00,0.6460000276565552,0.6517000198364258,0.6460000276565552,0.6470999717712402,62323,0.0,0.0
2026-04-01 14:30:00-04:00,0.6466000080108643,0.6470999717712402,0.6449999809265137,0.6449999809265137,12752,0.0,0.0
2026-04-01 14:35:00-04:00,0.6455000042915344,0.6455000042915344,0.6424000263214111,0.6424999833106995,9669,0.0,0.0
2026-04-01 14:40:00-04:00,0.6424999833106995,0.6435999870300293,0.6424999833106995,0.6431999802589417,8859,0.0,0.0
2026-04-01 14:45:00-04:00,0.6434000134468079,0.6434000134468079,0.6403999924659729,0.6420999765396118,30358,0.0,0.0
2026-04-01 14:50:00-04:00,0.642300009727478,0.6463000178337097,0.641700029373169,0.6452000141143799,36999,0.0,0.0
2026-04-01 14:55:00-04:00,0.642300009727478,0.6452999711036682,0.6410999894142151,0.6438999772071838,25516,0.0,0.0
2026-04-01 15:00:00-04:00,0.6425999999046326,0.6449999809265137,0.6424000263214111,0.6428999900817871,22380,0.0,0.0
2026-04-01 15:05:00-04:00,0.6434999704360962,0.6442999839782715,0.6434999704360962,0.6442999839782715,6782,0.0,0.0
2026-04-01 15:10:00-04:00,0.6437000036239624,0.6442999839782715,0.6414999961853027,0.642300009727478,28310,0.0,0.0
2026-04-01 15:15:00-04:00,0.642300009727478,0.6435999870300293,0.6401000022888184,0.6435999870300293,47375,0.0,0.0
2026-04-01 15:20:00-04:00,0.6437000036239624,0.6438000202178955,0.6402000188827515,0.6407999992370605,28736,0.0,0.0
2026-04-01 15:25:00-04:00,0.6430000066757202,0.6434000134468079,0.6420000195503235,0.6434000134468079,43114,0.0,0.0
2026-04-01 15:30:00-04:00,0.6434000134468079,0.6435999870300293,0.6431000232696533,0.6434999704360962,45127,0.0,0.0
2026-04-01 15:35:00-04:00,0.6434000134468079,0.6446999907493591,0.6434000134468079,0.6434000134468079,70219,0.0,0.0
2026-04-01 15:40:00-04:00,0.6432999968528748,0.6445000171661377,0.6402000188827515,0.6445000171661377,175025,0.0,0.0
2026-04-01 15:45:00-04:00,0.6439999938011169,0.6439999938011169,0.6425999999046326,0.6439999938011169,69193,0.0,0.0
2026-04-01 15:50:00-04:00,0.6437000036239624,0.6438000202178955,0.6402000188827515,0.640999972820282,156411,0.0,0.0
2026-04-01 15:55:00-04:00,0.6407999992370605,0.6567999720573425,0.6407999992370605,0.6528000235557556,133527,0.0,0.0
2026-04-02 09:30:00-04:00,0.6299999952316284,0.632099986076355,0.6100999712944031,0.621999979019165,194314,0.0,0.0
2026-04-02 09:35:00-04:00,0.6259999871253967,0.6349999904632568,0.6200000047683716,0.6348999738693237,21979,0.0,0.0
2026-04-02 09:40:00-04:00,0.6341000199317932,0.6341000199317932,0.6276000142097473,0.6280999779701233,20836,0.0,0.0
2026-04-02 09:45:00-04:00,0.6273999810218811,0.6366999745368958,0.6176000237464905,0.6334999799728394,41117,0.0,0.0
2026-04-02 09:50:00-04:00,0.6362000107765198,0.6366999745368958,0.6270999908447266,0.6323999762535095,31658,0.0,0.0
2026-04-02 09:55:00-04:00,0.6323999762535095,0.6347000002861023,0.6323000192642212,0.6330000162124634,17829,0.0,0.0
2026-04-02 10:00:00-04:00,0.6331999897956848,0.6349999904632568,0.6294999718666077,0.6294999718666077,29664,0.0,0.0
2026-04-02 10:05:00-04:00,0.6292999982833862,0.6363000273704529,0.6292999982833862,0.6349999904632568,59547,0.0,0.0
2026-04-02 10:10:00-04:00,0.6344000101089478,0.6362000107765198,0.633899986743927,0.6349999904632568,12019,0.0,0.0
2026-04-02 10:15:00-04:00,0.6353999972343445,0.6353999972343445,0.6319000124931335,0.6330000162124634,26841,0.0,0.0
2026-04-02 10:20:00-04:00,0.6330000162124634,0.6334999799728394,0.6328999996185303,0.633400022983551,16401,0.0,0.0
2026-04-02 10:25:00-04:00,0.6331999897956848,0.6367999911308289,0.6331999897956848,0.6342999935150146,11691,0.0,0.0
2026-04-02 10:30:00-04:00,0.6348000168800354,0.6453999876976013,0.6348000168800354,0.6434000134468079,28738,0.0,0.0
2026-04-02 10:35:00-04:00,0.6444000005722046,0.656000018119812,0.6444000005722046,0.6503000259399414,74405,0.0,0.0
2026-04-02 10:40:00-04:00,0.6478999853134155,0.6498000025749207,0.6456999778747559,0.6481999754905701,30494,0.0,0.0
2026-04-02 10:45:00-04:00,0.6481999754905701,0.6486999988555908,0.6450999975204468,0.6456000208854675,9929,0.0,0.0
2026-04-02 10:50:00-04:00,0.6456000208854675,0.6513000130653381,0.6424999833106995,0.6513000130653381,19376,0.0,0.0
2026-04-02 10:55:00-04:00,0.6499000191688538,0.6517000198364258,0.6486999988555908,0.6504999995231628,12366,0.0,0.0
2026-04-02 11:00:00-04:00,0.6504999995231628,0.6507999897003174,0.6342999935150146,0.6342999935150146,67089,0.0,0.0
2026-04-02 11:05:00-04:00,0.635200023651123,0.635200023651123,0.6309000253677368,0.6309000253677368,42434,0.0,0.0
2026-04-02 11:10:00-04:00,0.6312999725341797,0.6324999928474426,0.6299999952316284,0.6304000020027161,58085,0.0,0.0
2026-04-02 11:15:00-04:00,0.6304000020027161,0.6309000253677368,0.6299999952316284,0.6299999952316284,65886,0.0,0.0
2026-04-02 11:20:00-04:00,0.6304000020027161,0.6305999755859375,0.6200000047683716,0.6241999864578247,104567,0.0,0.0
2026-04-02 11:25:00-04:00,0.623199999332428,0.6236000061035156,0.6209999918937683,0.6233999729156494,44688,0.0,0.0
2026-04-02 11:30:00-04:00,0.6227999925613403,0.6230999827384949,0.6200000047683716,0.6208000183105469,65642,0.0,0.0
2026-04-02 11:35:00-04:00,0.6208000183105469,0.6256999969482422,0.6208000183105469,0.6244000196456909,52406,0.0,0.0
2026-04-02 11:40:00-04:00,0.6237999796867371,0.6237999796867371,0.6215000152587891,0.6220999956130981,63934,0.0,0.0
2026-04-02 11:45:00-04:00,0.6220999956130981,0.6223000288009644,0.6175000071525574,0.6175000071525574,107153,0.0,0.0
2026-04-02 11:50:00-04:00,0.6176999807357788,0.6197999715805054,0.6169999837875366,0.6195999979972839,62802,0.0,0.0
2026-04-02 11:55:00-04:00,0.6197999715805054,0.6198999881744385,0.6183000206947327,0.6190000176429749,38068,0.0,0.0
2026-04-02 12:00:00-04:00,0.6189000010490417,0.6208999752998352,0.6189000010490417,0.6205999851226807,23217,0.0,0.0
2026-04-02 12:05:00-04:00,0.6205999851226807,0.6207000017166138,0.6194999814033508,0.619700014591217,27736,0.0,0.0
2026-04-02 12:10:00-04:00,0.619700014591217,0.6238999962806702,0.619700014591217,0.6223999857902527,51983,0.0,0.0
2026-04-02 12:15:00-04:00,0.6223999857902527,0.6223999857902527,0.6165000200271606,0.6169999837875366,49517,0.0,0.0
2026-04-02 12:20:00-04:00,0.6173999905586243,0.6194999814033508,0.6129999756813049,0.6175000071525574,137445,0.0,0.0
2026-04-02 12:25:00-04:00,0.6176000237464905,0.618399977684021,0.6159999966621399,0.6172000169754028,64039,0.0,0.0
2026-04-02 12:30:00-04:00,0.6175000071525574,0.6175000071525574,0.6147000193595886,0.6157000064849854,64805,0.0,0.0
2026-04-02 12:35:00-04:00,0.6162999868392944,0.6164000034332275,0.6133000254631042,0.614799976348877,81092,0.0,0.0
2026-04-02 12:40:00-04:00,0.614799976348877,0.6195999979972839,0.614799976348877,0.618399977684021,36173,0.0,0.0
2026-04-02 12:45:00-04:00,0.6176000237464905,0.6193000078201294,0.6168000102043152,0.6183000206947327,29645,0.0,0.0
2026-04-02 12:50:00-04:00,0.6183000206947327,0.6187999844551086,0.617900013923645,0.618399977684021,47567,0.0,0.0
2026-04-02 12:55:00-04:00,0.618399977684021,0.618399977684021,0.6172999739646912,0.6173999905586243,20197,0.0,0.0
2026-04-02 13:00:00-04:00,0.6168000102043152,0.6175000071525574,0.6168000102043152,0.6171000003814697,8890,0.0,0.0
2026-04-02 13:05:00-04:00,0.6168000102043152,0.6169999837875366,0.6166999936103821,0.6166999936103821,22352,0.0,0.0
2026-04-02 13:10:00-04:00,0.6166999936103821,0.6179999709129333,0.6166999936103821,0.6179999709129333,37175,0.0,0.0
2026-04-02 13:15:00-04:00,0.6179999709129333,0.6179999709129333,0.6171000003814697,0.6173999905586243,20744,0.0,0.0
2026-04-02 13:20:00-04:00,0.6169999837875366,0.6173999905586243,0.6144000291824341,0.6164000034332275,38822,0.0,0.0
2026-04-02 13:25:00-04:00,0.6161999702453613,0.6193000078201294,0.6161999702453613,0.6184999942779541,79064,0.0,0.0
2026-04-02 13:30:00-04:00,0.6184999942779541,0.6211000084877014,0.6184999942779541,0.6202999949455261,19239,0.0,0.0
2026-04-02 13:35:00-04:00,0.6209999918937683,0.6223999857902527,0.6209999918937683,0.6223000288009644,38643,0.0,0.0
2026-04-02 13:40:00-04:00,0.6223000288009644,0.6266000270843506,0.6222000122070312,0.6243000030517578,38050,0.0,0.0
2026-04-02 13:45:00-04:00,0.6244999766349792,0.6244999766349792,0.6187000274658203,0.6200000047683716,35266,0.0,0.0
2026-04-02 13:50:00-04:00,0.6205999851226807,0.6211000084877014,0.6205999851226807,0.6211000084877014,12728,0.0,0.0
2026-04-02 13:55:00-04:00,0.6220999956130981,0.6223999857902527,0.6212000250816345,0.621399998664856,24281,0.0,0.0
2026-04-02 14:00:00-04:00,0.6215000152587891,0.6237999796867371,0.6212000250816345,0.623199999332428,28094,0.0,0.0
2026-04-02 14:05:00-04:00,0.6237999796867371,0.6270999908447266,0.623199999332428,0.6244000196456909,15731,0.0,0.0
2026-04-02 14:10:00-04:00,0.6243000030517578,0.6243000030517578,0.621999979019165,0.6226999759674072,21270,0.0,0.0
2026-04-02 14:15:00-04:00,0.6226000189781189,0.6241000294685364,0.6226000189781189,0.6237999796867371,14177,0.0,0.0
2026-04-02 14:20:00-04:00,0.6240000128746033,0.6243000030517578,0.6238999962806702,0.6243000030517578,6391,0.0,0.0
2026-04-02 14:25:00-04:00,0.6244000196456909,0.6244000196456909,0.6236000061035156,0.6237999796867371,22526,0.0,0.0
2026-04-02 14:30:00-04:00,0.6241999864578247,0.6241999864578247,0.6237999796867371,0.6240000128746033,50100,0.0,0.0
2026-04-02 14:35:00-04:00,0.6240000128746033,0.6240000128746033,0.6233999729156494,0.6236000061035156,33141,0.0,0.0
2026-04-02 14:40:00-04:00,0.6237999796867371,0.6274999976158142,0.6237000226974487,0.6266999840736389,12163,0.0,0.0
2026-04-02 14:45:00-04:00,0.6262000203132629,0.6269000172615051,0.6262000203132629,0.6262999773025513,22380,0.0,0.0
2026-04-02 14:50:00-04:00,0.6266000270843506,0.6266999840736389,0.6262999773025513,0.6265000104904175,21744,0.0,0.0
2026-04-02 14:55:00-04:00,0.6266000270843506,0.626800000667572,0.6265000104904175,0.626800000667572,15326,0.0,0.0
2026-04-02 15:00:00-04:00,0.6266999840736389,0.6269000172615051,0.6266999840736389,0.6269000172615051,31624,0.0,0.0
2026-04-02 15:05:00-04:00,0.6269000172615051,0.632099986076355,0.626800000667572,0.6292999982833862,18261,0.0,0.0
2026-04-02 15:10:00-04:00,0.6294000148773193,0.629800021648407,0.6248000264167786,0.6276000142097473,77704,0.0,0.0
2026-04-02 15:15:00-04:00,0.6255999803543091,0.6324999928474426,0.6255999803543091,0.6323999762535095,48155,0.0,0.0
2026-04-02 15:20:00-04:00,0.6323999762535095,0.6341000199317932,0.631600022315979,0.6341000199317932,28879,0.0,0.0
2026-04-02 15:25:00-04:00,0.6341000199317932,0.6348000168800354,0.6319000124931335,0.6326000094413757,52832,0.0,0.0
2026-04-02 15:30:00-04:00,0.6326000094413757,0.6366999745368958,0.6323000192642212,0.6362000107765198,31904,0.0,0.0
2026-04-02 15:35:00-04:00,0.6362000107765198,0.6373000144958496,0.6362000107765198,0.6362000107765198,22302,0.0,0.0
2026-04-02 15:40:00-04:00,0.6363999843597412,0.6363999843597412,0.6330999732017517,0.6341999769210815,49780,0.0,0.0
2026-04-02 15:45:00-04:00,0.6341999769210815,0.6399000287055969,0.6341999769210815,0.6385999917984009,85657,0.0,0.0
2026-04-02 15:50:00-04:00,0.6385999917984009,0.63919997215271,0.6355000138282776,0.6363000273704529,212614,0.0,0.0
2026-04-02 15:55:00-04:00,0.6363999843597412,0.6380000114440918,0.6363000273704529,0.6373999714851379,138736,0.0,0.0
2026-04-06 09:30:00-04:00,0.6399999856948853,0.6564000248908997,0.6373000144958496,0.6549999713897705,234987,0.0,0.0
2026-04-06 09:35:00-04:00,0.6549000144004822,0.6600000262260437,0.6425999999046326,0.6425999999046326,112931,0.0,0.0
2026-04-06 09:40:00-04:00,0.6545000076293945,0.6550999879837036,0.6428999900817871,0.6452000141143799,82196,0.0,0.0
2026-04-06 09:45:00-04:00,0.6430000066757202,0.6518999934196472,0.6419000029563904,0.6438999772071838,12433,0.0,0.0
2026-04-06 09:50:00-04:00,0.6466000080108643,0.6500999927520752,0.6431999802589417,0.6500999927520752,45085,0.0,0.0
2026-04-06 09:55:00-04:00,0.6510000228881836,0.6521999835968018,0.6448000073432922,0.6521999835968018,25629,0.0,0.0
2026-04-06 10:00:00-04:00,0.6517000198364258,0.6556000113487244,0.6460000276565552,0.6470999717712402,34723,0.0,0.0
2026-04-06 10:05:00-04:00,0.642799973487854,0.6471999883651733,0.6399999856948853,0.6402000188827515,23623,0.0,0.0
2026-04-06 10:10:00-04:00,0.6421999931335449,0.6448000073432922,0.6381000280380249,0.6448000073432922,68499,0.0,0.0
2026-04-06 10:15:00-04:00,0.6485999822616577,0.6486999988555908,0.6431999802589417,0.6460000276565552,20658,0.0,0.0
2026-04-06 10:20:00-04:00,0.6474999785423279,0.6499999761581421,0.6445000171661377,0.6445000171661377,14493,0.0,0.0
2026-04-06 10:25:00-04:00,0.6460999846458435,0.6460999846458435,0.6355000138282776,0.6455000042915344,51715,0.0,0.0
2026-04-06 10:30:00-04:00,0.6439999938011169,0.6488999724388123,0.6439999938011169,0.6480000019073486,26045,0.0,0.0
2026-04-06 10:35:00-04:00,0.6478999853134155,0.6488000154495239,0.6434000134468079,0.6434000134468079,32988,0.0,0.0
2026-04-06 10:40:00-04:00,0.6412000060081482,0.64410001039505,0.6412000060081482,0.64410001039505,35767,0.0,0.0
2026-04-06 10:45:00-04:00,0.6431999802589417,0.6444000005722046,0.6333000063896179,0.6358000040054321,77291,0.0,0.0
2026-04-06 10:50:00-04:00,0.6359000205993652,0.6359000205993652,0.6326000094413757,0.6349999904632568,8582,0.0,0.0
2026-04-06 10:55:00-04:00,0.6348999738693237,0.6355000138282776,0.6333000063896179,0.6353999972343445,17117,0.0,0.0
2026-04-06 11:00:00-04:00,0.6353999972343445,0.635699987411499,0.6265000104904175,0.6273000240325928,86893,0.0,0.0
2026-04-06 11:05:00-04:00,0.6265000104904175,0.6276999711990356,0.6258999705314636,0.6270999908447266,56019,0.0,0.0
2026-04-06 11:10:00-04:00,0.6270999908447266,0.6270999908447266,0.6233999729156494,0.6265000104904175,12708,0.0,0.0
2026-04-06 11:15:00-04:00,0.6255000233650208,0.6256999969482422,0.6241999864578247,0.6244999766349792,31508,0.0,0.0
2026-04-06 11:20:00-04:00,0.6244999766349792,0.6248000264167786,0.6236000061035156,0.6237000226974487,26275,0.0,0.0
2026-04-06 11:25:00-04:00,0.6240000128746033,0.6240000128746033,0.6209999918937683,0.6238999962806702,41485,0.0,0.0
2026-04-06 11:30:00-04:00,0.6240000128746033,0.6262000203132629,0.6240000128746033,0.6251000165939331,8026,0.0,0.0
2026-04-06 11:35:00-04:00,0.6247000098228455,0.628600001335144,0.6237000226974487,0.6245999932289124,42546,0.0,0.0
2026-04-06 11:40:00-04:00,0.6245999932289124,0.6248999834060669,0.6241999864578247,0.6241999864578247,6619,0.0,0.0
2026-04-06 11:45:00-04:00,0.6230000257492065,0.6252999901771545,0.6230000257492065,0.625,18769,0.0,0.0
2026-04-06 11:50:00-04:00,0.6240000128746033,0.6345000267028809,0.6240000128746033,0.6308000087738037,50201,0.0,0.0
2026-04-06 11:55:00-04:00,0.6327000260353088,0.6345000267028809,0.6309999823570251,0.6345000267028809,9349,0.0,0.0
2026-04-06 12:00:00-04:00,0.6334999799728394,0.6337000131607056,0.6322000026702881,0.6324999928474426,18001,0.0,0.0
2026-04-06 12:05:00-04:00,0.6324999928474426,0.6324999928474426,0.6309999823570251,0.6309999823570251,5825,0.0,0.0
2026-04-06 12:10:00-04:00,0.6315000057220459,0.631600022315979,0.6308000087738037,0.6309000253677368,24712,0.0,0.0
2026-04-06 12:15:00-04:00,0.6312000155448914,0.6313999891281128,0.6301000118255615,0.6309999823570251,3693,0.0,0.0
2026-04-06 12:20:00-04:00,0.6309999823570251,0.6310999989509583,0.6306999921798706,0.6306999921798706,68209,0.0,0.0
2026-04-06 12:25:00-04:00,0.6310999989509583,0.631600022315979,0.6306999921798706,0.6309999823570251,6300,0.0,0.0
2026-04-06 12:30:00-04:00,0.6309999823570251,0.6323999762535095,0.6309999823570251,0.6323999762535095,12281,0.0,0.0
2026-04-06 12:35:00-04:00,0.6326000094413757,0.6378999948501587,0.6326000094413757,0.6367999911308289,18218,0.0,0.0
2026-04-06 12:40:00-04:00,0.6371999979019165,0.6412000060081482,0.6371999979019165,0.6412000060081482,8344,0.0,0.0
2026-04-06 12:45:00-04:00,0.6412000060081482,0.6424000263214111,0.6395999789237976,0.640999972820282,8850,0.0,0.0
2026-04-06 12:50:00-04:00,0.640500009059906,0.640500009059906,0.6398000121116638,0.6399999856948853,3354,0.0,0.0
2026-04-06 12:55:00-04:00,0.6401000022888184,0.6402000188827515,0.6367999911308289,0.636900007724762,9911,0.0,0.0
2026-04-06 13:00:00-04:00,0.6359999775886536,0.6381999850273132,0.6359999775886536,0.6371999979019165,9642,0.0,0.0
2026-04-06 13:05:00-04:00,0.6367999911308289,0.6389999985694885,0.6363000273704529,0.6389999985694885,13385,0.0,0.0
2026-04-06 13:10:00-04:00,0.6391000151634216,0.6391000151634216,0.6337000131607056,0.6337000131607056,3012,0.0,0.0
2026-04-06 13:15:00-04:00,0.6348999738693237,0.6348999738693237,0.6327999830245972,0.6347000002861023,8560,0.0,0.0
2026-04-06 13:20:00-04:00,0.635699987411499,0.6388999819755554,0.6335999965667725,0.6388999819755554,6512,0.0,0.0
2026-04-06 13:25:00-04:00,0.6370999813079834,0.6370999813079834,0.6370999813079834,0.6370999813079834,1624,0.0,0.0
2026-04-06 13:30:00-04:00,0.6380000114440918,0.6395000219345093,0.6380000114440918,0.6389999985694885,5351,0.0,0.0
2026-04-06 13:35:00-04:00,0.638700008392334,0.63919997215271,0.6383000016212463,0.638700008392334,17342,0.0,0.0
2026-04-06 13:40:00-04:00,0.6384999752044678,0.6384999752044678,0.6355000138282776,0.6363999843597412,3938,0.0,0.0
2026-04-06 13:45:00-04:00,0.6352999806404114,0.6365000009536743,0.6338000297546387,0.6365000009536743,14032,0.0,0.0
2026-04-06 13:50:00-04:00,0.6359999775886536,0.6365000009536743,0.6344000101089478,0.6351000070571899,7898,0.0,0.0
2026-04-06 13:55:00-04:00,0.6355999708175659,0.6355999708175659,0.6349999904632568,0.6349999904632568,3125,0.0,0.0
2026-04-06 14:00:00-04:00,0.6348999738693237,0.6359999775886536,0.6348999738693237,0.635699987411499,5025,0.0,0.0
2026-04-06 14:05:00-04:00,0.6358000040054321,0.637499988079071,0.6358000040054321,0.637499988079071,25715,0.0,0.0
2026-04-06 14:10:00-04:00,0.6362000107765198,0.641700029373169,0.6362000107765198,0.6381000280380249,38672,0.0,0.0
2026-04-06 14:15:00-04:00,0.6360999941825867,0.6389999985694885,0.6345999836921692,0.6345999836921692,6914,0.0,0.0
2026-04-06 14:20:00-04:00,0.6358000040054321,0.6358000040054321,0.6345000267028809,0.6352999806404114,12956,0.0,0.0
2026-04-06 14:25:00-04:00,0.6353999972343445,0.6353999972343445,0.6352999806404114,0.6352999806404114,1086,0.0,0.0
2026-04-06 14:30:00-04:00,0.6348999738693237,0.6355999708175659,0.6348999738693237,0.6348999738693237,6163,0.0,0.0
2026-04-06 14:35:00-04:00,0.6335999965667725,0.6351000070571899,0.6330000162124634,0.6349999904632568,13143,0.0,0.0
2026-04-06 14:40:00-04:00,0.6365000009536743,0.6366000175476074,0.6355000138282776,0.6355000138282776,15060,0.0,0.0
2026-04-06 14:45:00-04:00,0.6358000040054321,0.6358000040054321,0.6326000094413757,0.6326000094413757,4446,0.0,0.0
2026-04-06 14:50:00-04:00,0.6345999836921692,0.6345999836921692,0.6335999965667725,0.6340000033378601,3118,0.0,0.0
2026-04-06 14:55:00-04:00,0.633899986743927,0.6341999769210815,0.6333000063896179,0.6333000063896179,7015,0.0,0.0
2026-04-06 15:00:00-04:00,0.633400022983551,0.633400022983551,0.6323999762535095,0.6323999762535095,3897,0.0,0.0
2026-04-06 15:05:00-04:00,0.633400022983551,0.6371999979019165,0.633400022983551,0.6348000168800354,7319,0.0,0.0
2026-04-06 15:10:00-04:00,0.6338000297546387,0.6358000040054321,0.6320000290870667,0.6355999708175659,21943,0.0,0.0
2026-04-06 15:15:00-04:00,0.6345999836921692,0.6358000040054321,0.6345999836921692,0.6355999708175659,32114,0.0,0.0
2026-04-06 15:20:00-04:00,0.6349999904632568,0.6365000009536743,0.6349999904632568,0.6362000107765198,5526,0.0,0.0
2026-04-06 15:25:00-04:00,0.6362000107765198,0.6395000219345093,0.6351000070571899,0.6388000249862671,55025,0.0,0.0
2026-04-06 15:30:00-04:00,0.6373000144958496,0.6385999917984009,0.6337000131607056,0.6337000131607056,18217,0.0,0.0
2026-04-06 15:35:00-04:00,0.6349999904632568,0.6349999904632568,0.6320000290870667,0.6322000026702881,17122,0.0,0.0
2026-04-06 15:40:00-04:00,0.6322000026702881,0.6323999762535095,0.6305999755859375,0.6312000155448914,15616,0.0,0.0
2026-04-06 15:45:00-04:00,0.6310999989509583,0.6316999793052673,0.6304000020027161,0.6306999921798706,29915,0.0,0.0
2026-04-06 15:50:00-04:00,0.6306999921798706,0.6309000253677368,0.6298999786376953,0.6301000118255615,47429,0.0,0.0
2026-04-06 15:55:00-04:00,0.6315000057220459,0.6315000057220459,0.625,0.6251000165939331,232804,0.0,0.0
2026-04-07 09:30:00-04:00,0.6191999912261963,0.6215000152587891,0.6017000079154968,0.6103000044822693,104761,0.0,0.0
2026-04-07 09:35:00-04:00,0.6119999885559082,0.6119999885559082,0.5910000205039978,0.5910000205039978,440933,0.0,0.0
2026-04-07 09:40:00-04:00,0.5935999751091003,0.5935999751091003,0.5820000171661377,0.5835000276565552,98367,0.0,0.0
2026-04-07 09:45:00-04:00,0.5874999761581421,0.5888000130653381,0.5715000033378601,0.5751000046730042,135707,0.0,0.0
2026-04-07 09:50:00-04:00,0.5791000127792358,0.5823000073432922,0.5751000046730042,0.5821999907493591,73531,0.0,0.0
2026-04-07 09:55:00-04:00,0.5812000036239624,0.5855000019073486,0.580299973487854,0.5855000019073486,115012,0.0,0.0
2026-04-07 10:00:00-04:00,0.5853999853134155,0.5855000019073486,0.5799999833106995,0.5821999907493591,602134,0.0,0.0
2026-04-07 10:05:00-04:00,0.582099974155426,0.5842000246047974,0.578000009059906,0.578000009059906,98291,0.0,0.0
2026-04-07 10:10:00-04:00,0.578000009059906,0.5809000134468079,0.5777000188827515,0.5807999968528748,46197,0.0,0.0
2026-04-07 10:15:00-04:00,0.5807999968528748,0.58160001039505,0.5803999900817871,0.58160001039505,27789,0.0,0.0
2026-04-07 10:20:00-04:00,0.582099974155426,0.5873000025749207,0.5799999833106995,0.5820000171661377,52727,0.0,0.0
2026-04-07 10:25:00-04:00,0.5799000263214111,0.5799000263214111,0.576200008392334,0.5763999819755554,48719,0.0,0.0
2026-04-07 10:30:00-04:00,0.579200029373169,0.579200029373169,0.5763000249862671,0.5777000188827515,21477,0.0,0.0
2026-04-07 10:35:00-04:00,0.5777000188827515,0.5788999795913696,0.5764999985694885,0.5764999985694885,25843,0.0,0.0
2026-04-07 10:40:00-04:00,0.5766000151634216,0.57669997215271,0.5756000280380249,0.5759999752044678,43817,0.0,0.0
2026-04-07 10:45:00-04:00,0.5759000182151794,0.5853999853134155,0.5758000016212463,0.5759999752044678,61194,0.0,0.0
2026-04-07 10:50:00-04:00,0.578000009059906,0.5781000256538391,0.5751000046730042,0.5770000219345093,52816,0.0,0.0
2026-04-07 10:55:00-04:00,0.5753999948501587,0.5806999802589417,0.5740000009536743,0.5806999802589417,226272,0.0,0.0
2026-04-07 11:00:00-04:00,0.5788000226020813,0.5788000226020813,0.5726000070571899,0.5733000040054321,76777,0.0,0.0
2026-04-07 11:05:00-04:00,0.5726000070571899,0.5737000107765198,0.5726000070571899,0.5737000107765198,45495,0.0,0.0
2026-04-07 11:10:00-04:00,0.5774000287055969,0.5803999900817871,0.5726000070571899,0.5726000070571899,19114,0.0,0.0
2026-04-07 11:15:00-04:00,0.5752000212669373,0.5799999833106995,0.5726000070571899,0.5781000256538391,85117,0.0,0.0
2026-04-07 11:20:00-04:00,0.574400007724762,0.5809999704360962,0.5730000138282776,0.5741999745368958,47576,0.0,0.0
2026-04-07 11:25:00-04:00,0.5741000175476074,0.5753999948501587,0.5726000070571899,0.5726000070571899,22308,0.0,0.0
2026-04-07 11:30:00-04:00,0.5737000107765198,0.5753999948501587,0.572700023651123,0.5752999782562256,28363,0.0,0.0
2026-04-07 11:35:00-04:00,0.5753999948501587,0.5846999883651733,0.5752999782562256,0.5799999833106995,90812,0.0,0.0
2026-04-07 11:40:00-04:00,0.5751000046730042,0.58160001039505,0.574400007724762,0.5778999924659729,93134,0.0,0.0
2026-04-07 11:45:00-04:00,0.5770000219345093,0.578000009059906,0.5758000016212463,0.578000009059906,31977,0.0,0.0
2026-04-07 11:50:00-04:00,0.578000009059906,0.578499972820282,0.574400007724762,0.5767999887466431,62692,0.0,0.0
2026-04-07 11:55:00-04:00,0.5782999992370605,0.5837000012397766,0.5766000151634216,0.5820000171661377,40950,0.0,0.0
2026-04-07 12:00:00-04:00,0.5820000171661377,0.5893999934196472,0.5819000005722046,0.5834000110626221,46257,0.0,0.0
2026-04-07 12:05:00-04:00,0.5864999890327454,0.588699996471405,0.5799999833106995,0.5799999833106995,14233,0.0,0.0
2026-04-07 12:10:00-04:00,0.5845000147819519,0.5845000147819519,0.5799999833106995,0.5800999999046326,12218,0.0,0.0
2026-04-07 12:15:00-04:00,0.5838000178337097,0.5838000178337097,0.5800999999046326,0.5835000276565552,32164,0.0,0.0
2026-04-07 12:20:00-04:00,0.5828999876976013,0.5838000178337097,0.5828999876976013,0.5835999846458435,21200,0.0,0.0
2026-04-07 12:25:00-04:00,0.5835999846458435,0.5839999914169312,0.5834000110626221,0.5839999914169312,11317,0.0,0.0
2026-04-07 12:30:00-04:00,0.5839999914169312,0.5871999859809875,0.583899974822998,0.5871000289916992,28057,0.0,0.0
2026-04-07 12:35:00-04:00,0.5867000222206116,0.5867000222206116,0.5835999846458435,0.5856000185012817,16150,0.0,0.0
2026-04-07 12:40:00-04:00,0.5838000178337097,0.5861999988555908,0.5830000042915344,0.5830000042915344,39244,0.0,0.0
2026-04-07 12:45:00-04:00,0.5830000042915344,0.5921000242233276,0.5830000042915344,0.5856000185012817,26682,0.0,0.0
2026-04-07 12:50:00-04:00,0.5853000283241272,0.5906999707221985,0.5852000117301941,0.5853000283241272,35790,0.0,0.0
2026-04-07 12:55:00-04:00,0.5849999785423279,0.5875999927520752,0.5849999785423279,0.5849999785423279,20251,0.0,0.0
2026-04-07 13:00:00-04:00,0.5856000185012817,0.5859000086784363,0.5809999704360962,0.5824999809265137,92076,0.0,0.0
2026-04-07 13:05:00-04:00,0.5824999809265137,0.5856000185012817,0.5824999809265137,0.5827000141143799,23923,0.0,0.0
2026-04-07 13:10:00-04:00,0.5856000185012817,0.5856000185012817,0.5827000141143799,0.5846999883651733,13379,0.0,0.0
2026-04-07 13:15:00-04:00,0.5842000246047974,0.5842000246047974,0.5809999704360962,0.583899974822998,57622,0.0,0.0
2026-04-07 13:20:00-04:00,0.5835000276565552,0.5839999914169312,0.5830000042915344,0.5835000276565552,12587,0.0,0.0
2026-04-07 13:25:00-04:00,0.5830000042915344,0.5835999846458435,0.5828999876976013,0.5835999846458435,3046,0.0,0.0
2026-04-07 13:30:00-04:00,0.5828999876976013,0.585099995136261,0.5828999876976013,0.585099995136261,25783,0.0,0.0
2026-04-07 13:35:00-04:00,0.5849000215530396,0.5892999768257141,0.5843999981880188,0.5881999731063843,86480,0.0,0.0
2026-04-07 13:40:00-04:00,0.5870000123977661,0.5881999731063843,0.5870000123977661,0.5879999995231628,51348,0.0,0.0
2026-04-07 13:45:00-04:00,0.5873000025749207,0.5875999927520752,0.5867999792098999,0.586899995803833,15146,0.0,0.0
2026-04-07 13:50:00-04:00,0.5873000025749207,0.5874000191688538,0.5873000025749207,0.5874000191688538,2537,0.0,0.0
2026-04-07 13:55:00-04:00,0.5870000123977661,0.5877000093460083,0.5870000123977661,0.5874000191688538,5522,0.0,0.0
2026-04-07 14:00:00-04:00,0.5874000191688538,0.5925999879837036,0.5874000191688538,0.5925999879837036,31756,0.0,0.0
2026-04-07 14:05:00-04:00,0.5924999713897705,0.5934000015258789,0.5924999713897705,0.5934000015258789,25846,0.0,0.0
2026-04-07 14:10:00-04:00,0.5927000045776367,0.5940999984741211,0.5927000045776367,0.5940999984741211,47372,0.0,0.0
2026-04-07 14:15:00-04:00,0.5942000150680542,0.5942999720573425,0.5899999737739563,0.590499997138977,76609,0.0,0.0
2026-04-07 14:20:00-04:00,0.590499997138977,0.5972999930381775,0.590499997138977,0.5939000248908997,79782,0.0,0.0
2026-04-07 14:25:00-04:00,0.593999981880188,0.5986999869346619,0.5939000248908997,0.5986999869346619,8796,0.0,0.0
2026-04-07 14:30:00-04:00,0.5986999869346619,0.6057000160217285,0.593999981880188,0.597000002861023,156726,0.0,0.0
2026-04-07 14:35:00-04:00,0.597000002861023,0.6000000238418579,0.5942000150680542,0.5956000089645386,8663,0.0,0.0
2026-04-07 14:40:00-04:00,0.5950000286102295,0.5956000089645386,0.5870000123977661,0.5910000205039978,14575,0.0,0.0
2026-04-07 14:45:00-04:00,0.5907999873161316,0.5911999940872192,0.5896000266075134,0.5906999707221985,22429,0.0,0.0
2026-04-07 14:50:00-04:00,0.5906000137329102,0.5906999707221985,0.588100016117096,0.5888000130653381,14804,0.0,0.0
2026-04-07 14:55:00-04:00,0.5882999897003174,0.5882999897003174,0.5870000123977661,0.5870000123977661,21624,0.0,0.0
2026-04-07 15:00:00-04:00,0.5871999859809875,0.5873000025749207,0.5870000123977661,0.5871000289916992,81629,0.0,0.0
2026-04-07 15:05:00-04:00,0.5871000289916992,0.5873000025749207,0.5870000123977661,0.5871000289916992,12025,0.0,0.0
2026-04-07 15:10:00-04:00,0.5870000123977661,0.5871000289916992,0.5870000123977661,0.5871000289916992,25858,0.0,0.0
2026-04-07 15:15:00-04:00,0.5870000123977661,0.5936999917030334,0.5870000123977661,0.5928999781608582,44730,0.0,0.0
2026-04-07 15:20:00-04:00,0.5931000113487244,0.5931000113487244,0.5918999910354614,0.5927000045776367,19963,0.0,0.0
2026-04-07 15:25:00-04:00,0.5922999978065491,0.5927000045776367,0.5920000076293945,0.5920000076293945,5514,0.0,0.0
2026-04-07 15:30:00-04:00,0.5920000076293945,0.5920000076293945,0.5900999903678894,0.590399980545044,24035,0.0,0.0
2026-04-07 15:35:00-04:00,0.590399980545044,0.590399980545044,0.5885999798774719,0.588699996471405,16329,0.0,0.0
2026-04-07 15:40:00-04:00,0.5896000266075134,0.5896000266075134,0.5874999761581421,0.5874999761581421,13156,0.0,0.0
2026-04-07 15:45:00-04:00,0.588100016117096,0.5918999910354614,0.5874999761581421,0.5906000137329102,34794,0.0,0.0
2026-04-07 15:50:00-04:00,0.5906000137329102,0.598800003528595,0.5906000137329102,0.59579998254776,73555,0.0,0.0
2026-04-07 15:55:00-04:00,0.5957000255584717,0.6000000238418579,0.5911999940872192,0.5968000292778015,136620,0.0,0.0
2026-04-08 09:30:00-04:00,0.6290000081062317,0.6419000029563904,0.6201000213623047,0.629800021648407,280294,0.0,0.0
2026-04-08 09:35:00-04:00,0.632099986076355,0.6499999761581421,0.6299999952316284,0.6355999708175659,139041,0.0,0.0
2026-04-08 09:40:00-04:00,0.6359000205993652,0.6362000107765198,0.6201000213623047,0.6297000050544739,19189,0.0,0.0
2026-04-08 09:45:00-04:00,0.6295999884605408,0.6295999884605408,0.625,0.6251999735832214,4212,0.0,0.0
2026-04-08 09:50:00-04:00,0.6251999735832214,0.6363999843597412,0.6215000152587891,0.6324999928474426,103456,0.0,0.0
2026-04-08 09:55:00-04:00,0.6348000168800354,0.6348000168800354,0.6301000118255615,0.6320000290870667,73664,0.0,0.0
2026-04-08 10:00:00-04:00,0.6299999952316284,0.6398000121116638,0.6299999952316284,0.6349999904632568,69768,0.0,0.0
2026-04-08 10:05:00-04:00,0.6302000284194946,0.6349999904632568,0.6301000118255615,0.6323000192642212,22146,0.0,0.0
2026-04-08 10:10:00-04:00,0.6345000267028809,0.6419000029563904,0.6345000267028809,0.637499988079071,13590,0.0,0.0
2026-04-08 10:15:00-04:00,0.637499988079071,0.637499988079071,0.6301000118255615,0.6301000118255615,118478,0.0,0.0
2026-04-08 10:20:00-04:00,0.6301000118255615,0.6345999836921692,0.6274999976158142,0.6299999952316284,52152,0.0,0.0
2026-04-08 10:25:00-04:00,0.6294000148773193,0.6348999738693237,0.6294000148773193,0.6348999738693237,28911,0.0,0.0
2026-04-08 10:30:00-04:00,0.6316999793052673,0.6327000260353088,0.6247000098228455,0.6269000172615051,19103,0.0,0.0
2026-04-08 10:35:00-04:00,0.6265000104904175,0.628000020980835,0.6263999938964844,0.6279000043869019,9512,0.0,0.0
2026-04-08 10:40:00-04:00,0.6277999877929688,0.6277999877929688,0.6266000270843506,0.6273999810218811,25069,0.0,0.0
2026-04-08 10:45:00-04:00,0.6274999976158142,0.6274999976158142,0.626800000667572,0.6272000074386597,10831,0.0,0.0
2026-04-08 10:50:00-04:00,0.6272000074386597,0.6272000074386597,0.6254000067710876,0.6258000135421753,40434,0.0,0.0
2026-04-08 10:55:00-04:00,0.6255999803543091,0.6255999803543091,0.6184999942779541,0.6197999715805054,31203,0.0,0.0
2026-04-08 11:00:00-04:00,0.6197999715805054,0.6251000165939331,0.6197999715805054,0.6233000159263611,33319,0.0,0.0
2026-04-08 11:05:00-04:00,0.6233999729156494,0.626800000667572,0.6233999729156494,0.6262000203132629,50801,0.0,0.0
2026-04-08 11:10:00-04:00,0.6255000233650208,0.628000020980835,0.6244000196456909,0.628000020980835,12637,0.0,0.0
2026-04-08 11:15:00-04:00,0.6262999773025513,0.6284000277519226,0.6261000037193298,0.6283000111579895,19163,0.0,0.0
2026-04-08 11:20:00-04:00,0.6283000111579895,0.6355000138282776,0.6281999945640564,0.6351000070571899,79278,0.0,0.0
2026-04-08 11:25:00-04:00,0.635200023651123,0.6353999972343445,0.630299985408783,0.6334999799728394,29875,0.0,0.0
2026-04-08 11:30:00-04:00,0.630299985408783,0.6331999897956848,0.6276000142097473,0.6298999786376953,9814,0.0,0.0
2026-04-08 11:35:00-04:00,0.631600022315979,0.6399999856948853,0.6309999823570251,0.6385999917984009,305421,0.0,0.0
2026-04-08 11:40:00-04:00,0.6396999955177307,0.6399000287055969,0.633400022983551,0.635200023651123,67672,0.0,0.0
2026-04-08 11:45:00-04:00,0.6394000053405762,0.6398000121116638,0.6366999745368958,0.6388999819755554,18333,0.0,0.0
2026-04-08 11:50:00-04:00,0.6399000287055969,0.6399999856948853,0.6352999806404114,0.635699987411499,29848,0.0,0.0
2026-04-08 11:55:00-04:00,0.6362000107765198,0.6396999955177307,0.6362000107765198,0.6392999887466431,44212,0.0,0.0
2026-04-08 12:00:00-04:00,0.6392999887466431,0.646399974822998,0.6392999887466431,0.6450999975204468,141719,0.0,0.0
2026-04-08 12:05:00-04:00,0.6438000202178955,0.6438000202178955,0.6421999931335449,0.6428999900817871,48597,0.0,0.0
2026-04-08 12:10:00-04:00,0.6434000134468079,0.6437000036239624,0.6431999802589417,0.6434999704360962,34376,0.0,0.0
2026-04-08 12:15:00-04:00,0.6434999704360962,0.6435999870300293,0.6427000164985657,0.6431000232696533,33354,0.0,0.0
2026-04-08 12:20:00-04:00,0.642799973487854,0.6437000036239624,0.642799973487854,0.6434000134468079,20458,0.0,0.0
2026-04-08 12:25:00-04:00,0.6434999704360962,0.6438999772071838,0.6432999968528748,0.6438999772071838,9769,0.0,0.0
2026-04-08 12:30:00-04:00,0.6438999772071838,0.6481999754905701,0.6438000202178955,0.6481999754905701,65330,0.0,0.0
2026-04-08 12:35:00-04:00,0.6485000252723694,0.6499999761581421,0.6485000252723694,0.6499000191688538,82065,0.0,0.0
2026-04-08 12:40:00-04:00,0.6499000191688538,0.6527000069618225,0.6499000191688538,0.6502000093460083,131475,0.0,0.0
2026-04-08 12:45:00-04:00,0.650600016117096,0.6506999731063843,0.6486999988555908,0.6491000056266785,66823,0.0,0.0
2026-04-08 12:50:00-04:00,0.6491000056266785,0.6499000191688538,0.6486999988555908,0.6492999792098999,72698,0.0,0.0
2026-04-08 12:55:00-04:00,0.6486999988555908,0.6496999859809875,0.6444000005722046,0.6460999846458435,91463,0.0,0.0
2026-04-08 13:00:00-04:00,0.6460000276565552,0.6460000276565552,0.644599974155426,0.6455000042915344,32361,0.0,0.0
2026-04-08 13:05:00-04:00,0.6455000042915344,0.6455000042915344,0.6402999758720398,0.6420000195503235,12365,0.0,0.0
2026-04-08 13:10:00-04:00,0.6428999900817871,0.6438000202178955,0.6424999833106995,0.6437000036239624,10470,0.0,0.0
2026-04-08 13:15:00-04:00,0.6434999704360962,0.6434999704360962,0.6370999813079834,0.6399999856948853,93162,0.0,0.0
2026-04-08 13:20:00-04:00,0.6399999856948853,0.6401000022888184,0.6394000053405762,0.6399999856948853,10045,0.0,0.0
2026-04-08 13:25:00-04:00,0.6399999856948853,0.6402999758720398,0.6399999856948853,0.6402999758720398,7169,0.0,0.0
2026-04-08 13:30:00-04:00,0.6402000188827515,0.6444000005722046,0.6402000188827515,0.6438000202178955,28141,0.0,0.0
2026-04-08 13:35:00-04:00,0.6463000178337097,0.6500999927520752,0.6401000022888184,0.6442999839782715,86188,0.0,0.0
2026-04-08 13:40:00-04:00,0.6442999839782715,0.6499999761581421,0.6442999839782715,0.6460999846458435,18415,0.0,0.0
2026-04-08 13:45:00-04:00,0.6470999717712402,0.6470999717712402,0.6438000202178955,0.6438999772071838,17835,0.0,0.0
2026-04-08 13:50:00-04:00,0.6444000005722046,0.6445000171661377,0.6401000022888184,0.6401000022888184,17086,0.0,0.0
2026-04-08 13:55:00-04:00,0.6401000022888184,0.6414999961853027,0.6391000151634216,0.6406000256538391,22666,0.0,0.0
2026-04-08 14:00:00-04:00,0.6399000287055969,0.6499000191688538,0.6399000287055969,0.6452999711036682,54650,0.0,0.0
2026-04-08 14:05:00-04:00,0.6453999876976013,0.6498000025749207,0.6388999819755554,0.644599974155426,52717,0.0,0.0
2026-04-08 14:10:00-04:00,0.644599974155426,0.6449999809265137,0.6395999789237976,0.6419000029563904,48725,0.0,0.0
2026-04-08 14:15:00-04:00,0.6424999833106995,0.6448000073432922,0.6299999952316284,0.6299999952316284,35030,0.0,0.0
2026-04-08 14:20:00-04:00,0.6345000267028809,0.6377000212669373,0.625,0.6316999793052673,50359,0.0,0.0
2026-04-08 14:25:00-04:00,0.631600022315979,0.6331999897956848,0.6294999718666077,0.6327000260353088,21103,0.0,0.0
2026-04-08 14:30:00-04:00,0.6326000094413757,0.6385999917984009,0.6326000094413757,0.6337000131607056,31547,0.0,0.0
2026-04-08 14:35:00-04:00,0.6337000131607056,0.6338000297546387,0.6290000081062317,0.6299999952316284,13347,0.0,0.0
2026-04-08 14:40:00-04:00,0.6301000118255615,0.6317999958992004,0.6287999749183655,0.6317999958992004,10538,0.0,0.0
2026-04-08 14:45:00-04:00,0.6317999958992004,0.6352999806404114,0.6317999958992004,0.6352999806404114,35311,0.0,0.0
2026-04-08 14:50:00-04:00,0.6353999972343445,0.638700008392334,0.6341999769210815,0.6345999836921692,24330,0.0,0.0
2026-04-08 14:55:00-04:00,0.6345999836921692,0.6347000002861023,0.6338000297546387,0.6340000033378601,32574,0.0,0.0
2026-04-08 15:00:00-04:00,0.6340000033378601,0.6341999769210815,0.6272000074386597,0.6312000155448914,21428,0.0,0.0
2026-04-08 15:05:00-04:00,0.6312000155448914,0.6383000016212463,0.6309000253677368,0.6358000040054321,39996,0.0,0.0
2026-04-08 15:10:00-04:00,0.6363999843597412,0.6438000202178955,0.6363999843597412,0.6425999999046326,19898,0.0,0.0
2026-04-08 15:15:00-04:00,0.6410999894142151,0.6446999907493591,0.640500009059906,0.644599974155426,41108,0.0,0.0
2026-04-08 15:20:00-04:00,0.6477000117301941,0.6477000117301941,0.6413000226020813,0.6425999999046326,49644,0.0,0.0
2026-04-08 15:25:00-04:00,0.6425999999046326,0.6428999900817871,0.6330999732017517,0.6363999843597412,28419,0.0,0.0
2026-04-08 15:30:00-04:00,0.637499988079071,0.6439999938011169,0.6373999714851379,0.6432999968528748,44580,0.0,0.0
2026-04-08 15:35:00-04:00,0.6437000036239624,0.6468999981880188,0.6431999802589417,0.6450999975204468,66533,0.0,0.0
2026-04-08 15:40:00-04:00,0.6450999975204468,0.6450999975204468,0.6434999704360962,0.6438000202178955,37634,0.0,0.0
2026-04-08 15:45:00-04:00,0.6438999772071838,0.6496999859809875,0.6438999772071838,0.6491000056266785,81291,0.0,0.0
2026-04-08 15:50:00-04:00,0.6491000056266785,0.6499999761581421,0.6464999914169312,0.6481999754905701,113839,0.0,0.0
2026-04-08 15:55:00-04:00,0.6470000147819519,0.6499999761581421,0.64410001039505,0.6453999876976013,164440,0.0,0.0
2026-04-09 09:30:00-04:00,0.6313999891281128,0.6449999809265137,0.6299999952316284,0.6403999924659729,95171,0.0,0.0
2026-04-09 09:35:00-04:00,0.6403999924659729,0.6449000239372253,0.6383000016212463,0.6442999839782715,86965,0.0,0.0
2026-04-09 09:40:00-04:00,0.64410001039505,0.6449999809265137,0.6439999938011169,0.6444000005722046,123687,0.0,0.0
2026-04-09 09:45:00-04:00,0.644599974155426,0.6449999809265137,0.6442999839782715,0.6448000073432922,83389,0.0,0.0
2026-04-09 09:50:00-04:00,0.6449999809265137,0.6470999717712402,0.6417999863624573,0.6417999863624573,132921,0.0,0.0
2026-04-09 09:55:00-04:00,0.6407999992370605,0.6419000029563904,0.6407999992370605,0.6419000029563904,14610,0.0,0.0
2026-04-09 10:00:00-04:00,0.6417999863624573,0.6420000195503235,0.6370000243186951,0.6370999813079834,36404,0.0,0.0
2026-04-09 10:05:00-04:00,0.6389999985694885,0.6409000158309937,0.6319000124931335,0.635699987411499,110787,0.0,0.0
2026-04-09 10:10:00-04:00,0.638700008392334,0.638700008392334,0.6358000040054321,0.636900007724762,8220,0.0,0.0
2026-04-09 10:15:00-04:00,0.635699987411499,0.6358000040054321,0.633899986743927,0.6345000267028809,9381,0.0,0.0
2026-04-09 10:20:00-04:00,0.6345000267028809,0.6420000195503235,0.6345000267028809,0.6399999856948853,83470,0.0,0.0
2026-04-09 10:25:00-04:00,0.6409000158309937,0.6409000158309937,0.6319000124931335,0.6359999775886536,7680,0.0,0.0
2026-04-09 10:30:00-04:00,0.6360999941825867,0.6360999941825867,0.632099986076355,0.6328999996185303,9863,0.0,0.0
2026-04-09 10:35:00-04:00,0.6323000192642212,0.635200023651123,0.6323000192642212,0.6323000192642212,10822,0.0,0.0
2026-04-09 10:40:00-04:00,0.6333000063896179,0.6341999769210815,0.6323999762535095,0.6341000199317932,35856,0.0,0.0
2026-04-09 10:45:00-04:00,0.633400022983551,0.6348999738693237,0.6323999762535095,0.6348999738693237,17191,0.0,0.0
2026-04-09 10:50:00-04:00,0.6344000101089478,0.6391000151634216,0.6344000101089478,0.6391000151634216,16689,0.0,0.0
2026-04-09 10:55:00-04:00,0.6383000016212463,0.6385999917984009,0.6304000020027161,0.636900007724762,177192,0.0,0.0
2026-04-09 11:00:00-04:00,0.6370000243186951,0.6370000243186951,0.6355999708175659,0.635699987411499,23922,0.0,0.0
2026-04-09 11:05:00-04:00,0.6310999989509583,0.6351000070571899,0.6310999989509583,0.6348000168800354,11070,0.0,0.0
2026-04-09 11:10:00-04:00,0.633899986743927,0.6344000101089478,0.6326000094413757,0.6344000101089478,18082,0.0,0.0
2026-04-09 11:15:00-04:00,0.6355000138282776,0.6355999708175659,0.6334999799728394,0.6351000070571899,10563,0.0,0.0
2026-04-09 11:20:00-04:00,0.6342999935150146,0.6351000070571899,0.6341999769210815,0.6341999769210815,2509,0.0,0.0
2026-04-09 11:25:00-04:00,0.6342999935150146,0.6345000267028809,0.6326000094413757,0.6340000033378601,13234,0.0,0.0
2026-04-09 11:30:00-04:00,0.6324999928474426,0.6378999948501587,0.6324999928474426,0.6378999948501587,54889,0.0,0.0
2026-04-09 11:35:00-04:00,0.6373000144958496,0.6378999948501587,0.6359000205993652,0.6359000205993652,17402,0.0,0.0
2026-04-09 11:40:00-04:00,0.6341999769210815,0.6373000144958496,0.6341999769210815,0.6345999836921692,3850,0.0,0.0
2026-04-09 11:45:00-04:00,0.6362000107765198,0.6399000287055969,0.6362000107765198,0.6398000121116638,36301,0.0,0.0
2026-04-09 11:50:00-04:00,0.6395999789237976,0.6399999856948853,0.6388999819755554,0.6399999856948853,33772,0.0,0.0
2026-04-09 11:55:00-04:00,0.6399999856948853,0.6399999856948853,0.6398000121116638,0.6399999856948853,64379,0.0,0.0
2026-04-09 12:00:00-04:00,0.6399000287055969,0.6399999856948853,0.6399000287055969,0.6399999856948853,67788,0.0,0.0
2026-04-09 12:05:00-04:00,0.6399000287055969,0.6449999809265137,0.6367999911308289,0.6449999809265137,1294192,0.0,0.0
2026-04-09 12:10:00-04:00,0.6460999846458435,0.6473000049591064,0.6373999714851379,0.642300009727478,31779,0.0,0.0
2026-04-09 12:15:00-04:00,0.6424000263214111,0.6442999839782715,0.6399999856948853,0.6413999795913696,338409,0.0,0.0
2026-04-09 12:20:00-04:00,0.6419000029563904,0.6419000029563904,0.6385999917984009,0.6385999917984009,12060,0.0,0.0
2026-04-09 12:25:00-04:00,0.6383000016212463,0.6407999992370605,0.6383000016212463,0.6399000287055969,7270,0.0,0.0
2026-04-09 12:30:00-04:00,0.6402000188827515,0.6402000188827515,0.6366999745368958,0.6388000249862671,34661,0.0,0.0
2026-04-09 12:35:00-04:00,0.6385999917984009,0.6396999955177307,0.6367999911308289,0.6367999911308289,12986,0.0,0.0
2026-04-09 12:40:00-04:00,0.6383000016212463,0.6402999758720398,0.6381999850273132,0.6401000022888184,23250,0.0,0.0
2026-04-09 12:45:00-04:00,0.6395999789237976,0.6396999955177307,0.6367999911308289,0.6367999911308289,16746,0.0,0.0
2026-04-09 12:50:00-04:00,0.6367999911308289,0.6367999911308289,0.6324999928474426,0.6333000063896179,16640,0.0,0.0
2026-04-09 12:55:00-04:00,0.6362000107765198,0.6367999911308289,0.6355999708175659,0.6362000107765198,7836,0.0,0.0
2026-04-09 13:00:00-04:00,0.635699987411499,0.635699987411499,0.6338000297546387,0.6341999769210815,17202,0.0,0.0
2026-04-09 13:05:00-04:00,0.6342999935150146,0.6365000009536743,0.6342999935150146,0.6355999708175659,4816,0.0,0.0
2026-04-09 13:10:00-04:00,0.6359999775886536,0.6359999775886536,0.6348999738693237,0.6359000205993652,3732,0.0,0.0
2026-04-09 13:15:00-04:00,0.6359999775886536,0.6362000107765198,0.6355999708175659,0.6360999941825867,8702,0.0,0.0
2026-04-09 13:20:00-04:00,0.6360999941825867,0.6360999941825867,0.6359000205993652,0.6360999941825867,4159,0.0,0.0
2026-04-09 13:25:00-04:00,0.6360999941825867,0.6360999941825867,0.6312999725341797,0.6312999725341797,10960,0.0,0.0
2026-04-09 13:30:00-04:00,0.6341999769210815,0.6341999769210815,0.6309999823570251,0.6334999799728394,8346,0.0,0.0
2026-04-09 13:35:00-04:00,0.6335999965667725,0.6335999965667725,0.6322000026702881,0.6323999762535095,15252,0.0,0.0
2026-04-09 13:40:00-04:00,0.6323999762535095,0.6334999799728394,0.6323999762535095,0.633400022983551,3729,0.0,0.0
2026-04-09 13:45:00-04:00,0.633400022983551,0.6334999799728394,0.6323999762535095,0.633400022983551,6586,0.0,0.0
2026-04-09 13:50:00-04:00,0.6323999762535095,0.6331999897956848,0.6323999762535095,0.6327999830245972,10168,0.0,0.0
2026-04-09 13:55:00-04:00,0.6327999830245972,0.6327999830245972,0.6323999762535095,0.6323999762535095,5359,0.0,0.0
2026-04-09 14:00:00-04:00,0.6323999762535095,0.6328999996185303,0.626800000667572,0.626800000667572,14163,0.0,0.0
2026-04-09 14:05:00-04:00,0.6269000172615051,0.6281999945640564,0.6269000172615051,0.6281999945640564,5610,0.0,0.0
2026-04-09 14:10:00-04:00,0.6291000247001648,0.6301000118255615,0.6291000247001648,0.6299999952316284,18613,0.0,0.0
2026-04-09 14:15:00-04:00,0.6302000284194946,0.6312999725341797,0.6292999982833862,0.6305000185966492,18042,0.0,0.0
2026-04-09 14:20:00-04:00,0.6304000020027161,0.6304000020027161,0.6276000142097473,0.6276000142097473,40437,0.0,0.0
2026-04-09 14:25:00-04:00,0.6290000081062317,0.6297000050544739,0.6255999803543091,0.6283000111579895,7029,0.0,0.0
2026-04-09 14:30:00-04:00,0.6283000111579895,0.6287000179290771,0.6261000037193298,0.6276000142097473,35028,0.0,0.0
2026-04-09 14:35:00-04:00,0.6276000142097473,0.628000020980835,0.6276000142097473,0.628000020980835,4399,0.0,0.0
2026-04-09 14:40:00-04:00,0.6279000043869019,0.628000020980835,0.6277999877929688,0.6277999877929688,14127,0.0,0.0
2026-04-09 14:45:00-04:00,0.6276999711990356,0.6277999877929688,0.6276000142097473,0.6276999711990356,5487,0.0,0.0
2026-04-09 14:50:00-04:00,0.6276000142097473,0.6276999711990356,0.6259999871253967,0.6259999871253967,8948,0.0,0.0
2026-04-09 14:55:00-04:00,0.6255000233650208,0.6283000111579895,0.6255000233650208,0.6283000111579895,14729,0.0,0.0
2026-04-09 15:00:00-04:00,0.6290000081062317,0.6315000057220459,0.6284000277519226,0.6313999891281128,13097,0.0,0.0
2026-04-09 15:05:00-04:00,0.6312000155448914,0.6315000057220459,0.6312000155448914,0.6312999725341797,5554,0.0,0.0
2026-04-09 15:10:00-04:00,0.6315000057220459,0.6316999793052673,0.6310999989509583,0.6315000057220459,10465,0.0,0.0
2026-04-09 15:15:00-04:00,0.6320000290870667,0.632099986076355,0.6315000057220459,0.6315000057220459,4798,0.0,0.0
2026-04-09 15:20:00-04:00,0.6315000057220459,0.6317999958992004,0.6295999884605408,0.6302000284194946,17553,0.0,0.0
2026-04-09 15:25:00-04:00,0.6306999921798706,0.6306999921798706,0.6304000020027161,0.6304000020027161,8343,0.0,0.0
2026-04-09 15:30:00-04:00,0.6305999755859375,0.6306999921798706,0.6304000020027161,0.6304000020027161,5158,0.0,0.0
2026-04-09 15:35:00-04:00,0.6305000185966492,0.6305000185966492,0.628600001335144,0.628600001335144,11636,0.0,0.0
2026-04-09 15:40:00-04:00,0.6288999915122986,0.6290000081062317,0.6262999773025513,0.6262999773025513,19773,0.0,0.0
2026-04-09 15:45:00-04:00,0.6252999901771545,0.6252999901771545,0.6229000091552734,0.6251999735832214,63908,0.0,0.0
2026-04-09 15:50:00-04:00,0.6262000203132629,0.6274999976158142,0.6262000203132629,0.6262000203132629,47336,0.0,0.0
2026-04-09 15:55:00-04:00,0.6255999803543091,0.6258000135421753,0.6190000176429749,0.6208000183105469,162046,0.0,0.0
2026-04-10 09:30:00-04:00,0.6261000037193298,0.6281999945640564,0.6110000014305115,0.6177999973297119,54150,0.0,0.0
2026-04-10 09:35:00-04:00,0.617900013923645,0.6190999746322632,0.6004999876022339,0.6110000014305115,55692,0.0,0.0
2026-04-10 09:40:00-04:00,0.6011999845504761,0.6191999912261963,0.600600004196167,0.6014999747276306,115836,0.0,0.0
2026-04-10 09:45:00-04:00,0.6100000143051147,0.6155999898910522,0.6014999747276306,0.6039999723434448,42791,0.0,0.0
2026-04-10 09:50:00-04:00,0.6039999723434448,0.621999979019165,0.6039000153541565,0.6194000244140625,105883,0.0,0.0
2026-04-10 09:55:00-04:00,0.6194000244140625,0.623199999332428,0.6157000064849854,0.6200000047683716,19748,0.0,0.0
2026-04-10 10:00:00-04:00,0.6177999973297119,0.6200000047683716,0.6155999898910522,0.6155999898910522,33180,0.0,0.0
2026-04-10 10:05:00-04:00,0.6155999898910522,0.6177999973297119,0.6154999732971191,0.6166999936103821,28655,0.0,0.0
2026-04-10 10:10:00-04:00,0.617900013923645,0.6191999912261963,0.6154999732971191,0.6191999912261963,10333,0.0,0.0
2026-04-10 10:15:00-04:00,0.6191999912261963,0.6191999912261963,0.6126000285148621,0.6126000285148621,19804,0.0,0.0
2026-04-10 10:20:00-04:00,0.6158000230789185,0.6197999715805054,0.6151999831199646,0.619700014591217,7396,0.0,0.0
2026-04-10 10:25:00-04:00,0.6172999739646912,0.6198999881744385,0.6154000163078308,0.6176999807357788,21785,0.0,0.0
2026-04-10 10:30:00-04:00,0.6176999807357788,0.6197999715805054,0.6154999732971191,0.6176999807357788,14090,0.0,0.0
2026-04-10 10:35:00-04:00,0.6176999807357788,0.6201000213623047,0.6176999807357788,0.6186000108718872,27469,0.0,0.0
2026-04-10 10:40:00-04:00,0.6186000108718872,0.6190999746322632,0.6126999855041504,0.6126999855041504,27455,0.0,0.0
2026-04-10 10:45:00-04:00,0.6110000014305115,0.6111000180244446,0.6043999791145325,0.6044999957084656,41259,0.0,0.0
2026-04-10 10:50:00-04:00,0.6061999797821045,0.6075999736785889,0.6047000288963318,0.6074000000953674,29067,0.0,0.0
2026-04-10 10:55:00-04:00,0.6061999797821045,0.6075000166893005,0.6061999797821045,0.6072999835014343,12047,0.0,0.0
2026-04-10 11:00:00-04:00,0.6069999933242798,0.6074000000953674,0.6069999933242798,0.6074000000953674,22683,0.0,0.0
2026-04-10 11:05:00-04:00,0.6072999835014343,0.613099992275238,0.6069999933242798,0.613099992275238,36316,0.0,0.0
2026-04-10 11:10:00-04:00,0.6101999878883362,0.6158000230789185,0.6100000143051147,0.6129999756813049,11661,0.0,0.0
2026-04-10 11:15:00-04:00,0.6100000143051147,0.6152999997138977,0.6086000204086304,0.6107000112533569,94198,0.0,0.0
2026-04-10 11:20:00-04:00,0.6104000210762024,0.6126000285148621,0.6100999712944031,0.6107000112533569,25309,0.0,0.0
2026-04-10 11:25:00-04:00,0.6126000285148621,0.6126000285148621,0.6093000173568726,0.61080002784729,21174,0.0,0.0
2026-04-10 11:30:00-04:00,0.6079999804496765,0.6122000217437744,0.6064000129699707,0.6064000129699707,63467,0.0,0.0
2026-04-10 11:35:00-04:00,0.6087999939918518,0.6087999939918518,0.6062999963760376,0.6062999963760376,19648,0.0,0.0
2026-04-10 11:40:00-04:00,0.6062999963760376,0.6062999963760376,0.602400004863739,0.6026999950408936,26885,0.0,0.0
2026-04-10 11:45:00-04:00,0.6026999950408936,0.6093999743461609,0.6025000214576721,0.6025999784469604,74760,0.0,0.0
2026-04-10 11:50:00-04:00,0.6057000160217285,0.6057000160217285,0.6021999716758728,0.6021999716758728,34773,0.0,0.0
2026-04-10 11:55:00-04:00,0.6033999919891357,0.6036999821662903,0.600600004196167,0.600600004196167,36681,0.0,0.0
2026-04-10 12:00:00-04:00,0.6015999913215637,0.6015999913215637,0.6000999808311462,0.6007999777793884,51753,0.0,0.0
2026-04-10 12:05:00-04:00,0.6011000275611877,0.607200026512146,0.6007000207901001,0.6011000275611877,60586,0.0,0.0
2026-04-10 12:10:00-04:00,0.6021999716758728,0.6051999926567078,0.6011000275611877,0.6050999760627747,22511,0.0,0.0
2026-04-10 12:15:00-04:00,0.6050999760627747,0.6090999841690063,0.6011000275611877,0.6064000129699707,52558,0.0,0.0
2026-04-10 12:20:00-04:00,0.6037999987602234,0.6065000295639038,0.6013000011444092,0.6065000295639038,16276,0.0,0.0
2026-04-10 12:25:00-04:00,0.6055999994277954,0.6086000204086304,0.6055999994277954,0.6086000204086304,12339,0.0,0.0
2026-04-10 12:30:00-04:00,0.6100000143051147,0.6100999712944031,0.6069999933242798,0.6096000075340271,22020,0.0,0.0
2026-04-10 12:35:00-04:00,0.6087999939918518,0.6097000241279602,0.6078000068664551,0.6079999804496765,19092,0.0,0.0
2026-04-10 12:40:00-04:00,0.6085000038146973,0.6085000038146973,0.6078000068664551,0.6078000068664551,32577,0.0,0.0
2026-04-10 12:45:00-04:00,0.6079000234603882,0.6079000234603882,0.6078000068664551,0.6078000068664551,9244,0.0,0.0
2026-04-10 12:50:00-04:00,0.6079000234603882,0.6126000285148621,0.6079000234603882,0.6126000285148621,16523,0.0,0.0
2026-04-10 12:55:00-04:00,0.612500011920929,0.6137999892234802,0.6090999841690063,0.6093999743461609,53132,0.0,0.0
2026-04-10 13:00:00-04:00,0.6093999743461609,0.6111000180244446,0.6079999804496765,0.6098999977111816,17453,0.0,0.0
2026-04-10 13:05:00-04:00,0.6097000241279602,0.6114000082015991,0.6097000241279602,0.61080002784729,5962,0.0,0.0
2026-04-10 13:10:00-04:00,0.6114000082015991,0.6115000247955322,0.611299991607666,0.6115000247955322,58410,0.0,0.0
2026-04-10 13:15:00-04:00,0.6115000247955322,0.6225000023841858,0.6115000247955322,0.620199978351593,58226,0.0,0.0
2026-04-10 13:20:00-04:00,0.620199978351593,0.6225000023841858,0.6190999746322632,0.6201000213623047,9796,0.0,0.0
2026-04-10 13:25:00-04:00,0.6201000213623047,0.6208000183105469,0.6201000213623047,0.6201000213623047,4642,0.0,0.0
2026-04-10 13:30:00-04:00,0.6201000213623047,0.6215000152587891,0.6189000010490417,0.6190999746322632,50330,0.0,0.0
2026-04-10 13:35:00-04:00,0.6189000010490417,0.6194000244140625,0.6189000010490417,0.6194000244140625,4957,0.0,0.0
2026-04-10 13:40:00-04:00,0.619700014591217,0.619700014591217,0.6190000176429749,0.6190000176429749,2268,0.0,0.0
2026-04-10 13:45:00-04:00,0.6198999881744385,0.6198999881744385,0.6189000010490417,0.6189000010490417,27889,0.0,0.0
2026-04-10 13:50:00-04:00,0.6189000010490417,0.6200000047683716,0.6189000010490417,0.6200000047683716,16728,0.0,0.0
2026-04-10 13:55:00-04:00,0.6200000047683716,0.6208999752998352,0.6189000010490417,0.6191999912261963,69008,0.0,0.0
2026-04-10 14:00:00-04:00,0.6191999912261963,0.6195999979972839,0.6118999719619751,0.6146000027656555,44286,0.0,0.0
2026-04-10 14:05:00-04:00,0.6172000169754028,0.6180999875068665,0.6146000027656555,0.6179999709129333,13792,0.0,0.0
2026-04-10 14:10:00-04:00,0.6162999868392944,0.6179999709129333,0.6116999983787537,0.6116999983787537,14458,0.0,0.0
2026-04-10 14:15:00-04:00,0.6177999973297119,0.6179999709129333,0.6119999885559082,0.6168000102043152,11427,0.0,0.0
2026-04-10 14:20:00-04:00,0.6144000291824341,0.6169999837875366,0.6119999885559082,0.6168000102043152,10061,0.0,0.0
2026-04-10 14:25:00-04:00,0.6141999959945679,0.6157000064849854,0.6137999892234802,0.6150000095367432,22722,0.0,0.0
2026-04-10 14:30:00-04:00,0.6150000095367432,0.6150000095367432,0.6150000095367432,0.6150000095367432,18205,0.0,0.0
2026-04-10 14:35:00-04:00,0.6150000095367432,0.6152999997138977,0.6134999990463257,0.6141999959945679,7817,0.0,0.0
2026-04-10 14:40:00-04:00,0.6133000254631042,0.6133000254631042,0.6104000210762024,0.611299991607666,31510,0.0,0.0
2026-04-10 14:45:00-04:00,0.6115999817848206,0.6136000156402588,0.6107000112533569,0.6107000112533569,12509,0.0,0.0
2026-04-10 14:50:00-04:00,0.6122999787330627,0.6151999831199646,0.6107000112533569,0.6133999824523926,15278,0.0,0.0
2026-04-10 14:55:00-04:00,0.6151999831199646,0.6151999831199646,0.6115000247955322,0.6115000247955322,5420,0.0,0.0
2026-04-10 15:00:00-04:00,0.614300012588501,0.6151999831199646,0.6122999787330627,0.6136999726295471,11197,0.0,0.0
2026-04-10 15:05:00-04:00,0.6137999892234802,0.6155999898910522,0.6137999892234802,0.6155999898910522,9089,0.0,0.0
2026-04-10 15:10:00-04:00,0.6171000003814697,0.6171000003814697,0.6140999794006348,0.6140999794006348,16109,0.0,0.0
2026-04-10 15:15:00-04:00,0.6140999794006348,0.6150000095367432,0.6100000143051147,0.6134999990463257,14385,0.0,0.0
2026-04-10 15:20:00-04:00,0.6118000149726868,0.6134999990463257,0.6101999878883362,0.6101999878883362,4571,0.0,0.0
2026-04-10 15:25:00-04:00,0.6118999719619751,0.6136000156402588,0.6115999817848206,0.6116999983787537,17288,0.0,0.0
2026-04-10 15:30:00-04:00,0.6129999756813049,0.6129999756813049,0.6100000143051147,0.6100000143051147,39977,0.0,0.0
2026-04-10 15:35:00-04:00,0.6082000136375427,0.609000027179718,0.6051999926567078,0.6055999994277954,17206,0.0,0.0
2026-04-10 15:40:00-04:00,0.6054999828338623,0.6082000136375427,0.6014000177383423,0.6031000018119812,19910,0.0,0.0
2026-04-10 15:45:00-04:00,0.6031000018119812,0.6050999760627747,0.6013000011444092,0.6036999821662903,141679,0.0,0.0
2026-04-10 15:50:00-04:00,0.604200005531311,0.609499990940094,0.604200005531311,0.609499990940094,40562,0.0,0.0
2026-04-10 15:55:00-04:00,0.6071000099182129,0.6151999831199646,0.6057000160217285,0.6104000210762024,110040,0.0,0.0
2026-04-13 09:30:00-04:00,0.6000000238418579,0.6074000000953674,0.5899999737739563,0.5946999788284302,112740,0.0,0.0
2026-04-13 09:35:00-04:00,0.5946999788284302,0.5978000164031982,0.5916000008583069,0.5918999910354614,15975,0.0,0.0
2026-04-13 09:40:00-04:00,0.5934000015258789,0.59579998254776,0.5913000106811523,0.5946000218391418,58799,0.0,0.0
2026-04-13 09:45:00-04:00,0.5945000052452087,0.5953999757766724,0.5910000205039978,0.5910000205039978,28130,0.0,0.0
2026-04-13 09:50:00-04:00,0.5910000205039978,0.5924999713897705,0.5899999737739563,0.5924999713897705,10672,0.0,0.0
2026-04-13 09:55:00-04:00,0.5924999713897705,0.5946999788284302,0.5902000069618225,0.5928000211715698,18528,0.0,0.0
2026-04-13 10:00:00-04:00,0.5928999781608582,0.6000000238418579,0.5911999940872192,0.5952000021934509,95414,0.0,0.0
2026-04-13 10:05:00-04:00,0.597599983215332,0.6000000238418579,0.595300018787384,0.5978999733924866,20669,0.0,0.0
2026-04-13 10:10:00-04:00,0.5978000164031982,0.6022999882698059,0.5967000126838684,0.6019999980926514,52305,0.0,0.0
2026-04-13 10:15:00-04:00,0.598800003528595,0.598800003528595,0.5968000292778015,0.5986999869346619,13782,0.0,0.0
2026-04-13 10:20:00-04:00,0.5974000096321106,0.5982999801635742,0.5967000126838684,0.5971999764442444,16302,0.0,0.0
2026-04-13 10:25:00-04:00,0.5971999764442444,0.6035000085830688,0.5971999764442444,0.6035000085830688,17612,0.0,0.0
2026-04-13 10:30:00-04:00,0.6019999980926514,0.6072999835014343,0.6019999980926514,0.60589998960495,31289,0.0,0.0
2026-04-13 10:35:00-04:00,0.6065000295639038,0.6065000295639038,0.6004999876022339,0.6025000214576721,25647,0.0,0.0
2026-04-13 10:40:00-04:00,0.6004999876022339,0.6039000153541565,0.6003999710083008,0.6035000085830688,22297,0.0,0.0
2026-04-13 10:45:00-04:00,0.6017000079154968,0.6017000079154968,0.5992000102996826,0.5992000102996826,17173,0.0,0.0
2026-04-13 10:50:00-04:00,0.5981000065803528,0.6031000018119812,0.5979999899864197,0.6031000018119812,38072,0.0,0.0
2026-04-13 10:55:00-04:00,0.6017000079154968,0.6050000190734863,0.6017000079154968,0.6049000024795532,4214,0.0,0.0
2026-04-13 11:00:00-04:00,0.6036999821662903,0.6047999858856201,0.6026999950408936,0.6047999858856201,27174,0.0,0.0
2026-04-13 11:05:00-04:00,0.6039999723434448,0.6050999760627747,0.6029999852180481,0.6050999760627747,18597,0.0,0.0
2026-04-13 11:10:00-04:00,0.6043999791145325,0.6100000143051147,0.6043999791145325,0.6093000173568726,56202,0.0,0.0
2026-04-13 11:15:00-04:00,0.6093000173568726,0.6108999848365784,0.6057999730110168,0.6079999804496765,30584,0.0,0.0
2026-04-13 11:20:00-04:00,0.607200026512146,0.6078000068664551,0.6022999882698059,0.6061999797821045,21468,0.0,0.0
2026-04-13 11:25:00-04:00,0.6046000123023987,0.6047999858856201,0.6000999808311462,0.6001999974250793,10269,0.0,0.0
2026-04-13 11:30:00-04:00,0.6047000288963318,0.6047000288963318,0.6025000214576721,0.6028000116348267,25410,0.0,0.0
2026-04-13 11:35:00-04:00,0.6028000116348267,0.6035000085830688,0.6014999747276306,0.602400004863739,7894,0.0,0.0
2026-04-13 11:40:00-04:00,0.602400004863739,0.6032000184059143,0.6003000140190125,0.602400004863739,7840,0.0,0.0
2026-04-13 11:45:00-04:00,0.6011999845504761,0.6022999882698059,0.6001999974250793,0.6018000245094299,6672,0.0,0.0
2026-04-13 11:50:00-04:00,0.6018999814987183,0.6018999814987183,0.6014000177383423,0.6015999913215637,7715,0.0,0.0
2026-04-13 11:55:00-04:00,0.6014999747276306,0.6018999814987183,0.6011999845504761,0.6018999814987183,6518,0.0,0.0
2026-04-13 12:00:00-04:00,0.6018999814987183,0.6021000146865845,0.6017000079154968,0.6021000146865845,29329,0.0,0.0
2026-04-13 12:05:00-04:00,0.6021000146865845,0.6031000018119812,0.6019999980926514,0.6031000018119812,10111,0.0,0.0
2026-04-13 12:10:00-04:00,0.6035000085830688,0.6035000085830688,0.602400004863739,0.602400004863739,7789,0.0,0.0
2026-04-13 12:15:00-04:00,0.602400004863739,0.602400004863739,0.5975000262260437,0.5985000133514404,48076,0.0,0.0
2026-04-13 12:20:00-04:00,0.5982999801635742,0.5996000170707703,0.5982999801635742,0.5996000170707703,28080,0.0,0.0
2026-04-13 12:25:00-04:00,0.599399983882904,0.6013000011444092,0.599399983882904,0.6013000011444092,17905,0.0,0.0
2026-04-13 12:30:00-04:00,0.6008999943733215,0.6014000177383423,0.6008999943733215,0.6014000177383423,11058,0.0,0.0
2026-04-13 12:35:00-04:00,0.6014000177383423,0.6047000288963318,0.6014000177383423,0.6029000282287598,23920,0.0,0.0
2026-04-13 12:40:00-04:00,0.602400004863739,0.6047000288963318,0.6017000079154968,0.6047000288963318,18848,0.0,0.0
2026-04-13 12:45:00-04:00,0.6065999865531921,0.6107000112533569,0.6064000129699707,0.6107000112533569,27038,0.0,0.0
2026-04-13 12:50:00-04:00,0.6100000143051147,0.6162999868392944,0.609499990940094,0.609499990940094,43100,0.0,0.0
2026-04-13 12:55:00-04:00,0.6054999828338623,0.6151000261306763,0.5993000268936157,0.6080999970436096,79451,0.0,0.0
2026-04-13 13:00:00-04:00,0.6080999970436096,0.6151000261306763,0.6080999970436096,0.6114000082015991,24030,0.0,0.0
2026-04-13 13:05:00-04:00,0.6082000136375427,0.6082000136375427,0.6079999804496765,0.6079999804496765,1378,0.0,0.0
2026-04-13 13:10:00-04:00,0.6054999828338623,0.6191999912261963,0.605400025844574,0.6191999912261963,28004,0.0,0.0
2026-04-13 13:15:00-04:00,0.6129999756813049,0.6190000176429749,0.6067000031471252,0.6129000186920166,41769,0.0,0.0
2026-04-13 13:20:00-04:00,0.6129000186920166,0.6190000176429749,0.6067000031471252,0.6187999844551086,25381,0.0,0.0
2026-04-13 13:25:00-04:00,0.6129000186920166,0.6186000108718872,0.6067000031471252,0.6115000247955322,25398,0.0,0.0
2026-04-13 13:30:00-04:00,0.6115000247955322,0.6159999966621399,0.6067000031471252,0.6068000197410583,9701,0.0,0.0
2026-04-13 13:35:00-04:00,0.6111000180244446,0.6152999997138977,0.6067000031471252,0.6108999848365784,15291,0.0,0.0
2026-04-13 13:40:00-04:00,0.6087999939918518,0.6108999848365784,0.6087999939918518,0.6098999977111816,29247,0.0,0.0
2026-04-13 13:45:00-04:00,0.6098999977111816,0.6110000014305115,0.6065000295639038,0.61080002784729,58894,0.0,0.0
2026-04-13 13:50:00-04:00,0.6090999841690063,0.6108999848365784,0.6072999835014343,0.6108999848365784,28389,0.0,0.0
2026-04-13 13:55:00-04:00,0.61080002784729,0.61080002784729,0.6067000031471252,0.6083999872207642,19238,0.0,0.0
2026-04-13 14:00:00-04:00,0.6083999872207642,0.6098999977111816,0.6068000197410583,0.6068000197410583,2827,0.0,0.0
2026-04-13 14:05:00-04:00,0.6098999977111816,0.6098999977111816,0.6071000099182129,0.6097000241279602,7486,0.0,0.0
2026-04-13 14:10:00-04:00,0.609000027179718,0.609000027179718,0.6051999926567078,0.607200026512146,22337,0.0,0.0
2026-04-13 14:15:00-04:00,0.6085000038146973,0.6085000038146973,0.6065000295639038,0.6085000038146973,4595,0.0,0.0
2026-04-13 14:20:00-04:00,0.6086999773979187,0.6146000027656555,0.6078000068664551,0.6111999750137329,95377,0.0,0.0
2026-04-13 14:25:00-04:00,0.6111000180244446,0.6111999750137329,0.6022999882698059,0.6090999841690063,34287,0.0,0.0
2026-04-13 14:30:00-04:00,0.6090999841690063,0.6103000044822693,0.602400004863739,0.6103000044822693,17909,0.0,0.0
2026-04-13 14:35:00-04:00,0.6103000044822693,0.6104000210762024,0.6071000099182129,0.6100000143051147,15057,0.0,0.0
2026-04-13 14:40:00-04:00,0.6101999878883362,0.6111999750137329,0.6100000143051147,0.6111999750137329,15244,0.0,0.0
2026-04-13 14:45:00-04:00,0.6111999750137329,0.6136999726295471,0.6104999780654907,0.6136999726295471,9468,0.0,0.0
2026-04-13 14:50:00-04:00,0.6119999885559082,0.6136999726295471,0.6119999885559082,0.6136999726295471,3938,0.0,0.0
2026-04-13 14:55:00-04:00,0.6136999726295471,0.6136999726295471,0.6071000099182129,0.6122999787330627,29514,0.0,0.0
2026-04-13 15:00:00-04:00,0.6097999811172485,0.612500011920929,0.6097999811172485,0.6116999983787537,9761,0.0,0.0
2026-04-13 15:05:00-04:00,0.6100999712944031,0.6100999712944031,0.6093999743461609,0.6097999811172485,13665,0.0,0.0
2026-04-13 15:10:00-04:00,0.6100000143051147,0.6100999712944031,0.6039999723434448,0.609499990940094,21268,0.0,0.0
2026-04-13 15:15:00-04:00,0.6093999743461609,0.6096000075340271,0.6051999926567078,0.6067000031471252,11067,0.0,0.0
2026-04-13 15:20:00-04:00,0.6065999865531921,0.6079999804496765,0.6061999797821045,0.6074000000953674,26027,0.0,0.0
2026-04-13 15:25:00-04:00,0.6075000166893005,0.6116999983787537,0.6074000000953674,0.6116999983787537,28578,0.0,0.0
2026-04-13 15:30:00-04:00,0.608299970626831,0.6133999824523926,0.608299970626831,0.6092000007629395,25756,0.0,0.0
2026-04-13 15:35:00-04:00,0.6101999878883362,0.6101999878883362,0.6096000075340271,0.6100999712944031,12518,0.0,0.0
2026-04-13 15:40:00-04:00,0.6100000143051147,0.6104999780654907,0.6097999811172485,0.6104999780654907,8942,0.0,0.0
2026-04-13 15:45:00-04:00,0.6104000210762024,0.6105999946594238,0.6104000210762024,0.6105999946594238,24258,0.0,0.0
2026-04-13 15:50:00-04:00,0.6105999946594238,0.6161999702453613,0.6105999946594238,0.6157000064849854,37889,0.0,0.0
2026-04-13 15:55:00-04:00,0.6157000064849854,0.625,0.6133000254631042,0.6248999834060669,141952,0.0,0.0
