datetime,open,high,low,close,volume,dividends,stock splits
2026-04-02 09:30:00-04:00,7.630000114440918,7.659999847412109,7.580999851226807,7.659999847412109,208662,0.0,0.0
2026-04-02 09:31:00-04:00,7.695000171661377,7.74970006942749,7.695000171661377,7.74970006942749,6562,0.0,0.0
2026-04-02 09:32:00-04:00,7.739999771118164,7.75,7.710000038146973,7.747000217437744,13818,0.0,0.0
2026-04-02 09:33:00-04:00,7.75,7.75,7.720099925994873,7.730000019073486,1910,0.0,0.0
2026-04-02 09:34:00-04:00,7.724999904632568,7.724999904632568,7.709199905395508,7.71999979019165,3493,0.0,0.0
2026-04-02 09:35:00-04:00,7.71999979019165,7.727499961853027,7.690000057220459,7.710000038146973,26513,0.0,0.0
2026-04-02 09:36:00-04:00,7.710000038146973,7.719900131225586,7.699999809265137,7.710000038146973,4904,0.0,0.0
2026-04-02 09:37:00-04:00,7.710000038146973,7.71999979019165,7.710000038146973,7.71999979019165,14064,0.0,0.0
2026-04-02 09:38:00-04:00,7.710000038146973,7.729899883270264,7.710000038146973,7.715000152587891,21528,0.0,0.0
2026-04-02 09:39:00-04:00,7.710000038146973,7.71999979019165,7.710000038146973,7.716599941253662,8859,0.0,0.0
2026-04-02 09:40:00-04:00,7.715000152587891,7.730000019073486,7.715000152587891,7.730000019073486,3021,0.0,0.0
2026-04-02 09:41:00-04:00,7.739999771118164,7.75,7.73799991607666,7.75,2169,0.0,0.0
2026-04-02 09:42:00-04:00,7.75,7.75,7.75,7.75,1421,0.0,0.0
2026-04-02 09:43:00-04:00,7.75,7.760000228881836,7.75,7.760000228881836,4388,0.0,0.0
2026-04-02 09:44:00-04:00,7.769999980926514,7.769999980926514,7.760000228881836,7.760000228881836,1989,0.0,0.0
2026-04-02 09:45:00-04:00,7.760000228881836,7.760000228881836,7.73799991607666,7.739999771118164,17243,0.0,0.0
2026-04-02 09:46:00-04:00,7.739999771118164,7.767199993133545,7.738500118255615,7.767199993133545,2867,0.0,0.0
2026-04-02 09:47:00-04:00,7.760000228881836,7.769999980926514,7.760000228881836,7.764999866485596,952,0.0,0.0
2026-04-02 09:48:00-04:00,7.764999866485596,7.769999980926514,7.730000019073486,7.735000133514404,17444,0.0,0.0
2026-04-02 09:49:00-04:00,7.730000019073486,7.730000019073486,7.715000152587891,7.715000152587891,3115,0.0,0.0
2026-04-02 09:50:00-04:00,7.71750020980835,7.71750020980835,7.699999809265137,7.708799839019775,10948,0.0,0.0
2026-04-02 09:51:00-04:00,7.704999923706055,7.715000152587891,7.704999923706055,7.715000152587891,3692,0.0,0.0
2026-04-02 09:52:00-04:00,7.715000152587891,7.715000152587891,7.690000057220459,7.695000171661377,12931,0.0,0.0
2026-04-02 09:53:00-04:00,7.699999809265137,7.710000038146973,7.699999809265137,7.710000038146973,1615,0.0,0.0
2026-04-02 09:54:00-04:00,7.710000038146973,7.721700191497803,7.699999809265137,7.721700191497803,19824,0.0,0.0
2026-04-02 09:55:00-04:00,7.715000152587891,7.71999979019165,7.710000038146973,7.71999979019165,4225,0.0,0.0
2026-04-02 09:56:00-04:00,7.710000038146973,7.71999979019165,7.710000038146973,7.71999979019165,3809,0.0,0.0
2026-04-02 09:57:00-04:00,7.716100215911865,7.71999979019165,7.710000038146973,7.71999979019165,8303,0.0,0.0
2026-04-02 09:58:00-04:00,7.715000152587891,7.71999979019165,7.715000152587891,7.715000152587891,2629,0.0,0.0
2026-04-02 09:59:00-04:00,7.71999979019165,7.729000091552734,7.71999979019165,7.724999904632568,5657,0.0,0.0
2026-04-02 10:00:00-04:00,7.724999904632568,7.735000133514404,7.724999904632568,7.724999904632568,5234,0.0,0.0
2026-04-02 10:01:00-04:00,7.729899883270264,7.729899883270264,7.715000152587891,7.715000152587891,7735,0.0,0.0
2026-04-02 10:02:00-04:00,7.715000152587891,7.71999979019165,7.715000152587891,7.715000152587891,2674,0.0,0.0
2026-04-02 10:03:00-04:00,7.715000152587891,7.719699859619141,7.715000152587891,7.715000152587891,5175,0.0,0.0
2026-04-02 10:04:00-04:00,7.71999979019165,7.735000133514404,7.704999923706055,7.704999923706055,15260,0.0,0.0
2026-04-02 10:05:00-04:00,7.710000038146973,7.715000152587891,7.704999923706055,7.710000038146973,18514,0.0,0.0
2026-04-02 10:06:00-04:00,7.704999923706055,7.730000019073486,7.704999923706055,7.724999904632568,11650,0.0,0.0
2026-04-02 10:07:00-04:00,7.724999904632568,7.739999771118164,7.71999979019165,7.730000019073486,12313,0.0,0.0
2026-04-02 10:08:00-04:00,7.71999979019165,7.730000019073486,7.715000152587891,7.71999979019165,5150,0.0,0.0
2026-04-02 10:09:00-04:00,7.710000038146973,7.724999904632568,7.710000038146973,7.715000152587891,13748,0.0,0.0
2026-04-02 10:10:00-04:00,7.71999979019165,7.71999979019165,7.695000171661377,7.704999923706055,18923,0.0,0.0
2026-04-02 10:11:00-04:00,7.710000038146973,7.730000019073486,7.710000038146973,7.730000019073486,6562,0.0,0.0
2026-04-02 10:12:00-04:00,7.724999904632568,7.724999904632568,7.715000152587891,7.715000152587891,1447,0.0,0.0
2026-04-02 10:13:00-04:00,7.716000080108643,7.71999979019165,7.715000152587891,7.719900131225586,16988,0.0,0.0
2026-04-02 10:14:00-04:00,7.724999904632568,7.724999904632568,7.704999923706055,7.715000152587891,7256,0.0,0.0
2026-04-02 10:15:00-04:00,7.710000038146973,7.710000038146973,7.699999809265137,7.704999923706055,5993,0.0,0.0
2026-04-02 10:16:00-04:00,7.704999923706055,7.735000133514404,7.704999923706055,7.730000019073486,11331,0.0,0.0
2026-04-02 10:17:00-04:00,7.71999979019165,7.755000114440918,7.715000152587891,7.755000114440918,10589,0.0,0.0
2026-04-02 10:18:00-04:00,7.755000114440918,7.760000228881836,7.750199794769287,7.755000114440918,6459,0.0,0.0
2026-04-02 10:19:00-04:00,7.755000114440918,7.755000114440918,7.744999885559082,7.744999885559082,4260,0.0,0.0
2026-04-02 10:20:00-04:00,7.75,7.75,7.744999885559082,7.749800205230713,2027,0.0,0.0
2026-04-02 10:21:00-04:00,7.759900093078613,7.759900093078613,7.759900093078613,7.759900093078613,908,0.0,0.0
2026-04-02 10:22:00-04:00,7.760000228881836,7.764999866485596,7.755000114440918,7.760000228881836,3247,0.0,0.0
2026-04-02 10:23:00-04:00,7.764999866485596,7.769999980926514,7.755000114440918,7.760000228881836,8881,0.0,0.0
2026-04-02 10:24:00-04:00,7.764999866485596,7.764999866485596,7.755000114440918,7.760000228881836,3105,0.0,0.0
2026-04-02 10:25:00-04:00,7.760000228881836,7.760000228881836,7.755000114440918,7.760000228881836,4722,0.0,0.0
2026-04-02 10:26:00-04:00,7.755000114440918,7.760000228881836,7.744999885559082,7.744999885559082,5234,0.0,0.0
2026-04-02 10:27:00-04:00,7.744999885559082,7.75,7.735000133514404,7.735000133514404,5619,0.0,0.0
2026-04-02 10:28:00-04:00,7.735000133514404,7.739999771118164,7.735000133514404,7.735000133514404,2188,0.0,0.0
2026-04-02 10:29:00-04:00,7.735000133514404,7.755000114440918,7.735000133514404,7.744999885559082,17555,0.0,0.0
2026-04-02 10:30:00-04:00,7.744999885559082,7.755000114440918,7.740099906921387,7.75,3657,0.0,0.0
2026-04-02 10:31:00-04:00,7.755099773406982,7.755099773406982,7.755000114440918,7.755000114440918,1793,0.0,0.0
2026-04-02 10:32:00-04:00,7.755000114440918,7.775000095367432,7.75,7.769999980926514,8849,0.0,0.0
2026-04-02 10:33:00-04:00,7.760000228881836,7.784999847412109,7.760000228881836,7.78000020980835,23494,0.0,0.0
2026-04-02 10:34:00-04:00,7.784999847412109,7.800000190734863,7.784999847412109,7.795000076293945,19941,0.0,0.0
2026-04-02 10:35:00-04:00,7.795000076293945,7.824999809265137,7.795000076293945,7.824999809265137,28029,0.0,0.0
2026-04-02 10:36:00-04:00,7.829999923706055,7.889999866485596,7.829999923706055,7.864999771118164,35361,0.0,0.0
2026-04-02 10:37:00-04:00,7.869999885559082,7.909999847412109,7.864999771118164,7.909999847412109,17696,0.0,0.0
2026-04-02 10:38:00-04:00,7.900000095367432,7.900000095367432,7.840000152587891,7.849899768829346,28348,0.0,0.0
2026-04-02 10:39:00-04:00,7.849999904632568,7.869999885559082,7.835000038146973,7.869999885559082,11386,0.0,0.0
2026-04-02 10:40:00-04:00,7.855000019073486,7.860000133514404,7.829999923706055,7.835000038146973,6299,0.0,0.0
2026-04-02 10:41:00-04:00,7.841300010681152,7.849999904632568,7.835000038146973,7.835000038146973,7750,0.0,0.0
2026-04-02 10:42:00-04:00,7.835000038146973,7.860000133514404,7.835000038146973,7.84499979019165,7165,0.0,0.0
2026-04-02 10:43:00-04:00,7.855000019073486,7.879899978637695,7.855000019073486,7.869999885559082,5883,0.0,0.0
2026-04-02 10:44:00-04:00,7.869999885559082,7.880000114440918,7.855000019073486,7.880000114440918,7022,0.0,0.0
2026-04-02 10:45:00-04:00,7.879700183868408,7.879700183868408,7.875,7.875,503,0.0,0.0
2026-04-02 10:46:00-04:00,7.869999885559082,7.869999885559082,7.849999904632568,7.849999904632568,6679,0.0,0.0
2026-04-02 10:47:00-04:00,7.849999904632568,7.849999904632568,7.84499979019165,7.849999904632568,1840,0.0,0.0
2026-04-02 10:48:00-04:00,7.84089994430542,7.84089994430542,7.810299873352051,7.835000038146973,15594,0.0,0.0
2026-04-02 10:49:00-04:00,7.830699920654297,7.840000152587891,7.824999809265137,7.829999923706055,5775,0.0,0.0
2026-04-02 10:50:00-04:00,7.829999923706055,7.835000038146973,7.813199996948242,7.835000038146973,6698,0.0,0.0
2026-04-02 10:51:00-04:00,7.824999809265137,7.835000038146973,7.820000171661377,7.824999809265137,6986,0.0,0.0
2026-04-02 10:52:00-04:00,7.820000171661377,7.829999923706055,7.820000171661377,7.829999923706055,2283,0.0,0.0
2026-04-02 10:53:00-04:00,7.84499979019165,7.849999904632568,7.829999923706055,7.835000038146973,5681,0.0,0.0
2026-04-02 10:54:00-04:00,7.840000152587891,7.849999904632568,7.840000152587891,7.849999904632568,3272,0.0,0.0
2026-04-02 10:55:00-04:00,7.84499979019165,7.864999771118164,7.84499979019165,7.855000019073486,9577,0.0,0.0
2026-04-02 10:57:00-04:00,7.849999904632568,7.849999904632568,7.835000038146973,7.849999904632568,6148,0.0,0.0
2026-04-02 10:58:00-04:00,7.849999904632568,7.869999885559082,7.849999904632568,7.869999885559082,6222,0.0,0.0
2026-04-02 10:59:00-04:00,7.860000133514404,7.864999771118164,7.848599910736084,7.849999904632568,4993,0.0,0.0
2026-04-02 11:00:00-04:00,7.84499979019165,7.84499979019165,7.829999923706055,7.829999923706055,8111,0.0,0.0
2026-04-02 11:01:00-04:00,7.820000171661377,7.820000171661377,7.804999828338623,7.818600177764893,6276,0.0,0.0
2026-04-02 11:02:00-04:00,7.815000057220459,7.815000057220459,7.801300048828125,7.801300048828125,2935,0.0,0.0
2026-04-02 11:03:00-04:00,7.800000190734863,7.800000190734863,7.775000095367432,7.800000190734863,12254,0.0,0.0
2026-04-02 11:04:00-04:00,7.80019998550415,7.809999942779541,7.795000076293945,7.809500217437744,5626,0.0,0.0
2026-04-02 11:05:00-04:00,7.800000190734863,7.800000190734863,7.795000076293945,7.795000076293945,1754,0.0,0.0
2026-04-02 11:06:00-04:00,7.789999961853027,7.789999961853027,7.78000020980835,7.78000020980835,3599,0.0,0.0
2026-04-02 11:07:00-04:00,7.78000020980835,7.78000020980835,7.769999980926514,7.769999980926514,4087,0.0,0.0
2026-04-02 11:08:00-04:00,7.769999980926514,7.789999961853027,7.764999866485596,7.789999961853027,10236,0.0,0.0
2026-04-02 11:09:00-04:00,7.7870001792907715,7.789999961853027,7.78000020980835,7.789999961853027,3777,0.0,0.0
2026-04-02 11:10:00-04:00,7.784999847412109,7.815000057220459,7.784999847412109,7.815000057220459,6980,0.0,0.0
2026-04-02 11:11:00-04:00,7.815000057220459,7.820000171661377,7.815000057220459,7.820000171661377,5883,0.0,0.0
2026-04-02 11:12:00-04:00,7.810100078582764,7.829999923706055,7.810100078582764,7.828700065612793,6146,0.0,0.0
2026-04-02 11:13:00-04:00,7.827600002288818,7.827600002288818,7.824999809265137,7.824999809265137,6114,0.0,0.0
2026-04-02 11:14:00-04:00,7.820000171661377,7.820000171661377,7.820000171661377,7.820000171661377,2530,0.0,0.0
2026-04-02 11:15:00-04:00,7.815000057220459,7.820000171661377,7.815000057220459,7.815000057220459,1291,0.0,0.0
2026-04-02 11:16:00-04:00,7.815000057220459,7.815000057220459,7.801599979400635,7.801599979400635,7150,0.0,0.0
2026-04-02 11:17:00-04:00,7.804999828338623,7.804999828338623,7.800000190734863,7.800000190734863,1653,0.0,0.0
2026-04-02 11:18:00-04:00,7.800000190734863,7.800000190734863,7.784999847412109,7.795000076293945,12167,0.0,0.0
2026-04-02 11:19:00-04:00,7.795000076293945,7.800000190734863,7.795000076293945,7.795000076293945,5899,0.0,0.0
2026-04-02 11:20:00-04:00,7.789999961853027,7.789999961853027,7.769999980926514,7.769999980926514,5069,0.0,0.0
2026-04-02 11:21:00-04:00,7.764999866485596,7.764999866485596,7.7555999755859375,7.764999866485596,3460,0.0,0.0
2026-04-02 11:22:00-04:00,7.769999980926514,7.769999980926514,7.744999885559082,7.744999885559082,5859,0.0,0.0
2026-04-02 11:23:00-04:00,7.744999885559082,7.75,7.744999885559082,7.75,4890,0.0,0.0
2026-04-02 11:24:00-04:00,7.744999885559082,7.754799842834473,7.744999885559082,7.754799842834473,5194,0.0,0.0
2026-04-02 11:25:00-04:00,7.75,7.75,7.739999771118164,7.75,6669,0.0,0.0
2026-04-02 11:26:00-04:00,7.764999866485596,7.764999866485596,7.764999866485596,7.764999866485596,1925,0.0,0.0
2026-04-02 11:27:00-04:00,7.775000095367432,7.775000095367432,7.775000095367432,7.775000095367432,571,0.0,0.0
2026-04-02 11:28:00-04:00,7.78000020980835,7.789899826049805,7.78000020980835,7.789899826049805,4894,0.0,0.0
2026-04-02 11:29:00-04:00,7.78000020980835,7.780099868774414,7.775000095367432,7.775000095367432,2832,0.0,0.0
2026-04-02 11:30:00-04:00,7.78000020980835,7.78000020980835,7.769999980926514,7.769999980926514,2365,0.0,0.0
2026-04-02 11:31:00-04:00,7.769999980926514,7.778600215911865,7.769999980926514,7.778600215911865,2805,0.0,0.0
2026-04-02 11:32:00-04:00,7.775000095367432,7.779399871826172,7.775000095367432,7.778200149536133,3926,0.0,0.0
2026-04-02 11:33:00-04:00,7.769999980926514,7.78000020980835,7.769899845123291,7.769999980926514,30854,0.0,0.0
2026-04-02 11:34:00-04:00,7.775000095367432,7.775000095367432,7.764999866485596,7.769999980926514,3400,0.0,0.0
2026-04-02 11:35:00-04:00,7.769999980926514,7.769999980926514,7.764999866485596,7.769999980926514,3637,0.0,0.0
2026-04-02 11:36:00-04:00,7.779300212860107,7.784999847412109,7.775000095367432,7.784999847412109,16436,0.0,0.0
2026-04-02 11:37:00-04:00,7.789999961853027,7.795300006866455,7.784999847412109,7.784999847412109,2752,0.0,0.0
2026-04-02 11:38:00-04:00,7.784999847412109,7.789999961853027,7.78000020980835,7.789999961853027,2022,0.0,0.0
2026-04-02 11:39:00-04:00,7.784999847412109,7.784999847412109,7.784999847412109,7.784999847412109,2339,0.0,0.0
2026-04-02 11:40:00-04:00,7.764999866485596,7.764999866485596,7.764999866485596,7.764999866485596,6867,0.0,0.0
2026-04-02 11:41:00-04:00,7.764999866485596,7.764999866485596,7.744999885559082,7.744999885559082,3506,0.0,0.0
2026-04-02 11:42:00-04:00,7.744999885559082,7.744999885559082,7.730000019073486,7.730000019073486,6429,0.0,0.0
2026-04-02 11:43:00-04:00,7.7399001121521,7.7399001121521,7.724999904632568,7.735000133514404,7935,0.0,0.0
2026-04-02 11:44:00-04:00,7.739999771118164,7.754899978637695,7.739999771118164,7.754899978637695,5420,0.0,0.0
2026-04-02 11:45:00-04:00,7.755000114440918,7.760000228881836,7.755000114440918,7.755000114440918,6752,0.0,0.0
2026-04-02 11:46:00-04:00,7.752500057220459,7.760000228881836,7.75,7.760000228881836,5210,0.0,0.0
2026-04-02 11:47:00-04:00,7.755000114440918,7.764999866485596,7.751699924468994,7.764999866485596,7592,0.0,0.0
2026-04-02 11:48:00-04:00,7.764999866485596,7.764999866485596,7.750100135803223,7.750100135803223,5192,0.0,0.0
2026-04-02 11:49:00-04:00,7.755000114440918,7.75629997253418,7.755000114440918,7.755000114440918,1771,0.0,0.0
2026-04-02 11:50:00-04:00,7.75,7.755000114440918,7.739999771118164,7.739999771118164,15068,0.0,0.0
2026-04-02 11:51:00-04:00,7.744999885559082,7.744999885559082,7.739999771118164,7.744999885559082,3153,0.0,0.0
2026-04-02 11:52:00-04:00,7.744999885559082,7.744999885559082,7.735000133514404,7.744999885559082,6946,0.0,0.0
2026-04-02 11:54:00-04:00,7.75,7.78000020980835,7.75,7.775000095367432,10371,0.0,0.0
2026-04-02 11:55:00-04:00,7.78000020980835,7.789999961853027,7.78000020980835,7.784999847412109,3668,0.0,0.0
2026-04-02 11:56:00-04:00,7.784999847412109,7.789999961853027,7.769999980926514,7.769999980926514,4820,0.0,0.0
2026-04-02 11:57:00-04:00,7.760000228881836,7.760000228881836,7.752200126647949,7.755000114440918,5356,0.0,0.0
2026-04-02 11:58:00-04:00,7.755000114440918,7.755000114440918,7.744999885559082,7.744999885559082,853,0.0,0.0
2026-04-02 11:59:00-04:00,7.75,7.75,7.75,7.75,1486,0.0,0.0
2026-04-02 12:00:00-04:00,7.755000114440918,7.760000228881836,7.755000114440918,7.755000114440918,7968,0.0,0.0
2026-04-02 12:01:00-04:00,7.760000228881836,7.769999980926514,7.760000228881836,7.769999980926514,2332,0.0,0.0
2026-04-02 12:02:00-04:00,7.769999980926514,7.769999980926514,7.760000228881836,7.769999980926514,3835,0.0,0.0
2026-04-02 12:03:00-04:00,7.764999866485596,7.764999866485596,7.764999866485596,7.764999866485596,751,0.0,0.0
2026-04-02 12:04:00-04:00,7.760000228881836,7.760000228881836,7.744999885559082,7.744999885559082,3650,0.0,0.0
2026-04-02 12:05:00-04:00,7.739999771118164,7.739999771118164,7.724999904632568,7.724999904632568,10099,0.0,0.0
2026-04-02 12:06:00-04:00,7.724999904632568,7.724999904632568,7.699999809265137,7.701700210571289,11901,0.0,0.0
2026-04-02 12:07:00-04:00,7.704999923706055,7.710000038146973,7.699999809265137,7.704999923706055,10358,0.0,0.0
2026-04-02 12:08:00-04:00,7.710000038146973,7.710000038146973,7.699999809265137,7.699999809265137,13194,0.0,0.0
2026-04-02 12:09:00-04:00,7.696000099182129,7.710000038146973,7.695000171661377,7.710000038146973,17781,0.0,0.0
2026-04-02 12:10:00-04:00,7.704999923706055,7.71999979019165,7.704999923706055,7.704999923706055,1297,0.0,0.0
2026-04-02 12:11:00-04:00,7.704999923706055,7.704999923706055,7.704999923706055,7.704999923706055,119,0.0,0.0
2026-04-02 12:12:00-04:00,7.70989990234375,7.710000038146973,7.704999923706055,7.710000038146973,4573,0.0,0.0
2026-04-02 12:13:00-04:00,7.710000038146973,7.715000152587891,7.710000038146973,7.715000152587891,2781,0.0,0.0
2026-04-02 12:14:00-04:00,7.710000038146973,7.715000152587891,7.710000038146973,7.715000152587891,5573,0.0,0.0
2026-04-02 12:15:00-04:00,7.710000038146973,7.710000038146973,7.704999923706055,7.704999923706055,6538,0.0,0.0
2026-04-02 12:16:00-04:00,7.704999923706055,7.704999923706055,7.699999809265137,7.699999809265137,2081,0.0,0.0
2026-04-02 12:17:00-04:00,7.704999923706055,7.704999923706055,7.679999828338623,7.679999828338623,27042,0.0,0.0
2026-04-02 12:18:00-04:00,7.684999942779541,7.690000057220459,7.679999828338623,7.679999828338623,5396,0.0,0.0
2026-04-02 12:19:00-04:00,7.690000057220459,7.690000057220459,7.675000190734863,7.675000190734863,7516,0.0,0.0
2026-04-02 12:20:00-04:00,7.670000076293945,7.670000076293945,7.659999847412109,7.664999961853027,7948,0.0,0.0
2026-04-02 12:21:00-04:00,7.664999961853027,7.675000190734863,7.664999961853027,7.675000190734863,15688,0.0,0.0
2026-04-02 12:22:00-04:00,7.675000190734863,7.689899921417236,7.675000190734863,7.679999828338623,2572,0.0,0.0
2026-04-02 12:23:00-04:00,7.672500133514404,7.684999942779541,7.672500133514404,7.675000190734863,7712,0.0,0.0
2026-04-02 12:24:00-04:00,7.67110013961792,7.675000190734863,7.670000076293945,7.670000076293945,8468,0.0,0.0
2026-04-02 12:25:00-04:00,7.670000076293945,7.670000076293945,7.664999961853027,7.670000076293945,2347,0.0,0.0
2026-04-02 12:26:00-04:00,7.664999961853027,7.669899940490723,7.664999961853027,7.664999961853027,11535,0.0,0.0
2026-04-02 12:27:00-04:00,7.664999961853027,7.675000190734863,7.664999961853027,7.675000190734863,6223,0.0,0.0
2026-04-02 12:28:00-04:00,7.675000190734863,7.684999942779541,7.675000190734863,7.684999942779541,7237,0.0,0.0
2026-04-02 12:29:00-04:00,7.679999828338623,7.689899921417236,7.675000190734863,7.675000190734863,10872,0.0,0.0
2026-04-02 12:30:00-04:00,7.675000190734863,7.679999828338623,7.675000190734863,7.679999828338623,4498,0.0,0.0
2026-04-02 12:31:00-04:00,7.679999828338623,7.679999828338623,7.670000076293945,7.675000190734863,11476,0.0,0.0
2026-04-02 12:32:00-04:00,7.675000190734863,7.684999942779541,7.670000076293945,7.684999942779541,10763,0.0,0.0
2026-04-02 12:33:00-04:00,7.679999828338623,7.690000057220459,7.679999828338623,7.684999942779541,3166,0.0,0.0
2026-04-02 12:34:00-04:00,7.684999942779541,7.684999942779541,7.675000190734863,7.679900169372559,41363,0.0,0.0
2026-04-02 12:35:00-04:00,7.670000076293945,7.670000076293945,7.631100177764893,7.635000228881836,43831,0.0,0.0
2026-04-02 12:36:00-04:00,7.635000228881836,7.635000228881836,7.605000019073486,7.605000019073486,23550,0.0,0.0
2026-04-02 12:37:00-04:00,7.605000019073486,7.625,7.602499961853027,7.619999885559082,24875,0.0,0.0
2026-04-02 12:38:00-04:00,7.614999771118164,7.630000114440918,7.614999771118164,7.619999885559082,7124,0.0,0.0
2026-04-02 12:39:00-04:00,7.625,7.625,7.625,7.625,2260,0.0,0.0
2026-04-02 12:40:00-04:00,7.619999885559082,7.659999847412109,7.619999885559082,7.639999866485596,32998,0.0,0.0
2026-04-02 12:41:00-04:00,7.639999866485596,7.644999980926514,7.639999866485596,7.644999980926514,3221,0.0,0.0
2026-04-02 12:42:00-04:00,7.644999980926514,7.650000095367432,7.644999980926514,7.650000095367432,4710,0.0,0.0
2026-04-02 12:43:00-04:00,7.65500020980835,7.65500020980835,7.644999980926514,7.644999980926514,14903,0.0,0.0
2026-04-02 12:44:00-04:00,7.650000095367432,7.659999847412109,7.650000095367432,7.65500020980835,12233,0.0,0.0
2026-04-02 12:45:00-04:00,7.65500020980835,7.65500020980835,7.650000095367432,7.65500020980835,4935,0.0,0.0
2026-04-02 12:46:00-04:00,7.65500020980835,7.659999847412109,7.65500020980835,7.65500020980835,1099,0.0,0.0
2026-04-02 12:47:00-04:00,7.659999847412109,7.659999847412109,7.65500020980835,7.65500020980835,6736,0.0,0.0
2026-04-02 12:48:00-04:00,7.65500020980835,7.659999847412109,7.65500020980835,7.658599853515625,1541,0.0,0.0
2026-04-02 12:49:00-04:00,7.654799938201904,7.654799938201904,7.639999866485596,7.648900032043457,7431,0.0,0.0
2026-04-02 12:50:00-04:00,7.650000095367432,7.650000095367432,7.644999980926514,7.650000095367432,3739,0.0,0.0
2026-04-02 12:51:00-04:00,7.644999980926514,7.644999980926514,7.635000228881836,7.635000228881836,6015,0.0,0.0
2026-04-02 12:52:00-04:00,7.630000114440918,7.635000228881836,7.6255998611450195,7.635000228881836,7653,0.0,0.0
2026-04-02 12:53:00-04:00,7.635000228881836,7.639999866485596,7.635000228881836,7.639599800109863,5772,0.0,0.0
2026-04-02 12:54:00-04:00,7.635000228881836,7.639999866485596,7.635000228881836,7.635000228881836,3277,0.0,0.0
2026-04-02 12:56:00-04:00,7.633500099182129,7.633500099182129,7.633500099182129,7.633500099182129,989,0.0,0.0
2026-04-02 12:57:00-04:00,7.635000228881836,7.635000228881836,7.635000228881836,7.635000228881836,635,0.0,0.0
2026-04-02 12:58:00-04:00,7.635000228881836,7.644999980926514,7.635000228881836,7.639999866485596,7647,0.0,0.0
2026-04-02 12:59:00-04:00,7.635000228881836,7.635000228881836,7.614999771118164,7.614999771118164,5266,0.0,0.0
2026-04-02 13:00:00-04:00,7.614999771118164,7.619999885559082,7.614999771118164,7.614999771118164,4577,0.0,0.0
2026-04-02 13:01:00-04:00,7.614999771118164,7.614999771118164,7.605000019073486,7.610899925231934,4230,0.0,0.0
2026-04-02 13:02:00-04:00,7.611000061035156,7.619999885559082,7.610000133514404,7.614999771118164,2320,0.0,0.0
2026-04-02 13:03:00-04:00,7.618800163269043,7.619999885559082,7.610000133514404,7.614999771118164,7777,0.0,0.0
2026-04-02 13:04:00-04:00,7.614999771118164,7.629300117492676,7.614999771118164,7.625,7053,0.0,0.0
2026-04-02 13:05:00-04:00,7.619999885559082,7.619999885559082,7.619999885559082,7.619999885559082,2730,0.0,0.0
2026-04-02 13:06:00-04:00,7.627299785614014,7.629899978637695,7.625,7.625,7971,0.0,0.0
2026-04-02 13:07:00-04:00,7.625,7.628900051116943,7.624199867248535,7.628900051116943,6105,0.0,0.0
2026-04-02 13:08:00-04:00,7.619999885559082,7.619999885559082,7.590000152587891,7.590000152587891,27094,0.0,0.0
2026-04-02 13:09:00-04:00,7.59499979019165,7.599899768829346,7.590099811553955,7.590099811553955,9828,0.0,0.0
2026-04-02 13:10:00-04:00,7.59499979019165,7.599999904632568,7.59499979019165,7.599999904632568,1984,0.0,0.0
2026-04-02 13:11:00-04:00,7.59499979019165,7.598899841308594,7.59499979019165,7.59499979019165,5214,0.0,0.0
2026-04-02 13:12:00-04:00,7.596799850463867,7.596799850463867,7.590000152587891,7.590000152587891,7586,0.0,0.0
2026-04-02 13:13:00-04:00,7.585000038146973,7.590000152587891,7.579999923706055,7.590000152587891,17351,0.0,0.0
2026-04-02 13:14:00-04:00,7.585000038146973,7.599999904632568,7.585000038146973,7.594200134277344,19819,0.0,0.0
2026-04-02 13:15:00-04:00,7.59499979019165,7.610000133514404,7.59499979019165,7.610000133514404,2948,0.0,0.0
2026-04-02 13:16:00-04:00,7.610000133514404,7.618599891662598,7.610000133514404,7.618599891662598,2787,0.0,0.0
2026-04-02 13:17:00-04:00,7.614999771118164,7.619999885559082,7.614999771118164,7.614999771118164,3430,0.0,0.0
2026-04-02 13:18:00-04:00,7.619900226593018,7.619900226593018,7.605000019073486,7.610000133514404,10688,0.0,0.0
2026-04-02 13:19:00-04:00,7.605000019073486,7.605000019073486,7.599999904632568,7.599999904632568,4855,0.0,0.0
2026-04-02 13:20:00-04:00,7.59499979019165,7.630000114440918,7.59499979019165,7.623300075531006,13348,0.0,0.0
2026-04-02 13:21:00-04:00,7.619999885559082,7.619999885559082,7.610000133514404,7.610000133514404,3623,0.0,0.0
2026-04-02 13:22:00-04:00,7.619999885559082,7.619999885559082,7.614999771118164,7.61929988861084,3130,0.0,0.0
2026-04-02 13:23:00-04:00,7.618000030517578,7.619999885559082,7.614999771118164,7.619999885559082,8499,0.0,0.0
2026-04-02 13:24:00-04:00,7.61929988861084,7.619999885559082,7.611800193786621,7.611800193786621,7594,0.0,0.0
2026-04-02 13:25:00-04:00,7.614999771118164,7.614999771118164,7.610000133514404,7.614799976348877,5670,0.0,0.0
2026-04-02 13:26:00-04:00,7.614999771118164,7.625,7.614999771118164,7.614999771118164,5939,0.0,0.0
2026-04-02 13:27:00-04:00,7.615200042724609,7.630000114440918,7.614999771118164,7.625100135803223,9709,0.0,0.0
2026-04-02 13:28:00-04:00,7.625,7.625,7.625,7.625,999,0.0,0.0
2026-04-02 13:29:00-04:00,7.625,7.630000114440918,7.620800018310547,7.630000114440918,2183,0.0,0.0
2026-04-02 13:30:00-04:00,7.619999885559082,7.619999885559082,7.614999771118164,7.614999771118164,6017,0.0,0.0
2026-04-02 13:31:00-04:00,7.614999771118164,7.614999771118164,7.614999771118164,7.614999771118164,1513,0.0,0.0
2026-04-02 13:33:00-04:00,7.614999771118164,7.614999771118164,7.605000019073486,7.610000133514404,18407,0.0,0.0
2026-04-02 13:34:00-04:00,7.601900100708008,7.605000019073486,7.599999904632568,7.599999904632568,6551,0.0,0.0
2026-04-02 13:35:00-04:00,7.59499979019165,7.59499979019165,7.585000038146973,7.585000038146973,4934,0.0,0.0
2026-04-02 13:36:00-04:00,7.585000038146973,7.585000038146973,7.579999923706055,7.579999923706055,1298,0.0,0.0
2026-04-02 13:37:00-04:00,7.585000038146973,7.590000152587891,7.585000038146973,7.585000038146973,1450,0.0,0.0
2026-04-02 13:38:00-04:00,7.587500095367432,7.59499979019165,7.584000110626221,7.585000038146973,7642,0.0,0.0
2026-04-02 13:39:00-04:00,7.585000038146973,7.59499979019165,7.585000038146973,7.59499979019165,3702,0.0,0.0
2026-04-02 13:40:00-04:00,7.59499979019165,7.599999904632568,7.59499979019165,7.599999904632568,2001,0.0,0.0
2026-04-02 13:41:00-04:00,7.59499979019165,7.605000019073486,7.59499979019165,7.605000019073486,3133,0.0,0.0
2026-04-02 13:42:00-04:00,7.59499979019165,7.599999904632568,7.59499979019165,7.599999904632568,5961,0.0,0.0
2026-04-02 13:43:00-04:00,7.605000019073486,7.610000133514404,7.605000019073486,7.605000019073486,5889,0.0,0.0
2026-04-02 13:44:00-04:00,7.605000019073486,7.609899997711182,7.59499979019165,7.609899997711182,6385,0.0,0.0
2026-04-02 13:45:00-04:00,7.605000019073486,7.605000019073486,7.605000019073486,7.605000019073486,1575,0.0,0.0
2026-04-02 13:46:00-04:00,7.599999904632568,7.599999904632568,7.590000152587891,7.59250020980835,11782,0.0,0.0
2026-04-02 13:47:00-04:00,7.59499979019165,7.59499979019165,7.574999809265137,7.574999809265137,13569,0.0,0.0
2026-04-02 13:48:00-04:00,7.574999809265137,7.579899787902832,7.574999809265137,7.579899787902832,1358,0.0,0.0
2026-04-02 13:49:00-04:00,7.574999809265137,7.574999809265137,7.565000057220459,7.565000057220459,5840,0.0,0.0
2026-04-02 13:50:00-04:00,7.569300174713135,7.570000171661377,7.565000057220459,7.570000171661377,8741,0.0,0.0
2026-04-02 13:51:00-04:00,7.574999809265137,7.579999923706055,7.574999809265137,7.579999923706055,15975,0.0,0.0
2026-04-02 13:52:00-04:00,7.570000171661377,7.585000038146973,7.570000171661377,7.585000038146973,6486,0.0,0.0
2026-04-02 13:53:00-04:00,7.585000038146973,7.598599910736084,7.585000038146973,7.598599910736084,3030,0.0,0.0
2026-04-02 13:54:00-04:00,7.59499979019165,7.610000133514404,7.59499979019165,7.609899997711182,307518,0.0,0.0
2026-04-02 13:55:00-04:00,7.605000019073486,7.605000019073486,7.59499979019165,7.59499979019165,28787,0.0,0.0
2026-04-02 13:56:00-04:00,7.59499979019165,7.59499979019165,7.590000152587891,7.590000152587891,1023,0.0,0.0
2026-04-02 13:57:00-04:00,7.590000152587891,7.590000152587891,7.579999923706055,7.585000038146973,4411,0.0,0.0
2026-04-02 13:58:00-04:00,7.579999923706055,7.5858001708984375,7.570000171661377,7.585000038146973,8454,0.0,0.0
2026-04-02 13:59:00-04:00,7.585000038146973,7.595099925994873,7.583499908447266,7.590000152587891,5529,0.0,0.0
2026-04-02 14:00:00-04:00,7.593400001525879,7.593400001525879,7.593400001525879,7.593400001525879,216,0.0,0.0
2026-04-02 14:01:00-04:00,7.59499979019165,7.605000019073486,7.59499979019165,7.599999904632568,8292,0.0,0.0
2026-04-02 14:02:00-04:00,7.59499979019165,7.59499979019165,7.59499979019165,7.59499979019165,3202,0.0,0.0
2026-04-02 14:03:00-04:00,7.59499979019165,7.599999904632568,7.59499979019165,7.599999904632568,1943,0.0,0.0
2026-04-02 14:04:00-04:00,7.59499979019165,7.605000019073486,7.59499979019165,7.59499979019165,4418,0.0,0.0
2026-04-02 14:05:00-04:00,7.599999904632568,7.610000133514404,7.599999904632568,7.599999904632568,5332,0.0,0.0
2026-04-02 14:06:00-04:00,7.605000019073486,7.608699798583984,7.59499979019165,7.608699798583984,14385,0.0,0.0
2026-04-02 14:07:00-04:00,7.605000019073486,7.605000019073486,7.605000019073486,7.605000019073486,2129,0.0,0.0
2026-04-02 14:08:00-04:00,7.605000019073486,7.605000019073486,7.590000152587891,7.59499979019165,12223,0.0,0.0
2026-04-02 14:09:00-04:00,7.59499979019165,7.599100112915039,7.590000152587891,7.590000152587891,34819,0.0,0.0
2026-04-02 14:10:00-04:00,7.59499979019165,7.595399856567383,7.59499979019165,7.595399856567383,16671,0.0,0.0
2026-04-02 14:11:00-04:00,7.594399929046631,7.599999904632568,7.594399929046631,7.59499979019165,1423,0.0,0.0
2026-04-02 14:12:00-04:00,7.599999904632568,7.614999771118164,7.590000152587891,7.614999771118164,50309,0.0,0.0
2026-04-02 14:13:00-04:00,7.610000133514404,7.619999885559082,7.60860013961792,7.60860013961792,18251,0.0,0.0
2026-04-02 14:14:00-04:00,7.605000019073486,7.605000019073486,7.599999904632568,7.599999904632568,472,0.0,0.0
2026-04-02 14:15:00-04:00,7.605000019073486,7.619999885559082,7.599999904632568,7.610000133514404,35978,0.0,0.0
2026-04-02 14:16:00-04:00,7.610000133514404,7.618599891662598,7.605000019073486,7.614999771118164,8225,0.0,0.0
2026-04-02 14:17:00-04:00,7.619999885559082,7.625,7.614999771118164,7.625,24230,0.0,0.0
2026-04-02 14:18:00-04:00,7.625,7.630000114440918,7.614999771118164,7.619999885559082,11671,0.0,0.0
2026-04-02 14:19:00-04:00,7.614999771118164,7.614999771118164,7.605000019073486,7.605000019073486,6666,0.0,0.0
2026-04-02 14:20:00-04:00,7.605000019073486,7.60890007019043,7.599999904632568,7.599999904632568,6026,0.0,0.0
2026-04-02 14:21:00-04:00,7.6082000732421875,7.6082000732421875,7.59499979019165,7.599999904632568,8862,0.0,0.0
2026-04-02 14:22:00-04:00,7.599999904632568,7.614999771118164,7.599999904632568,7.614999771118164,29641,0.0,0.0
2026-04-02 14:23:00-04:00,7.619999885559082,7.619999885559082,7.614999771118164,7.614999771118164,1685,0.0,0.0
2026-04-02 14:24:00-04:00,7.614999771118164,7.614999771118164,7.614999771118164,7.614999771118164,314,0.0,0.0
2026-04-02 14:25:00-04:00,7.614999771118164,7.614999771118164,7.59499979019165,7.59499979019165,20355,0.0,0.0
2026-04-02 14:26:00-04:00,7.59499979019165,7.59499979019165,7.579999923706055,7.585000038146973,28177,0.0,0.0
2026-04-02 14:27:00-04:00,7.589000225067139,7.589000225067139,7.579999923706055,7.579999923706055,4051,0.0,0.0
2026-04-02 14:28:00-04:00,7.585000038146973,7.585000038146973,7.579999923706055,7.579999923706055,85710,0.0,0.0
2026-04-02 14:29:00-04:00,7.590000152587891,7.610000133514404,7.585000038146973,7.59499979019165,55122,0.0,0.0
2026-04-02 14:30:00-04:00,7.59499979019165,7.608399868011475,7.59499979019165,7.608399868011475,9382,0.0,0.0
2026-04-02 14:31:00-04:00,7.605000019073486,7.605000019073486,7.599999904632568,7.605000019073486,50217,0.0,0.0
2026-04-02 14:32:00-04:00,7.599999904632568,7.614999771118164,7.599999904632568,7.614999771118164,18164,0.0,0.0
2026-04-02 14:33:00-04:00,7.614999771118164,7.629899978637695,7.614999771118164,7.625,9308,0.0,0.0
2026-04-02 14:34:00-04:00,7.625,7.628600120544434,7.625,7.628600120544434,1737,0.0,0.0
2026-04-02 14:35:00-04:00,7.619999885559082,7.630000114440918,7.619999885559082,7.625,2687,0.0,0.0
2026-04-02 14:36:00-04:00,7.625,7.625,7.625,7.625,870,0.0,0.0
2026-04-02 14:37:00-04:00,7.625,7.625,7.625,7.625,3642,0.0,0.0
2026-04-02 14:38:00-04:00,7.619999885559082,7.630000114440918,7.614999771118164,7.614999771118164,20857,0.0,0.0
2026-04-02 14:39:00-04:00,7.614999771118164,7.625,7.614999771118164,7.625,28570,0.0,0.0
2026-04-02 14:40:00-04:00,7.625,7.635000228881836,7.625,7.635000228881836,4900,0.0,0.0
2026-04-02 14:41:00-04:00,7.635000228881836,7.635000228881836,7.630000114440918,7.630000114440918,6578,0.0,0.0
2026-04-02 14:42:00-04:00,7.625,7.635000228881836,7.625,7.635000228881836,3848,0.0,0.0
2026-04-02 14:43:00-04:00,7.635000228881836,7.635000228881836,7.625,7.625,4175,0.0,0.0
2026-04-02 14:44:00-04:00,7.625,7.635000228881836,7.625,7.635000228881836,4617,0.0,0.0
2026-04-02 14:45:00-04:00,7.635000228881836,7.639999866485596,7.630099773406982,7.639999866485596,6259,0.0,0.0
2026-04-02 14:46:00-04:00,7.644999980926514,7.65500020980835,7.644999980926514,7.65500020980835,9059,0.0,0.0
2026-04-02 14:47:00-04:00,7.65500020980835,7.65500020980835,7.650000095367432,7.650000095367432,5559,0.0,0.0
2026-04-02 14:48:00-04:00,7.65500020980835,7.65500020980835,7.65500020980835,7.65500020980835,1500,0.0,0.0
2026-04-02 14:49:00-04:00,7.65500020980835,7.659999847412109,7.650100231170654,7.655300140380859,7740,0.0,0.0
2026-04-02 14:50:00-04:00,7.650000095367432,7.650000095367432,7.635000228881836,7.635000228881836,19033,0.0,0.0
2026-04-02 14:51:00-04:00,7.637700080871582,7.637700080871582,7.635000228881836,7.635000228881836,3753,0.0,0.0
2026-04-02 14:52:00-04:00,7.639999866485596,7.644999980926514,7.639999866485596,7.644999980926514,3340,0.0,0.0
2026-04-02 14:53:00-04:00,7.644999980926514,7.644999980926514,7.644999980926514,7.644999980926514,291,0.0,0.0
2026-04-02 14:54:00-04:00,7.644999980926514,7.649899959564209,7.639999866485596,7.649899959564209,9965,0.0,0.0
2026-04-02 14:55:00-04:00,7.644999980926514,7.644999980926514,7.630000114440918,7.635000228881836,6737,0.0,0.0
2026-04-02 14:56:00-04:00,7.639900207519531,7.639900207519531,7.625,7.625,6446,0.0,0.0
2026-04-02 14:57:00-04:00,7.625,7.630000114440918,7.6149001121521,7.6149001121521,20085,0.0,0.0
2026-04-02 14:58:00-04:00,7.610000133514404,7.614999771118164,7.605000019073486,7.614999771118164,6974,0.0,0.0
2026-04-02 14:59:00-04:00,7.614999771118164,7.614999771118164,7.610000133514404,7.610000133514404,1143,0.0,0.0
2026-04-02 15:00:00-04:00,7.614999771118164,7.630000114440918,7.614999771118164,7.614999771118164,10548,0.0,0.0
2026-04-02 15:01:00-04:00,7.619999885559082,7.625,7.619999885559082,7.619999885559082,3387,0.0,0.0
2026-04-02 15:02:00-04:00,7.625,7.625,7.619999885559082,7.619999885559082,855,0.0,0.0
2026-04-02 15:03:00-04:00,7.619999885559082,7.619999885559082,7.614999771118164,7.6194000244140625,3854,0.0,0.0
2026-04-02 15:04:00-04:00,7.619999885559082,7.619999885559082,7.614999771118164,7.617400169372559,1962,0.0,0.0
2026-04-02 15:05:00-04:00,7.619999885559082,7.630000114440918,7.614999771118164,7.625,6174,0.0,0.0
2026-04-02 15:06:00-04:00,7.627500057220459,7.630000114440918,7.625,7.625,29605,0.0,0.0
2026-04-02 15:07:00-04:00,7.623600006103516,7.639999866485596,7.623600006103516,7.639999866485596,8670,0.0,0.0
2026-04-02 15:08:00-04:00,7.635000228881836,7.639400005340576,7.635000228881836,7.639400005340576,5819,0.0,0.0
2026-04-02 15:09:00-04:00,7.639999866485596,7.639999866485596,7.630000114440918,7.633999824523926,7230,0.0,0.0
2026-04-02 15:10:00-04:00,7.635000228881836,7.6371002197265625,7.630000114440918,7.635000228881836,5320,0.0,0.0
2026-04-02 15:11:00-04:00,7.635000228881836,7.635000228881836,7.630000114440918,7.630000114440918,7584,0.0,0.0
2026-04-02 15:12:00-04:00,7.625,7.630000114440918,7.625,7.629899978637695,2609,0.0,0.0
2026-04-02 15:13:00-04:00,7.625,7.625,7.612400054931641,7.618899822235107,11350,0.0,0.0
2026-04-02 15:14:00-04:00,7.614999771118164,7.614999771118164,7.610000133514404,7.610000133514404,8112,0.0,0.0
2026-04-02 15:15:00-04:00,7.614999771118164,7.614999771118164,7.611000061035156,7.614999771118164,6779,0.0,0.0
2026-04-02 15:16:00-04:00,7.614999771118164,7.614999771118164,7.599999904632568,7.605000019073486,8280,0.0,0.0
2026-04-02 15:17:00-04:00,7.609799861907959,7.614999771118164,7.609799861907959,7.614999771118164,5486,0.0,0.0
2026-04-02 15:18:00-04:00,7.614999771118164,7.614999771118164,7.614999771118164,7.614999771118164,12350,0.0,0.0
2026-04-02 15:19:00-04:00,7.614999771118164,7.619999885559082,7.614999771118164,7.619999885559082,4410,0.0,0.0
2026-04-02 15:20:00-04:00,7.625,7.625,7.614999771118164,7.614999771118164,10962,0.0,0.0
2026-04-02 15:21:00-04:00,7.614999771118164,7.630000114440918,7.614999771118164,7.625,7792,0.0,0.0
2026-04-02 15:22:00-04:00,7.625,7.625,7.620999813079834,7.625,1971,0.0,0.0
2026-04-02 15:23:00-04:00,7.624800205230713,7.639900207519531,7.619999885559082,7.639900207519531,18077,0.0,0.0
2026-04-02 15:24:00-04:00,7.635000228881836,7.638999938964844,7.630000114440918,7.630000114440918,2459,0.0,0.0
2026-04-02 15:25:00-04:00,7.630099773406982,7.635000228881836,7.625,7.625,19199,0.0,0.0
2026-04-02 15:26:00-04:00,7.625,7.630000114440918,7.62470006942749,7.630000114440918,11156,0.0,0.0
2026-04-02 15:27:00-04:00,7.625,7.639999866485596,7.625,7.635000228881836,6728,0.0,0.0
2026-04-02 15:28:00-04:00,7.630000114440918,7.630000114440918,7.625,7.625,3945,0.0,0.0
2026-04-02 15:29:00-04:00,7.625,7.635000228881836,7.625,7.635000228881836,5780,0.0,0.0
2026-04-02 15:30:00-04:00,7.635000228881836,7.635000228881836,7.635000228881836,7.635000228881836,2160,0.0,0.0
2026-04-02 15:31:00-04:00,7.635000228881836,7.635000228881836,7.635000228881836,7.635000228881836,1287,0.0,0.0
2026-04-02 15:32:00-04:00,7.635000228881836,7.65500020980835,7.633699893951416,7.650000095367432,14105,0.0,0.0
2026-04-02 15:33:00-04:00,7.658599853515625,7.664999961853027,7.65500020980835,7.664999961853027,21741,0.0,0.0
2026-04-02 15:34:00-04:00,7.664999961853027,7.667500019073486,7.659999847412109,7.664999961853027,9000,0.0,0.0
2026-04-02 15:35:00-04:00,7.664999961853027,7.670000076293945,7.664999961853027,7.664999961853027,10998,0.0,0.0
2026-04-02 15:36:00-04:00,7.664999961853027,7.664999961853027,7.664999961853027,7.664999961853027,2844,0.0,0.0
2026-04-02 15:37:00-04:00,7.664999961853027,7.668900012969971,7.664999961853027,7.664999961853027,3095,0.0,0.0
2026-04-02 15:38:00-04:00,7.661099910736084,7.670000076293945,7.659999847412109,7.670000076293945,4581,0.0,0.0
2026-04-02 15:39:00-04:00,7.664999961853027,7.675000190734863,7.664999961853027,7.670000076293945,20808,0.0,0.0
2026-04-02 15:40:00-04:00,7.670000076293945,7.679999828338623,7.670000076293945,7.679999828338623,4255,0.0,0.0
2026-04-02 15:41:00-04:00,7.679999828338623,7.679999828338623,7.675000190734863,7.675000190734863,6392,0.0,0.0
2026-04-02 15:42:00-04:00,7.675000190734863,7.679999828338623,7.675000190734863,7.679999828338623,3109,0.0,0.0
2026-04-02 15:43:00-04:00,7.675000190734863,7.705699920654297,7.675000190734863,7.705699920654297,21858,0.0,0.0
2026-04-02 15:44:00-04:00,7.704999923706055,7.710000038146973,7.695000171661377,7.704999923706055,27156,0.0,0.0
2026-04-02 15:45:00-04:00,7.704999923706055,7.715000152587891,7.702499866485596,7.710000038146973,13848,0.0,0.0
2026-04-02 15:46:00-04:00,7.712500095367432,7.71999979019165,7.712500095367432,7.715000152587891,12222,0.0,0.0
2026-04-02 15:47:00-04:00,7.710000038146973,7.71999979019165,7.699999809265137,7.715000152587891,17030,0.0,0.0
2026-04-02 15:48:00-04:00,7.715000152587891,7.724999904632568,7.710000038146973,7.710000038146973,18366,0.0,0.0
2026-04-02 15:49:00-04:00,7.719900131225586,7.71999979019165,7.710000038146973,7.715000152587891,4890,0.0,0.0
2026-04-02 15:50:00-04:00,7.71999979019165,7.755000114440918,7.71999979019165,7.755000114440918,33452,0.0,0.0
2026-04-02 15:51:00-04:00,7.75,7.769999980926514,7.75,7.760000228881836,8402,0.0,0.0
2026-04-02 15:52:00-04:00,7.764999866485596,7.7708001136779785,7.751299858093262,7.764999866485596,16080,0.0,0.0
2026-04-02 15:53:00-04:00,7.764999866485596,7.764999866485596,7.750100135803223,7.755000114440918,17389,0.0,0.0
2026-04-02 15:54:00-04:00,7.755000114440918,7.755000114440918,7.730000019073486,7.735000133514404,30014,0.0,0.0
2026-04-02 15:55:00-04:00,7.730000019073486,7.735000133514404,7.710000038146973,7.724999904632568,41357,0.0,0.0
2026-04-02 15:56:00-04:00,7.724999904632568,7.730000019073486,7.704999923706055,7.704999923706055,25735,0.0,0.0
2026-04-02 15:57:00-04:00,7.704999923706055,7.730000019073486,7.700099945068359,7.704999923706055,108603,0.0,0.0
2026-04-02 15:58:00-04:00,7.704999923706055,7.71999979019165,7.699999809265137,7.715000152587891,78760,0.0,0.0
2026-04-02 15:59:00-04:00,7.710000038146973,7.71999979019165,7.684999942779541,7.71999979019165,91738,0.0,0.0
2026-04-06 09:30:00-04:00,7.78000020980835,7.869999885559082,7.78000020980835,7.8379998207092285,120008,0.0,0.0
2026-04-06 09:31:00-04:00,7.869999885559082,7.869999885559082,7.835000038146973,7.869999885559082,4468,0.0,0.0
2026-04-06 09:32:00-04:00,7.869999885559082,7.869999885559082,7.816199779510498,7.860000133514404,8314,0.0,0.0
2026-04-06 09:33:00-04:00,7.860000133514404,7.869999885559082,7.85830020904541,7.869999885559082,6633,0.0,0.0
2026-04-06 09:34:00-04:00,7.869999885559082,7.869999885559082,7.849999904632568,7.849999904632568,2674,0.0,0.0
2026-04-06 09:35:00-04:00,7.849999904632568,7.883699893951416,7.849999904632568,7.883699893951416,15929,0.0,0.0
2026-04-06 09:36:00-04:00,7.870100021362305,7.880000114440918,7.849999904632568,7.864999771118164,8286,0.0,0.0
2026-04-06 09:37:00-04:00,7.841000080108643,7.849999904632568,7.829999923706055,7.849999904632568,11305,0.0,0.0
2026-04-06 09:38:00-04:00,7.840000152587891,7.909999847412109,7.833499908447266,7.880000114440918,33040,0.0,0.0
2026-04-06 09:39:00-04:00,7.8592000007629395,7.880000114440918,7.8592000007629395,7.869999885559082,5881,0.0,0.0
2026-04-06 09:40:00-04:00,7.877999782562256,7.880000114440918,7.850100040435791,7.860000133514404,3494,0.0,0.0
2026-04-06 09:41:00-04:00,7.880000114440918,7.900000095367432,7.880000114440918,7.880000114440918,4422,0.0,0.0
2026-04-06 09:42:00-04:00,7.875,7.885000228881836,7.869999885559082,7.885000228881836,3304,0.0,0.0
2026-04-06 09:43:00-04:00,7.881400108337402,7.889999866485596,7.869999885559082,7.869999885559082,3536,0.0,0.0
2026-04-06 09:44:00-04:00,7.875,7.879899978637695,7.86870002746582,7.86870002746582,2573,0.0,0.0
2026-04-06 09:45:00-04:00,7.864999771118164,7.869999885559082,7.860000133514404,7.860000133514404,2902,0.0,0.0
2026-04-06 09:46:00-04:00,7.855000019073486,7.885000228881836,7.855000019073486,7.885000228881836,7072,0.0,0.0
2026-04-06 09:47:00-04:00,7.880000114440918,7.880000114440918,7.800000190734863,7.804999828338623,34443,0.0,0.0
2026-04-06 09:48:00-04:00,7.809999942779541,7.815000057220459,7.809999942779541,7.815000057220459,2841,0.0,0.0
2026-04-06 09:49:00-04:00,7.809999942779541,7.815000057220459,7.809999942779541,7.809999942779541,2151,0.0,0.0
2026-04-06 09:50:00-04:00,7.809999942779541,7.840000152587891,7.809999942779541,7.835000038146973,4904,0.0,0.0
2026-04-06 09:51:00-04:00,7.849699974060059,7.869999885559082,7.849699974060059,7.860000133514404,8207,0.0,0.0
2026-04-06 09:52:00-04:00,7.849999904632568,7.880000114440918,7.849999904632568,7.869999885559082,3091,0.0,0.0
2026-04-06 09:53:00-04:00,7.860000133514404,7.880000114440918,7.860000133514404,7.875,29278,0.0,0.0
2026-04-06 09:54:00-04:00,7.880000114440918,7.898799896240234,7.880000114440918,7.885000228881836,10509,0.0,0.0
2026-04-06 09:55:00-04:00,7.900000095367432,7.900000095367432,7.880099773406982,7.889999866485596,3451,0.0,0.0
2026-04-06 09:56:00-04:00,7.889999866485596,7.909999847412109,7.889999866485596,7.900000095367432,10355,0.0,0.0
2026-04-06 09:57:00-04:00,7.900000095367432,7.940000057220459,7.900000095367432,7.929999828338623,20752,0.0,0.0
2026-04-06 09:58:00-04:00,7.929999828338623,7.945000171661377,7.929999828338623,7.929999828338623,20908,0.0,0.0
2026-04-06 09:59:00-04:00,7.940000057220459,7.949999809265137,7.940000057220459,7.949999809265137,31368,0.0,0.0
2026-04-06 10:00:00-04:00,7.930300235748291,7.960000038146973,7.930300235748291,7.949999809265137,15973,0.0,0.0
2026-04-06 10:01:00-04:00,7.954999923706055,7.954999923706055,7.929999828338623,7.929999828338623,9242,0.0,0.0
2026-04-06 10:02:00-04:00,7.9232001304626465,7.929999828338623,7.909999847412109,7.909999847412109,11182,0.0,0.0
2026-04-06 10:03:00-04:00,7.889999866485596,7.900000095367432,7.889999866485596,7.900000095367432,1651,0.0,0.0
2026-04-06 10:04:00-04:00,7.889999866485596,7.889999866485596,7.875,7.875,7658,0.0,0.0
2026-04-06 10:05:00-04:00,7.869999885559082,7.869999885559082,7.860000133514404,7.869999885559082,11633,0.0,0.0
2026-04-06 10:06:00-04:00,7.869999885559082,7.869999885559082,7.860000133514404,7.860000133514404,4873,0.0,0.0
2026-04-06 10:07:00-04:00,7.861599922180176,7.861599922180176,7.860000133514404,7.860000133514404,2658,0.0,0.0
2026-04-06 10:08:00-04:00,7.869999885559082,7.869999885559082,7.860000133514404,7.869999885559082,3412,0.0,0.0
2026-04-06 10:09:00-04:00,7.860000133514404,7.864999771118164,7.860000133514404,7.864999771118164,799,0.0,0.0
2026-04-06 10:10:00-04:00,7.860000133514404,7.860000133514404,7.849999904632568,7.849999904632568,2256,0.0,0.0
2026-04-06 10:11:00-04:00,7.849999904632568,7.875,7.849999904632568,7.869999885559082,7218,0.0,0.0
2026-04-06 10:12:00-04:00,7.880000114440918,7.880000114440918,7.869999885559082,7.869999885559082,1872,0.0,0.0
2026-04-06 10:13:00-04:00,7.869999885559082,7.869999885559082,7.869999885559082,7.869999885559082,1056,0.0,0.0
2026-04-06 10:14:00-04:00,7.880000114440918,7.894999980926514,7.877699851989746,7.889999866485596,3895,0.0,0.0
2026-04-06 10:15:00-04:00,7.889999866485596,7.900000095367432,7.889999866485596,7.900000095367432,7347,0.0,0.0
2026-04-06 10:16:00-04:00,7.900000095367432,7.90500020980835,7.900000095367432,7.90500020980835,3789,0.0,0.0
2026-04-06 10:17:00-04:00,7.900000095367432,7.900000095367432,7.889999866485596,7.889999866485596,2115,0.0,0.0
2026-04-06 10:18:00-04:00,7.89870023727417,7.89870023727417,7.880000114440918,7.889999866485596,5056,0.0,0.0
2026-04-06 10:19:00-04:00,7.894999980926514,7.900000095367432,7.894999980926514,7.900000095367432,2174,0.0,0.0
2026-04-06 10:20:00-04:00,7.909999847412109,7.914999961853027,7.900000095367432,7.90500020980835,14144,0.0,0.0
2026-04-06 10:21:00-04:00,7.9085001945495605,7.918799877166748,7.9085001945495605,7.918799877166748,5048,0.0,0.0
2026-04-06 10:22:00-04:00,7.909999847412109,7.909999847412109,7.901800155639648,7.901800155639648,2555,0.0,0.0
2026-04-06 10:23:00-04:00,7.909999847412109,7.914999961853027,7.909999847412109,7.914999961853027,1537,0.0,0.0
2026-04-06 10:24:00-04:00,7.909999847412109,7.914999961853027,7.909999847412109,7.914999961853027,2133,0.0,0.0
2026-04-06 10:25:00-04:00,7.914999961853027,7.914999961853027,7.909999847412109,7.909999847412109,2889,0.0,0.0
2026-04-06 10:26:00-04:00,7.90500020980835,7.909999847412109,7.90500020980835,7.909999847412109,2719,0.0,0.0
2026-04-06 10:27:00-04:00,7.914999961853027,7.914999961853027,7.909999847412109,7.909999847412109,1591,0.0,0.0
2026-04-06 10:28:00-04:00,7.914999961853027,7.914999961853027,7.909999847412109,7.910099983215332,9662,0.0,0.0
2026-04-06 10:29:00-04:00,7.909999847412109,7.909999847412109,7.909999847412109,7.909999847412109,1410,0.0,0.0
2026-04-06 10:30:00-04:00,7.920000076293945,7.940000057220459,7.910200119018555,7.940000057220459,4460,0.0,0.0
2026-04-06 10:31:00-04:00,7.934999942779541,7.934999942779541,7.934999942779541,7.934999942779541,1336,0.0,0.0
2026-04-06 10:32:00-04:00,7.940000057220459,7.945000171661377,7.929999828338623,7.929999828338623,3975,0.0,0.0
2026-04-06 10:33:00-04:00,7.940000057220459,7.940000057220459,7.940000057220459,7.940000057220459,459,0.0,0.0
2026-04-06 10:34:00-04:00,7.940000057220459,7.965000152587891,7.940000057220459,7.965000152587891,9632,0.0,0.0
2026-04-06 10:35:00-04:00,7.965000152587891,7.965000152587891,7.954899787902832,7.960000038146973,4766,0.0,0.0
2026-04-06 10:36:00-04:00,7.952000141143799,7.958600044250488,7.952000141143799,7.954999923706055,4016,0.0,0.0
2026-04-06 10:37:00-04:00,7.9542999267578125,7.965000152587891,7.9542999267578125,7.954999923706055,8458,0.0,0.0
2026-04-06 10:38:00-04:00,7.954999923706055,7.96999979019165,7.929999828338623,7.929999828338623,8849,0.0,0.0
2026-04-06 10:39:00-04:00,7.929999828338623,7.929999828338623,7.920000076293945,7.929999828338623,2388,0.0,0.0
2026-04-06 10:40:00-04:00,7.929999828338623,7.965000152587891,7.929999828338623,7.954999923706055,120127,0.0,0.0
2026-04-06 10:41:00-04:00,7.965000152587891,8.010000228881836,7.960100173950195,8.010000228881836,20130,0.0,0.0
2026-04-06 10:42:00-04:00,8.015000343322754,8.015000343322754,8.0,8.0,10737,0.0,0.0
2026-04-06 10:43:00-04:00,8.010000228881836,8.010000228881836,8.0,8.0,1644,0.0,0.0
2026-04-06 10:44:00-04:00,8.010000228881836,8.069999694824219,8.010000228881836,8.050000190734863,41000,0.0,0.0
2026-04-06 10:45:00-04:00,8.039999961853027,8.058600425720215,8.021400451660156,8.050000190734863,13094,0.0,0.0
2026-04-06 10:46:00-04:00,8.045000076293945,8.079999923706055,8.045000076293945,8.079999923706055,16382,0.0,0.0
2026-04-06 10:47:00-04:00,8.079999923706055,8.079999923706055,8.055000305175781,8.079999923706055,24140,0.0,0.0
2026-04-06 10:48:00-04:00,8.069999694824219,8.085000038146973,8.069999694824219,8.069999694824219,18241,0.0,0.0
2026-04-06 10:49:00-04:00,8.074999809265137,8.119999885559082,8.069999694824219,8.119999885559082,27353,0.0,0.0
2026-04-06 10:50:00-04:00,8.114999771118164,8.114999771118164,8.095000267028809,8.095000267028809,19789,0.0,0.0
2026-04-06 10:51:00-04:00,8.095000267028809,8.100000381469727,8.039999961853027,8.050000190734863,29055,0.0,0.0
2026-04-06 10:52:00-04:00,8.0600004196167,8.079999923706055,8.0600004196167,8.079999923706055,6365,0.0,0.0
2026-04-06 10:53:00-04:00,8.074999809265137,8.074999809265137,8.069999694824219,8.069999694824219,2542,0.0,0.0
2026-04-06 10:54:00-04:00,8.0649995803833,8.0649995803833,8.0600004196167,8.0600004196167,1246,0.0,0.0
2026-04-06 10:55:00-04:00,8.065999984741211,8.069999694824219,8.050000190734863,8.050000190734863,24513,0.0,0.0
2026-04-06 10:56:00-04:00,8.050000190734863,8.0600004196167,8.050000190734863,8.0600004196167,3850,0.0,0.0
2026-04-06 10:57:00-04:00,8.0649995803833,8.07979965209961,8.0649995803833,8.074999809265137,10117,0.0,0.0
2026-04-06 10:58:00-04:00,8.074999809265137,8.079999923706055,8.069999694824219,8.079700469970703,2758,0.0,0.0
2026-04-06 10:59:00-04:00,8.09000015258789,8.09000015258789,8.069999694824219,8.069999694824219,7297,0.0,0.0
2026-04-06 11:00:00-04:00,8.079999923706055,8.109999656677246,8.079999923706055,8.109999656677246,13508,0.0,0.0
2026-04-06 11:01:00-04:00,8.109999656677246,8.130000114440918,8.100000381469727,8.130000114440918,19163,0.0,0.0
2026-04-06 11:02:00-04:00,8.130000114440918,8.135000228881836,8.109999656677246,8.119999885559082,3051,0.0,0.0
2026-04-06 11:03:00-04:00,8.109999656677246,8.109999656677246,8.095000267028809,8.095000267028809,1287,0.0,0.0
2026-04-06 11:04:00-04:00,8.095000267028809,8.095000267028809,8.069999694824219,8.09000015258789,3800,0.0,0.0
2026-04-06 11:05:00-04:00,8.09000015258789,8.09850025177002,8.085000038146973,8.095000267028809,9872,0.0,0.0
2026-04-06 11:06:00-04:00,8.100000381469727,8.109999656677246,8.100000381469727,8.101400375366211,6899,0.0,0.0
2026-04-06 11:07:00-04:00,8.10990047454834,8.109999656677246,8.104999542236328,8.109999656677246,2088,0.0,0.0
2026-04-06 11:08:00-04:00,8.125,8.130000114440918,8.12339973449707,8.12339973449707,1912,0.0,0.0
2026-04-06 11:09:00-04:00,8.130000114440918,8.130999565124512,8.125,8.125,8380,0.0,0.0
2026-04-06 11:10:00-04:00,8.125,8.125,8.09000015258789,8.09000015258789,17842,0.0,0.0
2026-04-06 11:11:00-04:00,8.079999923706055,8.079999923706055,8.0649995803833,8.069999694824219,14569,0.0,0.0
2026-04-06 11:12:00-04:00,8.079899787902832,8.09000015258789,8.072799682617188,8.09000015258789,4970,0.0,0.0
2026-04-06 11:13:00-04:00,8.085000038146973,8.100000381469727,8.085000038146973,8.09000015258789,5458,0.0,0.0
2026-04-06 11:14:00-04:00,8.095000267028809,8.095000267028809,8.095000267028809,8.095000267028809,499,0.0,0.0
2026-04-06 11:15:00-04:00,8.095000267028809,8.104999542236328,8.085000038146973,8.085000038146973,6427,0.0,0.0
2026-04-06 11:16:00-04:00,8.079999923706055,8.079999923706055,8.074999809265137,8.074999809265137,1586,0.0,0.0
2026-04-06 11:17:00-04:00,8.074999809265137,8.09000015258789,8.0600004196167,8.0600004196167,23361,0.0,0.0
2026-04-06 11:18:00-04:00,8.0649995803833,8.0649995803833,8.0600004196167,8.0600004196167,5185,0.0,0.0
2026-04-06 11:19:00-04:00,8.065099716186523,8.065099716186523,8.051400184631348,8.055000305175781,3258,0.0,0.0
2026-04-06 11:20:00-04:00,8.055000305175781,8.055000305175781,8.055000305175781,8.055000305175781,1173,0.0,0.0
2026-04-06 11:21:00-04:00,8.055000305175781,8.059900283813477,8.050000190734863,8.055000305175781,5453,0.0,0.0
2026-04-06 11:22:00-04:00,8.055000305175781,8.055000305175781,8.045000076293945,8.045000076293945,6651,0.0,0.0
2026-04-06 11:23:00-04:00,8.050000190734863,8.050000190734863,8.045000076293945,8.045000076293945,3053,0.0,0.0
2026-04-06 11:24:00-04:00,8.045000076293945,8.050000190734863,8.045000076293945,8.050000190734863,1714,0.0,0.0
2026-04-06 11:25:00-04:00,8.050000190734863,8.050000190734863,8.039999961853027,8.045000076293945,4231,0.0,0.0
2026-04-06 11:26:00-04:00,8.045000076293945,8.045000076293945,8.045000076293945,8.045000076293945,818,0.0,0.0
2026-04-06 11:27:00-04:00,8.045000076293945,8.050000190734863,8.045000076293945,8.050000190734863,7153,0.0,0.0
2026-04-06 11:28:00-04:00,8.045000076293945,8.04990005493164,8.04010009765625,8.04010009765625,2620,0.0,0.0
2026-04-06 11:29:00-04:00,8.045000076293945,8.050000190734863,8.044500350952148,8.050000190734863,1635,0.0,0.0
2026-04-06 11:30:00-04:00,8.045000076293945,8.045000076293945,8.045000076293945,8.045000076293945,3002,0.0,0.0
2026-04-06 11:31:00-04:00,8.045000076293945,8.045000076293945,8.045000076293945,8.045000076293945,1720,0.0,0.0
2026-04-06 11:32:00-04:00,8.045000076293945,8.045000076293945,8.03499984741211,8.03499984741211,2716,0.0,0.0
2026-04-06 11:33:00-04:00,8.029999732971191,8.029999732971191,8.010000228881836,8.020000457763672,37349,0.0,0.0
2026-04-06 11:34:00-04:00,8.03499984741211,8.039999961853027,8.030699729919434,8.039999961853027,2403,0.0,0.0
2026-04-06 11:35:00-04:00,8.045000076293945,8.04800033569336,8.029999732971191,8.032400131225586,13984,0.0,0.0
2026-04-06 11:36:00-04:00,8.03499984741211,8.03499984741211,8.024999618530273,8.024999618530273,3550,0.0,0.0
2026-04-06 11:37:00-04:00,8.020000457763672,8.024999618530273,8.020000457763672,8.024999618530273,6690,0.0,0.0
2026-04-06 11:39:00-04:00,8.024999618530273,8.03499984741211,8.024399757385254,8.03499984741211,3376,0.0,0.0
2026-04-06 11:40:00-04:00,8.03499984741211,8.03499984741211,8.03499984741211,8.03499984741211,463,0.0,0.0
2026-04-06 11:41:00-04:00,8.03499984741211,8.03499984741211,8.029999732971191,8.029999732971191,3126,0.0,0.0
2026-04-06 11:43:00-04:00,8.024999618530273,8.024999618530273,8.024999618530273,8.024999618530273,897,0.0,0.0
2026-04-06 11:44:00-04:00,8.024999618530273,8.031299591064453,8.024999618530273,8.031299591064453,5883,0.0,0.0
2026-04-06 11:45:00-04:00,8.029999732971191,8.029999732971191,8.029999732971191,8.029999732971191,2087,0.0,0.0
2026-04-06 11:46:00-04:00,8.024999618530273,8.029999732971191,8.024999618530273,8.029999732971191,6299,0.0,0.0
2026-04-06 11:48:00-04:00,8.039999961853027,8.050000190734863,8.039999961853027,8.050000190734863,1334,0.0,0.0
2026-04-06 11:49:00-04:00,8.04010009765625,8.050000190734863,8.024999618530273,8.024999618530273,148483,0.0,0.0
2026-04-06 11:50:00-04:00,8.024999618530273,8.029999732971191,8.024999618530273,8.029899597167969,3191,0.0,0.0
2026-04-06 11:51:00-04:00,8.029999732971191,8.029999732971191,8.024999618530273,8.029999732971191,3234,0.0,0.0
2026-04-06 11:52:00-04:00,8.024999618530273,8.029999732971191,8.024999618530273,8.029999732971191,3361,0.0,0.0
2026-04-06 11:53:00-04:00,8.029999732971191,8.029999732971191,8.024999618530273,8.024999618530273,1398,0.0,0.0
2026-04-06 11:54:00-04:00,8.026200294494629,8.026200294494629,8.026200294494629,8.026200294494629,1156,0.0,0.0
2026-04-06 11:56:00-04:00,8.024999618530273,8.024999618530273,8.021100044250488,8.024999618530273,1956,0.0,0.0
2026-04-06 11:57:00-04:00,8.024999618530273,8.029999732971191,8.024999618530273,8.024999618530273,1384,0.0,0.0
2026-04-06 11:58:00-04:00,8.021100044250488,8.021100044250488,8.020000457763672,8.020000457763672,6811,0.0,0.0
2026-04-06 11:59:00-04:00,8.020000457763672,8.020000457763672,8.020000457763672,8.020000457763672,1499,0.0,0.0
2026-04-06 12:00:00-04:00,8.020099639892578,8.029999732971191,8.020099639892578,8.029999732971191,2546,0.0,0.0
2026-04-06 12:01:00-04:00,8.020000457763672,8.020000457763672,8.020000457763672,8.020000457763672,365,0.0,0.0
2026-04-06 12:02:00-04:00,8.020000457763672,8.020000457763672,8.015000343322754,8.015000343322754,2756,0.0,0.0
2026-04-06 12:03:00-04:00,8.020000457763672,8.024999618530273,8.020000457763672,8.024999618530273,2300,0.0,0.0
2026-04-06 12:04:00-04:00,8.015000343322754,8.015000343322754,8.015000343322754,8.015000343322754,2218,0.0,0.0
2026-04-06 12:06:00-04:00,8.015000343322754,8.015000343322754,8.015000343322754,8.015000343322754,622,0.0,0.0
2026-04-06 12:07:00-04:00,8.010000228881836,8.015000343322754,8.010000228881836,8.015000343322754,5533,0.0,0.0
2026-04-06 12:08:00-04:00,8.015000343322754,8.015000343322754,8.007499694824219,8.007499694824219,1719,0.0,0.0
2026-04-06 12:09:00-04:00,8.000100135803223,8.000100135803223,7.985000133514404,7.985000133514404,6780,0.0,0.0
2026-04-06 12:10:00-04:00,7.985000133514404,7.989999771118164,7.985000133514404,7.985000133514404,2464,0.0,0.0
2026-04-06 12:11:00-04:00,7.989999771118164,7.989999771118164,7.985000133514404,7.989999771118164,1168,0.0,0.0
2026-04-06 12:12:00-04:00,7.994999885559082,7.994999885559082,7.994999885559082,7.994999885559082,324,0.0,0.0
2026-04-06 12:13:00-04:00,7.989999771118164,7.989999771118164,7.985000133514404,7.985000133514404,1169,0.0,0.0
2026-04-06 12:14:00-04:00,7.985000133514404,7.985000133514404,7.985000133514404,7.985000133514404,1626,0.0,0.0
2026-04-06 12:15:00-04:00,7.980000019073486,7.980000019073486,7.974999904632568,7.974999904632568,3951,0.0,0.0
2026-04-06 12:16:00-04:00,7.980000019073486,7.980000019073486,7.980000019073486,7.980000019073486,2138,0.0,0.0
2026-04-06 12:17:00-04:00,7.970699787139893,7.974999904632568,7.970699787139893,7.974999904632568,659,0.0,0.0
2026-04-06 12:18:00-04:00,7.974999904632568,7.974999904632568,7.960000038146973,7.9633002281188965,5963,0.0,0.0
2026-04-06 12:19:00-04:00,7.96999979019165,7.979899883270264,7.96999979019165,7.979899883270264,4120,0.0,0.0
2026-04-06 12:20:00-04:00,7.96999979019165,7.974999904632568,7.96999979019165,7.974999904632568,960,0.0,0.0
2026-04-06 12:21:00-04:00,7.980000019073486,7.985000133514404,7.980000019073486,7.985000133514404,3470,0.0,0.0
2026-04-06 12:22:00-04:00,7.96999979019165,7.980000019073486,7.96999979019165,7.980000019073486,1079,0.0,0.0
2026-04-06 12:23:00-04:00,7.965000152587891,7.974999904632568,7.965000152587891,7.96999979019165,6775,0.0,0.0
2026-04-06 12:24:00-04:00,7.965000152587891,7.966599941253662,7.960000038146973,7.965000152587891,5812,0.0,0.0
2026-04-06 12:25:00-04:00,7.965000152587891,7.980000019073486,7.965000152587891,7.980000019073486,3937,0.0,0.0
2026-04-06 12:26:00-04:00,7.980000019073486,7.980000019073486,7.974999904632568,7.974999904632568,862,0.0,0.0
2026-04-06 12:27:00-04:00,7.974999904632568,7.974999904632568,7.974999904632568,7.974999904632568,596,0.0,0.0
2026-04-06 12:28:00-04:00,7.974999904632568,7.974999904632568,7.974999904632568,7.974999904632568,913,0.0,0.0
2026-04-06 12:29:00-04:00,7.974999904632568,7.974999904632568,7.960000038146973,7.960000038146973,2606,0.0,0.0
2026-04-06 12:30:00-04:00,7.965000152587891,7.965000152587891,7.965000152587891,7.965000152587891,1481,0.0,0.0
2026-04-06 12:31:00-04:00,7.965000152587891,7.965000152587891,7.954999923706055,7.965000152587891,9237,0.0,0.0
2026-04-06 12:32:00-04:00,7.96999979019165,7.96999979019165,7.96999979019165,7.96999979019165,723,0.0,0.0
2026-04-06 12:33:00-04:00,7.96999979019165,7.96999979019165,7.96999979019165,7.96999979019165,327,0.0,0.0
2026-04-06 12:34:00-04:00,7.963900089263916,7.965000152587891,7.963900089263916,7.965000152587891,1456,0.0,0.0
2026-04-06 12:35:00-04:00,7.965000152587891,7.965000152587891,7.965000152587891,7.965000152587891,3188,0.0,0.0
2026-04-06 12:37:00-04:00,7.954999923706055,7.96999979019165,7.954999923706055,7.96999979019165,6256,0.0,0.0
2026-04-06 12:38:00-04:00,7.96999979019165,7.96999979019165,7.96999979019165,7.96999979019165,2287,0.0,0.0
2026-04-06 12:39:00-04:00,7.96999979019165,7.974999904632568,7.96999979019165,7.974999904632568,348,0.0,0.0
2026-04-06 12:40:00-04:00,7.965000152587891,7.96999979019165,7.962800025939941,7.96999979019165,727,0.0,0.0
2026-04-06 12:41:00-04:00,7.969900131225586,7.969900131225586,7.940700054168701,7.945000171661377,24494,0.0,0.0
2026-04-06 12:42:00-04:00,7.945000171661377,7.949999809265137,7.945000171661377,7.949999809265137,2590,0.0,0.0
2026-04-06 12:43:00-04:00,7.960000038146973,7.960000038146973,7.960000038146973,7.960000038146973,805,0.0,0.0
2026-04-06 12:44:00-04:00,7.965000152587891,7.965000152587891,7.965000152587891,7.965000152587891,319,0.0,0.0
2026-04-06 12:45:00-04:00,7.960000038146973,7.960000038146973,7.954999923706055,7.960000038146973,3807,0.0,0.0
2026-04-06 12:48:00-04:00,7.949900150299072,7.949999809265137,7.949900150299072,7.949999809265137,762,0.0,0.0
2026-04-06 12:49:00-04:00,7.949999809265137,7.949999809265137,7.949999809265137,7.949999809265137,2600,0.0,0.0
2026-04-06 12:51:00-04:00,7.940000057220459,7.940000057220459,7.934999942779541,7.934999942779541,1542,0.0,0.0
2026-04-06 12:52:00-04:00,7.940000057220459,7.945000171661377,7.940000057220459,7.945000171661377,1127,0.0,0.0
2026-04-06 12:53:00-04:00,7.940000057220459,7.96999979019165,7.940000057220459,7.949999809265137,7149,0.0,0.0
2026-04-06 12:54:00-04:00,7.934999942779541,7.945000171661377,7.929999828338623,7.934999942779541,3596,0.0,0.0
2026-04-06 12:55:00-04:00,7.925000190734863,7.925000190734863,7.925000190734863,7.925000190734863,944,0.0,0.0
2026-04-06 12:56:00-04:00,7.925000190734863,7.925000190734863,7.910999774932861,7.920000076293945,3328,0.0,0.0
2026-04-06 12:57:00-04:00,7.925000190734863,7.925000190734863,7.925000190734863,7.925000190734863,337,0.0,0.0
2026-04-06 12:58:00-04:00,7.925000190734863,7.925000190734863,7.920000076293945,7.920000076293945,4533,0.0,0.0
2026-04-06 12:59:00-04:00,7.920000076293945,7.925000190734863,7.920000076293945,7.925000190734863,2893,0.0,0.0
2026-04-06 13:00:00-04:00,7.925000190734863,7.925000190734863,7.914999961853027,7.914999961853027,2170,0.0,0.0
2026-04-06 13:01:00-04:00,7.909999847412109,7.909999847412109,7.894999980926514,7.894999980926514,18945,0.0,0.0
2026-04-06 13:02:00-04:00,7.889999866485596,7.889999866485596,7.880000114440918,7.880000114440918,2605,0.0,0.0
2026-04-06 13:03:00-04:00,7.875,7.880000114440918,7.869999885559082,7.880000114440918,15545,0.0,0.0
2026-04-06 13:04:00-04:00,7.886899948120117,7.900000095367432,7.880000114440918,7.890500068664551,8697,0.0,0.0
2026-04-06 13:05:00-04:00,7.894999980926514,7.90500020980835,7.894999980926514,7.900000095367432,2897,0.0,0.0
2026-04-06 13:06:00-04:00,7.899899959564209,7.899899959564209,7.885000228881836,7.885000228881836,3167,0.0,0.0
2026-04-06 13:07:00-04:00,7.889999866485596,7.889999866485596,7.886000156402588,7.886000156402588,2121,0.0,0.0
2026-04-06 13:08:00-04:00,7.889999866485596,7.899099826812744,7.889999866485596,7.899099826812744,1429,0.0,0.0
2026-04-06 13:09:00-04:00,7.894999980926514,7.894999980926514,7.894999980926514,7.894999980926514,2011,0.0,0.0
2026-04-06 13:10:00-04:00,7.894999980926514,7.894999980926514,7.880000114440918,7.880000114440918,10265,0.0,0.0
2026-04-06 13:11:00-04:00,7.875,7.875,7.870200157165527,7.870200157165527,1631,0.0,0.0
2026-04-06 13:12:00-04:00,7.869999885559082,7.869999885559082,7.864999771118164,7.869999885559082,11229,0.0,0.0
2026-04-06 13:14:00-04:00,7.855000019073486,7.869999885559082,7.849999904632568,7.869999885559082,3524,0.0,0.0
2026-04-06 13:15:00-04:00,7.864999771118164,7.880000114440918,7.864999771118164,7.868599891662598,2495,0.0,0.0
2026-04-06 13:16:00-04:00,7.869999885559082,7.869999885559082,7.869999885559082,7.869999885559082,1890,0.0,0.0
2026-04-06 13:17:00-04:00,7.880000114440918,7.880000114440918,7.880000114440918,7.880000114440918,1296,0.0,0.0
2026-04-06 13:19:00-04:00,7.885000228881836,7.885000228881836,7.885000228881836,7.885000228881836,385,0.0,0.0
2026-04-06 13:20:00-04:00,7.885000228881836,7.885000228881836,7.880000114440918,7.880000114440918,1887,0.0,0.0
2026-04-06 13:22:00-04:00,7.889999866485596,7.889999866485596,7.880000114440918,7.880000114440918,5150,0.0,0.0
2026-04-06 13:23:00-04:00,7.900000095367432,7.909999847412109,7.900000095367432,7.900000095367432,2175,0.0,0.0
2026-04-06 13:24:00-04:00,7.900000095367432,7.900000095367432,7.900000095367432,7.900000095367432,921,0.0,0.0
2026-04-06 13:25:00-04:00,7.909999847412109,7.909999847412109,7.90500020980835,7.909999847412109,16370,0.0,0.0
2026-04-06 13:26:00-04:00,7.909999847412109,7.909999847412109,7.889999866485596,7.889999866485596,1993,0.0,0.0
2026-04-06 13:27:00-04:00,7.889999866485596,7.909999847412109,7.889999866485596,7.900000095367432,1673,0.0,0.0
2026-04-06 13:28:00-04:00,7.894999980926514,7.894999980926514,7.894999980926514,7.894999980926514,819,0.0,0.0
2026-04-06 13:29:00-04:00,7.900000095367432,7.900000095367432,7.900000095367432,7.900000095367432,652,0.0,0.0
2026-04-06 13:30:00-04:00,7.894999980926514,7.894999980926514,7.894999980926514,7.894999980926514,1186,0.0,0.0
2026-04-06 13:31:00-04:00,7.889999866485596,7.900000095367432,7.889999866485596,7.894999980926514,1273,0.0,0.0
2026-04-06 13:33:00-04:00,7.881999969482422,7.881999969482422,7.881999969482422,7.881999969482422,1562,0.0,0.0
2026-04-06 13:34:00-04:00,7.880000114440918,7.894999980926514,7.880000114440918,7.889999866485596,4930,0.0,0.0
2026-04-06 13:35:00-04:00,7.900000095367432,7.900000095367432,7.900000095367432,7.900000095367432,1097,0.0,0.0
2026-04-06 13:37:00-04:00,7.90500020980835,7.90500020980835,7.900000095367432,7.900000095367432,932,0.0,0.0
2026-04-06 13:38:00-04:00,7.900000095367432,7.900000095367432,7.900000095367432,7.900000095367432,225,0.0,0.0
2026-04-06 13:39:00-04:00,7.894999980926514,7.894999980926514,7.894999980926514,7.894999980926514,777,0.0,0.0
2026-04-06 13:40:00-04:00,7.889999866485596,7.889999866485596,7.885000228881836,7.885000228881836,1349,0.0,0.0
2026-04-06 13:41:00-04:00,7.885000228881836,7.885000228881836,7.875,7.880000114440918,5120,0.0,0.0
2026-04-06 13:42:00-04:00,7.880000114440918,7.894999980926514,7.880000114440918,7.894999980926514,5438,0.0,0.0
2026-04-06 13:44:00-04:00,7.885000228881836,7.885000228881836,7.885000228881836,7.885000228881836,759,0.0,0.0
2026-04-06 13:45:00-04:00,7.889999866485596,7.889999866485596,7.889999866485596,7.889999866485596,1889,0.0,0.0
2026-04-06 13:46:00-04:00,7.880000114440918,7.880000114440918,7.880000114440918,7.880000114440918,1443,0.0,0.0
2026-04-06 13:47:00-04:00,7.881999969482422,7.882500171661377,7.864999771118164,7.864999771118164,9626,0.0,0.0
2026-04-06 13:48:00-04:00,7.86870002746582,7.86870002746582,7.864999771118164,7.864999771118164,1343,0.0,0.0
2026-04-06 13:49:00-04:00,7.869999885559082,7.869999885559082,7.864999771118164,7.864999771118164,738,0.0,0.0
2026-04-06 13:50:00-04:00,7.864999771118164,7.864999771118164,7.860000133514404,7.860000133514404,603,0.0,0.0
2026-04-06 13:51:00-04:00,7.864999771118164,7.880000114440918,7.864999771118164,7.869999885559082,3119,0.0,0.0
2026-04-06 13:52:00-04:00,7.869999885559082,7.869999885559082,7.869999885559082,7.869999885559082,869,0.0,0.0
2026-04-06 13:53:00-04:00,7.869999885559082,7.869999885559082,7.869999885559082,7.869999885559082,1018,0.0,0.0
2026-04-06 13:54:00-04:00,7.864999771118164,7.864999771118164,7.855000019073486,7.855000019073486,1870,0.0,0.0
2026-04-06 13:55:00-04:00,7.855000019073486,7.869999885559082,7.855000019073486,7.869999885559082,4301,0.0,0.0
2026-04-06 13:56:00-04:00,7.855000019073486,7.855000019073486,7.855000019073486,7.855000019073486,589,0.0,0.0
2026-04-06 13:57:00-04:00,7.860000133514404,7.860000133514404,7.860000133514404,7.860000133514404,831,0.0,0.0
2026-04-06 13:58:00-04:00,7.864999771118164,7.869999885559082,7.860000133514404,7.860000133514404,1138,0.0,0.0
2026-04-06 13:59:00-04:00,7.861400127410889,7.861400127410889,7.851399898529053,7.851399898529053,4893,0.0,0.0
2026-04-06 14:00:00-04:00,7.855000019073486,7.855000019073486,7.855000019073486,7.855000019073486,335,0.0,0.0
2026-04-06 14:01:00-04:00,7.855000019073486,7.8597002029418945,7.855000019073486,7.8597002029418945,1311,0.0,0.0
2026-04-06 14:02:00-04:00,7.860000133514404,7.864999771118164,7.860000133514404,7.864999771118164,1481,0.0,0.0
2026-04-06 14:03:00-04:00,7.860000133514404,7.860000133514404,7.855000019073486,7.860000133514404,4771,0.0,0.0
2026-04-06 14:04:00-04:00,7.849999904632568,7.855000019073486,7.840000152587891,7.855000019073486,19907,0.0,0.0
2026-04-06 14:05:00-04:00,7.855000019073486,7.860000133514404,7.855000019073486,7.860000133514404,999,0.0,0.0
2026-04-06 14:06:00-04:00,7.860000133514404,7.860000133514404,7.860000133514404,7.860000133514404,3783,0.0,0.0
2026-04-06 14:07:00-04:00,7.860000133514404,7.880000114440918,7.860000133514404,7.880000114440918,4511,0.0,0.0
2026-04-06 14:08:00-04:00,7.875,7.889999866485596,7.875,7.879000186920166,1988,0.0,0.0
2026-04-06 14:10:00-04:00,7.875,7.875,7.869999885559082,7.875,2677,0.0,0.0
2026-04-06 14:11:00-04:00,7.880000114440918,7.899899959564209,7.880000114440918,7.885000228881836,6038,0.0,0.0
2026-04-06 14:12:00-04:00,7.880000114440918,7.880000114440918,7.875,7.875,1385,0.0,0.0
2026-04-06 14:13:00-04:00,7.877500057220459,7.877500057220459,7.875,7.875,1648,0.0,0.0
2026-04-06 14:14:00-04:00,7.875,7.875,7.875,7.875,1370,0.0,0.0
2026-04-06 14:15:00-04:00,7.880000114440918,7.880000114440918,7.875,7.875,817,0.0,0.0
2026-04-06 14:16:00-04:00,7.885000228881836,7.885000228881836,7.882500171661377,7.882500171661377,1723,0.0,0.0
2026-04-06 14:17:00-04:00,7.885000228881836,7.894999980926514,7.885000228881836,7.894999980926514,1004,0.0,0.0
2026-04-06 14:18:00-04:00,7.900000095367432,7.90500020980835,7.900000095367432,7.90500020980835,1344,0.0,0.0
2026-04-06 14:19:00-04:00,7.90500020980835,7.90500020980835,7.90500020980835,7.90500020980835,1224,0.0,0.0
2026-04-06 14:20:00-04:00,7.909999847412109,7.909999847412109,7.90500020980835,7.90500020980835,1846,0.0,0.0
2026-04-06 14:21:00-04:00,7.90500020980835,7.90500020980835,7.90500020980835,7.90500020980835,2391,0.0,0.0
2026-04-06 14:22:00-04:00,7.90500020980835,7.920000076293945,7.90500020980835,7.920000076293945,3012,0.0,0.0
2026-04-06 14:23:00-04:00,7.921199798583984,7.934999942779541,7.921199798583984,7.934999942779541,3399,0.0,0.0
2026-04-06 14:24:00-04:00,7.930099964141846,7.954999923706055,7.930099964141846,7.954999923706055,3916,0.0,0.0
2026-04-06 14:25:00-04:00,7.949999809265137,7.949999809265137,7.949999809265137,7.949999809265137,963,0.0,0.0
2026-04-06 14:26:00-04:00,7.934999942779541,7.940000057220459,7.934999942779541,7.940000057220459,3076,0.0,0.0
2026-04-06 14:27:00-04:00,7.940000057220459,7.954999923706055,7.940000057220459,7.954999923706055,1932,0.0,0.0
2026-04-06 14:28:00-04:00,7.960000038146973,7.96999979019165,7.960000038146973,7.965000152587891,7982,0.0,0.0
2026-04-06 14:29:00-04:00,7.954999923706055,7.954999923706055,7.954999923706055,7.954999923706055,508,0.0,0.0
2026-04-06 14:30:00-04:00,7.949999809265137,7.954999923706055,7.949999809265137,7.954999923706055,6812,0.0,0.0
2026-04-06 14:31:00-04:00,7.960000038146973,7.965000152587891,7.960000038146973,7.960000038146973,861,0.0,0.0
2026-04-06 14:32:00-04:00,7.954999923706055,7.954999923706055,7.945000171661377,7.949999809265137,3455,0.0,0.0
2026-04-06 14:33:00-04:00,7.954999923706055,7.954999923706055,7.951900005340576,7.951900005340576,1482,0.0,0.0
2026-04-06 14:34:00-04:00,7.954999923706055,7.954999923706055,7.954999923706055,7.954999923706055,1295,0.0,0.0
2026-04-06 14:35:00-04:00,7.954999923706055,7.954999923706055,7.949999809265137,7.954999923706055,6326,0.0,0.0
2026-04-06 14:36:00-04:00,7.96999979019165,7.96999979019165,7.965000152587891,7.965000152587891,662,0.0,0.0
2026-04-06 14:37:00-04:00,7.961400032043457,7.961400032043457,7.961400032043457,7.961400032043457,728,0.0,0.0
2026-04-06 14:38:00-04:00,7.965000152587891,7.965000152587891,7.965000152587891,7.965000152587891,1402,0.0,0.0
2026-04-06 14:39:00-04:00,7.965000152587891,7.965000152587891,7.965000152587891,7.965000152587891,589,0.0,0.0
2026-04-06 14:40:00-04:00,7.965000152587891,7.965000152587891,7.960000038146973,7.965000152587891,971,0.0,0.0
2026-04-06 14:41:00-04:00,7.965000152587891,7.965000152587891,7.949999809265137,7.949999809265137,12462,0.0,0.0
2026-04-06 14:42:00-04:00,7.954999923706055,7.954999923706055,7.949999809265137,7.954999923706055,694,0.0,0.0
2026-04-06 14:43:00-04:00,7.954999923706055,7.954999923706055,7.945000171661377,7.954999923706055,2919,0.0,0.0
2026-04-06 14:44:00-04:00,7.954999923706055,7.960000038146973,7.954999923706055,7.954999923706055,988,0.0,0.0
2026-04-06 14:45:00-04:00,7.954999923706055,7.954999923706055,7.954999923706055,7.954999923706055,1274,0.0,0.0
2026-04-06 14:46:00-04:00,7.949999809265137,7.949999809265137,7.945000171661377,7.945000171661377,1404,0.0,0.0
2026-04-06 14:47:00-04:00,7.948699951171875,7.948699951171875,7.945000171661377,7.945000171661377,783,0.0,0.0
2026-04-06 14:48:00-04:00,7.940000057220459,7.940000057220459,7.940000057220459,7.940000057220459,2543,0.0,0.0
2026-04-06 14:49:00-04:00,7.940000057220459,7.945000171661377,7.934999942779541,7.945000171661377,4397,0.0,0.0
2026-04-06 14:51:00-04:00,7.949999809265137,7.960000038146973,7.949999809265137,7.954999923706055,4619,0.0,0.0
2026-04-06 14:52:00-04:00,7.954999923706055,7.954999923706055,7.954999923706055,7.954999923706055,1432,0.0,0.0
2026-04-06 14:53:00-04:00,7.954999923706055,7.954999923706055,7.954999923706055,7.954999923706055,347,0.0,0.0
2026-04-06 14:54:00-04:00,7.954999923706055,7.954999923706055,7.954999923706055,7.954999923706055,575,0.0,0.0
2026-04-06 14:55:00-04:00,7.954999923706055,7.960000038146973,7.954999923706055,7.960000038146973,1422,0.0,0.0
2026-04-06 14:56:00-04:00,7.95989990234375,7.95989990234375,7.954999923706055,7.954999923706055,2531,0.0,0.0
2026-04-06 14:57:00-04:00,7.954999923706055,7.954999923706055,7.954999923706055,7.954999923706055,227,0.0,0.0
2026-04-06 14:58:00-04:00,7.954999923706055,7.954999923706055,7.954999923706055,7.954999923706055,1296,0.0,0.0
2026-04-06 14:59:00-04:00,7.954999923706055,7.954999923706055,7.954999923706055,7.954999923706055,1076,0.0,0.0
2026-04-06 15:00:00-04:00,7.954999923706055,7.954999923706055,7.944499969482422,7.945000171661377,10036,0.0,0.0
2026-04-06 15:02:00-04:00,7.940000057220459,7.945000171661377,7.934999942779541,7.945000171661377,4318,0.0,0.0
2026-04-06 15:03:00-04:00,7.934999942779541,7.934999942779541,7.934999942779541,7.934999942779541,959,0.0,0.0
2026-04-06 15:04:00-04:00,7.934999942779541,7.940000057220459,7.934999942779541,7.940000057220459,3633,0.0,0.0
2026-04-06 15:06:00-04:00,7.934999942779541,7.934999942779541,7.929999828338623,7.934999942779541,4296,0.0,0.0
2026-04-06 15:07:00-04:00,7.934999942779541,7.934999942779541,7.934999942779541,7.934999942779541,1979,0.0,0.0
2026-04-06 15:09:00-04:00,7.934999942779541,7.934999942779541,7.934999942779541,7.934999942779541,321,0.0,0.0
2026-04-06 15:10:00-04:00,7.934999942779541,7.940000057220459,7.929999828338623,7.929999828338623,7045,0.0,0.0
2026-04-06 15:11:00-04:00,7.929999828338623,7.929999828338623,7.925000190734863,7.929999828338623,7348,0.0,0.0
2026-04-06 15:12:00-04:00,7.929999828338623,7.934999942779541,7.929900169372559,7.934999942779541,5885,0.0,0.0
2026-04-06 15:13:00-04:00,7.940000057220459,7.940000057220459,7.930099964141846,7.934999942779541,4568,0.0,0.0
2026-04-06 15:14:00-04:00,7.933199882507324,7.945000171661377,7.933199882507324,7.945000171661377,9325,0.0,0.0
2026-04-06 15:16:00-04:00,7.940000057220459,7.940000057220459,7.940000057220459,7.940000057220459,3879,0.0,0.0
2026-04-06 15:17:00-04:00,7.940000057220459,7.940000057220459,7.940000057220459,7.940000057220459,1961,0.0,0.0
2026-04-06 15:18:00-04:00,7.940000057220459,7.940000057220459,7.940000057220459,7.940000057220459,407,0.0,0.0
2026-04-06 15:19:00-04:00,7.940000057220459,7.945000171661377,7.940000057220459,7.944300174713135,7295,0.0,0.0
2026-04-06 15:20:00-04:00,7.945000171661377,7.945000171661377,7.934999942779541,7.945000171661377,5161,0.0,0.0
2026-04-06 15:21:00-04:00,7.949999809265137,7.974999904632568,7.949999809265137,7.974999904632568,5593,0.0,0.0
2026-04-06 15:22:00-04:00,7.974999904632568,7.974999904632568,7.974999904632568,7.974999904632568,1531,0.0,0.0
2026-04-06 15:23:00-04:00,7.96999979019165,7.994999885559082,7.96999979019165,7.994999885559082,7097,0.0,0.0
2026-04-06 15:24:00-04:00,7.994999885559082,8.020000457763672,7.994999885559082,8.020000457763672,8582,0.0,0.0
2026-04-06 15:25:00-04:00,8.015000343322754,8.015000343322754,8.015000343322754,8.015000343322754,1665,0.0,0.0
2026-04-06 15:26:00-04:00,8.013299942016602,8.015000343322754,8.013299942016602,8.015000343322754,3833,0.0,0.0
2026-04-06 15:28:00-04:00,8.015000343322754,8.015000343322754,8.015000343322754,8.015000343322754,1872,0.0,0.0
2026-04-06 15:29:00-04:00,8.020000457763672,8.024999618530273,8.020000457763672,8.024999618530273,2987,0.0,0.0
2026-04-06 15:30:00-04:00,8.024999618530273,8.024999618530273,8.010100364685059,8.020000457763672,5463,0.0,0.0
2026-04-06 15:31:00-04:00,8.024999618530273,8.024999618530273,8.024999618530273,8.024999618530273,1276,0.0,0.0
2026-04-06 15:32:00-04:00,8.029999732971191,8.03499984741211,8.020099639892578,8.028300285339355,6949,0.0,0.0
2026-04-06 15:33:00-04:00,8.024999618530273,8.024999618530273,8.024999618530273,8.024999618530273,1915,0.0,0.0
2026-04-06 15:34:00-04:00,8.029999732971191,8.029999732971191,8.023900032043457,8.024999618530273,2542,0.0,0.0
2026-04-06 15:35:00-04:00,8.024999618530273,8.029999732971191,7.980000019073486,7.980000019073486,30358,0.0,0.0
2026-04-06 15:36:00-04:00,7.980000019073486,7.985000133514404,7.96999979019165,7.974999904632568,6185,0.0,0.0
2026-04-06 15:37:00-04:00,7.974999904632568,7.974999904632568,7.974999904632568,7.974999904632568,1552,0.0,0.0
2026-04-06 15:38:00-04:00,7.970099925994873,7.974999904632568,7.954999923706055,7.965000152587891,14614,0.0,0.0
2026-04-06 15:39:00-04:00,7.965000152587891,7.980000019073486,7.965000152587891,7.980000019073486,6049,0.0,0.0
2026-04-06 15:40:00-04:00,7.96999979019165,7.96999979019165,7.954999923706055,7.965000152587891,7060,0.0,0.0
2026-04-06 15:41:00-04:00,7.960000038146973,7.960700035095215,7.960000038146973,7.960700035095215,3363,0.0,0.0
2026-04-06 15:42:00-04:00,7.965000152587891,7.965000152587891,7.954999923706055,7.954999923706055,4834,0.0,0.0
2026-04-06 15:43:00-04:00,7.954999923706055,7.965000152587891,7.954999923706055,7.965000152587891,5528,0.0,0.0
2026-04-06 15:44:00-04:00,7.968900203704834,7.979899883270264,7.965000152587891,7.979899883270264,8636,0.0,0.0
2026-04-06 15:45:00-04:00,7.979899883270264,7.980000019073486,7.96999979019165,7.974999904632568,3126,0.0,0.0
2026-04-06 15:46:00-04:00,7.980000019073486,7.980000019073486,7.974999904632568,7.980000019073486,2357,0.0,0.0
2026-04-06 15:47:00-04:00,7.971499919891357,7.980000019073486,7.971499919891357,7.974999904632568,4027,0.0,0.0
2026-04-06 15:48:00-04:00,7.980000019073486,7.980000019073486,7.970200061798096,7.974999904632568,1905,0.0,0.0
2026-04-06 15:49:00-04:00,7.980000019073486,7.980000019073486,7.971499919891357,7.971499919891357,11432,0.0,0.0
2026-04-06 15:50:00-04:00,7.96999979019165,7.980000019073486,7.965000152587891,7.974999904632568,23778,0.0,0.0
2026-04-06 15:51:00-04:00,7.974999904632568,7.980000019073486,7.974999904632568,7.974999904632568,5599,0.0,0.0
2026-04-06 15:52:00-04:00,7.974999904632568,7.974999904632568,7.951499938964844,7.951499938964844,13584,0.0,0.0
2026-04-06 15:53:00-04:00,7.954999923706055,7.96999979019165,7.954999923706055,7.96999979019165,5314,0.0,0.0
2026-04-06 15:54:00-04:00,7.96999979019165,7.96999979019165,7.96999979019165,7.96999979019165,243,0.0,0.0
2026-04-06 15:55:00-04:00,7.985000133514404,7.989999771118164,7.980000019073486,7.985000133514404,40009,0.0,0.0
2026-04-06 15:56:00-04:00,7.989999771118164,7.989999771118164,7.980000019073486,7.985000133514404,7492,0.0,0.0
2026-04-06 15:57:00-04:00,7.985000133514404,7.989999771118164,7.980000019073486,7.985000133514404,20580,0.0,0.0
2026-04-06 15:58:00-04:00,7.985000133514404,7.994999885559082,7.96999979019165,7.985000133514404,76941,0.0,0.0
2026-04-06 15:59:00-04:00,7.985000133514404,7.989999771118164,7.960000038146973,7.965000152587891,65621,0.0,0.0
2026-04-07 09:30:00-04:00,7.800000190734863,7.849999904632568,7.800000190734863,7.829999923706055,59695,0.0,0.0
2026-04-07 09:31:00-04:00,7.820000171661377,7.849999904632568,7.800000190734863,7.800000190734863,35236,0.0,0.0
2026-04-07 09:32:00-04:00,7.800000190734863,7.800000190734863,7.75,7.760000228881836,100905,0.0,0.0
2026-04-07 09:33:00-04:00,7.760000228881836,7.760000228881836,7.744999885559082,7.75,8137,0.0,0.0
2026-04-07 09:34:00-04:00,7.75,7.78000020980835,7.75,7.78000020980835,2438,0.0,0.0
2026-04-07 09:35:00-04:00,7.769999980926514,7.769999980926514,7.75,7.760000228881836,6819,0.0,0.0
2026-04-07 09:36:00-04:00,7.760000228881836,7.789999961853027,7.760000228881836,7.769999980926514,3025,0.0,0.0
2026-04-07 09:37:00-04:00,7.78000020980835,7.800000190734863,7.78000020980835,7.789999961853027,1467,0.0,0.0
2026-04-07 09:38:00-04:00,7.78000020980835,7.789899826049805,7.760000228881836,7.769999980926514,3732,0.0,0.0
2026-04-07 09:39:00-04:00,7.763199806213379,7.78000020980835,7.755000114440918,7.78000020980835,10713,0.0,0.0
2026-04-07 09:40:00-04:00,7.789999961853027,7.789999961853027,7.777500152587891,7.777500152587891,2474,0.0,0.0
2026-04-07 09:41:00-04:00,7.78000020980835,7.788899898529053,7.78000020980835,7.78000020980835,2924,0.0,0.0
2026-04-07 09:42:00-04:00,7.78000020980835,7.789100170135498,7.78000020980835,7.78000020980835,2104,0.0,0.0
2026-04-07 09:43:00-04:00,7.789999961853027,7.789999961853027,7.784999847412109,7.784999847412109,778,0.0,0.0
2026-04-07 09:44:00-04:00,7.785099983215332,7.785099983215332,7.78000020980835,7.78000020980835,4462,0.0,0.0
2026-04-07 09:45:00-04:00,7.769999980926514,7.769999980926514,7.739999771118164,7.739999771118164,58447,0.0,0.0
2026-04-07 09:46:00-04:00,7.75,7.760000228881836,7.75,7.755000114440918,2756,0.0,0.0
2026-04-07 09:47:00-04:00,7.760000228881836,7.769999980926514,7.760000228881836,7.769000053405762,3325,0.0,0.0
2026-04-07 09:48:00-04:00,7.769999980926514,7.78000020980835,7.769999980926514,7.779900074005127,1794,0.0,0.0
2026-04-07 09:49:00-04:00,7.779900074005127,7.789999961853027,7.779900074005127,7.789999961853027,1825,0.0,0.0
2026-04-07 09:50:00-04:00,7.789999961853027,7.800000190734863,7.789999961853027,7.800000190734863,2460,0.0,0.0
2026-04-07 09:51:00-04:00,7.795000076293945,7.804999828338623,7.795000076293945,7.804999828338623,2301,0.0,0.0
2026-04-07 09:52:00-04:00,7.809999942779541,7.820000171661377,7.809999942779541,7.815000057220459,5165,0.0,0.0
2026-04-07 09:53:00-04:00,7.820000171661377,7.820000171661377,7.815000057220459,7.820000171661377,2802,0.0,0.0
2026-04-07 09:54:00-04:00,7.820000171661377,7.829999923706055,7.820000171661377,7.829999923706055,11924,0.0,0.0
2026-04-07 09:55:00-04:00,7.829999923706055,7.849999904632568,7.829999923706055,7.84499979019165,18074,0.0,0.0
2026-04-07 09:56:00-04:00,7.84499979019165,7.849999904632568,7.840099811553955,7.84499979019165,16890,0.0,0.0
2026-04-07 09:57:00-04:00,7.84499979019165,7.849999904632568,7.824999809265137,7.840000152587891,6588,0.0,0.0
2026-04-07 09:58:00-04:00,7.824999809265137,7.824999809265137,7.824999809265137,7.824999809265137,877,0.0,0.0
2026-04-07 09:59:00-04:00,7.809999942779541,7.809999942779541,7.800000190734863,7.800000190734863,1987,0.0,0.0
2026-04-07 10:00:00-04:00,7.804999828338623,7.809999942779541,7.800000190734863,7.809999942779541,3580,0.0,0.0
2026-04-07 10:01:00-04:00,7.820000171661377,7.829999923706055,7.820000171661377,7.824999809265137,2081,0.0,0.0
2026-04-07 10:02:00-04:00,7.810999870300293,7.810999870300293,7.809999942779541,7.809999942779541,3735,0.0,0.0
2026-04-07 10:03:00-04:00,7.815000057220459,7.815000057220459,7.810699939727783,7.810699939727783,1036,0.0,0.0
2026-04-07 10:04:00-04:00,7.818600177764893,7.818600177764893,7.809999942779541,7.815499782562256,1511,0.0,0.0
2026-04-07 10:05:00-04:00,7.815000057220459,7.815000057220459,7.804999828338623,7.804999828338623,3968,0.0,0.0
2026-04-07 10:06:00-04:00,7.804999828338623,7.804999828338623,7.795000076293945,7.80109977722168,5917,0.0,0.0
2026-04-07 10:08:00-04:00,7.800000190734863,7.800000190734863,7.789999961853027,7.789999961853027,2703,0.0,0.0
2026-04-07 10:09:00-04:00,7.784999847412109,7.795000076293945,7.784999847412109,7.789999961853027,4817,0.0,0.0
2026-04-07 10:10:00-04:00,7.789999961853027,7.789999961853027,7.784999847412109,7.789700031280518,13971,0.0,0.0
2026-04-07 10:11:00-04:00,7.78000020980835,7.78000020980835,7.78000020980835,7.78000020980835,4119,0.0,0.0
2026-04-07 10:12:00-04:00,7.800000190734863,7.800000190734863,7.795000076293945,7.795000076293945,2263,0.0,0.0
2026-04-07 10:13:00-04:00,7.795000076293945,7.795000076293945,7.784999847412109,7.784999847412109,2209,0.0,0.0
2026-04-07 10:14:00-04:00,7.789999961853027,7.789999961853027,7.789999961853027,7.789999961853027,1041,0.0,0.0
2026-04-07 10:15:00-04:00,7.795000076293945,7.800000190734863,7.789999961853027,7.789999961853027,1535,0.0,0.0
2026-04-07 10:16:00-04:00,7.795000076293945,7.800000190734863,7.795000076293945,7.795000076293945,2469,0.0,0.0
2026-04-07 10:17:00-04:00,7.789999961853027,7.789999961853027,7.784999847412109,7.784999847412109,1509,0.0,0.0
2026-04-07 10:18:00-04:00,7.78000020980835,7.78000020980835,7.775000095367432,7.778600215911865,1774,0.0,0.0
2026-04-07 10:19:00-04:00,7.774199962615967,7.78000020980835,7.774199962615967,7.78000020980835,1475,0.0,0.0
2026-04-07 10:20:00-04:00,7.795000076293945,7.795000076293945,7.795000076293945,7.795000076293945,5466,0.0,0.0
2026-04-07 10:21:00-04:00,7.800000190734863,7.804999828338623,7.800000190734863,7.804999828338623,2053,0.0,0.0
2026-04-07 10:22:00-04:00,7.800000190734863,7.800000190734863,7.795000076293945,7.795000076293945,1279,0.0,0.0
2026-04-07 10:23:00-04:00,7.795000076293945,7.809999942779541,7.795000076293945,7.809999942779541,3471,0.0,0.0
2026-04-07 10:24:00-04:00,7.809999942779541,7.809999942779541,7.800000190734863,7.809999942779541,4571,0.0,0.0
2026-04-07 10:25:00-04:00,7.804999828338623,7.804999828338623,7.800000190734863,7.800000190734863,4150,0.0,0.0
2026-04-07 10:26:00-04:00,7.795000076293945,7.799900054931641,7.795000076293945,7.799900054931641,857,0.0,0.0
2026-04-07 10:27:00-04:00,7.789999961853027,7.789999961853027,7.789999961853027,7.789999961853027,1498,0.0,0.0
2026-04-07 10:28:00-04:00,7.789999961853027,7.795000076293945,7.789999961853027,7.790999889373779,1043,0.0,0.0
2026-04-07 10:29:00-04:00,7.800000190734863,7.815000057220459,7.800000190734863,7.815000057220459,1773,0.0,0.0
2026-04-07 10:30:00-04:00,7.809999942779541,7.810299873352051,7.800000190734863,7.800000190734863,1790,0.0,0.0
2026-04-07 10:31:00-04:00,7.800000190734863,7.800000190734863,7.795000076293945,7.800000190734863,1105,0.0,0.0
2026-04-07 10:32:00-04:00,7.800000190734863,7.800000190734863,7.800000190734863,7.800000190734863,1055,0.0,0.0
2026-04-07 10:33:00-04:00,7.800000190734863,7.820000171661377,7.800000190734863,7.820000171661377,1544,0.0,0.0
2026-04-07 10:34:00-04:00,7.829999923706055,7.829999923706055,7.821000099182129,7.824999809265137,5483,0.0,0.0
2026-04-07 10:35:00-04:00,7.820000171661377,7.820000171661377,7.809999942779541,7.809999942779541,2073,0.0,0.0
2026-04-07 10:36:00-04:00,7.804999828338623,7.804999828338623,7.804999828338623,7.804999828338623,874,0.0,0.0
2026-04-07 10:38:00-04:00,7.800000190734863,7.800000190734863,7.800000190734863,7.800000190734863,731,0.0,0.0
2026-04-07 10:39:00-04:00,7.800000190734863,7.800000190734863,7.795000076293945,7.795000076293945,3096,0.0,0.0
2026-04-07 10:40:00-04:00,7.800000190734863,7.809999942779541,7.800000190734863,7.809999942779541,1507,0.0,0.0
2026-04-07 10:41:00-04:00,7.809999942779541,7.815000057220459,7.804999828338623,7.815000057220459,1948,0.0,0.0
2026-04-07 10:42:00-04:00,7.804999828338623,7.809999942779541,7.804999828338623,7.809999942779541,2516,0.0,0.0
2026-04-07 10:43:00-04:00,7.804999828338623,7.804999828338623,7.804999828338623,7.804999828338623,651,0.0,0.0
2026-04-07 10:44:00-04:00,7.809999942779541,7.815000057220459,7.809999942779541,7.815000057220459,1694,0.0,0.0
2026-04-07 10:45:00-04:00,7.800000190734863,7.800000190734863,7.789999961853027,7.800000190734863,4298,0.0,0.0
2026-04-07 10:46:00-04:00,7.804999828338623,7.820000171661377,7.804999828338623,7.809999942779541,5302,0.0,0.0
2026-04-07 10:47:00-04:00,7.800000190734863,7.809999942779541,7.800000190734863,7.800000190734863,5715,0.0,0.0
2026-04-07 10:48:00-04:00,7.789999961853027,7.809599876403809,7.789999961853027,7.795000076293945,5885,0.0,0.0
2026-04-07 10:49:00-04:00,7.795000076293945,7.795000076293945,7.795000076293945,7.795000076293945,1337,0.0,0.0
2026-04-07 10:50:00-04:00,7.795000076293945,7.795000076293945,7.789999961853027,7.789999961853027,1392,0.0,0.0
2026-04-07 10:51:00-04:00,7.784999847412109,7.784999847412109,7.769999980926514,7.775000095367432,2984,0.0,0.0
2026-04-07 10:52:00-04:00,7.775000095367432,7.775000095367432,7.764999866485596,7.764999866485596,4372,0.0,0.0
2026-04-07 10:53:00-04:00,7.760000228881836,7.764999866485596,7.760000228881836,7.764999866485596,1461,0.0,0.0
2026-04-07 10:54:00-04:00,7.760000228881836,7.775000095367432,7.760000228881836,7.775000095367432,4883,0.0,0.0
2026-04-07 10:55:00-04:00,7.764999866485596,7.769999980926514,7.760000228881836,7.769999980926514,3736,0.0,0.0
2026-04-07 10:56:00-04:00,7.770299911499023,7.770299911499023,7.769999980926514,7.769999980926514,1950,0.0,0.0
2026-04-07 10:57:00-04:00,7.78000020980835,7.78000020980835,7.764999866485596,7.769999980926514,1693,0.0,0.0
2026-04-07 10:58:00-04:00,7.769999980926514,7.775000095367432,7.760000228881836,7.760000228881836,6962,0.0,0.0
2026-04-07 10:59:00-04:00,7.760000228881836,7.764999866485596,7.755000114440918,7.764999866485596,4986,0.0,0.0
2026-04-07 11:00:00-04:00,7.760000228881836,7.760000228881836,7.744999885559082,7.755000114440918,8511,0.0,0.0
2026-04-07 11:01:00-04:00,7.741300106048584,7.741300106048584,7.730000019073486,7.739999771118164,3860,0.0,0.0
2026-04-07 11:02:00-04:00,7.742499828338623,7.744999885559082,7.735000133514404,7.744999885559082,4523,0.0,0.0
2026-04-07 11:03:00-04:00,7.75,7.75,7.735000133514404,7.735000133514404,7213,0.0,0.0
2026-04-07 11:04:00-04:00,7.735000133514404,7.735000133514404,7.71999979019165,7.730000019073486,3993,0.0,0.0
2026-04-07 11:05:00-04:00,7.724999904632568,7.724999904632568,7.724999904632568,7.724999904632568,3907,0.0,0.0
2026-04-07 11:06:00-04:00,7.71999979019165,7.71999979019165,7.710000038146973,7.710000038146973,5261,0.0,0.0
2026-04-07 11:07:00-04:00,7.715000152587891,7.715000152587891,7.715000152587891,7.715000152587891,863,0.0,0.0
2026-04-07 11:08:00-04:00,7.71999979019165,7.724999904632568,7.715000152587891,7.724999904632568,8033,0.0,0.0
2026-04-07 11:09:00-04:00,7.728700160980225,7.728700160980225,7.715000152587891,7.719699859619141,32474,0.0,0.0
2026-04-07 11:10:00-04:00,7.724999904632568,7.730000019073486,7.71999979019165,7.72130012512207,4648,0.0,0.0
2026-04-07 11:11:00-04:00,7.724999904632568,7.739999771118164,7.724999904632568,7.739999771118164,3575,0.0,0.0
2026-04-07 11:12:00-04:00,7.730000019073486,7.730000019073486,7.724999904632568,7.724999904632568,10476,0.0,0.0
2026-04-07 11:13:00-04:00,7.724999904632568,7.724999904632568,7.71999979019165,7.724999904632568,2116,0.0,0.0
2026-04-07 11:14:00-04:00,7.724999904632568,7.729300022125244,7.720099925994873,7.724999904632568,4138,0.0,0.0
2026-04-07 11:15:00-04:00,7.71999979019165,7.75,7.715000152587891,7.75,10503,0.0,0.0
2026-04-07 11:16:00-04:00,7.739999771118164,7.747499942779541,7.730000019073486,7.730000019073486,4325,0.0,0.0
2026-04-07 11:17:00-04:00,7.735000133514404,7.735000133514404,7.730000019073486,7.730000019073486,1600,0.0,0.0
2026-04-07 11:18:00-04:00,7.735000133514404,7.735000133514404,7.730000019073486,7.730000019073486,467,0.0,0.0
2026-04-07 11:19:00-04:00,7.735000133514404,7.735000133514404,7.735000133514404,7.735000133514404,513,0.0,0.0
2026-04-07 11:20:00-04:00,7.7399001121521,7.739999771118164,7.730000019073486,7.735000133514404,1459,0.0,0.0
2026-04-07 11:21:00-04:00,7.735000133514404,7.73859977722168,7.730000019073486,7.730000019073486,2346,0.0,0.0
2026-04-07 11:22:00-04:00,7.735000133514404,7.735000133514404,7.735000133514404,7.735000133514404,813,0.0,0.0
2026-04-07 11:23:00-04:00,7.735000133514404,7.735000133514404,7.735000133514404,7.735000133514404,717,0.0,0.0
2026-04-07 11:24:00-04:00,7.735000133514404,7.735000133514404,7.735000133514404,7.735000133514404,718,0.0,0.0
2026-04-07 11:25:00-04:00,7.730000019073486,7.735000133514404,7.730000019073486,7.735000133514404,619,0.0,0.0
2026-04-07 11:26:00-04:00,7.739999771118164,7.739999771118164,7.730000019073486,7.735000133514404,1290,0.0,0.0
2026-04-07 11:27:00-04:00,7.7399001121521,7.7399001121521,7.7399001121521,7.7399001121521,2188,0.0,0.0
2026-04-07 11:28:00-04:00,7.735000133514404,7.739999771118164,7.730000019073486,7.730000019073486,15997,0.0,0.0
2026-04-07 11:29:00-04:00,7.724999904632568,7.735000133514404,7.724999904632568,7.735000133514404,2575,0.0,0.0
2026-04-07 11:30:00-04:00,7.739999771118164,7.744999885559082,7.739999771118164,7.744999885559082,3233,0.0,0.0
2026-04-07 11:31:00-04:00,7.744999885559082,7.750100135803223,7.739999771118164,7.750100135803223,2376,0.0,0.0
2026-04-07 11:32:00-04:00,7.75,7.755000114440918,7.740099906921387,7.75,6980,0.0,0.0
2026-04-07 11:33:00-04:00,7.75,7.755000114440918,7.75,7.755000114440918,3530,0.0,0.0
2026-04-07 11:34:00-04:00,7.75,7.764999866485596,7.75,7.764999866485596,13628,0.0,0.0
2026-04-07 11:35:00-04:00,7.764999866485596,7.769999980926514,7.7600998878479,7.769999980926514,2564,0.0,0.0
2026-04-07 11:36:00-04:00,7.769999980926514,7.769999980926514,7.769999980926514,7.769999980926514,989,0.0,0.0
2026-04-07 11:37:00-04:00,7.78000020980835,7.78000020980835,7.764999866485596,7.775000095367432,4925,0.0,0.0
2026-04-07 11:38:00-04:00,7.775000095367432,7.775000095367432,7.769999980926514,7.769999980926514,1817,0.0,0.0
2026-04-07 11:39:00-04:00,7.78000020980835,7.78000020980835,7.769999980926514,7.775000095367432,7555,0.0,0.0
2026-04-07 11:40:00-04:00,7.769999980926514,7.769999980926514,7.769999980926514,7.769999980926514,117,0.0,0.0
2026-04-07 11:41:00-04:00,7.769999980926514,7.78000020980835,7.764999866485596,7.764999866485596,3911,0.0,0.0
2026-04-07 11:42:00-04:00,7.764999866485596,7.764999866485596,7.760000228881836,7.764999866485596,2654,0.0,0.0
2026-04-07 11:43:00-04:00,7.769899845123291,7.775000095367432,7.769899845123291,7.775000095367432,3899,0.0,0.0
2026-04-07 11:44:00-04:00,7.775000095367432,7.775000095367432,7.764999866485596,7.764999866485596,2875,0.0,0.0
2026-04-07 11:45:00-04:00,7.769999980926514,7.769999980926514,7.769999980926514,7.769999980926514,2060,0.0,0.0
2026-04-07 11:47:00-04:00,7.769999980926514,7.784999847412109,7.769999980926514,7.784999847412109,1782,0.0,0.0
2026-04-07 11:48:00-04:00,7.769999980926514,7.775000095367432,7.764999866485596,7.775000095367432,1516,0.0,0.0
2026-04-07 11:49:00-04:00,7.78000020980835,7.78000020980835,7.78000020980835,7.78000020980835,1074,0.0,0.0
2026-04-07 11:50:00-04:00,7.78000020980835,7.78000020980835,7.769999980926514,7.769999980926514,986,0.0,0.0
2026-04-07 11:51:00-04:00,7.769999980926514,7.769999980926514,7.760000228881836,7.760000228881836,1605,0.0,0.0
2026-04-07 11:52:00-04:00,7.760000228881836,7.764999866485596,7.760000228881836,7.764999866485596,1942,0.0,0.0
2026-04-07 11:53:00-04:00,7.769999980926514,7.769999980926514,7.769999980926514,7.769999980926514,1617,0.0,0.0
2026-04-07 11:54:00-04:00,7.78000020980835,7.784999847412109,7.78000020980835,7.784999847412109,890,0.0,0.0
2026-04-07 11:55:00-04:00,7.78000020980835,7.804999828338623,7.78000020980835,7.800000190734863,5557,0.0,0.0
2026-04-07 11:57:00-04:00,7.789999961853027,7.789999961853027,7.789999961853027,7.789999961853027,1435,0.0,0.0
2026-04-07 11:59:00-04:00,7.790999889373779,7.795000076293945,7.789999961853027,7.795000076293945,1850,0.0,0.0
2026-04-07 12:00:00-04:00,7.795000076293945,7.805500030517578,7.795000076293945,7.805500030517578,3642,0.0,0.0
2026-04-07 12:01:00-04:00,7.815000057220459,7.815000057220459,7.800000190734863,7.800000190734863,3754,0.0,0.0
2026-04-07 12:02:00-04:00,7.809999942779541,7.84499979019165,7.809999942779541,7.84499979019165,8628,0.0,0.0
2026-04-07 12:03:00-04:00,7.840000152587891,7.875,7.840000152587891,7.849999904632568,27466,0.0,0.0
2026-04-07 12:04:00-04:00,7.84499979019165,7.84499979019165,7.835000038146973,7.835000038146973,3352,0.0,0.0
2026-04-07 12:05:00-04:00,7.829999923706055,7.840000152587891,7.824999809265137,7.829999923706055,2642,0.0,0.0
2026-04-07 12:06:00-04:00,7.829999923706055,7.840000152587891,7.829999923706055,7.840000152587891,1297,0.0,0.0
2026-04-07 12:07:00-04:00,7.840000152587891,7.840000152587891,7.829999923706055,7.829999923706055,2797,0.0,0.0
2026-04-07 12:08:00-04:00,7.829899787902832,7.829999923706055,7.824999809265137,7.829999923706055,6308,0.0,0.0
2026-04-07 12:09:00-04:00,7.829999923706055,7.835000038146973,7.829999923706055,7.835000038146973,2465,0.0,0.0
2026-04-07 12:10:00-04:00,7.835000038146973,7.840000152587891,7.835000038146973,7.840000152587891,1778,0.0,0.0
2026-04-07 12:12:00-04:00,7.84499979019165,7.849899768829346,7.840000152587891,7.840000152587891,2287,0.0,0.0
2026-04-07 12:13:00-04:00,7.84499979019165,7.849999904632568,7.840000152587891,7.840000152587891,2596,0.0,0.0
2026-04-07 12:14:00-04:00,7.849999904632568,7.849999904632568,7.849999904632568,7.849999904632568,1774,0.0,0.0
2026-04-07 12:15:00-04:00,7.849999904632568,7.864999771118164,7.849999904632568,7.864999771118164,1431,0.0,0.0
2026-04-07 12:16:00-04:00,7.860000133514404,7.860000133514404,7.860000133514404,7.860000133514404,524,0.0,0.0
2026-04-07 12:17:00-04:00,7.860000133514404,7.860000133514404,7.849999904632568,7.849999904632568,2766,0.0,0.0
2026-04-07 12:18:00-04:00,7.849999904632568,7.849999904632568,7.849999904632568,7.849999904632568,868,0.0,0.0
2026-04-07 12:19:00-04:00,7.855000019073486,7.869999885559082,7.855000019073486,7.860000133514404,5499,0.0,0.0
2026-04-07 12:20:00-04:00,7.849999904632568,7.849999904632568,7.84499979019165,7.84499979019165,2593,0.0,0.0
2026-04-07 12:21:00-04:00,7.860000133514404,7.860099792480469,7.860000133514404,7.860099792480469,1587,0.0,0.0
2026-04-07 12:22:00-04:00,7.860000133514404,7.860000133514404,7.855000019073486,7.855000019073486,2628,0.0,0.0
2026-04-07 12:23:00-04:00,7.849999904632568,7.900000095367432,7.849999904632568,7.875,15002,0.0,0.0
2026-04-07 12:24:00-04:00,7.869999885559082,7.880099773406982,7.869999885559082,7.880000114440918,5255,0.0,0.0
2026-04-07 12:25:00-04:00,7.889999866485596,7.889999866485596,7.889999866485596,7.889999866485596,1931,0.0,0.0
2026-04-07 12:26:00-04:00,7.880000114440918,7.880000114440918,7.880000114440918,7.880000114440918,770,0.0,0.0
2026-04-07 12:27:00-04:00,7.875,7.889900207519531,7.875,7.885000228881836,3115,0.0,0.0
2026-04-07 12:28:00-04:00,7.889999866485596,7.889999866485596,7.869999885559082,7.875,7131,0.0,0.0
2026-04-07 12:29:00-04:00,7.880000114440918,7.885000228881836,7.875,7.879799842834473,6276,0.0,0.0
2026-04-07 12:30:00-04:00,7.880000114440918,7.880000114440918,7.880000114440918,7.880000114440918,1005,0.0,0.0
2026-04-07 12:31:00-04:00,7.88100004196167,7.889999866485596,7.875,7.889999866485596,3764,0.0,0.0
2026-04-07 12:32:00-04:00,7.885000228881836,7.886000156402588,7.885000228881836,7.886000156402588,1456,0.0,0.0
2026-04-07 12:33:00-04:00,7.885000228881836,7.894999980926514,7.885000228881836,7.894999980926514,6140,0.0,0.0
2026-04-07 12:34:00-04:00,7.890100002288818,7.890100002288818,7.890100002288818,7.890100002288818,628,0.0,0.0
2026-04-07 12:35:00-04:00,7.894999980926514,7.900000095367432,7.894999980926514,7.894999980926514,2220,0.0,0.0
2026-04-07 12:36:00-04:00,7.889999866485596,7.900000095367432,7.889999866485596,7.894999980926514,2238,0.0,0.0
2026-04-07 12:37:00-04:00,7.900000095367432,7.900000095367432,7.885000228881836,7.885000228881836,4712,0.0,0.0
2026-04-07 12:38:00-04:00,7.885000228881836,7.885000228881836,7.880000114440918,7.880099773406982,1609,0.0,0.0
2026-04-07 12:39:00-04:00,7.889999866485596,7.895999908447266,7.889999866485596,7.889999866485596,7370,0.0,0.0
2026-04-07 12:40:00-04:00,7.889999866485596,7.894999980926514,7.889999866485596,7.894999980926514,1025,0.0,0.0
2026-04-07 12:41:00-04:00,7.900000095367432,7.912499904632568,7.900000095367432,7.909999847412109,4680,0.0,0.0
2026-04-07 12:42:00-04:00,7.90500020980835,7.909999847412109,7.90500020980835,7.90500020980835,3283,0.0,0.0
2026-04-07 12:43:00-04:00,7.906000137329102,7.906000137329102,7.889999866485596,7.889999866485596,5903,0.0,0.0
2026-04-07 12:44:00-04:00,7.893700122833252,7.894999980926514,7.893700122833252,7.894999980926514,1963,0.0,0.0
2026-04-07 12:45:00-04:00,7.900000095367432,7.91510009765625,7.900000095367432,7.911799907684326,4027,0.0,0.0
2026-04-07 12:46:00-04:00,7.910999774932861,7.920000076293945,7.910999774932861,7.914999961853027,8603,0.0,0.0
2026-04-07 12:48:00-04:00,7.914999961853027,7.925000190734863,7.909999847412109,7.925000190734863,2135,0.0,0.0
2026-04-07 12:49:00-04:00,7.920000076293945,7.925000190734863,7.920000076293945,7.920000076293945,3314,0.0,0.0
2026-04-07 12:50:00-04:00,7.920000076293945,7.920000076293945,7.914999961853027,7.920000076293945,3535,0.0,0.0
2026-04-07 12:51:00-04:00,7.929999828338623,7.929999828338623,7.929999828338623,7.929999828338623,1885,0.0,0.0
2026-04-07 12:52:00-04:00,7.920000076293945,7.925000190734863,7.920000076293945,7.925000190734863,2031,0.0,0.0
2026-04-07 12:53:00-04:00,7.920000076293945,7.920000076293945,7.920000076293945,7.920000076293945,1045,0.0,0.0
2026-04-07 12:54:00-04:00,7.925000190734863,7.925000190734863,7.925000190734863,7.925000190734863,618,0.0,0.0
2026-04-07 12:55:00-04:00,7.914999961853027,7.920000076293945,7.909999847412109,7.914999961853027,30970,0.0,0.0
2026-04-07 12:56:00-04:00,7.914999961853027,7.914999961853027,7.909999847412109,7.911099910736084,1284,0.0,0.0
2026-04-07 12:57:00-04:00,7.90500020980835,7.914999961853027,7.900100231170654,7.914999961853027,2167,0.0,0.0
2026-04-07 12:58:00-04:00,7.909999847412109,7.909999847412109,7.90500020980835,7.909999847412109,2068,0.0,0.0
2026-04-07 12:59:00-04:00,7.911300182342529,7.914999961853027,7.909999847412109,7.909999847412109,2015,0.0,0.0
2026-04-07 13:00:00-04:00,7.900000095367432,7.909999847412109,7.900000095367432,7.909999847412109,3096,0.0,0.0
2026-04-07 13:01:00-04:00,7.90500020980835,7.90500020980835,7.900000095367432,7.90500020980835,1606,0.0,0.0
2026-04-07 13:02:00-04:00,7.90500020980835,7.914999961853027,7.90500020980835,7.914999961853027,6391,0.0,0.0
2026-04-07 13:03:00-04:00,7.920000076293945,7.920000076293945,7.920000076293945,7.920000076293945,5166,0.0,0.0
2026-04-07 13:04:00-04:00,7.925000190734863,7.929999828338623,7.925000190734863,7.929999828338623,841,0.0,0.0
2026-04-07 13:05:00-04:00,7.925000190734863,7.925000190734863,7.920000076293945,7.920000076293945,3047,0.0,0.0
2026-04-07 13:06:00-04:00,7.920300006866455,7.920300006866455,7.920300006866455,7.920300006866455,577,0.0,0.0
2026-04-07 13:07:00-04:00,7.925000190734863,7.925000190734863,7.920000076293945,7.920000076293945,1380,0.0,0.0
2026-04-07 13:08:00-04:00,7.920000076293945,7.929999828338623,7.920000076293945,7.929999828338623,12929,0.0,0.0
2026-04-07 13:09:00-04:00,7.921000003814697,7.929999828338623,7.921000003814697,7.929999828338623,2602,0.0,0.0
2026-04-07 13:10:00-04:00,7.925000190734863,7.925000190734863,7.925000190734863,7.925000190734863,1603,0.0,0.0
2026-04-07 13:11:00-04:00,7.934999942779541,7.934999942779541,7.929999828338623,7.929999828338623,1127,0.0,0.0
2026-04-07 13:12:00-04:00,7.929999828338623,7.934999942779541,7.929999828338623,7.934999942779541,822,0.0,0.0
2026-04-07 13:13:00-04:00,7.940000057220459,7.945000171661377,7.940000057220459,7.940000057220459,13059,0.0,0.0
2026-04-07 13:14:00-04:00,7.945000171661377,7.945000171661377,7.940000057220459,7.940000057220459,1508,0.0,0.0
2026-04-07 13:15:00-04:00,7.929999828338623,7.929999828338623,7.929999828338623,7.929999828338623,1331,0.0,0.0
2026-04-07 13:16:00-04:00,7.940000057220459,7.945199966430664,7.925000190734863,7.925000190734863,3490,0.0,0.0
2026-04-07 13:17:00-04:00,7.925000190734863,7.925000190734863,7.914999961853027,7.914999961853027,2031,0.0,0.0
2026-04-07 13:19:00-04:00,7.925000190734863,7.940000057220459,7.925000190734863,7.940000057220459,10542,0.0,0.0
2026-04-07 13:20:00-04:00,7.945000171661377,7.945000171661377,7.940000057220459,7.940000057220459,3433,0.0,0.0
2026-04-07 13:21:00-04:00,7.929999828338623,7.934999942779541,7.929999828338623,7.934999942779541,3942,0.0,0.0
2026-04-07 13:22:00-04:00,7.929999828338623,7.929999828338623,7.925000190734863,7.925000190734863,1448,0.0,0.0
2026-04-07 13:23:00-04:00,7.924099922180176,7.925000190734863,7.914999961853027,7.920000076293945,2836,0.0,0.0
2026-04-07 13:24:00-04:00,7.925000190734863,7.929999828338623,7.925000190734863,7.929999828338623,1459,0.0,0.0
2026-04-07 13:25:00-04:00,7.929999828338623,7.929999828338623,7.929999828338623,7.929999828338623,1340,0.0,0.0
2026-04-07 13:26:00-04:00,7.929999828338623,7.929999828338623,7.929999828338623,7.929999828338623,1122,0.0,0.0
2026-04-07 13:27:00-04:00,7.940000057220459,7.940000057220459,7.939599990844727,7.939599990844727,881,0.0,0.0
2026-04-07 13:28:00-04:00,7.930099964141846,7.930099964141846,7.929999828338623,7.929999828338623,1103,0.0,0.0
2026-04-07 13:29:00-04:00,7.934999942779541,7.934999942779541,7.934999942779541,7.934999942779541,485,0.0,0.0
2026-04-07 13:30:00-04:00,7.940000057220459,7.945000171661377,7.940000057220459,7.940000057220459,2593,0.0,0.0
2026-04-07 13:31:00-04:00,7.939899921417236,7.939899921417236,7.939899921417236,7.939899921417236,1468,0.0,0.0
2026-04-07 13:32:00-04:00,7.940199851989746,7.951000213623047,7.940100193023682,7.951000213623047,5577,0.0,0.0
2026-04-07 13:33:00-04:00,7.960000038146973,7.965099811553955,7.954999923706055,7.965099811553955,750,0.0,0.0
2026-04-07 13:34:00-04:00,7.969900131225586,7.985000133514404,7.965000152587891,7.985000133514404,8879,0.0,0.0
2026-04-07 13:35:00-04:00,7.985000133514404,8.009900093078613,7.985000133514404,8.009900093078613,10346,0.0,0.0
2026-04-07 13:36:00-04:00,8.010000228881836,8.039999961853027,8.010000228881836,8.029999732971191,5982,0.0,0.0
2026-04-07 13:37:00-04:00,8.024999618530273,8.024999618530273,8.020000457763672,8.020000457763672,3437,0.0,0.0
2026-04-07 13:38:00-04:00,8.005000114440918,8.005000114440918,8.005000114440918,8.005000114440918,1126,0.0,0.0
2026-04-07 13:39:00-04:00,8.005000114440918,8.010000228881836,8.002300262451172,8.0024995803833,5695,0.0,0.0
2026-04-07 13:40:00-04:00,8.0,8.005000114440918,7.989999771118164,8.005000114440918,7940,0.0,0.0
2026-04-07 13:41:00-04:00,7.989999771118164,7.989999771118164,7.989999771118164,7.989999771118164,1079,0.0,0.0
2026-04-07 13:42:00-04:00,8.005000114440918,8.008899688720703,8.005000114440918,8.008899688720703,812,0.0,0.0
2026-04-07 13:43:00-04:00,8.005000114440918,8.005000114440918,8.005000114440918,8.005000114440918,1560,0.0,0.0
2026-04-07 13:44:00-04:00,7.994999885559082,7.994999885559082,7.989999771118164,7.989999771118164,776,0.0,0.0
2026-04-07 13:45:00-04:00,7.994999885559082,7.994999885559082,7.989999771118164,7.989999771118164,2175,0.0,0.0
2026-04-07 13:46:00-04:00,7.994999885559082,8.005000114440918,7.994999885559082,8.005000114440918,2694,0.0,0.0
2026-04-07 13:47:00-04:00,8.005000114440918,8.010000228881836,8.005000114440918,8.010000228881836,1502,0.0,0.0
2026-04-07 13:48:00-04:00,8.005000114440918,8.010000228881836,8.0,8.010000228881836,1929,0.0,0.0
2026-04-07 13:49:00-04:00,8.005000114440918,8.010000228881836,8.005000114440918,8.010000228881836,1653,0.0,0.0
2026-04-07 13:50:00-04:00,8.01140022277832,8.01140022277832,8.002400398254395,8.002400398254395,5469,0.0,0.0
2026-04-07 13:51:00-04:00,8.005000114440918,8.010000228881836,8.005000114440918,8.010000228881836,2449,0.0,0.0
2026-04-07 13:52:00-04:00,8.010100364685059,8.010100364685059,8.010100364685059,8.010100364685059,1562,0.0,0.0
2026-04-07 13:54:00-04:00,8.010000228881836,8.010000228881836,8.005000114440918,8.005000114440918,1658,0.0,0.0
2026-04-07 13:55:00-04:00,8.010000228881836,8.010000228881836,8.005000114440918,8.005000114440918,1684,0.0,0.0
2026-04-07 13:56:00-04:00,8.005000114440918,8.005000114440918,8.005000114440918,8.005000114440918,556,0.0,0.0
2026-04-07 13:57:00-04:00,8.005000114440918,8.010000228881836,8.005000114440918,8.010000228881836,593,0.0,0.0
2026-04-07 13:58:00-04:00,8.005000114440918,8.010000228881836,8.0,8.010000228881836,7113,0.0,0.0
2026-04-07 13:59:00-04:00,8.005000114440918,8.005000114440918,8.0,8.0,1312,0.0,0.0
2026-04-07 14:00:00-04:00,8.00510025024414,8.00510025024414,8.005000114440918,8.005000114440918,1563,0.0,0.0
2026-04-07 14:01:00-04:00,8.0,8.0,7.994999885559082,8.0,1877,0.0,0.0
2026-04-07 14:02:00-04:00,7.989999771118164,7.989999771118164,7.980000019073486,7.989999771118164,6680,0.0,0.0
2026-04-07 14:03:00-04:00,7.994999885559082,8.0,7.994999885559082,8.0,1602,0.0,0.0
2026-04-07 14:04:00-04:00,8.005000114440918,8.005000114440918,8.0,8.0,2162,0.0,0.0
2026-04-07 14:05:00-04:00,8.0,8.0,7.989999771118164,7.989999771118164,1584,0.0,0.0
2026-04-07 14:06:00-04:00,7.985000133514404,7.985000133514404,7.980000019073486,7.980000019073486,2367,0.0,0.0
2026-04-07 14:07:00-04:00,7.96999979019165,7.96999979019165,7.969299793243408,7.969299793243408,2993,0.0,0.0
2026-04-07 14:08:00-04:00,7.969900131225586,7.96999979019165,7.969900131225586,7.96999979019165,3467,0.0,0.0
2026-04-07 14:09:00-04:00,7.974999904632568,7.985000133514404,7.974999904632568,7.985000133514404,3101,0.0,0.0
2026-04-07 14:10:00-04:00,7.980000019073486,7.980000019073486,7.974999904632568,7.974999904632568,4414,0.0,0.0
2026-04-07 14:11:00-04:00,7.980000019073486,7.989999771118164,7.980000019073486,7.985000133514404,4961,0.0,0.0
2026-04-07 14:12:00-04:00,7.985000133514404,7.985000133514404,7.985000133514404,7.985000133514404,786,0.0,0.0
2026-04-07 14:13:00-04:00,7.980000019073486,7.980000019073486,7.974999904632568,7.974999904632568,2819,0.0,0.0
2026-04-07 14:16:00-04:00,7.980000019073486,7.980999946594238,7.980000019073486,7.980999946594238,2608,0.0,0.0
2026-04-07 14:17:00-04:00,7.989999771118164,7.994999885559082,7.989999771118164,7.994999885559082,2448,0.0,0.0
2026-04-07 14:18:00-04:00,7.994999885559082,7.994999885559082,7.994999885559082,7.994999885559082,1000,0.0,0.0
2026-04-07 14:19:00-04:00,7.994999885559082,7.994999885559082,7.994999885559082,7.994999885559082,761,0.0,0.0
2026-04-07 14:20:00-04:00,8.0,8.020000457763672,7.980000019073486,7.985000133514404,35477,0.0,0.0
2026-04-07 14:21:00-04:00,7.985000133514404,7.985000133514404,7.965000152587891,7.965000152587891,4561,0.0,0.0
2026-04-07 14:22:00-04:00,7.965000152587891,7.96999979019165,7.964000225067139,7.96999979019165,3067,0.0,0.0
2026-04-07 14:23:00-04:00,7.980000019073486,7.980000019073486,7.980000019073486,7.980000019073486,257,0.0,0.0
2026-04-07 14:24:00-04:00,7.96999979019165,7.96999979019165,7.96999979019165,7.96999979019165,2931,0.0,0.0
2026-04-07 14:25:00-04:00,7.965000152587891,7.965000152587891,7.965000152587891,7.965000152587891,339,0.0,0.0
2026-04-07 14:26:00-04:00,7.965000152587891,7.965000152587891,7.965000152587891,7.965000152587891,664,0.0,0.0
2026-04-07 14:27:00-04:00,7.96999979019165,7.974999904632568,7.965000152587891,7.974999904632568,3682,0.0,0.0
2026-04-07 14:28:00-04:00,7.96999979019165,7.974999904632568,7.96999979019165,7.974999904632568,1672,0.0,0.0
2026-04-07 14:29:00-04:00,7.980000019073486,7.994999885559082,7.980000019073486,7.989999771118164,6830,0.0,0.0
2026-04-07 14:30:00-04:00,7.989999771118164,7.989999771118164,7.989999771118164,7.989999771118164,736,0.0,0.0
2026-04-07 14:31:00-04:00,7.989999771118164,8.024999618530273,7.989999771118164,8.024999618530273,17914,0.0,0.0
2026-04-07 14:32:00-04:00,8.024999618530273,8.024999618530273,8.024999618530273,8.024999618530273,4127,0.0,0.0
2026-04-07 14:33:00-04:00,8.020000457763672,8.024999618530273,8.020000457763672,8.024999618530273,1888,0.0,0.0
2026-04-07 14:34:00-04:00,8.020000457763672,8.020000457763672,8.010199546813965,8.010199546813965,3009,0.0,0.0
2026-04-07 14:35:00-04:00,8.0,8.005000114440918,8.0,8.005000114440918,4981,0.0,0.0
2026-04-07 14:36:00-04:00,8.004400253295898,8.004400253295898,8.004400253295898,8.004400253295898,741,0.0,0.0
2026-04-07 14:37:00-04:00,8.005000114440918,8.005000114440918,8.005000114440918,8.005000114440918,244,0.0,0.0
2026-04-07 14:38:00-04:00,8.0,8.010000228881836,8.0,8.010000228881836,8695,0.0,0.0
2026-04-07 14:39:00-04:00,8.005000114440918,8.039999961853027,8.005000114440918,8.030099868774414,13297,0.0,0.0
2026-04-07 14:40:00-04:00,8.03499984741211,8.03499984741211,8.015000343322754,8.015000343322754,8861,0.0,0.0
2026-04-07 14:41:00-04:00,8.015000343322754,8.015000343322754,8.010000228881836,8.010000228881836,1675,0.0,0.0
2026-04-07 14:42:00-04:00,8.010000228881836,8.024999618530273,8.010000228881836,8.024999618530273,7043,0.0,0.0
2026-04-07 14:43:00-04:00,8.029899597167969,8.029899597167969,8.024999618530273,8.024999618530273,2255,0.0,0.0
2026-04-07 14:44:00-04:00,8.029999732971191,8.03499984741211,8.029999732971191,8.03499984741211,1605,0.0,0.0
2026-04-07 14:45:00-04:00,8.029999732971191,8.029999732971191,8.024999618530273,8.029999732971191,3778,0.0,0.0
2026-04-07 14:46:00-04:00,8.024999618530273,8.03499984741211,8.024999618530273,8.03499984741211,2445,0.0,0.0
2026-04-07 14:47:00-04:00,8.03499984741211,8.03499984741211,8.031299591064453,8.03499984741211,1959,0.0,0.0
2026-04-07 14:48:00-04:00,8.029999732971191,8.029999732971191,8.021499633789062,8.024999618530273,4398,0.0,0.0
2026-04-07 14:49:00-04:00,8.024999618530273,8.024999618530273,8.024999618530273,8.024999618530273,529,0.0,0.0
2026-04-07 14:50:00-04:00,8.029999732971191,8.029999732971191,8.024999618530273,8.024999618530273,5447,0.0,0.0
2026-04-07 14:52:00-04:00,8.024999618530273,8.024999618530273,8.024999618530273,8.024999618530273,386,0.0,0.0
2026-04-07 14:53:00-04:00,8.020000457763672,8.020000457763672,8.015000343322754,8.015000343322754,2102,0.0,0.0
2026-04-07 14:54:00-04:00,8.015000343322754,8.015000343322754,8.010000228881836,8.010000228881836,2577,0.0,0.0
2026-04-07 14:55:00-04:00,8.010100364685059,8.010100364685059,7.974999904632568,7.974999904632568,38049,0.0,0.0
2026-04-07 14:56:00-04:00,7.96999979019165,7.994999885559082,7.96999979019165,7.994999885559082,16110,0.0,0.0
2026-04-07 14:57:00-04:00,8.000499725341797,8.000499725341797,8.000499725341797,8.000499725341797,3514,0.0,0.0
2026-04-07 14:58:00-04:00,8.005000114440918,8.005000114440918,8.005000114440918,8.005000114440918,476,0.0,0.0
2026-04-07 14:59:00-04:00,8.005000114440918,8.010000228881836,8.005000114440918,8.010000228881836,4103,0.0,0.0
2026-04-07 15:00:00-04:00,8.005000114440918,8.00510025024414,8.0,8.0,2063,0.0,0.0
2026-04-07 15:01:00-04:00,8.0,8.005000114440918,7.994999885559082,8.005000114440918,10402,0.0,0.0
2026-04-07 15:02:00-04:00,8.010000228881836,8.015000343322754,8.010000228881836,8.015000343322754,1809,0.0,0.0
2026-04-07 15:03:00-04:00,8.015000343322754,8.015000343322754,8.010000228881836,8.010000228881836,971,0.0,0.0
2026-04-07 15:04:00-04:00,8.005000114440918,8.005000114440918,8.005000114440918,8.005000114440918,781,0.0,0.0
2026-04-07 15:05:00-04:00,8.0,8.005000114440918,7.994999885559082,8.005000114440918,10363,0.0,0.0
2026-04-07 15:06:00-04:00,8.0,8.0,7.980000019073486,7.980000019073486,34484,0.0,0.0
2026-04-07 15:07:00-04:00,7.985000133514404,7.989999771118164,7.985000133514404,7.985000133514404,2788,0.0,0.0
2026-04-07 15:08:00-04:00,7.989999771118164,7.994999885559082,7.965000152587891,7.965000152587891,5367,0.0,0.0
2026-04-07 15:09:00-04:00,7.96999979019165,8.0,7.96999979019165,7.989999771118164,5441,0.0,0.0
2026-04-07 15:10:00-04:00,7.994999885559082,7.994999885559082,7.980000019073486,7.989999771118164,9627,0.0,0.0
2026-04-07 15:11:00-04:00,7.989999771118164,7.989999771118164,7.980000019073486,7.980000019073486,3315,0.0,0.0
2026-04-07 15:12:00-04:00,7.980000019073486,7.980000019073486,7.965000152587891,7.965000152587891,3856,0.0,0.0
2026-04-07 15:13:00-04:00,7.96999979019165,7.96999979019165,7.96999979019165,7.96999979019165,971,0.0,0.0
2026-04-07 15:14:00-04:00,7.965099811553955,7.965099811553955,7.965099811553955,7.965099811553955,608,0.0,0.0
2026-04-07 15:15:00-04:00,7.969900131225586,7.969900131225586,7.960000038146973,7.965000152587891,4170,0.0,0.0
2026-04-07 15:16:00-04:00,7.96999979019165,7.96999979019165,7.945000171661377,7.945000171661377,6398,0.0,0.0
2026-04-07 15:17:00-04:00,7.949999809265137,7.949999809265137,7.949999809265137,7.949999809265137,3767,0.0,0.0
2026-04-07 15:18:00-04:00,7.96999979019165,7.974999904632568,7.949999809265137,7.96999979019165,6067,0.0,0.0
2026-04-07 15:19:00-04:00,7.96999979019165,8.0,7.96999979019165,8.0,4112,0.0,0.0
2026-04-07 15:20:00-04:00,8.010000228881836,8.024999618530273,8.0,8.0,5403,0.0,0.0
2026-04-07 15:21:00-04:00,7.989999771118164,7.989999771118164,7.980000019073486,7.980000019073486,2638,0.0,0.0
2026-04-07 15:22:00-04:00,7.974999904632568,7.980000019073486,7.974999904632568,7.980000019073486,2891,0.0,0.0
2026-04-07 15:23:00-04:00,7.96999979019165,7.96999979019165,7.96999979019165,7.96999979019165,2148,0.0,0.0
2026-04-07 15:24:00-04:00,7.965000152587891,7.96999979019165,7.965000152587891,7.965000152587891,5599,0.0,0.0
2026-04-07 15:25:00-04:00,7.965000152587891,7.965000152587891,7.954999923706055,7.960000038146973,3052,0.0,0.0
2026-04-07 15:26:00-04:00,7.960000038146973,7.960000038146973,7.960000038146973,7.960000038146973,3010,0.0,0.0
2026-04-07 15:27:00-04:00,7.960000038146973,7.96999979019165,7.960000038146973,7.96999979019165,9831,0.0,0.0
2026-04-07 15:30:00-04:00,7.960000038146973,7.96999979019165,7.960000038146973,7.96999979019165,7492,0.0,0.0
2026-04-07 15:31:00-04:00,7.965000152587891,7.96999979019165,7.960000038146973,7.960000038146973,1248,0.0,0.0
2026-04-07 15:32:00-04:00,7.965000152587891,7.96999979019165,7.965000152587891,7.965000152587891,4305,0.0,0.0
2026-04-07 15:33:00-04:00,7.965000152587891,7.965000152587891,7.960000038146973,7.965000152587891,3495,0.0,0.0
2026-04-07 15:34:00-04:00,7.965000152587891,7.965000152587891,7.965000152587891,7.965000152587891,1774,0.0,0.0
2026-04-07 15:35:00-04:00,7.965000152587891,7.965000152587891,7.945000171661377,7.945000171661377,8930,0.0,0.0
2026-04-07 15:36:00-04:00,7.949999809265137,7.965000152587891,7.949999809265137,7.965000152587891,22020,0.0,0.0
2026-04-07 15:37:00-04:00,7.965000152587891,7.965000152587891,7.965000152587891,7.965000152587891,482,0.0,0.0
2026-04-07 15:38:00-04:00,7.965000152587891,7.965000152587891,7.945000171661377,7.945000171661377,6996,0.0,0.0
2026-04-07 15:39:00-04:00,7.945000171661377,7.945000171661377,7.934999942779541,7.934999942779541,2290,0.0,0.0
2026-04-07 15:40:00-04:00,7.934999942779541,7.945000171661377,7.925000190734863,7.945000171661377,13902,0.0,0.0
2026-04-07 15:41:00-04:00,7.945000171661377,7.945000171661377,7.945000171661377,7.945000171661377,1303,0.0,0.0
2026-04-07 15:42:00-04:00,7.940000057220459,7.940000057220459,7.929999828338623,7.934999942779541,7288,0.0,0.0
2026-04-07 15:43:00-04:00,7.934999942779541,7.934999942779541,7.929999828338623,7.934999942779541,10951,0.0,0.0
2026-04-07 15:44:00-04:00,7.930099964141846,7.945000171661377,7.930099964141846,7.945000171661377,12120,0.0,0.0
2026-04-07 15:45:00-04:00,7.945000171661377,7.974999904632568,7.934999942779541,7.96999979019165,11735,0.0,0.0
2026-04-07 15:46:00-04:00,7.96999979019165,7.985000133514404,7.96999979019165,7.96999979019165,4277,0.0,0.0
2026-04-07 15:47:00-04:00,7.980000019073486,7.980000019073486,7.96999979019165,7.980000019073486,4920,0.0,0.0
2026-04-07 15:48:00-04:00,7.989999771118164,7.994999885559082,7.9857001304626465,7.9857001304626465,6805,0.0,0.0
2026-04-07 15:49:00-04:00,7.980100154876709,7.989999771118164,7.96999979019165,7.980000019073486,17043,0.0,0.0
2026-04-07 15:50:00-04:00,7.974999904632568,7.974999904632568,7.965000152587891,7.965000152587891,0,0.0,0.0
2026-04-07 15:51:00-04:00,7.965000152587891,7.965000152587891,7.961299896240234,7.965000152587891,5392,0.0,0.0
2026-04-07 15:52:00-04:00,7.965000152587891,7.965000152587891,7.954999923706055,7.960000038146973,12752,0.0,0.0
2026-04-07 15:53:00-04:00,7.960000038146973,7.960000038146973,7.949999809265137,7.960000038146973,5032,0.0,0.0
2026-04-07 15:54:00-04:00,7.960000038146973,7.96999979019165,7.960000038146973,7.96999979019165,5800,0.0,0.0
2026-04-07 15:55:00-04:00,7.980000019073486,7.9893999099731445,7.980000019073486,7.985000133514404,10436,0.0,0.0
2026-04-07 15:56:00-04:00,7.985000133514404,7.985000133514404,7.970099925994873,7.974999904632568,28987,0.0,0.0
2026-04-07 15:57:00-04:00,7.980000019073486,7.985000133514404,7.970099925994873,7.980000019073486,26382,0.0,0.0
2026-04-07 15:58:00-04:00,7.985000133514404,7.994999885559082,7.985000133514404,7.985000133514404,48165,0.0,0.0
2026-04-07 15:59:00-04:00,7.980000019073486,8.005000114440918,7.980000019073486,8.0,84131,0.0,0.0
2026-04-08 09:30:00-04:00,8.567999839782715,8.59000015258789,8.449999809265137,8.510000228881836,308638,0.0,0.0
2026-04-08 09:31:00-04:00,8.489999771118164,8.510000228881836,8.380000114440918,8.380000114440918,19445,0.0,0.0
2026-04-08 09:32:00-04:00,8.390000343322754,8.430000305175781,8.388999938964844,8.395000457763672,29288,0.0,0.0
2026-04-08 09:33:00-04:00,8.390000343322754,8.399999618530273,8.369999885559082,8.380000114440918,31274,0.0,0.0
2026-04-08 09:34:00-04:00,8.366399765014648,8.460000038146973,8.366399765014648,8.390000343322754,41894,0.0,0.0
2026-04-08 09:35:00-04:00,8.385000228881836,8.385000228881836,8.319999694824219,8.34000015258789,21423,0.0,0.0
2026-04-08 09:36:00-04:00,8.329999923706055,8.350000381469727,8.329999923706055,8.34000015258789,4579,0.0,0.0
2026-04-08 09:37:00-04:00,8.34000015258789,8.350000381469727,8.329999923706055,8.335000038146973,23182,0.0,0.0
2026-04-08 09:38:00-04:00,8.319999694824219,8.329899787902832,8.3100004196167,8.3149995803833,6322,0.0,0.0
2026-04-08 09:39:00-04:00,8.317999839782715,8.317999839782715,8.289999961853027,8.289999961853027,21040,0.0,0.0
2026-04-08 09:40:00-04:00,8.300000190734863,8.305000305175781,8.279999732971191,8.305000305175781,28333,0.0,0.0
2026-04-08 09:41:00-04:00,8.305000305175781,8.3100004196167,8.260000228881836,8.270000457763672,10333,0.0,0.0
2026-04-08 09:42:00-04:00,8.270000457763672,8.279999732971191,8.270000457763672,8.274999618530273,8985,0.0,0.0
2026-04-08 09:43:00-04:00,8.279899597167969,8.289999961853027,8.270000457763672,8.289999961853027,18152,0.0,0.0
2026-04-08 09:44:00-04:00,8.295000076293945,8.32509994506836,8.295000076293945,8.3100004196167,8030,0.0,0.0
2026-04-08 09:45:00-04:00,8.300100326538086,8.319999694824219,8.300000190734863,8.3100004196167,5264,0.0,0.0
2026-04-08 09:46:00-04:00,8.3100004196167,8.350000381469727,8.3100004196167,8.347200393676758,17001,0.0,0.0
2026-04-08 09:47:00-04:00,8.34000015258789,8.359999656677246,8.329999923706055,8.350000381469727,19115,0.0,0.0
2026-04-08 09:48:00-04:00,8.350000381469727,8.354999542236328,8.350000381469727,8.354999542236328,4184,0.0,0.0
2026-04-08 09:49:00-04:00,8.359999656677246,8.380000114440918,8.359999656677246,8.370100021362305,8478,0.0,0.0
2026-04-08 09:50:00-04:00,8.379899978637695,8.399999618530273,8.370100021362305,8.380000114440918,19138,0.0,0.0
2026-04-08 09:51:00-04:00,8.375,8.378000259399414,8.343299865722656,8.343299865722656,8787,0.0,0.0
2026-04-08 09:52:00-04:00,8.345000267028809,8.375,8.345000267028809,8.375,4980,0.0,0.0
2026-04-08 09:53:00-04:00,8.369999885559082,8.378499984741211,8.350000381469727,8.369999885559082,21579,0.0,0.0
2026-04-08 09:54:00-04:00,8.369999885559082,8.369999885559082,8.359999656677246,8.364999771118164,3290,0.0,0.0
2026-04-08 09:55:00-04:00,8.364999771118164,8.364999771118164,8.34000015258789,8.34000015258789,5442,0.0,0.0
2026-04-08 09:56:00-04:00,8.350000381469727,8.350000381469727,8.34000015258789,8.345000267028809,8502,0.0,0.0
2026-04-08 09:57:00-04:00,8.34000015258789,8.345000267028809,8.329999923706055,8.335000038146973,11773,0.0,0.0
2026-04-08 09:58:00-04:00,8.335000038146973,8.335000038146973,8.321999549865723,8.321999549865723,4891,0.0,0.0
2026-04-08 09:59:00-04:00,8.324999809265137,8.329999923706055,8.324999809265137,8.324999809265137,4800,0.0,0.0
2026-04-08 10:00:00-04:00,8.324999809265137,8.335000038146973,8.3100004196167,8.3100004196167,8355,0.0,0.0
2026-04-08 10:01:00-04:00,8.305000305175781,8.305000305175781,8.305000305175781,8.305000305175781,1323,0.0,0.0
2026-04-08 10:02:00-04:00,8.305000305175781,8.3100004196167,8.300000190734863,8.300000190734863,4790,0.0,0.0
2026-04-08 10:03:00-04:00,8.305000305175781,8.3100004196167,8.289999961853027,8.3100004196167,16901,0.0,0.0
2026-04-08 10:04:00-04:00,8.319999694824219,8.369999885559082,8.319999694824219,8.369999885559082,8147,0.0,0.0
2026-04-08 10:05:00-04:00,8.380000114440918,8.390000343322754,8.369999885559082,8.369999885559082,5936,0.0,0.0
2026-04-08 10:06:00-04:00,8.380000114440918,8.380000114440918,8.350000381469727,8.350000381469727,8423,0.0,0.0
2026-04-08 10:07:00-04:00,8.350000381469727,8.350000381469727,8.329999923706055,8.329999923706055,2816,0.0,0.0
2026-04-08 10:08:00-04:00,8.329999923706055,8.34000015258789,8.319999694824219,8.319999694824219,3802,0.0,0.0
2026-04-08 10:09:00-04:00,8.312000274658203,8.324999809265137,8.312000274658203,8.324999809265137,4442,0.0,0.0
2026-04-08 10:10:00-04:00,8.319999694824219,8.319999694824219,8.3149995803833,8.3149995803833,2266,0.0,0.0
2026-04-08 10:11:00-04:00,8.319999694824219,8.319999694824219,8.311300277709961,8.3149995803833,4234,0.0,0.0
2026-04-08 10:12:00-04:00,8.3149995803833,8.329999923706055,8.3149995803833,8.329999923706055,4525,0.0,0.0
2026-04-08 10:13:00-04:00,8.324999809265137,8.324999809265137,8.3100004196167,8.315099716186523,10776,0.0,0.0
2026-04-08 10:14:00-04:00,8.319999694824219,8.319999694824219,8.3149995803833,8.3149995803833,991,0.0,0.0
2026-04-08 10:15:00-04:00,8.3149995803833,8.319999694824219,8.3149995803833,8.3149995803833,1390,0.0,0.0
2026-04-08 10:16:00-04:00,8.310999870300293,8.3149995803833,8.295000076293945,8.300000190734863,10986,0.0,0.0
2026-04-08 10:17:00-04:00,8.3100004196167,8.3100004196167,8.300000190734863,8.300000190734863,2319,0.0,0.0
2026-04-08 10:18:00-04:00,8.3100004196167,8.319999694824219,8.3100004196167,8.3149995803833,3110,0.0,0.0
2026-04-08 10:19:00-04:00,8.3100004196167,8.3100004196167,8.300000190734863,8.301400184631348,3723,0.0,0.0
2026-04-08 10:20:00-04:00,8.305000305175781,8.305500030517578,8.302000045776367,8.302000045776367,2764,0.0,0.0
2026-04-08 10:21:00-04:00,8.300000190734863,8.300000190734863,8.295000076293945,8.295000076293945,1752,0.0,0.0
2026-04-08 10:22:00-04:00,8.300000190734863,8.300000190734863,8.295000076293945,8.295000076293945,2683,0.0,0.0
2026-04-08 10:23:00-04:00,8.295000076293945,8.305000305175781,8.295000076293945,8.305000305175781,11325,0.0,0.0
2026-04-08 10:24:00-04:00,8.305000305175781,8.309300422668457,8.305000305175781,8.305000305175781,3000,0.0,0.0
2026-04-08 10:25:00-04:00,8.305000305175781,8.305000305175781,8.295000076293945,8.295000076293945,6824,0.0,0.0
2026-04-08 10:26:00-04:00,8.295000076293945,8.295000076293945,8.28499984741211,8.28499984741211,6416,0.0,0.0
2026-04-08 10:27:00-04:00,8.28499984741211,8.295000076293945,8.279999732971191,8.295000076293945,2041,0.0,0.0
2026-04-08 10:28:00-04:00,8.289999961853027,8.289999961853027,8.28499984741211,8.28499984741211,6877,0.0,0.0
2026-04-08 10:29:00-04:00,8.28499984741211,8.28499984741211,8.274999618530273,8.274999618530273,3881,0.0,0.0
2026-04-08 10:30:00-04:00,8.283100128173828,8.289999961853027,8.279999732971191,8.289999961853027,10006,0.0,0.0
2026-04-08 10:31:00-04:00,8.279999732971191,8.289999961853027,8.274999618530273,8.28499984741211,6214,0.0,0.0
2026-04-08 10:32:00-04:00,8.28499984741211,8.28499984741211,8.28499984741211,8.28499984741211,414,0.0,0.0
2026-04-08 10:33:00-04:00,8.28499984741211,8.28499984741211,8.279999732971191,8.28499984741211,2596,0.0,0.0
2026-04-08 10:34:00-04:00,8.28499984741211,8.28499984741211,8.274999618530273,8.274999618530273,5217,0.0,0.0
2026-04-08 10:35:00-04:00,8.274999618530273,8.279999732971191,8.265000343322754,8.265000343322754,3040,0.0,0.0
2026-04-08 10:36:00-04:00,8.260000228881836,8.270000457763672,8.260000228881836,8.265000343322754,4094,0.0,0.0
2026-04-08 10:37:00-04:00,8.265000343322754,8.265000343322754,8.255000114440918,8.255000114440918,7158,0.0,0.0
2026-04-08 10:38:00-04:00,8.25,8.25,8.239999771118164,8.239999771118164,3263,0.0,0.0
2026-04-08 10:39:00-04:00,8.239999771118164,8.274999618530273,8.239999771118164,8.274999618530273,13050,0.0,0.0
2026-04-08 10:40:00-04:00,8.274999618530273,8.289999961853027,8.272500038146973,8.289999961853027,9075,0.0,0.0
2026-04-08 10:41:00-04:00,8.28499984741211,8.295000076293945,8.28499984741211,8.295000076293945,5051,0.0,0.0
2026-04-08 10:42:00-04:00,8.300000190734863,8.329999923706055,8.295000076293945,8.329999923706055,27924,0.0,0.0
2026-04-08 10:43:00-04:00,8.329999923706055,8.329999923706055,8.3100004196167,8.3149995803833,19277,0.0,0.0
2026-04-08 10:44:00-04:00,8.3149995803833,8.335000038146973,8.3149995803833,8.329999923706055,8907,0.0,0.0
2026-04-08 10:45:00-04:00,8.329999923706055,8.34000015258789,8.324999809265137,8.324999809265137,3645,0.0,0.0
2026-04-08 10:46:00-04:00,8.324999809265137,8.329999923706055,8.300000190734863,8.305000305175781,14646,0.0,0.0
2026-04-08 10:47:00-04:00,8.300000190734863,8.305000305175781,8.300000190734863,8.305000305175781,5357,0.0,0.0
2026-04-08 10:48:00-04:00,8.305000305175781,8.3100004196167,8.289999961853027,8.305000305175781,8631,0.0,0.0
2026-04-08 10:49:00-04:00,8.3100004196167,8.3149995803833,8.300000190734863,8.305000305175781,11861,0.0,0.0
2026-04-08 10:50:00-04:00,8.295000076293945,8.319999694824219,8.289999961853027,8.300100326538086,9511,0.0,0.0
2026-04-08 10:51:00-04:00,8.3100004196167,8.3149995803833,8.297499656677246,8.3149995803833,6834,0.0,0.0
2026-04-08 10:52:00-04:00,8.300000190734863,8.3100004196167,8.300000190734863,8.305000305175781,7421,0.0,0.0
2026-04-08 10:53:00-04:00,8.295000076293945,8.300000190734863,8.28499984741211,8.295000076293945,7442,0.0,0.0
2026-04-08 10:54:00-04:00,8.300000190734863,8.3149995803833,8.295000076293945,8.295000076293945,17054,0.0,0.0
2026-04-08 10:55:00-04:00,8.300000190734863,8.300000190734863,8.265000343322754,8.265000343322754,8018,0.0,0.0
2026-04-08 10:56:00-04:00,8.265000343322754,8.270000457763672,8.255000114440918,8.260000228881836,8855,0.0,0.0
2026-04-08 10:57:00-04:00,8.260000228881836,8.270000457763672,8.244999885559082,8.265000343322754,11877,0.0,0.0
2026-04-08 10:58:00-04:00,8.270000457763672,8.279999732971191,8.265000343322754,8.270000457763672,10755,0.0,0.0
2026-04-08 10:59:00-04:00,8.265000343322754,8.289999961853027,8.265000343322754,8.289999961853027,5428,0.0,0.0
2026-04-08 11:00:00-04:00,8.279999732971191,8.289999961853027,8.265000343322754,8.270000457763672,13408,0.0,0.0
2026-04-08 11:01:00-04:00,8.279999732971191,8.279999732971191,8.274999618530273,8.274999618530273,7274,0.0,0.0
2026-04-08 11:02:00-04:00,8.279999732971191,8.28499984741211,8.274999618530273,8.279999732971191,7047,0.0,0.0
2026-04-08 11:03:00-04:00,8.28499984741211,8.28499984741211,8.279999732971191,8.279999732971191,8263,0.0,0.0
2026-04-08 11:04:00-04:00,8.289999961853027,8.289999961853027,8.270099639892578,8.289999961853027,6714,0.0,0.0
2026-04-08 11:05:00-04:00,8.289999961853027,8.295000076293945,8.28499984741211,8.295000076293945,8205,0.0,0.0
2026-04-08 11:06:00-04:00,8.28499984741211,8.295000076293945,8.270000457763672,8.295000076293945,6982,0.0,0.0
2026-04-08 11:07:00-04:00,8.289999961853027,8.295000076293945,8.279999732971191,8.289999961853027,7704,0.0,0.0
2026-04-08 11:08:00-04:00,8.28499984741211,8.289999961853027,8.279999732971191,8.279999732971191,6887,0.0,0.0
2026-04-08 11:09:00-04:00,8.274999618530273,8.289999961853027,8.274999618530273,8.28499984741211,5311,0.0,0.0
2026-04-08 11:10:00-04:00,8.289999961853027,8.289999961853027,8.279999732971191,8.289999961853027,4953,0.0,0.0
2026-04-08 11:11:00-04:00,8.289999961853027,8.300000190734863,8.279999732971191,8.300000190734863,7982,0.0,0.0
2026-04-08 11:12:00-04:00,8.300000190734863,8.305000305175781,8.295000076293945,8.300000190734863,12459,0.0,0.0
2026-04-08 11:13:00-04:00,8.295000076293945,8.305000305175781,8.28499984741211,8.305000305175781,7901,0.0,0.0
2026-04-08 11:14:00-04:00,8.305000305175781,8.324999809265137,8.305000305175781,8.324999809265137,6238,0.0,0.0
2026-04-08 11:15:00-04:00,8.329999923706055,8.329999923706055,8.305000305175781,8.3100004196167,14348,0.0,0.0
2026-04-08 11:16:00-04:00,8.305000305175781,8.319999694824219,8.295000076293945,8.3149995803833,5799,0.0,0.0
2026-04-08 11:17:00-04:00,8.3149995803833,8.3149995803833,8.295000076293945,8.305000305175781,8275,0.0,0.0
2026-04-08 11:18:00-04:00,8.300000190734863,8.3100004196167,8.300000190734863,8.305000305175781,4030,0.0,0.0
2026-04-08 11:19:00-04:00,8.295000076293945,8.3149995803833,8.295000076293945,8.3100004196167,7125,0.0,0.0
2026-04-08 11:20:00-04:00,8.3100004196167,8.319999694824219,8.3100004196167,8.319999694824219,4882,0.0,0.0
2026-04-08 11:21:00-04:00,8.329999923706055,8.34000015258789,8.319999694824219,8.34000015258789,17667,0.0,0.0
2026-04-08 11:22:00-04:00,8.34000015258789,8.34000015258789,8.3149995803833,8.3149995803833,20209,0.0,0.0
2026-04-08 11:23:00-04:00,8.319999694824219,8.34000015258789,8.319999694824219,8.335000038146973,4732,0.0,0.0
2026-04-08 11:24:00-04:00,8.335000038146973,8.335000038146973,8.324999809265137,8.329999923706055,11832,0.0,0.0
2026-04-08 11:25:00-04:00,8.329999923706055,8.335000038146973,8.3100004196167,8.3100004196167,6636,0.0,0.0
2026-04-08 11:26:00-04:00,8.305000305175781,8.329999923706055,8.289999961853027,8.329999923706055,7147,0.0,0.0
2026-04-08 11:27:00-04:00,8.329999923706055,8.335000038146973,8.3100004196167,8.3149995803833,7483,0.0,0.0
2026-04-08 11:28:00-04:00,8.3149995803833,8.319999694824219,8.255000114440918,8.255000114440918,19411,0.0,0.0
2026-04-08 11:29:00-04:00,8.25,8.289999961853027,8.244999885559082,8.260000228881836,19362,0.0,0.0
2026-04-08 11:30:00-04:00,8.270000457763672,8.305000305175781,8.270000457763672,8.295000076293945,5895,0.0,0.0
2026-04-08 11:31:00-04:00,8.300000190734863,8.300000190734863,8.289999961853027,8.300000190734863,7993,0.0,0.0
2026-04-08 11:32:00-04:00,8.289999961853027,8.295000076293945,8.289999961853027,8.289999961853027,5072,0.0,0.0
2026-04-08 11:33:00-04:00,8.289999961853027,8.300000190734863,8.28499984741211,8.289999961853027,5776,0.0,0.0
2026-04-08 11:34:00-04:00,8.300000190734863,8.300000190734863,8.255000114440918,8.289999961853027,12751,0.0,0.0
2026-04-08 11:35:00-04:00,8.289999961853027,8.289999961853027,8.255000114440918,8.255000114440918,5982,0.0,0.0
2026-04-08 11:36:00-04:00,8.255000114440918,8.260000228881836,8.255000114440918,8.255000114440918,6892,0.0,0.0
2026-04-08 11:37:00-04:00,8.260000228881836,8.270000457763672,8.255000114440918,8.265000343322754,5361,0.0,0.0
2026-04-08 11:38:00-04:00,8.270000457763672,8.270000457763672,8.255000114440918,8.255000114440918,7846,0.0,0.0
2026-04-08 11:39:00-04:00,8.260000228881836,8.260000228881836,8.260000228881836,8.260000228881836,539,0.0,0.0
2026-04-08 11:40:00-04:00,8.260000228881836,8.260000228881836,8.255000114440918,8.260000228881836,1936,0.0,0.0
2026-04-08 11:41:00-04:00,8.265000343322754,8.265999794006348,8.260000228881836,8.260000228881836,1220,0.0,0.0
2026-04-08 11:42:00-04:00,8.255000114440918,8.260000228881836,8.255000114440918,8.260000228881836,3502,0.0,0.0
2026-04-08 11:43:00-04:00,8.255000114440918,8.255000114440918,8.255000114440918,8.255000114440918,911,0.0,0.0
2026-04-08 11:44:00-04:00,8.255000114440918,8.255000114440918,8.229999542236328,8.234999656677246,14232,0.0,0.0
2026-04-08 11:45:00-04:00,8.244999885559082,8.244999885559082,8.234999656677246,8.239999771118164,2932,0.0,0.0
2026-04-08 11:46:00-04:00,8.234999656677246,8.234999656677246,8.23009967803955,8.234999656677246,1388,0.0,0.0
2026-04-08 11:47:00-04:00,8.239999771118164,8.249300003051758,8.239999771118164,8.249300003051758,50233,0.0,0.0
2026-04-08 11:48:00-04:00,8.255000114440918,8.255000114440918,8.255000114440918,8.255000114440918,1730,0.0,0.0
2026-04-08 11:51:00-04:00,8.265000343322754,8.270000457763672,8.265000343322754,8.270000457763672,1260,0.0,0.0
2026-04-08 11:52:00-04:00,8.265000343322754,8.270000457763672,8.265000343322754,8.270000457763672,961,0.0,0.0
2026-04-08 11:53:00-04:00,8.265000343322754,8.270000457763672,8.265000343322754,8.270000457763672,7094,0.0,0.0
2026-04-08 11:54:00-04:00,8.269000053405762,8.270000457763672,8.265000343322754,8.265000343322754,2701,0.0,0.0
2026-04-08 11:55:00-04:00,8.265000343322754,8.270000457763672,8.265000343322754,8.270000457763672,2182,0.0,0.0
2026-04-08 11:56:00-04:00,8.265000343322754,8.274999618530273,8.265000343322754,8.274999618530273,5966,0.0,0.0
2026-04-08 11:58:00-04:00,8.274999618530273,8.274999618530273,8.274999618530273,8.274999618530273,1955,0.0,0.0
2026-04-08 12:00:00-04:00,8.274999618530273,8.274999618530273,8.274999618530273,8.274999618530273,574,0.0,0.0
2026-04-08 12:01:00-04:00,8.274999618530273,8.279999732971191,8.274999618530273,8.279999732971191,2070,0.0,0.0
2026-04-08 12:02:00-04:00,8.274999618530273,8.274999618530273,8.274999618530273,8.274999618530273,428,0.0,0.0
2026-04-08 12:03:00-04:00,8.279999732971191,8.28499984741211,8.279999732971191,8.28499984741211,2947,0.0,0.0
2026-04-08 12:04:00-04:00,8.289999961853027,8.289999961853027,8.279999732971191,8.28499984741211,5250,0.0,0.0
2026-04-08 12:05:00-04:00,8.274999618530273,8.274999618530273,8.260000228881836,8.260000228881836,4718,0.0,0.0
2026-04-08 12:06:00-04:00,8.25,8.270000457763672,8.244999885559082,8.270000457763672,5338,0.0,0.0
2026-04-08 12:07:00-04:00,8.279999732971191,8.289999961853027,8.279999732971191,8.289999961853027,1016,0.0,0.0
2026-04-08 12:09:00-04:00,8.274999618530273,8.274999618530273,8.274999618530273,8.274999618530273,357,0.0,0.0
2026-04-08 12:10:00-04:00,8.274999618530273,8.274999618530273,8.274999618530273,8.274999618530273,756,0.0,0.0
2026-04-08 12:12:00-04:00,8.274999618530273,8.274999618530273,8.274999618530273,8.274999618530273,808,0.0,0.0
2026-04-08 12:13:00-04:00,8.270000457763672,8.270000457763672,8.270000457763672,8.270000457763672,2549,0.0,0.0
2026-04-08 12:14:00-04:00,8.265000343322754,8.265000343322754,8.265000343322754,8.265000343322754,3657,0.0,0.0
2026-04-08 12:15:00-04:00,8.265000343322754,8.265000343322754,8.260000228881836,8.260000228881836,2290,0.0,0.0
2026-04-08 12:16:00-04:00,8.260000228881836,8.265000343322754,8.260000228881836,8.265000343322754,1895,0.0,0.0
2026-04-08 12:17:00-04:00,8.260000228881836,8.279999732971191,8.260000228881836,8.279999732971191,5687,0.0,0.0
2026-04-08 12:18:00-04:00,8.295000076293945,8.305000305175781,8.295000076293945,8.300000190734863,5174,0.0,0.0
2026-04-08 12:19:00-04:00,8.300000190734863,8.3100004196167,8.300000190734863,8.3100004196167,1429,0.0,0.0
2026-04-08 12:20:00-04:00,8.3100004196167,8.3100004196167,8.305000305175781,8.305000305175781,4871,0.0,0.0
2026-04-08 12:21:00-04:00,8.300000190734863,8.305000305175781,8.300000190734863,8.305000305175781,1376,0.0,0.0
2026-04-08 12:22:00-04:00,8.3100004196167,8.3100004196167,8.289999961853027,8.289999961853027,1627,0.0,0.0
2026-04-08 12:23:00-04:00,8.289999961853027,8.289999961853027,8.289999961853027,8.289999961853027,1134,0.0,0.0
2026-04-08 12:24:00-04:00,8.289999961853027,8.300000190734863,8.289999961853027,8.300000190734863,1857,0.0,0.0
2026-04-08 12:25:00-04:00,8.295000076293945,8.295000076293945,8.28499984741211,8.28499984741211,4872,0.0,0.0
2026-04-08 12:26:00-04:00,8.289999961853027,8.295000076293945,8.289999961853027,8.295000076293945,1478,0.0,0.0
2026-04-08 12:27:00-04:00,8.28499984741211,8.28499984741211,8.28499984741211,8.28499984741211,1422,0.0,0.0
2026-04-08 12:28:00-04:00,8.289899826049805,8.289999961853027,8.28499984741211,8.289999961853027,1921,0.0,0.0
2026-04-08 12:29:00-04:00,8.289999961853027,8.289999961853027,8.289999961853027,8.289999961853027,163,0.0,0.0
2026-04-08 12:30:00-04:00,8.289999961853027,8.289999961853027,8.289999961853027,8.289999961853027,747,0.0,0.0
2026-04-08 12:31:00-04:00,8.279999732971191,8.279999732971191,8.270000457763672,8.274999618530273,2394,0.0,0.0
2026-04-08 12:33:00-04:00,8.270000457763672,8.274999618530273,8.270000457763672,8.274999618530273,1218,0.0,0.0
2026-04-08 12:34:00-04:00,8.279800415039062,8.279800415039062,8.279800415039062,8.279800415039062,2731,0.0,0.0
2026-04-08 12:37:00-04:00,8.279999732971191,8.279999732971191,8.274999618530273,8.274999618530273,2983,0.0,0.0
2026-04-08 12:38:00-04:00,8.279999732971191,8.279999732971191,8.279999732971191,8.279999732971191,1688,0.0,0.0
2026-04-08 12:40:00-04:00,8.279999732971191,8.279999732971191,8.279999732971191,8.279999732971191,751,0.0,0.0
2026-04-08 12:41:00-04:00,8.279999732971191,8.289999961853027,8.279999732971191,8.289999961853027,1750,0.0,0.0
2026-04-08 12:42:00-04:00,8.294899940490723,8.305000305175781,8.294899940490723,8.300000190734863,2674,0.0,0.0
2026-04-08 12:43:00-04:00,8.295000076293945,8.295000076293945,8.295000076293945,8.295000076293945,989,0.0,0.0
2026-04-08 12:44:00-04:00,8.300000190734863,8.300000190734863,8.300000190734863,8.300000190734863,451,0.0,0.0
2026-04-08 12:45:00-04:00,8.300000190734863,8.300000190734863,8.295000076293945,8.295000076293945,599,0.0,0.0
2026-04-08 12:46:00-04:00,8.297499656677246,8.297499656677246,8.29010009765625,8.29010009765625,1138,0.0,0.0
2026-04-08 12:47:00-04:00,8.295000076293945,8.300000190734863,8.295000076293945,8.295000076293945,2603,0.0,0.0
2026-04-08 12:48:00-04:00,8.295000076293945,8.295000076293945,8.295000076293945,8.295000076293945,731,0.0,0.0
2026-04-08 12:49:00-04:00,8.289999961853027,8.295000076293945,8.289999961853027,8.295000076293945,974,0.0,0.0
2026-04-08 12:50:00-04:00,8.295000076293945,8.295000076293945,8.295000076293945,8.295000076293945,2191,0.0,0.0
2026-04-08 12:51:00-04:00,8.300000190734863,8.300000190734863,8.300000190734863,8.300000190734863,153,0.0,0.0
2026-04-08 12:52:00-04:00,8.289999961853027,8.300000190734863,8.289999961853027,8.300000190734863,1370,0.0,0.0
2026-04-08 12:53:00-04:00,8.289999961853027,8.295000076293945,8.289999961853027,8.289999961853027,2553,0.0,0.0
2026-04-08 12:55:00-04:00,8.291399955749512,8.295000076293945,8.291399955749512,8.295000076293945,923,0.0,0.0
2026-04-08 12:56:00-04:00,8.295000076293945,8.295000076293945,8.295000076293945,8.295000076293945,1079,0.0,0.0
2026-04-08 12:57:00-04:00,8.300000190734863,8.3149995803833,8.300000190734863,8.3149995803833,2233,0.0,0.0
2026-04-08 12:58:00-04:00,8.3100004196167,8.3149995803833,8.3100004196167,8.3149995803833,1490,0.0,0.0
2026-04-08 13:00:00-04:00,8.3100004196167,8.3149995803833,8.3100004196167,8.3149995803833,8030,0.0,0.0
2026-04-08 13:01:00-04:00,8.3149995803833,8.324999809265137,8.3149995803833,8.319999694824219,2781,0.0,0.0
2026-04-08 13:02:00-04:00,8.3149995803833,8.3149995803833,8.3100004196167,8.3149995803833,3165,0.0,0.0
2026-04-08 13:03:00-04:00,8.3100004196167,8.3100004196167,8.3100004196167,8.3100004196167,2214,0.0,0.0
2026-04-08 13:04:00-04:00,8.300000190734863,8.300000190734863,8.29010009765625,8.29010009765625,1919,0.0,0.0
2026-04-08 13:05:00-04:00,8.289999961853027,8.289999961853027,8.289999961853027,8.289999961853027,1456,0.0,0.0
2026-04-08 13:06:00-04:00,8.279999732971191,8.279999732971191,8.274999618530273,8.274999618530273,824,0.0,0.0
2026-04-08 13:07:00-04:00,8.274999618530273,8.279999732971191,8.270099639892578,8.270099639892578,18163,0.0,0.0
2026-04-08 13:08:00-04:00,8.272600173950195,8.272600173950195,8.272600173950195,8.272600173950195,304,0.0,0.0
2026-04-08 13:09:00-04:00,8.270000457763672,8.270000457763672,8.270000457763672,8.270000457763672,667,0.0,0.0
2026-04-08 13:11:00-04:00,8.26140022277832,8.265000343322754,8.26140022277832,8.265000343322754,1964,0.0,0.0
2026-04-08 13:12:00-04:00,8.271300315856934,8.279999732971191,8.271300315856934,8.279999732971191,1469,0.0,0.0
2026-04-08 13:14:00-04:00,8.274999618530273,8.279999732971191,8.270999908447266,8.279999732971191,1924,0.0,0.0
2026-04-08 13:17:00-04:00,8.270000457763672,8.270000457763672,8.270000457763672,8.270000457763672,2206,0.0,0.0
2026-04-08 13:18:00-04:00,8.265000343322754,8.265000343322754,8.265000343322754,8.265000343322754,1698,0.0,0.0
2026-04-08 13:19:00-04:00,8.265000343322754,8.265000343322754,8.260000228881836,8.260000228881836,1352,0.0,0.0
2026-04-08 13:20:00-04:00,8.265000343322754,8.267900466918945,8.265000343322754,8.265000343322754,3623,0.0,0.0
2026-04-08 13:21:00-04:00,8.260000228881836,8.26930046081543,8.257399559020996,8.26930046081543,2893,0.0,0.0
2026-04-08 13:22:00-04:00,8.26930046081543,8.26930046081543,8.255000114440918,8.255000114440918,2342,0.0,0.0
2026-04-08 13:23:00-04:00,8.255000114440918,8.255000114440918,8.255000114440918,8.255000114440918,863,0.0,0.0
2026-04-08 13:24:00-04:00,8.255000114440918,8.255000114440918,8.25,8.25,3805,0.0,0.0
2026-04-08 13:25:00-04:00,8.244999885559082,8.244999885559082,8.244999885559082,8.244999885559082,1505,0.0,0.0
2026-04-08 13:26:00-04:00,8.239999771118164,8.249899864196777,8.239999771118164,8.249899864196777,602,0.0,0.0
2026-04-08 13:27:00-04:00,8.239999771118164,8.239999771118164,8.234999656677246,8.239899635314941,3247,0.0,0.0
2026-04-08 13:28:00-04:00,8.234999656677246,8.25,8.234999656677246,8.249899864196777,9089,0.0,0.0
2026-04-08 13:29:00-04:00,8.249799728393555,8.25,8.249799728393555,8.25,3284,0.0,0.0
2026-04-08 13:30:00-04:00,8.259900093078613,8.259900093078613,8.255000114440918,8.255000114440918,1676,0.0,0.0
2026-04-08 13:31:00-04:00,8.259300231933594,8.265000343322754,8.259300231933594,8.265000343322754,1349,0.0,0.0
2026-04-08 13:32:00-04:00,8.265000343322754,8.270000457763672,8.265000343322754,8.270000457763672,5137,0.0,0.0
2026-04-08 13:33:00-04:00,8.265000343322754,8.265000343322754,8.265000343322754,8.265000343322754,2086,0.0,0.0
2026-04-08 13:34:00-04:00,8.265000343322754,8.265000343322754,8.265000343322754,8.265000343322754,1073,0.0,0.0
2026-04-08 13:35:00-04:00,8.265000343322754,8.265000343322754,8.265000343322754,8.265000343322754,553,0.0,0.0
2026-04-08 13:36:00-04:00,8.265000343322754,8.275899887084961,8.265000343322754,8.275899887084961,988,0.0,0.0
2026-04-08 13:37:00-04:00,8.274999618530273,8.274999618530273,8.270000457763672,8.270000457763672,3414,0.0,0.0
2026-04-08 13:38:00-04:00,8.260000228881836,8.260100364685059,8.25,8.260100364685059,2262,0.0,0.0
2026-04-08 13:39:00-04:00,8.265000343322754,8.28499984741211,8.265000343322754,8.28499984741211,2962,0.0,0.0
2026-04-08 13:40:00-04:00,8.279999732971191,8.279999732971191,8.270000457763672,8.279000282287598,4758,0.0,0.0
2026-04-08 13:42:00-04:00,8.288900375366211,8.289999961853027,8.28499984741211,8.289999961853027,2120,0.0,0.0
2026-04-08 13:43:00-04:00,8.295000076293945,8.295000076293945,8.295000076293945,8.295000076293945,900,0.0,0.0
2026-04-08 13:44:00-04:00,8.291399955749512,8.291399955749512,8.291399955749512,8.291399955749512,1179,0.0,0.0
2026-04-08 13:45:00-04:00,8.295000076293945,8.305000305175781,8.295000076293945,8.305000305175781,15522,0.0,0.0
2026-04-08 13:46:00-04:00,8.300000190734863,8.300000190734863,8.289999961853027,8.289999961853027,3132,0.0,0.0
2026-04-08 13:47:00-04:00,8.289999961853027,8.305000305175781,8.289999961853027,8.305000305175781,2395,0.0,0.0
2026-04-08 13:48:00-04:00,8.3100004196167,8.3100004196167,8.3100004196167,8.3100004196167,2560,0.0,0.0
2026-04-08 13:49:00-04:00,8.3100004196167,8.3100004196167,8.296699523925781,8.296699523925781,1785,0.0,0.0
2026-04-08 13:50:00-04:00,8.299300193786621,8.300000190734863,8.299300193786621,8.300000190734863,3428,0.0,0.0
2026-04-08 13:52:00-04:00,8.300100326538086,8.3100004196167,8.300100326538086,8.3100004196167,5114,0.0,0.0
2026-04-08 13:53:00-04:00,8.3100004196167,8.3100004196167,8.305000305175781,8.305000305175781,6523,0.0,0.0
2026-04-08 13:54:00-04:00,8.305000305175781,8.305000305175781,8.305000305175781,8.305000305175781,165,0.0,0.0
2026-04-08 13:55:00-04:00,8.300000190734863,8.301300048828125,8.300000190734863,8.301300048828125,2967,0.0,0.0
2026-04-08 13:56:00-04:00,8.300000190734863,8.300000190734863,8.295000076293945,8.295000076293945,1628,0.0,0.0
2026-04-08 13:57:00-04:00,8.296799659729004,8.300000190734863,8.295000076293945,8.295000076293945,3453,0.0,0.0
2026-04-08 14:00:00-04:00,8.289999961853027,8.289999961853027,8.289999961853027,8.289999961853027,1402,0.0,0.0
2026-04-08 14:01:00-04:00,8.295000076293945,8.3149995803833,8.295000076293945,8.3100004196167,4159,0.0,0.0
2026-04-08 14:02:00-04:00,8.3100004196167,8.3100004196167,8.3100004196167,8.3100004196167,744,0.0,0.0
2026-04-08 14:03:00-04:00,8.3149995803833,8.319899559020996,8.3149995803833,8.319899559020996,5646,0.0,0.0
2026-04-08 14:04:00-04:00,8.319999694824219,8.319999694824219,8.319999694824219,8.319999694824219,936,0.0,0.0
2026-04-08 14:05:00-04:00,8.319999694824219,8.319999694824219,8.3149995803833,8.3149995803833,2764,0.0,0.0
2026-04-08 14:06:00-04:00,8.317500114440918,8.318400382995605,8.305000305175781,8.305000305175781,5110,0.0,0.0
2026-04-08 14:07:00-04:00,8.3100004196167,8.3100004196167,8.3100004196167,8.3100004196167,900,0.0,0.0
2026-04-08 14:08:00-04:00,8.3100004196167,8.3100004196167,8.3100004196167,8.3100004196167,164,0.0,0.0
2026-04-08 14:09:00-04:00,8.305000305175781,8.305000305175781,8.305000305175781,8.305000305175781,779,0.0,0.0
2026-04-08 14:11:00-04:00,8.300000190734863,8.300000190734863,8.300000190734863,8.300000190734863,741,0.0,0.0
2026-04-08 14:12:00-04:00,8.305000305175781,8.305000305175781,8.295000076293945,8.295000076293945,11219,0.0,0.0
2026-04-08 14:13:00-04:00,8.295000076293945,8.295000076293945,8.295000076293945,8.295000076293945,710,0.0,0.0
2026-04-08 14:14:00-04:00,8.298999786376953,8.298999786376953,8.298999786376953,8.298999786376953,1041,0.0,0.0
2026-04-08 14:15:00-04:00,8.300000190734863,8.300000190734863,8.295000076293945,8.295000076293945,4784,0.0,0.0
2026-04-08 14:16:00-04:00,8.295000076293945,8.3100004196167,8.295000076293945,8.3100004196167,1714,0.0,0.0
2026-04-08 14:17:00-04:00,8.300000190734863,8.300000190734863,8.289999961853027,8.289999961853027,1940,0.0,0.0
2026-04-08 14:18:00-04:00,8.281299591064453,8.281299591064453,8.260000228881836,8.260000228881836,7251,0.0,0.0
2026-04-08 14:19:00-04:00,8.239999771118164,8.244999885559082,8.239899635314941,8.244999885559082,7028,0.0,0.0
2026-04-08 14:20:00-04:00,8.25,8.25,8.25,8.25,1609,0.0,0.0
2026-04-08 14:21:00-04:00,8.249799728393555,8.25510025024414,8.249799728393555,8.25510025024414,3529,0.0,0.0
2026-04-08 14:23:00-04:00,8.259900093078613,8.259900093078613,8.259900093078613,8.259900093078613,1500,0.0,0.0
2026-04-08 14:24:00-04:00,8.25,8.255000114440918,8.25,8.255000114440918,4673,0.0,0.0
2026-04-08 14:25:00-04:00,8.25,8.25,8.239999771118164,8.239999771118164,2344,0.0,0.0
2026-04-08 14:26:00-04:00,8.239999771118164,8.239999771118164,8.239999771118164,8.239999771118164,1365,0.0,0.0
2026-04-08 14:27:00-04:00,8.239999771118164,8.239999771118164,8.239999771118164,8.239999771118164,541,0.0,0.0
2026-04-08 14:28:00-04:00,8.239999771118164,8.239999771118164,8.239999771118164,8.239999771118164,1069,0.0,0.0
2026-04-08 14:29:00-04:00,8.239999771118164,8.239999771118164,8.239999771118164,8.239999771118164,577,0.0,0.0
2026-04-08 14:30:00-04:00,8.239899635314941,8.239899635314941,8.229999542236328,8.229999542236328,1277,0.0,0.0
2026-04-08 14:31:00-04:00,8.239999771118164,8.239999771118164,8.239899635314941,8.239899635314941,845,0.0,0.0
2026-04-08 14:32:00-04:00,8.229999542236328,8.23009967803955,8.229999542236328,8.23009967803955,1367,0.0,0.0
2026-04-08 14:33:00-04:00,8.229999542236328,8.229999542236328,8.225000381469727,8.225000381469727,8251,0.0,0.0
2026-04-08 14:35:00-04:00,8.225000381469727,8.229900360107422,8.225000381469727,8.225000381469727,3596,0.0,0.0
2026-04-08 14:36:00-04:00,8.225000381469727,8.225000381469727,8.220000267028809,8.225000381469727,2695,0.0,0.0
2026-04-08 14:37:00-04:00,8.225000381469727,8.225000381469727,8.225000381469727,8.225000381469727,6561,0.0,0.0
2026-04-08 14:38:00-04:00,8.229999542236328,8.229999542236328,8.220000267028809,8.220000267028809,683,0.0,0.0
2026-04-08 14:39:00-04:00,8.220000267028809,8.220000267028809,8.210000038146973,8.21500015258789,3119,0.0,0.0
2026-04-08 14:40:00-04:00,8.210100173950195,8.210100173950195,8.204999923706055,8.204999923706055,6852,0.0,0.0
2026-04-08 14:41:00-04:00,8.204999923706055,8.20989990234375,8.204999923706055,8.20989990234375,1397,0.0,0.0
2026-04-08 14:42:00-04:00,8.20259952545166,8.204999923706055,8.20259952545166,8.204999923706055,1371,0.0,0.0
2026-04-08 14:43:00-04:00,8.204999923706055,8.210000038146973,8.1899995803833,8.1899995803833,5772,0.0,0.0
2026-04-08 14:44:00-04:00,8.1899995803833,8.194999694824219,8.1899995803833,8.194999694824219,3548,0.0,0.0
2026-04-08 14:45:00-04:00,8.194999694824219,8.194999694824219,8.194999694824219,8.194999694824219,1748,0.0,0.0
2026-04-08 14:46:00-04:00,8.199999809265137,8.210000038146973,8.194999694824219,8.210000038146973,4712,0.0,0.0
2026-04-08 14:47:00-04:00,8.210000038146973,8.220000267028809,8.210000038146973,8.220000267028809,1335,0.0,0.0
2026-04-08 14:48:00-04:00,8.225000381469727,8.225000381469727,8.21500015258789,8.21500015258789,2799,0.0,0.0
2026-04-08 14:49:00-04:00,8.21500015258789,8.21500015258789,8.210000038146973,8.21500015258789,987,0.0,0.0
2026-04-08 14:50:00-04:00,8.21500015258789,8.21500015258789,8.21500015258789,8.21500015258789,337,0.0,0.0
2026-04-08 14:51:00-04:00,8.21500015258789,8.21500015258789,8.21500015258789,8.21500015258789,1854,0.0,0.0
2026-04-08 14:52:00-04:00,8.21500015258789,8.21500015258789,8.21500015258789,8.21500015258789,606,0.0,0.0
2026-04-08 14:53:00-04:00,8.21500015258789,8.21500015258789,8.210100173950195,8.21500015258789,1723,0.0,0.0
2026-04-08 14:54:00-04:00,8.21500015258789,8.220000267028809,8.21500015258789,8.220000267028809,1138,0.0,0.0
2026-04-08 14:55:00-04:00,8.21500015258789,8.21500015258789,8.204999923706055,8.204999923706055,4963,0.0,0.0
2026-04-08 14:57:00-04:00,8.204999923706055,8.206399917602539,8.204999923706055,8.204999923706055,3792,0.0,0.0
2026-04-08 14:58:00-04:00,8.204999923706055,8.204999923706055,8.204999923706055,8.204999923706055,974,0.0,0.0
2026-04-08 14:59:00-04:00,8.204999923706055,8.204999923706055,8.199999809265137,8.204999923706055,3948,0.0,0.0
2026-04-08 15:00:00-04:00,8.199999809265137,8.201000213623047,8.175000190734863,8.175000190734863,21365,0.0,0.0
2026-04-08 15:01:00-04:00,8.175000190734863,8.180000305175781,8.175000190734863,8.180000305175781,2505,0.0,0.0
2026-04-08 15:02:00-04:00,8.1899995803833,8.194999694824219,8.1899995803833,8.194999694824219,4090,0.0,0.0
2026-04-08 15:03:00-04:00,8.194999694824219,8.199999809265137,8.194999694824219,8.194999694824219,767,0.0,0.0
2026-04-08 15:04:00-04:00,8.1899995803833,8.1899995803833,8.1850004196167,8.1899995803833,2281,0.0,0.0
2026-04-08 15:05:00-04:00,8.189900398254395,8.189900398254395,8.189900398254395,8.189900398254395,1550,0.0,0.0
2026-04-08 15:07:00-04:00,8.189800262451172,8.1899995803833,8.1850004196167,8.1899995803833,2024,0.0,0.0
2026-04-08 15:08:00-04:00,8.180000305175781,8.194999694824219,8.180000305175781,8.194999694824219,2214,0.0,0.0
2026-04-08 15:09:00-04:00,8.194999694824219,8.194999694824219,8.1899995803833,8.1899995803833,984,0.0,0.0
2026-04-08 15:10:00-04:00,8.194999694824219,8.199999809265137,8.194999694824219,8.199999809265137,2769,0.0,0.0
2026-04-08 15:11:00-04:00,8.194999694824219,8.199999809265137,8.194999694824219,8.194999694824219,1182,0.0,0.0
2026-04-08 15:12:00-04:00,8.199999809265137,8.204999923706055,8.194999694824219,8.199999809265137,6372,0.0,0.0
2026-04-08 15:13:00-04:00,8.199999809265137,8.199999809265137,8.199999809265137,8.199999809265137,1628,0.0,0.0
2026-04-08 15:14:00-04:00,8.194999694824219,8.204999923706055,8.1899995803833,8.204999923706055,4660,0.0,0.0
2026-04-08 15:15:00-04:00,8.204999923706055,8.204999923706055,8.204999923706055,8.204999923706055,1109,0.0,0.0
2026-04-08 15:16:00-04:00,8.204999923706055,8.204999923706055,8.204999923706055,8.204999923706055,366,0.0,0.0
2026-04-08 15:17:00-04:00,8.199999809265137,8.199999809265137,8.199999809265137,8.199999809265137,1459,0.0,0.0
2026-04-08 15:19:00-04:00,8.204999923706055,8.204999923706055,8.204999923706055,8.204999923706055,1713,0.0,0.0
2026-04-08 15:20:00-04:00,8.210000038146973,8.229999542236328,8.210000038146973,8.225000381469727,6301,0.0,0.0
2026-04-08 15:21:00-04:00,8.225000381469727,8.225000381469727,8.225000381469727,8.225000381469727,1131,0.0,0.0
2026-04-08 15:22:00-04:00,8.229999542236328,8.229999542236328,8.21500015258789,8.21500015258789,4385,0.0,0.0
2026-04-08 15:23:00-04:00,8.220000267028809,8.220000267028809,8.220000267028809,8.220000267028809,311,0.0,0.0
2026-04-08 15:24:00-04:00,8.225000381469727,8.225000381469727,8.225000381469727,8.225000381469727,732,0.0,0.0
2026-04-08 15:25:00-04:00,8.222000122070312,8.222000122070312,8.222000122070312,8.222000122070312,399,0.0,0.0
2026-04-08 15:26:00-04:00,8.225000381469727,8.225000381469727,8.210000038146973,8.210000038146973,2777,0.0,0.0
2026-04-08 15:27:00-04:00,8.21500015258789,8.21500015258789,8.210000038146973,8.21500015258789,1998,0.0,0.0
2026-04-08 15:28:00-04:00,8.21500015258789,8.220000267028809,8.21500015258789,8.220000267028809,1719,0.0,0.0
2026-04-08 15:29:00-04:00,8.21500015258789,8.220000267028809,8.21500015258789,8.220000267028809,1363,0.0,0.0
2026-04-08 15:30:00-04:00,8.220000267028809,8.229999542236328,8.220000267028809,8.229999542236328,4626,0.0,0.0
2026-04-08 15:31:00-04:00,8.239999771118164,8.28499984741211,8.239999771118164,8.270000457763672,18779,0.0,0.0
2026-04-08 15:32:00-04:00,8.270000457763672,8.279999732971191,8.270000457763672,8.279999732971191,6278,0.0,0.0
2026-04-08 15:33:00-04:00,8.274999618530273,8.289999961853027,8.274999618530273,8.289999961853027,3672,0.0,0.0
2026-04-08 15:34:00-04:00,8.28499984741211,8.305000305175781,8.28499984741211,8.305000305175781,9743,0.0,0.0
2026-04-08 15:35:00-04:00,8.305000305175781,8.335000038146973,8.305000305175781,8.329999923706055,30365,0.0,0.0
2026-04-08 15:36:00-04:00,8.335000038146973,8.359999656677246,8.335000038146973,8.354999542236328,48719,0.0,0.0
2026-04-08 15:37:00-04:00,8.359999656677246,8.380000114440918,8.359999656677246,8.375,13342,0.0,0.0
2026-04-08 15:38:00-04:00,8.375,8.375,8.369999885559082,8.369999885559082,15180,0.0,0.0
2026-04-08 15:39:00-04:00,8.364999771118164,8.380000114440918,8.359999656677246,8.380000114440918,14090,0.0,0.0
2026-04-08 15:40:00-04:00,8.380000114440918,8.395000457763672,8.380000114440918,8.385000228881836,21799,0.0,0.0
2026-04-08 15:41:00-04:00,8.385000228881836,8.404999732971191,8.385000228881836,8.399999618530273,22717,0.0,0.0
2026-04-08 15:42:00-04:00,8.399999618530273,8.399999618530273,8.385000228881836,8.399999618530273,38009,0.0,0.0
2026-04-08 15:43:00-04:00,8.399999618530273,8.399999618530273,8.390000343322754,8.395000457763672,18614,0.0,0.0
2026-04-08 15:44:00-04:00,8.399999618530273,8.399999618530273,8.390000343322754,8.399999618530273,8219,0.0,0.0
2026-04-08 15:45:00-04:00,8.395000457763672,8.40999984741211,8.395000457763672,8.409899711608887,17327,0.0,0.0
2026-04-08 15:46:00-04:00,8.40999984741211,8.425000190734863,8.40999984741211,8.420000076293945,18568,0.0,0.0
2026-04-08 15:47:00-04:00,8.425000190734863,8.425000190734863,8.404999732971191,8.404999732971191,25720,0.0,0.0
2026-04-08 15:48:00-04:00,8.404999732971191,8.420000076293945,8.399999618530273,8.420000076293945,10499,0.0,0.0
2026-04-08 15:49:00-04:00,8.420000076293945,8.425000190734863,8.413800239562988,8.414999961853027,19166,0.0,0.0
2026-04-08 15:50:00-04:00,8.40999984741211,8.40999984741211,8.390000343322754,8.399999618530273,25782,0.0,0.0
2026-04-08 15:51:00-04:00,8.399999618530273,8.399999618530273,8.395000457763672,8.395400047302246,28449,0.0,0.0
2026-04-08 15:52:00-04:00,8.395000457763672,8.420000076293945,8.390000343322754,8.404999732971191,64131,0.0,0.0
2026-04-08 15:53:00-04:00,8.40999984741211,8.420000076293945,8.404999732971191,8.420000076293945,16444,0.0,0.0
2026-04-08 15:54:00-04:00,8.420000076293945,8.4399995803833,8.411600112915039,8.4350004196167,36687,0.0,0.0
2026-04-08 15:55:00-04:00,8.4350004196167,8.460000038146973,8.420000076293945,8.44159984588623,38889,0.0,0.0
2026-04-08 15:56:00-04:00,8.444999694824219,8.449999809265137,8.430000305175781,8.4350004196167,53207,0.0,0.0
2026-04-08 15:57:00-04:00,8.434499740600586,8.4350004196167,8.399999618530273,8.40999984741211,92789,0.0,0.0
2026-04-08 15:58:00-04:00,8.404999732971191,8.425000190734863,8.404999732971191,8.420000076293945,74672,0.0,0.0
2026-04-08 15:59:00-04:00,8.419899940490723,8.4350004196167,8.414999961853027,8.430000305175781,152841,0.0,0.0
2026-04-09 09:30:00-04:00,8.40999984741211,8.40999984741211,8.319999694824219,8.350000381469727,98895,0.0,0.0
2026-04-09 09:31:00-04:00,8.335000038146973,8.350000381469727,8.335000038146973,8.345000267028809,2967,0.0,0.0
2026-04-09 09:32:00-04:00,8.329999923706055,8.34000015258789,8.329999923706055,8.34000015258789,4385,0.0,0.0
2026-04-09 09:33:00-04:00,8.349900245666504,8.369999885559082,8.349900245666504,8.369999885559082,4041,0.0,0.0
2026-04-09 09:34:00-04:00,8.369999885559082,8.378999710083008,8.360699653625488,8.360699653625488,1077,0.0,0.0
2026-04-09 09:35:00-04:00,8.369999885559082,8.404000282287598,8.369999885559082,8.399999618530273,4555,0.0,0.0
2026-04-09 09:36:00-04:00,8.399999618530273,8.399999618530273,8.395000457763672,8.395000457763672,1728,0.0,0.0
2026-04-09 09:37:00-04:00,8.399999618530273,8.420000076293945,8.399999618530273,8.40999984741211,2448,0.0,0.0
2026-04-09 09:38:00-04:00,8.414999961853027,8.420000076293945,8.40999984741211,8.420000076293945,6172,0.0,0.0
2026-04-09 09:39:00-04:00,8.40999984741211,8.40999984741211,8.40999984741211,8.40999984741211,1713,0.0,0.0
2026-04-09 09:40:00-04:00,8.420000076293945,8.4350004196167,8.420000076293945,8.4350004196167,1764,0.0,0.0
2026-04-09 09:41:00-04:00,8.430000305175781,8.430000305175781,8.420000076293945,8.420000076293945,2643,0.0,0.0
2026-04-09 09:42:00-04:00,8.425000190734863,8.425000190734863,8.404999732971191,8.40999984741211,4633,0.0,0.0
2026-04-09 09:43:00-04:00,8.420000076293945,8.439900398254395,8.420000076293945,8.439900398254395,7406,0.0,0.0
2026-04-09 09:44:00-04:00,8.430000305175781,8.430000305175781,8.420000076293945,8.420000076293945,1447,0.0,0.0
2026-04-09 09:45:00-04:00,8.40999984741211,8.40999984741211,8.400199890136719,8.404999732971191,7018,0.0,0.0
2026-04-09 09:46:00-04:00,8.404999732971191,8.404999732971191,8.398599624633789,8.398599624633789,1789,0.0,0.0
2026-04-09 09:47:00-04:00,8.390000343322754,8.410099983215332,8.390000343322754,8.410099983215332,16294,0.0,0.0
2026-04-09 09:48:00-04:00,8.414999961853027,8.430000305175781,8.410799980163574,8.420000076293945,9261,0.0,0.0
2026-04-09 09:49:00-04:00,8.420000076293945,8.420000076293945,8.420000076293945,8.420000076293945,1888,0.0,0.0
2026-04-09 09:50:00-04:00,8.40999984741211,8.40999984741211,8.399999618530273,8.399999618530273,3799,0.0,0.0
2026-04-09 09:51:00-04:00,8.399999618530273,8.399999618530273,8.385000228881836,8.385000228881836,3685,0.0,0.0
2026-04-09 09:52:00-04:00,8.395000457763672,8.409099578857422,8.390000343322754,8.390000343322754,1703,0.0,0.0
2026-04-09 09:53:00-04:00,8.390000343322754,8.390000343322754,8.350000381469727,8.369999885559082,19440,0.0,0.0
2026-04-09 09:54:00-04:00,8.380000114440918,8.380000114440918,8.369999885559082,8.369999885559082,4945,0.0,0.0
2026-04-09 09:55:00-04:00,8.379899978637695,8.390000343322754,8.375,8.385000228881836,7557,0.0,0.0
2026-04-09 09:56:00-04:00,8.385000228881836,8.385000228881836,8.385000228881836,8.385000228881836,1231,0.0,0.0
2026-04-09 09:57:00-04:00,8.38010025024414,8.389900207519531,8.38010025024414,8.389900207519531,5671,0.0,0.0
2026-04-09 09:58:00-04:00,8.385000228881836,8.385000228881836,8.385000228881836,8.385000228881836,833,0.0,0.0
2026-04-09 09:59:00-04:00,8.385000228881836,8.390000343322754,8.385000228881836,8.390000343322754,6442,0.0,0.0
2026-04-09 10:00:00-04:00,8.385000228881836,8.385000228881836,8.385000228881836,8.385000228881836,1502,0.0,0.0
2026-04-09 10:01:00-04:00,8.380000114440918,8.380000114440918,8.369999885559082,8.369999885559082,1863,0.0,0.0
2026-04-09 10:02:00-04:00,8.369999885559082,8.375,8.350000381469727,8.35990047454834,22036,0.0,0.0
2026-04-09 10:03:00-04:00,8.350000381469727,8.359999656677246,8.350000381469727,8.350000381469727,12263,0.0,0.0
2026-04-09 10:04:00-04:00,8.350000381469727,8.359999656677246,8.350000381469727,8.359999656677246,1501,0.0,0.0
2026-04-09 10:05:00-04:00,8.359999656677246,8.369999885559082,8.350000381469727,8.369999885559082,4816,0.0,0.0
2026-04-09 10:06:00-04:00,8.359999656677246,8.369999885559082,8.359999656677246,8.364999771118164,6352,0.0,0.0
2026-04-09 10:08:00-04:00,8.369999885559082,8.395000457763672,8.369999885559082,8.395000457763672,24230,0.0,0.0
2026-04-09 10:09:00-04:00,8.390000343322754,8.395000457763672,8.38010025024414,8.390000343322754,4577,0.0,0.0
2026-04-09 10:10:00-04:00,8.364999771118164,8.364999771118164,8.364999771118164,8.364999771118164,1458,0.0,0.0
2026-04-09 10:11:00-04:00,8.369999885559082,8.375,8.364999771118164,8.364999771118164,4331,0.0,0.0
2026-04-09 10:12:00-04:00,8.359999656677246,8.375,8.350000381469727,8.375,57155,0.0,0.0
2026-04-09 10:13:00-04:00,8.369999885559082,8.375,8.369999885559082,8.370200157165527,1897,0.0,0.0
2026-04-09 10:14:00-04:00,8.359999656677246,8.364999771118164,8.354999542236328,8.354999542236328,4543,0.0,0.0
2026-04-09 10:15:00-04:00,8.350000381469727,8.350000381469727,8.340100288391113,8.345000267028809,8749,0.0,0.0
2026-04-09 10:16:00-04:00,8.345000267028809,8.350000381469727,8.345000267028809,8.350000381469727,3414,0.0,0.0
2026-04-09 10:18:00-04:00,8.354999542236328,8.359999656677246,8.351300239562988,8.351300239562988,3680,0.0,0.0
2026-04-09 10:19:00-04:00,8.359999656677246,8.359999656677246,8.354999542236328,8.356499671936035,1863,0.0,0.0
2026-04-09 10:20:00-04:00,8.369999885559082,8.369999885559082,8.36989974975586,8.36989974975586,871,0.0,0.0
2026-04-09 10:21:00-04:00,8.369999885559082,8.369999885559082,8.364999771118164,8.364999771118164,2075,0.0,0.0
2026-04-09 10:23:00-04:00,8.369999885559082,8.369999885559082,8.359999656677246,8.359999656677246,3761,0.0,0.0
2026-04-09 10:24:00-04:00,8.364999771118164,8.375,8.359999656677246,8.364999771118164,7919,0.0,0.0
2026-04-09 10:25:00-04:00,8.375,8.420000076293945,8.375,8.395000457763672,21762,0.0,0.0
2026-04-09 10:26:00-04:00,8.399999618530273,8.399999618530273,8.390000343322754,8.390000343322754,5992,0.0,0.0
2026-04-09 10:27:00-04:00,8.39009952545166,8.395000457763672,8.390000343322754,8.395000457763672,4830,0.0,0.0
2026-04-09 10:28:00-04:00,8.395000457763672,8.399999618530273,8.390000343322754,8.390000343322754,6235,0.0,0.0
2026-04-09 10:29:00-04:00,8.395000457763672,8.399999618530273,8.390000343322754,8.395000457763672,1990,0.0,0.0
2026-04-09 10:30:00-04:00,8.395000457763672,8.395000457763672,8.395000457763672,8.395000457763672,941,0.0,0.0
2026-04-09 10:31:00-04:00,8.395000457763672,8.395000457763672,8.375,8.380000114440918,28967,0.0,0.0
2026-04-09 10:32:00-04:00,8.380000114440918,8.385000228881836,8.375,8.385000228881836,3760,0.0,0.0
2026-04-09 10:33:00-04:00,8.383899688720703,8.385000228881836,8.383899688720703,8.385000228881836,1407,0.0,0.0
2026-04-09 10:34:00-04:00,8.381400108337402,8.395000457763672,8.381400108337402,8.395000457763672,1991,0.0,0.0
2026-04-09 10:35:00-04:00,8.395000457763672,8.399999618530273,8.390000343322754,8.395000457763672,2762,0.0,0.0
2026-04-09 10:36:00-04:00,8.390000343322754,8.390000343322754,8.385000228881836,8.385000228881836,2759,0.0,0.0
2026-04-09 10:37:00-04:00,8.395000457763672,8.395000457763672,8.395000457763672,8.395000457763672,635,0.0,0.0
2026-04-09 10:38:00-04:00,8.395000457763672,8.40999984741211,8.390000343322754,8.409899711608887,12811,0.0,0.0
2026-04-09 10:39:00-04:00,8.40999984741211,8.40999984741211,8.405799865722656,8.405799865722656,1504,0.0,0.0
2026-04-09 10:40:00-04:00,8.404999732971191,8.40999984741211,8.404999732971191,8.40999984741211,1988,0.0,0.0
2026-04-09 10:41:00-04:00,8.40999984741211,8.40999984741211,8.40999984741211,8.40999984741211,381,0.0,0.0
2026-04-09 10:42:00-04:00,8.419899940490723,8.419899940490723,8.404999732971191,8.40999984741211,4626,0.0,0.0
2026-04-09 10:43:00-04:00,8.414999961853027,8.414999961853027,8.414999961853027,8.414999961853027,875,0.0,0.0
2026-04-09 10:44:00-04:00,8.40999984741211,8.40999984741211,8.404999732971191,8.404999732971191,1271,0.0,0.0
2026-04-09 10:45:00-04:00,8.399999618530273,8.399999618530273,8.399999618530273,8.399999618530273,3669,0.0,0.0
2026-04-09 10:46:00-04:00,8.404999732971191,8.404999732971191,8.404999732971191,8.404999732971191,896,0.0,0.0
2026-04-09 10:47:00-04:00,8.399999618530273,8.399999618530273,8.399999618530273,8.399999618530273,883,0.0,0.0
2026-04-09 10:48:00-04:00,8.399999618530273,8.399999618530273,8.395000457763672,8.395000457763672,1232,0.0,0.0
2026-04-09 10:49:00-04:00,8.399999618530273,8.399999618530273,8.399999618530273,8.399999618530273,1020,0.0,0.0
2026-04-09 10:50:00-04:00,8.399999618530273,8.399999618530273,8.395000457763672,8.395000457763672,1041,0.0,0.0
2026-04-09 10:51:00-04:00,8.395000457763672,8.404999732971191,8.395000457763672,8.404999732971191,5334,0.0,0.0
2026-04-09 10:52:00-04:00,8.390000343322754,8.399999618530273,8.390000343322754,8.399999618530273,1247,0.0,0.0
2026-04-09 10:53:00-04:00,8.399999618530273,8.40999984741211,8.399999618530273,8.40999984741211,2377,0.0,0.0
2026-04-09 10:54:00-04:00,8.414999961853027,8.414999961853027,8.414999961853027,8.414999961853027,3199,0.0,0.0
2026-04-09 10:55:00-04:00,8.41819953918457,8.418399810791016,8.414999961853027,8.418399810791016,4552,0.0,0.0
2026-04-09 10:56:00-04:00,8.420000076293945,8.420000076293945,8.404999732971191,8.404999732971191,4216,0.0,0.0
2026-04-09 10:57:00-04:00,8.404999732971191,8.40999984741211,8.404999732971191,8.40999984741211,4761,0.0,0.0
2026-04-09 10:58:00-04:00,8.409000396728516,8.40999984741211,8.399999618530273,8.40999984741211,2504,0.0,0.0
2026-04-09 10:59:00-04:00,8.414999961853027,8.414999961853027,8.414999961853027,8.414999961853027,982,0.0,0.0
2026-04-09 11:00:00-04:00,8.414999961853027,8.414999961853027,8.414999961853027,8.414999961853027,1357,0.0,0.0
2026-04-09 11:01:00-04:00,8.414999961853027,8.420000076293945,8.414999961853027,8.414999961853027,11972,0.0,0.0
2026-04-09 11:02:00-04:00,8.414999961853027,8.414999961853027,8.410200119018555,8.410200119018555,4965,0.0,0.0
2026-04-09 11:03:00-04:00,8.40999984741211,8.40999984741211,8.395000457763672,8.395000457763672,3048,0.0,0.0
2026-04-09 11:04:00-04:00,8.390000343322754,8.390000343322754,8.385000228881836,8.385000228881836,7546,0.0,0.0
2026-04-09 11:05:00-04:00,8.390000343322754,8.390000343322754,8.385000228881836,8.385000228881836,2017,0.0,0.0
2026-04-09 11:06:00-04:00,8.385000228881836,8.390600204467773,8.385000228881836,8.390000343322754,2233,0.0,0.0
2026-04-09 11:07:00-04:00,8.380000114440918,8.380000114440918,8.359999656677246,8.359999656677246,2676,0.0,0.0
2026-04-09 11:08:00-04:00,8.35990047454834,8.35990047454834,8.350000381469727,8.354999542236328,7948,0.0,0.0
2026-04-09 11:09:00-04:00,8.354999542236328,8.369999885559082,8.354999542236328,8.369999885559082,3243,0.0,0.0
2026-04-09 11:10:00-04:00,8.369999885559082,8.369999885559082,8.369999885559082,8.369999885559082,1063,0.0,0.0
2026-04-09 11:11:00-04:00,8.364999771118164,8.364999771118164,8.364999771118164,8.364999771118164,620,0.0,0.0
2026-04-09 11:12:00-04:00,8.359999656677246,8.359999656677246,8.350000381469727,8.354999542236328,1730,0.0,0.0
2026-04-09 11:13:00-04:00,8.354999542236328,8.354999542236328,8.354999542236328,8.354999542236328,906,0.0,0.0
2026-04-09 11:14:00-04:00,8.350000381469727,8.350000381469727,8.34000015258789,8.340399742126465,4888,0.0,0.0
2026-04-09 11:15:00-04:00,8.34000015258789,8.349900245666504,8.34000015258789,8.345000267028809,5828,0.0,0.0
2026-04-09 11:16:00-04:00,8.345000267028809,8.345000267028809,8.345000267028809,8.345000267028809,895,0.0,0.0
2026-04-09 11:18:00-04:00,8.350000381469727,8.359999656677246,8.350000381469727,8.359999656677246,1597,0.0,0.0
2026-04-09 11:19:00-04:00,8.364999771118164,8.364999771118164,8.364999771118164,8.364999771118164,935,0.0,0.0
2026-04-09 11:20:00-04:00,8.364999771118164,8.378600120544434,8.364999771118164,8.375,3311,0.0,0.0
2026-04-09 11:21:00-04:00,8.369999885559082,8.369999885559082,8.364999771118164,8.364999771118164,2672,0.0,0.0
2026-04-09 11:23:00-04:00,8.364999771118164,8.364999771118164,8.364999771118164,8.364999771118164,789,0.0,0.0
2026-04-09 11:24:00-04:00,8.364999771118164,8.375,8.364999771118164,8.375,1742,0.0,0.0
2026-04-09 11:25:00-04:00,8.380000114440918,8.390000343322754,8.380000114440918,8.385000228881836,1267,0.0,0.0
2026-04-09 11:26:00-04:00,8.385000228881836,8.385000228881836,8.385000228881836,8.385000228881836,501,0.0,0.0
2026-04-09 11:27:00-04:00,8.385000228881836,8.399999618530273,8.385000228881836,8.399999618530273,8175,0.0,0.0
2026-04-09 11:28:00-04:00,8.390000343322754,8.390000343322754,8.375,8.375,1223,0.0,0.0
2026-04-09 11:30:00-04:00,8.375,8.375,8.375,8.375,785,0.0,0.0
2026-04-09 11:31:00-04:00,8.375,8.375,8.375,8.375,745,0.0,0.0
2026-04-09 11:32:00-04:00,8.380000114440918,8.425000190734863,8.380000114440918,8.425000190734863,23132,0.0,0.0
2026-04-09 11:33:00-04:00,8.420000076293945,8.420000076293945,8.414999961853027,8.420000076293945,2434,0.0,0.0
2026-04-09 11:35:00-04:00,8.425000190734863,8.430000305175781,8.420100212097168,8.430000305175781,2647,0.0,0.0
2026-04-09 11:36:00-04:00,8.430000305175781,8.460000038146973,8.425000190734863,8.460000038146973,11669,0.0,0.0
2026-04-09 11:37:00-04:00,8.460000038146973,8.460000038146973,8.454700469970703,8.454700469970703,2607,0.0,0.0
2026-04-09 11:38:00-04:00,8.454999923706055,8.479999542236328,8.449999809265137,8.449999809265137,14562,0.0,0.0
2026-04-09 11:39:00-04:00,8.444999694824219,8.449999809265137,8.430000305175781,8.449999809265137,6274,0.0,0.0
2026-04-09 11:40:00-04:00,8.460000038146973,8.475000381469727,8.460000038146973,8.475000381469727,1720,0.0,0.0
2026-04-09 11:41:00-04:00,8.470100402832031,8.470100402832031,8.46030044555664,8.46030044555664,1980,0.0,0.0
2026-04-09 11:42:00-04:00,8.475000381469727,8.489999771118164,8.475000381469727,8.489999771118164,1145,0.0,0.0
2026-04-09 11:43:00-04:00,8.5,8.510000228881836,8.5,8.505000114440918,16285,0.0,0.0
2026-04-09 11:44:00-04:00,8.505000114440918,8.515000343322754,8.5,8.515000343322754,8393,0.0,0.0
2026-04-09 11:45:00-04:00,8.510000228881836,8.510000228881836,8.505000114440918,8.510000228881836,4086,0.0,0.0
2026-04-09 11:46:00-04:00,8.505000114440918,8.522500038146973,8.505000114440918,8.520000457763672,9768,0.0,0.0
2026-04-09 11:47:00-04:00,8.515000343322754,8.515000343322754,8.510100364685059,8.510100364685059,2061,0.0,0.0
2026-04-09 11:48:00-04:00,8.515000343322754,8.524999618530273,8.515000343322754,8.524999618530273,4907,0.0,0.0
2026-04-09 11:49:00-04:00,8.520000457763672,8.520099639892578,8.489999771118164,8.494999885559082,10030,0.0,0.0
2026-04-09 11:50:00-04:00,8.494999885559082,8.505000114440918,8.489999771118164,8.505000114440918,3304,0.0,0.0
2026-04-09 11:51:00-04:00,8.510000228881836,8.515000343322754,8.510000228881836,8.515000343322754,13593,0.0,0.0
2026-04-09 11:52:00-04:00,8.515000343322754,8.53499984741211,8.515000343322754,8.529999732971191,3437,0.0,0.0
2026-04-09 11:53:00-04:00,8.529999732971191,8.550000190734863,8.520000457763672,8.545000076293945,13809,0.0,0.0
2026-04-09 11:54:00-04:00,8.545000076293945,8.54990005493164,8.539999961853027,8.545000076293945,2806,0.0,0.0
2026-04-09 11:55:00-04:00,8.545000076293945,8.5600004196167,8.545000076293945,8.5600004196167,12020,0.0,0.0
2026-04-09 11:56:00-04:00,8.555000305175781,8.579999923706055,8.555000305175781,8.574999809265137,18940,0.0,0.0
2026-04-09 11:57:00-04:00,8.569999694824219,8.579999923706055,8.5600004196167,8.5649995803833,25682,0.0,0.0
2026-04-09 11:58:00-04:00,8.569999694824219,8.595000267028809,8.569999694824219,8.574999809265137,23865,0.0,0.0
2026-04-09 11:59:00-04:00,8.574999809265137,8.57859992980957,8.5649995803833,8.5649995803833,8607,0.0,0.0
2026-04-09 12:00:00-04:00,8.569999694824219,8.569999694824219,8.5649995803833,8.5649995803833,3079,0.0,0.0
2026-04-09 12:01:00-04:00,8.574999809265137,8.579899787902832,8.574999809265137,8.574999809265137,3951,0.0,0.0
2026-04-09 12:02:00-04:00,8.574999809265137,8.574999809265137,8.574999809265137,8.574999809265137,404,0.0,0.0
2026-04-09 12:03:00-04:00,8.574999809265137,8.579999923706055,8.57390022277832,8.574999809265137,3655,0.0,0.0
2026-04-09 12:04:00-04:00,8.574999809265137,8.574999809265137,8.5600004196167,8.569999694824219,7429,0.0,0.0
2026-04-09 12:05:00-04:00,8.5600004196167,8.5600004196167,8.539999961853027,8.54800033569336,6666,0.0,0.0
2026-04-09 12:06:00-04:00,8.555000305175781,8.555000305175781,8.545000076293945,8.545000076293945,5994,0.0,0.0
2026-04-09 12:07:00-04:00,8.545000076293945,8.545000076293945,8.53499984741211,8.539999961853027,1536,0.0,0.0
2026-04-09 12:08:00-04:00,8.550000190734863,8.555000305175781,8.550000190734863,8.555000305175781,10458,0.0,0.0
2026-04-09 12:09:00-04:00,8.5600004196167,8.5600004196167,8.550100326538086,8.550100326538086,1958,0.0,0.0
2026-04-09 12:10:00-04:00,8.555000305175781,8.555000305175781,8.529999732971191,8.539999961853027,7481,0.0,0.0
2026-04-09 12:11:00-04:00,8.545000076293945,8.550000190734863,8.539999961853027,8.542799949645996,3912,0.0,0.0
2026-04-09 12:12:00-04:00,8.54010009765625,8.54010009765625,8.53499984741211,8.53499984741211,1644,0.0,0.0
2026-04-09 12:13:00-04:00,8.539899826049805,8.541099548339844,8.53499984741211,8.53499984741211,3532,0.0,0.0
2026-04-09 12:14:00-04:00,8.532500267028809,8.53499984741211,8.532500267028809,8.53499984741211,2911,0.0,0.0
2026-04-09 12:15:00-04:00,8.539999961853027,8.539999961853027,8.524999618530273,8.52970027923584,3247,0.0,0.0
2026-04-09 12:16:00-04:00,8.53499984741211,8.539999961853027,8.53499984741211,8.539999961853027,2368,0.0,0.0
2026-04-09 12:17:00-04:00,8.548700332641602,8.548700332641602,8.53499984741211,8.53499984741211,4428,0.0,0.0
2026-04-09 12:18:00-04:00,8.545000076293945,8.545000076293945,8.539899826049805,8.545000076293945,1547,0.0,0.0
2026-04-09 12:19:00-04:00,8.539999961853027,8.545000076293945,8.53499984741211,8.545000076293945,4316,0.0,0.0
2026-04-09 12:20:00-04:00,8.550000190734863,8.5600004196167,8.550000190734863,8.5600004196167,2139,0.0,0.0
2026-04-09 12:21:00-04:00,8.5600004196167,8.5600004196167,8.550100326538086,8.550100326538086,1629,0.0,0.0
2026-04-09 12:22:00-04:00,8.550000190734863,8.555000305175781,8.545000076293945,8.555000305175781,2193,0.0,0.0
2026-04-09 12:23:00-04:00,8.550000190734863,8.550000190734863,8.545000076293945,8.545000076293945,4578,0.0,0.0
2026-04-09 12:24:00-04:00,8.545000076293945,8.550000190734863,8.545000076293945,8.545000076293945,2273,0.0,0.0
2026-04-09 12:25:00-04:00,8.550000190734863,8.550000190734863,8.539999961853027,8.545000076293945,2927,0.0,0.0
2026-04-09 12:26:00-04:00,8.545000076293945,8.550000190734863,8.545000076293945,8.550000190734863,5132,0.0,0.0
2026-04-09 12:27:00-04:00,8.556900024414062,8.569999694824219,8.556900024414062,8.569999694824219,4940,0.0,0.0
2026-04-09 12:28:00-04:00,8.569999694824219,8.569999694824219,8.569999694824219,8.569999694824219,1745,0.0,0.0
2026-04-09 12:29:00-04:00,8.574999809265137,8.574999809265137,8.574999809265137,8.574999809265137,1778,0.0,0.0
2026-04-09 12:30:00-04:00,8.574999809265137,8.574999809265137,8.5649995803833,8.5649995803833,1527,0.0,0.0
2026-04-09 12:31:00-04:00,8.5649995803833,8.574999809265137,8.5649995803833,8.569999694824219,2137,0.0,0.0
2026-04-09 12:32:00-04:00,8.569999694824219,8.569999694824219,8.5649995803833,8.5649995803833,8107,0.0,0.0
2026-04-09 12:33:00-04:00,8.569999694824219,8.569999694824219,8.5600004196167,8.5600004196167,1989,0.0,0.0
2026-04-09 12:34:00-04:00,8.569999694824219,8.569999694824219,8.5649995803833,8.569999694824219,2212,0.0,0.0
2026-04-09 12:35:00-04:00,8.569999694824219,8.569999694824219,8.569999694824219,8.569999694824219,438,0.0,0.0
2026-04-09 12:36:00-04:00,8.5649995803833,8.5649995803833,8.5649995803833,8.5649995803833,1880,0.0,0.0
2026-04-09 12:37:00-04:00,8.569999694824219,8.569999694824219,8.569999694824219,8.569999694824219,894,0.0,0.0
2026-04-09 12:38:00-04:00,8.5600004196167,8.5600004196167,8.545000076293945,8.545000076293945,2111,0.0,0.0
2026-04-09 12:39:00-04:00,8.539999961853027,8.539999961853027,8.53499984741211,8.539999961853027,4175,0.0,0.0
2026-04-09 12:40:00-04:00,8.539999961853027,8.550000190734863,8.53499984741211,8.545000076293945,1561,0.0,0.0
2026-04-09 12:41:00-04:00,8.545000076293945,8.545000076293945,8.524999618530273,8.524999618530273,5208,0.0,0.0
2026-04-09 12:42:00-04:00,8.529999732971191,8.545000076293945,8.529999732971191,8.541399955749512,3025,0.0,0.0
2026-04-09 12:43:00-04:00,8.539999961853027,8.539999961853027,8.531399726867676,8.531399726867676,1883,0.0,0.0
2026-04-09 12:44:00-04:00,8.53499984741211,8.545000076293945,8.53499984741211,8.545000076293945,2824,0.0,0.0
2026-04-09 12:45:00-04:00,8.539999961853027,8.539999961853027,8.520000457763672,8.531000137329102,11757,0.0,0.0
2026-04-09 12:46:00-04:00,8.524999618530273,8.539999961853027,8.524999618530273,8.53499984741211,1997,0.0,0.0
2026-04-09 12:47:00-04:00,8.53499984741211,8.538700103759766,8.53499984741211,8.53499984741211,6069,0.0,0.0
2026-04-09 12:48:00-04:00,8.53499984741211,8.53499984741211,8.53499984741211,8.53499984741211,429,0.0,0.0
2026-04-09 12:49:00-04:00,8.53499984741211,8.539999961853027,8.53499984741211,8.539999961853027,2213,0.0,0.0
2026-04-09 12:50:00-04:00,8.539999961853027,8.545000076293945,8.539999961853027,8.545000076293945,2928,0.0,0.0
2026-04-09 12:51:00-04:00,8.545000076293945,8.545000076293945,8.545000076293945,8.545000076293945,910,0.0,0.0
2026-04-09 12:52:00-04:00,8.550000190734863,8.550000190734863,8.545000076293945,8.550000190734863,3097,0.0,0.0
2026-04-09 12:53:00-04:00,8.545000076293945,8.545000076293945,8.545000076293945,8.545000076293945,417,0.0,0.0
2026-04-09 12:54:00-04:00,8.539999961853027,8.539999961853027,8.53499984741211,8.539999961853027,2873,0.0,0.0
2026-04-09 12:55:00-04:00,8.539999961853027,8.539999961853027,8.53499984741211,8.539799690246582,1657,0.0,0.0
2026-04-09 12:56:00-04:00,8.53499984741211,8.539999961853027,8.53499984741211,8.539999961853027,4902,0.0,0.0
2026-04-09 12:57:00-04:00,8.550000190734863,8.550000190734863,8.545000076293945,8.550000190734863,6029,0.0,0.0
2026-04-09 12:59:00-04:00,8.545000076293945,8.545000076293945,8.541000366210938,8.541000366210938,873,0.0,0.0
2026-04-09 13:00:00-04:00,8.545000076293945,8.545000076293945,8.545000076293945,8.545000076293945,2288,0.0,0.0
2026-04-09 13:01:00-04:00,8.545000076293945,8.545000076293945,8.545000076293945,8.545000076293945,700,0.0,0.0
2026-04-09 13:02:00-04:00,8.539999961853027,8.539999961853027,8.53499984741211,8.53499984741211,3670,0.0,0.0
2026-04-09 13:03:00-04:00,8.539999961853027,8.550000190734863,8.539999961853027,8.550000190734863,2695,0.0,0.0
2026-04-09 13:04:00-04:00,8.550000190734863,8.550000190734863,8.550000190734863,8.550000190734863,1457,0.0,0.0
2026-04-09 13:05:00-04:00,8.539999961853027,8.539999961853027,8.53499984741211,8.539999961853027,1648,0.0,0.0
2026-04-09 13:06:00-04:00,8.53499984741211,8.545000076293945,8.53499984741211,8.545000076293945,1425,0.0,0.0
2026-04-09 13:07:00-04:00,8.54010009765625,8.54010009765625,8.54010009765625,8.54010009765625,3239,0.0,0.0
2026-04-09 13:08:00-04:00,8.539999961853027,8.550000190734863,8.538999557495117,8.550000190734863,2575,0.0,0.0
2026-04-09 13:09:00-04:00,8.550000190734863,8.550000190734863,8.550000190734863,8.550000190734863,2030,0.0,0.0
2026-04-09 13:10:00-04:00,8.53499984741211,8.53499984741211,8.53499984741211,8.53499984741211,165,0.0,0.0
2026-04-09 13:11:00-04:00,8.53499984741211,8.539999961853027,8.53499984741211,8.539999961853027,918,0.0,0.0
2026-04-09 13:12:00-04:00,8.545000076293945,8.545000076293945,8.54010009765625,8.545000076293945,1039,0.0,0.0
2026-04-09 13:13:00-04:00,8.545000076293945,8.550000190734863,8.541000366210938,8.545000076293945,5023,0.0,0.0
2026-04-09 13:14:00-04:00,8.545000076293945,8.550000190734863,8.545000076293945,8.545000076293945,3189,0.0,0.0
2026-04-09 13:15:00-04:00,8.550000190734863,8.555000305175781,8.550000190734863,8.550000190734863,2552,0.0,0.0
2026-04-09 13:16:00-04:00,8.550000190734863,8.550000190734863,8.545000076293945,8.545000076293945,2653,0.0,0.0
2026-04-09 13:17:00-04:00,8.545000076293945,8.545000076293945,8.545000076293945,8.545000076293945,2107,0.0,0.0
2026-04-09 13:18:00-04:00,8.545000076293945,8.545000076293945,8.545000076293945,8.545000076293945,882,0.0,0.0
2026-04-09 13:19:00-04:00,8.545000076293945,8.545000076293945,8.545000076293945,8.545000076293945,714,0.0,0.0
2026-04-09 13:20:00-04:00,8.550000190734863,8.550000190734863,8.550000190734863,8.550000190734863,1335,0.0,0.0
2026-04-09 13:21:00-04:00,8.539999961853027,8.539999961853027,8.53499984741211,8.53499984741211,4059,0.0,0.0
2026-04-09 13:22:00-04:00,8.53499984741211,8.53499984741211,8.53499984741211,8.53499984741211,265,0.0,0.0
2026-04-09 13:23:00-04:00,8.53499984741211,8.53499984741211,8.53499984741211,8.53499984741211,573,0.0,0.0
2026-04-09 13:24:00-04:00,8.53499984741211,8.53499984741211,8.53499984741211,8.53499984741211,610,0.0,0.0
2026-04-09 13:25:00-04:00,8.53499984741211,8.550000190734863,8.53499984741211,8.550000190734863,4046,0.0,0.0
2026-04-09 13:26:00-04:00,8.545000076293945,8.545000076293945,8.545000076293945,8.545000076293945,1306,0.0,0.0
2026-04-09 13:27:00-04:00,8.539999961853027,8.545000076293945,8.539999961853027,8.545000076293945,560,0.0,0.0
2026-04-09 13:28:00-04:00,8.545000076293945,8.579999923706055,8.545000076293945,8.579999923706055,7621,0.0,0.0
2026-04-09 13:29:00-04:00,8.574999809265137,8.579999923706055,8.574999809265137,8.574999809265137,6606,0.0,0.0
2026-04-09 13:30:00-04:00,8.579999923706055,8.59000015258789,8.569999694824219,8.569999694824219,7677,0.0,0.0
2026-04-09 13:31:00-04:00,8.574999809265137,8.574999809265137,8.545000076293945,8.550000190734863,4362,0.0,0.0
2026-04-09 13:32:00-04:00,8.545000076293945,8.550000190734863,8.545000076293945,8.550000190734863,1730,0.0,0.0
2026-04-09 13:33:00-04:00,8.555000305175781,8.555000305175781,8.555000305175781,8.555000305175781,607,0.0,0.0
2026-04-09 13:34:00-04:00,8.550000190734863,8.550000190734863,8.550000190734863,8.550000190734863,1906,0.0,0.0
2026-04-09 13:35:00-04:00,8.550100326538086,8.555000305175781,8.550100326538086,8.555000305175781,1473,0.0,0.0
2026-04-09 13:36:00-04:00,8.555000305175781,8.5600004196167,8.555000305175781,8.5600004196167,2679,0.0,0.0
2026-04-09 13:37:00-04:00,8.5600004196167,8.569999694824219,8.5600004196167,8.569999694824219,1375,0.0,0.0
2026-04-09 13:38:00-04:00,8.569999694824219,8.58650016784668,8.569999694824219,8.585000038146973,2466,0.0,0.0
2026-04-09 13:39:00-04:00,8.59000015258789,8.59000015258789,8.579999923706055,8.580699920654297,3926,0.0,0.0
2026-04-09 13:40:00-04:00,8.586600303649902,8.586600303649902,8.585000038146973,8.585000038146973,2301,0.0,0.0
2026-04-09 13:41:00-04:00,8.580699920654297,8.585000038146973,8.580699920654297,8.585000038146973,1325,0.0,0.0
2026-04-09 13:42:00-04:00,8.585000038146973,8.585000038146973,8.5649995803833,8.565099716186523,6025,0.0,0.0
2026-04-09 13:43:00-04:00,8.5649995803833,8.5649995803833,8.5649995803833,8.5649995803833,405,0.0,0.0
2026-04-09 13:44:00-04:00,8.560199737548828,8.5649995803833,8.560199737548828,8.5649995803833,1346,0.0,0.0
2026-04-09 13:45:00-04:00,8.5649995803833,8.569999694824219,8.5600004196167,8.5649995803833,2117,0.0,0.0
2026-04-09 13:46:00-04:00,8.569999694824219,8.569999694824219,8.5600004196167,8.5600004196167,1212,0.0,0.0
2026-04-09 13:47:00-04:00,8.5600004196167,8.5600004196167,8.555000305175781,8.555000305175781,3001,0.0,0.0
2026-04-09 13:48:00-04:00,8.559900283813477,8.559900283813477,8.555000305175781,8.555000305175781,2944,0.0,0.0
2026-04-09 13:49:00-04:00,8.555000305175781,8.555000305175781,8.542099952697754,8.542099952697754,5085,0.0,0.0
2026-04-09 13:50:00-04:00,8.545000076293945,8.545000076293945,8.545000076293945,8.545000076293945,621,0.0,0.0
2026-04-09 13:51:00-04:00,8.545000076293945,8.550000190734863,8.545000076293945,8.550000190734863,1995,0.0,0.0
2026-04-09 13:52:00-04:00,8.545000076293945,8.545000076293945,8.545000076293945,8.545000076293945,288,0.0,0.0
2026-04-09 13:53:00-04:00,8.545000076293945,8.545000076293945,8.545000076293945,8.545000076293945,2847,0.0,0.0
2026-04-09 13:54:00-04:00,8.545000076293945,8.555000305175781,8.545000076293945,8.555000305175781,6418,0.0,0.0
2026-04-09 13:55:00-04:00,8.5600004196167,8.5600004196167,8.555000305175781,8.555000305175781,1369,0.0,0.0
2026-04-09 13:56:00-04:00,8.555000305175781,8.5600004196167,8.550000190734863,8.550000190734863,3843,0.0,0.0
2026-04-09 13:57:00-04:00,8.5600004196167,8.5600004196167,8.545000076293945,8.545000076293945,2738,0.0,0.0
2026-04-09 13:58:00-04:00,8.545000076293945,8.550000190734863,8.53499984741211,8.53499984741211,4168,0.0,0.0
2026-04-09 13:59:00-04:00,8.53499984741211,8.539999961853027,8.53499984741211,8.53499984741211,4389,0.0,0.0
2026-04-09 14:00:00-04:00,8.539999961853027,8.545000076293945,8.539999961853027,8.545000076293945,2668,0.0,0.0
2026-04-09 14:01:00-04:00,8.539999961853027,8.539999961853027,8.529999732971191,8.529999732971191,3183,0.0,0.0
2026-04-09 14:02:00-04:00,8.524999618530273,8.524999618530273,8.515000343322754,8.515000343322754,5175,0.0,0.0
2026-04-09 14:03:00-04:00,8.505000114440918,8.510000228881836,8.479999542236328,8.484999656677246,7129,0.0,0.0
2026-04-09 14:04:00-04:00,8.489899635314941,8.489899635314941,8.475000381469727,8.479999542236328,2671,0.0,0.0
2026-04-09 14:05:00-04:00,8.484999656677246,8.505000114440918,8.484999656677246,8.50160026550293,2968,0.0,0.0
2026-04-09 14:06:00-04:00,8.505000114440918,8.510000228881836,8.505000114440918,8.510000228881836,3613,0.0,0.0
2026-04-09 14:07:00-04:00,8.510000228881836,8.510000228881836,8.505000114440918,8.510000228881836,1063,0.0,0.0
2026-04-09 14:08:00-04:00,8.505000114440918,8.51990032196045,8.505000114440918,8.515000343322754,9747,0.0,0.0
2026-04-09 14:09:00-04:00,8.515000343322754,8.520000457763672,8.515000343322754,8.520000457763672,2084,0.0,0.0
2026-04-09 14:10:00-04:00,8.529999732971191,8.529999732971191,8.524999618530273,8.524999618530273,1398,0.0,0.0
2026-04-09 14:11:00-04:00,8.524999618530273,8.529999732971191,8.524999618530273,8.524999618530273,2107,0.0,0.0
2026-04-09 14:12:00-04:00,8.524999618530273,8.524999618530273,8.524999618530273,8.524999618530273,2306,0.0,0.0
2026-04-09 14:13:00-04:00,8.520000457763672,8.520000457763672,8.515000343322754,8.515000343322754,2254,0.0,0.0
2026-04-09 14:14:00-04:00,8.505000114440918,8.510000228881836,8.505000114440918,8.505000114440918,3049,0.0,0.0
2026-04-09 14:15:00-04:00,8.5,8.505000114440918,8.5,8.505000114440918,1152,0.0,0.0
2026-04-09 14:16:00-04:00,8.505000114440918,8.510000228881836,8.505000114440918,8.505000114440918,2007,0.0,0.0
2026-04-09 14:17:00-04:00,8.510000228881836,8.510000228881836,8.505000114440918,8.510000228881836,2932,0.0,0.0
2026-04-09 14:18:00-04:00,8.515000343322754,8.515000343322754,8.515000343322754,8.515000343322754,962,0.0,0.0
2026-04-09 14:19:00-04:00,8.515000343322754,8.515000343322754,8.515000343322754,8.515000343322754,1707,0.0,0.0
2026-04-09 14:20:00-04:00,8.515000343322754,8.520000457763672,8.515000343322754,8.520000457763672,1032,0.0,0.0
2026-04-09 14:21:00-04:00,8.524999618530273,8.524999618530273,8.524999618530273,8.524999618530273,2178,0.0,0.0
2026-04-09 14:22:00-04:00,8.524999618530273,8.524999618530273,8.520000457763672,8.524999618530273,3044,0.0,0.0
2026-04-09 14:23:00-04:00,8.520000457763672,8.520000457763672,8.505000114440918,8.505000114440918,3394,0.0,0.0
2026-04-09 14:24:00-04:00,8.505000114440918,8.510000228881836,8.505000114440918,8.510000228881836,1515,0.0,0.0
2026-04-09 14:25:00-04:00,8.510000228881836,8.510000228881836,8.5,8.5,6206,0.0,0.0
2026-04-09 14:26:00-04:00,8.5,8.505000114440918,8.5,8.505000114440918,1224,0.0,0.0
2026-04-09 14:27:00-04:00,8.505000114440918,8.505000114440918,8.505000114440918,8.505000114440918,827,0.0,0.0
2026-04-09 14:28:00-04:00,8.505000114440918,8.505000114440918,8.505000114440918,8.505000114440918,1205,0.0,0.0
2026-04-09 14:29:00-04:00,8.505000114440918,8.510000228881836,8.505000114440918,8.510000228881836,1692,0.0,0.0
2026-04-09 14:30:00-04:00,8.520000457763672,8.520000457763672,8.510000228881836,8.515000343322754,3748,0.0,0.0
2026-04-09 14:31:00-04:00,8.515000343322754,8.515000343322754,8.5,8.5,4464,0.0,0.0
2026-04-09 14:32:00-04:00,8.505000114440918,8.505000114440918,8.500100135803223,8.505000114440918,1347,0.0,0.0
2026-04-09 14:33:00-04:00,8.494999885559082,8.494999885559082,8.494999885559082,8.494999885559082,1471,0.0,0.0
2026-04-09 14:34:00-04:00,8.494999885559082,8.494999885559082,8.494999885559082,8.494999885559082,1163,0.0,0.0
2026-04-09 14:35:00-04:00,8.494999885559082,8.510000228881836,8.494999885559082,8.510000228881836,2896,0.0,0.0
2026-04-09 14:36:00-04:00,8.515000343322754,8.515000343322754,8.505000114440918,8.510000228881836,2276,0.0,0.0
2026-04-09 14:37:00-04:00,8.500100135803223,8.505000114440918,8.500100135803223,8.505000114440918,16908,0.0,0.0
2026-04-09 14:38:00-04:00,8.510000228881836,8.515000343322754,8.510000228881836,8.515000343322754,816,0.0,0.0
2026-04-09 14:39:00-04:00,8.510000228881836,8.515000343322754,8.505000114440918,8.515000343322754,2489,0.0,0.0
2026-04-09 14:40:00-04:00,8.510000228881836,8.510000228881836,8.494999885559082,8.494999885559082,2557,0.0,0.0
2026-04-09 14:41:00-04:00,8.489999771118164,8.494999885559082,8.489999771118164,8.494999885559082,2061,0.0,0.0
2026-04-09 14:42:00-04:00,8.489999771118164,8.494999885559082,8.489999771118164,8.489999771118164,4315,0.0,0.0
2026-04-09 14:43:00-04:00,8.489999771118164,8.489999771118164,8.479999542236328,8.479999542236328,3295,0.0,0.0
2026-04-09 14:44:00-04:00,8.484999656677246,8.484999656677246,8.475000381469727,8.479999542236328,2349,0.0,0.0
2026-04-09 14:45:00-04:00,8.484999656677246,8.489999771118164,8.48009967803955,8.489999771118164,2224,0.0,0.0
2026-04-09 14:46:00-04:00,8.5,8.5,8.494999885559082,8.494999885559082,1965,0.0,0.0
2026-04-09 14:47:00-04:00,8.494999885559082,8.5,8.494999885559082,8.5,2074,0.0,0.0
2026-04-09 14:48:00-04:00,8.505000114440918,8.505000114440918,8.489999771118164,8.489999771118164,4984,0.0,0.0
2026-04-09 14:49:00-04:00,8.489999771118164,8.489999771118164,8.484999656677246,8.484999656677246,2244,0.0,0.0
2026-04-09 14:50:00-04:00,8.484999656677246,8.484999656677246,8.484999656677246,8.484999656677246,541,0.0,0.0
2026-04-09 14:51:00-04:00,8.484999656677246,8.484999656677246,8.484999656677246,8.484999656677246,2739,0.0,0.0
2026-04-09 14:52:00-04:00,8.484999656677246,8.484999656677246,8.484999656677246,8.484999656677246,1688,0.0,0.0
2026-04-09 14:53:00-04:00,8.484999656677246,8.484999656677246,8.484999656677246,8.484999656677246,1528,0.0,0.0
2026-04-09 14:54:00-04:00,8.479999542236328,8.479999542236328,8.475000381469727,8.475000381469727,1687,0.0,0.0
2026-04-09 14:55:00-04:00,8.470000267028809,8.475000381469727,8.470000267028809,8.475000381469727,4333,0.0,0.0
2026-04-09 14:56:00-04:00,8.475000381469727,8.479999542236328,8.475000381469727,8.475000381469727,1861,0.0,0.0
2026-04-09 14:57:00-04:00,8.475000381469727,8.479999542236328,8.475000381469727,8.479999542236328,1663,0.0,0.0
2026-04-09 14:58:00-04:00,8.475000381469727,8.489999771118164,8.475000381469727,8.484999656677246,4430,0.0,0.0
2026-04-09 14:59:00-04:00,8.48069953918457,8.489999771118164,8.479999542236328,8.484999656677246,4349,0.0,0.0
2026-04-09 15:00:00-04:00,8.489999771118164,8.5,8.489999771118164,8.494999885559082,2020,0.0,0.0
2026-04-09 15:01:00-04:00,8.494999885559082,8.494999885559082,8.494999885559082,8.494999885559082,2123,0.0,0.0
2026-04-09 15:02:00-04:00,8.494999885559082,8.5,8.494999885559082,8.5,4018,0.0,0.0
2026-04-09 15:03:00-04:00,8.505000114440918,8.505000114440918,8.505000114440918,8.505000114440918,1432,0.0,0.0
2026-04-09 15:04:00-04:00,8.510000228881836,8.510000228881836,8.505000114440918,8.505000114440918,1176,0.0,0.0
2026-04-09 15:05:00-04:00,8.505000114440918,8.505000114440918,8.505000114440918,8.505000114440918,1701,0.0,0.0
2026-04-09 15:06:00-04:00,8.505000114440918,8.505000114440918,8.503299713134766,8.503299713134766,3019,0.0,0.0
2026-04-09 15:07:00-04:00,8.505000114440918,8.505000114440918,8.505000114440918,8.505000114440918,2237,0.0,0.0
2026-04-09 15:08:00-04:00,8.5,8.505000114440918,8.5,8.505000114440918,1838,0.0,0.0
2026-04-09 15:09:00-04:00,8.505000114440918,8.510000228881836,8.505000114440918,8.510000228881836,2209,0.0,0.0
2026-04-09 15:10:00-04:00,8.505000114440918,8.505000114440918,8.505000114440918,8.505000114440918,661,0.0,0.0
2026-04-09 15:11:00-04:00,8.505000114440918,8.505000114440918,8.505000114440918,8.505000114440918,3269,0.0,0.0
2026-04-09 15:12:00-04:00,8.505000114440918,8.505000114440918,8.505000114440918,8.505000114440918,2950,0.0,0.0
2026-04-09 15:13:00-04:00,8.50510025024414,8.50510025024414,8.505000114440918,8.505000114440918,2145,0.0,0.0
2026-04-09 15:14:00-04:00,8.5,8.5,8.494999885559082,8.494999885559082,8366,0.0,0.0
2026-04-09 15:15:00-04:00,8.494999885559082,8.494999885559082,8.494999885559082,8.494999885559082,4038,0.0,0.0
2026-04-09 15:16:00-04:00,8.494999885559082,8.494999885559082,8.489999771118164,8.489999771118164,2181,0.0,0.0
2026-04-09 15:17:00-04:00,8.475000381469727,8.479999542236328,8.475000381469727,8.475000381469727,4632,0.0,0.0
2026-04-09 15:18:00-04:00,8.475000381469727,8.475000381469727,8.470000267028809,8.475000381469727,4138,0.0,0.0
2026-04-09 15:19:00-04:00,8.475000381469727,8.479999542236328,8.475000381469727,8.479999542236328,3878,0.0,0.0
2026-04-09 15:20:00-04:00,8.479999542236328,8.479999542236328,8.475000381469727,8.479999542236328,4419,0.0,0.0
2026-04-09 15:21:00-04:00,8.484999656677246,8.484999656677246,8.475000381469727,8.475000381469727,3545,0.0,0.0
2026-04-09 15:22:00-04:00,8.479999542236328,8.505000114440918,8.479999542236328,8.505000114440918,13974,0.0,0.0
2026-04-09 15:23:00-04:00,8.505000114440918,8.510000228881836,8.505000114440918,8.505000114440918,4916,0.0,0.0
2026-04-09 15:24:00-04:00,8.505000114440918,8.518600463867188,8.505000114440918,8.515000343322754,9997,0.0,0.0
2026-04-09 15:25:00-04:00,8.515000343322754,8.51990032196045,8.515000343322754,8.515000343322754,3236,0.0,0.0
2026-04-09 15:26:00-04:00,8.515000343322754,8.515000343322754,8.515000343322754,8.515000343322754,1352,0.0,0.0
2026-04-09 15:27:00-04:00,8.515000343322754,8.550000190734863,8.515000343322754,8.54010009765625,8245,0.0,0.0
2026-04-09 15:28:00-04:00,8.539999961853027,8.539999961853027,8.529999732971191,8.530099868774414,5391,0.0,0.0
2026-04-09 15:29:00-04:00,8.53499984741211,8.53499984741211,8.523599624633789,8.53499984741211,6653,0.0,0.0
2026-04-09 15:30:00-04:00,8.53499984741211,8.545000076293945,8.53499984741211,8.545000076293945,4385,0.0,0.0
2026-04-09 15:31:00-04:00,8.545000076293945,8.5600004196167,8.545000076293945,8.555000305175781,7018,0.0,0.0
2026-04-09 15:32:00-04:00,8.5600004196167,8.5649995803833,8.555000305175781,8.555000305175781,6004,0.0,0.0
2026-04-09 15:33:00-04:00,8.5600004196167,8.569999694824219,8.555000305175781,8.555000305175781,9999,0.0,0.0
2026-04-09 15:34:00-04:00,8.555000305175781,8.5600004196167,8.550000190734863,8.555000305175781,8614,0.0,0.0
2026-04-09 15:35:00-04:00,8.5600004196167,8.585000038146973,8.555000305175781,8.585000038146973,12334,0.0,0.0
2026-04-09 15:36:00-04:00,8.585000038146973,8.59000015258789,8.579999923706055,8.579999923706055,11769,0.0,0.0
2026-04-09 15:37:00-04:00,8.585000038146973,8.59000015258789,8.579999923706055,8.585000038146973,9792,0.0,0.0
2026-04-09 15:38:00-04:00,8.580300331115723,8.59000015258789,8.580300331115723,8.585000038146973,4190,0.0,0.0
2026-04-09 15:39:00-04:00,8.585000038146973,8.58899974822998,8.579999923706055,8.585000038146973,7449,0.0,0.0
2026-04-09 15:40:00-04:00,8.585000038146973,8.600000381469727,8.579999923706055,8.600000381469727,16549,0.0,0.0
2026-04-09 15:41:00-04:00,8.600000381469727,8.600000381469727,8.5649995803833,8.5649995803833,36862,0.0,0.0
2026-04-09 15:42:00-04:00,8.5600004196167,8.5649995803833,8.5600004196167,8.5649995803833,7841,0.0,0.0
2026-04-09 15:43:00-04:00,8.5649995803833,8.574999809265137,8.5649995803833,8.574999809265137,11175,0.0,0.0
2026-04-09 15:44:00-04:00,8.574999809265137,8.579999923706055,8.574999809265137,8.574999809265137,3618,0.0,0.0
2026-04-09 15:45:00-04:00,8.574999809265137,8.579999923706055,8.574999809265137,8.574999809265137,4210,0.0,0.0
2026-04-09 15:46:00-04:00,8.574999809265137,8.579899787902832,8.5649995803833,8.5649995803833,9526,0.0,0.0
2026-04-09 15:47:00-04:00,8.569999694824219,8.574999809265137,8.5649995803833,8.574999809265137,12726,0.0,0.0
2026-04-09 15:48:00-04:00,8.569999694824219,8.569999694824219,8.5600004196167,8.5600004196167,6046,0.0,0.0
2026-04-09 15:49:00-04:00,8.560099601745605,8.569999694824219,8.5600004196167,8.5649995803833,7854,0.0,0.0
2026-04-09 15:50:00-04:00,8.569999694824219,8.569999694824219,8.555000305175781,8.569999694824219,18750,0.0,0.0
2026-04-09 15:51:00-04:00,8.5649995803833,8.589900016784668,8.5649995803833,8.585000038146973,18194,0.0,0.0
2026-04-09 15:52:00-04:00,8.579999923706055,8.585000038146973,8.569999694824219,8.574999809265137,10934,0.0,0.0
2026-04-09 15:53:00-04:00,8.574999809265137,8.579999923706055,8.5649995803833,8.570099830627441,12537,0.0,0.0
2026-04-09 15:54:00-04:00,8.574999809265137,8.59000015258789,8.569999694824219,8.579999923706055,18882,0.0,0.0
2026-04-09 15:55:00-04:00,8.569999694824219,8.579999923706055,8.5600004196167,8.574999809265137,20951,0.0,0.0
2026-04-09 15:56:00-04:00,8.574999809265137,8.574999809265137,8.555000305175781,8.559900283813477,17563,0.0,0.0
2026-04-09 15:57:00-04:00,8.5600004196167,8.5649995803833,8.524999618530273,8.53499984741211,83647,0.0,0.0
2026-04-09 15:58:00-04:00,8.53499984741211,8.539999961853027,8.529999732971191,8.539999961853027,37688,0.0,0.0
2026-04-09 15:59:00-04:00,8.53499984741211,8.539999961853027,8.520000457763672,8.539999961853027,98302,0.0,0.0
2026-04-10 09:30:00-04:00,8.520000457763672,8.550000190734863,8.449999809265137,8.449999809265137,89275,0.0,0.0
2026-04-10 09:31:00-04:00,8.479999542236328,8.479999542236328,8.350000381469727,8.350000381469727,27192,0.0,0.0
2026-04-10 09:32:00-04:00,8.354999542236328,8.380000114440918,8.329999923706055,8.329999923706055,16134,0.0,0.0
2026-04-10 09:33:00-04:00,8.3100004196167,8.3100004196167,8.239999771118164,8.25,14434,0.0,0.0
2026-04-10 09:34:00-04:00,8.25,8.260000228881836,8.210000038146973,8.224499702453613,15766,0.0,0.0
2026-04-10 09:35:00-04:00,8.229999542236328,8.239999771118164,8.180000305175781,8.1899995803833,16614,0.0,0.0
2026-04-10 09:36:00-04:00,8.199999809265137,8.239999771118164,8.1899995803833,8.229999542236328,35611,0.0,0.0
2026-04-10 09:37:00-04:00,8.239999771118164,8.270000457763672,8.239999771118164,8.269599914550781,12033,0.0,0.0
2026-04-10 09:38:00-04:00,8.260100364685059,8.289999961853027,8.260100364685059,8.289999961853027,21023,0.0,0.0
2026-04-10 09:39:00-04:00,8.281499862670898,8.289999961853027,8.274999618530273,8.289999961853027,5873,0.0,0.0
2026-04-10 09:40:00-04:00,8.28499984741211,8.300000190734863,8.279999732971191,8.289999961853027,9934,0.0,0.0
2026-04-10 09:41:00-04:00,8.289999961853027,8.319999694824219,8.289999961853027,8.319999694824219,9985,0.0,0.0
2026-04-10 09:42:00-04:00,8.3149995803833,8.32919979095459,8.3100004196167,8.3100004196167,16312,0.0,0.0
2026-04-10 09:43:00-04:00,8.289999961853027,8.3100004196167,8.279999732971191,8.289999961853027,4186,0.0,0.0
2026-04-10 09:44:00-04:00,8.300000190734863,8.300000190734863,8.289999961853027,8.289999961853027,3938,0.0,0.0
2026-04-10 09:45:00-04:00,8.295000076293945,8.300000190734863,8.270000457763672,8.270000457763672,8242,0.0,0.0
2026-04-10 09:46:00-04:00,8.270000457763672,8.29800033569336,8.270000457763672,8.289999961853027,12708,0.0,0.0
2026-04-10 09:47:00-04:00,8.297200202941895,8.297200202941895,8.239999771118164,8.25,8569,0.0,0.0
2026-04-10 09:48:00-04:00,8.239999771118164,8.239999771118164,8.204999923706055,8.210000038146973,20436,0.0,0.0
2026-04-10 09:49:00-04:00,8.204999923706055,8.229900360107422,8.199999809265137,8.225000381469727,16838,0.0,0.0
2026-04-10 09:50:00-04:00,8.226499557495117,8.255000114440918,8.21500015258789,8.25,18652,0.0,0.0
2026-04-10 09:51:00-04:00,8.239999771118164,8.25,8.239999771118164,8.25,10976,0.0,0.0
2026-04-10 09:52:00-04:00,8.255000114440918,8.25510025024414,8.25,8.255000114440918,12780,0.0,0.0
2026-04-10 09:53:00-04:00,8.25,8.25,8.229999542236328,8.244999885559082,9756,0.0,0.0
2026-04-10 09:54:00-04:00,8.244999885559082,8.25,8.244999885559082,8.249899864196777,6813,0.0,0.0
2026-04-10 09:55:00-04:00,8.260000228881836,8.267000198364258,8.260000228881836,8.265000343322754,1510,0.0,0.0
2026-04-10 09:56:00-04:00,8.265000343322754,8.26990032196045,8.260000228881836,8.260000228881836,1989,0.0,0.0
2026-04-10 09:57:00-04:00,8.260000228881836,8.319999694824219,8.260000228881836,8.319999694824219,12400,0.0,0.0
2026-04-10 09:58:00-04:00,8.319999694824219,8.329999923706055,8.3100004196167,8.32800006866455,20920,0.0,0.0
2026-04-10 09:59:00-04:00,8.324999809265137,8.329999923706055,8.3100004196167,8.319999694824219,14162,0.0,0.0
2026-04-10 10:00:00-04:00,8.319999694824219,8.329999923706055,8.305000305175781,8.3100004196167,15525,0.0,0.0
2026-04-10 10:01:00-04:00,8.319999694824219,8.319999694824219,8.3100004196167,8.3100004196167,3246,0.0,0.0
2026-04-10 10:02:00-04:00,8.3149995803833,8.319999694824219,8.3100004196167,8.3100004196167,1242,0.0,0.0
2026-04-10 10:03:00-04:00,8.3100004196167,8.3100004196167,8.279999732971191,8.279999732971191,5519,0.0,0.0
2026-04-10 10:04:00-04:00,8.279999732971191,8.28499984741211,8.279999732971191,8.28499984741211,2408,0.0,0.0
2026-04-10 10:05:00-04:00,8.28499984741211,8.300000190734863,8.28499984741211,8.300000190734863,12972,0.0,0.0
2026-04-10 10:06:00-04:00,8.3100004196167,8.3100004196167,8.305000305175781,8.305000305175781,2155,0.0,0.0
2026-04-10 10:07:00-04:00,8.3100004196167,8.3100004196167,8.300000190734863,8.300000190734863,12877,0.0,0.0
2026-04-10 10:08:00-04:00,8.295000076293945,8.300000190734863,8.295000076293945,8.300000190734863,7195,0.0,0.0
2026-04-10 10:09:00-04:00,8.295000076293945,8.300000190734863,8.28499984741211,8.295000076293945,6688,0.0,0.0
2026-04-10 10:10:00-04:00,8.289999961853027,8.300000190734863,8.279999732971191,8.279999732971191,10912,0.0,0.0
2026-04-10 10:11:00-04:00,8.274999618530273,8.274999618530273,8.270700454711914,8.274999618530273,2638,0.0,0.0
2026-04-10 10:12:00-04:00,8.279999732971191,8.279999732971191,8.270000457763672,8.279999732971191,6431,0.0,0.0
2026-04-10 10:13:00-04:00,8.28499984741211,8.289999961853027,8.28499984741211,8.289999961853027,2365,0.0,0.0
2026-04-10 10:14:00-04:00,8.28499984741211,8.289999961853027,8.279999732971191,8.28499984741211,10067,0.0,0.0
2026-04-10 10:15:00-04:00,8.279999732971191,8.289999961853027,8.279999732971191,8.279999732971191,5812,0.0,0.0
2026-04-10 10:16:00-04:00,8.279999732971191,8.279999732971191,8.270000457763672,8.279999732971191,6691,0.0,0.0
2026-04-10 10:17:00-04:00,8.274999618530273,8.279800415039062,8.270000457763672,8.270000457763672,1641,0.0,0.0
2026-04-10 10:18:00-04:00,8.270000457763672,8.279999732971191,8.265000343322754,8.279999732971191,12547,0.0,0.0
2026-04-10 10:19:00-04:00,8.274999618530273,8.274999618530273,8.274999618530273,8.274999618530273,992,0.0,0.0
2026-04-10 10:20:00-04:00,8.279999732971191,8.279999732971191,8.270099639892578,8.274999618530273,2976,0.0,0.0
2026-04-10 10:21:00-04:00,8.274999618530273,8.28499984741211,8.274999618530273,8.28499984741211,6384,0.0,0.0
2026-04-10 10:22:00-04:00,8.288999557495117,8.288999557495117,8.28499984741211,8.28499984741211,580,0.0,0.0
2026-04-10 10:23:00-04:00,8.289999961853027,8.289999961853027,8.28499984741211,8.28499984741211,1216,0.0,0.0
2026-04-10 10:24:00-04:00,8.28499984741211,8.3149995803833,8.28499984741211,8.305000305175781,10489,0.0,0.0
2026-04-10 10:25:00-04:00,8.305000305175781,8.3100004196167,8.300000190734863,8.3100004196167,4586,0.0,0.0
2026-04-10 10:26:00-04:00,8.305000305175781,8.3149995803833,8.305000305175781,8.3149995803833,2954,0.0,0.0
2026-04-10 10:27:00-04:00,8.3149995803833,8.3149995803833,8.305000305175781,8.305000305175781,4248,0.0,0.0
2026-04-10 10:29:00-04:00,8.3100004196167,8.3100004196167,8.3100004196167,8.3100004196167,1752,0.0,0.0
2026-04-10 10:30:00-04:00,8.319999694824219,8.335000038146973,8.319999694824219,8.335000038146973,5857,0.0,0.0
2026-04-10 10:31:00-04:00,8.34000015258789,8.34000015258789,8.329999923706055,8.331000328063965,4495,0.0,0.0
2026-04-10 10:32:00-04:00,8.335000038146973,8.359999656677246,8.335000038146973,8.354999542236328,25472,0.0,0.0
2026-04-10 10:33:00-04:00,8.359999656677246,8.369999885559082,8.359999656677246,8.359999656677246,7536,0.0,0.0
2026-04-10 10:34:00-04:00,8.350000381469727,8.369999885559082,8.350000381469727,8.359999656677246,12980,0.0,0.0
2026-04-10 10:35:00-04:00,8.354999542236328,8.360099792480469,8.350000381469727,8.360099792480469,4095,0.0,0.0
2026-04-10 10:36:00-04:00,8.364999771118164,8.364999771118164,8.354999542236328,8.364899635314941,2942,0.0,0.0
2026-04-10 10:37:00-04:00,8.359999656677246,8.369999885559082,8.359999656677246,8.369999885559082,3062,0.0,0.0
2026-04-10 10:38:00-04:00,8.375699996948242,8.375699996948242,8.364999771118164,8.369999885559082,1989,0.0,0.0
2026-04-10 10:39:00-04:00,8.369999885559082,8.369999885559082,8.34000015258789,8.34000015258789,13444,0.0,0.0
2026-04-10 10:40:00-04:00,8.34000015258789,8.351799964904785,8.34000015258789,8.351799964904785,4731,0.0,0.0
2026-04-10 10:41:00-04:00,8.350000381469727,8.350000381469727,8.329999923706055,8.329999923706055,6976,0.0,0.0
2026-04-10 10:42:00-04:00,8.319999694824219,8.324999809265137,8.300000190734863,8.300000190734863,16126,0.0,0.0
2026-04-10 10:43:00-04:00,8.305000305175781,8.329999923706055,8.305000305175781,8.319999694824219,7833,0.0,0.0
2026-04-10 10:44:00-04:00,8.319999694824219,8.319999694824219,8.305000305175781,8.305000305175781,5636,0.0,0.0
2026-04-10 10:45:00-04:00,8.305000305175781,8.3100004196167,8.305000305175781,8.3100004196167,2283,0.0,0.0
2026-04-10 10:46:00-04:00,8.305000305175781,8.3149995803833,8.305000305175781,8.3149995803833,3372,0.0,0.0
2026-04-10 10:47:00-04:00,8.3149995803833,8.3149995803833,8.3100004196167,8.3149995803833,1833,0.0,0.0
2026-04-10 10:48:00-04:00,8.3149995803833,8.319999694824219,8.305000305175781,8.3149995803833,5366,0.0,0.0
2026-04-10 10:49:00-04:00,8.3100004196167,8.3100004196167,8.300000190734863,8.309000015258789,1760,0.0,0.0
2026-04-10 10:50:00-04:00,8.305000305175781,8.3100004196167,8.305000305175781,8.305000305175781,4810,0.0,0.0
2026-04-10 10:51:00-04:00,8.3149995803833,8.319999694824219,8.3149995803833,8.319999694824219,1175,0.0,0.0
2026-04-10 10:52:00-04:00,8.3149995803833,8.3149995803833,8.3100004196167,8.3100004196167,1560,0.0,0.0
2026-04-10 10:53:00-04:00,8.3100004196167,8.319999694824219,8.3100004196167,8.3149995803833,4803,0.0,0.0
2026-04-10 10:54:00-04:00,8.3100004196167,8.3100004196167,8.3100004196167,8.3100004196167,1986,0.0,0.0
2026-04-10 10:55:00-04:00,8.3100004196167,8.3149995803833,8.3100004196167,8.3149995803833,5399,0.0,0.0
2026-04-10 10:56:00-04:00,8.319999694824219,8.319999694824219,8.319999694824219,8.319999694824219,1794,0.0,0.0
2026-04-10 10:57:00-04:00,8.319999694824219,8.319999694824219,8.3149995803833,8.3149995803833,1997,0.0,0.0
2026-04-10 10:58:00-04:00,8.3149995803833,8.32859992980957,8.3149995803833,8.324999809265137,6192,0.0,0.0
2026-04-10 10:59:00-04:00,8.324999809265137,8.34000015258789,8.324999809265137,8.335000038146973,9302,0.0,0.0
2026-04-10 11:00:00-04:00,8.335000038146973,8.335000038146973,8.324999809265137,8.324999809265137,2588,0.0,0.0
2026-04-10 11:01:00-04:00,8.329999923706055,8.329999923706055,8.329999923706055,8.329999923706055,3327,0.0,0.0
2026-04-10 11:02:00-04:00,8.335000038146973,8.359999656677246,8.335000038146973,8.359999656677246,9807,0.0,0.0
2026-04-10 11:03:00-04:00,8.350000381469727,8.350000381469727,8.345000267028809,8.345000267028809,4693,0.0,0.0
2026-04-10 11:04:00-04:00,8.350000381469727,8.354999542236328,8.350000381469727,8.354999542236328,1540,0.0,0.0
2026-04-10 11:05:00-04:00,8.359999656677246,8.359999656677246,8.354999542236328,8.354999542236328,2608,0.0,0.0
2026-04-10 11:06:00-04:00,8.354999542236328,8.364999771118164,8.354999542236328,8.364999771118164,9550,0.0,0.0
2026-04-10 11:07:00-04:00,8.359999656677246,8.359999656677246,8.345000267028809,8.345000267028809,17386,0.0,0.0
2026-04-10 11:08:00-04:00,8.34000015258789,8.34000015258789,8.335000038146973,8.34000015258789,3528,0.0,0.0
2026-04-10 11:09:00-04:00,8.335000038146973,8.335000038146973,8.335000038146973,8.335000038146973,342,0.0,0.0
2026-04-10 11:10:00-04:00,8.335000038146973,8.335000038146973,8.324999809265137,8.329999923706055,16100,0.0,0.0
2026-04-10 11:11:00-04:00,8.335000038146973,8.337599754333496,8.335000038146973,8.337599754333496,2591,0.0,0.0
2026-04-10 11:12:00-04:00,8.34000015258789,8.345000267028809,8.34000015258789,8.34000015258789,6136,0.0,0.0
2026-04-10 11:14:00-04:00,8.329999923706055,8.329999923706055,8.3149995803833,8.319999694824219,6335,0.0,0.0
2026-04-10 11:15:00-04:00,8.319999694824219,8.319999694824219,8.3149995803833,8.3149995803833,6556,0.0,0.0
2026-04-10 11:16:00-04:00,8.3125,8.329999923706055,8.3125,8.329999923706055,2895,0.0,0.0
2026-04-10 11:17:00-04:00,8.335000038146973,8.335000038146973,8.335000038146973,8.335000038146973,893,0.0,0.0
2026-04-10 11:18:00-04:00,8.335000038146973,8.335000038146973,8.335000038146973,8.335000038146973,214,0.0,0.0
2026-04-10 11:19:00-04:00,8.34000015258789,8.34000015258789,8.329999923706055,8.335000038146973,3797,0.0,0.0
2026-04-10 11:20:00-04:00,8.335000038146973,8.335000038146973,8.335000038146973,8.335000038146973,361,0.0,0.0
2026-04-10 11:21:00-04:00,8.335000038146973,8.345000267028809,8.335000038146973,8.345000267028809,5912,0.0,0.0
2026-04-10 11:22:00-04:00,8.350000381469727,8.350000381469727,8.350000381469727,8.350000381469727,909,0.0,0.0
2026-04-10 11:23:00-04:00,8.350000381469727,8.350000381469727,8.345000267028809,8.345000267028809,3415,0.0,0.0
2026-04-10 11:24:00-04:00,8.345000267028809,8.35990047454834,8.345000267028809,8.35990047454834,6858,0.0,0.0
2026-04-10 11:25:00-04:00,8.357999801635742,8.359999656677246,8.345000267028809,8.345000267028809,1269,0.0,0.0
2026-04-10 11:26:00-04:00,8.340200424194336,8.340200424194336,8.335000038146973,8.339900016784668,3611,0.0,0.0
2026-04-10 11:27:00-04:00,8.335000038146973,8.350000381469727,8.335000038146973,8.345000267028809,16413,0.0,0.0
2026-04-10 11:28:00-04:00,8.34000015258789,8.34000015258789,8.34000015258789,8.34000015258789,580,0.0,0.0
2026-04-10 11:29:00-04:00,8.34000015258789,8.34000015258789,8.335000038146973,8.335000038146973,1596,0.0,0.0
2026-04-10 11:30:00-04:00,8.335000038146973,8.335000038146973,8.335000038146973,8.335000038146973,1777,0.0,0.0
2026-04-10 11:31:00-04:00,8.329999923706055,8.329999923706055,8.324999809265137,8.324999809265137,4065,0.0,0.0
2026-04-10 11:32:00-04:00,8.32800006866455,8.32800006866455,8.319999694824219,8.324999809265137,5079,0.0,0.0
2026-04-10 11:33:00-04:00,8.324999809265137,8.324999809265137,8.324999809265137,8.324999809265137,383,0.0,0.0
2026-04-10 11:34:00-04:00,8.319999694824219,8.319999694824219,8.300000190734863,8.305000305175781,11747,0.0,0.0
2026-04-10 11:36:00-04:00,8.3100004196167,8.3100004196167,8.305000305175781,8.305000305175781,4513,0.0,0.0
2026-04-10 11:38:00-04:00,8.300000190734863,8.300000190734863,8.289999961853027,8.289999961853027,6584,0.0,0.0
2026-04-10 11:39:00-04:00,8.289999961853027,8.29990005493164,8.289999961853027,8.295000076293945,2095,0.0,0.0
2026-04-10 11:40:00-04:00,8.295000076293945,8.295000076293945,8.28499984741211,8.28499984741211,8788,0.0,0.0
2026-04-10 11:41:00-04:00,8.28499984741211,8.285900115966797,8.279999732971191,8.279999732971191,4259,0.0,0.0
2026-04-10 11:42:00-04:00,8.279999732971191,8.279999732971191,8.260000228881836,8.265000343322754,9458,0.0,0.0
2026-04-10 11:43:00-04:00,8.270000457763672,8.270000457763672,8.260000228881836,8.265000343322754,1410,0.0,0.0
2026-04-10 11:44:00-04:00,8.268699645996094,8.274999618530273,8.260000228881836,8.274999618530273,11662,0.0,0.0
2026-04-10 11:45:00-04:00,8.274999618530273,8.279999732971191,8.274999618530273,8.279999732971191,4048,0.0,0.0
2026-04-10 11:47:00-04:00,8.289999961853027,8.289999961853027,8.289999961853027,8.289999961853027,3486,0.0,0.0
2026-04-10 11:48:00-04:00,8.289999961853027,8.295000076293945,8.28499984741211,8.28499984741211,2327,0.0,0.0
2026-04-10 11:49:00-04:00,8.279999732971191,8.279999732971191,8.279800415039062,8.279999732971191,12497,0.0,0.0
2026-04-10 11:50:00-04:00,8.279999732971191,8.279999732971191,8.274999618530273,8.279999732971191,9685,0.0,0.0
2026-04-10 11:51:00-04:00,8.274999618530273,8.274999618530273,8.274999618530273,8.274999618530273,42,0.0,0.0
2026-04-10 11:52:00-04:00,8.274999618530273,8.289999961853027,8.274999618530273,8.289999961853027,3894,0.0,0.0
2026-04-10 11:53:00-04:00,8.28499984741211,8.28499984741211,8.28499984741211,8.28499984741211,1098,0.0,0.0
2026-04-10 11:54:00-04:00,8.281000137329102,8.281000137329102,8.281000137329102,8.281000137329102,2696,0.0,0.0
2026-04-10 11:55:00-04:00,8.279999732971191,8.279999732971191,8.274999618530273,8.274999618530273,3615,0.0,0.0
2026-04-10 11:58:00-04:00,8.274999618530273,8.274999618530273,8.255000114440918,8.255000114440918,11647,0.0,0.0
2026-04-10 11:59:00-04:00,8.25,8.25,8.244999885559082,8.244999885559082,7065,0.0,0.0
2026-04-10 12:00:00-04:00,8.244999885559082,8.244999885559082,8.234999656677246,8.234999656677246,7402,0.0,0.0
2026-04-10 12:01:00-04:00,8.234999656677246,8.239999771118164,8.234999656677246,8.234999656677246,6515,0.0,0.0
2026-04-10 12:02:00-04:00,8.234999656677246,8.25,8.234999656677246,8.244999885559082,8975,0.0,0.0
2026-04-10 12:03:00-04:00,8.239999771118164,8.25,8.239999771118164,8.240099906921387,2827,0.0,0.0
2026-04-10 12:04:00-04:00,8.239999771118164,8.239999771118164,8.239999771118164,8.239999771118164,1243,0.0,0.0
2026-04-10 12:05:00-04:00,8.25,8.260000228881836,8.248200416564941,8.258500099182129,9023,0.0,0.0
2026-04-10 12:06:00-04:00,8.25,8.25,8.25,8.25,911,0.0,0.0
2026-04-10 12:07:00-04:00,8.244999885559082,8.25,8.244999885559082,8.25,2043,0.0,0.0
2026-04-10 12:08:00-04:00,8.244999885559082,8.25,8.244999885559082,8.25,3155,0.0,0.0
2026-04-10 12:09:00-04:00,8.259300231933594,8.259300231933594,8.234999656677246,8.234999656677246,5565,0.0,0.0
2026-04-10 12:10:00-04:00,8.234999656677246,8.234999656677246,8.234999656677246,8.234999656677246,413,0.0,0.0
2026-04-10 12:11:00-04:00,8.234999656677246,8.239999771118164,8.234999656677246,8.239999771118164,1763,0.0,0.0
2026-04-10 12:12:00-04:00,8.239999771118164,8.239999771118164,8.239999771118164,8.239999771118164,1133,0.0,0.0
2026-04-10 12:13:00-04:00,8.239999771118164,8.255000114440918,8.239999771118164,8.255000114440918,3271,0.0,0.0
2026-04-10 12:14:00-04:00,8.255000114440918,8.255000114440918,8.255000114440918,8.255000114440918,1621,0.0,0.0
2026-04-10 12:15:00-04:00,8.260000228881836,8.260000228881836,8.255000114440918,8.255000114440918,905,0.0,0.0
2026-04-10 12:16:00-04:00,8.260000228881836,8.260000228881836,8.259699821472168,8.260000228881836,4614,0.0,0.0
2026-04-10 12:17:00-04:00,8.265000343322754,8.265000343322754,8.265000343322754,8.265000343322754,418,0.0,0.0
2026-04-10 12:18:00-04:00,8.265000343322754,8.270000457763672,8.265000343322754,8.270000457763672,2904,0.0,0.0
2026-04-10 12:19:00-04:00,8.265000343322754,8.265000343322754,8.265000343322754,8.265000343322754,404,0.0,0.0
2026-04-10 12:20:00-04:00,8.265000343322754,8.265000343322754,8.260000228881836,8.260000228881836,2271,0.0,0.0
2026-04-10 12:21:00-04:00,8.260000228881836,8.260000228881836,8.255000114440918,8.255000114440918,8630,0.0,0.0
2026-04-10 12:22:00-04:00,8.255000114440918,8.270000457763672,8.25,8.270000457763672,3661,0.0,0.0
2026-04-10 12:23:00-04:00,8.265000343322754,8.265000343322754,8.265000343322754,8.265000343322754,1331,0.0,0.0
2026-04-10 12:24:00-04:00,8.260000228881836,8.265000343322754,8.260000228881836,8.265000343322754,3114,0.0,0.0
2026-04-10 12:25:00-04:00,8.270000457763672,8.270000457763672,8.265000343322754,8.265000343322754,813,0.0,0.0
2026-04-10 12:26:00-04:00,8.265000343322754,8.265000343322754,8.260000228881836,8.260000228881836,2240,0.0,0.0
2026-04-10 12:28:00-04:00,8.260000228881836,8.267999649047852,8.260000228881836,8.26550006866455,4351,0.0,0.0
2026-04-10 12:29:00-04:00,8.26990032196045,8.270000457763672,8.265000343322754,8.265000343322754,2040,0.0,0.0
2026-04-10 12:31:00-04:00,8.260000228881836,8.269000053405762,8.260000228881836,8.265000343322754,1794,0.0,0.0
2026-04-10 12:32:00-04:00,8.265000343322754,8.265000343322754,8.260000228881836,8.265000343322754,2450,0.0,0.0
2026-04-10 12:33:00-04:00,8.260000228881836,8.260000228881836,8.260000228881836,8.260000228881836,1482,0.0,0.0
2026-04-10 12:34:00-04:00,8.260000228881836,8.265000343322754,8.260000228881836,8.265000343322754,4108,0.0,0.0
2026-04-10 12:35:00-04:00,8.260000228881836,8.260000228881836,8.255000114440918,8.260000228881836,5641,0.0,0.0
2026-04-10 12:36:00-04:00,8.260000228881836,8.260000228881836,8.260000228881836,8.260000228881836,578,0.0,0.0
2026-04-10 12:37:00-04:00,8.270000457763672,8.270000457763672,8.270000457763672,8.270000457763672,1178,0.0,0.0
2026-04-10 12:38:00-04:00,8.274999618530273,8.274999618530273,8.274999618530273,8.274999618530273,860,0.0,0.0
2026-04-10 12:39:00-04:00,8.270000457763672,8.270000457763672,8.265000343322754,8.265000343322754,5533,0.0,0.0
2026-04-10 12:40:00-04:00,8.265000343322754,8.265000343322754,8.265000343322754,8.265000343322754,1710,0.0,0.0
2026-04-10 12:41:00-04:00,8.270000457763672,8.270000457763672,8.270000457763672,8.270000457763672,3023,0.0,0.0
2026-04-10 12:42:00-04:00,8.279999732971191,8.279999732971191,8.279999732971191,8.279999732971191,234,0.0,0.0
2026-04-10 12:43:00-04:00,8.274999618530273,8.274999618530273,8.274999618530273,8.274999618530273,908,0.0,0.0
2026-04-10 12:45:00-04:00,8.279999732971191,8.289999961853027,8.279999732971191,8.289999961853027,959,0.0,0.0
2026-04-10 12:46:00-04:00,8.289999961853027,8.300000190734863,8.28499984741211,8.300000190734863,2863,0.0,0.0
2026-04-10 12:47:00-04:00,8.305000305175781,8.305000305175781,8.305000305175781,8.305000305175781,1912,0.0,0.0
2026-04-10 12:48:00-04:00,8.305000305175781,8.305000305175781,8.305000305175781,8.305000305175781,2287,0.0,0.0
2026-04-10 12:50:00-04:00,8.3100004196167,8.3100004196167,8.3100004196167,8.3100004196167,3596,0.0,0.0
2026-04-10 12:51:00-04:00,8.319999694824219,8.329999923706055,8.319999694824219,8.328700065612793,9079,0.0,0.0
2026-04-10 12:52:00-04:00,8.324999809265137,8.34000015258789,8.324999809265137,8.34000015258789,1477,0.0,0.0
2026-04-10 12:53:00-04:00,8.335000038146973,8.34000015258789,8.335000038146973,8.34000015258789,1380,0.0,0.0
2026-04-10 12:54:00-04:00,8.343899726867676,8.34749984741211,8.335000038146973,8.335000038146973,5101,0.0,0.0
2026-04-10 12:55:00-04:00,8.335000038146973,8.335000038146973,8.330100059509277,8.335000038146973,2826,0.0,0.0
2026-04-10 12:56:00-04:00,8.324999809265137,8.324999809265137,8.320099830627441,8.324999809265137,4278,0.0,0.0
2026-04-10 12:57:00-04:00,8.329999923706055,8.329999923706055,8.3149995803833,8.324999809265137,6279,0.0,0.0
2026-04-10 12:58:00-04:00,8.319999694824219,8.319999694824219,8.3100004196167,8.3100004196167,3202,0.0,0.0
2026-04-10 13:00:00-04:00,8.3149995803833,8.3149995803833,8.305000305175781,8.305000305175781,2366,0.0,0.0
2026-04-10 13:01:00-04:00,8.3100004196167,8.3100004196167,8.305000305175781,8.305000305175781,5184,0.0,0.0
2026-04-10 13:02:00-04:00,8.305000305175781,8.3100004196167,8.295000076293945,8.295000076293945,3576,0.0,0.0
2026-04-10 13:03:00-04:00,8.295000076293945,8.295000076293945,8.295000076293945,8.295000076293945,520,0.0,0.0
2026-04-10 13:04:00-04:00,8.295000076293945,8.295000076293945,8.289999961853027,8.289999961853027,1251,0.0,0.0
2026-04-10 13:05:00-04:00,8.289999961853027,8.289999961853027,8.265000343322754,8.265000343322754,2022,0.0,0.0
2026-04-10 13:06:00-04:00,8.265000343322754,8.265000343322754,8.25,8.25,9890,0.0,0.0
2026-04-10 13:07:00-04:00,8.25,8.25,8.244999885559082,8.244999885559082,3533,0.0,0.0
2026-04-10 13:08:00-04:00,8.25,8.260000228881836,8.249899864196777,8.260000228881836,3619,0.0,0.0
2026-04-10 13:09:00-04:00,8.265000343322754,8.265000343322754,8.265000343322754,8.265000343322754,364,0.0,0.0
2026-04-10 13:10:00-04:00,8.260000228881836,8.260000228881836,8.255000114440918,8.258099555969238,1435,0.0,0.0
2026-04-10 13:11:00-04:00,8.255000114440918,8.260000228881836,8.255000114440918,8.260000228881836,1911,0.0,0.0
2026-04-10 13:12:00-04:00,8.265000343322754,8.265000343322754,8.260000228881836,8.260000228881836,1500,0.0,0.0
2026-04-10 13:13:00-04:00,8.265000343322754,8.265000343322754,8.265000343322754,8.265000343322754,812,0.0,0.0
2026-04-10 13:14:00-04:00,8.262399673461914,8.262399673461914,8.262399673461914,8.262399673461914,134,0.0,0.0
2026-04-10 13:15:00-04:00,8.265000343322754,8.265000343322754,8.265000343322754,8.265000343322754,945,0.0,0.0
2026-04-10 13:16:00-04:00,8.260000228881836,8.260000228881836,8.255000114440918,8.255000114440918,3872,0.0,0.0
2026-04-10 13:17:00-04:00,8.260000228881836,8.260100364685059,8.260000228881836,8.260100364685059,2997,0.0,0.0
2026-04-10 13:20:00-04:00,8.260000228881836,8.260000228881836,8.25,8.25,1343,0.0,0.0
2026-04-10 13:21:00-04:00,8.260000228881836,8.260000228881836,8.259900093078613,8.259900093078613,3419,0.0,0.0
2026-04-10 13:22:00-04:00,8.260000228881836,8.260000228881836,8.260000228881836,8.260000228881836,894,0.0,0.0
2026-04-10 13:23:00-04:00,8.255000114440918,8.260000228881836,8.255000114440918,8.260000228881836,1339,0.0,0.0
2026-04-10 13:24:00-04:00,8.260100364685059,8.260100364685059,8.260100364685059,8.260100364685059,791,0.0,0.0
2026-04-10 13:25:00-04:00,8.265000343322754,8.265000343322754,8.265000343322754,8.265000343322754,360,0.0,0.0
2026-04-10 13:26:00-04:00,8.265000343322754,8.265000343322754,8.265000343322754,8.265000343322754,700,0.0,0.0
2026-04-10 13:27:00-04:00,8.265000343322754,8.265000343322754,8.260000228881836,8.260000228881836,408,0.0,0.0
2026-04-10 13:28:00-04:00,8.265000343322754,8.265000343322754,8.255000114440918,8.255000114440918,3326,0.0,0.0
2026-04-10 13:30:00-04:00,8.255000114440918,8.255000114440918,8.255000114440918,8.255000114440918,644,0.0,0.0
2026-04-10 13:31:00-04:00,8.260000228881836,8.265000343322754,8.260000228881836,8.265000343322754,1775,0.0,0.0
2026-04-10 13:32:00-04:00,8.265000343322754,8.274999618530273,8.265000343322754,8.274999618530273,4547,0.0,0.0
2026-04-10 13:33:00-04:00,8.274999618530273,8.274999618530273,8.274999618530273,8.274999618530273,1803,0.0,0.0
2026-04-10 13:34:00-04:00,8.279999732971191,8.279999732971191,8.272100448608398,8.272100448608398,3829,0.0,0.0
2026-04-10 13:36:00-04:00,8.270000457763672,8.270000457763672,8.199999809265137,8.21500015258789,62809,0.0,0.0
2026-04-10 13:37:00-04:00,8.21500015258789,8.220000267028809,8.210000038146973,8.210000038146973,2442,0.0,0.0
2026-04-10 13:38:00-04:00,8.211299896240234,8.219799995422363,8.211299896240234,8.219799995422363,1126,0.0,0.0
2026-04-10 13:39:00-04:00,8.21500015258789,8.219900131225586,8.210000038146973,8.21500015258789,3963,0.0,0.0
2026-04-10 13:40:00-04:00,8.21500015258789,8.21500015258789,8.204999923706055,8.204999923706055,3576,0.0,0.0
2026-04-10 13:41:00-04:00,8.204999923706055,8.204999923706055,8.199999809265137,8.204999923706055,2603,0.0,0.0
2026-04-10 13:42:00-04:00,8.204999923706055,8.204999923706055,8.20009994506836,8.20009994506836,884,0.0,0.0
2026-04-10 13:43:00-04:00,8.208600044250488,8.208600044250488,8.199999809265137,8.199999809265137,1424,0.0,0.0
2026-04-10 13:44:00-04:00,8.199999809265137,8.199999809265137,8.170000076293945,8.1899995803833,105677,0.0,0.0
2026-04-10 13:45:00-04:00,8.190099716186523,8.194999694824219,8.1850004196167,8.18970012664795,6321,0.0,0.0
2026-04-10 13:46:00-04:00,8.1899995803833,8.199999809265137,8.1899995803833,8.199999809265137,6259,0.0,0.0
2026-04-10 13:47:00-04:00,8.199999809265137,8.210000038146973,8.199999809265137,8.204999923706055,4064,0.0,0.0
2026-04-10 13:49:00-04:00,8.204999923706055,8.204999923706055,8.199999809265137,8.199999809265137,2378,0.0,0.0
2026-04-10 13:50:00-04:00,8.194999694824219,8.199999809265137,8.194999694824219,8.199999809265137,6234,0.0,0.0
2026-04-10 13:51:00-04:00,8.210000038146973,8.225000381469727,8.204999923706055,8.225000381469727,18454,0.0,0.0
2026-04-10 13:52:00-04:00,8.229999542236328,8.229999542236328,8.220199584960938,8.225000381469727,12812,0.0,0.0
2026-04-10 13:53:00-04:00,8.225000381469727,8.225000381469727,8.225000381469727,8.225000381469727,2639,0.0,0.0
2026-04-10 13:54:00-04:00,8.229599952697754,8.229599952697754,8.225000381469727,8.225000381469727,1288,0.0,0.0
2026-04-10 13:55:00-04:00,8.225000381469727,8.225000381469727,8.222800254821777,8.222800254821777,2040,0.0,0.0
2026-04-10 13:56:00-04:00,8.225000381469727,8.225000381469727,8.224499702453613,8.225000381469727,7578,0.0,0.0
2026-04-10 13:58:00-04:00,8.225000381469727,8.229999542236328,8.220000267028809,8.229999542236328,16206,0.0,0.0
2026-04-10 13:59:00-04:00,8.220000267028809,8.220000267028809,8.220000267028809,8.220000267028809,1214,0.0,0.0
2026-04-10 14:00:00-04:00,8.220000267028809,8.225000381469727,8.220000267028809,8.220000267028809,1833,0.0,0.0
2026-04-10 14:01:00-04:00,8.220000267028809,8.229999542236328,8.220000267028809,8.225000381469727,17550,0.0,0.0
2026-04-10 14:02:00-04:00,8.225000381469727,8.225000381469727,8.220000267028809,8.220000267028809,2086,0.0,0.0
2026-04-10 14:03:00-04:00,8.220000267028809,8.220000267028809,8.210000038146973,8.210000038146973,5230,0.0,0.0
2026-04-10 14:04:00-04:00,8.210000038146973,8.210000038146973,8.194999694824219,8.199999809265137,10176,0.0,0.0
2026-04-10 14:05:00-04:00,8.199999809265137,8.210000038146973,8.194999694824219,8.210000038146973,14693,0.0,0.0
2026-04-10 14:06:00-04:00,8.21500015258789,8.234999656677246,8.210000038146973,8.229999542236328,13527,0.0,0.0
2026-04-10 14:07:00-04:00,8.234999656677246,8.239999771118164,8.234999656677246,8.234999656677246,3849,0.0,0.0
2026-04-10 14:08:00-04:00,8.229999542236328,8.229999542236328,8.21500015258789,8.220000267028809,9545,0.0,0.0
2026-04-10 14:09:00-04:00,8.21500015258789,8.21500015258789,8.21500015258789,8.21500015258789,412,0.0,0.0
2026-04-10 14:10:00-04:00,8.21500015258789,8.21500015258789,8.210000038146973,8.210000038146973,2265,0.0,0.0
2026-04-10 14:12:00-04:00,8.21500015258789,8.21500015258789,8.21500015258789,8.21500015258789,1356,0.0,0.0
2026-04-10 14:13:00-04:00,8.210000038146973,8.210000038146973,8.210000038146973,8.210000038146973,1500,0.0,0.0
2026-04-10 14:14:00-04:00,8.21500015258789,8.229999542236328,8.21500015258789,8.223799705505371,7627,0.0,0.0
2026-04-10 14:15:00-04:00,8.220100402832031,8.220100402832031,8.21500015258789,8.21500015258789,1020,0.0,0.0
2026-04-10 14:16:00-04:00,8.21500015258789,8.21500015258789,8.21500015258789,8.21500015258789,1759,0.0,0.0
2026-04-10 14:17:00-04:00,8.21500015258789,8.21500015258789,8.210000038146973,8.210000038146973,4171,0.0,0.0
2026-04-10 14:18:00-04:00,8.210000038146973,8.210000038146973,8.210000038146973,8.210000038146973,1006,0.0,0.0
2026-04-10 14:19:00-04:00,8.210000038146973,8.21500015258789,8.210000038146973,8.21500015258789,2283,0.0,0.0
2026-04-10 14:20:00-04:00,8.210000038146973,8.225000381469727,8.210000038146973,8.225000381469727,8803,0.0,0.0
2026-04-10 14:21:00-04:00,8.225000381469727,8.225000381469727,8.225000381469727,8.225000381469727,3013,0.0,0.0
2026-04-10 14:23:00-04:00,8.225000381469727,8.225000381469727,8.225000381469727,8.225000381469727,122,0.0,0.0
2026-04-10 14:24:00-04:00,8.225000381469727,8.225000381469727,8.21500015258789,8.21500015258789,3053,0.0,0.0
2026-04-10 14:25:00-04:00,8.21500015258789,8.21500015258789,8.211999893188477,8.21500015258789,6700,0.0,0.0
2026-04-10 14:26:00-04:00,8.21500015258789,8.21500015258789,8.210000038146973,8.21500015258789,3173,0.0,0.0
2026-04-10 14:28:00-04:00,8.210000038146973,8.21500015258789,8.210000038146973,8.210000038146973,2790,0.0,0.0
2026-04-10 14:29:00-04:00,8.210000038146973,8.21500015258789,8.210000038146973,8.210000038146973,2186,0.0,0.0
2026-04-10 14:30:00-04:00,8.210000038146973,8.210000038146973,8.210000038146973,8.210000038146973,1268,0.0,0.0
2026-04-10 14:31:00-04:00,8.210000038146973,8.210000038146973,8.210000038146973,8.210000038146973,1441,0.0,0.0
2026-04-10 14:32:00-04:00,8.210000038146973,8.21500015258789,8.210000038146973,8.21500015258789,3564,0.0,0.0
2026-04-10 14:33:00-04:00,8.210000038146973,8.21500015258789,8.210000038146973,8.210000038146973,1650,0.0,0.0
2026-04-10 14:34:00-04:00,8.210000038146973,8.211000442504883,8.210000038146973,8.211000442504883,2636,0.0,0.0
2026-04-10 14:35:00-04:00,8.210000038146973,8.210000038146973,8.204999923706055,8.204999923706055,2756,0.0,0.0
2026-04-10 14:36:00-04:00,8.199999809265137,8.201399803161621,8.199999809265137,8.201399803161621,1217,0.0,0.0
2026-04-10 14:37:00-04:00,8.204999923706055,8.210000038146973,8.199999809265137,8.204999923706055,6086,0.0,0.0
2026-04-10 14:38:00-04:00,8.204999923706055,8.204999923706055,8.199999809265137,8.199999809265137,1845,0.0,0.0
2026-04-10 14:39:00-04:00,8.204999923706055,8.204999923706055,8.199999809265137,8.199999809265137,1255,0.0,0.0
2026-04-10 14:40:00-04:00,8.204999923706055,8.204999923706055,8.1899995803833,8.1899995803833,17258,0.0,0.0
2026-04-10 14:41:00-04:00,8.1899995803833,8.194999694824219,8.1850004196167,8.1850004196167,15664,0.0,0.0
2026-04-10 14:42:00-04:00,8.180000305175781,8.1850004196167,8.180000305175781,8.180000305175781,2446,0.0,0.0
2026-04-10 14:43:00-04:00,8.1850004196167,8.189900398254395,8.180000305175781,8.1850004196167,5781,0.0,0.0
2026-04-10 14:44:00-04:00,8.1899995803833,8.1899995803833,8.180000305175781,8.1850004196167,2868,0.0,0.0
2026-04-10 14:45:00-04:00,8.1850004196167,8.1850004196167,8.180000305175781,8.1850004196167,1952,0.0,0.0
2026-04-10 14:46:00-04:00,8.180100440979004,8.1850004196167,8.175000190734863,8.18019962310791,13238,0.0,0.0
2026-04-10 14:47:00-04:00,8.180000305175781,8.180000305175781,8.170000076293945,8.170000076293945,2222,0.0,0.0
2026-04-10 14:48:00-04:00,8.170000076293945,8.175000190734863,8.149999618530273,8.164999961853027,46889,0.0,0.0
2026-04-10 14:49:00-04:00,8.164999961853027,8.164999961853027,8.15999984741211,8.164899826049805,8517,0.0,0.0
2026-04-10 14:50:00-04:00,8.15999984741211,8.164999961853027,8.15999984741211,8.15999984741211,2449,0.0,0.0
2026-04-10 14:51:00-04:00,8.164999961853027,8.164999961853027,8.15999984741211,8.164999961853027,13108,0.0,0.0
2026-04-10 14:52:00-04:00,8.164999961853027,8.170000076293945,8.15999984741211,8.170000076293945,2632,0.0,0.0
2026-04-10 14:53:00-04:00,8.164999961853027,8.170000076293945,8.15999984741211,8.164999961853027,2578,0.0,0.0
2026-04-10 14:54:00-04:00,8.15999984741211,8.164999961853027,8.149999618530273,8.154999732971191,15554,0.0,0.0
2026-04-10 14:55:00-04:00,8.149999618530273,8.154999732971191,8.149999618530273,8.154999732971191,4189,0.0,0.0
2026-04-10 14:56:00-04:00,8.154999732971191,8.154999732971191,8.140000343322754,8.140000343322754,17882,0.0,0.0
2026-04-10 14:57:00-04:00,8.145000457763672,8.145000457763672,8.140000343322754,8.145000457763672,2282,0.0,0.0
2026-04-10 14:58:00-04:00,8.149999618530273,8.15999984741211,8.149999618530273,8.15999984741211,14858,0.0,0.0
2026-04-10 14:59:00-04:00,8.154999732971191,8.168899536132812,8.154999732971191,8.164999961853027,5628,0.0,0.0
2026-04-10 15:00:00-04:00,8.15999984741211,8.15999984741211,8.15999984741211,8.15999984741211,2306,0.0,0.0
2026-04-10 15:01:00-04:00,8.154999732971191,8.154999732971191,8.154999732971191,8.154999732971191,469,0.0,0.0
2026-04-10 15:02:00-04:00,8.15999984741211,8.15999984741211,8.15999984741211,8.15999984741211,626,0.0,0.0
2026-04-10 15:03:00-04:00,8.15999984741211,8.15999984741211,8.149999618530273,8.149999618530273,7686,0.0,0.0
2026-04-10 15:04:00-04:00,8.140000343322754,8.14009952545166,8.130000114440918,8.130000114440918,8042,0.0,0.0
2026-04-10 15:05:00-04:00,8.130000114440918,8.130000114440918,8.119999885559082,8.119999885559082,11213,0.0,0.0
2026-04-10 15:06:00-04:00,8.125,8.125,8.084199905395508,8.085000038146973,40440,0.0,0.0
2026-04-10 15:07:00-04:00,8.085000038146973,8.09000015258789,8.079999923706055,8.09000015258789,11193,0.0,0.0
2026-04-10 15:08:00-04:00,8.099900245666504,8.119999885559082,8.085000038146973,8.085000038146973,22829,0.0,0.0
2026-04-10 15:09:00-04:00,8.089900016784668,8.099900245666504,8.085000038146973,8.085800170898438,7981,0.0,0.0
2026-04-10 15:10:00-04:00,8.079999923706055,8.095000267028809,8.079999923706055,8.094799995422363,5225,0.0,0.0
2026-04-10 15:11:00-04:00,8.095000267028809,8.114999771118164,8.095000267028809,8.114999771118164,9648,0.0,0.0
2026-04-10 15:12:00-04:00,8.114999771118164,8.114999771118164,8.109999656677246,8.109999656677246,8863,0.0,0.0
2026-04-10 15:13:00-04:00,8.11989974975586,8.11989974975586,8.114999771118164,8.114999771118164,8184,0.0,0.0
2026-04-10 15:14:00-04:00,8.109999656677246,8.114999771118164,8.109999656677246,8.114999771118164,2982,0.0,0.0
2026-04-10 15:15:00-04:00,8.119999885559082,8.119999885559082,8.104999542236328,8.109999656677246,13583,0.0,0.0
2026-04-10 15:16:00-04:00,8.100000381469727,8.109999656677246,8.100000381469727,8.109999656677246,1128,0.0,0.0
2026-04-10 15:17:00-04:00,8.100099563598633,8.101499557495117,8.09000015258789,8.090200424194336,21391,0.0,0.0
2026-04-10 15:18:00-04:00,8.09000015258789,8.095000267028809,8.09000015258789,8.09000015258789,4763,0.0,0.0
2026-04-10 15:19:00-04:00,8.09000015258789,8.097700119018555,8.09000015258789,8.097700119018555,4354,0.0,0.0
2026-04-10 15:20:00-04:00,8.09000015258789,8.098999977111816,8.09000015258789,8.095000267028809,4731,0.0,0.0
2026-04-10 15:21:00-04:00,8.100000381469727,8.104999542236328,8.09000015258789,8.104999542236328,14393,0.0,0.0
2026-04-10 15:22:00-04:00,8.104999542236328,8.104999542236328,8.104999542236328,8.104999542236328,4705,0.0,0.0
2026-04-10 15:23:00-04:00,8.104999542236328,8.104999542236328,8.104999542236328,8.104999542236328,1599,0.0,0.0
2026-04-10 15:24:00-04:00,8.104999542236328,8.104999542236328,8.095000267028809,8.100000381469727,7494,0.0,0.0
2026-04-10 15:25:00-04:00,8.095000267028809,8.095000267028809,8.09000015258789,8.09000015258789,2504,0.0,0.0
2026-04-10 15:26:00-04:00,8.09000015258789,8.097999572753906,8.09000015258789,8.09000015258789,5069,0.0,0.0
2026-04-10 15:27:00-04:00,8.09000015258789,8.09000015258789,8.079999923706055,8.085000038146973,9915,0.0,0.0
2026-04-10 15:28:00-04:00,8.09000015258789,8.095000267028809,8.079999923706055,8.095000267028809,13622,0.0,0.0
2026-04-10 15:29:00-04:00,8.09000015258789,8.095000267028809,8.085000038146973,8.09000015258789,3643,0.0,0.0
2026-04-10 15:30:00-04:00,8.089500427246094,8.089500427246094,8.085000038146973,8.085000038146973,2896,0.0,0.0
2026-04-10 15:31:00-04:00,8.085000038146973,8.085000038146973,8.079999923706055,8.085000038146973,8449,0.0,0.0
2026-04-10 15:32:00-04:00,8.089900016784668,8.089900016784668,8.0649995803833,8.0649995803833,9687,0.0,0.0
2026-04-10 15:33:00-04:00,8.0649995803833,8.0649995803833,8.0600004196167,8.0649995803833,13265,0.0,0.0
2026-04-10 15:34:00-04:00,8.0649995803833,8.0649995803833,8.0600004196167,8.0649995803833,5475,0.0,0.0
2026-04-10 15:35:00-04:00,8.0649995803833,8.069899559020996,8.0600004196167,8.0600004196167,4604,0.0,0.0
2026-04-10 15:36:00-04:00,8.055000305175781,8.055000305175781,8.050000190734863,8.055000305175781,6491,0.0,0.0
2026-04-10 15:37:00-04:00,8.050000190734863,8.052000045776367,8.029999732971191,8.03499984741211,25251,0.0,0.0
2026-04-10 15:38:00-04:00,8.03499984741211,8.045000076293945,8.029999732971191,8.045000076293945,23169,0.0,0.0
2026-04-10 15:39:00-04:00,8.045000076293945,8.045000076293945,8.03499984741211,8.03499984741211,7530,0.0,0.0
2026-04-10 15:40:00-04:00,8.031399726867676,8.039999961853027,8.029999732971191,8.039999961853027,5432,0.0,0.0
2026-04-10 15:41:00-04:00,8.029999732971191,8.029999732971191,8.020000457763672,8.023599624633789,5481,0.0,0.0
2026-04-10 15:42:00-04:00,8.029999732971191,8.029999732971191,8.020000457763672,8.020000457763672,1630,0.0,0.0
2026-04-10 15:43:00-04:00,8.020000457763672,8.045000076293945,8.020000457763672,8.039999961853027,61262,0.0,0.0
2026-04-10 15:44:00-04:00,8.050000190734863,8.100000381469727,8.045000076293945,8.0649995803833,81654,0.0,0.0
2026-04-10 15:45:00-04:00,8.069999694824219,8.085000038146973,8.069999694824219,8.085000038146973,16499,0.0,0.0
2026-04-10 15:46:00-04:00,8.085000038146973,8.09000015258789,8.0600004196167,8.085000038146973,23669,0.0,0.0
2026-04-10 15:47:00-04:00,8.085000038146973,8.087699890136719,8.069999694824219,8.074999809265137,7968,0.0,0.0
2026-04-10 15:48:00-04:00,8.074999809265137,8.085000038146973,8.074999809265137,8.085000038146973,5819,0.0,0.0
2026-04-10 15:49:00-04:00,8.085000038146973,8.130000114440918,8.079999923706055,8.125,68817,0.0,0.0
2026-04-10 15:50:00-04:00,8.125,8.125,8.09000015258789,8.09000015258789,16221,0.0,0.0
2026-04-10 15:51:00-04:00,8.100000381469727,8.100000381469727,8.079999923706055,8.085000038146973,20043,0.0,0.0
2026-04-10 15:52:00-04:00,8.079999923706055,8.085000038146973,8.074999809265137,8.085000038146973,25107,0.0,0.0
2026-04-10 15:53:00-04:00,8.085000038146973,8.085000038146973,8.079999923706055,8.080100059509277,13231,0.0,0.0
2026-04-10 15:54:00-04:00,8.085000038146973,8.089799880981445,8.069999694824219,8.079999923706055,20233,0.0,0.0
2026-04-10 15:55:00-04:00,8.074999809265137,8.079899787902832,8.069999694824219,8.074999809265137,21070,0.0,0.0
2026-04-10 15:56:00-04:00,8.074999809265137,8.109999656677246,8.069999694824219,8.090100288391113,117590,0.0,0.0
2026-04-10 15:57:00-04:00,8.09000015258789,8.129899978637695,8.085000038146973,8.114999771118164,90455,0.0,0.0
2026-04-10 15:58:00-04:00,8.119999885559082,8.149999618530273,8.114999771118164,8.149999618530273,100207,0.0,0.0
2026-04-10 15:59:00-04:00,8.145000457763672,8.149999618530273,8.119999885559082,8.130000114440918,87407,0.0,0.0
2026-04-13 09:30:00-04:00,8.079999923706055,8.15999984741211,8.079999923706055,8.100000381469727,58089,0.0,0.0
2026-04-13 09:31:00-04:00,8.119999885559082,8.149999618530273,8.090100288391113,8.119999885559082,17591,0.0,0.0
2026-04-13 09:32:00-04:00,8.119999885559082,8.119999885559082,8.069999694824219,8.105999946594238,19735,0.0,0.0
2026-04-13 09:33:00-04:00,8.100000381469727,8.100000381469727,8.0649995803833,8.09000015258789,18531,0.0,0.0
2026-04-13 09:34:00-04:00,8.09000015258789,8.09000015258789,8.0600004196167,8.069999694824219,7663,0.0,0.0
2026-04-13 09:35:00-04:00,8.069999694824219,8.069999694824219,8.050000190734863,8.050000190734863,11816,0.0,0.0
2026-04-13 09:36:00-04:00,8.0,8.0,8.0,8.0,3938,0.0,0.0
2026-04-13 09:37:00-04:00,8.010000228881836,8.020000457763672,8.010000228881836,8.010000228881836,4114,0.0,0.0
2026-04-13 09:38:00-04:00,8.010000228881836,8.020000457763672,7.989999771118164,8.010000228881836,23430,0.0,0.0
2026-04-13 09:39:00-04:00,8.010000228881836,8.020000457763672,8.010000228881836,8.015000343322754,3438,0.0,0.0
2026-04-13 09:40:00-04:00,8.011699676513672,8.039999961853027,8.0,8.039999961853027,15763,0.0,0.0
2026-04-13 09:41:00-04:00,8.029999732971191,8.039999961853027,8.029999732971191,8.029999732971191,3284,0.0,0.0
2026-04-13 09:42:00-04:00,8.024999618530273,8.039999961853027,8.024999618530273,8.024999618530273,5670,0.0,0.0
2026-04-13 09:43:00-04:00,8.029999732971191,8.03499984741211,8.029999732971191,8.029999732971191,2756,0.0,0.0
2026-04-13 09:44:00-04:00,8.020099639892578,8.029999732971191,8.020000457763672,8.020000457763672,3432,0.0,0.0
2026-04-13 09:45:00-04:00,8.020000457763672,8.029999732971191,8.01449966430664,8.029999732971191,5342,0.0,0.0
2026-04-13 09:46:00-04:00,8.029999732971191,8.067299842834473,8.029999732971191,8.0600004196167,5929,0.0,0.0
2026-04-13 09:47:00-04:00,8.06719970703125,8.069999694824219,8.0600004196167,8.0649995803833,1261,0.0,0.0
2026-04-13 09:48:00-04:00,8.0649995803833,8.100000381469727,8.0649995803833,8.079999923706055,13727,0.0,0.0
2026-04-13 09:49:00-04:00,8.080100059509277,8.149999618530273,8.080100059509277,8.119999885559082,15816,0.0,0.0
2026-04-13 09:50:00-04:00,8.135000228881836,8.157999992370605,8.119999885559082,8.157999992370605,9733,0.0,0.0
2026-04-13 09:51:00-04:00,8.140000343322754,8.140000343322754,8.134499549865723,8.134499549865723,4237,0.0,0.0
2026-04-13 09:52:00-04:00,8.12969970703125,8.145000457763672,8.12969970703125,8.145000457763672,3409,0.0,0.0
2026-04-13 09:53:00-04:00,8.140000343322754,8.140000343322754,8.140000343322754,8.140000343322754,3935,0.0,0.0
2026-04-13 09:54:00-04:00,8.149999618530273,8.170000076293945,8.149999618530273,8.170000076293945,6710,0.0,0.0
2026-04-13 09:55:00-04:00,8.180000305175781,8.1850004196167,8.180000305175781,8.1850004196167,14632,0.0,0.0
2026-04-13 09:56:00-04:00,8.199999809265137,8.225000381469727,8.199999809265137,8.225000381469727,28920,0.0,0.0
2026-04-13 09:57:00-04:00,8.229999542236328,8.229999542236328,8.223999977111816,8.225000381469727,6824,0.0,0.0
2026-04-13 09:58:00-04:00,8.225000381469727,8.225000381469727,8.220000267028809,8.220000267028809,9847,0.0,0.0
2026-04-13 09:59:00-04:00,8.210000038146973,8.239999771118164,8.210000038146973,8.234999656677246,13337,0.0,0.0
2026-04-13 10:00:00-04:00,8.239999771118164,8.3100004196167,8.239999771118164,8.3100004196167,10472,0.0,0.0
2026-04-13 10:01:00-04:00,8.292400360107422,8.3100004196167,8.241000175476074,8.25,26213,0.0,0.0
2026-04-13 10:02:00-04:00,8.25,8.25,8.199999809265137,8.199999809265137,20168,0.0,0.0
2026-04-13 10:03:00-04:00,8.1899995803833,8.199999809265137,8.164999961853027,8.170000076293945,19557,0.0,0.0
2026-04-13 10:04:00-04:00,8.170000076293945,8.178600311279297,8.16100025177002,8.164999961853027,5462,0.0,0.0
2026-04-13 10:05:00-04:00,8.15999984741211,8.170000076293945,8.15999984741211,8.170000076293945,4881,0.0,0.0
2026-04-13 10:06:00-04:00,8.151000022888184,8.15999984741211,8.149999618530273,8.15999984741211,7593,0.0,0.0
2026-04-13 10:07:00-04:00,8.15999984741211,8.15999984741211,8.15999984741211,8.15999984741211,479,0.0,0.0
2026-04-13 10:08:00-04:00,8.170000076293945,8.170000076293945,8.140000343322754,8.145000457763672,14897,0.0,0.0
2026-04-13 10:09:00-04:00,8.140000343322754,8.145000457763672,8.130000114440918,8.130000114440918,6702,0.0,0.0
2026-04-13 10:10:00-04:00,8.135000228881836,8.149999618530273,8.135000228881836,8.149999618530273,4928,0.0,0.0
2026-04-13 10:11:00-04:00,8.154999732971191,8.154999732971191,8.150699615478516,8.150699615478516,1118,0.0,0.0
2026-04-13 10:12:00-04:00,8.15999984741211,8.164999961853027,8.15999984741211,8.164999961853027,2236,0.0,0.0
2026-04-13 10:13:00-04:00,8.164999961853027,8.16510009765625,8.140000343322754,8.140000343322754,3259,0.0,0.0
2026-04-13 10:14:00-04:00,8.140000343322754,8.145000457763672,8.130000114440918,8.145000457763672,8751,0.0,0.0
2026-04-13 10:15:00-04:00,8.140000343322754,8.140000343322754,8.135000228881836,8.135000228881836,1338,0.0,0.0
2026-04-13 10:16:00-04:00,8.140000343322754,8.145000457763672,8.140000343322754,8.140000343322754,4306,0.0,0.0
2026-04-13 10:18:00-04:00,8.135000228881836,8.135000228881836,8.135000228881836,8.135000228881836,368,0.0,0.0
2026-04-13 10:19:00-04:00,8.140000343322754,8.145000457763672,8.140000343322754,8.145000457763672,4617,0.0,0.0
2026-04-13 10:20:00-04:00,8.149999618530273,8.149999618530273,8.149999618530273,8.149999618530273,4090,0.0,0.0
2026-04-13 10:21:00-04:00,8.149999618530273,8.180000305175781,8.149999618530273,8.170000076293945,3621,0.0,0.0
2026-04-13 10:22:00-04:00,8.175000190734863,8.175000190734863,8.145000457763672,8.145000457763672,2452,0.0,0.0
2026-04-13 10:23:00-04:00,8.148599624633789,8.148599624633789,8.125,8.140000343322754,7356,0.0,0.0
2026-04-13 10:24:00-04:00,8.145000457763672,8.170000076293945,8.145000457763672,8.166600227355957,4540,0.0,0.0
2026-04-13 10:25:00-04:00,8.170000076293945,8.175000190734863,8.170000076293945,8.170000076293945,2271,0.0,0.0
2026-04-13 10:26:00-04:00,8.15999984741211,8.15999984741211,8.154999732971191,8.154999732971191,967,0.0,0.0
2026-04-13 10:27:00-04:00,8.154999732971191,8.170000076293945,8.154999732971191,8.170000076293945,7307,0.0,0.0
2026-04-13 10:28:00-04:00,8.180000305175781,8.199999809265137,8.180000305175781,8.1899995803833,14282,0.0,0.0
2026-04-13 10:29:00-04:00,8.1850004196167,8.199999809265137,8.1850004196167,8.199999809265137,3340,0.0,0.0
2026-04-13 10:30:00-04:00,8.194999694824219,8.194999694824219,8.175000190734863,8.175000190734863,7788,0.0,0.0
2026-04-13 10:31:00-04:00,8.175000190734863,8.199999809265137,8.175000190734863,8.199999809265137,6626,0.0,0.0
2026-04-13 10:33:00-04:00,8.1899995803833,8.1899995803833,8.1899995803833,8.1899995803833,1862,0.0,0.0
2026-04-13 10:34:00-04:00,8.194999694824219,8.194999694824219,8.175000190734863,8.180000305175781,2950,0.0,0.0
2026-04-13 10:35:00-04:00,8.180000305175781,8.180000305175781,8.170000076293945,8.175000190734863,3558,0.0,0.0
2026-04-13 10:36:00-04:00,8.15999984741211,8.15999984741211,8.149999618530273,8.149999618530273,12640,0.0,0.0
2026-04-13 10:37:00-04:00,8.154999732971191,8.170000076293945,8.154999732971191,8.170000076293945,4324,0.0,0.0
2026-04-13 10:38:00-04:00,8.175000190734863,8.175000190734863,8.170000076293945,8.170000076293945,2185,0.0,0.0
2026-04-13 10:39:00-04:00,8.170000076293945,8.170000076293945,8.170000076293945,8.170000076293945,2315,0.0,0.0
2026-04-13 10:40:00-04:00,8.170000076293945,8.1899995803833,8.170000076293945,8.180000305175781,5609,0.0,0.0
2026-04-13 10:41:00-04:00,8.178999900817871,8.178999900817871,8.178999900817871,8.178999900817871,1989,0.0,0.0
2026-04-13 10:42:00-04:00,8.175000190734863,8.175000190734863,8.175000190734863,8.175000190734863,860,0.0,0.0
2026-04-13 10:43:00-04:00,8.175000190734863,8.175000190734863,8.170000076293945,8.170000076293945,1817,0.0,0.0
2026-04-13 10:44:00-04:00,8.164999961853027,8.164999961853027,8.164999961853027,8.164999961853027,873,0.0,0.0
2026-04-13 10:45:00-04:00,8.164999961853027,8.169699668884277,8.15999984741211,8.164999961853027,4057,0.0,0.0
2026-04-13 10:46:00-04:00,8.164999961853027,8.164999961853027,8.164999961853027,8.164999961853027,711,0.0,0.0
2026-04-13 10:47:00-04:00,8.15999984741211,8.164999961853027,8.154999732971191,8.154999732971191,4594,0.0,0.0
2026-04-13 10:48:00-04:00,8.149999618530273,8.149999618530273,8.145000457763672,8.145000457763672,4007,0.0,0.0
2026-04-13 10:49:00-04:00,8.145000457763672,8.145099639892578,8.145000457763672,8.145099639892578,1157,0.0,0.0
2026-04-13 10:50:00-04:00,8.140000343322754,8.145000457763672,8.140000343322754,8.145000457763672,1545,0.0,0.0
2026-04-13 10:51:00-04:00,8.140000343322754,8.145299911499023,8.140000343322754,8.140000343322754,9375,0.0,0.0
2026-04-13 10:52:00-04:00,8.135000228881836,8.140000343322754,8.135000228881836,8.140000343322754,5594,0.0,0.0
2026-04-13 10:53:00-04:00,8.130000114440918,8.130000114440918,8.095000267028809,8.095000267028809,15443,0.0,0.0
2026-04-13 10:54:00-04:00,8.0802001953125,8.09000015258789,8.0649995803833,8.085000038146973,16559,0.0,0.0
2026-04-13 10:55:00-04:00,8.079999923706055,8.09000015258789,8.079999923706055,8.09000015258789,3575,0.0,0.0
2026-04-13 10:56:00-04:00,8.100000381469727,8.105999946594238,8.09000015258789,8.105999946594238,5396,0.0,0.0
2026-04-13 10:57:00-04:00,8.104999542236328,8.114999771118164,8.104999542236328,8.114999771118164,3704,0.0,0.0
2026-04-13 10:58:00-04:00,8.109999656677246,8.119999885559082,8.109999656677246,8.119999885559082,3732,0.0,0.0
2026-04-13 10:59:00-04:00,8.119999885559082,8.125,8.119999885559082,8.125,2437,0.0,0.0
2026-04-13 11:00:00-04:00,8.130000114440918,8.149999618530273,8.125,8.125,18201,0.0,0.0
2026-04-13 11:01:00-04:00,8.125,8.140000343322754,8.125,8.135000228881836,8493,0.0,0.0
2026-04-13 11:02:00-04:00,8.130000114440918,8.135000228881836,8.130000114440918,8.135000228881836,5372,0.0,0.0
2026-04-13 11:04:00-04:00,8.119999885559082,8.119999885559082,8.109999656677246,8.114999771118164,14003,0.0,0.0
2026-04-13 11:05:00-04:00,8.119999885559082,8.125,8.119999885559082,8.119999885559082,3790,0.0,0.0
2026-04-13 11:06:00-04:00,8.109999656677246,8.109999656677246,8.104999542236328,8.109999656677246,1120,0.0,0.0
2026-04-13 11:07:00-04:00,8.104999542236328,8.109999656677246,8.104999542236328,8.109999656677246,2746,0.0,0.0
2026-04-13 11:08:00-04:00,8.116999626159668,8.116999626159668,8.114999771118164,8.114999771118164,3989,0.0,0.0
2026-04-13 11:09:00-04:00,8.119999885559082,8.119999885559082,8.119799613952637,8.119999885559082,2822,0.0,0.0
2026-04-13 11:10:00-04:00,8.114999771118164,8.114999771118164,8.109999656677246,8.109999656677246,1445,0.0,0.0
2026-04-13 11:11:00-04:00,8.104999542236328,8.109999656677246,8.104999542236328,8.109999656677246,6063,0.0,0.0
2026-04-13 11:12:00-04:00,8.114999771118164,8.120100021362305,8.114999771118164,8.119999885559082,2369,0.0,0.0
2026-04-13 11:13:00-04:00,8.114999771118164,8.126999855041504,8.114999771118164,8.126999855041504,3592,0.0,0.0
2026-04-13 11:14:00-04:00,8.130000114440918,8.135000228881836,8.130000114440918,8.135000228881836,2616,0.0,0.0
2026-04-13 11:15:00-04:00,8.135000228881836,8.135000228881836,8.128999710083008,8.129899978637695,6153,0.0,0.0
2026-04-13 11:17:00-04:00,8.125,8.140000343322754,8.125,8.135000228881836,16904,0.0,0.0
2026-04-13 11:18:00-04:00,8.135000228881836,8.135000228881836,8.130000114440918,8.130000114440918,1164,0.0,0.0
2026-04-13 11:19:00-04:00,8.130000114440918,8.130000114440918,8.125,8.130000114440918,2844,0.0,0.0
2026-04-13 11:20:00-04:00,8.140000343322754,8.140000343322754,8.140000343322754,8.140000343322754,1018,0.0,0.0
2026-04-13 11:21:00-04:00,8.130000114440918,8.130000114440918,8.119999885559082,8.125,1246,0.0,0.0
2026-04-13 11:22:00-04:00,8.119999885559082,8.130000114440918,8.119999885559082,8.130000114440918,3622,0.0,0.0
2026-04-13 11:23:00-04:00,8.130000114440918,8.130000114440918,8.130000114440918,8.130000114440918,1601,0.0,0.0
2026-04-13 11:24:00-04:00,8.130000114440918,8.130000114440918,8.130000114440918,8.130000114440918,2782,0.0,0.0
2026-04-13 11:25:00-04:00,8.119999885559082,8.130000114440918,8.119999885559082,8.125,2867,0.0,0.0
2026-04-13 11:26:00-04:00,8.125,8.125,8.11989974975586,8.11989974975586,1306,0.0,0.0
2026-04-13 11:27:00-04:00,8.114999771118164,8.116000175476074,8.114999771118164,8.116000175476074,3184,0.0,0.0
2026-04-13 11:28:00-04:00,8.119999885559082,8.119999885559082,8.118000030517578,8.118000030517578,1550,0.0,0.0
2026-04-13 11:29:00-04:00,8.109999656677246,8.109999656677246,8.085000038146973,8.095000267028809,31007,0.0,0.0
2026-04-13 11:30:00-04:00,8.095000267028809,8.095000267028809,8.085000038146973,8.085000038146973,1883,0.0,0.0
2026-04-13 11:31:00-04:00,8.079999923706055,8.080300331115723,8.069999694824219,8.074999809265137,4234,0.0,0.0
2026-04-13 11:32:00-04:00,8.074999809265137,8.095000267028809,8.074999809265137,8.095000267028809,10351,0.0,0.0
2026-04-13 11:34:00-04:00,8.095000267028809,8.095000267028809,8.095000267028809,8.095000267028809,728,0.0,0.0
2026-04-13 11:35:00-04:00,8.09000015258789,8.09000015258789,8.085000038146973,8.085000038146973,566,0.0,0.0
2026-04-13 11:36:00-04:00,8.079999923706055,8.079999923706055,8.074999809265137,8.074999809265137,3024,0.0,0.0
2026-04-13 11:37:00-04:00,8.079999923706055,8.079999923706055,8.069999694824219,8.074999809265137,4026,0.0,0.0
2026-04-13 11:38:00-04:00,8.074999809265137,8.079999923706055,8.074999809265137,8.079999923706055,5939,0.0,0.0
2026-04-13 11:39:00-04:00,8.079999923706055,8.079999923706055,8.079999923706055,8.079999923706055,3923,0.0,0.0
2026-04-13 11:40:00-04:00,8.074999809265137,8.079999923706055,8.074999809265137,8.079999923706055,2904,0.0,0.0
2026-04-13 11:41:00-04:00,8.079999923706055,8.085000038146973,8.074999809265137,8.079999923706055,3874,0.0,0.0
2026-04-13 11:42:00-04:00,8.079999923706055,8.079999923706055,8.069999694824219,8.069999694824219,4381,0.0,0.0
2026-04-13 11:43:00-04:00,8.069899559020996,8.069899559020996,8.069899559020996,8.069899559020996,1129,0.0,0.0
2026-04-13 11:44:00-04:00,8.0649995803833,8.0649995803833,8.0649995803833,8.0649995803833,645,0.0,0.0
2026-04-13 11:45:00-04:00,8.0649995803833,8.067999839782715,8.0600004196167,8.067999839782715,3050,0.0,0.0
2026-04-13 11:46:00-04:00,8.0649995803833,8.0649995803833,8.0649995803833,8.0649995803833,1748,0.0,0.0
2026-04-13 11:47:00-04:00,8.069999694824219,8.069999694824219,8.069999694824219,8.069999694824219,5527,0.0,0.0
2026-04-13 11:48:00-04:00,8.079899787902832,8.079899787902832,8.079899787902832,8.079899787902832,285,0.0,0.0
2026-04-13 11:49:00-04:00,8.069999694824219,8.069999694824219,8.0600004196167,8.0600004196167,3052,0.0,0.0
2026-04-13 11:50:00-04:00,8.0649995803833,8.0649995803833,8.0649995803833,8.0649995803833,1541,0.0,0.0
2026-04-13 11:51:00-04:00,8.0600004196167,8.0600004196167,8.050000190734863,8.055000305175781,17961,0.0,0.0
2026-04-13 11:52:00-04:00,8.055000305175781,8.055000305175781,8.055000305175781,8.055000305175781,4636,0.0,0.0
2026-04-13 11:53:00-04:00,8.055000305175781,8.059900283813477,8.050000190734863,8.059900283813477,3248,0.0,0.0
2026-04-13 11:54:00-04:00,8.050000190734863,8.05840015411377,8.050000190734863,8.05840015411377,3621,0.0,0.0
2026-04-13 11:55:00-04:00,8.055000305175781,8.055000305175781,8.055000305175781,8.055000305175781,759,0.0,0.0
2026-04-13 11:56:00-04:00,8.055000305175781,8.055000305175781,8.055000305175781,8.055000305175781,1500,0.0,0.0
2026-04-13 11:57:00-04:00,8.050000190734863,8.058500289916992,8.050000190734863,8.058500289916992,3153,0.0,0.0
2026-04-13 11:58:00-04:00,8.050000190734863,8.050000190734863,8.039999961853027,8.039999961853027,8867,0.0,0.0
2026-04-13 11:59:00-04:00,8.039999961853027,8.045000076293945,8.039999961853027,8.045000076293945,1952,0.0,0.0
2026-04-13 12:00:00-04:00,8.045000076293945,8.04990005493164,8.045000076293945,8.045000076293945,4299,0.0,0.0
2026-04-13 12:01:00-04:00,8.039999961853027,8.039999961853027,8.039999961853027,8.039999961853027,1787,0.0,0.0
2026-04-13 12:02:00-04:00,8.039999961853027,8.039999961853027,8.015000343322754,8.020000457763672,5229,0.0,0.0
2026-04-13 12:03:00-04:00,8.024999618530273,8.024999618530273,8.024999618530273,8.024999618530273,3410,0.0,0.0
2026-04-13 12:04:00-04:00,8.024999618530273,8.024999618530273,8.024999618530273,8.024999618530273,3313,0.0,0.0
2026-04-13 12:05:00-04:00,8.020000457763672,8.020000457763672,8.015000343322754,8.015000343322754,2208,0.0,0.0
2026-04-13 12:06:00-04:00,8.020000457763672,8.069999694824219,8.020000457763672,8.069999694824219,16573,0.0,0.0
2026-04-13 12:07:00-04:00,8.069999694824219,8.069999694824219,8.029999732971191,8.029999732971191,9638,0.0,0.0
2026-04-13 12:08:00-04:00,8.039999961853027,8.039999961853027,8.039899826049805,8.039899826049805,3806,0.0,0.0
2026-04-13 12:09:00-04:00,8.050000190734863,8.050000190734863,8.039999961853027,8.039999961853027,3547,0.0,0.0
2026-04-13 12:10:00-04:00,8.045000076293945,8.045000076293945,8.045000076293945,8.045000076293945,308,0.0,0.0
2026-04-13 12:11:00-04:00,8.045000076293945,8.045000076293945,8.045000076293945,8.045000076293945,738,0.0,0.0
2026-04-13 12:12:00-04:00,8.045000076293945,8.055000305175781,8.045000076293945,8.055000305175781,4847,0.0,0.0
2026-04-13 12:13:00-04:00,8.055000305175781,8.055000305175781,8.055000305175781,8.055000305175781,1217,0.0,0.0
2026-04-13 12:14:00-04:00,8.055000305175781,8.055000305175781,8.055000305175781,8.055000305175781,494,0.0,0.0
2026-04-13 12:15:00-04:00,8.050000190734863,8.050000190734863,8.045000076293945,8.045000076293945,2886,0.0,0.0
2026-04-13 12:16:00-04:00,8.050000190734863,8.0600004196167,8.050000190734863,8.0600004196167,5298,0.0,0.0
2026-04-13 12:17:00-04:00,8.0649995803833,8.069999694824219,8.0649995803833,8.0649995803833,933,0.0,0.0
2026-04-13 12:18:00-04:00,8.0649995803833,8.0649995803833,8.0600004196167,8.0649995803833,2557,0.0,0.0
2026-04-13 12:19:00-04:00,8.069999694824219,8.079899787902832,8.069999694824219,8.079899787902832,2543,0.0,0.0
2026-04-13 12:20:00-04:00,8.09000015258789,8.095000267028809,8.079999923706055,8.079999923706055,4935,0.0,0.0
2026-04-13 12:21:00-04:00,8.079999923706055,8.095000267028809,8.074999809265137,8.095000267028809,3258,0.0,0.0
2026-04-13 12:22:00-04:00,8.09000015258789,8.09000015258789,8.09000015258789,8.09000015258789,948,0.0,0.0
2026-04-13 12:23:00-04:00,8.09000015258789,8.114999771118164,8.09000015258789,8.114999771118164,17625,0.0,0.0
2026-04-13 12:24:00-04:00,8.114999771118164,8.114999771118164,8.114999771118164,8.114999771118164,1707,0.0,0.0
2026-04-13 12:25:00-04:00,8.114999771118164,8.11970043182373,8.109999656677246,8.114999771118164,2733,0.0,0.0
2026-04-13 12:26:00-04:00,8.109999656677246,8.114999771118164,8.109999656677246,8.109999656677246,3348,0.0,0.0
2026-04-13 12:27:00-04:00,8.109999656677246,8.109999656677246,8.109999656677246,8.109999656677246,580,0.0,0.0
2026-04-13 12:28:00-04:00,8.104999542236328,8.109999656677246,8.104999542236328,8.109999656677246,6594,0.0,0.0
2026-04-13 12:29:00-04:00,8.114999771118164,8.125,8.114999771118164,8.125,1562,0.0,0.0
2026-04-13 12:30:00-04:00,8.119999885559082,8.119999885559082,8.114999771118164,8.119999885559082,5492,0.0,0.0
2026-04-13 12:31:00-04:00,8.119999885559082,8.130000114440918,8.119999885559082,8.130000114440918,3733,0.0,0.0
2026-04-13 12:32:00-04:00,8.125,8.135000228881836,8.125,8.135000228881836,5144,0.0,0.0
2026-04-13 12:33:00-04:00,8.130000114440918,8.130000114440918,8.120800018310547,8.120800018310547,2972,0.0,0.0
2026-04-13 12:34:00-04:00,8.130000114440918,8.130000114440918,8.119999885559082,8.125,1230,0.0,0.0
2026-04-13 12:35:00-04:00,8.125,8.140000343322754,8.125,8.130000114440918,3630,0.0,0.0
2026-04-13 12:36:00-04:00,8.135000228881836,8.154999732971191,8.135000228881836,8.140000343322754,18776,0.0,0.0
2026-04-13 12:37:00-04:00,8.145000457763672,8.149999618530273,8.135000228881836,8.140000343322754,17619,0.0,0.0
2026-04-13 12:38:00-04:00,8.135000228881836,8.149999618530273,8.135000228881836,8.140000343322754,17257,0.0,0.0
2026-04-13 12:39:00-04:00,8.149999618530273,8.149999618530273,8.140000343322754,8.140000343322754,3814,0.0,0.0
2026-04-13 12:40:00-04:00,8.140000343322754,8.145000457763672,8.130000114440918,8.145000457763672,5655,0.0,0.0
2026-04-13 12:41:00-04:00,8.140000343322754,8.145000457763672,8.130000114440918,8.130000114440918,3753,0.0,0.0
2026-04-13 12:42:00-04:00,8.120100021362305,8.125,8.104999542236328,8.119400024414062,4739,0.0,0.0
2026-04-13 12:43:00-04:00,8.114999771118164,8.119999885559082,8.114999771118164,8.119999885559082,841,0.0,0.0
2026-04-13 12:44:00-04:00,8.119999885559082,8.130200386047363,8.119999885559082,8.130000114440918,3795,0.0,0.0
2026-04-13 12:45:00-04:00,8.130000114440918,8.130000114440918,8.130000114440918,8.130000114440918,466,0.0,0.0
2026-04-13 12:46:00-04:00,8.130000114440918,8.130000114440918,8.130000114440918,8.130000114440918,1722,0.0,0.0
2026-04-13 12:47:00-04:00,8.130000114440918,8.15999984741211,8.130000114440918,8.149999618530273,10247,0.0,0.0
2026-04-13 12:48:00-04:00,8.15999984741211,8.15999984741211,8.145000457763672,8.145000457763672,40984,0.0,0.0
2026-04-13 12:49:00-04:00,8.14009952545166,8.14009952545166,8.135000228881836,8.135000228881836,3237,0.0,0.0
2026-04-13 12:50:00-04:00,8.140000343322754,8.15999984741211,8.140000343322754,8.15999984741211,5389,0.0,0.0
2026-04-13 12:51:00-04:00,8.15999984741211,8.15999984741211,8.149999618530273,8.149999618530273,5146,0.0,0.0
2026-04-13 12:52:00-04:00,8.135000228881836,8.140000343322754,8.130000114440918,8.130000114440918,859,0.0,0.0
2026-04-13 12:53:00-04:00,8.119999885559082,8.119999885559082,8.109999656677246,8.114999771118164,5542,0.0,0.0
2026-04-13 12:54:00-04:00,8.109999656677246,8.109999656677246,8.109999656677246,8.109999656677246,1222,0.0,0.0
2026-04-13 12:55:00-04:00,8.100000381469727,8.100000381469727,8.095000267028809,8.095000267028809,3222,0.0,0.0
2026-04-13 12:56:00-04:00,8.100000381469727,8.104999542236328,8.100000381469727,8.100000381469727,1782,0.0,0.0
2026-04-13 12:57:00-04:00,8.104999542236328,8.104999542236328,8.100099563598633,8.100099563598633,2079,0.0,0.0
2026-04-13 12:58:00-04:00,8.104999542236328,8.104999542236328,8.104999542236328,8.104999542236328,1117,0.0,0.0
2026-04-13 12:59:00-04:00,8.109999656677246,8.119999885559082,8.104999542236328,8.114999771118164,6217,0.0,0.0
2026-04-13 13:00:00-04:00,8.114999771118164,8.11989974975586,8.114999771118164,8.117899894714355,2119,0.0,0.0
2026-04-13 13:01:00-04:00,8.114999771118164,8.114999771118164,8.109999656677246,8.114999771118164,2140,0.0,0.0
2026-04-13 13:02:00-04:00,8.114800453186035,8.114999771118164,8.110099792480469,8.114999771118164,1898,0.0,0.0
2026-04-13 13:03:00-04:00,8.119999885559082,8.135000228881836,8.119999885559082,8.125,5383,0.0,0.0
2026-04-13 13:04:00-04:00,8.125,8.125,8.125,8.125,861,0.0,0.0
2026-04-13 13:05:00-04:00,8.119999885559082,8.119999885559082,8.114999771118164,8.119999885559082,3804,0.0,0.0
2026-04-13 13:06:00-04:00,8.114999771118164,8.114999771118164,8.109999656677246,8.109999656677246,1565,0.0,0.0
2026-04-13 13:07:00-04:00,8.111100196838379,8.116000175476074,8.111100196838379,8.114999771118164,2128,0.0,0.0
2026-04-13 13:08:00-04:00,8.114999771118164,8.114999771118164,8.109999656677246,8.109999656677246,856,0.0,0.0
2026-04-13 13:09:00-04:00,8.109999656677246,8.109999656677246,8.100000381469727,8.109999656677246,8869,0.0,0.0
2026-04-13 13:10:00-04:00,8.109999656677246,8.114999771118164,8.109999656677246,8.114999771118164,2523,0.0,0.0
2026-04-13 13:12:00-04:00,8.114999771118164,8.114999771118164,8.114999771118164,8.114999771118164,490,0.0,0.0
2026-04-13 13:13:00-04:00,8.110199928283691,8.114999771118164,8.104999542236328,8.104999542236328,7768,0.0,0.0
2026-04-13 13:14:00-04:00,8.100000381469727,8.100000381469727,8.095000267028809,8.095000267028809,3945,0.0,0.0
2026-04-13 13:15:00-04:00,8.09000015258789,8.09000015258789,8.09000015258789,8.09000015258789,1430,0.0,0.0
2026-04-13 13:16:00-04:00,8.09000015258789,8.100000381469727,8.09000015258789,8.095000267028809,7287,0.0,0.0
2026-04-13 13:17:00-04:00,8.109999656677246,8.114999771118164,8.109999656677246,8.114999771118164,3861,0.0,0.0
2026-04-13 13:18:00-04:00,8.119999885559082,8.130000114440918,8.119999885559082,8.125,17359,0.0,0.0
2026-04-13 13:19:00-04:00,8.130000114440918,8.135000228881836,8.125,8.125,8442,0.0,0.0
2026-04-13 13:20:00-04:00,8.125,8.130000114440918,8.114999771118164,8.114999771118164,5011,0.0,0.0
2026-04-13 13:21:00-04:00,8.114999771118164,8.114999771118164,8.100099563598633,8.114999771118164,13763,0.0,0.0
2026-04-13 13:22:00-04:00,8.114999771118164,8.114999771118164,8.109999656677246,8.114999771118164,1355,0.0,0.0
2026-04-13 13:23:00-04:00,8.114999771118164,8.114999771118164,8.114999771118164,8.114999771118164,773,0.0,0.0
2026-04-13 13:24:00-04:00,8.109999656677246,8.109999656677246,8.100000381469727,8.104999542236328,2100,0.0,0.0
2026-04-13 13:25:00-04:00,8.104999542236328,8.109999656677246,8.104999542236328,8.109999656677246,2225,0.0,0.0
2026-04-13 13:26:00-04:00,8.104999542236328,8.10789966583252,8.104999542236328,8.10789966583252,851,0.0,0.0
2026-04-13 13:27:00-04:00,8.104999542236328,8.114999771118164,8.104999542236328,8.114999771118164,7368,0.0,0.0
2026-04-13 13:28:00-04:00,8.114999771118164,8.114999771118164,8.100000381469727,8.104999542236328,2741,0.0,0.0
2026-04-13 13:29:00-04:00,8.104999542236328,8.104999542236328,8.104999542236328,8.104999542236328,468,0.0,0.0
2026-04-13 13:30:00-04:00,8.100099563598633,8.109999656677246,8.100099563598633,8.109999656677246,6416,0.0,0.0
2026-04-13 13:31:00-04:00,8.100000381469727,8.100000381469727,8.09000015258789,8.09000015258789,4050,0.0,0.0
2026-04-13 13:32:00-04:00,8.09000015258789,8.095000267028809,8.085000038146973,8.095000267028809,7694,0.0,0.0
2026-04-13 13:33:00-04:00,8.095000267028809,8.096400260925293,8.095000267028809,8.096400260925293,1072,0.0,0.0
2026-04-13 13:34:00-04:00,8.09000015258789,8.095000267028809,8.09000015258789,8.095000267028809,958,0.0,0.0
2026-04-13 13:35:00-04:00,8.095000267028809,8.095000267028809,8.085000038146973,8.085000038146973,3004,0.0,0.0
2026-04-13 13:36:00-04:00,8.085000038146973,8.100000381469727,8.085000038146973,8.095000267028809,4169,0.0,0.0
2026-04-13 13:37:00-04:00,8.095000267028809,8.109999656677246,8.095000267028809,8.106599807739258,6903,0.0,0.0
2026-04-13 13:38:00-04:00,8.119999885559082,8.119999885559082,8.114999771118164,8.11970043182373,3707,0.0,0.0
2026-04-13 13:39:00-04:00,8.114999771118164,8.114999771118164,8.104999542236328,8.104999542236328,5969,0.0,0.0
2026-04-13 13:40:00-04:00,8.109999656677246,8.125,8.109999656677246,8.125,4167,0.0,0.0
2026-04-13 13:41:00-04:00,8.129300117492676,8.139900207519531,8.129300117492676,8.139900207519531,4169,0.0,0.0
2026-04-13 13:42:00-04:00,8.140000343322754,8.140000343322754,8.135000228881836,8.140000343322754,3023,0.0,0.0
2026-04-13 13:43:00-04:00,8.135000228881836,8.135000228881836,8.125,8.125,5445,0.0,0.0
2026-04-13 13:44:00-04:00,8.125,8.125,8.109999656677246,8.109999656677246,2800,0.0,0.0
2026-04-13 13:45:00-04:00,8.109999656677246,8.109999656677246,8.100000381469727,8.104999542236328,1573,0.0,0.0
2026-04-13 13:46:00-04:00,8.100000381469727,8.107799530029297,8.100000381469727,8.107799530029297,1460,0.0,0.0
2026-04-13 13:47:00-04:00,8.109999656677246,8.114999771118164,8.109999656677246,8.114999771118164,4972,0.0,0.0
2026-04-13 13:48:00-04:00,8.114999771118164,8.114999771118164,8.114999771118164,8.114999771118164,447,0.0,0.0
2026-04-13 13:49:00-04:00,8.114999771118164,8.114999771118164,8.109999656677246,8.109999656677246,5161,0.0,0.0
2026-04-13 13:50:00-04:00,8.104999542236328,8.104999542236328,8.100000381469727,8.100000381469727,4505,0.0,0.0
2026-04-13 13:51:00-04:00,8.100000381469727,8.100000381469727,8.100000381469727,8.100000381469727,5546,0.0,0.0
2026-04-13 13:53:00-04:00,8.100000381469727,8.104999542236328,8.100000381469727,8.100000381469727,2066,0.0,0.0
2026-04-13 13:54:00-04:00,8.100000381469727,8.100000381469727,8.09000015258789,8.100000381469727,6242,0.0,0.0
2026-04-13 13:56:00-04:00,8.100000381469727,8.100000381469727,8.095000267028809,8.100000381469727,2889,0.0,0.0
2026-04-13 13:57:00-04:00,8.100000381469727,8.104999542236328,8.100000381469727,8.104999542236328,3918,0.0,0.0
2026-04-13 13:58:00-04:00,8.104999542236328,8.104999542236328,8.100000381469727,8.100000381469727,3150,0.0,0.0
2026-04-13 13:59:00-04:00,8.104999542236328,8.107500076293945,8.100000381469727,8.100000381469727,7081,0.0,0.0
2026-04-13 14:00:00-04:00,8.104999542236328,8.10990047454834,8.104999542236328,8.10990047454834,1232,0.0,0.0
2026-04-13 14:01:00-04:00,8.109999656677246,8.114999771118164,8.109999656677246,8.109999656677246,5758,0.0,0.0
2026-04-13 14:02:00-04:00,8.113900184631348,8.125,8.113900184631348,8.125,3056,0.0,0.0
2026-04-13 14:03:00-04:00,8.125,8.135000228881836,8.120200157165527,8.135000228881836,4926,0.0,0.0
2026-04-13 14:04:00-04:00,8.138999938964844,8.149999618530273,8.138999938964844,8.149900436401367,10010,0.0,0.0
2026-04-13 14:05:00-04:00,8.157500267028809,8.170000076293945,8.157500267028809,8.164999961853027,16718,0.0,0.0
2026-04-13 14:06:00-04:00,8.161700248718262,8.161700248718262,8.149999618530273,8.154999732971191,7992,0.0,0.0
2026-04-13 14:07:00-04:00,8.15719985961914,8.180000305175781,8.15719985961914,8.170000076293945,12216,0.0,0.0
2026-04-13 14:08:00-04:00,8.164999961853027,8.164999961853027,8.15999984741211,8.15999984741211,2970,0.0,0.0
2026-04-13 14:09:00-04:00,8.154999732971191,8.154999732971191,8.140000343322754,8.140000343322754,2953,0.0,0.0
2026-04-13 14:10:00-04:00,8.145000457763672,8.149999618530273,8.145000457763672,8.145000457763672,5536,0.0,0.0
2026-04-13 14:11:00-04:00,8.149999618530273,8.149999618530273,8.149999618530273,8.149999618530273,1994,0.0,0.0
2026-04-13 14:12:00-04:00,8.145000457763672,8.145000457763672,8.140000343322754,8.140000343322754,476,0.0,0.0
2026-04-13 14:13:00-04:00,8.140000343322754,8.140000343322754,8.140000343322754,8.140000343322754,3304,0.0,0.0
2026-04-13 14:15:00-04:00,8.145000457763672,8.145000457763672,8.145000457763672,8.145000457763672,1527,0.0,0.0
2026-04-13 14:16:00-04:00,8.145000457763672,8.145000457763672,8.145000457763672,8.145000457763672,651,0.0,0.0
2026-04-13 14:17:00-04:00,8.14900016784668,8.149999618530273,8.14900016784668,8.149999618530273,6600,0.0,0.0
2026-04-13 14:18:00-04:00,8.149999618530273,8.149999618530273,8.130000114440918,8.130000114440918,12759,0.0,0.0
2026-04-13 14:20:00-04:00,8.130000114440918,8.130000114440918,8.125,8.125,13866,0.0,0.0
2026-04-13 14:21:00-04:00,8.125,8.130000114440918,8.125,8.130000114440918,1000,0.0,0.0
2026-04-13 14:22:00-04:00,8.125,8.13659954071045,8.125,8.13659954071045,6185,0.0,0.0
2026-04-13 14:23:00-04:00,8.130000114440918,8.135000228881836,8.130000114440918,8.135000228881836,2271,0.0,0.0
2026-04-13 14:24:00-04:00,8.135000228881836,8.135000228881836,8.135000228881836,8.135000228881836,1103,0.0,0.0
2026-04-13 14:25:00-04:00,8.135000228881836,8.135000228881836,8.135000228881836,8.135000228881836,1202,0.0,0.0
2026-04-13 14:27:00-04:00,8.130000114440918,8.135000228881836,8.125,8.135000228881836,7136,0.0,0.0
2026-04-13 14:28:00-04:00,8.130000114440918,8.130000114440918,8.130000114440918,8.130000114440918,608,0.0,0.0
2026-04-13 14:29:00-04:00,8.135000228881836,8.135000228881836,8.125,8.130000114440918,4697,0.0,0.0
2026-04-13 14:30:00-04:00,8.140000343322754,8.140000343322754,8.140000343322754,8.140000343322754,4550,0.0,0.0
2026-04-13 14:31:00-04:00,8.145000457763672,8.145000457763672,8.145000457763672,8.145000457763672,651,0.0,0.0
2026-04-13 14:32:00-04:00,8.149999618530273,8.15999984741211,8.149999618530273,8.150300025939941,4884,0.0,0.0
2026-04-13 14:33:00-04:00,8.149999618530273,8.149999618530273,8.145000457763672,8.145000457763672,2774,0.0,0.0
2026-04-13 14:34:00-04:00,8.142900466918945,8.142900466918945,8.142900466918945,8.142900466918945,1672,0.0,0.0
2026-04-13 14:35:00-04:00,8.140000343322754,8.140000343322754,8.140000343322754,8.140000343322754,1725,0.0,0.0
2026-04-13 14:36:00-04:00,8.145000457763672,8.145000457763672,8.119999885559082,8.135000228881836,14966,0.0,0.0
2026-04-13 14:37:00-04:00,8.140000343322754,8.149999618530273,8.119999885559082,8.135000228881836,22330,0.0,0.0
2026-04-13 14:38:00-04:00,8.135000228881836,8.140000343322754,8.135000228881836,8.140000343322754,3577,0.0,0.0
2026-04-13 14:40:00-04:00,8.140199661254883,8.140199661254883,8.135000228881836,8.135000228881836,10838,0.0,0.0
2026-04-13 14:41:00-04:00,8.140000343322754,8.140000343322754,8.140000343322754,8.140000343322754,718,0.0,0.0
2026-04-13 14:42:00-04:00,8.140000343322754,8.140000343322754,8.130000114440918,8.135000228881836,12881,0.0,0.0
2026-04-13 14:43:00-04:00,8.140000343322754,8.140000343322754,8.140000343322754,8.140000343322754,942,0.0,0.0
2026-04-13 14:44:00-04:00,8.140000343322754,8.145000457763672,8.140000343322754,8.145000457763672,7294,0.0,0.0
2026-04-13 14:45:00-04:00,8.149999618530273,8.15999984741211,8.145000457763672,8.154999732971191,20361,0.0,0.0
2026-04-13 14:46:00-04:00,8.154999732971191,8.15999984741211,8.154999732971191,8.154999732971191,2757,0.0,0.0
2026-04-13 14:47:00-04:00,8.149999618530273,8.154999732971191,8.149999618530273,8.150300025939941,4666,0.0,0.0
2026-04-13 14:48:00-04:00,8.15999984741211,8.170000076293945,8.15999984741211,8.164999961853027,11244,0.0,0.0
2026-04-13 14:50:00-04:00,8.15999984741211,8.15999984741211,8.15999984741211,8.15999984741211,741,0.0,0.0
2026-04-13 14:51:00-04:00,8.164999961853027,8.164999961853027,8.164999961853027,8.164999961853027,2748,0.0,0.0
2026-04-13 14:52:00-04:00,8.164999961853027,8.170000076293945,8.15999984741211,8.15999984741211,5807,0.0,0.0
2026-04-13 14:53:00-04:00,8.164999961853027,8.164999961853027,8.154999732971191,8.15999984741211,17874,0.0,0.0
2026-04-13 14:54:00-04:00,8.154999732971191,8.15999984741211,8.154999732971191,8.154999732971191,5716,0.0,0.0
2026-04-13 14:55:00-04:00,8.149999618530273,8.154999732971191,8.149999618530273,8.154999732971191,4349,0.0,0.0
2026-04-13 14:56:00-04:00,8.154999732971191,8.154999732971191,8.154999732971191,8.154999732971191,642,0.0,0.0
2026-04-13 14:57:00-04:00,8.154999732971191,8.154999732971191,8.154999732971191,8.154999732971191,1401,0.0,0.0
2026-04-13 14:58:00-04:00,8.154999732971191,8.154999732971191,8.140000343322754,8.145000457763672,23066,0.0,0.0
2026-04-13 14:59:00-04:00,8.145000457763672,8.149999618530273,8.145000457763672,8.145000457763672,2864,0.0,0.0
2026-04-13 15:00:00-04:00,8.149299621582031,8.149999618530273,8.145000457763672,8.149999618530273,8549,0.0,0.0
2026-04-13 15:01:00-04:00,8.154999732971191,8.154999732971191,8.154999732971191,8.154999732971191,891,0.0,0.0
2026-04-13 15:02:00-04:00,8.149999618530273,8.149999618530273,8.149999618530273,8.149999618530273,3640,0.0,0.0
2026-04-13 15:03:00-04:00,8.149999618530273,8.164999961853027,8.149999618530273,8.164999961853027,5914,0.0,0.0
2026-04-13 15:04:00-04:00,8.164999961853027,8.164999961853027,8.154999732971191,8.154999732971191,3843,0.0,0.0
2026-04-13 15:05:00-04:00,8.154999732971191,8.154999732971191,8.154999732971191,8.154999732971191,693,0.0,0.0
2026-04-13 15:06:00-04:00,8.154999732971191,8.164999961853027,8.154999732971191,8.164999961853027,10047,0.0,0.0
2026-04-13 15:07:00-04:00,8.170000076293945,8.170000076293945,8.164999961853027,8.164999961853027,325,0.0,0.0
2026-04-13 15:08:00-04:00,8.164999961853027,8.170000076293945,8.164999961853027,8.170000076293945,4311,0.0,0.0
2026-04-13 15:09:00-04:00,8.164999961853027,8.1850004196167,8.164999961853027,8.1850004196167,13544,0.0,0.0
2026-04-13 15:10:00-04:00,8.180000305175781,8.180000305175781,8.160099983215332,8.170000076293945,6499,0.0,0.0
2026-04-13 15:11:00-04:00,8.15999984741211,8.15999984741211,8.15999984741211,8.15999984741211,1409,0.0,0.0
2026-04-13 15:12:00-04:00,8.164999961853027,8.170000076293945,8.164999961853027,8.170000076293945,944,0.0,0.0
2026-04-13 15:13:00-04:00,8.170000076293945,8.175000190734863,8.170000076293945,8.175000190734863,5022,0.0,0.0
2026-04-13 15:14:00-04:00,8.175000190734863,8.180000305175781,8.175000190734863,8.180000305175781,2432,0.0,0.0
2026-04-13 15:15:00-04:00,8.180000305175781,8.180000305175781,8.175000190734863,8.180000305175781,4498,0.0,0.0
2026-04-13 15:16:00-04:00,8.180000305175781,8.1899995803833,8.180000305175781,8.1850004196167,6381,0.0,0.0
2026-04-13 15:17:00-04:00,8.1850004196167,8.1850004196167,8.1850004196167,8.1850004196167,11017,0.0,0.0
2026-04-13 15:18:00-04:00,8.1850004196167,8.1850004196167,8.1850004196167,8.1850004196167,1572,0.0,0.0
2026-04-13 15:19:00-04:00,8.1850004196167,8.199999809265137,8.1850004196167,8.1899995803833,12371,0.0,0.0
2026-04-13 15:20:00-04:00,8.1899995803833,8.204999923706055,8.1899995803833,8.204999923706055,9171,0.0,0.0
2026-04-13 15:21:00-04:00,8.204999923706055,8.204999923706055,8.199999809265137,8.204999923706055,3334,0.0,0.0
2026-04-13 15:22:00-04:00,8.204999923706055,8.204999923706055,8.20199966430664,8.204999923706055,1662,0.0,0.0
2026-04-13 15:23:00-04:00,8.204999923706055,8.210000038146973,8.204999923706055,8.204999923706055,2130,0.0,0.0
2026-04-13 15:24:00-04:00,8.210000038146973,8.210000038146973,8.194999694824219,8.194999694824219,12179,0.0,0.0
2026-04-13 15:25:00-04:00,8.194999694824219,8.194999694824219,8.194999694824219,8.194999694824219,3399,0.0,0.0
2026-04-13 15:26:00-04:00,8.194999694824219,8.194999694824219,8.194999694824219,8.194999694824219,1656,0.0,0.0
2026-04-13 15:27:00-04:00,8.194999694824219,8.199999809265137,8.1899995803833,8.199999809265137,7799,0.0,0.0
2026-04-13 15:28:00-04:00,8.194999694824219,8.210000038146973,8.194999694824219,8.204999923706055,15864,0.0,0.0
2026-04-13 15:29:00-04:00,8.204999923706055,8.204999923706055,8.194999694824219,8.194999694824219,6069,0.0,0.0
2026-04-13 15:30:00-04:00,8.199999809265137,8.199999809265137,8.190099716186523,8.199999809265137,6751,0.0,0.0
2026-04-13 15:31:00-04:00,8.204999923706055,8.204999923706055,8.204999923706055,8.204999923706055,2597,0.0,0.0
2026-04-13 15:32:00-04:00,8.204999923706055,8.204999923706055,8.194999694824219,8.194999694824219,6686,0.0,0.0
2026-04-13 15:33:00-04:00,8.194999694824219,8.194999694824219,8.190799713134766,8.190799713134766,1064,0.0,0.0
2026-04-13 15:34:00-04:00,8.194999694824219,8.194999694824219,8.180000305175781,8.180000305175781,8868,0.0,0.0
2026-04-13 15:35:00-04:00,8.1850004196167,8.1850004196167,8.175000190734863,8.1850004196167,12078,0.0,0.0
2026-04-13 15:36:00-04:00,8.1850004196167,8.1850004196167,8.170000076293945,8.175000190734863,4579,0.0,0.0
2026-04-13 15:37:00-04:00,8.170000076293945,8.175000190734863,8.170000076293945,8.175000190734863,1839,0.0,0.0
2026-04-13 15:38:00-04:00,8.170000076293945,8.170000076293945,8.164999961853027,8.164999961853027,6306,0.0,0.0
2026-04-13 15:39:00-04:00,8.164999961853027,8.164999961853027,8.15999984741211,8.164999961853027,2678,0.0,0.0
2026-04-13 15:40:00-04:00,8.15999984741211,8.164999961853027,8.149999618530273,8.149999618530273,16756,0.0,0.0
2026-04-13 15:41:00-04:00,8.154999732971191,8.15999984741211,8.149999618530273,8.15999984741211,4950,0.0,0.0
2026-04-13 15:42:00-04:00,8.15999984741211,8.15999984741211,8.140000343322754,8.145000457763672,7053,0.0,0.0
2026-04-13 15:43:00-04:00,8.145000457763672,8.145000457763672,8.140000343322754,8.145000457763672,7938,0.0,0.0
2026-04-13 15:44:00-04:00,8.140000343322754,8.159899711608887,8.140000343322754,8.154999732971191,10752,0.0,0.0
2026-04-13 15:45:00-04:00,8.149999618530273,8.170000076293945,8.149999618530273,8.164999961853027,8254,0.0,0.0
2026-04-13 15:46:00-04:00,8.169899940490723,8.175000190734863,8.15999984741211,8.175000190734863,7864,0.0,0.0
2026-04-13 15:47:00-04:00,8.175000190734863,8.175000190734863,8.15999984741211,8.15999984741211,7946,0.0,0.0
2026-04-13 15:48:00-04:00,8.15999984741211,8.170000076293945,8.15999984741211,8.170000076293945,6123,0.0,0.0
2026-04-13 15:49:00-04:00,8.167499542236328,8.170000076293945,8.15999984741211,8.164999961853027,4759,0.0,0.0
2026-04-13 15:50:00-04:00,8.15999984741211,8.170000076293945,8.15999984741211,8.164999961853027,10211,0.0,0.0
2026-04-13 15:51:00-04:00,8.164999961853027,8.164999961853027,8.152000427246094,8.154999732971191,10824,0.0,0.0
2026-04-13 15:52:00-04:00,8.154999732971191,8.1850004196167,8.154999732971191,8.164999961853027,28384,0.0,0.0
2026-04-13 15:53:00-04:00,8.164999961853027,8.170000076293945,8.164999961853027,8.170000076293945,6869,0.0,0.0
2026-04-13 15:54:00-04:00,8.164999961853027,8.1850004196167,8.164999961853027,8.164999961853027,46289,0.0,0.0
2026-04-13 15:55:00-04:00,8.15999984741211,8.15999984741211,8.140000343322754,8.149999618530273,23922,0.0,0.0
2026-04-13 15:56:00-04:00,8.145000457763672,8.149999618530273,8.135000228881836,8.145000457763672,20971,0.0,0.0
2026-04-13 15:57:00-04:00,8.140000343322754,8.145000457763672,8.109999656677246,8.114999771118164,28437,0.0,0.0
2026-04-13 15:58:00-04:00,8.114999771118164,8.114999771118164,8.100000381469727,8.109999656677246,46683,0.0,0.0
2026-04-13 15:59:00-04:00,8.109999656677246,8.109999656677246,8.09000015258789,8.100000381469727,108073,0.0,0.0
