datetime,open,high,low,close,volume,dividends,stock splits
2026-01-15 09:30:00-05:00,1.8600000143051147,1.8600000143051147,1.7200000286102295,1.7649999856948853,1128785,0.0,0.0
2026-01-15 09:35:00-05:00,1.7649999856948853,1.7999999523162842,1.7599999904632568,1.7949999570846558,195663,0.0,0.0
2026-01-15 09:40:00-05:00,1.7949999570846558,1.8075000047683716,1.7705999612808228,1.7967000007629395,121689,0.0,0.0
2026-01-15 09:45:00-05:00,1.7985999584197998,1.840000033378601,1.781000018119812,1.839900016784668,127175,0.0,0.0
2026-01-15 09:50:00-05:00,1.8350000381469727,1.8600000143051147,1.8200000524520874,1.8598999977111816,164502,0.0,0.0
2026-01-15 09:55:00-05:00,1.8600000143051147,1.8600000143051147,1.8200000524520874,1.8250000476837158,127459,0.0,0.0
2026-01-15 10:00:00-05:00,1.8250000476837158,1.8300000429153442,1.7999999523162842,1.8049999475479126,89316,0.0,0.0
2026-01-15 10:05:00-05:00,1.8049999475479126,1.809999942779541,1.7489999532699585,1.7549999952316284,247857,0.0,0.0
2026-01-15 10:10:00-05:00,1.7599999904632568,1.7668999433517456,1.7450000047683716,1.7461999654769897,336631,0.0,0.0
2026-01-15 10:15:00-05:00,1.7467999458312988,1.766800045967102,1.7400000095367432,1.7649999856948853,116749,0.0,0.0
2026-01-15 10:20:00-05:00,1.7699999809265137,1.7699999809265137,1.7549999952316284,1.7549999952316284,61607,0.0,0.0
2026-01-15 10:25:00-05:00,1.75,1.750100016593933,1.7200000286102295,1.7207000255584717,237605,0.0,0.0
2026-01-15 10:30:00-05:00,1.7200000286102295,1.7400000095367432,1.7200000286102295,1.7350000143051147,344565,0.0,0.0
2026-01-15 10:35:00-05:00,1.738700032234192,1.7400000095367432,1.7300000190734863,1.7300000190734863,24204,0.0,0.0
2026-01-15 10:40:00-05:00,1.7310999631881714,1.75,1.7300000190734863,1.7450000047683716,104658,0.0,0.0
2026-01-15 10:45:00-05:00,1.7450000047683716,1.7599999904632568,1.7302000522613525,1.7599999904632568,124677,0.0,0.0
2026-01-15 10:50:00-05:00,1.7599999904632568,1.7685999870300293,1.7545000314712524,1.7685999870300293,23811,0.0,0.0
2026-01-15 10:55:00-05:00,1.7699999809265137,1.7699999809265137,1.75,1.7549999952316284,67011,0.0,0.0
2026-01-15 11:00:00-05:00,1.7574000358581543,1.7699999809265137,1.7574000358581543,1.7699999809265137,68441,0.0,0.0
2026-01-15 11:05:00-05:00,1.7654000520706177,1.7698999643325806,1.7599999904632568,1.7649999856948853,15085,0.0,0.0
2026-01-15 11:10:00-05:00,1.7649999856948853,1.7649999856948853,1.7400000095367432,1.7450000047683716,44377,0.0,0.0
2026-01-15 11:15:00-05:00,1.7450000047683716,1.7450000047683716,1.7400000095367432,1.7450000047683716,27212,0.0,0.0
2026-01-15 11:20:00-05:00,1.7450000047683716,1.75,1.7300000190734863,1.7350000143051147,12794,0.0,0.0
2026-01-15 11:25:00-05:00,1.7350000143051147,1.7400000095367432,1.725000023841858,1.7388999462127686,151931,0.0,0.0
2026-01-15 11:30:00-05:00,1.7400000095367432,1.75,1.7350000143051147,1.7450000047683716,45069,0.0,0.0
2026-01-15 11:35:00-05:00,1.7400000095367432,1.7473000288009644,1.7350000143051147,1.7400000095367432,36695,0.0,0.0
2026-01-15 11:40:00-05:00,1.7350000143051147,1.738700032234192,1.7300000190734863,1.738700032234192,11418,0.0,0.0
2026-01-15 11:45:00-05:00,1.7350000143051147,1.7350000143051147,1.7200000286102295,1.725000023841858,55437,0.0,0.0
2026-01-15 11:50:00-05:00,1.7265000343322754,1.7300000190734863,1.7100000381469727,1.7239999771118164,2075788,0.0,0.0
2026-01-15 11:55:00-05:00,1.7200000286102295,1.7300000190734863,1.711300015449524,1.728700041770935,0,0.0,0.0
2026-01-15 12:00:00-05:00,1.7247999906539917,1.7300000190734863,1.7200000286102295,1.7213000059127808,78504,0.0,0.0
2026-01-15 12:05:00-05:00,1.725000023841858,1.7400000095367432,1.725000023841858,1.7350000143051147,36361,0.0,0.0
2026-01-15 12:10:00-05:00,1.7350000143051147,1.7400000095367432,1.7300000190734863,1.7353999614715576,5055,0.0,0.0
2026-01-15 12:15:00-05:00,1.7350000143051147,1.73989999294281,1.7300000190734863,1.7300000190734863,17814,0.0,0.0
2026-01-15 12:20:00-05:00,1.7389999628067017,1.7389999628067017,1.7200000286102295,1.7200000286102295,18651,0.0,0.0
2026-01-15 12:25:00-05:00,1.725000023841858,1.7288000583648682,1.7200000286102295,1.7200000286102295,3375,0.0,0.0
2026-01-15 12:30:00-05:00,1.7300000190734863,1.7300000190734863,1.7100000381469727,1.715000033378601,50053,0.0,0.0
2026-01-15 12:35:00-05:00,1.715000033378601,1.7200000286102295,1.7100000381469727,1.715000033378601,18333,0.0,0.0
2026-01-15 12:40:00-05:00,1.715000033378601,1.7186000347137451,1.7100000381469727,1.7100000381469727,26313,0.0,0.0
2026-01-15 12:45:00-05:00,1.715000033378601,1.7200000286102295,1.7100000381469727,1.715000033378601,107149,0.0,0.0
2026-01-15 12:50:00-05:00,1.715000033378601,1.715000033378601,1.690000057220459,1.698699951171875,224088,0.0,0.0
2026-01-15 12:55:00-05:00,1.7000000476837158,1.7000000476837158,1.690000057220459,1.6950000524520874,149522,0.0,0.0
2026-01-15 13:00:00-05:00,1.6950000524520874,1.7100000381469727,1.690000057220459,1.7020000219345093,113861,0.0,0.0
2026-01-15 13:05:00-05:00,1.7050000429153442,1.7100000381469727,1.7000000476837158,1.7000000476837158,62355,0.0,0.0
2026-01-15 13:10:00-05:00,1.7050000429153442,1.7093000411987305,1.690000057220459,1.6933000087738037,24278,0.0,0.0
2026-01-15 13:15:00-05:00,1.6902999877929688,1.6950000524520874,1.6699999570846558,1.6749999523162842,259153,0.0,0.0
2026-01-15 13:20:00-05:00,1.6785999536514282,1.6799999475479126,1.649999976158142,1.6510000228881836,297531,0.0,0.0
2026-01-15 13:25:00-05:00,1.6549999713897705,1.659999966621399,1.6449999809265137,1.6579999923706055,140007,0.0,0.0
2026-01-15 13:30:00-05:00,1.6549999713897705,1.6699999570846558,1.6299999952316284,1.6399999856948853,245660,0.0,0.0
2026-01-15 13:35:00-05:00,1.6349999904632568,1.6349999904632568,1.600000023841858,1.6050000190734863,171920,0.0,0.0
2026-01-15 13:40:00-05:00,1.600000023841858,1.6200000047683716,1.600000023841858,1.6100000143051147,217658,0.0,0.0
2026-01-15 13:45:00-05:00,1.6100000143051147,1.6100000143051147,1.590000033378601,1.5950000286102295,109123,0.0,0.0
2026-01-15 13:50:00-05:00,1.5950000286102295,1.6100000143051147,1.590000033378601,1.5987000465393066,165176,0.0,0.0
2026-01-15 13:55:00-05:00,1.5923000574111938,1.6100000143051147,1.590000033378601,1.6100000143051147,175119,0.0,0.0
2026-01-15 14:00:00-05:00,1.6050000190734863,1.6200000047683716,1.5950000286102295,1.614799976348877,200235,0.0,0.0
2026-01-15 14:05:00-05:00,1.6150000095367432,1.61899995803833,1.5800000429153442,1.600000023841858,220237,0.0,0.0
2026-01-15 14:10:00-05:00,1.6050000190734863,1.6100000143051147,1.600000023841858,1.6016000509262085,19936,0.0,0.0
2026-01-15 14:15:00-05:00,1.6100000143051147,1.6399999856948853,1.600000023841858,1.625,240342,0.0,0.0
2026-01-15 14:20:00-05:00,1.625,1.6399999856948853,1.625,1.6349999904632568,65325,0.0,0.0
2026-01-15 14:25:00-05:00,1.6399999856948853,1.6399999856948853,1.6200000047683716,1.6299999952316284,35138,0.0,0.0
2026-01-15 14:30:00-05:00,1.6349999904632568,1.6349999904632568,1.6101000308990479,1.6150000095367432,20195,0.0,0.0
2026-01-15 14:35:00-05:00,1.6150000095367432,1.6200000047683716,1.6051000356674194,1.6100000143051147,52316,0.0,0.0
2026-01-15 14:40:00-05:00,1.6100000143051147,1.6198999881744385,1.5800000429153442,1.6198999881744385,145687,0.0,0.0
2026-01-15 14:45:00-05:00,1.6100000143051147,1.6194000244140625,1.600000023841858,1.6150000095367432,34391,0.0,0.0
2026-01-15 14:50:00-05:00,1.6150000095367432,1.6200000047683716,1.6050000190734863,1.6050000190734863,53671,0.0,0.0
2026-01-15 14:55:00-05:00,1.6050000190734863,1.6298999786376953,1.6024999618530273,1.625,47272,0.0,0.0
2026-01-15 15:00:00-05:00,1.6299999952316284,1.6299999952316284,1.6246000528335571,1.625,33694,0.0,0.0
2026-01-15 15:05:00-05:00,1.6200000047683716,1.6299999952316284,1.6200000047683716,1.625,85454,0.0,0.0
2026-01-15 15:10:00-05:00,1.6294000148773193,1.6349999904632568,1.6200000047683716,1.6349999904632568,14210,0.0,0.0
2026-01-15 15:15:00-05:00,1.6349999904632568,1.6598999500274658,1.6301000118255615,1.6549999713897705,190597,0.0,0.0
2026-01-15 15:20:00-05:00,1.6592999696731567,1.659999966621399,1.6449999809265137,1.659999966621399,168150,0.0,0.0
2026-01-15 15:25:00-05:00,1.6556999683380127,1.659999966621399,1.6399999856948853,1.6449999809265137,41956,0.0,0.0
2026-01-15 15:30:00-05:00,1.649999976158142,1.649999976158142,1.6399999856948853,1.649999976158142,39913,0.0,0.0
2026-01-15 15:35:00-05:00,1.6449999809265137,1.649999976158142,1.6406999826431274,1.6449999809265137,16138,0.0,0.0
2026-01-15 15:40:00-05:00,1.6449999809265137,1.659999966621399,1.6449999809265137,1.6549999713897705,101941,0.0,0.0
2026-01-15 15:45:00-05:00,1.6582000255584717,1.659999966621399,1.6299999952316284,1.6349999904632568,172018,0.0,0.0
2026-01-15 15:50:00-05:00,1.6349999904632568,1.649999976158142,1.6313999891281128,1.6485999822616577,130969,0.0,0.0
2026-01-15 15:55:00-05:00,1.6410000324249268,1.649999976158142,1.6100000143051147,1.6200000047683716,4536866,0.0,0.0
2026-01-16 09:30:00-05:00,1.6699999570846558,1.6799999475479126,1.659999966621399,1.6632000207901,323309,0.0,0.0
2026-01-16 09:35:00-05:00,1.6649999618530273,1.6699999570846558,1.6311999559402466,1.6549999713897705,119406,0.0,0.0
2026-01-16 09:40:00-05:00,1.6541999578475952,1.6799999475479126,1.6541999578475952,1.6744999885559082,70154,0.0,0.0
2026-01-16 09:45:00-05:00,1.6799999475479126,1.7100000381469727,1.6749999523162842,1.690000057220459,300018,0.0,0.0
2026-01-16 09:50:00-05:00,1.684999942779541,1.690000057220459,1.6799999475479126,1.6825000047683716,33026,0.0,0.0
2026-01-16 09:55:00-05:00,1.6863000392913818,1.7096999883651733,1.6699999570846558,1.705399990081787,262688,0.0,0.0
2026-01-16 10:00:00-05:00,1.7000999450683594,1.7599999904632568,1.690000057220459,1.7587000131607056,126271,0.0,0.0
2026-01-16 10:05:00-05:00,1.7599999904632568,1.7949999570846558,1.7518999576568604,1.7949999570846558,201061,0.0,0.0
2026-01-16 10:10:00-05:00,1.7949999570846558,1.7999999523162842,1.7799999713897705,1.7899999618530273,244644,0.0,0.0
2026-01-16 10:15:00-05:00,1.784999966621399,1.8250000476837158,1.7799999713897705,1.809999942779541,237344,0.0,0.0
2026-01-16 10:20:00-05:00,1.8086999654769897,1.840000033378601,1.8086999654769897,1.8250000476837158,305806,0.0,0.0
2026-01-16 10:25:00-05:00,1.820099949836731,1.820099949836731,1.7899999618530273,1.815000057220459,100250,0.0,0.0
2026-01-16 10:30:00-05:00,1.8178000450134277,1.8200000524520874,1.7899999618530273,1.7900999784469604,99270,0.0,0.0
2026-01-16 10:35:00-05:00,1.7800999879837036,1.7999000549316406,1.7799999713897705,1.7899999618530273,144166,0.0,0.0
2026-01-16 10:40:00-05:00,1.7851999998092651,1.7898999452590942,1.7599999904632568,1.778499960899353,126220,0.0,0.0
2026-01-16 10:45:00-05:00,1.774999976158142,1.7799999713897705,1.7599999904632568,1.7699999809265137,53940,0.0,0.0
2026-01-16 10:50:00-05:00,1.77839994430542,1.7899999618530273,1.7702000141143799,1.781000018119812,1170884,0.0,0.0
2026-01-16 10:55:00-05:00,1.784999966621399,1.7899999618530273,1.7799999713897705,1.7899999618530273,0,0.0,0.0
2026-01-16 11:00:00-05:00,1.784999966621399,1.7899999618530273,1.7799999713897705,1.788699984550476,18670,0.0,0.0
2026-01-16 11:05:00-05:00,1.7890000343322754,1.7899999618530273,1.7699999809265137,1.774999976158142,81210,0.0,0.0
2026-01-16 11:10:00-05:00,1.7797000408172607,1.784999966621399,1.7699999809265137,1.7821999788284302,43767,0.0,0.0
2026-01-16 11:15:00-05:00,1.784999966621399,1.7899999618530273,1.7704999446868896,1.774999976158142,29307,0.0,0.0
2026-01-16 11:20:00-05:00,1.774999976158142,1.774999976158142,1.7649999856948853,1.7649999856948853,15827,0.0,0.0
2026-01-16 11:25:00-05:00,1.7649999856948853,1.7799999713897705,1.7649999856948853,1.7762999534606934,1359705,0.0,0.0
2026-01-16 11:30:00-05:00,1.7725000381469727,1.7799999713897705,1.7705999612808228,1.770900011062622,0,0.0,0.0
2026-01-16 11:35:00-05:00,1.7725000381469727,1.7799999713897705,1.7699999809265137,1.7799999713897705,23815,0.0,0.0
2026-01-16 11:40:00-05:00,1.774999976158142,1.7899999618530273,1.774999976158142,1.7825000286102295,44052,0.0,0.0
2026-01-16 11:45:00-05:00,1.7800999879837036,1.7800999879837036,1.7699999809265137,1.7710000276565552,11576,0.0,0.0
2026-01-16 11:50:00-05:00,1.774999976158142,1.774999976158142,1.760699987411499,1.7615000009536743,21974,0.0,0.0
2026-01-16 11:55:00-05:00,1.7649999856948853,1.7699999809265137,1.75,1.7699999809265137,86196,0.0,0.0
2026-01-16 12:00:00-05:00,1.774999976158142,1.774999976158142,1.76010000705719,1.7661999464035034,74063,0.0,0.0
2026-01-16 12:05:00-05:00,1.7599999904632568,1.7698999643325806,1.7599999904632568,1.7698999643325806,4838,0.0,0.0
2026-01-16 12:10:00-05:00,1.7599999904632568,1.7699999809265137,1.75,1.7649999856948853,36107,0.0,0.0
2026-01-16 12:15:00-05:00,1.7646000385284424,1.7657999992370605,1.7599999904632568,1.7649999856948853,6975,0.0,0.0
2026-01-16 12:20:00-05:00,1.7649999856948853,1.7699999809265137,1.7599999904632568,1.7649999856948853,29087,0.0,0.0
2026-01-16 12:25:00-05:00,1.7599999904632568,1.7649999856948853,1.7599999904632568,1.7640000581741333,5815,0.0,0.0
2026-01-16 12:30:00-05:00,1.7599999904632568,1.7699999809265137,1.7599999904632568,1.7699999809265137,23859,0.0,0.0
2026-01-16 12:35:00-05:00,1.7649999856948853,1.7699999809265137,1.7400000095367432,1.7450000047683716,222502,0.0,0.0
2026-01-16 12:40:00-05:00,1.74399995803833,1.7486000061035156,1.7410000562667847,1.7450000047683716,57976,0.0,0.0
2026-01-16 12:45:00-05:00,1.7450000047683716,1.75,1.7300000190734863,1.7416000366210938,134697,0.0,0.0
2026-01-16 12:50:00-05:00,1.7409000396728516,1.7487000226974487,1.7301000356674194,1.7324999570846558,1741835,0.0,0.0
2026-01-16 12:55:00-05:00,1.7350000143051147,1.7400000095367432,1.7300000190734863,1.735200047492981,0,0.0,0.0
2026-01-16 13:00:00-05:00,1.7350000143051147,1.7450000047683716,1.7300000190734863,1.7450000047683716,39853,0.0,0.0
2026-01-16 13:05:00-05:00,1.7424999475479126,1.749899983406067,1.7401000261306763,1.7401000261306763,33880,0.0,0.0
2026-01-16 13:10:00-05:00,1.7400000095367432,1.75,1.7200000286102295,1.7300000190734863,65419,0.0,0.0
2026-01-16 13:15:00-05:00,1.725000023841858,1.7350000143051147,1.7203999757766724,1.7350000143051147,19687,0.0,0.0
2026-01-16 13:20:00-05:00,1.7350000143051147,1.738800048828125,1.7300000190734863,1.7350000143051147,11399,0.0,0.0
2026-01-16 13:25:00-05:00,1.7400000095367432,1.7400000095367432,1.7300000190734863,1.7350000143051147,18229,0.0,0.0
2026-01-16 13:30:00-05:00,1.7350000143051147,1.7350000143051147,1.7350000143051147,1.7350000143051147,4238,0.0,0.0
2026-01-16 13:35:00-05:00,1.7350000143051147,1.7400000095367432,1.7300000190734863,1.7350000143051147,28700,0.0,0.0
2026-01-16 13:40:00-05:00,1.7350000143051147,1.7400000095367432,1.733299970626831,1.7400000095367432,13265,0.0,0.0
2026-01-16 13:45:00-05:00,1.7350000143051147,1.7380000352859497,1.7312999963760376,1.7380000352859497,3305,0.0,0.0
2026-01-16 13:50:00-05:00,1.7350000143051147,1.7400000095367432,1.7345000505447388,1.7400000095367432,14947,0.0,0.0
2026-01-16 13:55:00-05:00,1.7350000143051147,1.735200047492981,1.7301000356674194,1.7350000143051147,6228,0.0,0.0
2026-01-16 14:00:00-05:00,1.7350000143051147,1.7400000095367432,1.7301000356674194,1.7400000095367432,17894,0.0,0.0
2026-01-16 14:05:00-05:00,1.7350000143051147,1.7350000143051147,1.7300000190734863,1.7350000143051147,33976,0.0,0.0
2026-01-16 14:10:00-05:00,1.7350000143051147,1.7388999462127686,1.725000023841858,1.7350000143051147,160814,0.0,0.0
2026-01-16 14:15:00-05:00,1.732300043106079,1.7350000143051147,1.7300000190734863,1.7350000143051147,8011,0.0,0.0
2026-01-16 14:20:00-05:00,1.7319999933242798,1.7389999628067017,1.7300000190734863,1.7353999614715576,10413,0.0,0.0
2026-01-16 14:25:00-05:00,1.7343000173568726,1.7384999990463257,1.7301000356674194,1.7324999570846558,28712,0.0,0.0
2026-01-16 14:30:00-05:00,1.7309999465942383,1.7309999465942383,1.7200000286102295,1.725000023841858,135410,0.0,0.0
2026-01-16 14:35:00-05:00,1.7213000059127808,1.7214000225067139,1.7101000547409058,1.715000033378601,47002,0.0,0.0
2026-01-16 14:40:00-05:00,1.7200000286102295,1.7299000024795532,1.7144999504089355,1.7158000469207764,50706,0.0,0.0
2026-01-16 14:45:00-05:00,1.7163000106811523,1.718999981880188,1.7100000381469727,1.7107000350952148,23604,0.0,0.0
2026-01-16 14:50:00-05:00,1.711300015449524,1.7300000190734863,1.7102999687194824,1.7300000190734863,26551,0.0,0.0
2026-01-16 14:55:00-05:00,1.7350000143051147,1.7350000143051147,1.7309999465942383,1.7309999465942383,8654,0.0,0.0
2026-01-16 15:00:00-05:00,1.7300000190734863,1.7300000190734863,1.725000023841858,1.725000023841858,9934,0.0,0.0
2026-01-16 15:05:00-05:00,1.7300000190734863,1.7300000190734863,1.7201000452041626,1.7201000452041626,7890,0.0,0.0
2026-01-16 15:10:00-05:00,1.7263000011444092,1.7300000190734863,1.7200000286102295,1.725000023841858,4782,0.0,0.0
2026-01-16 15:15:00-05:00,1.725000023841858,1.7300000190734863,1.7223000526428223,1.722499966621399,25162,0.0,0.0
2026-01-16 15:20:00-05:00,1.7300000190734863,1.7400000095367432,1.722000002861023,1.722000002861023,65843,0.0,0.0
2026-01-16 15:25:00-05:00,1.7200000286102295,1.7200000286102295,1.7100000381469727,1.7173999547958374,16918,0.0,0.0
2026-01-16 15:30:00-05:00,1.7101000547409058,1.7197999954223633,1.7000999450683594,1.7050000429153442,53129,0.0,0.0
2026-01-16 15:35:00-05:00,1.7020000219345093,1.708799958229065,1.7000000476837158,1.7050000429153442,16966,0.0,0.0
2026-01-16 15:40:00-05:00,1.7050000429153442,1.7100000381469727,1.7000000476837158,1.7100000381469727,46111,0.0,0.0
2026-01-16 15:45:00-05:00,1.7050000429153442,1.7100000381469727,1.7000000476837158,1.7050000429153442,28073,0.0,0.0
2026-01-16 15:50:00-05:00,1.7100000381469727,1.7100000381469727,1.7000000476837158,1.7050000429153442,106864,0.0,0.0
2026-01-16 15:55:00-05:00,1.7100000381469727,1.7100000381469727,1.690000057220459,1.6950000524520874,236026,0.0,0.0
2026-01-20 09:30:00-05:00,1.7100000381469727,1.7200000286102295,1.6200000047683716,1.6562999486923218,615534,0.0,0.0
2026-01-20 09:35:00-05:00,1.6549999713897705,1.7000000476837158,1.649999976158142,1.6950000524520874,96880,0.0,0.0
2026-01-20 09:40:00-05:00,1.6999000310897827,1.7000000476837158,1.6640000343322754,1.684999942779541,53299,0.0,0.0
2026-01-20 09:45:00-05:00,1.684000015258789,1.684999942779541,1.6649999618530273,1.6699999570846558,39124,0.0,0.0
2026-01-20 09:50:00-05:00,1.659999966621399,1.684999942779541,1.659999966621399,1.6785000562667847,44377,0.0,0.0
2026-01-20 09:55:00-05:00,1.6799999475479126,1.6799999475479126,1.6649999618530273,1.6679999828338623,13047,0.0,0.0
2026-01-20 10:00:00-05:00,1.6685999631881714,1.6699999570846558,1.649999976158142,1.659999966621399,27730,0.0,0.0
2026-01-20 10:05:00-05:00,1.649999976158142,1.659999966621399,1.6449999809265137,1.6449999809265137,47285,0.0,0.0
2026-01-20 10:10:00-05:00,1.6449999809265137,1.655400037765503,1.6299999952316284,1.6549999713897705,49202,0.0,0.0
2026-01-20 10:15:00-05:00,1.659999966621399,1.659999966621399,1.6399999856948853,1.6447999477386475,59327,0.0,0.0
2026-01-20 10:20:00-05:00,1.6401000022888184,1.6654000282287598,1.6399999856948853,1.6649999618530273,62108,0.0,0.0
2026-01-20 10:25:00-05:00,1.6654000282287598,1.6698999404907227,1.6598999500274658,1.6649999618530273,24922,0.0,0.0
2026-01-20 10:30:00-05:00,1.6699999570846558,1.6699999570846558,1.649999976158142,1.669800043106079,60546,0.0,0.0
2026-01-20 10:35:00-05:00,1.6649999618530273,1.6649999618530273,1.659999966621399,1.659999966621399,12703,0.0,0.0
2026-01-20 10:40:00-05:00,1.659999966621399,1.6685999631881714,1.649999976158142,1.649999976158142,17473,0.0,0.0
2026-01-20 10:45:00-05:00,1.649999976158142,1.6598000526428223,1.6449999809265137,1.6449999809265137,31070,0.0,0.0
2026-01-20 10:50:00-05:00,1.6399999856948853,1.65910005569458,1.6399999856948853,1.649999976158142,24385,0.0,0.0
2026-01-20 10:55:00-05:00,1.6449999809265137,1.659999966621399,1.6399999856948853,1.659999966621399,40213,0.0,0.0
2026-01-20 11:00:00-05:00,1.6588000059127808,1.6699999570846558,1.649999976158142,1.649999976158142,18911,0.0,0.0
2026-01-20 11:05:00-05:00,1.649999976158142,1.659999966621399,1.649999976158142,1.6549999713897705,65935,0.0,0.0
2026-01-20 11:10:00-05:00,1.6585999727249146,1.6749999523162842,1.649999976158142,1.673699975013733,45328,0.0,0.0
2026-01-20 11:15:00-05:00,1.6699999570846558,1.6799999475479126,1.6649999618530273,1.6649999618530273,110127,0.0,0.0
2026-01-20 11:20:00-05:00,1.6689000129699707,1.6799999475479126,1.659999966621399,1.6608999967575073,46868,0.0,0.0
2026-01-20 11:25:00-05:00,1.6649999618530273,1.6749999523162842,1.659999966621399,1.672700047492981,44570,0.0,0.0
2026-01-20 11:30:00-05:00,1.6699999570846558,1.6791000366210938,1.664199948310852,1.6682000160217285,37345,0.0,0.0
2026-01-20 11:35:00-05:00,1.6649999618530273,1.6699999570846558,1.659999966621399,1.6649999618530273,27418,0.0,0.0
2026-01-20 11:40:00-05:00,1.6683000326156616,1.6686999797821045,1.649999976158142,1.659999966621399,50013,0.0,0.0
2026-01-20 11:45:00-05:00,1.649999976158142,1.655500054359436,1.649999976158142,1.6549999713897705,62970,0.0,0.0
2026-01-20 11:50:00-05:00,1.659999966621399,1.659999966621399,1.6549999713897705,1.6549999713897705,16966,0.0,0.0
2026-01-20 11:55:00-05:00,1.6598999500274658,1.659999966621399,1.6513999700546265,1.6549999713897705,22866,0.0,0.0
2026-01-20 12:00:00-05:00,1.659999966621399,1.669100046157837,1.659999966621399,1.6644999980926514,33583,0.0,0.0
2026-01-20 12:05:00-05:00,1.669700026512146,1.6699999570846558,1.649999976158142,1.649999976158142,27831,0.0,0.0
2026-01-20 12:10:00-05:00,1.6549999713897705,1.659999966621399,1.649999976158142,1.659999966621399,21404,0.0,0.0
2026-01-20 12:15:00-05:00,1.65910005569458,1.659999966621399,1.649999976158142,1.6549999713897705,23536,0.0,0.0
2026-01-20 12:20:00-05:00,1.649999976158142,1.659000039100647,1.6413999795913696,1.6413999795913696,42453,0.0,0.0
2026-01-20 12:25:00-05:00,1.6399999856948853,1.649999976158142,1.6399999856948853,1.6449999809265137,59846,0.0,0.0
2026-01-20 12:30:00-05:00,1.6399999856948853,1.659999966621399,1.6349999904632568,1.649999976158142,86127,0.0,0.0
2026-01-20 12:35:00-05:00,1.649999976158142,1.659999966621399,1.649999976158142,1.6549999713897705,51669,0.0,0.0
2026-01-20 12:40:00-05:00,1.659999966621399,1.6649999618530273,1.656599998474121,1.6613999605178833,14451,0.0,0.0
2026-01-20 12:45:00-05:00,1.659999966621399,1.6649999618530273,1.6549999713897705,1.6598000526428223,32781,0.0,0.0
2026-01-20 12:50:00-05:00,1.649999976158142,1.6549999713897705,1.649999976158142,1.6549999713897705,1267,0.0,0.0
2026-01-20 12:55:00-05:00,1.6549999713897705,1.6549999713897705,1.649999976158142,1.649999976158142,38713,0.0,0.0
2026-01-20 13:00:00-05:00,1.649999976158142,1.659999966621399,1.649999976158142,1.65910005569458,19829,0.0,0.0
2026-01-20 13:05:00-05:00,1.6549999713897705,1.6649999618530273,1.649999976158142,1.6569000482559204,15625,0.0,0.0
2026-01-20 13:10:00-05:00,1.659999966621399,1.659999966621399,1.6549999713897705,1.659999966621399,14341,0.0,0.0
2026-01-20 13:15:00-05:00,1.6549999713897705,1.659999966621399,1.649999976158142,1.659000039100647,18240,0.0,0.0
2026-01-20 13:20:00-05:00,1.6549999713897705,1.6598999500274658,1.649999976158142,1.652999997138977,20472,0.0,0.0
2026-01-20 13:25:00-05:00,1.6549999713897705,1.659999966621399,1.649999976158142,1.649999976158142,16892,0.0,0.0
2026-01-20 13:30:00-05:00,1.649999976158142,1.6549999713897705,1.6399999856948853,1.6399999856948853,10316,0.0,0.0
2026-01-20 13:35:00-05:00,1.6409000158309937,1.649999976158142,1.6409000158309937,1.649399995803833,34169,0.0,0.0
2026-01-20 13:40:00-05:00,1.6399999856948853,1.6549999713897705,1.6399999856948853,1.6549999713897705,36899,0.0,0.0
2026-01-20 13:45:00-05:00,1.6513999700546265,1.6549999713897705,1.649999976158142,1.649999976158142,19262,0.0,0.0
2026-01-20 13:50:00-05:00,1.6399999856948853,1.649999976158142,1.6399999856948853,1.6399999856948853,22742,0.0,0.0
2026-01-20 13:55:00-05:00,1.6399999856948853,1.649999976158142,1.6399999856948853,1.6449999809265137,22779,0.0,0.0
2026-01-20 14:00:00-05:00,1.6480000019073486,1.6568000316619873,1.646299958229065,1.6549999713897705,20310,0.0,0.0
2026-01-20 14:05:00-05:00,1.6549999713897705,1.6586999893188477,1.649999976158142,1.6549999713897705,10449,0.0,0.0
2026-01-20 14:10:00-05:00,1.6549999713897705,1.6549999713897705,1.6549999713897705,1.6549999713897705,2836,0.0,0.0
2026-01-20 14:15:00-05:00,1.6586999893188477,1.659999966621399,1.649999976158142,1.659999966621399,11260,0.0,0.0
2026-01-20 14:20:00-05:00,1.6586999893188477,1.6586999893188477,1.649999976158142,1.6549999713897705,9650,0.0,0.0
2026-01-20 14:25:00-05:00,1.6549999713897705,1.659999966621399,1.649999976158142,1.6549999713897705,17501,0.0,0.0
2026-01-20 14:30:00-05:00,1.649999976158142,1.649999976158142,1.6399999856948853,1.6399999856948853,42420,0.0,0.0
2026-01-20 14:35:00-05:00,1.6399999856948853,1.6399999856948853,1.6299999952316284,1.6299999952316284,67039,0.0,0.0
2026-01-20 14:40:00-05:00,1.6349999904632568,1.6399999856948853,1.6299999952316284,1.6299999952316284,47118,0.0,0.0
2026-01-20 14:45:00-05:00,1.6398999691009521,1.6398999691009521,1.6299999952316284,1.6349999904632568,13603,0.0,0.0
2026-01-20 14:50:00-05:00,1.6299999952316284,1.6390000581741333,1.6299999952316284,1.6349999904632568,10671,0.0,0.0
2026-01-20 14:55:00-05:00,1.6349999904632568,1.6359000205993652,1.6299999952316284,1.6349999904632568,9214,0.0,0.0
2026-01-20 15:00:00-05:00,1.6299999952316284,1.6491999626159668,1.6299999952316284,1.6412999629974365,40160,0.0,0.0
2026-01-20 15:05:00-05:00,1.6445000171661377,1.649999976158142,1.6399999856948853,1.649999976158142,8124,0.0,0.0
2026-01-20 15:10:00-05:00,1.6441999673843384,1.649999976158142,1.6399999856948853,1.6399999856948853,21179,0.0,0.0
2026-01-20 15:15:00-05:00,1.6449999809265137,1.6477999687194824,1.6399999856948853,1.6449999809265137,14815,0.0,0.0
2026-01-20 15:20:00-05:00,1.6449999809265137,1.649899959564209,1.6399999856948853,1.641800045967102,13151,0.0,0.0
2026-01-20 15:25:00-05:00,1.649999976158142,1.649999976158142,1.6399999856948853,1.6449999809265137,5914,0.0,0.0
2026-01-20 15:30:00-05:00,1.6449999809265137,1.645300030708313,1.6349999904632568,1.6449999809265137,46119,0.0,0.0
2026-01-20 15:35:00-05:00,1.6399999856948853,1.6469000577926636,1.6299999952316284,1.6349999904632568,48452,0.0,0.0
2026-01-20 15:40:00-05:00,1.6299999952316284,1.638700008392334,1.6299999952316284,1.6299999952316284,20805,0.0,0.0
2026-01-20 15:45:00-05:00,1.6349999904632568,1.648800015449524,1.6299999952316284,1.6399999856948853,55907,0.0,0.0
2026-01-20 15:50:00-05:00,1.6449999809265137,1.649999976158142,1.6349999904632568,1.649999976158142,129665,0.0,0.0
2026-01-20 15:55:00-05:00,1.649999976158142,1.6799999475479126,1.6399999856948853,1.6799999475479126,258370,0.0,0.0
2026-01-21 09:30:00-05:00,1.5449999570846558,1.559999942779541,1.5,1.5149999856948853,1642001,0.0,0.0
2026-01-21 09:35:00-05:00,1.5149999856948853,1.5199999809265137,1.4900000095367432,1.5049999952316284,0,0.0,0.0
2026-01-21 09:40:00-05:00,1.5049999952316284,1.5199999809265137,1.5,1.5098999738693237,204924,0.0,0.0
2026-01-21 09:45:00-05:00,1.5087000131607056,1.5099999904632568,1.4900000095367432,1.5098999738693237,295721,0.0,0.0
2026-01-21 09:50:00-05:00,1.5046000480651855,1.5199999809265137,1.4900000095367432,1.5099999904632568,265289,0.0,0.0
2026-01-21 09:55:00-05:00,1.5149999856948853,1.5199999809265137,1.5,1.5049999952316284,126917,0.0,0.0
2026-01-21 10:00:00-05:00,1.5049999952316284,1.5099999904632568,1.500100016593933,1.5088000297546387,105920,0.0,0.0
2026-01-21 10:05:00-05:00,1.5049999952316284,1.5299999713897705,1.5,1.5199999809265137,220014,0.0,0.0
2026-01-21 10:10:00-05:00,1.5298999547958374,1.5299999713897705,1.510200023651123,1.5149999856948853,91817,0.0,0.0
2026-01-21 10:15:00-05:00,1.5149999856948853,1.5399999618530273,1.5149999856948853,1.5399999618530273,94660,0.0,0.0
2026-01-21 10:20:00-05:00,1.5341999530792236,1.5398999452590942,1.5299999713897705,1.534999966621399,22916,0.0,0.0
2026-01-21 10:25:00-05:00,1.5399999618530273,1.5399999618530273,1.523300051689148,1.526900053024292,154995,0.0,0.0
2026-01-21 10:30:00-05:00,1.5290000438690186,1.5313999652862549,1.5199999809265137,1.5300999879837036,28879,0.0,0.0
2026-01-21 10:35:00-05:00,1.534999966621399,1.5399999618530273,1.5299999713897705,1.5299999713897705,34922,0.0,0.0
2026-01-21 10:40:00-05:00,1.5299999713897705,1.5399999618530273,1.5299999713897705,1.534999966621399,49871,0.0,0.0
2026-01-21 10:45:00-05:00,1.5398999452590942,1.5398999452590942,1.5199999809265137,1.5297000408172607,62242,0.0,0.0
2026-01-21 10:50:00-05:00,1.524999976158142,1.5399999618530273,1.5199999809265137,1.5299999713897705,28892,0.0,0.0
2026-01-21 10:55:00-05:00,1.534999966621399,1.5499999523162842,1.5299999713897705,1.5399999618530273,27177,0.0,0.0
2026-01-21 11:00:00-05:00,1.5449999570846558,1.5499999523162842,1.5399999618530273,1.5449999570846558,8964,0.0,0.0
2026-01-21 11:05:00-05:00,1.5499999523162842,1.5499999523162842,1.5399999618530273,1.5449999570846558,20008,0.0,0.0
2026-01-21 11:10:00-05:00,1.5434000492095947,1.5499999523162842,1.5399999618530273,1.5463000535964966,18173,0.0,0.0
2026-01-21 11:15:00-05:00,1.5449999570846558,1.5499999523162842,1.5399999618530273,1.5449999570846558,29477,0.0,0.0
2026-01-21 11:20:00-05:00,1.5499999523162842,1.5499999523162842,1.5299999713897705,1.534999966621399,25293,0.0,0.0
2026-01-21 11:25:00-05:00,1.5318000316619873,1.5399999618530273,1.5299999713897705,1.5399999618530273,16397,0.0,0.0
2026-01-21 11:30:00-05:00,1.5299999713897705,1.534999966621399,1.5199999809265137,1.524999976158142,13935,0.0,0.0
2026-01-21 11:35:00-05:00,1.524999976158142,1.524999976158142,1.5099999904632568,1.5199999809265137,15406,0.0,0.0
2026-01-21 11:40:00-05:00,1.5198999643325806,1.5199999809265137,1.5019999742507935,1.5049999952316284,73325,0.0,0.0
2026-01-21 11:45:00-05:00,1.5049999952316284,1.5199999809265137,1.5,1.5149999856948853,117730,0.0,0.0
2026-01-21 11:50:00-05:00,1.5149999856948853,1.5199999809265137,1.5099999904632568,1.5149999856948853,64508,0.0,0.0
2026-01-21 11:55:00-05:00,1.5149999856948853,1.5199999809265137,1.5,1.5098999738693237,58735,0.0,0.0
2026-01-21 12:00:00-05:00,1.511299967765808,1.5185999870300293,1.5099999904632568,1.5099999904632568,9420,0.0,0.0
2026-01-21 12:05:00-05:00,1.5099999904632568,1.5187000036239624,1.5,1.5099999904632568,112699,0.0,0.0
2026-01-21 12:10:00-05:00,1.5049999952316284,1.5099999904632568,1.5,1.5,33918,0.0,0.0
2026-01-21 12:15:00-05:00,1.5099999904632568,1.5099999904632568,1.5,1.5085999965667725,39123,0.0,0.0
2026-01-21 12:20:00-05:00,1.5098999738693237,1.5099999904632568,1.5,1.5049999952316284,19415,0.0,0.0
2026-01-21 12:25:00-05:00,1.5049999952316284,1.5098999738693237,1.5,1.5085999965667725,28942,0.0,0.0
2026-01-21 12:30:00-05:00,1.5049999952316284,1.5099999904632568,1.5,1.5,29859,0.0,0.0
2026-01-21 12:35:00-05:00,1.5049999952316284,1.5099999904632568,1.5,1.5083999633789062,63725,0.0,0.0
2026-01-21 12:40:00-05:00,1.5049999952316284,1.5099999904632568,1.5,1.5088000297546387,19182,0.0,0.0
2026-01-21 12:45:00-05:00,1.5049999952316284,1.5099999904632568,1.5,1.5082000494003296,28294,0.0,0.0
2026-01-21 12:50:00-05:00,1.5051000118255615,1.5099999904632568,1.5,1.5089000463485718,15726,0.0,0.0
2026-01-21 12:55:00-05:00,1.5049999952316284,1.5199999809265137,1.5,1.5149999856948853,27131,0.0,0.0
2026-01-21 13:00:00-05:00,1.51010000705719,1.5166000127792358,1.5,1.5049999952316284,47059,0.0,0.0
2026-01-21 13:05:00-05:00,1.5049999952316284,1.5088000297546387,1.5,1.5049999952316284,47734,0.0,0.0
2026-01-21 13:10:00-05:00,1.5080000162124634,1.5098999738693237,1.5,1.5085999965667725,12448,0.0,0.0
2026-01-21 13:15:00-05:00,1.5049999952316284,1.5099999904632568,1.4900000095367432,1.4900000095367432,2124907,0.0,0.0
2026-01-21 13:20:00-05:00,1.4950000047683716,1.5,1.4900000095367432,1.499899983406067,0,0.0,0.0
2026-01-21 13:25:00-05:00,1.4950000047683716,1.5,1.4900000095367432,1.4900000095367432,11900,0.0,0.0
2026-01-21 13:30:00-05:00,1.4950000047683716,1.5,1.4900000095367432,1.4997999668121338,31459,0.0,0.0
2026-01-21 13:35:00-05:00,1.4950000047683716,1.5,1.4900000095367432,1.4900000095367432,2078822,0.0,0.0
2026-01-21 13:40:00-05:00,1.4950000047683716,1.5,1.4900000095367432,1.4900000095367432,0,0.0,0.0
2026-01-21 13:45:00-05:00,1.4910000562667847,1.5,1.4900000095367432,1.4950000047683716,2113995,0.0,0.0
2026-01-21 13:50:00-05:00,1.499899983406067,1.5,1.4924999475479126,1.4924999475479126,37839,0.0,0.0
2026-01-21 13:55:00-05:00,1.4950000047683716,1.5,1.4900000095367432,1.4950000047683716,0,0.0,0.0
2026-01-21 14:00:00-05:00,1.4950000047683716,1.5,1.4900000095367432,1.4953999519348145,30970,0.0,0.0
2026-01-21 14:05:00-05:00,1.4950000047683716,1.5,1.4900000095367432,1.4950000047683716,46567,0.0,0.0
2026-01-21 14:10:00-05:00,1.5,1.5099999904632568,1.499899983406067,1.5049999952316284,84499,0.0,0.0
2026-01-21 14:15:00-05:00,1.5010000467300415,1.5099999904632568,1.5,1.5099999904632568,11262,0.0,0.0
2026-01-21 14:20:00-05:00,1.5049999952316284,1.5099999904632568,1.5,1.5083999633789062,43695,0.0,0.0
2026-01-21 14:25:00-05:00,1.5062999725341797,1.5399999618530273,1.5,1.5399999618530273,51877,0.0,0.0
2026-01-21 14:30:00-05:00,1.538100004196167,1.5398999452590942,1.5299999713897705,1.5303000211715698,27108,0.0,0.0
2026-01-21 14:35:00-05:00,1.5312000513076782,1.539199948310852,1.5299999713897705,1.534999966621399,32073,0.0,0.0
2026-01-21 14:40:00-05:00,1.5299999713897705,1.5362999439239502,1.524999976158142,1.534999966621399,60646,0.0,0.0
2026-01-21 14:45:00-05:00,1.5351999998092651,1.5399999618530273,1.5299999713897705,1.534999966621399,86973,0.0,0.0
2026-01-21 14:50:00-05:00,1.534999966621399,1.534999966621399,1.521299958229065,1.5334999561309814,40166,0.0,0.0
2026-01-21 14:55:00-05:00,1.534999966621399,1.5399999618530273,1.5299999713897705,1.534999966621399,21812,0.0,0.0
2026-01-21 15:00:00-05:00,1.534999966621399,1.534999966621399,1.524999976158142,1.5299999713897705,22754,0.0,0.0
2026-01-21 15:05:00-05:00,1.524999976158142,1.5299999713897705,1.5199999809265137,1.5199999809265137,2378431,0.0,0.0
2026-01-21 15:10:00-05:00,1.524999976158142,1.524999976158142,1.5099999904632568,1.5169999599456787,0,0.0,0.0
2026-01-21 15:15:00-05:00,1.5198999643325806,1.5299999713897705,1.5099999904632568,1.524999976158142,62171,0.0,0.0
2026-01-21 15:20:00-05:00,1.5199999809265137,1.524999976158142,1.5,1.5049999952316284,129762,0.0,0.0
2026-01-21 15:25:00-05:00,1.5049999952316284,1.5099999904632568,1.5,1.5,2533446,0.0,0.0
2026-01-21 15:30:00-05:00,1.5049999952316284,1.5099999904632568,1.5,1.5049999952316284,0,0.0,0.0
2026-01-21 15:35:00-05:00,1.5049999952316284,1.5099999904632568,1.500100016593933,1.5049999952316284,2708974,0.0,0.0
2026-01-21 15:40:00-05:00,1.5049999952316284,1.5099999904632568,1.5,1.5049999952316284,0,0.0,0.0
2026-01-21 15:45:00-05:00,1.5049999952316284,1.5098999738693237,1.4900000095367432,1.4946000576019287,319772,0.0,0.0
2026-01-21 15:50:00-05:00,1.4900000095367432,1.5099999904632568,1.4900000095367432,1.5049999952316284,257946,0.0,0.0
2026-01-21 15:55:00-05:00,1.5049999952316284,1.5099999904632568,1.4700000286102295,1.4950000047683716,670073,0.0,0.0
2026-01-22 09:30:00-05:00,1.5399999618530273,1.6349999904632568,1.5299999713897705,1.6150000095367432,691435,0.0,0.0
2026-01-22 09:35:00-05:00,1.6150000095367432,1.6200000047683716,1.5812000036239624,1.5950000286102295,191976,0.0,0.0
2026-01-22 09:40:00-05:00,1.5950000286102295,1.621999979019165,1.5901000499725342,1.621999979019165,69993,0.0,0.0
2026-01-22 09:45:00-05:00,1.621000051498413,1.6399999856948853,1.6050000190734863,1.6050000190734863,169981,0.0,0.0
2026-01-22 09:50:00-05:00,1.6050000190734863,1.6399999856948853,1.6050000190734863,1.6347999572753906,59287,0.0,0.0
2026-01-22 09:55:00-05:00,1.6399999856948853,1.6399999856948853,1.6299999952316284,1.6299999952316284,78744,0.0,0.0
2026-01-22 10:00:00-05:00,1.6349999904632568,1.659999966621399,1.6299999952316284,1.6589000225067139,177001,0.0,0.0
2026-01-22 10:05:00-05:00,1.659999966621399,1.6699999570846558,1.6549999713897705,1.6549999713897705,89263,0.0,0.0
2026-01-22 10:10:00-05:00,1.6503000259399414,1.6649999618530273,1.6399999856948853,1.6608999967575073,117278,0.0,0.0
2026-01-22 10:15:00-05:00,1.6649999618530273,1.6699999570846558,1.649999976158142,1.659999966621399,97355,0.0,0.0
2026-01-22 10:20:00-05:00,1.659999966621399,1.6699999570846558,1.6500999927520752,1.6549999713897705,148135,0.0,0.0
2026-01-22 10:25:00-05:00,1.649999976158142,1.6699999570846558,1.6449999809265137,1.6627999544143677,95326,0.0,0.0
2026-01-22 10:30:00-05:00,1.6644999980926514,1.6799999475479126,1.659999966621399,1.6713999509811401,34708,0.0,0.0
2026-01-22 10:35:00-05:00,1.6799999475479126,1.6799999475479126,1.6699999570846558,1.6799999475479126,20855,0.0,0.0
2026-01-22 10:40:00-05:00,1.6699999570846558,1.6799999475479126,1.6649999618530273,1.6749999523162842,38951,0.0,0.0
2026-01-22 10:45:00-05:00,1.6763999462127686,1.6799999475479126,1.6699999570846558,1.6699999570846558,46580,0.0,0.0
2026-01-22 10:50:00-05:00,1.670199990272522,1.6799999475479126,1.6699999570846558,1.6749999523162842,70322,0.0,0.0
2026-01-22 10:55:00-05:00,1.6749999523162842,1.690000057220459,1.6749999523162842,1.688599944114685,113573,0.0,0.0
2026-01-22 11:00:00-05:00,1.684999942779541,1.690000057220459,1.6799999475479126,1.684999942779541,41354,0.0,0.0
2026-01-22 11:05:00-05:00,1.6899000406265259,1.690000057220459,1.6799999475479126,1.690000057220459,18899,0.0,0.0
2026-01-22 11:10:00-05:00,1.684999942779541,1.690000057220459,1.6799999475479126,1.6799999475479126,23009,0.0,0.0
2026-01-22 11:15:00-05:00,1.6885000467300415,1.690000057220459,1.6799999475479126,1.684999942779541,19967,0.0,0.0
2026-01-22 11:20:00-05:00,1.690000057220459,1.690000057220459,1.6811000108718872,1.684999942779541,24650,0.0,0.0
2026-01-22 11:25:00-05:00,1.690000057220459,1.690000057220459,1.6801999807357788,1.690000057220459,7828,0.0,0.0
2026-01-22 11:30:00-05:00,1.687999963760376,1.690000057220459,1.6799999475479126,1.6892999410629272,55898,0.0,0.0
2026-01-22 11:35:00-05:00,1.684999942779541,1.690000057220459,1.6749999523162842,1.6799999475479126,42527,0.0,0.0
2026-01-22 11:40:00-05:00,1.6800999641418457,1.6800999641418457,1.659999966621399,1.6649999618530273,91460,0.0,0.0
2026-01-22 11:45:00-05:00,1.6648999452590942,1.6799999475479126,1.659999966621399,1.6649999618530273,110574,0.0,0.0
2026-01-22 11:50:00-05:00,1.6649999618530273,1.6684999465942383,1.660099983215332,1.6640000343322754,92987,0.0,0.0
2026-01-22 11:55:00-05:00,1.659999966621399,1.659999966621399,1.649999976158142,1.6546000242233276,122965,0.0,0.0
2026-01-22 12:00:00-05:00,1.6549999713897705,1.659999966621399,1.6511000394821167,1.6549999713897705,35500,0.0,0.0
2026-01-22 12:05:00-05:00,1.6549999713897705,1.659999966621399,1.631500005722046,1.6349999904632568,83867,0.0,0.0
2026-01-22 12:10:00-05:00,1.6313999891281128,1.6399999856948853,1.6301000118255615,1.6349999904632568,55466,0.0,0.0
2026-01-22 12:15:00-05:00,1.6301000118255615,1.6399999856948853,1.6301000118255615,1.6349999904632568,22444,0.0,0.0
2026-01-22 12:20:00-05:00,1.6399999856948853,1.6399999856948853,1.6349999904632568,1.6399999856948853,11318,0.0,0.0
2026-01-22 12:25:00-05:00,1.6399999856948853,1.6399999856948853,1.6299999952316284,1.6399999856948853,15372,0.0,0.0
2026-01-22 12:30:00-05:00,1.6399999856948853,1.659999966621399,1.6349999904632568,1.649999976158142,222951,0.0,0.0
2026-01-22 12:35:00-05:00,1.6513999700546265,1.659500002861023,1.6449999809265137,1.6449999809265137,14497,0.0,0.0
2026-01-22 12:40:00-05:00,1.649999976158142,1.649999976158142,1.6399999856948853,1.645400047302246,19373,0.0,0.0
2026-01-22 12:45:00-05:00,1.6449999809265137,1.649999976158142,1.6399999856948853,1.6449999809265137,4835,0.0,0.0
2026-01-22 12:50:00-05:00,1.649999976158142,1.649999976158142,1.643399953842163,1.649399995803833,38077,0.0,0.0
2026-01-22 12:55:00-05:00,1.6486999988555908,1.649999976158142,1.6399999856948853,1.6401000022888184,5687,0.0,0.0
2026-01-22 13:00:00-05:00,1.649999976158142,1.649999976158142,1.6411000490188599,1.649999976158142,4368,0.0,0.0
2026-01-22 13:05:00-05:00,1.6399999856948853,1.649999976158142,1.6349999904632568,1.6349999904632568,33221,0.0,0.0
2026-01-22 13:10:00-05:00,1.6390000581741333,1.639799952507019,1.6200000047683716,1.6349999904632568,54829,0.0,0.0
2026-01-22 13:15:00-05:00,1.6349999904632568,1.6385999917984009,1.6313999891281128,1.6319999694824219,6812,0.0,0.0
2026-01-22 13:20:00-05:00,1.6399999856948853,1.6399999856948853,1.6303000450134277,1.6398999691009521,12820,0.0,0.0
2026-01-22 13:25:00-05:00,1.6399999856948853,1.6399999856948853,1.6325000524520874,1.6399999856948853,44011,0.0,0.0
2026-01-22 13:30:00-05:00,1.6399999856948853,1.6585999727249146,1.6306999921798706,1.6549999713897705,170357,0.0,0.0
2026-01-22 13:35:00-05:00,1.659999966621399,1.659999966621399,1.6426000595092773,1.6541999578475952,65516,0.0,0.0
2026-01-22 13:40:00-05:00,1.6549999713897705,1.659999966621399,1.649999976158142,1.6546000242233276,11408,0.0,0.0
2026-01-22 13:45:00-05:00,1.6549999713897705,1.659999966621399,1.6514999866485596,1.659999966621399,8811,0.0,0.0
2026-01-22 13:50:00-05:00,1.659999966621399,1.659999966621399,1.6500999927520752,1.6549999713897705,2122,0.0,0.0
2026-01-22 13:55:00-05:00,1.6549999713897705,1.659999966621399,1.649999976158142,1.6549999713897705,32141,0.0,0.0
2026-01-22 14:00:00-05:00,1.6549999713897705,1.659999966621399,1.6510000228881836,1.6549999713897705,13225,0.0,0.0
2026-01-22 14:05:00-05:00,1.659999966621399,1.6699999570846558,1.6549999713897705,1.6699999570846558,29883,0.0,0.0
2026-01-22 14:10:00-05:00,1.660099983215332,1.6699999570846558,1.659999966621399,1.6699999570846558,7268,0.0,0.0
2026-01-22 14:15:00-05:00,1.6649999618530273,1.6699999570846558,1.660099983215332,1.6699999570846558,3351,0.0,0.0
2026-01-22 14:20:00-05:00,1.6699999570846558,1.6699999570846558,1.659999966621399,1.6699999570846558,34335,0.0,0.0
2026-01-22 14:25:00-05:00,1.6610000133514404,1.6699999570846558,1.6610000133514404,1.6690000295639038,3364,0.0,0.0
2026-01-22 14:30:00-05:00,1.6699999570846558,1.6799999475479126,1.659999966621399,1.6779999732971191,71979,0.0,0.0
2026-01-22 14:35:00-05:00,1.6799999475479126,1.6799999475479126,1.6749999523162842,1.6749999523162842,5578,0.0,0.0
2026-01-22 14:40:00-05:00,1.6799999475479126,1.6799999475479126,1.6699999570846558,1.6799999475479126,37450,0.0,0.0
2026-01-22 14:45:00-05:00,1.6799999475479126,1.6799999475479126,1.6708999872207642,1.6749999523162842,12610,0.0,0.0
2026-01-22 14:50:00-05:00,1.6799999475479126,1.6799999475479126,1.6699999570846558,1.6799999475479126,37766,0.0,0.0
2026-01-22 14:55:00-05:00,1.6799999475479126,1.684999942779541,1.6749999523162842,1.684999942779541,27010,0.0,0.0
2026-01-22 15:00:00-05:00,1.690000057220459,1.690000057220459,1.6799999475479126,1.684999942779541,9277,0.0,0.0
2026-01-22 15:05:00-05:00,1.684999942779541,1.7000000476837158,1.6799999475479126,1.6907000541687012,36527,0.0,0.0
2026-01-22 15:10:00-05:00,1.7000000476837158,1.7000000476837158,1.690000057220459,1.6950000524520874,43128,0.0,0.0
2026-01-22 15:15:00-05:00,1.690000057220459,1.7000000476837158,1.690000057220459,1.7000000476837158,44300,0.0,0.0
2026-01-22 15:20:00-05:00,1.6990000009536743,1.7000000476837158,1.6799999475479126,1.690000057220459,44768,0.0,0.0
2026-01-22 15:25:00-05:00,1.684999942779541,1.690000057220459,1.6799999475479126,1.684999942779541,26512,0.0,0.0
2026-01-22 15:30:00-05:00,1.6858999729156494,1.690000057220459,1.6799999475479126,1.684999942779541,42225,0.0,0.0
2026-01-22 15:35:00-05:00,1.684999942779541,1.690000057220459,1.6799999475479126,1.6799999475479126,30459,0.0,0.0
2026-01-22 15:40:00-05:00,1.684999942779541,1.690000057220459,1.6799999475479126,1.684999942779541,17610,0.0,0.0
2026-01-22 15:45:00-05:00,1.690000057220459,1.690000057220459,1.6699999570846558,1.6699999570846558,81894,0.0,0.0
2026-01-22 15:50:00-05:00,1.6749999523162842,1.6789000034332275,1.659999966621399,1.660099983215332,115225,0.0,0.0
2026-01-22 15:55:00-05:00,1.6649999618530273,1.6699999570846558,1.649999976158142,1.6549999713897705,189049,0.0,0.0
2026-01-23 09:30:00-05:00,1.659999966621399,1.690000057220459,1.6449999809265137,1.6649999618530273,268452,0.0,0.0
2026-01-23 09:35:00-05:00,1.6649999618530273,1.6660000085830688,1.6299999952316284,1.6349999904632568,245662,0.0,0.0
2026-01-23 09:40:00-05:00,1.6383999586105347,1.649999976158142,1.6299999952316284,1.6449999809265137,39824,0.0,0.0
2026-01-23 09:45:00-05:00,1.649999976158142,1.649999976158142,1.621000051498413,1.6349999904632568,68658,0.0,0.0
2026-01-23 09:50:00-05:00,1.6399999856948853,1.6399999856948853,1.625,1.6267000436782837,19294,0.0,0.0
2026-01-23 09:55:00-05:00,1.6299999952316284,1.6299999952316284,1.6200000047683716,1.625,20857,0.0,0.0
2026-01-23 10:00:00-05:00,1.6200000047683716,1.625,1.600000023841858,1.6150000095367432,155209,0.0,0.0
2026-01-23 10:05:00-05:00,1.6200000047683716,1.6299999952316284,1.6100000143051147,1.625,67657,0.0,0.0
2026-01-23 10:10:00-05:00,1.6266000270843506,1.6349999904632568,1.6223000288009644,1.625,53186,0.0,0.0
2026-01-23 10:15:00-05:00,1.625,1.6299999952316284,1.6200000047683716,1.625,53607,0.0,0.0
2026-01-23 10:20:00-05:00,1.6299999952316284,1.6449999809265137,1.6299999952316284,1.6399999856948853,17298,0.0,0.0
2026-01-23 10:25:00-05:00,1.6380000114440918,1.6397000551223755,1.6299999952316284,1.6349999904632568,28527,0.0,0.0
2026-01-23 10:30:00-05:00,1.6349999904632568,1.6399999856948853,1.6299999952316284,1.6349999904632568,8453,0.0,0.0
2026-01-23 10:35:00-05:00,1.6349999904632568,1.6399999856948853,1.6299999952316284,1.6299999952316284,5654,0.0,0.0
2026-01-23 10:40:00-05:00,1.6349999904632568,1.6349999904632568,1.6299999952316284,1.6349999904632568,14048,0.0,0.0
2026-01-23 10:45:00-05:00,1.6349999904632568,1.6349999904632568,1.6299999952316284,1.6349999904632568,8812,0.0,0.0
2026-01-23 10:50:00-05:00,1.6299999952316284,1.639299988746643,1.6299999952316284,1.6349999904632568,23915,0.0,0.0
2026-01-23 10:55:00-05:00,1.6349999904632568,1.659999966621399,1.6349999904632568,1.6549999713897705,53700,0.0,0.0
2026-01-23 11:00:00-05:00,1.659999966621399,1.690000057220459,1.6549999713897705,1.6749999523162842,66572,0.0,0.0
2026-01-23 11:05:00-05:00,1.6749999523162842,1.6797000169754028,1.659999966621399,1.6605000495910645,121805,0.0,0.0
2026-01-23 11:10:00-05:00,1.659999966621399,1.6654000282287598,1.649999976158142,1.659999966621399,36441,0.0,0.0
2026-01-23 11:15:00-05:00,1.6549999713897705,1.659999966621399,1.649999976158142,1.6549999713897705,36836,0.0,0.0
2026-01-23 11:20:00-05:00,1.655500054359436,1.659999966621399,1.649999976158142,1.6549999713897705,9781,0.0,0.0
2026-01-23 11:25:00-05:00,1.6549999713897705,1.659999966621399,1.649999976158142,1.6553000211715698,20079,0.0,0.0
2026-01-23 11:30:00-05:00,1.6500999927520752,1.659999966621399,1.649999976158142,1.6549999713897705,22028,0.0,0.0
2026-01-23 11:35:00-05:00,1.6549999713897705,1.659999966621399,1.649999976158142,1.6549999713897705,7904,0.0,0.0
2026-01-23 11:40:00-05:00,1.659999966621399,1.6749999523162842,1.6512999534606934,1.6749999523162842,14969,0.0,0.0
2026-01-23 11:45:00-05:00,1.6746000051498413,1.679900050163269,1.6710000038146973,1.6749999523162842,13156,0.0,0.0
2026-01-23 11:50:00-05:00,1.6749999523162842,1.6749999523162842,1.6699999570846558,1.6699999570846558,8269,0.0,0.0
2026-01-23 11:55:00-05:00,1.6749999523162842,1.6792999505996704,1.659999966621399,1.6749999523162842,21489,0.0,0.0
2026-01-23 12:00:00-05:00,1.6749999523162842,1.6792000532150269,1.6699999570846558,1.6749999523162842,37004,0.0,0.0
2026-01-23 12:05:00-05:00,1.6749999523162842,1.684999942779541,1.6699999570846558,1.6749999523162842,129145,0.0,0.0
2026-01-23 12:10:00-05:00,1.6749999523162842,1.6799999475479126,1.6699999570846558,1.6699999570846558,75534,0.0,0.0
2026-01-23 12:15:00-05:00,1.679900050163269,1.679900050163269,1.659999966621399,1.6649999618530273,28861,0.0,0.0
2026-01-23 12:20:00-05:00,1.6699999570846558,1.6797000169754028,1.659999966621399,1.6649999618530273,20911,0.0,0.0
2026-01-23 12:25:00-05:00,1.6649999618530273,1.669700026512146,1.660099983215332,1.6649999618530273,18312,0.0,0.0
2026-01-23 12:30:00-05:00,1.6649999618530273,1.6699999570846558,1.659999966621399,1.6698999404907227,18976,0.0,0.0
2026-01-23 12:35:00-05:00,1.6690000295639038,1.6699999570846558,1.659999966621399,1.659999966621399,12435,0.0,0.0
2026-01-23 12:40:00-05:00,1.6649999618530273,1.6699999570846558,1.659999966621399,1.660099983215332,54857,0.0,0.0
2026-01-23 12:45:00-05:00,1.6649999618530273,1.6690000295639038,1.659999966621399,1.6632000207901,13512,0.0,0.0
2026-01-23 12:50:00-05:00,1.6649999618530273,1.6649999618530273,1.6632000207901,1.6649999618530273,8110,0.0,0.0
2026-01-23 12:55:00-05:00,1.6649999618530273,1.6657999753952026,1.649999976158142,1.6549999713897705,98608,0.0,0.0
2026-01-23 13:00:00-05:00,1.6549999713897705,1.659000039100647,1.649999976158142,1.659000039100647,10978,0.0,0.0
2026-01-23 13:05:00-05:00,1.6549999713897705,1.6649999618530273,1.649999976158142,1.6649999618530273,26378,0.0,0.0
2026-01-23 13:10:00-05:00,1.6685999631881714,1.6699999570846558,1.6649999618530273,1.6699999570846558,9271,0.0,0.0
2026-01-23 13:15:00-05:00,1.6649999618530273,1.6699999570846558,1.659999966621399,1.6649999618530273,36902,0.0,0.0
2026-01-23 13:20:00-05:00,1.6649999618530273,1.6699999570846558,1.659999966621399,1.6619999408721924,23308,0.0,0.0
2026-01-23 13:25:00-05:00,1.6649999618530273,1.6699999570846558,1.6622999906539917,1.6627999544143677,14487,0.0,0.0
2026-01-23 13:30:00-05:00,1.6649999618530273,1.6649999618530273,1.6539000272750854,1.6549999713897705,37242,0.0,0.0
2026-01-23 13:35:00-05:00,1.6549999713897705,1.659999966621399,1.6549999713897705,1.659999966621399,7883,0.0,0.0
2026-01-23 13:40:00-05:00,1.6549999713897705,1.659999966621399,1.6549999713897705,1.6549999713897705,4795,0.0,0.0
2026-01-23 13:45:00-05:00,1.6549999713897705,1.659999966621399,1.6449999809265137,1.6449999809265137,27191,0.0,0.0
2026-01-23 13:50:00-05:00,1.6449999809265137,1.6449999809265137,1.6449999809265137,1.6449999809265137,6222,0.0,0.0
2026-01-23 13:55:00-05:00,1.6406999826431274,1.6549999713897705,1.6406999826431274,1.6549999713897705,18493,0.0,0.0
2026-01-23 14:00:00-05:00,1.659999966621399,1.659999966621399,1.649999976158142,1.6549999713897705,32050,0.0,0.0
2026-01-23 14:05:00-05:00,1.6549999713897705,1.6549999713897705,1.6510000228881836,1.6549999713897705,7102,0.0,0.0
2026-01-23 14:10:00-05:00,1.649999976158142,1.659999966621399,1.649999976158142,1.6549999713897705,21330,0.0,0.0
2026-01-23 14:15:00-05:00,1.6549999713897705,1.659999966621399,1.649999976158142,1.6549999713897705,8067,0.0,0.0
2026-01-23 14:20:00-05:00,1.649999976158142,1.6690000295639038,1.649999976158142,1.6649999618530273,17566,0.0,0.0
2026-01-23 14:25:00-05:00,1.6685999631881714,1.6685999631881714,1.659999966621399,1.6649999618530273,11816,0.0,0.0
2026-01-23 14:30:00-05:00,1.6649999618530273,1.6699999570846558,1.659999966621399,1.659999966621399,42008,0.0,0.0
2026-01-23 14:35:00-05:00,1.6649999618530273,1.6685999631881714,1.659999966621399,1.659999966621399,34091,0.0,0.0
2026-01-23 14:40:00-05:00,1.6649999618530273,1.6699999570846558,1.659999966621399,1.6649999618530273,43412,0.0,0.0
2026-01-23 14:45:00-05:00,1.6649999618530273,1.6687999963760376,1.659999966621399,1.6649999618530273,12669,0.0,0.0
2026-01-23 14:50:00-05:00,1.659999966621399,1.6649999618530273,1.659999966621399,1.6649999618530273,11845,0.0,0.0
2026-01-23 14:55:00-05:00,1.659999966621399,1.6649999618530273,1.659999966621399,1.6649999618530273,4652,0.0,0.0
2026-01-23 15:00:00-05:00,1.659999966621399,1.659999966621399,1.649999976158142,1.6549999713897705,1213310,0.0,0.0
2026-01-23 15:05:00-05:00,1.649999976158142,1.649999976158142,1.6399999856948853,1.6449999809265137,0,0.0,0.0
2026-01-23 15:10:00-05:00,1.6399999856948853,1.659999966621399,1.6399999856948853,1.659999966621399,36366,0.0,0.0
2026-01-23 15:15:00-05:00,1.659999966621399,1.659999966621399,1.649999976158142,1.6500999927520752,2786,0.0,0.0
2026-01-23 15:20:00-05:00,1.6549999713897705,1.6549999713897705,1.6549999713897705,1.6549999713897705,4424,0.0,0.0
2026-01-23 15:25:00-05:00,1.6513999700546265,1.659999966621399,1.6510000228881836,1.659999966621399,6012,0.0,0.0
2026-01-23 15:30:00-05:00,1.6549999713897705,1.6549999713897705,1.649999976158142,1.6549999713897705,22001,0.0,0.0
2026-01-23 15:35:00-05:00,1.649999976158142,1.659999966621399,1.649999976158142,1.6549999713897705,44200,0.0,0.0
2026-01-23 15:40:00-05:00,1.6549999713897705,1.659999966621399,1.649999976158142,1.6549999713897705,19169,0.0,0.0
2026-01-23 15:45:00-05:00,1.6549999713897705,1.659999966621399,1.649999976158142,1.6598999500274658,37374,0.0,0.0
2026-01-23 15:50:00-05:00,1.6510000228881836,1.659999966621399,1.649999976158142,1.6549999713897705,27349,0.0,0.0
2026-01-23 15:55:00-05:00,1.6549999713897705,1.6649999618530273,1.6500999927520752,1.6549999713897705,1733586,0.0,0.0
2026-01-26 09:30:00-05:00,1.6299999952316284,1.649999976158142,1.5800000429153442,1.6058000326156616,291661,0.0,0.0
2026-01-26 09:35:00-05:00,1.6050000190734863,1.6100000143051147,1.5800000429153442,1.589900016784668,100478,0.0,0.0
2026-01-26 09:40:00-05:00,1.5850000381469727,1.600000023841858,1.5800000429153442,1.590000033378601,101672,0.0,0.0
2026-01-26 09:45:00-05:00,1.590000033378601,1.5999000072479248,1.5800000429153442,1.5987999439239502,65440,0.0,0.0
2026-01-26 09:50:00-05:00,1.5950000286102295,1.5996999740600586,1.5850000381469727,1.5850000381469727,16937,0.0,0.0
2026-01-26 09:55:00-05:00,1.580299973487854,1.590000033378601,1.5800000429153442,1.5850000381469727,104101,0.0,0.0
2026-01-26 10:00:00-05:00,1.5800000429153442,1.600000023841858,1.5715999603271484,1.5995999574661255,71883,0.0,0.0
2026-01-26 10:05:00-05:00,1.5950000286102295,1.600000023841858,1.5906000137329102,1.5950000286102295,31341,0.0,0.0
2026-01-26 10:10:00-05:00,1.600000023841858,1.600000023841858,1.590000033378601,1.5980000495910645,15272,0.0,0.0
2026-01-26 10:15:00-05:00,1.590000033378601,1.6200000047683716,1.590000033378601,1.6150000095367432,36702,0.0,0.0
2026-01-26 10:20:00-05:00,1.6150000095367432,1.6200000047683716,1.6030000448226929,1.6050000190734863,46970,0.0,0.0
2026-01-26 10:25:00-05:00,1.6045000553131104,1.6100000143051147,1.600000023841858,1.6050000190734863,12563,0.0,0.0
2026-01-26 10:30:00-05:00,1.6050000190734863,1.6100000143051147,1.600000023841858,1.6050000190734863,20898,0.0,0.0
2026-01-26 10:35:00-05:00,1.6050000190734863,1.6100000143051147,1.600000023841858,1.6100000143051147,22065,0.0,0.0
2026-01-26 10:40:00-05:00,1.6050000190734863,1.6150000095367432,1.600000023841858,1.6100000143051147,101782,0.0,0.0
2026-01-26 10:45:00-05:00,1.6050000190734863,1.6150000095367432,1.6050000190734863,1.6150000095367432,21474,0.0,0.0
2026-01-26 10:50:00-05:00,1.6180000305175781,1.6298999786376953,1.6180000305175781,1.625,71545,0.0,0.0
2026-01-26 10:55:00-05:00,1.6294000148773193,1.6294000148773193,1.625,1.625,6367,0.0,0.0
2026-01-26 11:00:00-05:00,1.625,1.625,1.621000051498413,1.625,41464,0.0,0.0
2026-01-26 11:05:00-05:00,1.625,1.628000020980835,1.6232999563217163,1.625,7913,0.0,0.0
2026-01-26 11:10:00-05:00,1.625,1.6299999952316284,1.6200000047683716,1.625,64442,0.0,0.0
2026-01-26 11:15:00-05:00,1.625,1.628999948501587,1.6200000047683716,1.622499942779541,31836,0.0,0.0
2026-01-26 11:20:00-05:00,1.625,1.6298999786376953,1.6200000047683716,1.625,58573,0.0,0.0
2026-01-26 11:25:00-05:00,1.6253999471664429,1.6299999952316284,1.621999979019165,1.625,8141,0.0,0.0
2026-01-26 11:30:00-05:00,1.6231000423431396,1.6299999952316284,1.6231000423431396,1.625,11390,0.0,0.0
2026-01-26 11:35:00-05:00,1.625,1.6299999952316284,1.6241999864578247,1.625,7826,0.0,0.0
2026-01-26 11:40:00-05:00,1.621399998664856,1.6299999952316284,1.6200000047683716,1.625,17333,0.0,0.0
2026-01-26 11:45:00-05:00,1.6299999952316284,1.6399999856948853,1.6220999956130981,1.6399999856948853,21740,0.0,0.0
2026-01-26 11:50:00-05:00,1.6349999904632568,1.6399999856948853,1.6349999904632568,1.6390000581741333,9369,0.0,0.0
2026-01-26 11:55:00-05:00,1.6399999856948853,1.6399999856948853,1.6301000118255615,1.6359000205993652,10359,0.0,0.0
2026-01-26 12:00:00-05:00,1.6399999856948853,1.6399999856948853,1.631500005722046,1.6349999904632568,184900,0.0,0.0
2026-01-26 12:05:00-05:00,1.6349999904632568,1.6399999856948853,1.625,1.625,26860,0.0,0.0
2026-01-26 12:10:00-05:00,1.625,1.625,1.625,1.625,818,0.0,0.0
2026-01-26 12:15:00-05:00,1.625,1.6299999952316284,1.624500036239624,1.625,14631,0.0,0.0
2026-01-26 12:20:00-05:00,1.625,1.6299999952316284,1.6216000318527222,1.6299999952316284,43811,0.0,0.0
2026-01-26 12:25:00-05:00,1.625,1.6349999904632568,1.625,1.631500005722046,33212,0.0,0.0
2026-01-26 12:30:00-05:00,1.6349999904632568,1.6365000009536743,1.6328999996185303,1.6328999996185303,8299,0.0,0.0
2026-01-26 12:35:00-05:00,1.6349999904632568,1.6399999856948853,1.6313999891281128,1.6349999904632568,40295,0.0,0.0
2026-01-26 12:40:00-05:00,1.6399999856948853,1.6399999856948853,1.6349999904632568,1.6398999691009521,21257,0.0,0.0
2026-01-26 12:45:00-05:00,1.6349999904632568,1.6399999856948853,1.6306999921798706,1.6349999904632568,8628,0.0,0.0
2026-01-26 12:50:00-05:00,1.6349999904632568,1.6399999856948853,1.632200002670288,1.6349999904632568,6692,0.0,0.0
2026-01-26 12:55:00-05:00,1.6349999904632568,1.6399999856948853,1.6345000267028809,1.6349999904632568,5439,0.0,0.0
2026-01-26 13:00:00-05:00,1.6349999904632568,1.6399999856948853,1.6299999952316284,1.6299999952316284,9005,0.0,0.0
2026-01-26 13:05:00-05:00,1.6349999904632568,1.6399999856948853,1.6330000162124634,1.6399999856948853,16525,0.0,0.0
2026-01-26 13:10:00-05:00,1.6399999856948853,1.6399999856948853,1.6299999952316284,1.6349999904632568,6056,0.0,0.0
2026-01-26 13:15:00-05:00,1.6349999904632568,1.6399999856948853,1.6332999467849731,1.6332999467849731,12529,0.0,0.0
2026-01-26 13:20:00-05:00,1.6349999904632568,1.6399999856948853,1.6299999952316284,1.6299999952316284,47009,0.0,0.0
2026-01-26 13:25:00-05:00,1.6299999952316284,1.6349999904632568,1.6200000047683716,1.6200000047683716,14296,0.0,0.0
2026-01-26 13:30:00-05:00,1.6200000047683716,1.625,1.6200000047683716,1.625,8213,0.0,0.0
2026-01-26 13:35:00-05:00,1.6299999952316284,1.6299999952316284,1.6200000047683716,1.6298999786376953,3491,0.0,0.0
2026-01-26 13:40:00-05:00,1.625,1.625,1.6200000047683716,1.625,26577,0.0,0.0
2026-01-26 13:45:00-05:00,1.6200000047683716,1.625,1.6200000047683716,1.625,7361,0.0,0.0
2026-01-26 13:50:00-05:00,1.625,1.6298999786376953,1.6200000047683716,1.625,11957,0.0,0.0
2026-01-26 13:55:00-05:00,1.625,1.6299999952316284,1.6150000095367432,1.625,31232,0.0,0.0
2026-01-26 14:00:00-05:00,1.628600001335144,1.6299999952316284,1.625,1.625,9342,0.0,0.0
2026-01-26 14:05:00-05:00,1.625,1.6299999952316284,1.620300054550171,1.6299999952316284,7158,0.0,0.0
2026-01-26 14:10:00-05:00,1.625,1.6299999952316284,1.6200000047683716,1.6200000047683716,20210,0.0,0.0
2026-01-26 14:15:00-05:00,1.625,1.6261999607086182,1.6201000213623047,1.625,30111,0.0,0.0
2026-01-26 14:20:00-05:00,1.625,1.6299999952316284,1.625,1.6299999952316284,8502,0.0,0.0
2026-01-26 14:25:00-05:00,1.625,1.625,1.6150000095367432,1.6150000095367432,28844,0.0,0.0
2026-01-26 14:30:00-05:00,1.6101000308990479,1.6200000047683716,1.6101000308990479,1.6150000095367432,10328,0.0,0.0
2026-01-26 14:35:00-05:00,1.6150000095367432,1.6200000047683716,1.6100000143051147,1.6200000047683716,5481,0.0,0.0
2026-01-26 14:40:00-05:00,1.6100000143051147,1.6200000047683716,1.6100000143051147,1.6150000095367432,9415,0.0,0.0
2026-01-26 14:45:00-05:00,1.6200000047683716,1.6200000047683716,1.6050000190734863,1.6050000190734863,23131,0.0,0.0
2026-01-26 14:50:00-05:00,1.6050000190734863,1.6088999509811401,1.600000023841858,1.600600004196167,29825,0.0,0.0
2026-01-26 14:55:00-05:00,1.6050000190734863,1.6050000190734863,1.600000023841858,1.600000023841858,6271,0.0,0.0
2026-01-26 15:00:00-05:00,1.6050000190734863,1.6050000190734863,1.590000033378601,1.5915000438690186,47644,0.0,0.0
2026-01-26 15:05:00-05:00,1.5986000299453735,1.5993000268936157,1.590000033378601,1.5950000286102295,21165,0.0,0.0
2026-01-26 15:10:00-05:00,1.5916999578475952,1.5950000286102295,1.5800000429153442,1.5887000560760498,71405,0.0,0.0
2026-01-26 15:15:00-05:00,1.5850000381469727,1.5857000350952148,1.5800000429153442,1.5846999883651733,17486,0.0,0.0
2026-01-26 15:20:00-05:00,1.5850000381469727,1.5896999835968018,1.5850000381469727,1.5850000381469727,5329,0.0,0.0
2026-01-26 15:25:00-05:00,1.5887000560760498,1.5889999866485596,1.5800000429153442,1.5850000381469727,3325,0.0,0.0
2026-01-26 15:30:00-05:00,1.5889999866485596,1.590000033378601,1.5800000429153442,1.589900016784668,61756,0.0,0.0
2026-01-26 15:35:00-05:00,1.5800000429153442,1.5886000394821167,1.5800000429153442,1.5800000429153442,17786,0.0,0.0
2026-01-26 15:40:00-05:00,1.5800000429153442,1.5987000465393066,1.5800000429153442,1.593500018119812,70519,0.0,0.0
2026-01-26 15:45:00-05:00,1.5950000286102295,1.600000023841858,1.5931999683380127,1.5950000286102295,18896,0.0,0.0
2026-01-26 15:50:00-05:00,1.5950000286102295,1.600000023841858,1.590000033378601,1.600000023841858,36952,0.0,0.0
2026-01-26 15:55:00-05:00,1.5950000286102295,1.600000023841858,1.590000033378601,1.5950000286102295,1125624,0.0,0.0
2026-01-27 09:30:00-05:00,1.600000023841858,1.6449999809265137,1.600000023841858,1.6349999904632568,167543,0.0,0.0
2026-01-27 09:35:00-05:00,1.63100004196167,1.649999976158142,1.6050000190734863,1.6050000190734863,97377,0.0,0.0
2026-01-27 09:40:00-05:00,1.6062999963760376,1.6100000143051147,1.590000033378601,1.5950000286102295,41108,0.0,0.0
2026-01-27 09:45:00-05:00,1.5914000272750854,1.600000023841858,1.5800000429153442,1.5950000286102295,47149,0.0,0.0
2026-01-27 09:50:00-05:00,1.5950000286102295,1.600000023841858,1.590000033378601,1.590000033378601,18513,0.0,0.0
2026-01-27 09:55:00-05:00,1.590000033378601,1.5950000286102295,1.5800000429153442,1.5850000381469727,10635,0.0,0.0
2026-01-27 10:00:00-05:00,1.5800000429153442,1.590000033378601,1.5700000524520874,1.5700000524520874,38478,0.0,0.0
2026-01-27 10:05:00-05:00,1.5700000524520874,1.5800000429153442,1.5700000524520874,1.5742000341415405,27823,0.0,0.0
2026-01-27 10:10:00-05:00,1.5750000476837158,1.590000033378601,1.5700000524520874,1.5850000381469727,71550,0.0,0.0
2026-01-27 10:15:00-05:00,1.5850000381469727,1.600000023841858,1.5850000381469727,1.5950000286102295,36498,0.0,0.0
2026-01-27 10:20:00-05:00,1.600000023841858,1.6086000204086304,1.600000023841858,1.6050000190734863,49921,0.0,0.0
2026-01-27 10:25:00-05:00,1.600000023841858,1.6098999977111816,1.590999960899353,1.600100040435791,36290,0.0,0.0
2026-01-27 10:30:00-05:00,1.600000023841858,1.6150000095367432,1.590000033378601,1.5901000499725342,197938,0.0,0.0
2026-01-27 10:35:00-05:00,1.590000033378601,1.5950000286102295,1.590000033378601,1.5950000286102295,5798,0.0,0.0
2026-01-27 10:40:00-05:00,1.590000033378601,1.600000023841858,1.5850000381469727,1.5950000286102295,44656,0.0,0.0
2026-01-27 10:45:00-05:00,1.5950000286102295,1.5950000286102295,1.590000033378601,1.5950000286102295,93622,0.0,0.0
2026-01-27 10:50:00-05:00,1.600000023841858,1.6100000143051147,1.600000023841858,1.6050000190734863,39055,0.0,0.0
2026-01-27 10:55:00-05:00,1.6050000190734863,1.6150000095367432,1.600000023841858,1.6052000522613525,55210,0.0,0.0
2026-01-27 11:00:00-05:00,1.600000023841858,1.6050000190734863,1.600000023841858,1.6050000190734863,14491,0.0,0.0
2026-01-27 11:05:00-05:00,1.600000023841858,1.6098999977111816,1.600000023841858,1.6050000190734863,15997,0.0,0.0
2026-01-27 11:10:00-05:00,1.6050000190734863,1.6097999811172485,1.600000023841858,1.6050000190734863,32275,0.0,0.0
2026-01-27 11:15:00-05:00,1.6050000190734863,1.6100000143051147,1.6050000190734863,1.6050000190734863,13251,0.0,0.0
2026-01-27 11:20:00-05:00,1.6080000400543213,1.6200000047683716,1.6050000190734863,1.6145999431610107,26155,0.0,0.0
2026-01-27 11:25:00-05:00,1.6100000143051147,1.6162999868392944,1.6100000143051147,1.6119999885559082,7049,0.0,0.0
2026-01-27 11:30:00-05:00,1.6200000047683716,1.625,1.6125999689102173,1.625,28587,0.0,0.0
2026-01-27 11:35:00-05:00,1.6200000047683716,1.6299999952316284,1.6200000047683716,1.6200000047683716,9755,0.0,0.0
2026-01-27 11:40:00-05:00,1.6200000047683716,1.625,1.6116000413894653,1.618899941444397,94269,0.0,0.0
2026-01-27 11:45:00-05:00,1.6150000095367432,1.625,1.6100000143051147,1.6246999502182007,27803,0.0,0.0
2026-01-27 11:50:00-05:00,1.625,1.6273000240325928,1.6200000047683716,1.625,15078,0.0,0.0
2026-01-27 11:55:00-05:00,1.6200000047683716,1.625,1.6150000095367432,1.617300033569336,209641,0.0,0.0
2026-01-27 12:00:00-05:00,1.6100000143051147,1.6150000095367432,1.6100000143051147,1.6100000143051147,14149,0.0,0.0
2026-01-27 12:05:00-05:00,1.6100000143051147,1.6157000064849854,1.6100000143051147,1.6100000143051147,8151,0.0,0.0
2026-01-27 12:10:00-05:00,1.6109999418258667,1.6115000247955322,1.600000023841858,1.6050000190734863,52951,0.0,0.0
2026-01-27 12:15:00-05:00,1.600000023841858,1.6050000190734863,1.5950000286102295,1.5950000286102295,24629,0.0,0.0
2026-01-27 12:20:00-05:00,1.5950000286102295,1.5950000286102295,1.590000033378601,1.590000033378601,7591,0.0,0.0
2026-01-27 12:25:00-05:00,1.5914000272750854,1.5953999757766724,1.590000033378601,1.590000033378601,6203,0.0,0.0
2026-01-27 12:30:00-05:00,1.5950000286102295,1.5999000072479248,1.590000033378601,1.590000033378601,8156,0.0,0.0
2026-01-27 12:35:00-05:00,1.5950000286102295,1.5987000465393066,1.590000033378601,1.590000033378601,42525,0.0,0.0
2026-01-27 12:40:00-05:00,1.590000033378601,1.600000023841858,1.590000033378601,1.5950000286102295,7299,0.0,0.0
2026-01-27 12:45:00-05:00,1.590000033378601,1.600000023841858,1.5850000381469727,1.600000023841858,34329,0.0,0.0
2026-01-27 12:50:00-05:00,1.5950000286102295,1.600000023841858,1.590000033378601,1.590000033378601,5563,0.0,0.0
2026-01-27 12:55:00-05:00,1.5950000286102295,1.600000023841858,1.590000033378601,1.5950000286102295,18183,0.0,0.0
2026-01-27 13:00:00-05:00,1.5950000286102295,1.600000023841858,1.590000033378601,1.5950000286102295,32929,0.0,0.0
2026-01-27 13:05:00-05:00,1.5950000286102295,1.600000023841858,1.590000033378601,1.5950000286102295,7046,0.0,0.0
2026-01-27 13:10:00-05:00,1.5950000286102295,1.600000023841858,1.5850000381469727,1.5850000381469727,28496,0.0,0.0
2026-01-27 13:15:00-05:00,1.5800000429153442,1.590000033378601,1.5800000429153442,1.5867999792099,6889,0.0,0.0
2026-01-27 13:20:00-05:00,1.5856000185012817,1.590000033378601,1.5800000429153442,1.5850000381469727,12311,0.0,0.0
2026-01-27 13:25:00-05:00,1.5805000066757202,1.600000023841858,1.5805000066757202,1.600000023841858,86745,0.0,0.0
2026-01-27 13:30:00-05:00,1.5950000286102295,1.600000023841858,1.590000033378601,1.590000033378601,5195,0.0,0.0
2026-01-27 13:35:00-05:00,1.590000033378601,1.600000023841858,1.590000033378601,1.5950000286102295,5586,0.0,0.0
2026-01-27 13:40:00-05:00,1.600000023841858,1.600000023841858,1.590000033378601,1.5950000286102295,7785,0.0,0.0
2026-01-27 13:45:00-05:00,1.600000023841858,1.600000023841858,1.590000033378601,1.590000033378601,18934,0.0,0.0
2026-01-27 13:50:00-05:00,1.600000023841858,1.600000023841858,1.5950000286102295,1.600000023841858,12594,0.0,0.0
2026-01-27 13:55:00-05:00,1.600000023841858,1.6100000143051147,1.600000023841858,1.6050000190734863,41389,0.0,0.0
2026-01-27 14:00:00-05:00,1.6100000143051147,1.6100000143051147,1.6016000509262085,1.6016000509262085,4904,0.0,0.0
2026-01-27 14:05:00-05:00,1.6002000570297241,1.6100000143051147,1.600100040435791,1.6100000143051147,8495,0.0,0.0
2026-01-27 14:10:00-05:00,1.600000023841858,1.6100000143051147,1.600000023841858,1.6100000143051147,6576,0.0,0.0
2026-01-27 14:15:00-05:00,1.6050000190734863,1.6100000143051147,1.600000023841858,1.6100000143051147,6948,0.0,0.0
2026-01-27 14:20:00-05:00,1.6050000190734863,1.6100000143051147,1.600000023841858,1.6051000356674194,3459,0.0,0.0
2026-01-27 14:25:00-05:00,1.6100000143051147,1.6200000047683716,1.600000023841858,1.6150000095367432,75745,0.0,0.0
2026-01-27 14:30:00-05:00,1.6150000095367432,1.6200000047683716,1.6100000143051147,1.6100000143051147,15266,0.0,0.0
2026-01-27 14:35:00-05:00,1.6100000143051147,1.6150000095367432,1.6100000143051147,1.6100000143051147,9130,0.0,0.0
2026-01-27 14:40:00-05:00,1.6100000143051147,1.6198999881744385,1.6100000143051147,1.6150000095367432,7877,0.0,0.0
2026-01-27 14:45:00-05:00,1.6100000143051147,1.6200000047683716,1.6100000143051147,1.6100000143051147,24049,0.0,0.0
2026-01-27 14:50:00-05:00,1.6150000095367432,1.6150000095367432,1.600000023841858,1.6009000539779663,12583,0.0,0.0
2026-01-27 14:55:00-05:00,1.600000023841858,1.6100000143051147,1.600000023841858,1.6050000190734863,29712,0.0,0.0
2026-01-27 15:00:00-05:00,1.6050000190734863,1.6100000143051147,1.600000023841858,1.6050000190734863,30826,0.0,0.0
2026-01-27 15:05:00-05:00,1.6050000190734863,1.6100000143051147,1.600000023841858,1.6050000190734863,31332,0.0,0.0
2026-01-27 15:10:00-05:00,1.6015000343322754,1.6100000143051147,1.6015000343322754,1.6100000143051147,6289,0.0,0.0
2026-01-27 15:15:00-05:00,1.6050000190734863,1.6100000143051147,1.600100040435791,1.6100000143051147,1146964,0.0,0.0
2026-01-27 15:20:00-05:00,1.6100000143051147,1.6298999786376953,1.6100000143051147,1.625,0,0.0,0.0
2026-01-27 15:25:00-05:00,1.625,1.6299999952316284,1.6201000213623047,1.625,25464,0.0,0.0
2026-01-27 15:30:00-05:00,1.625,1.625,1.6100000143051147,1.6100000143051147,76415,0.0,0.0
2026-01-27 15:35:00-05:00,1.6200000047683716,1.6200000047683716,1.600000023841858,1.6050000190734863,36633,0.0,0.0
2026-01-27 15:40:00-05:00,1.6050000190734863,1.6100000143051147,1.600000023841858,1.6100000143051147,5784,0.0,0.0
2026-01-27 15:45:00-05:00,1.6100000143051147,1.6100000143051147,1.600000023841858,1.6050000190734863,103486,0.0,0.0
2026-01-27 15:50:00-05:00,1.6050000190734863,1.6100000143051147,1.590000033378601,1.590000033378601,60177,0.0,0.0
2026-01-27 15:55:00-05:00,1.590000033378601,1.600000023841858,1.590000033378601,1.5950000286102295,122309,0.0,0.0
2026-01-28 09:30:00-05:00,1.600000023841858,1.6080000400543213,1.5813000202178955,1.5813000202178955,124339,0.0,0.0
2026-01-28 09:35:00-05:00,1.5850000381469727,1.590000033378601,1.5700000524520874,1.5750000476837158,93838,0.0,0.0
2026-01-28 09:40:00-05:00,1.5786999464035034,1.5800000429153442,1.5702999830245972,1.5750000476837158,23232,0.0,0.0
2026-01-28 09:45:00-05:00,1.5700000524520874,1.5800000429153442,1.5549999475479126,1.5549999475479126,194047,0.0,0.0
2026-01-28 09:50:00-05:00,1.559999942779541,1.559999942779541,1.5499999523162842,1.5549999475479126,83386,0.0,0.0
2026-01-28 09:55:00-05:00,1.5499999523162842,1.551800012588501,1.5399999618530273,1.5449999570846558,180964,0.0,0.0
2026-01-28 10:00:00-05:00,1.5399999618530273,1.5499999523162842,1.5299999713897705,1.5449999570846558,138093,0.0,0.0
2026-01-28 10:05:00-05:00,1.5405999422073364,1.5475000143051147,1.5299999713897705,1.5399999618530273,99729,0.0,0.0
2026-01-28 10:10:00-05:00,1.534999966621399,1.5399999618530273,1.5199999809265137,1.5199999809265137,36767,0.0,0.0
2026-01-28 10:15:00-05:00,1.5199999809265137,1.5299999713897705,1.5099999904632568,1.5149999856948853,249793,0.0,0.0
2026-01-28 10:20:00-05:00,1.5149999856948853,1.5299999713897705,1.5149999856948853,1.5299999713897705,73068,0.0,0.0
2026-01-28 10:25:00-05:00,1.5199999809265137,1.5299999713897705,1.5199999809265137,1.524999976158142,99581,0.0,0.0
2026-01-28 10:30:00-05:00,1.524999976158142,1.5299999713897705,1.5199999809265137,1.529099941253662,11650,0.0,0.0
2026-01-28 10:35:00-05:00,1.524999976158142,1.5299999713897705,1.5199999809265137,1.520900011062622,8272,0.0,0.0
2026-01-28 10:40:00-05:00,1.5297000408172607,1.5299999713897705,1.5199999809265137,1.524999976158142,25425,0.0,0.0
2026-01-28 10:45:00-05:00,1.527899980545044,1.5298999547958374,1.5216000080108643,1.5216000080108643,12790,0.0,0.0
2026-01-28 10:50:00-05:00,1.524999976158142,1.5298000574111938,1.5199999809265137,1.5290000438690186,14629,0.0,0.0
2026-01-28 10:55:00-05:00,1.524999976158142,1.5293999910354614,1.5149999856948853,1.5149999856948853,35666,0.0,0.0
2026-01-28 11:00:00-05:00,1.5149999856948853,1.5285999774932861,1.5149999856948853,1.5285999774932861,46315,0.0,0.0
2026-01-28 11:05:00-05:00,1.5299999713897705,1.5299999713897705,1.524999976158142,1.524999976158142,15392,0.0,0.0
2026-01-28 11:10:00-05:00,1.5299999713897705,1.534999966621399,1.524999976158142,1.534999966621399,77422,0.0,0.0
2026-01-28 11:15:00-05:00,1.5299999713897705,1.5399999618530273,1.5299999713897705,1.5391000509262085,20779,0.0,0.0
2026-01-28 11:20:00-05:00,1.5299999713897705,1.534999966621399,1.5233999490737915,1.5300999879837036,78909,0.0,0.0
2026-01-28 11:25:00-05:00,1.5299999713897705,1.5398999452590942,1.5299999713897705,1.5398999452590942,30538,0.0,0.0
2026-01-28 11:30:00-05:00,1.5299999713897705,1.534999966621399,1.5233999490737915,1.524999976158142,13557,0.0,0.0
2026-01-28 11:35:00-05:00,1.5199999809265137,1.524999976158142,1.5099999904632568,1.5149999856948853,150168,0.0,0.0
2026-01-28 11:40:00-05:00,1.5149999856948853,1.5169999599456787,1.5099999904632568,1.5149999856948853,9319,0.0,0.0
2026-01-28 11:45:00-05:00,1.5149999856948853,1.5199999809265137,1.5099999904632568,1.5149999856948853,33651,0.0,0.0
2026-01-28 11:50:00-05:00,1.5149999856948853,1.5194000005722046,1.5099999904632568,1.5099999904632568,18110,0.0,0.0
2026-01-28 11:55:00-05:00,1.5099999904632568,1.5299999713897705,1.5099999904632568,1.524999976158142,27806,0.0,0.0
2026-01-28 12:00:00-05:00,1.5298999547958374,1.5299999713897705,1.5246000289916992,1.5299999713897705,40146,0.0,0.0
2026-01-28 12:05:00-05:00,1.524999976158142,1.5299999713897705,1.5202000141143799,1.524999976158142,9322,0.0,0.0
2026-01-28 12:10:00-05:00,1.527999997138977,1.5299999713897705,1.524999976158142,1.5299999713897705,8571,0.0,0.0
2026-01-28 12:15:00-05:00,1.5268000364303589,1.5399999618530273,1.524999976158142,1.524999976158142,54245,0.0,0.0
2026-01-28 12:20:00-05:00,1.524999976158142,1.5296000242233276,1.524999976158142,1.524999976158142,8972,0.0,0.0
2026-01-28 12:25:00-05:00,1.524999976158142,1.5299999713897705,1.5199999809265137,1.5199999809265137,13551,0.0,0.0
2026-01-28 12:30:00-05:00,1.524999976158142,1.524999976158142,1.5199999809265137,1.5226000547409058,13922,0.0,0.0
2026-01-28 12:35:00-05:00,1.520300030708313,1.5299999713897705,1.5199999809265137,1.5262000560760498,4292,0.0,0.0
2026-01-28 12:40:00-05:00,1.524999976158142,1.5299999713897705,1.5199999809265137,1.524999976158142,47328,0.0,0.0
2026-01-28 12:45:00-05:00,1.524999976158142,1.534999966621399,1.5199999809265137,1.534999966621399,26741,0.0,0.0
2026-01-28 12:50:00-05:00,1.534999966621399,1.5393999814987183,1.5299999713897705,1.5331000089645386,1857,0.0,0.0
2026-01-28 12:55:00-05:00,1.534999966621399,1.5399999618530273,1.524999976158142,1.524999976158142,28363,0.0,0.0
2026-01-28 13:00:00-05:00,1.524999976158142,1.5299999713897705,1.5199999809265137,1.524999976158142,21727,0.0,0.0
2026-01-28 13:05:00-05:00,1.5267000198364258,1.5299999713897705,1.5199999809265137,1.5299999713897705,21189,0.0,0.0
2026-01-28 13:10:00-05:00,1.524999976158142,1.5295000076293945,1.5199999809265137,1.524999976158142,2066,0.0,0.0
2026-01-28 13:15:00-05:00,1.524999976158142,1.5399999618530273,1.5199999809265137,1.5299999713897705,43706,0.0,0.0
2026-01-28 13:20:00-05:00,1.5299999713897705,1.5390000343322754,1.5299999713897705,1.5360000133514404,5851,0.0,0.0
2026-01-28 13:25:00-05:00,1.5299999713897705,1.5399999618530273,1.5299999713897705,1.5399999618530273,23652,0.0,0.0
2026-01-28 13:30:00-05:00,1.5299999713897705,1.5398999452590942,1.5299999713897705,1.534999966621399,25282,0.0,0.0
2026-01-28 13:35:00-05:00,1.5391000509262085,1.5391000509262085,1.5300999879837036,1.534999966621399,2829,0.0,0.0
2026-01-28 13:40:00-05:00,1.5299999713897705,1.5384999513626099,1.524999976158142,1.524999976158142,63554,0.0,0.0
2026-01-28 13:45:00-05:00,1.524999976158142,1.527899980545044,1.5199999809265137,1.5233999490737915,3636,0.0,0.0
2026-01-28 13:50:00-05:00,1.5224000215530396,1.5299999713897705,1.5224000215530396,1.5299999713897705,3435,0.0,0.0
2026-01-28 13:55:00-05:00,1.5299999713897705,1.5299999713897705,1.524999976158142,1.527500033378601,11648,0.0,0.0
2026-01-28 14:00:00-05:00,1.5199999809265137,1.5293999910354614,1.5199999809265137,1.5236999988555908,64803,0.0,0.0
2026-01-28 14:05:00-05:00,1.5286999940872192,1.5299999713897705,1.5199999809265137,1.5199999809265137,13857,0.0,0.0
2026-01-28 14:10:00-05:00,1.524999976158142,1.5299999713897705,1.5199999809265137,1.524999976158142,40618,0.0,0.0
2026-01-28 14:15:00-05:00,1.524999976158142,1.5299999713897705,1.5199999809265137,1.5199999809265137,9723,0.0,0.0
2026-01-28 14:20:00-05:00,1.524999976158142,1.5299999713897705,1.5245000123977661,1.5299999713897705,4723,0.0,0.0
2026-01-28 14:25:00-05:00,1.524999976158142,1.52839994430542,1.5149999856948853,1.5199999809265137,40418,0.0,0.0
2026-01-28 14:30:00-05:00,1.5149999856948853,1.5299999713897705,1.5149999856948853,1.5199999809265137,27396,0.0,0.0
2026-01-28 14:35:00-05:00,1.5267000198364258,1.526900053024292,1.524999976158142,1.526900053024292,2787,0.0,0.0
2026-01-28 14:40:00-05:00,1.524999976158142,1.524999976158142,1.5205999612808228,1.524999976158142,3956,0.0,0.0
2026-01-28 14:45:00-05:00,1.524999976158142,1.5362000465393066,1.521299958229065,1.5362000465393066,33491,0.0,0.0
2026-01-28 14:50:00-05:00,1.534000039100647,1.5399999618530273,1.5300999879837036,1.5300999879837036,7950,0.0,0.0
2026-01-28 14:55:00-05:00,1.534999966621399,1.5398999452590942,1.524999976158142,1.524999976158142,39693,0.0,0.0
2026-01-28 15:00:00-05:00,1.524999976158142,1.5299999713897705,1.524999976158142,1.5299999713897705,10146,0.0,0.0
2026-01-28 15:05:00-05:00,1.524999976158142,1.534999966621399,1.524999976158142,1.534999966621399,29445,0.0,0.0
2026-01-28 15:10:00-05:00,1.5306999683380127,1.5393999814987183,1.5299999713897705,1.534999966621399,18425,0.0,0.0
2026-01-28 15:15:00-05:00,1.5299999713897705,1.5302000045776367,1.524999976158142,1.524999976158142,38251,0.0,0.0
2026-01-28 15:20:00-05:00,1.524999976158142,1.5299999713897705,1.5210000276565552,1.524999976158142,14085,0.0,0.0
2026-01-28 15:25:00-05:00,1.5200999975204468,1.5298999547958374,1.5199999809265137,1.5199999809265137,42967,0.0,0.0
2026-01-28 15:30:00-05:00,1.5199999809265137,1.5298999547958374,1.5199999809265137,1.5298999547958374,90566,0.0,0.0
2026-01-28 15:35:00-05:00,1.524999976158142,1.5298999547958374,1.5199999809265137,1.524999976158142,4545,0.0,0.0
2026-01-28 15:40:00-05:00,1.5299999713897705,1.5299999713897705,1.5246000289916992,1.5299999713897705,75304,0.0,0.0
2026-01-28 15:45:00-05:00,1.5299999713897705,1.5299999713897705,1.524999976158142,1.5299999713897705,53430,0.0,0.0
2026-01-28 15:50:00-05:00,1.5299999713897705,1.5399999618530273,1.524999976158142,1.5399999618530273,72967,0.0,0.0
2026-01-28 15:55:00-05:00,1.5399999618530273,1.5499999523162842,1.534999966621399,1.5485999584197998,106965,0.0,0.0
2026-01-29 09:30:00-05:00,1.5499999523162842,1.5499999523162842,1.5099999904632568,1.5115000009536743,110633,0.0,0.0
2026-01-29 09:35:00-05:00,1.5149999856948853,1.5384999513626099,1.5147000551223755,1.534999966621399,37420,0.0,0.0
2026-01-29 09:40:00-05:00,1.5341999530792236,1.559999942779541,1.5341999530792236,1.5499999523162842,61455,0.0,0.0
2026-01-29 09:45:00-05:00,1.5499999523162842,1.5549999475479126,1.5399999618530273,1.5449999570846558,14783,0.0,0.0
2026-01-29 09:50:00-05:00,1.5449999570846558,1.5499999523162842,1.5410000085830688,1.5449999570846558,14412,0.0,0.0
2026-01-29 09:55:00-05:00,1.5441999435424805,1.5499999523162842,1.531000018119812,1.531000018119812,34911,0.0,0.0
2026-01-29 10:00:00-05:00,1.534999966621399,1.534999966621399,1.524999976158142,1.524999976158142,87917,0.0,0.0
2026-01-29 10:05:00-05:00,1.5267000198364258,1.534999966621399,1.524999976158142,1.524999976158142,26047,0.0,0.0
2026-01-29 10:10:00-05:00,1.524999976158142,1.5264999866485596,1.5149999856948853,1.5149999856948853,45141,0.0,0.0
2026-01-29 10:15:00-05:00,1.5149999856948853,1.5255000591278076,1.5099999904632568,1.524999976158142,15827,0.0,0.0
2026-01-29 10:20:00-05:00,1.5199999809265137,1.5299999713897705,1.5199999809265137,1.5199999809265137,13636,0.0,0.0
2026-01-29 10:25:00-05:00,1.5199999809265137,1.5298999547958374,1.5199999809265137,1.5199999809265137,16457,0.0,0.0
2026-01-29 10:30:00-05:00,1.5199999809265137,1.5199999809265137,1.5099999904632568,1.5099999904632568,64595,0.0,0.0
2026-01-29 10:35:00-05:00,1.5099999904632568,1.5199999809265137,1.5099999904632568,1.5099999904632568,16631,0.0,0.0
2026-01-29 10:40:00-05:00,1.5099999904632568,1.5199999809265137,1.5099999904632568,1.5099999904632568,13466,0.0,0.0
2026-01-29 10:45:00-05:00,1.5099999904632568,1.5161999464035034,1.5,1.5161999464035034,93767,0.0,0.0
2026-01-29 10:50:00-05:00,1.5099999904632568,1.5099999904632568,1.5,1.5,11682,0.0,0.0
2026-01-29 10:55:00-05:00,1.5084999799728394,1.5099999904632568,1.5,1.5098999738693237,30373,0.0,0.0
2026-01-29 11:00:00-05:00,1.5049999952316284,1.5099999904632568,1.5003000497817993,1.5049999952316284,33733,0.0,0.0
2026-01-29 11:05:00-05:00,1.5049999952316284,1.5098999738693237,1.5045000314712524,1.5049999952316284,22310,0.0,0.0
2026-01-29 11:10:00-05:00,1.5051000118255615,1.5199999809265137,1.5011999607086182,1.5149999856948853,59989,0.0,0.0
2026-01-29 11:15:00-05:00,1.5149999856948853,1.5149999856948853,1.5099999904632568,1.5149999856948853,10030,0.0,0.0
2026-01-29 11:20:00-05:00,1.5117000341415405,1.5199999809265137,1.51010000705719,1.5149999856948853,13039,0.0,0.0
2026-01-29 11:25:00-05:00,1.5149999856948853,1.5198999643325806,1.5099999904632568,1.5149999856948853,13370,0.0,0.0
2026-01-29 11:30:00-05:00,1.5099999904632568,1.5149999856948853,1.5099999904632568,1.5099999904632568,15387,0.0,0.0
2026-01-29 11:35:00-05:00,1.5099999904632568,1.5149999856948853,1.5099999904632568,1.5099999904632568,5058,0.0,0.0
2026-01-29 11:40:00-05:00,1.5110000371932983,1.5187000036239624,1.5110000371932983,1.5149999856948853,7532,0.0,0.0
2026-01-29 11:45:00-05:00,1.511299967765808,1.5149999856948853,1.51010000705719,1.5149999856948853,14754,0.0,0.0
2026-01-29 11:50:00-05:00,1.5149999856948853,1.5299999713897705,1.5149999856948853,1.5298999547958374,41184,0.0,0.0
2026-01-29 11:55:00-05:00,1.5247999429702759,1.5298999547958374,1.5199999809265137,1.524999976158142,17387,0.0,0.0
2026-01-29 12:00:00-05:00,1.5199999809265137,1.5299999713897705,1.5199999809265137,1.524999976158142,43244,0.0,0.0
2026-01-29 12:05:00-05:00,1.524999976158142,1.5298999547958374,1.5199999809265137,1.521399974822998,25693,0.0,0.0
2026-01-29 12:10:00-05:00,1.524999976158142,1.5299999713897705,1.523300051689148,1.524999976158142,10285,0.0,0.0
2026-01-29 12:15:00-05:00,1.524999976158142,1.5269999504089355,1.5219999551773071,1.524999976158142,32078,0.0,0.0
2026-01-29 12:20:00-05:00,1.524999976158142,1.5299999713897705,1.5200999975204468,1.523300051689148,32026,0.0,0.0
2026-01-29 12:25:00-05:00,1.528499960899353,1.5285999774932861,1.5199999809265137,1.5235999822616577,11551,0.0,0.0
2026-01-29 12:30:00-05:00,1.524999976158142,1.5298999547958374,1.5199999809265137,1.5298999547958374,17941,0.0,0.0
2026-01-29 12:35:00-05:00,1.524999976158142,1.524999976158142,1.5199999809265137,1.5199999809265137,1902,0.0,0.0
2026-01-29 12:40:00-05:00,1.5199999809265137,1.5298000574111938,1.5199999809265137,1.5199999809265137,13664,0.0,0.0
2026-01-29 12:45:00-05:00,1.524999976158142,1.5262000560760498,1.5199999809265137,1.5199999809265137,9437,0.0,0.0
2026-01-29 12:50:00-05:00,1.5199999809265137,1.5199999809265137,1.5149999856948853,1.5149999856948853,12863,0.0,0.0
2026-01-29 12:55:00-05:00,1.5149999856948853,1.5199999809265137,1.5149999856948853,1.5149999856948853,6082,0.0,0.0
2026-01-29 13:00:00-05:00,1.5185999870300293,1.5185999870300293,1.51010000705719,1.5149999856948853,15091,0.0,0.0
2026-01-29 13:05:00-05:00,1.5149999856948853,1.5154000520706177,1.5099999904632568,1.5149999856948853,35458,0.0,0.0
2026-01-29 13:10:00-05:00,1.5149999856948853,1.5187000036239624,1.5149999856948853,1.5149999856948853,6918,0.0,0.0
2026-01-29 13:15:00-05:00,1.5149999856948853,1.5190000534057617,1.5099999904632568,1.5149999856948853,4987,0.0,0.0
2026-01-29 13:20:00-05:00,1.5119999647140503,1.5149999856948853,1.5099999904632568,1.5099999904632568,3442,0.0,0.0
2026-01-29 13:25:00-05:00,1.5099999904632568,1.5185999870300293,1.5099999904632568,1.5149999856948853,12115,0.0,0.0
2026-01-29 13:30:00-05:00,1.5099999904632568,1.5192999839782715,1.5099999904632568,1.510599970817566,119440,0.0,0.0
2026-01-29 13:35:00-05:00,1.5099999904632568,1.5199999809265137,1.5099999904632568,1.5149999856948853,39727,0.0,0.0
2026-01-29 13:40:00-05:00,1.516800045967102,1.516800045967102,1.5099999904632568,1.5149999856948853,13123,0.0,0.0
2026-01-29 13:45:00-05:00,1.5148999691009521,1.5199999809265137,1.5148999691009521,1.5149999856948853,6455,0.0,0.0
2026-01-29 13:50:00-05:00,1.5187000036239624,1.5187000036239624,1.510699987411499,1.510699987411499,2408,0.0,0.0
2026-01-29 13:55:00-05:00,1.5187000036239624,1.5198999643325806,1.5099999904632568,1.5198999643325806,9138,0.0,0.0
2026-01-29 14:00:00-05:00,1.5099999904632568,1.5149999856948853,1.5099999904632568,1.5103000402450562,23983,0.0,0.0
2026-01-29 14:05:00-05:00,1.510699987411499,1.5199999809265137,1.5103000402450562,1.5149999856948853,28228,0.0,0.0
2026-01-29 14:10:00-05:00,1.5149999856948853,1.524999976158142,1.5149999856948853,1.524999976158142,36804,0.0,0.0
2026-01-29 14:15:00-05:00,1.524999976158142,1.5288000106811523,1.521299958229065,1.524999976158142,2249,0.0,0.0
2026-01-29 14:20:00-05:00,1.5199999809265137,1.5298999547958374,1.5199999809265137,1.524999976158142,24451,0.0,0.0
2026-01-29 14:25:00-05:00,1.524999976158142,1.524999976158142,1.5240000486373901,1.524999976158142,3839,0.0,0.0
2026-01-29 14:30:00-05:00,1.5199999809265137,1.524999976158142,1.5099999904632568,1.5099999904632568,44173,0.0,0.0
2026-01-29 14:35:00-05:00,1.5149999856948853,1.5199999809265137,1.5099999904632568,1.5187000036239624,16333,0.0,0.0
2026-01-29 14:40:00-05:00,1.5149999856948853,1.5187000036239624,1.5149999856948853,1.5187000036239624,2160,0.0,0.0
2026-01-29 14:45:00-05:00,1.5187000036239624,1.5187000036239624,1.5149999856948853,1.5149999856948853,8204,0.0,0.0
2026-01-29 14:50:00-05:00,1.519700050354004,1.519700050354004,1.5099999904632568,1.5113999843597412,35276,0.0,0.0
2026-01-29 14:55:00-05:00,1.5099999904632568,1.5199999809265137,1.5099999904632568,1.5099999904632568,16322,0.0,0.0
2026-01-29 15:00:00-05:00,1.5190000534057617,1.5195000171661377,1.5,1.5098999738693237,83467,0.0,0.0
2026-01-29 15:05:00-05:00,1.503999948501587,1.5099999904632568,1.5,1.5049999952316284,30688,0.0,0.0
2026-01-29 15:10:00-05:00,1.5049999952316284,1.5199999809265137,1.5,1.513200044631958,71562,0.0,0.0
2026-01-29 15:15:00-05:00,1.513100028038025,1.5149999856948853,1.5099999904632568,1.5149999856948853,24703,0.0,0.0
2026-01-29 15:20:00-05:00,1.5099999904632568,1.5125000476837158,1.5099999904632568,1.5099999904632568,3229,0.0,0.0
2026-01-29 15:25:00-05:00,1.5099999904632568,1.516700029373169,1.5049999952316284,1.506100058555603,66645,0.0,0.0
2026-01-29 15:30:00-05:00,1.506700038909912,1.5099999904632568,1.501099944114685,1.5099999904632568,20061,0.0,0.0
2026-01-29 15:35:00-05:00,1.5098999738693237,1.5099999904632568,1.5,1.5049999952316284,17710,0.0,0.0
2026-01-29 15:40:00-05:00,1.5099999904632568,1.5199999809265137,1.5049999952316284,1.5149999856948853,59626,0.0,0.0
2026-01-29 15:45:00-05:00,1.5149999856948853,1.5199999809265137,1.5099999904632568,1.5149999856948853,12663,0.0,0.0
2026-01-29 15:50:00-05:00,1.5199999809265137,1.5199999809265137,1.5099999904632568,1.5199999809265137,12846,0.0,0.0
2026-01-29 15:55:00-05:00,1.5124000310897827,1.5199999809265137,1.5099999904632568,1.5149999856948853,129674,0.0,0.0
2026-01-30 09:30:00-05:00,1.5099999904632568,1.534999966621399,1.4904999732971191,1.534999966621399,364514,0.0,0.0
2026-01-30 09:35:00-05:00,1.534999966621399,1.534999966621399,1.5115000009536743,1.5115000009536743,11407,0.0,0.0
2026-01-30 09:40:00-05:00,1.5149999856948853,1.5188000202178955,1.5003999471664429,1.5049999952316284,12827,0.0,0.0
2026-01-30 09:45:00-05:00,1.5,1.5098999738693237,1.5,1.5049999952316284,44049,0.0,0.0
2026-01-30 09:50:00-05:00,1.5049999952316284,1.5198999643325806,1.5,1.5049999952316284,29005,0.0,0.0
2026-01-30 09:55:00-05:00,1.5054999589920044,1.5054999589920044,1.4900000095367432,1.4987000226974487,18372,0.0,0.0
2026-01-30 10:00:00-05:00,1.4900000095367432,1.4950000047683716,1.4800000190734863,1.4850000143051147,97488,0.0,0.0
2026-01-30 10:05:00-05:00,1.4800000190734863,1.4800000190734863,1.4700000286102295,1.475000023841858,179543,0.0,0.0
2026-01-30 10:10:00-05:00,1.475000023841858,1.4774999618530273,1.4550000429153442,1.4700000286102295,96397,0.0,0.0
2026-01-30 10:15:00-05:00,1.465000033378601,1.4700000286102295,1.4500000476837158,1.4500000476837158,151295,0.0,0.0
2026-01-30 10:20:00-05:00,1.4550000429153442,1.4600000381469727,1.4500000476837158,1.4599000215530396,62658,0.0,0.0
2026-01-30 10:25:00-05:00,1.4500000476837158,1.4599000215530396,1.4500000476837158,1.4589999914169312,33174,0.0,0.0
2026-01-30 10:30:00-05:00,1.4523999691009521,1.4600000381469727,1.450600028038025,1.4550000429153442,33033,0.0,0.0
2026-01-30 10:35:00-05:00,1.451300024986267,1.4700000286102295,1.4500000476837158,1.4667999744415283,69449,0.0,0.0
2026-01-30 10:40:00-05:00,1.465000033378601,1.4700000286102295,1.465000033378601,1.465000033378601,37944,0.0,0.0
2026-01-30 10:45:00-05:00,1.4644999504089355,1.4800000190734863,1.4644999504089355,1.475000023841858,97586,0.0,0.0
2026-01-30 10:50:00-05:00,1.475000023841858,1.4800000190734863,1.4700000286102295,1.4700000286102295,44460,0.0,0.0
2026-01-30 10:55:00-05:00,1.475000023841858,1.478700041770935,1.4700000286102295,1.4700000286102295,11633,0.0,0.0
2026-01-30 11:00:00-05:00,1.475000023841858,1.4800000190734863,1.475000023841858,1.475000023841858,58339,0.0,0.0
2026-01-30 11:05:00-05:00,1.4800000190734863,1.4800000190734863,1.4700000286102295,1.475000023841858,406981,0.0,0.0
2026-01-30 11:10:00-05:00,1.475000023841858,1.478600025177002,1.4701000452041626,1.475000023841858,8889,0.0,0.0
2026-01-30 11:15:00-05:00,1.4702999591827393,1.478700041770935,1.4700000286102295,1.475000023841858,0,0.0,0.0
2026-01-30 11:20:00-05:00,1.475000023841858,1.4754999876022339,1.4600000381469727,1.465000033378601,49647,0.0,0.0
2026-01-30 11:25:00-05:00,1.465000033378601,1.4800000190734863,1.465000033378601,1.4800000190734863,28062,0.0,0.0
2026-01-30 11:30:00-05:00,1.475000023841858,1.4785000085830688,1.4700000286102295,1.4700000286102295,16154,0.0,0.0
2026-01-30 11:35:00-05:00,1.475000023841858,1.479099988937378,1.4700000286102295,1.475000023841858,11224,0.0,0.0
2026-01-30 11:40:00-05:00,1.475000023841858,1.478700041770935,1.4700000286102295,1.475000023841858,17253,0.0,0.0
2026-01-30 11:45:00-05:00,1.475000023841858,1.4800000190734863,1.4700000286102295,1.478700041770935,33522,0.0,0.0
2026-01-30 11:50:00-05:00,1.475000023841858,1.475000023841858,1.4700000286102295,1.475000023841858,10838,0.0,0.0
2026-01-30 11:55:00-05:00,1.475000023841858,1.4794000387191772,1.4700000286102295,1.4701000452041626,14453,0.0,0.0
2026-01-30 12:00:00-05:00,1.472000002861023,1.4800000190734863,1.472000002861023,1.475000023841858,417804,0.0,0.0
2026-01-30 12:05:00-05:00,1.4700000286102295,1.4785000085830688,1.4700000286102295,1.475000023841858,0,0.0,0.0
2026-01-30 12:10:00-05:00,1.475000023841858,1.476699948310852,1.4700000286102295,1.475000023841858,6984,0.0,0.0
2026-01-30 12:15:00-05:00,1.4714000225067139,1.478600025177002,1.4700000286102295,1.470900058746338,8210,0.0,0.0
2026-01-30 12:20:00-05:00,1.4700000286102295,1.4800000190734863,1.4700000286102295,1.4800000190734863,10733,0.0,0.0
2026-01-30 12:25:00-05:00,1.4800000190734863,1.4800000190734863,1.475000023841858,1.475000023841858,6061,0.0,0.0
2026-01-30 12:30:00-05:00,1.475000023841858,1.475000023841858,1.465000033378601,1.465000033378601,28373,0.0,0.0
2026-01-30 12:35:00-05:00,1.465000033378601,1.4700000286102295,1.4601000547409058,1.465000033378601,11383,0.0,0.0
2026-01-30 12:40:00-05:00,1.4672000408172607,1.4699000120162964,1.4600000381469727,1.465000033378601,7651,0.0,0.0
2026-01-30 12:45:00-05:00,1.465000033378601,1.4660999774932861,1.4605000019073486,1.4660999774932861,5232,0.0,0.0
2026-01-30 12:50:00-05:00,1.465000033378601,1.4700000286102295,1.465000033378601,1.465000033378601,11670,0.0,0.0
2026-01-30 12:55:00-05:00,1.465000033378601,1.4700000286102295,1.465000033378601,1.465000033378601,24541,0.0,0.0
2026-01-30 13:00:00-05:00,1.4699000120162964,1.4699000120162964,1.4600000381469727,1.465000033378601,16487,0.0,0.0
2026-01-30 13:05:00-05:00,1.465000033378601,1.4700000286102295,1.4600000381469727,1.4675999879837036,162163,0.0,0.0
2026-01-30 13:10:00-05:00,1.4600000381469727,1.465000033378601,1.4500000476837158,1.4500000476837158,156228,0.0,0.0
2026-01-30 13:15:00-05:00,1.4589999914169312,1.4589999914169312,1.4500000476837158,1.4500000476837158,6352,0.0,0.0
2026-01-30 13:20:00-05:00,1.4500000476837158,1.4599000215530396,1.4500000476837158,1.4550000429153442,7316,0.0,0.0
2026-01-30 13:25:00-05:00,1.4500000476837158,1.4600000381469727,1.4500000476837158,1.4550000429153442,35098,0.0,0.0
2026-01-30 13:30:00-05:00,1.4550000429153442,1.4687999486923218,1.4550000429153442,1.4550000429153442,75440,0.0,0.0
2026-01-30 13:35:00-05:00,1.4550000429153442,1.4600000381469727,1.4500000476837158,1.4500000476837158,13552,0.0,0.0
2026-01-30 13:40:00-05:00,1.455299973487854,1.4600000381469727,1.4500000476837158,1.4600000381469727,27183,0.0,0.0
2026-01-30 13:45:00-05:00,1.4550000429153442,1.4599000215530396,1.4500000476837158,1.4550000429153442,31496,0.0,0.0
2026-01-30 13:50:00-05:00,1.4550000429153442,1.4600000381469727,1.4500000476837158,1.4500000476837158,16872,0.0,0.0
2026-01-30 13:55:00-05:00,1.4550000429153442,1.465000033378601,1.4500000476837158,1.465000033378601,38206,0.0,0.0
2026-01-30 14:00:00-05:00,1.4615000486373901,1.4700000286102295,1.4600000381469727,1.465000033378601,43056,0.0,0.0
2026-01-30 14:05:00-05:00,1.465000033378601,1.4700000286102295,1.4600000381469727,1.465000033378601,16473,0.0,0.0
2026-01-30 14:10:00-05:00,1.4616999626159668,1.4700000286102295,1.4600000381469727,1.465000033378601,24047,0.0,0.0
2026-01-30 14:15:00-05:00,1.4697999954223633,1.4700000286102295,1.4600000381469727,1.4600000381469727,228125,0.0,0.0
2026-01-30 14:20:00-05:00,1.4629000425338745,1.4700000286102295,1.4600000381469727,1.465000033378601,17167,0.0,0.0
2026-01-30 14:25:00-05:00,1.465000033378601,1.4700000286102295,1.4550000429153442,1.4550000429153442,58514,0.0,0.0
2026-01-30 14:30:00-05:00,1.4586000442504883,1.4600000381469727,1.4500000476837158,1.4500000476837158,26498,0.0,0.0
2026-01-30 14:35:00-05:00,1.4550000429153442,1.4600000381469727,1.4500000476837158,1.4500000476837158,28063,0.0,0.0
2026-01-30 14:40:00-05:00,1.4500000476837158,1.4600000381469727,1.4500000476837158,1.4550000429153442,20917,0.0,0.0
2026-01-30 14:45:00-05:00,1.4550000429153442,1.4600000381469727,1.4550000429153442,1.4550000429153442,7212,0.0,0.0
2026-01-30 14:50:00-05:00,1.4589999914169312,1.465000033378601,1.4500000476837158,1.462399959564209,703195,0.0,0.0
2026-01-30 14:55:00-05:00,1.465000033378601,1.4687000513076782,1.4600000381469727,1.4600000381469727,0,0.0,0.0
2026-01-30 15:00:00-05:00,1.4550000429153442,1.4600000381469727,1.4500000476837158,1.4500000476837158,25709,0.0,0.0
2026-01-30 15:05:00-05:00,1.4500000476837158,1.4599000215530396,1.4500000476837158,1.4500000476837158,19455,0.0,0.0
2026-01-30 15:10:00-05:00,1.4500000476837158,1.4550000429153442,1.4500000476837158,1.4500000476837158,25258,0.0,0.0
2026-01-30 15:15:00-05:00,1.4500000476837158,1.4600000381469727,1.4500000476837158,1.4500000476837158,29552,0.0,0.0
2026-01-30 15:20:00-05:00,1.4550000429153442,1.4599000215530396,1.4500000476837158,1.4500000476837158,7549,0.0,0.0
2026-01-30 15:25:00-05:00,1.4594000577926636,1.4600000381469727,1.4500000476837158,1.4500000476837158,16908,0.0,0.0
2026-01-30 15:30:00-05:00,1.4550000429153442,1.4600000381469727,1.4500000476837158,1.4500000476837158,29786,0.0,0.0
2026-01-30 15:35:00-05:00,1.4500000476837158,1.4600000381469727,1.4500000476837158,1.4500000476837158,52485,0.0,0.0
2026-01-30 15:40:00-05:00,1.4500000476837158,1.4600000381469727,1.4500000476837158,1.4500000476837158,42450,0.0,0.0
2026-01-30 15:45:00-05:00,1.4550000429153442,1.4600000381469727,1.4500000476837158,1.4500000476837158,36588,0.0,0.0
2026-01-30 15:50:00-05:00,1.4500000476837158,1.4600000381469727,1.4500000476837158,1.4500000476837158,13106,0.0,0.0
2026-01-30 15:55:00-05:00,1.4550000429153442,1.4600000381469727,1.4500000476837158,1.4550000429153442,146629,0.0,0.0
2026-02-02 09:30:00-05:00,1.4500000476837158,1.4600000381469727,1.409999966621399,1.4299999475479126,512076,0.0,0.0
2026-02-02 09:35:00-05:00,1.434999942779541,1.4450000524520874,1.4199999570846558,1.42330002784729,0,0.0,0.0
2026-02-02 09:40:00-05:00,1.4217000007629395,1.4299999475479126,1.409999966621399,1.4149999618530273,52584,0.0,0.0
2026-02-02 09:45:00-05:00,1.4149999618530273,1.434999942779541,1.409999966621399,1.4229999780654907,48738,0.0,0.0
2026-02-02 09:50:00-05:00,1.429900050163269,1.4299999475479126,1.4199999570846558,1.4299999475479126,30117,0.0,0.0
2026-02-02 09:55:00-05:00,1.4249999523162842,1.434999942779541,1.4199999570846558,1.4249999523162842,103322,0.0,0.0
2026-02-02 10:00:00-05:00,1.4264999628067017,1.4299999475479126,1.4199999570846558,1.4249999523162842,26992,0.0,0.0
2026-02-02 10:05:00-05:00,1.4249999523162842,1.440000057220459,1.4199999570846558,1.4299999475479126,14866,0.0,0.0
2026-02-02 10:10:00-05:00,1.434999942779541,1.440000057220459,1.4299999475479126,1.4352999925613403,21935,0.0,0.0
2026-02-02 10:15:00-05:00,1.4320000410079956,1.4390000104904175,1.4299999475479126,1.434999942779541,7098,0.0,0.0
2026-02-02 10:20:00-05:00,1.434999942779541,1.440000057220459,1.4299999475479126,1.434999942779541,37509,0.0,0.0
2026-02-02 10:25:00-05:00,1.434999942779541,1.4398000240325928,1.4299999475479126,1.434999942779541,9238,0.0,0.0
2026-02-02 10:30:00-05:00,1.4299999475479126,1.4356000423431396,1.4299999475479126,1.4299999475479126,10441,0.0,0.0
2026-02-02 10:35:00-05:00,1.434999942779541,1.4450000524520874,1.4299999475479126,1.4450000524520874,39155,0.0,0.0
2026-02-02 10:40:00-05:00,1.4450000524520874,1.4450000524520874,1.4299999475479126,1.434999942779541,21654,0.0,0.0
2026-02-02 10:45:00-05:00,1.4313000440597534,1.4500000476837158,1.4299999475479126,1.4450000524520874,47017,0.0,0.0
2026-02-02 10:50:00-05:00,1.4450000524520874,1.4450000524520874,1.440000057220459,1.4450000524520874,3084,0.0,0.0
2026-02-02 10:55:00-05:00,1.4450000524520874,1.4500000476837158,1.440000057220459,1.4450000524520874,8483,0.0,0.0
2026-02-02 11:00:00-05:00,1.4450000524520874,1.4500000476837158,1.440000057220459,1.4500000476837158,24975,0.0,0.0
2026-02-02 11:05:00-05:00,1.4500000476837158,1.4500000476837158,1.440000057220459,1.440000057220459,18480,0.0,0.0
2026-02-02 11:10:00-05:00,1.4407999515533447,1.4500000476837158,1.440000057220459,1.4450000524520874,10528,0.0,0.0
2026-02-02 11:15:00-05:00,1.4500000476837158,1.4500000476837158,1.4450000524520874,1.4450000524520874,6719,0.0,0.0
2026-02-02 11:20:00-05:00,1.4450000524520874,1.4500000476837158,1.434999942779541,1.434999942779541,73396,0.0,0.0
2026-02-02 11:25:00-05:00,1.434999942779541,1.438599944114685,1.434999942779541,1.438599944114685,1065,0.0,0.0
2026-02-02 11:30:00-05:00,1.434499979019165,1.434499979019165,1.4149999618530273,1.4149999618530273,57924,0.0,0.0
2026-02-02 11:35:00-05:00,1.4149999618530273,1.4299999475479126,1.409999966621399,1.424399971961975,29658,0.0,0.0
2026-02-02 11:40:00-05:00,1.4199999570846558,1.4299999475479126,1.4199999570846558,1.4199999570846558,70395,0.0,0.0
2026-02-02 11:45:00-05:00,1.4249999523162842,1.4299999475479126,1.4199999570846558,1.4299999475479126,12888,0.0,0.0
2026-02-02 11:50:00-05:00,1.4299999475479126,1.4299999475479126,1.4199999570846558,1.4249999523162842,7479,0.0,0.0
2026-02-02 11:55:00-05:00,1.4299999475479126,1.440000057220459,1.4249999523162842,1.440000057220459,25900,0.0,0.0
2026-02-02 12:00:00-05:00,1.440000057220459,1.440000057220459,1.4299999475479126,1.440000057220459,28682,0.0,0.0
2026-02-02 12:05:00-05:00,1.434999942779541,1.440000057220459,1.434999942779541,1.434999942779541,2893,0.0,0.0
2026-02-02 12:10:00-05:00,1.4320000410079956,1.440000057220459,1.4320000410079956,1.440000057220459,3923,0.0,0.0
2026-02-02 12:15:00-05:00,1.434999942779541,1.440000057220459,1.4299999475479126,1.440000057220459,26095,0.0,0.0
2026-02-02 12:20:00-05:00,1.4450000524520874,1.4500000476837158,1.4443999528884888,1.4450000524520874,5564,0.0,0.0
2026-02-02 12:25:00-05:00,1.4450000524520874,1.4500000476837158,1.4413000345230103,1.4500000476837158,5914,0.0,0.0
2026-02-02 12:30:00-05:00,1.4500000476837158,1.4500000476837158,1.4450000524520874,1.4450000524520874,1455,0.0,0.0
2026-02-02 12:35:00-05:00,1.4490000009536743,1.4500000476837158,1.4450000524520874,1.4500000476837158,3709,0.0,0.0
2026-02-02 12:40:00-05:00,1.441100001335144,1.4550000429153442,1.440000057220459,1.4550000429153442,21998,0.0,0.0
2026-02-02 12:45:00-05:00,1.458400011062622,1.458400011062622,1.4500000476837158,1.4550000429153442,53195,0.0,0.0
2026-02-02 12:50:00-05:00,1.4500000476837158,1.4600000381469727,1.4500000476837158,1.4600000381469727,16211,0.0,0.0
2026-02-02 12:55:00-05:00,1.4600000381469727,1.4600000381469727,1.4550000429153442,1.4550000429153442,6348,0.0,0.0
2026-02-02 13:00:00-05:00,1.4556000232696533,1.4600000381469727,1.4520000219345093,1.4600000381469727,7624,0.0,0.0
2026-02-02 13:05:00-05:00,1.4600000381469727,1.4600000381469727,1.4500000476837158,1.4500000476837158,21822,0.0,0.0
2026-02-02 13:10:00-05:00,1.4600000381469727,1.4600000381469727,1.4500000476837158,1.4550000429153442,20446,0.0,0.0
2026-02-02 13:15:00-05:00,1.4550000429153442,1.4600000381469727,1.4500000476837158,1.4500000476837158,3090,0.0,0.0
2026-02-02 13:20:00-05:00,1.4600000381469727,1.4600000381469727,1.4500000476837158,1.4600000381469727,9685,0.0,0.0
2026-02-02 13:25:00-05:00,1.4598000049591064,1.4600000381469727,1.4500000476837158,1.4550000429153442,2036,0.0,0.0
2026-02-02 13:30:00-05:00,1.4550000429153442,1.465000033378601,1.4550000429153442,1.4600000381469727,9390,0.0,0.0
2026-02-02 13:35:00-05:00,1.4601000547409058,1.4700000286102295,1.4600000381469727,1.465000033378601,52865,0.0,0.0
2026-02-02 13:40:00-05:00,1.468000054359436,1.4800000190734863,1.4600000381469727,1.475000023841858,42411,0.0,0.0
2026-02-02 13:45:00-05:00,1.4800000190734863,1.4800000190734863,1.4700000286102295,1.4700000286102295,6994,0.0,0.0
2026-02-02 13:50:00-05:00,1.475000023841858,1.4800000190734863,1.4700000286102295,1.4700000286102295,105875,0.0,0.0
2026-02-02 13:55:00-05:00,1.475000023841858,1.4800000190734863,1.4700000286102295,1.475000023841858,17365,0.0,0.0
2026-02-02 14:00:00-05:00,1.4800000190734863,1.4800000190734863,1.475000023841858,1.475000023841858,13003,0.0,0.0
2026-02-02 14:05:00-05:00,1.4800000190734863,1.4800000190734863,1.4700000286102295,1.4726999998092651,14123,0.0,0.0
2026-02-02 14:10:00-05:00,1.4800000190734863,1.4800000190734863,1.475000023841858,1.478600025177002,43193,0.0,0.0
2026-02-02 14:15:00-05:00,1.4800000190734863,1.4800000190734863,1.4700000286102295,1.475000023841858,11074,0.0,0.0
2026-02-02 14:20:00-05:00,1.475000023841858,1.4800000190734863,1.4731999635696411,1.475000023841858,13040,0.0,0.0
2026-02-02 14:25:00-05:00,1.4700000286102295,1.4799000024795532,1.461400032043457,1.4696999788284302,39728,0.0,0.0
2026-02-02 14:30:00-05:00,1.4700000286102295,1.4700000286102295,1.465000033378601,1.468400001525879,11063,0.0,0.0
2026-02-02 14:35:00-05:00,1.465000033378601,1.475000023841858,1.4600000381469727,1.4609999656677246,35141,0.0,0.0
2026-02-02 14:40:00-05:00,1.465000033378601,1.4699000120162964,1.4600000381469727,1.4699000120162964,9895,0.0,0.0
2026-02-02 14:45:00-05:00,1.4648000001907349,1.4794000387191772,1.4648000001907349,1.4794000387191772,19629,0.0,0.0
2026-02-02 14:50:00-05:00,1.475000023841858,1.475000023841858,1.4700000286102295,1.472000002861023,17400,0.0,0.0
2026-02-02 14:55:00-05:00,1.478600025177002,1.478600025177002,1.4550000429153442,1.4550000429153442,78068,0.0,0.0
2026-02-02 15:00:00-05:00,1.4550000429153442,1.4557000398635864,1.4500000476837158,1.4529999494552612,9305,0.0,0.0
2026-02-02 15:05:00-05:00,1.4550000429153442,1.4600000381469727,1.4500000476837158,1.4557000398635864,8965,0.0,0.0
2026-02-02 15:10:00-05:00,1.4550000429153442,1.4550000429153442,1.4500000476837158,1.4500000476837158,16734,0.0,0.0
2026-02-02 15:15:00-05:00,1.4550000429153442,1.4550000429153442,1.4500000476837158,1.4550000429153442,6327,0.0,0.0
2026-02-02 15:20:00-05:00,1.4529999494552612,1.4565000534057617,1.4500999450683594,1.4550000429153442,13575,0.0,0.0
2026-02-02 15:25:00-05:00,1.4515999555587769,1.4600000381469727,1.4500000476837158,1.4502999782562256,20307,0.0,0.0
2026-02-02 15:30:00-05:00,1.4600000381469727,1.4600000381469727,1.4450000524520874,1.4450000524520874,24809,0.0,0.0
2026-02-02 15:35:00-05:00,1.4420000314712524,1.4479000568389893,1.4420000314712524,1.4450000524520874,27881,0.0,0.0
2026-02-02 15:40:00-05:00,1.4450000524520874,1.4500000476837158,1.440000057220459,1.4450000524520874,5072,0.0,0.0
2026-02-02 15:45:00-05:00,1.4450000524520874,1.4500000476837158,1.440000057220459,1.440000057220459,9902,0.0,0.0
2026-02-02 15:50:00-05:00,1.4450000524520874,1.4450000524520874,1.431399941444397,1.434999942779541,44467,0.0,0.0
2026-02-02 15:55:00-05:00,1.431399941444397,1.437399983406067,1.4199999570846558,1.4249999523162842,50244,0.0,0.0
2026-02-03 09:30:00-05:00,1.4500000476837158,1.4950000047683716,1.4500000476837158,1.4643000364303589,133581,0.0,0.0
2026-02-03 09:35:00-05:00,1.465000033378601,1.465000033378601,1.4199999570846558,1.4249999523162842,99591,0.0,0.0
2026-02-03 09:40:00-05:00,1.4249999523162842,1.4299999475479126,1.4199999570846558,1.4249999523162842,25993,0.0,0.0
2026-02-03 09:45:00-05:00,1.429800033569336,1.440000057220459,1.4199999570846558,1.440000057220459,97508,0.0,0.0
2026-02-03 09:50:00-05:00,1.434999942779541,1.440000057220459,1.4299999475479126,1.434999942779541,12886,0.0,0.0
2026-02-03 09:55:00-05:00,1.4299999475479126,1.4299999475479126,1.4249999523162842,1.4249999523162842,30012,0.0,0.0
2026-02-03 10:00:00-05:00,1.4249999523162842,1.4450000524520874,1.4199999570846558,1.4450000524520874,31891,0.0,0.0
2026-02-03 10:05:00-05:00,1.440000057220459,1.4500000476837158,1.440000057220459,1.4500000476837158,17436,0.0,0.0
2026-02-03 10:10:00-05:00,1.4450000524520874,1.4450000524520874,1.4299999475479126,1.4299999475479126,55765,0.0,0.0
2026-02-03 10:15:00-05:00,1.4299999475479126,1.434999942779541,1.4299999475479126,1.434999942779541,2362,0.0,0.0
2026-02-03 10:20:00-05:00,1.4299999475479126,1.434999942779541,1.4249999523162842,1.434999942779541,63071,0.0,0.0
2026-02-03 10:25:00-05:00,1.434999942779541,1.4399000406265259,1.4299999475479126,1.434999942779541,13954,0.0,0.0
2026-02-03 10:30:00-05:00,1.434999942779541,1.440000057220459,1.4299999475479126,1.4399000406265259,23844,0.0,0.0
2026-02-03 10:35:00-05:00,1.440000057220459,1.440000057220459,1.4299999475479126,1.434999942779541,7300,0.0,0.0
2026-02-03 10:40:00-05:00,1.440000057220459,1.440000057220459,1.4299999475479126,1.434999942779541,41870,0.0,0.0
2026-02-03 10:45:00-05:00,1.4299999475479126,1.440000057220459,1.4299999475479126,1.4398000240325928,3499,0.0,0.0
2026-02-03 10:50:00-05:00,1.4299999475479126,1.440000057220459,1.4299999475479126,1.434999942779541,11856,0.0,0.0
2026-02-03 10:55:00-05:00,1.440000057220459,1.440000057220459,1.43149995803833,1.434999942779541,10971,0.0,0.0
2026-02-03 11:00:00-05:00,1.434999942779541,1.440000057220459,1.4299999475479126,1.434999942779541,3699,0.0,0.0
2026-02-03 11:05:00-05:00,1.440000057220459,1.440000057220459,1.4249999523162842,1.4249999523162842,19690,0.0,0.0
2026-02-03 11:10:00-05:00,1.4249999523162842,1.4249999523162842,1.4199999570846558,1.4249999523162842,11606,0.0,0.0
2026-02-03 11:15:00-05:00,1.4249999523162842,1.440000057220459,1.4249999523162842,1.4299999475479126,33201,0.0,0.0
2026-02-03 11:20:00-05:00,1.4299999475479126,1.440000057220459,1.4299999475479126,1.434999942779541,10229,0.0,0.0
2026-02-03 11:25:00-05:00,1.440000057220459,1.4600000381469727,1.4299999475479126,1.4585000276565552,49829,0.0,0.0
2026-02-03 11:30:00-05:00,1.4600000381469727,1.4700000286102295,1.4550000429153442,1.465000033378601,8433,0.0,0.0
2026-02-03 11:35:00-05:00,1.4700000286102295,1.4800000190734863,1.465000033378601,1.475000023841858,85809,0.0,0.0
2026-02-03 11:40:00-05:00,1.475000023841858,1.4800000190734863,1.475000023841858,1.475000023841858,18364,0.0,0.0
2026-02-03 11:45:00-05:00,1.4789999723434448,1.4800000190734863,1.4700000286102295,1.475000023841858,30787,0.0,0.0
2026-02-03 11:50:00-05:00,1.475000023841858,1.4850000143051147,1.475000023841858,1.4850000143051147,44132,0.0,0.0
2026-02-03 11:55:00-05:00,1.4900000095367432,1.4900000095367432,1.4700000286102295,1.475000023841858,67901,0.0,0.0
2026-02-03 12:00:00-05:00,1.475000023841858,1.4800000190734863,1.4713000059127808,1.475000023841858,17282,0.0,0.0
2026-02-03 12:05:00-05:00,1.475000023841858,1.4850000143051147,1.4700000286102295,1.4850000143051147,66031,0.0,0.0
2026-02-03 12:10:00-05:00,1.4900000095367432,1.4900000095367432,1.4700000286102295,1.475000023841858,68612,0.0,0.0
2026-02-03 12:15:00-05:00,1.475000023841858,1.4800000190734863,1.4700000286102295,1.473099946975708,7247,0.0,0.0
2026-02-03 12:20:00-05:00,1.4700000286102295,1.4800000190734863,1.4700000286102295,1.475000023841858,13156,0.0,0.0
2026-02-03 12:25:00-05:00,1.475000023841858,1.4800000190734863,1.4700000286102295,1.4800000190734863,46987,0.0,0.0
2026-02-03 12:30:00-05:00,1.475000023841858,1.4800000190734863,1.4500000476837158,1.465000033378601,89520,0.0,0.0
2026-02-03 12:35:00-05:00,1.465000033378601,1.465000033378601,1.4600000381469727,1.465000033378601,29453,0.0,0.0
2026-02-03 12:40:00-05:00,1.465000033378601,1.4700000286102295,1.4500000476837158,1.4550000429153442,112070,0.0,0.0
2026-02-03 12:45:00-05:00,1.4550000429153442,1.4550000429153442,1.4400999546051025,1.4400999546051025,26119,0.0,0.0
2026-02-03 12:50:00-05:00,1.4455000162124634,1.4500000476837158,1.444000005722046,1.4500000476837158,7066,0.0,0.0
2026-02-03 12:55:00-05:00,1.4450000524520874,1.4500000476837158,1.4400999546051025,1.4500000476837158,32199,0.0,0.0
2026-02-03 13:00:00-05:00,1.4550000429153442,1.4600000381469727,1.4400999546051025,1.4450000524520874,38480,0.0,0.0
2026-02-03 13:05:00-05:00,1.4450000524520874,1.4450000524520874,1.440000057220459,1.440000057220459,5439,0.0,0.0
2026-02-03 13:10:00-05:00,1.4450000524520874,1.4450000524520874,1.4299999475479126,1.4299999475479126,15490,0.0,0.0
2026-02-03 13:15:00-05:00,1.440000057220459,1.440000057220459,1.4199999570846558,1.4249999523162842,13022,0.0,0.0
2026-02-03 13:20:00-05:00,1.4199999570846558,1.4299999475479126,1.4199999570846558,1.4199999570846558,10321,0.0,0.0
2026-02-03 13:25:00-05:00,1.4249999523162842,1.4299999475479126,1.4199999570846558,1.4213000535964966,6018,0.0,0.0
2026-02-03 13:30:00-05:00,1.4199999570846558,1.4299999475479126,1.4199999570846558,1.4249999523162842,14650,0.0,0.0
2026-02-03 13:35:00-05:00,1.4299999475479126,1.440000057220459,1.4249999523162842,1.434999942779541,38151,0.0,0.0
2026-02-03 13:40:00-05:00,1.434999942779541,1.440000057220459,1.4299999475479126,1.440000057220459,10690,0.0,0.0
2026-02-03 13:45:00-05:00,1.434999942779541,1.4390000104904175,1.4299999475479126,1.434999942779541,5178,0.0,0.0
2026-02-03 13:50:00-05:00,1.440000057220459,1.440000057220459,1.4299999475479126,1.434999942779541,91123,0.0,0.0
2026-02-03 13:55:00-05:00,1.434999942779541,1.440000057220459,1.4299999475479126,1.434999942779541,10963,0.0,0.0
2026-02-03 14:00:00-05:00,1.434999942779541,1.434999942779541,1.4299999475479126,1.434999942779541,7731,0.0,0.0
2026-02-03 14:05:00-05:00,1.434999942779541,1.440000057220459,1.4249999523162842,1.4299999475479126,7935,0.0,0.0
2026-02-03 14:10:00-05:00,1.4249999523162842,1.4450000524520874,1.4199999570846558,1.4450000524520874,24802,0.0,0.0
2026-02-03 14:15:00-05:00,1.4450000524520874,1.4500000476837158,1.4450000524520874,1.4500000476837158,9093,0.0,0.0
2026-02-03 14:20:00-05:00,1.4550000429153442,1.4800000190734863,1.4550000429153442,1.475000023841858,86358,0.0,0.0
2026-02-03 14:25:00-05:00,1.475000023841858,1.475000023841858,1.465000033378601,1.475000023841858,44708,0.0,0.0
2026-02-03 14:30:00-05:00,1.475000023841858,1.475000023841858,1.465000033378601,1.475000023841858,31254,0.0,0.0
2026-02-03 14:35:00-05:00,1.475000023841858,1.4800000190734863,1.4700000286102295,1.475000023841858,16131,0.0,0.0
2026-02-03 14:40:00-05:00,1.475000023841858,1.4900000095367432,1.475000023841858,1.4801000356674194,71943,0.0,0.0
2026-02-03 14:45:00-05:00,1.4850000143051147,1.4900000095367432,1.4800000190734863,1.4850000143051147,25339,0.0,0.0
2026-02-03 14:50:00-05:00,1.4850000143051147,1.4900000095367432,1.475000023841858,1.4900000095367432,66235,0.0,0.0
2026-02-03 14:55:00-05:00,1.4851000308990479,1.5,1.480299949645996,1.4950000047683716,20326,0.0,0.0
2026-02-03 15:00:00-05:00,1.4950000047683716,1.5,1.4937000274658203,1.5,13125,0.0,0.0
2026-02-03 15:05:00-05:00,1.4950000047683716,1.5,1.4900000095367432,1.5,23273,0.0,0.0
2026-02-03 15:10:00-05:00,1.4950000047683716,1.5,1.4905999898910522,1.5,5891,0.0,0.0
2026-02-03 15:15:00-05:00,1.4951000213623047,1.5099999904632568,1.4901000261306763,1.5049999952316284,76925,0.0,0.0
2026-02-03 15:20:00-05:00,1.5049999952316284,1.5099999904632568,1.5,1.5049999952316284,168609,0.0,0.0
2026-02-03 15:25:00-05:00,1.5,1.5099999904632568,1.5,1.5049999952316284,76392,0.0,0.0
2026-02-03 15:30:00-05:00,1.5049999952316284,1.5099999904632568,1.5,1.5049999952316284,10167,0.0,0.0
2026-02-03 15:35:00-05:00,1.5099999904632568,1.5099999904632568,1.5,1.5099999904632568,27901,0.0,0.0
2026-02-03 15:40:00-05:00,1.5099999904632568,1.5199999809265137,1.4903000593185425,1.4950000047683716,167601,0.0,0.0
2026-02-03 15:45:00-05:00,1.4950000047683716,1.5,1.4900000095367432,1.4989999532699585,67352,0.0,0.0
2026-02-03 15:50:00-05:00,1.4950000047683716,1.5,1.4902000427246094,1.5,91402,0.0,0.0
2026-02-03 15:55:00-05:00,1.4950000047683716,1.5099999904632568,1.4900000095367432,1.5099999904632568,195606,0.0,0.0
2026-02-04 09:30:00-05:00,1.5199999809265137,1.5199999809265137,1.47160005569458,1.475000023841858,122369,0.0,0.0
2026-02-04 09:35:00-05:00,1.4700000286102295,1.4700000286102295,1.4420000314712524,1.4450000524520874,125935,0.0,0.0
2026-02-04 09:40:00-05:00,1.4450000524520874,1.4596999883651733,1.440000057220459,1.4450000524520874,102140,0.0,0.0
2026-02-04 09:45:00-05:00,1.4450000524520874,1.4500000476837158,1.4429999589920044,1.4450000524520874,22422,0.0,0.0
2026-02-04 09:50:00-05:00,1.4450000524520874,1.4499000310897827,1.440000057220459,1.4456000328063965,27675,0.0,0.0
2026-02-04 09:55:00-05:00,1.4450000524520874,1.4450000524520874,1.4300999641418457,1.434999942779541,55900,0.0,0.0
2026-02-04 10:00:00-05:00,1.4299999475479126,1.434999942779541,1.4212000370025635,1.434999942779541,32107,0.0,0.0
2026-02-04 10:05:00-05:00,1.4390000104904175,1.440000057220459,1.4299999475479126,1.434999942779541,39199,0.0,0.0
2026-02-04 10:10:00-05:00,1.4386999607086182,1.440000057220459,1.430999994277954,1.4399000406265259,24138,0.0,0.0
2026-02-04 10:15:00-05:00,1.434999942779541,1.440000057220459,1.4299999475479126,1.4320000410079956,12484,0.0,0.0
2026-02-04 10:20:00-05:00,1.434999942779541,1.440000057220459,1.4299999475479126,1.4332000017166138,29013,0.0,0.0
2026-02-04 10:25:00-05:00,1.440000057220459,1.440000057220459,1.4299999475479126,1.434999942779541,6139,0.0,0.0
2026-02-04 10:30:00-05:00,1.430999994277954,1.4315999746322632,1.4199999570846558,1.4210000038146973,42554,0.0,0.0
2026-02-04 10:35:00-05:00,1.4249999523162842,1.4299999475479126,1.409999966621399,1.4299999475479126,68778,0.0,0.0
2026-02-04 10:40:00-05:00,1.434999942779541,1.4500000476837158,1.4332000017166138,1.4464999437332153,8845,0.0,0.0
2026-02-04 10:45:00-05:00,1.4500000476837158,1.4600000381469727,1.4428999423980713,1.4431999921798706,93975,0.0,0.0
2026-02-04 10:50:00-05:00,1.4450000524520874,1.4499000310897827,1.4299999475479126,1.434999942779541,29340,0.0,0.0
2026-02-04 10:55:00-05:00,1.4399000406265259,1.4399000406265259,1.4217000007629395,1.4249999523162842,46681,0.0,0.0
2026-02-04 11:00:00-05:00,1.4249999523162842,1.4265999794006348,1.4199999570846558,1.4249999523162842,3265,0.0,0.0
2026-02-04 11:05:00-05:00,1.4244999885559082,1.4299999475479126,1.4199999570846558,1.4264999628067017,67804,0.0,0.0
2026-02-04 11:10:00-05:00,1.4199999570846558,1.429900050163269,1.4199999570846558,1.4213000535964966,34344,0.0,0.0
2026-02-04 11:15:00-05:00,1.4213999509811401,1.4249999523162842,1.4144999980926514,1.4144999980926514,29381,0.0,0.0
2026-02-04 11:20:00-05:00,1.4149999618530273,1.4199999570846558,1.4129999876022339,1.4199999570846558,6739,0.0,0.0
2026-02-04 11:25:00-05:00,1.4199999570846558,1.4249999523162842,1.410099983215332,1.4249999523162842,26301,0.0,0.0
2026-02-04 11:30:00-05:00,1.4285999536514282,1.4299999475479126,1.4242000579833984,1.4299999475479126,18201,0.0,0.0
2026-02-04 11:35:00-05:00,1.4299999475479126,1.4299999475479126,1.409999966621399,1.409999966621399,40164,0.0,0.0
2026-02-04 11:40:00-05:00,1.409999966621399,1.4149999618530273,1.399999976158142,1.4093999862670898,137343,0.0,0.0
2026-02-04 11:45:00-05:00,1.4023000001907349,1.409999966621399,1.399999976158142,1.409999966621399,37986,0.0,0.0
2026-02-04 11:50:00-05:00,1.405500054359436,1.409999966621399,1.399999976158142,1.405500054359436,13578,0.0,0.0
2026-02-04 11:55:00-05:00,1.402400016784668,1.409999966621399,1.399999976158142,1.4049999713897705,26828,0.0,0.0
2026-02-04 12:00:00-05:00,1.405500054359436,1.409999966621399,1.4049999713897705,1.4049999713897705,28955,0.0,0.0
2026-02-04 12:05:00-05:00,1.409999966621399,1.4199999570846558,1.409999966621399,1.4104000329971313,30795,0.0,0.0
2026-02-04 12:10:00-05:00,1.409999966621399,1.409999966621399,1.4049999713897705,1.4049999713897705,19598,0.0,0.0
2026-02-04 12:15:00-05:00,1.4049999713897705,1.409999966621399,1.4000999927520752,1.409999966621399,22967,0.0,0.0
2026-02-04 12:20:00-05:00,1.4049999713897705,1.409999966621399,1.399999976158142,1.4049999713897705,18915,0.0,0.0
2026-02-04 12:25:00-05:00,1.4049999713897705,1.4085999727249146,1.3899999856948853,1.3949999809265137,132390,0.0,0.0
2026-02-04 12:30:00-05:00,1.398800015449524,1.399999976158142,1.3899999856948853,1.399999976158142,34414,0.0,0.0
2026-02-04 12:35:00-05:00,1.3949999809265137,1.399999976158142,1.3899999856948853,1.3934999704360962,39814,0.0,0.0
2026-02-04 12:40:00-05:00,1.3949999809265137,1.399999976158142,1.3899999856948853,1.399999976158142,32265,0.0,0.0
2026-02-04 12:45:00-05:00,1.3949999809265137,1.399999976158142,1.3899999856948853,1.3949999809265137,53737,0.0,0.0
2026-02-04 12:50:00-05:00,1.399999976158142,1.399999976158142,1.3899999856948853,1.3949999809265137,20343,0.0,0.0
2026-02-04 12:55:00-05:00,1.399999976158142,1.399999976158142,1.3901000022888184,1.399999976158142,20995,0.0,0.0
2026-02-04 13:00:00-05:00,1.3997999429702759,1.399999976158142,1.3949999809265137,1.3949999809265137,10332,0.0,0.0
2026-02-04 13:05:00-05:00,1.3949999809265137,1.4149999618530273,1.3949999809265137,1.409999966621399,52532,0.0,0.0
2026-02-04 13:10:00-05:00,1.4049999713897705,1.4049999713897705,1.399999976158142,1.399999976158142,20994,0.0,0.0
2026-02-04 13:15:00-05:00,1.4049999713897705,1.4049999713897705,1.3949999809265137,1.3949999809265137,40588,0.0,0.0
2026-02-04 13:20:00-05:00,1.3949999809265137,1.399999976158142,1.3949999809265137,1.3964999914169312,16286,0.0,0.0
2026-02-04 13:25:00-05:00,1.399999976158142,1.409999966621399,1.3945000171661377,1.4049999713897705,15703,0.0,0.0
2026-02-04 13:30:00-05:00,1.409000039100647,1.409999966621399,1.399999976158142,1.409999966621399,10460,0.0,0.0
2026-02-04 13:35:00-05:00,1.4049999713897705,1.409999966621399,1.399999976158142,1.4045000076293945,8046,0.0,0.0
2026-02-04 13:40:00-05:00,1.409999966621399,1.409999966621399,1.4046000242233276,1.409999966621399,26780,0.0,0.0
2026-02-04 13:45:00-05:00,1.4049999713897705,1.409999966621399,1.399999976158142,1.4049999713897705,5884,0.0,0.0
2026-02-04 13:50:00-05:00,1.409999966621399,1.409999966621399,1.3949999809265137,1.4013999700546265,25393,0.0,0.0
2026-02-04 13:55:00-05:00,1.4049999713897705,1.409999966621399,1.4049999713897705,1.4049999713897705,13371,0.0,0.0
2026-02-04 14:00:00-05:00,1.4000999927520752,1.409999966621399,1.399999976158142,1.4049999713897705,29166,0.0,0.0
2026-02-04 14:05:00-05:00,1.4049999713897705,1.409999966621399,1.399999976158142,1.409999966621399,29574,0.0,0.0
2026-02-04 14:10:00-05:00,1.4049999713897705,1.409999966621399,1.4049999713897705,1.4049999713897705,32544,0.0,0.0
2026-02-04 14:15:00-05:00,1.4049999713897705,1.409999966621399,1.4049999713897705,1.4049999713897705,16692,0.0,0.0
2026-02-04 14:20:00-05:00,1.409999966621399,1.409999966621399,1.4014999866485596,1.409999966621399,3862,0.0,0.0
2026-02-04 14:25:00-05:00,1.4049999713897705,1.409999966621399,1.399999976158142,1.4000999927520752,9494,0.0,0.0
2026-02-04 14:30:00-05:00,1.409999966621399,1.409999966621399,1.4013999700546265,1.409999966621399,6251,0.0,0.0
2026-02-04 14:35:00-05:00,1.4098999500274658,1.4199999570846558,1.4049999713897705,1.4149999618530273,39072,0.0,0.0
2026-02-04 14:40:00-05:00,1.416200041770935,1.4199999570846558,1.4149999618530273,1.4149999618530273,12452,0.0,0.0
2026-02-04 14:45:00-05:00,1.4149999618530273,1.4299999475479126,1.4149999618530273,1.4249999523162842,17102,0.0,0.0
2026-02-04 14:50:00-05:00,1.4299999475479126,1.4299999475479126,1.4199999570846558,1.4249999523162842,8711,0.0,0.0
2026-02-04 14:55:00-05:00,1.4299999475479126,1.4299999475479126,1.4249999523162842,1.429900050163269,7380,0.0,0.0
2026-02-04 15:00:00-05:00,1.4299999475479126,1.4299999475479126,1.4249999523162842,1.4249999523162842,4780,0.0,0.0
2026-02-04 15:05:00-05:00,1.4299999475479126,1.4299999475479126,1.4249999523162842,1.4299999475479126,3513,0.0,0.0
2026-02-04 15:10:00-05:00,1.4299999475479126,1.4299999475479126,1.410099983215332,1.4149999618530273,38584,0.0,0.0
2026-02-04 15:15:00-05:00,1.4149999618530273,1.4299999475479126,1.4149999618530273,1.4264999628067017,25412,0.0,0.0
2026-02-04 15:20:00-05:00,1.4249999523162842,1.4297000169754028,1.409999966621399,1.409999966621399,24710,0.0,0.0
2026-02-04 15:25:00-05:00,1.4112999439239502,1.4199999570846558,1.4112999439239502,1.4149999618530273,1757,0.0,0.0
2026-02-04 15:30:00-05:00,1.4149999618530273,1.4199999570846558,1.4149999618530273,1.4149999618530273,5386,0.0,0.0
2026-02-04 15:35:00-05:00,1.4199999570846558,1.4199999570846558,1.409999966621399,1.4199999570846558,7549,0.0,0.0
2026-02-04 15:40:00-05:00,1.4149999618530273,1.4199999570846558,1.409999966621399,1.409999966621399,19226,0.0,0.0
2026-02-04 15:45:00-05:00,1.4149999618530273,1.4199999570846558,1.409999966621399,1.4149999618530273,37470,0.0,0.0
2026-02-04 15:50:00-05:00,1.4149999618530273,1.4149999618530273,1.4049999713897705,1.4085999727249146,52728,0.0,0.0
2026-02-04 15:55:00-05:00,1.409999966621399,1.4249999523162842,1.4003000259399414,1.4149999618530273,123090,0.0,0.0
2026-02-05 09:30:00-05:00,1.3899999856948853,1.3949999809265137,1.3700000047683716,1.3799999952316284,223060,0.0,0.0
2026-02-05 09:35:00-05:00,1.3849999904632568,1.409999966621399,1.3849999904632568,1.4049999713897705,43920,0.0,0.0
2026-02-05 09:40:00-05:00,1.4012999534606934,1.419800043106079,1.399999976158142,1.409999966621399,54939,0.0,0.0
2026-02-05 09:45:00-05:00,1.4149999618530273,1.416100025177002,1.409999966621399,1.409999966621399,44167,0.0,0.0
2026-02-05 09:50:00-05:00,1.409999966621399,1.4149999618530273,1.409999966621399,1.409999966621399,22097,0.0,0.0
2026-02-05 09:55:00-05:00,1.409999966621399,1.4149999618530273,1.409999966621399,1.409999966621399,2267,0.0,0.0
2026-02-05 10:00:00-05:00,1.4149999618530273,1.4149999618530273,1.399999976158142,1.399999976158142,19615,0.0,0.0
2026-02-05 10:05:00-05:00,1.399999976158142,1.409999966621399,1.3905999660491943,1.3912999629974365,50467,0.0,0.0
2026-02-05 10:10:00-05:00,1.3949999809265137,1.3949999809265137,1.3700000047683716,1.375,38364,0.0,0.0
2026-02-05 10:15:00-05:00,1.375,1.3849999904632568,1.3700000047683716,1.3849999904632568,45160,0.0,0.0
2026-02-05 10:20:00-05:00,1.3849999904632568,1.3899999856948853,1.38100004196167,1.38510000705719,23262,0.0,0.0
2026-02-05 10:25:00-05:00,1.3849999904632568,1.3890999555587769,1.375,1.3799999952316284,90067,0.0,0.0
2026-02-05 10:30:00-05:00,1.3811999559402466,1.3899999856948853,1.3799999952316284,1.3799999952316284,12828,0.0,0.0
2026-02-05 10:35:00-05:00,1.3849999904632568,1.3899999856948853,1.3799999952316284,1.3849999904632568,32646,0.0,0.0
2026-02-05 10:40:00-05:00,1.3849999904632568,1.3849999904632568,1.3799999952316284,1.3849999904632568,32557,0.0,0.0
2026-02-05 10:45:00-05:00,1.3849999904632568,1.3949999809265137,1.3801000118255615,1.3849999904632568,79524,0.0,0.0
2026-02-05 10:50:00-05:00,1.3849999904632568,1.3898999691009521,1.384600043296814,1.3880000114440918,6563,0.0,0.0
2026-02-05 10:55:00-05:00,1.3848999738693237,1.385200023651123,1.3813999891281128,1.3849999904632568,5610,0.0,0.0
2026-02-05 11:00:00-05:00,1.3849999904632568,1.3849999904632568,1.3799999952316284,1.3809000253677368,14309,0.0,0.0
2026-02-05 11:05:00-05:00,1.3849999904632568,1.3899999856948853,1.3705999851226807,1.375,35162,0.0,0.0
2026-02-05 11:10:00-05:00,1.375,1.3799999952316284,1.375,1.375,59988,0.0,0.0
2026-02-05 11:15:00-05:00,1.3799999952316284,1.3799999952316284,1.375,1.3799999952316284,8565,0.0,0.0
2026-02-05 11:20:00-05:00,1.3799999952316284,1.3899999856948853,1.3799999952316284,1.3849999904632568,7809,0.0,0.0
2026-02-05 11:25:00-05:00,1.3849999904632568,1.3899999856948853,1.3799999952316284,1.3899999856948853,13152,0.0,0.0
2026-02-05 11:30:00-05:00,1.3949999809265137,1.399999976158142,1.3901000022888184,1.399999976158142,26666,0.0,0.0
2026-02-05 11:35:00-05:00,1.3949999809265137,1.399999976158142,1.3912999629974365,1.3912999629974365,12286,0.0,0.0
2026-02-05 11:40:00-05:00,1.3990999460220337,1.399999976158142,1.3949999809265137,1.3949999809265137,8684,0.0,0.0
2026-02-05 11:45:00-05:00,1.3949999809265137,1.399999976158142,1.3899999856948853,1.3949999809265137,12163,0.0,0.0
2026-02-05 11:50:00-05:00,1.3949999809265137,1.399999976158142,1.3899999856948853,1.3949999809265137,32808,0.0,0.0
2026-02-05 11:55:00-05:00,1.3899999856948853,1.399999976158142,1.3899999856948853,1.3949999809265137,6490,0.0,0.0
2026-02-05 12:00:00-05:00,1.3949999809265137,1.3983999490737915,1.3813999891281128,1.3813999891281128,38702,0.0,0.0
2026-02-05 12:05:00-05:00,1.3849999904632568,1.3899999856948853,1.3849999904632568,1.3866000175476074,11101,0.0,0.0
2026-02-05 12:10:00-05:00,1.3849999904632568,1.3949999809265137,1.3849999904632568,1.3934999704360962,45982,0.0,0.0
2026-02-05 12:15:00-05:00,1.3949999809265137,1.3964999914169312,1.3899999856948853,1.3949999809265137,24098,0.0,0.0
2026-02-05 12:20:00-05:00,1.3949999809265137,1.3949999809265137,1.3799999952316284,1.3949999809265137,59969,0.0,0.0
2026-02-05 12:25:00-05:00,1.3949999809265137,1.3997999429702759,1.3899999856948853,1.3899999856948853,9135,0.0,0.0
2026-02-05 12:30:00-05:00,1.3899999856948853,1.399999976158142,1.3899999856948853,1.399999976158142,5549,0.0,0.0
2026-02-05 12:35:00-05:00,1.3949999809265137,1.3949999809265137,1.3899999856948853,1.3949999809265137,7023,0.0,0.0
2026-02-05 12:40:00-05:00,1.3949999809265137,1.3995000123977661,1.3899999856948853,1.3912999629974365,17399,0.0,0.0
2026-02-05 12:45:00-05:00,1.3949999809265137,1.399899959564209,1.3899999856948853,1.399899959564209,31708,0.0,0.0
2026-02-05 12:50:00-05:00,1.3949999809265137,1.399999976158142,1.3899999856948853,1.3899999856948853,38358,0.0,0.0
2026-02-05 12:55:00-05:00,1.399999976158142,1.399999976158142,1.3799999952316284,1.3849999904632568,56833,0.0,0.0
2026-02-05 13:00:00-05:00,1.3899999856948853,1.3949999809265137,1.3799999952316284,1.3949999809265137,59497,0.0,0.0
2026-02-05 13:05:00-05:00,1.3949999809265137,1.399999976158142,1.3899999856948853,1.3913999795913696,10710,0.0,0.0
2026-02-05 13:10:00-05:00,1.3899999856948853,1.3899999856948853,1.3799999952316284,1.3853000402450562,15126,0.0,0.0
2026-02-05 13:15:00-05:00,1.3898999691009521,1.3898999691009521,1.3841999769210815,1.3849999904632568,6876,0.0,0.0
2026-02-05 13:20:00-05:00,1.3849999904632568,1.3899999856948853,1.3799999952316284,1.3849999904632568,15227,0.0,0.0
2026-02-05 13:25:00-05:00,1.3849999904632568,1.3849999904632568,1.3700000047683716,1.375,130477,0.0,0.0
2026-02-05 13:30:00-05:00,1.375,1.3799999952316284,1.3700000047683716,1.375,22046,0.0,0.0
2026-02-05 13:35:00-05:00,1.3794000148773193,1.3798999786376953,1.3700000047683716,1.375,18978,0.0,0.0
2026-02-05 13:40:00-05:00,1.3799999952316284,1.3799999952316284,1.3600000143051147,1.3650000095367432,62576,0.0,0.0
2026-02-05 13:45:00-05:00,1.3602999448776245,1.3698999881744385,1.3600000143051147,1.3650000095367432,25042,0.0,0.0
2026-02-05 13:50:00-05:00,1.3650000095367432,1.3686000108718872,1.3600000143051147,1.3650000095367432,7585,0.0,0.0
2026-02-05 13:55:00-05:00,1.3650000095367432,1.3700000047683716,1.3600000143051147,1.3650000095367432,25493,0.0,0.0
2026-02-05 14:00:00-05:00,1.3650000095367432,1.3700000047683716,1.3600000143051147,1.3700000047683716,26773,0.0,0.0
2026-02-05 14:05:00-05:00,1.3609000444412231,1.3700000047683716,1.3609000444412231,1.3650000095367432,13016,0.0,0.0
2026-02-05 14:10:00-05:00,1.3650000095367432,1.3700000047683716,1.3650000095367432,1.3650000095367432,2574,0.0,0.0
2026-02-05 14:15:00-05:00,1.3700000047683716,1.3700000047683716,1.3650000095367432,1.3650000095367432,1896,0.0,0.0
2026-02-05 14:20:00-05:00,1.3650000095367432,1.3700000047683716,1.3600000143051147,1.3700000047683716,3812,0.0,0.0
2026-02-05 14:25:00-05:00,1.3650000095367432,1.3650000095367432,1.350000023841858,1.3545000553131104,133803,0.0,0.0
2026-02-05 14:30:00-05:00,1.350000023841858,1.3598999977111816,1.350000023841858,1.350000023841858,19671,0.0,0.0
2026-02-05 14:35:00-05:00,1.350000023841858,1.3550000190734863,1.340000033378601,1.3450000286102295,183147,0.0,0.0
2026-02-05 14:40:00-05:00,1.3450000286102295,1.3450000286102295,1.3401999473571777,1.3401999473571777,58456,0.0,0.0
2026-02-05 14:45:00-05:00,1.3464000225067139,1.350000023841858,1.340000033378601,1.3450000286102295,20476,0.0,0.0
2026-02-05 14:50:00-05:00,1.3450000286102295,1.350000023841858,1.340000033378601,1.3450000286102295,820265,0.0,0.0
2026-02-05 14:55:00-05:00,1.340000033378601,1.3486000299453735,1.340000033378601,1.3450000286102295,0,0.0,0.0
2026-02-05 15:00:00-05:00,1.3450000286102295,1.350000023841858,1.340000033378601,1.3450000286102295,20790,0.0,0.0
2026-02-05 15:05:00-05:00,1.340000033378601,1.350000023841858,1.340000033378601,1.340000033378601,13802,0.0,0.0
2026-02-05 15:10:00-05:00,1.340000033378601,1.350000023841858,1.340000033378601,1.3450000286102295,5520,0.0,0.0
2026-02-05 15:15:00-05:00,1.3450000286102295,1.350000023841858,1.340000033378601,1.3450000286102295,35063,0.0,0.0
2026-02-05 15:20:00-05:00,1.350000023841858,1.350000023841858,1.3300000429153442,1.3350000381469727,54646,0.0,0.0
2026-02-05 15:25:00-05:00,1.3350000381469727,1.340000033378601,1.3300000429153442,1.3300000429153442,9461,0.0,0.0
2026-02-05 15:30:00-05:00,1.3350000381469727,1.3350000381469727,1.3300000429153442,1.3300000429153442,50446,0.0,0.0
2026-02-05 15:35:00-05:00,1.3350000381469727,1.340000033378601,1.3300000429153442,1.3350000381469727,64425,0.0,0.0
2026-02-05 15:40:00-05:00,1.3350000381469727,1.340000033378601,1.3300000429153442,1.340000033378601,912738,0.0,0.0
2026-02-05 15:45:00-05:00,1.3385000228881836,1.340000033378601,1.3300000429153442,1.3350000381469727,0,0.0,0.0
2026-02-05 15:50:00-05:00,1.3300000429153442,1.3350000381469727,1.309999942779541,1.3100999593734741,212540,0.0,0.0
2026-02-05 15:55:00-05:00,1.309999942779541,1.340000033378601,1.309999942779541,1.3350000381469727,317222,0.0,0.0
2026-02-06 09:30:00-05:00,1.3700000047683716,1.3700000047683716,1.3502999544143677,1.3650000095367432,220559,0.0,0.0
2026-02-06 09:35:00-05:00,1.3650000095367432,1.3895000219345093,1.3550000190734863,1.3799999952316284,101552,0.0,0.0
2026-02-06 09:40:00-05:00,1.375,1.375,1.3600000143051147,1.3600000143051147,28552,0.0,0.0
2026-02-06 09:45:00-05:00,1.3650000095367432,1.3650000095367432,1.3450000286102295,1.3450000286102295,120117,0.0,0.0
2026-02-06 09:50:00-05:00,1.3427000045776367,1.3450000286102295,1.3300000429153442,1.3385000228881836,16360,0.0,0.0
2026-02-06 09:55:00-05:00,1.3300000429153442,1.3365999460220337,1.3200000524520874,1.3250000476837158,98173,0.0,0.0
2026-02-06 10:00:00-05:00,1.3250000476837158,1.340000033378601,1.320099949836731,1.3350000381469727,63317,0.0,0.0
2026-02-06 10:05:00-05:00,1.3350000381469727,1.3478000164031982,1.3309999704360962,1.3315000534057617,16852,0.0,0.0
2026-02-06 10:10:00-05:00,1.3350000381469727,1.340000033378601,1.3300000429153442,1.3350000381469727,131183,0.0,0.0
2026-02-06 10:15:00-05:00,1.3350000381469727,1.340000033378601,1.3309999704360962,1.3350000381469727,23163,0.0,0.0
2026-02-06 10:20:00-05:00,1.3350000381469727,1.340000033378601,1.3300000429153442,1.3350000381469727,33185,0.0,0.0
2026-02-06 10:25:00-05:00,1.3300000429153442,1.3450000286102295,1.3300000429153442,1.3450000286102295,48289,0.0,0.0
2026-02-06 10:30:00-05:00,1.350000023841858,1.350000023841858,1.3300000429153442,1.3447999954223633,75550,0.0,0.0
2026-02-06 10:35:00-05:00,1.350000023841858,1.350000023841858,1.3450000286102295,1.3450000286102295,31483,0.0,0.0
2026-02-06 10:40:00-05:00,1.350000023841858,1.350000023841858,1.343500018119812,1.3450000286102295,13300,0.0,0.0
2026-02-06 10:45:00-05:00,1.3450000286102295,1.350000023841858,1.340000033378601,1.340000033378601,23484,0.0,0.0
2026-02-06 10:50:00-05:00,1.340000033378601,1.340000033378601,1.3350000381469727,1.3365000486373901,34742,0.0,0.0
2026-02-06 10:55:00-05:00,1.3350000381469727,1.350000023841858,1.3350000381469727,1.3499000072479248,33785,0.0,0.0
2026-02-06 11:00:00-05:00,1.3450000286102295,1.3600000143051147,1.3450000286102295,1.3550000190734863,33495,0.0,0.0
2026-02-06 11:05:00-05:00,1.350000023841858,1.3596999645233154,1.350000023841858,1.3550000190734863,4999,0.0,0.0
2026-02-06 11:10:00-05:00,1.3550000190734863,1.3600000143051147,1.3531999588012695,1.3550000190734863,25062,0.0,0.0
2026-02-06 11:15:00-05:00,1.3550000190734863,1.3598999977111816,1.350000023841858,1.3550000190734863,22230,0.0,0.0
2026-02-06 11:20:00-05:00,1.3550000190734863,1.3598999977111816,1.3550000190734863,1.3550000190734863,7524,0.0,0.0
2026-02-06 11:25:00-05:00,1.3598999977111816,1.3700000047683716,1.3550000190734863,1.3698999881744385,87632,0.0,0.0
2026-02-06 11:30:00-05:00,1.3650000095367432,1.3700000047683716,1.3631000518798828,1.3650000095367432,17823,0.0,0.0
2026-02-06 11:35:00-05:00,1.36899995803833,1.3700000047683716,1.3624999523162842,1.3631000518798828,7131,0.0,0.0
2026-02-06 11:40:00-05:00,1.367900013923645,1.3700000047683716,1.3604999780654907,1.3619999885559082,20675,0.0,0.0
2026-02-06 11:45:00-05:00,1.3686000108718872,1.3687000274658203,1.363700032234192,1.3650000095367432,7472,0.0,0.0
2026-02-06 11:50:00-05:00,1.3650000095367432,1.3650000095367432,1.3600000143051147,1.3650000095367432,4577,0.0,0.0
2026-02-06 11:55:00-05:00,1.368399977684021,1.368399977684021,1.361299991607666,1.3650000095367432,5454,0.0,0.0
2026-02-06 12:00:00-05:00,1.3600000143051147,1.3700000047683716,1.3600000143051147,1.3600000143051147,7572,0.0,0.0
2026-02-06 12:05:00-05:00,1.3650000095367432,1.3700000047683716,1.3650000095367432,1.3650000095367432,16569,0.0,0.0
2026-02-06 12:10:00-05:00,1.3650000095367432,1.3665000200271606,1.3600000143051147,1.3650000095367432,16217,0.0,0.0
2026-02-06 12:15:00-05:00,1.3650000095367432,1.3697999715805054,1.3645000457763672,1.3650000095367432,6939,0.0,0.0
2026-02-06 12:20:00-05:00,1.3628000020980835,1.3650000095367432,1.3628000020980835,1.3641999959945679,1871,0.0,0.0
2026-02-06 12:25:00-05:00,1.3650000095367432,1.3650000095367432,1.3614000082015991,1.3650000095367432,10417,0.0,0.0
2026-02-06 12:30:00-05:00,1.3650000095367432,1.3698999881744385,1.3650000095367432,1.3650000095367432,14164,0.0,0.0
2026-02-06 12:35:00-05:00,1.3621000051498413,1.3700000047683716,1.3600000143051147,1.3600000143051147,1694,0.0,0.0
2026-02-06 12:40:00-05:00,1.3650000095367432,1.3687000274658203,1.3600000143051147,1.3600000143051147,10590,0.0,0.0
2026-02-06 12:45:00-05:00,1.3650000095367432,1.3650000095367432,1.3600000143051147,1.3600000143051147,3552,0.0,0.0
2026-02-06 12:50:00-05:00,1.3600000143051147,1.36899995803833,1.3600000143051147,1.3632999658584595,5148,0.0,0.0
2026-02-06 12:55:00-05:00,1.3697999715805054,1.3700000047683716,1.3600000143051147,1.3698999881744385,62353,0.0,0.0
2026-02-06 13:00:00-05:00,1.3650000095367432,1.3700000047683716,1.3600000143051147,1.3700000047683716,5437,0.0,0.0
2026-02-06 13:05:00-05:00,1.3600000143051147,1.3671000003814697,1.3600000143051147,1.3600000143051147,6537,0.0,0.0
2026-02-06 13:10:00-05:00,1.3650000095367432,1.3650000095367432,1.3600000143051147,1.3600000143051147,1387,0.0,0.0
2026-02-06 13:15:00-05:00,1.3650000095367432,1.3650000095367432,1.3600000143051147,1.3600000143051147,5477,0.0,0.0
2026-02-06 13:20:00-05:00,1.3650000095367432,1.3700000047683716,1.3650000095367432,1.3650000095367432,6453,0.0,0.0
2026-02-06 13:25:00-05:00,1.3600000143051147,1.3700000047683716,1.3600000143051147,1.3600000143051147,7447,0.0,0.0
2026-02-06 13:30:00-05:00,1.3697999715805054,1.3697999715805054,1.3600000143051147,1.3650000095367432,8433,0.0,0.0
2026-02-06 13:35:00-05:00,1.3650000095367432,1.3700000047683716,1.3650000095367432,1.3650000095367432,6123,0.0,0.0
2026-02-06 13:40:00-05:00,1.3650000095367432,1.3650000095367432,1.3650000095367432,1.3650000095367432,3061,0.0,0.0
2026-02-06 13:45:00-05:00,1.3650000095367432,1.3700000047683716,1.3600000143051147,1.3600000143051147,46880,0.0,0.0
2026-02-06 13:50:00-05:00,1.3600000143051147,1.3698999881744385,1.3600000143051147,1.3698999881744385,6729,0.0,0.0
2026-02-06 13:55:00-05:00,1.3600000143051147,1.3650000095367432,1.3600000143051147,1.3600000143051147,3494,0.0,0.0
2026-02-06 14:00:00-05:00,1.3650000095367432,1.3650000095367432,1.350000023841858,1.350000023841858,39485,0.0,0.0
2026-02-06 14:05:00-05:00,1.3550000190734863,1.3597999811172485,1.350000023841858,1.3588999509811401,12673,0.0,0.0
2026-02-06 14:10:00-05:00,1.350000023841858,1.3550000190734863,1.350000023841858,1.350000023841858,3632,0.0,0.0
2026-02-06 14:15:00-05:00,1.3550000190734863,1.3550000190734863,1.3550000190734863,1.3550000190734863,2361,0.0,0.0
2026-02-06 14:20:00-05:00,1.3550000190734863,1.3557000160217285,1.350000023841858,1.3550000190734863,4759,0.0,0.0
2026-02-06 14:25:00-05:00,1.350000023841858,1.3598999977111816,1.350000023841858,1.350000023841858,11859,0.0,0.0
2026-02-06 14:30:00-05:00,1.350000023841858,1.3587000370025635,1.350000023841858,1.3550000190734863,8383,0.0,0.0
2026-02-06 14:35:00-05:00,1.350000023841858,1.3600000143051147,1.350000023841858,1.350000023841858,8240,0.0,0.0
2026-02-06 14:40:00-05:00,1.350000023841858,1.3598999977111816,1.350000023841858,1.3550000190734863,7121,0.0,0.0
2026-02-06 14:45:00-05:00,1.3550000190734863,1.3600000143051147,1.350000023841858,1.350000023841858,49982,0.0,0.0
2026-02-06 14:50:00-05:00,1.3550000190734863,1.3574999570846558,1.350000023841858,1.3550000190734863,36611,0.0,0.0
2026-02-06 14:55:00-05:00,1.3597999811172485,1.3600000143051147,1.3551000356674194,1.3600000143051147,2382,0.0,0.0
2026-02-06 15:00:00-05:00,1.3550000190734863,1.3587000370025635,1.350000023841858,1.3550000190734863,4678,0.0,0.0
2026-02-06 15:05:00-05:00,1.350000023841858,1.3550000190734863,1.350000023841858,1.350000023841858,13384,0.0,0.0
2026-02-06 15:10:00-05:00,1.3524999618530273,1.3600000143051147,1.350000023841858,1.350000023841858,22860,0.0,0.0
2026-02-06 15:15:00-05:00,1.350000023841858,1.3600000143051147,1.350000023841858,1.3550000190734863,61016,0.0,0.0
2026-02-06 15:20:00-05:00,1.3550000190734863,1.3600000143051147,1.350000023841858,1.3589999675750732,6225,0.0,0.0
2026-02-06 15:25:00-05:00,1.3550000190734863,1.3550000190734863,1.350000023841858,1.3535000085830688,7691,0.0,0.0
2026-02-06 15:30:00-05:00,1.3533999919891357,1.3588000535964966,1.350000023841858,1.350000023841858,12780,0.0,0.0
2026-02-06 15:35:00-05:00,1.3530000448226929,1.3598999977111816,1.350000023841858,1.3550000190734863,15960,0.0,0.0
2026-02-06 15:40:00-05:00,1.350000023841858,1.3600000143051147,1.350000023841858,1.3550000190734863,17490,0.0,0.0
2026-02-06 15:45:00-05:00,1.350000023841858,1.3600000143051147,1.350000023841858,1.3600000143051147,963888,0.0,0.0
2026-02-06 15:50:00-05:00,1.350000023841858,1.3600000143051147,1.350000023841858,1.350000023841858,0,0.0,0.0
2026-02-06 15:55:00-05:00,1.350000023841858,1.350000023841858,1.340000033378601,1.340000033378601,235773,0.0,0.0
2026-02-09 09:30:00-05:00,1.3600000143051147,1.3600000143051147,1.309999942779541,1.3286000490188599,246844,0.0,0.0
2026-02-09 09:35:00-05:00,1.3250000476837158,1.3265000581741333,1.312000036239624,1.3265000581741333,29083,0.0,0.0
2026-02-09 09:40:00-05:00,1.3250000476837158,1.350000023841858,1.3250000476837158,1.3401999473571777,30084,0.0,0.0
2026-02-09 09:45:00-05:00,1.3450000286102295,1.3588000535964966,1.340000033378601,1.3550000190734863,64802,0.0,0.0
2026-02-09 09:50:00-05:00,1.3587000370025635,1.3600000143051147,1.340000033378601,1.3499000072479248,64722,0.0,0.0
2026-02-09 09:55:00-05:00,1.3450000286102295,1.350000023841858,1.340000033378601,1.340000033378601,42786,0.0,0.0
2026-02-09 10:00:00-05:00,1.3454999923706055,1.3600000143051147,1.340000033378601,1.3550000190734863,25171,0.0,0.0
2026-02-09 10:05:00-05:00,1.3600000143051147,1.3700000047683716,1.3600000143051147,1.3700000047683716,18612,0.0,0.0
2026-02-09 10:10:00-05:00,1.3700000047683716,1.3700000047683716,1.3600000143051147,1.3698999881744385,36645,0.0,0.0
2026-02-09 10:15:00-05:00,1.3700000047683716,1.3799999952316284,1.3700000047683716,1.375,43320,0.0,0.0
2026-02-09 10:20:00-05:00,1.377500057220459,1.3899999856948853,1.3700000047683716,1.375,216159,0.0,0.0
2026-02-09 10:25:00-05:00,1.375,1.375,1.350000023841858,1.3600000143051147,40061,0.0,0.0
2026-02-09 10:30:00-05:00,1.3600000143051147,1.3650000095367432,1.3600000143051147,1.3650000095367432,13447,0.0,0.0
2026-02-09 10:35:00-05:00,1.3698999881744385,1.3799999952316284,1.3600000143051147,1.3799999952316284,25539,0.0,0.0
2026-02-09 10:40:00-05:00,1.375,1.3799999952316284,1.3700000047683716,1.375,9503,0.0,0.0
2026-02-09 10:45:00-05:00,1.375,1.3799999952316284,1.3700000047683716,1.375,14389,0.0,0.0
2026-02-09 10:50:00-05:00,1.3700000047683716,1.3799999952316284,1.3700000047683716,1.375,5232,0.0,0.0
2026-02-09 10:55:00-05:00,1.3700000047683716,1.3799999952316284,1.3700000047683716,1.3700000047683716,26895,0.0,0.0
2026-02-09 11:00:00-05:00,1.375,1.3799999952316284,1.375,1.3799999952316284,1411,0.0,0.0
2026-02-09 11:05:00-05:00,1.3799999952316284,1.3799999952316284,1.375,1.3799999952316284,4615,0.0,0.0
2026-02-09 11:10:00-05:00,1.375,1.3799999952316284,1.375,1.3799999952316284,3390,0.0,0.0
2026-02-09 11:15:00-05:00,1.375,1.3799999952316284,1.3700000047683716,1.375,5433,0.0,0.0
2026-02-09 11:20:00-05:00,1.3799999952316284,1.3799999952316284,1.375,1.3799999952316284,925,0.0,0.0
2026-02-09 11:25:00-05:00,1.3799999952316284,1.3799999952316284,1.375,1.3799999952316284,1839,0.0,0.0
2026-02-09 11:30:00-05:00,1.3732000589370728,1.3799999952316284,1.3732000589370728,1.3765000104904175,4525,0.0,0.0
2026-02-09 11:35:00-05:00,1.375,1.3799999952316284,1.3700000047683716,1.3799999952316284,2265,0.0,0.0
2026-02-09 11:40:00-05:00,1.375,1.3878999948501587,1.375,1.3849999904632568,14123,0.0,0.0
2026-02-09 11:45:00-05:00,1.3898999691009521,1.3899999856948853,1.3849999904632568,1.3849999904632568,5426,0.0,0.0
2026-02-09 11:50:00-05:00,1.3849999904632568,1.3899999856948853,1.3799999952316284,1.3832000494003296,8443,0.0,0.0
2026-02-09 11:55:00-05:00,1.3849999904632568,1.3899999856948853,1.3849999904632568,1.3899999856948853,670,0.0,0.0
2026-02-09 12:00:00-05:00,1.3839999437332153,1.399999976158142,1.3839999437332153,1.399999976158142,478441,0.0,0.0
2026-02-09 12:05:00-05:00,1.399999976158142,1.4049999713897705,1.3899999856948853,1.3949999809265137,0,0.0,0.0
2026-02-09 12:10:00-05:00,1.3899999856948853,1.399999976158142,1.3899999856948853,1.399999976158142,9065,0.0,0.0
2026-02-09 12:15:00-05:00,1.3899999856948853,1.399999976158142,1.3899999856948853,1.3907999992370605,5165,0.0,0.0
2026-02-09 12:20:00-05:00,1.399999976158142,1.399999976158142,1.3799999952316284,1.3899999856948853,26047,0.0,0.0
2026-02-09 12:25:00-05:00,1.3898999691009521,1.3899999856948853,1.3849999904632568,1.38510000705719,6273,0.0,0.0
2026-02-09 12:30:00-05:00,1.389799952507019,1.3899999856948853,1.3799999952316284,1.3849999904632568,3880,0.0,0.0
2026-02-09 12:35:00-05:00,1.3899999856948853,1.399999976158142,1.3799999952316284,1.3849999904632568,35728,0.0,0.0
2026-02-09 12:40:00-05:00,1.3849999904632568,1.3949999809265137,1.3849999904632568,1.3899999856948853,12326,0.0,0.0
2026-02-09 12:45:00-05:00,1.3901000022888184,1.399999976158142,1.3899999856948853,1.3949999809265137,5871,0.0,0.0
2026-02-09 12:50:00-05:00,1.3899999856948853,1.399999976158142,1.3899999856948853,1.399999976158142,7665,0.0,0.0
2026-02-09 12:55:00-05:00,1.399999976158142,1.399999976158142,1.3849999904632568,1.3849999904632568,18662,0.0,0.0
2026-02-09 13:00:00-05:00,1.3801000118255615,1.3899999856948853,1.3801000118255615,1.3849999904632568,22992,0.0,0.0
2026-02-09 13:05:00-05:00,1.3849999904632568,1.3949999809265137,1.3849999904632568,1.3949999809265137,17453,0.0,0.0
2026-02-09 13:10:00-05:00,1.3949999809265137,1.399999976158142,1.3949999809265137,1.399999976158142,2410,0.0,0.0
2026-02-09 13:15:00-05:00,1.399999976158142,1.399999976158142,1.3899999856948853,1.399999976158142,4250,0.0,0.0
2026-02-09 13:20:00-05:00,1.399999976158142,1.399999976158142,1.3849999904632568,1.3849999904632568,14021,0.0,0.0
2026-02-09 13:25:00-05:00,1.3849999904632568,1.3899999856948853,1.3849999904632568,1.3899999856948853,7250,0.0,0.0
2026-02-09 13:30:00-05:00,1.3875000476837158,1.399999976158142,1.3799999952316284,1.3949999809265137,32904,0.0,0.0
2026-02-09 13:35:00-05:00,1.399999976158142,1.399999976158142,1.3899999856948853,1.3899999856948853,31986,0.0,0.0
2026-02-09 13:40:00-05:00,1.399999976158142,1.399999976158142,1.3901000022888184,1.399999976158142,50315,0.0,0.0
2026-02-09 13:45:00-05:00,1.3949999809265137,1.399999976158142,1.3899999856948853,1.3949999809265137,15413,0.0,0.0
2026-02-09 13:50:00-05:00,1.3949999809265137,1.399999976158142,1.3899999856948853,1.399999976158142,1456,0.0,0.0
2026-02-09 13:55:00-05:00,1.3949999809265137,1.399999976158142,1.3910000324249268,1.3949999809265137,7358,0.0,0.0
2026-02-09 14:00:00-05:00,1.399999976158142,1.399999976158142,1.3899999856948853,1.399999976158142,1672,0.0,0.0
2026-02-09 14:05:00-05:00,1.399999976158142,1.399999976158142,1.3899999856948853,1.3899999856948853,30642,0.0,0.0
2026-02-09 14:10:00-05:00,1.3899999856948853,1.399999976158142,1.3899999856948853,1.3949999809265137,6108,0.0,0.0
2026-02-09 14:15:00-05:00,1.399999976158142,1.399999976158142,1.3899999856948853,1.3899999856948853,4429,0.0,0.0
2026-02-09 14:20:00-05:00,1.3949999809265137,1.399999976158142,1.3899999856948853,1.3899999856948853,3103,0.0,0.0
2026-02-09 14:25:00-05:00,1.3914999961853027,1.399999976158142,1.3914999961853027,1.399999976158142,3354,0.0,0.0
2026-02-09 14:30:00-05:00,1.3949999809265137,1.399999976158142,1.3899999856948853,1.399999976158142,1536,0.0,0.0
2026-02-09 14:35:00-05:00,1.399999976158142,1.399999976158142,1.3919999599456787,1.3969999551773071,10324,0.0,0.0
2026-02-09 14:40:00-05:00,1.3949999809265137,1.399999976158142,1.3899999856948853,1.3949999809265137,2811,0.0,0.0
2026-02-09 14:45:00-05:00,1.3949999809265137,1.399999976158142,1.3899999856948853,1.399999976158142,9669,0.0,0.0
2026-02-09 14:50:00-05:00,1.399999976158142,1.399999976158142,1.3901000022888184,1.399999976158142,4918,0.0,0.0
2026-02-09 14:55:00-05:00,1.399999976158142,1.399999976158142,1.3899999856948853,1.399999976158142,5969,0.0,0.0
2026-02-09 15:00:00-05:00,1.399999976158142,1.399999976158142,1.3899999856948853,1.399999976158142,3454,0.0,0.0
2026-02-09 15:05:00-05:00,1.399999976158142,1.399999976158142,1.3899999856948853,1.399999976158142,3358,0.0,0.0
2026-02-09 15:10:00-05:00,1.3949999809265137,1.399999976158142,1.3899999856948853,1.399999976158142,2904,0.0,0.0
2026-02-09 15:15:00-05:00,1.399999976158142,1.399999976158142,1.3899999856948853,1.399999976158142,3908,0.0,0.0
2026-02-09 15:20:00-05:00,1.3899999856948853,1.399999976158142,1.3899999856948853,1.3949999809265137,3418,0.0,0.0
2026-02-09 15:25:00-05:00,1.399999976158142,1.399999976158142,1.3899999856948853,1.3949999809265137,8966,0.0,0.0
2026-02-09 15:30:00-05:00,1.399999976158142,1.399999976158142,1.3899999856948853,1.3949999809265137,746229,0.0,0.0
2026-02-09 15:35:00-05:00,1.3899999856948853,1.399999976158142,1.3899999856948853,1.399999976158142,0,0.0,0.0
2026-02-09 15:40:00-05:00,1.3899999856948853,1.399999976158142,1.3849999904632568,1.3849999904632568,77617,0.0,0.0
2026-02-09 15:45:00-05:00,1.3880000114440918,1.3899999856948853,1.3799999952316284,1.3799999952316284,18545,0.0,0.0
2026-02-09 15:50:00-05:00,1.3899999856948853,1.3899999856948853,1.3801000118255615,1.3849999904632568,7632,0.0,0.0
2026-02-09 15:55:00-05:00,1.3899999856948853,1.3899999856948853,1.3799999952316284,1.3849999904632568,166973,0.0,0.0
2026-02-10 09:30:00-05:00,1.3899999856948853,1.3899999856948853,1.3700000047683716,1.3899999856948853,210587,0.0,0.0
2026-02-10 09:35:00-05:00,1.3949999809265137,1.4049999713897705,1.3899999856948853,1.399999976158142,48173,0.0,0.0
2026-02-10 09:40:00-05:00,1.3899999856948853,1.3899999856948853,1.3799999952316284,1.3899999856948853,7691,0.0,0.0
2026-02-10 09:45:00-05:00,1.3969999551773071,1.3969999551773071,1.3799999952316284,1.3849999904632568,8080,0.0,0.0
2026-02-10 09:50:00-05:00,1.3899999856948853,1.3899999856948853,1.3799999952316284,1.3899999856948853,2509,0.0,0.0
2026-02-10 09:55:00-05:00,1.3799999952316284,1.3799999952316284,1.3799999952316284,1.3799999952316284,6121,0.0,0.0
2026-02-10 10:00:00-05:00,1.3849999904632568,1.3899999856948853,1.3799999952316284,1.3799999952316284,4717,0.0,0.0
2026-02-10 10:05:00-05:00,1.3849999904632568,1.3899999856948853,1.3799999952316284,1.3799999952316284,1320,0.0,0.0
2026-02-10 10:10:00-05:00,1.3799999952316284,1.3899999856948853,1.3799999952316284,1.3898999691009521,4822,0.0,0.0
2026-02-10 10:15:00-05:00,1.3899999856948853,1.3899999856948853,1.3799999952316284,1.3799999952316284,1917,0.0,0.0
2026-02-10 10:20:00-05:00,1.3899999856948853,1.3899999856948853,1.375,1.375,6626,0.0,0.0
2026-02-10 10:25:00-05:00,1.375,1.3849999904632568,1.375,1.3849999904632568,4512,0.0,0.0
2026-02-10 10:30:00-05:00,1.3899999856948853,1.3899999856948853,1.3849999904632568,1.3899999856948853,16862,0.0,0.0
2026-02-10 10:35:00-05:00,1.3899999856948853,1.3949999809265137,1.3831000328063965,1.3949999809265137,11180,0.0,0.0
2026-02-10 10:40:00-05:00,1.3949999809265137,1.399999976158142,1.3949999809265137,1.399999976158142,5813,0.0,0.0
2026-02-10 10:45:00-05:00,1.3960000276565552,1.399999976158142,1.3949999809265137,1.399999976158142,2117,0.0,0.0
2026-02-10 10:50:00-05:00,1.3934999704360962,1.399999976158142,1.3934999704360962,1.399999976158142,2771,0.0,0.0
2026-02-10 10:55:00-05:00,1.3986999988555908,1.409999966621399,1.3986999988555908,1.409999966621399,22270,0.0,0.0
2026-02-10 11:00:00-05:00,1.409999966621399,1.409999966621399,1.4011000394821167,1.409999966621399,7960,0.0,0.0
2026-02-10 11:05:00-05:00,1.4052000045776367,1.4077999591827393,1.4049999713897705,1.4077999591827393,674,0.0,0.0
2026-02-10 11:10:00-05:00,1.409999966621399,1.409999966621399,1.4049999713897705,1.409999966621399,3945,0.0,0.0
2026-02-10 11:15:00-05:00,1.403499960899353,1.409999966621399,1.403499960899353,1.409999966621399,14815,0.0,0.0
2026-02-10 11:20:00-05:00,1.409999966621399,1.4199999570846558,1.4040000438690186,1.4199999570846558,10103,0.0,0.0
2026-02-10 11:25:00-05:00,1.4149999618530273,1.4149999618530273,1.4010000228881836,1.4098999500274658,21867,0.0,0.0
2026-02-10 11:30:00-05:00,1.409999966621399,1.4199999570846558,1.4053000211715698,1.4149999618530273,17917,0.0,0.0
2026-02-10 11:35:00-05:00,1.409999966621399,1.440000057220459,1.409999966621399,1.440000057220459,56415,0.0,0.0
2026-02-10 11:40:00-05:00,1.434999942779541,1.440000057220459,1.4299999475479126,1.434999942779541,17383,0.0,0.0
2026-02-10 11:45:00-05:00,1.4299999475479126,1.440000057220459,1.4299999475479126,1.434999942779541,17978,0.0,0.0
2026-02-10 11:50:00-05:00,1.440000057220459,1.440000057220459,1.4299999475479126,1.434999942779541,9022,0.0,0.0
2026-02-10 11:55:00-05:00,1.440000057220459,1.4600000381469727,1.440000057220459,1.4600000381469727,93127,0.0,0.0
2026-02-10 12:00:00-05:00,1.4550000429153442,1.4600000381469727,1.4450000524520874,1.4450000524520874,141471,0.0,0.0
2026-02-10 12:05:00-05:00,1.4450000524520874,1.4550000429153442,1.440000057220459,1.4499000310897827,118780,0.0,0.0
2026-02-10 12:10:00-05:00,1.4414000511169434,1.4500000476837158,1.4414000511169434,1.4450000524520874,59432,0.0,0.0
2026-02-10 12:15:00-05:00,1.4431999921798706,1.4500000476837158,1.440600037574768,1.4450000524520874,6024,0.0,0.0
2026-02-10 12:20:00-05:00,1.4500000476837158,1.4500000476837158,1.4450000524520874,1.4485000371932983,19225,0.0,0.0
2026-02-10 12:25:00-05:00,1.4500000476837158,1.4500000476837158,1.4400999546051025,1.4450000524520874,17704,0.0,0.0
2026-02-10 12:30:00-05:00,1.440000057220459,1.4500000476837158,1.440000057220459,1.4450000524520874,3505,0.0,0.0
2026-02-10 12:35:00-05:00,1.4414000511169434,1.4600000381469727,1.434999942779541,1.4598000049591064,170693,0.0,0.0
2026-02-10 12:40:00-05:00,1.4531999826431274,1.4600000381469727,1.451200008392334,1.4594999551773071,23166,0.0,0.0
2026-02-10 12:45:00-05:00,1.4600000381469727,1.4700000286102295,1.4600000381469727,1.4699000120162964,20630,0.0,0.0
2026-02-10 12:50:00-05:00,1.4651000499725342,1.4700000286102295,1.4600000381469727,1.4696999788284302,23032,0.0,0.0
2026-02-10 12:55:00-05:00,1.4700000286102295,1.4700000286102295,1.4601999521255493,1.465000033378601,23937,0.0,0.0
2026-02-10 13:00:00-05:00,1.465000033378601,1.4700000286102295,1.461300015449524,1.4686000347137451,41609,0.0,0.0
2026-02-10 13:05:00-05:00,1.461300015449524,1.4700000286102295,1.4600000381469727,1.465000033378601,21227,0.0,0.0
2026-02-10 13:10:00-05:00,1.4700000286102295,1.4700000286102295,1.4610999822616577,1.465000033378601,2582,0.0,0.0
2026-02-10 13:15:00-05:00,1.4700000286102295,1.4700000286102295,1.4600000381469727,1.4601999521255493,32171,0.0,0.0
2026-02-10 13:20:00-05:00,1.465000033378601,1.4700000286102295,1.465000033378601,1.465000033378601,5744,0.0,0.0
2026-02-10 13:25:00-05:00,1.4700000286102295,1.4700000286102295,1.4550000429153442,1.4550000429153442,13097,0.0,0.0
2026-02-10 13:30:00-05:00,1.4530999660491943,1.4600000381469727,1.4500000476837158,1.4586000442504883,8248,0.0,0.0
2026-02-10 13:35:00-05:00,1.4550000429153442,1.465000033378601,1.4531999826431274,1.465000033378601,36115,0.0,0.0
2026-02-10 13:40:00-05:00,1.4600000381469727,1.4700000286102295,1.4600000381469727,1.4665000438690186,15340,0.0,0.0
2026-02-10 13:45:00-05:00,1.465000033378601,1.4700000286102295,1.465000033378601,1.465000033378601,30413,0.0,0.0
2026-02-10 13:50:00-05:00,1.465000033378601,1.4700000286102295,1.4600000381469727,1.465000033378601,26641,0.0,0.0
2026-02-10 13:55:00-05:00,1.465000033378601,1.4700000286102295,1.4600000381469727,1.465000033378601,8705,0.0,0.0
2026-02-10 14:00:00-05:00,1.465000033378601,1.4700000286102295,1.4600000381469727,1.467900037765503,10872,0.0,0.0
2026-02-10 14:05:00-05:00,1.4600000381469727,1.4700000286102295,1.4600000381469727,1.465000033378601,21210,0.0,0.0
2026-02-10 14:10:00-05:00,1.4600000381469727,1.4699000120162964,1.4600000381469727,1.4631999731063843,4602,0.0,0.0
2026-02-10 14:15:00-05:00,1.4625999927520752,1.4700000286102295,1.4625999927520752,1.4700000286102295,5207,0.0,0.0
2026-02-10 14:20:00-05:00,1.465000033378601,1.4700000286102295,1.4600000381469727,1.4600000381469727,8890,0.0,0.0
2026-02-10 14:25:00-05:00,1.465000033378601,1.4696999788284302,1.465000033378601,1.4686000347137451,2366,0.0,0.0
2026-02-10 14:30:00-05:00,1.4670000076293945,1.475000023841858,1.4600000381469727,1.4600000381469727,23349,0.0,0.0
2026-02-10 14:35:00-05:00,1.465000033378601,1.4696999788284302,1.465000033378601,1.4696999788284302,3724,0.0,0.0
2026-02-10 14:40:00-05:00,1.4600000381469727,1.4700000286102295,1.4600000381469727,1.4630999565124512,12718,0.0,0.0
2026-02-10 14:45:00-05:00,1.465000033378601,1.4700000286102295,1.4600000381469727,1.465000033378601,4363,0.0,0.0
2026-02-10 14:50:00-05:00,1.465000033378601,1.4700000286102295,1.4600000381469727,1.465000033378601,4655,0.0,0.0
2026-02-10 14:55:00-05:00,1.4600000381469727,1.465000033378601,1.4500000476837158,1.4550000429153442,17062,0.0,0.0
2026-02-10 15:00:00-05:00,1.4586000442504883,1.4586000442504883,1.4500000476837158,1.4500000476837158,2873,0.0,0.0
2026-02-10 15:05:00-05:00,1.4500000476837158,1.4600000381469727,1.4500000476837158,1.4500000476837158,6113,0.0,0.0
2026-02-10 15:10:00-05:00,1.4538999795913696,1.4600000381469727,1.4500000476837158,1.4550000429153442,25442,0.0,0.0
2026-02-10 15:15:00-05:00,1.4600000381469727,1.4600000381469727,1.4500000476837158,1.4550000429153442,7690,0.0,0.0
2026-02-10 15:20:00-05:00,1.4550000429153442,1.4600000381469727,1.4500000476837158,1.4550000429153442,11532,0.0,0.0
2026-02-10 15:25:00-05:00,1.4579999446868896,1.4600000381469727,1.440000057220459,1.4500000476837158,74318,0.0,0.0
2026-02-10 15:30:00-05:00,1.4550000429153442,1.4600000381469727,1.4500999450683594,1.4600000381469727,3777,0.0,0.0
2026-02-10 15:35:00-05:00,1.4600000381469727,1.4600000381469727,1.4500000476837158,1.4500000476837158,3946,0.0,0.0
2026-02-10 15:40:00-05:00,1.4550000429153442,1.4550000429153442,1.440000057220459,1.4500000476837158,37965,0.0,0.0
2026-02-10 15:45:00-05:00,1.4450000524520874,1.4500000476837158,1.440000057220459,1.4450000524520874,42345,0.0,0.0
2026-02-10 15:50:00-05:00,1.4450000524520874,1.4500000476837158,1.440000057220459,1.4465999603271484,120316,0.0,0.0
2026-02-10 15:55:00-05:00,1.4450000524520874,1.4450000524520874,1.4299999475479126,1.4299999475479126,153809,0.0,0.0
2026-02-11 09:30:00-05:00,1.409999966621399,1.4499000310897827,1.3899999856948853,1.3949999809265137,126438,0.0,0.0
2026-02-11 09:35:00-05:00,1.3899999856948853,1.3949999809265137,1.375,1.3799999952316284,30815,0.0,0.0
2026-02-11 09:40:00-05:00,1.3799999952316284,1.3799999952316284,1.3619999885559082,1.3723000288009644,39207,0.0,0.0
2026-02-11 09:45:00-05:00,1.3799999952316284,1.3799999952316284,1.3700000047683716,1.3797999620437622,31527,0.0,0.0
2026-02-11 09:50:00-05:00,1.375,1.375,1.3646999597549438,1.3646999597549438,15033,0.0,0.0
2026-02-11 09:55:00-05:00,1.3680000305175781,1.3700000047683716,1.3650000095367432,1.3650000095367432,8253,0.0,0.0
2026-02-11 10:00:00-05:00,1.3698999881744385,1.3799999952316284,1.3622000217437744,1.3799999952316284,67844,0.0,0.0
2026-02-11 10:05:00-05:00,1.3799999952316284,1.3799999952316284,1.3712999820709229,1.3799999952316284,23271,0.0,0.0
2026-02-11 10:10:00-05:00,1.3752000331878662,1.3899999856948853,1.375,1.3799999952316284,75470,0.0,0.0
2026-02-11 10:15:00-05:00,1.375,1.3849999904632568,1.3700000047683716,1.3799999952316284,27779,0.0,0.0
2026-02-11 10:20:00-05:00,1.370300054550171,1.3799999952316284,1.370300054550171,1.375,21605,0.0,0.0
2026-02-11 10:25:00-05:00,1.3799999952316284,1.3799999952316284,1.3600000143051147,1.3700000047683716,34852,0.0,0.0
2026-02-11 10:30:00-05:00,1.3700000047683716,1.3700000047683716,1.3600000143051147,1.3700000047683716,56146,0.0,0.0
2026-02-11 10:35:00-05:00,1.3650000095367432,1.3700000047683716,1.3605999946594238,1.3650000095367432,10393,0.0,0.0
2026-02-11 10:40:00-05:00,1.3609999418258667,1.3799999952316284,1.3600000143051147,1.3701000213623047,49760,0.0,0.0
2026-02-11 10:45:00-05:00,1.3770999908447266,1.3899999856948853,1.3746999502182007,1.3849999904632568,66622,0.0,0.0
2026-02-11 10:50:00-05:00,1.3899999856948853,1.3983999490737915,1.3801000118255615,1.3914999961853027,18217,0.0,0.0
2026-02-11 10:55:00-05:00,1.3949999809265137,1.399999976158142,1.392699956893921,1.399999976158142,41663,0.0,0.0
2026-02-11 11:00:00-05:00,1.399999976158142,1.4199999570846558,1.399999976158142,1.4149999618530273,78049,0.0,0.0
2026-02-11 11:05:00-05:00,1.4149999618530273,1.4249999523162842,1.409999966621399,1.4199999570846558,37652,0.0,0.0
2026-02-11 11:10:00-05:00,1.4199999570846558,1.4249999523162842,1.409999966621399,1.4199999570846558,83319,0.0,0.0
2026-02-11 11:15:00-05:00,1.4199999570846558,1.4199999570846558,1.4149999618530273,1.4199999570846558,2256,0.0,0.0
2026-02-11 11:20:00-05:00,1.4199999570846558,1.4299999475479126,1.4199999570846558,1.4299999475479126,22752,0.0,0.0
2026-02-11 11:25:00-05:00,1.4249999523162842,1.4299999475479126,1.4149999618530273,1.4149999618530273,26087,0.0,0.0
2026-02-11 11:30:00-05:00,1.4199999570846558,1.4199999570846558,1.4112999439239502,1.4199999570846558,5002,0.0,0.0
2026-02-11 11:35:00-05:00,1.4149999618530273,1.4149999618530273,1.409999966621399,1.4149999618530273,26849,0.0,0.0
2026-02-11 11:40:00-05:00,1.4149999618530273,1.4249999523162842,1.4111000299453735,1.4199999570846558,31794,0.0,0.0
2026-02-11 11:45:00-05:00,1.4149999618530273,1.4199999570846558,1.4149999618530273,1.4199999570846558,1111,0.0,0.0
2026-02-11 11:50:00-05:00,1.4199999570846558,1.4199999570846558,1.4149999618530273,1.4199999570846558,17319,0.0,0.0
2026-02-11 11:55:00-05:00,1.4199999570846558,1.4199999570846558,1.409999966621399,1.409999966621399,16255,0.0,0.0
2026-02-11 12:00:00-05:00,1.4113999605178833,1.4199999570846558,1.4111000299453735,1.4199999570846558,13413,0.0,0.0
2026-02-11 12:05:00-05:00,1.4149999618530273,1.4199999570846558,1.399999976158142,1.4049999713897705,141695,0.0,0.0
2026-02-11 12:10:00-05:00,1.409999966621399,1.409999966621399,1.3899999856948853,1.3899999856948853,19731,0.0,0.0
2026-02-11 12:15:00-05:00,1.3899999856948853,1.3899999856948853,1.3849999904632568,1.3898999691009521,15365,0.0,0.0
2026-02-11 12:20:00-05:00,1.3849999904632568,1.388800024986267,1.3849999904632568,1.388800024986267,2108,0.0,0.0
2026-02-11 12:25:00-05:00,1.3849999904632568,1.399999976158142,1.3849999904632568,1.3949999809265137,22942,0.0,0.0
2026-02-11 12:30:00-05:00,1.399999976158142,1.399999976158142,1.3899999856948853,1.399999976158142,3988,0.0,0.0
2026-02-11 12:35:00-05:00,1.3899999856948853,1.3985999822616577,1.3813999891281128,1.3949999809265137,24216,0.0,0.0
2026-02-11 12:40:00-05:00,1.3949999809265137,1.396299958229065,1.3934999704360962,1.3934999704360962,4089,0.0,0.0
2026-02-11 12:45:00-05:00,1.3985999822616577,1.399999976158142,1.3899999856948853,1.3949999809265137,9184,0.0,0.0
2026-02-11 12:50:00-05:00,1.3949999809265137,1.399999976158142,1.3899999856948853,1.3949999809265137,10230,0.0,0.0
2026-02-11 12:55:00-05:00,1.3899999856948853,1.3899999856948853,1.3849999904632568,1.3897000551223755,17164,0.0,0.0
2026-02-11 13:00:00-05:00,1.3899999856948853,1.3899999856948853,1.3799999952316284,1.3899999856948853,9264,0.0,0.0
2026-02-11 13:05:00-05:00,1.3849999904632568,1.3899999856948853,1.3849999904632568,1.3849999904632568,5030,0.0,0.0
2026-02-11 13:10:00-05:00,1.3801000118255615,1.3849999904632568,1.3700000047683716,1.381500005722046,90309,0.0,0.0
2026-02-11 13:15:00-05:00,1.3812999725341797,1.3849999904632568,1.3812999725341797,1.3849999904632568,6533,0.0,0.0
2026-02-11 13:20:00-05:00,1.3899999856948853,1.3899999856948853,1.3849999904632568,1.3849999904632568,1001,0.0,0.0
2026-02-11 13:25:00-05:00,1.3849999904632568,1.3899999856948853,1.3849999904632568,1.3899999856948853,3336,0.0,0.0
2026-02-11 13:30:00-05:00,1.3899999856948853,1.3899999856948853,1.381500005722046,1.3899999856948853,12287,0.0,0.0
2026-02-11 13:35:00-05:00,1.3849999904632568,1.399999976158142,1.3849999904632568,1.399999976158142,15230,0.0,0.0
2026-02-11 13:40:00-05:00,1.399999976158142,1.399999976158142,1.3949999809265137,1.3949999809265137,2693,0.0,0.0
2026-02-11 13:45:00-05:00,1.399999976158142,1.399999976158142,1.3911000490188599,1.3949999809265137,15241,0.0,0.0
2026-02-11 13:50:00-05:00,1.399999976158142,1.399999976158142,1.3902000188827515,1.3949999809265137,3228,0.0,0.0
2026-02-11 13:55:00-05:00,1.399999976158142,1.399999976158142,1.3899999856948853,1.399999976158142,6341,0.0,0.0
2026-02-11 14:00:00-05:00,1.3899999856948853,1.399999976158142,1.3899999856948853,1.399999976158142,5041,0.0,0.0
2026-02-11 14:05:00-05:00,1.3899999856948853,1.399999976158142,1.3899999856948853,1.3949999809265137,29853,0.0,0.0
2026-02-11 14:10:00-05:00,1.399999976158142,1.409999966621399,1.3949999809265137,1.4049999713897705,9812,0.0,0.0
2026-02-11 14:15:00-05:00,1.4049999713897705,1.409999966621399,1.4000999927520752,1.409999966621399,4719,0.0,0.0
2026-02-11 14:20:00-05:00,1.409999966621399,1.409999966621399,1.4019999504089355,1.409999966621399,2672,0.0,0.0
2026-02-11 14:25:00-05:00,1.4049999713897705,1.409999966621399,1.4013999700546265,1.409999966621399,5688,0.0,0.0
2026-02-11 14:30:00-05:00,1.409999966621399,1.409999966621399,1.3949999809265137,1.4049999713897705,13591,0.0,0.0
2026-02-11 14:35:00-05:00,1.4079999923706055,1.409999966621399,1.399999976158142,1.4049999713897705,12702,0.0,0.0
2026-02-11 14:40:00-05:00,1.4049999713897705,1.409999966621399,1.4049999713897705,1.409999966621399,9450,0.0,0.0
2026-02-11 14:45:00-05:00,1.409999966621399,1.409999966621399,1.4049999713897705,1.409999966621399,3374,0.0,0.0
2026-02-11 14:50:00-05:00,1.4049999713897705,1.409999966621399,1.399999976158142,1.409999966621399,5510,0.0,0.0
2026-02-11 14:55:00-05:00,1.4049999713897705,1.409999966621399,1.4049999713897705,1.409999966621399,5021,0.0,0.0
2026-02-11 15:00:00-05:00,1.4049999713897705,1.409999966621399,1.399999976158142,1.409999966621399,7080,0.0,0.0
2026-02-11 15:05:00-05:00,1.409999966621399,1.409999966621399,1.4049999713897705,1.409999966621399,11748,0.0,0.0
2026-02-11 15:10:00-05:00,1.409999966621399,1.409999966621399,1.402999997138977,1.409999966621399,7439,0.0,0.0
2026-02-11 15:15:00-05:00,1.409999966621399,1.409999966621399,1.4049999713897705,1.4049999713897705,5434,0.0,0.0
2026-02-11 15:20:00-05:00,1.409999966621399,1.409999966621399,1.399999976158142,1.4049999713897705,16168,0.0,0.0
2026-02-11 15:25:00-05:00,1.4049999713897705,1.409999966621399,1.399999976158142,1.409999966621399,4607,0.0,0.0
2026-02-11 15:30:00-05:00,1.4079999923706055,1.409999966621399,1.3899999856948853,1.3949999809265137,26649,0.0,0.0
2026-02-11 15:35:00-05:00,1.3924000263214111,1.409999966621399,1.3924000263214111,1.4049999713897705,44804,0.0,0.0
2026-02-11 15:40:00-05:00,1.409999966621399,1.409999966621399,1.4012999534606934,1.409999966621399,19135,0.0,0.0
2026-02-11 15:45:00-05:00,1.4098000526428223,1.4199999570846558,1.4079999923706055,1.4149999618530273,48172,0.0,0.0
2026-02-11 15:50:00-05:00,1.4199999570846558,1.4199999570846558,1.409999966621399,1.4199999570846558,59579,0.0,0.0
2026-02-11 15:55:00-05:00,1.4199999570846558,1.4199999570846558,1.409999966621399,1.4199999570846558,105909,0.0,0.0
2026-02-12 09:30:00-05:00,1.409999966621399,1.4299999475479126,1.399999976158142,1.4249999523162842,112517,0.0,0.0
2026-02-12 09:35:00-05:00,1.4249999523162842,1.434999942779541,1.4199999570846558,1.434999942779541,21894,0.0,0.0
2026-02-12 09:40:00-05:00,1.434999942779541,1.434999942779541,1.4299999475479126,1.4299999475479126,9780,0.0,0.0
2026-02-12 09:45:00-05:00,1.4199999570846558,1.4199999570846558,1.399999976158142,1.399999976158142,59772,0.0,0.0
2026-02-12 09:50:00-05:00,1.399999976158142,1.409999966621399,1.399999976158142,1.4098999500274658,8007,0.0,0.0
2026-02-12 09:55:00-05:00,1.409999966621399,1.4299999475479126,1.409999966621399,1.4299999475479126,10529,0.0,0.0
2026-02-12 10:00:00-05:00,1.4249999523162842,1.4299999475479126,1.4199999570846558,1.4255000352859497,25652,0.0,0.0
2026-02-12 10:05:00-05:00,1.4249999523162842,1.4368000030517578,1.4249999523162842,1.4299999475479126,26628,0.0,0.0
2026-02-12 10:10:00-05:00,1.434999942779541,1.440000057220459,1.4299999475479126,1.440000057220459,7687,0.0,0.0
2026-02-12 10:15:00-05:00,1.4450000524520874,1.4450000524520874,1.434999942779541,1.434999942779541,60944,0.0,0.0
2026-02-12 10:20:00-05:00,1.4299999475479126,1.4388999938964844,1.4249999523162842,1.4388999938964844,8108,0.0,0.0
2026-02-12 10:25:00-05:00,1.4399000406265259,1.4399000406265259,1.4199999570846558,1.4249999523162842,18778,0.0,0.0
2026-02-12 10:30:00-05:00,1.429900050163269,1.4299999475479126,1.4249999523162842,1.4299999475479126,9912,0.0,0.0
2026-02-12 10:35:00-05:00,1.4249999523162842,1.4299999475479126,1.4199999570846558,1.4199999570846558,9552,0.0,0.0
2026-02-12 10:40:00-05:00,1.4249999523162842,1.429900050163269,1.4199999570846558,1.42330002784729,9367,0.0,0.0
2026-02-12 10:45:00-05:00,1.4299999475479126,1.4299999475479126,1.4199999570846558,1.4199999570846558,7500,0.0,0.0
2026-02-12 10:50:00-05:00,1.4290000200271606,1.4299999475479126,1.4199999570846558,1.4249999523162842,14096,0.0,0.0
2026-02-12 10:55:00-05:00,1.4249999523162842,1.4299999475479126,1.4199999570846558,1.4299999475479126,23382,0.0,0.0
2026-02-12 11:00:00-05:00,1.4249999523162842,1.4286999702453613,1.4199999570846558,1.4199999570846558,11774,0.0,0.0
2026-02-12 11:05:00-05:00,1.4220000505447388,1.4220000505447388,1.409999966621399,1.4149999618530273,33521,0.0,0.0
2026-02-12 11:10:00-05:00,1.409999966621399,1.409999966621399,1.399999976158142,1.399999976158142,11357,0.0,0.0
2026-02-12 11:15:00-05:00,1.402999997138977,1.4049999713897705,1.3949999809265137,1.3949999809265137,24452,0.0,0.0
2026-02-12 11:20:00-05:00,1.3949999809265137,1.3949999809265137,1.3899999856948853,1.3949999809265137,6563,0.0,0.0
2026-02-12 11:25:00-05:00,1.3949999809265137,1.3949999809265137,1.3849999904632568,1.3899999856948853,11943,0.0,0.0
2026-02-12 11:30:00-05:00,1.3799999952316284,1.3899999856948853,1.3799999952316284,1.3849999904632568,46293,0.0,0.0
2026-02-12 11:35:00-05:00,1.3813999891281128,1.3949999809265137,1.3799999952316284,1.3903000354766846,16334,0.0,0.0
2026-02-12 11:40:00-05:00,1.396399974822998,1.399999976158142,1.3899999856948853,1.3949999809265137,3091,0.0,0.0
2026-02-12 11:45:00-05:00,1.3899999856948853,1.3899999856948853,1.3799999952316284,1.3799999952316284,241322,0.0,0.0
2026-02-12 11:50:00-05:00,1.3899999856948853,1.3899999856948853,1.3849999904632568,1.3899999856948853,2915,0.0,0.0
2026-02-12 11:55:00-05:00,1.3899999856948853,1.3949999809265137,1.3799999952316284,1.3949999809265137,7324,0.0,0.0
2026-02-12 12:00:00-05:00,1.3949999809265137,1.399999976158142,1.3914999961853027,1.399999976158142,3195,0.0,0.0
2026-02-12 12:05:00-05:00,1.399999976158142,1.399999976158142,1.399999976158142,1.399999976158142,1058,0.0,0.0
2026-02-12 12:10:00-05:00,1.399999976158142,1.399999976158142,1.3926000595092773,1.399999976158142,18951,0.0,0.0
2026-02-12 12:15:00-05:00,1.399999976158142,1.399999976158142,1.3949999809265137,1.399999976158142,4137,0.0,0.0
2026-02-12 12:20:00-05:00,1.399999976158142,1.399999976158142,1.3901000022888184,1.3949999809265137,14169,0.0,0.0
2026-02-12 12:25:00-05:00,1.399999976158142,1.409999966621399,1.3899999856948853,1.40339994430542,63139,0.0,0.0
2026-02-12 12:30:00-05:00,1.409999966621399,1.409999966621399,1.3899999856948853,1.3899999856948853,9432,0.0,0.0
2026-02-12 12:35:00-05:00,1.3985999822616577,1.3985999822616577,1.3940000534057617,1.3940000534057617,3923,0.0,0.0
2026-02-12 12:40:00-05:00,1.399999976158142,1.399999976158142,1.3899999856948853,1.3899999856948853,24040,0.0,0.0
2026-02-12 12:45:00-05:00,1.399999976158142,1.399999976158142,1.3899999856948853,1.399999976158142,29761,0.0,0.0
2026-02-12 12:50:00-05:00,1.399999976158142,1.399999976158142,1.3949999809265137,1.3949999809265137,2126,0.0,0.0
2026-02-12 12:55:00-05:00,1.3949999809265137,1.399999976158142,1.3899999856948853,1.399999976158142,2296,0.0,0.0
2026-02-12 13:00:00-05:00,1.3899999856948853,1.3911000490188599,1.3849999904632568,1.3911000490188599,30046,0.0,0.0
2026-02-12 13:05:00-05:00,1.3899999856948853,1.399999976158142,1.3899999856948853,1.3949999809265137,1387,0.0,0.0
2026-02-12 13:10:00-05:00,1.3949999809265137,1.399999976158142,1.3899999856948853,1.399999976158142,2018,0.0,0.0
2026-02-12 13:15:00-05:00,1.3949999809265137,1.399999976158142,1.3949999809265137,1.399999976158142,2759,0.0,0.0
2026-02-12 13:20:00-05:00,1.399999976158142,1.399999976158142,1.3914999961853027,1.399999976158142,5623,0.0,0.0
2026-02-12 13:25:00-05:00,1.3914999961853027,1.399999976158142,1.3849999904632568,1.3865000009536743,11626,0.0,0.0
2026-02-12 13:30:00-05:00,1.3849999904632568,1.3899999856948853,1.3799999952316284,1.3849999904632568,8524,0.0,0.0
2026-02-12 13:35:00-05:00,1.3849999904632568,1.3899999856948853,1.3799999952316284,1.3899999856948853,32193,0.0,0.0
2026-02-12 13:40:00-05:00,1.3949999809265137,1.399999976158142,1.3930000066757202,1.399999976158142,437661,0.0,0.0
2026-02-12 13:45:00-05:00,1.3949999809265137,1.399999976158142,1.3901000022888184,1.399999976158142,0,0.0,0.0
2026-02-12 13:50:00-05:00,1.399999976158142,1.399999976158142,1.3901000022888184,1.399999976158142,2203,0.0,0.0
2026-02-12 13:55:00-05:00,1.3949999809265137,1.399999976158142,1.3912999629974365,1.399999976158142,6174,0.0,0.0
2026-02-12 14:00:00-05:00,1.399999976158142,1.399999976158142,1.3949999809265137,1.399999976158142,1848,0.0,0.0
2026-02-12 14:05:00-05:00,1.3899999856948853,1.399999976158142,1.3849999904632568,1.3899999856948853,8341,0.0,0.0
2026-02-12 14:10:00-05:00,1.3849999904632568,1.3849999904632568,1.3849999904632568,1.3849999904632568,1232,0.0,0.0
2026-02-12 14:15:00-05:00,1.3880000114440918,1.3899999856948853,1.3799999952316284,1.3899999856948853,4743,0.0,0.0
2026-02-12 14:20:00-05:00,1.3899999856948853,1.3899999856948853,1.3799999952316284,1.3799999952316284,10632,0.0,0.0
2026-02-12 14:25:00-05:00,1.3899999856948853,1.3899999856948853,1.3799999952316284,1.3899999856948853,3236,0.0,0.0
2026-02-12 14:30:00-05:00,1.3849999904632568,1.3899999856948853,1.3799999952316284,1.3899999856948853,12326,0.0,0.0
2026-02-12 14:35:00-05:00,1.3899999856948853,1.3899999856948853,1.3849999904632568,1.3849999904632568,4537,0.0,0.0
2026-02-12 14:40:00-05:00,1.3849999904632568,1.399999976158142,1.3833999633789062,1.399999976158142,12096,0.0,0.0
2026-02-12 14:45:00-05:00,1.399999976158142,1.399999976158142,1.3949999809265137,1.399999976158142,2102,0.0,0.0
2026-02-12 14:50:00-05:00,1.399999976158142,1.399999976158142,1.3949999809265137,1.399999976158142,2068,0.0,0.0
2026-02-12 14:55:00-05:00,1.3949999809265137,1.399999976158142,1.3919999599456787,1.399999976158142,1984,0.0,0.0
2026-02-12 15:00:00-05:00,1.399999976158142,1.399999976158142,1.3899999856948853,1.399999976158142,1934,0.0,0.0
2026-02-12 15:05:00-05:00,1.399999976158142,1.399999976158142,1.3899999856948853,1.399999976158142,2519,0.0,0.0
2026-02-12 15:10:00-05:00,1.3919999599456787,1.399999976158142,1.3919999599456787,1.3949999809265137,19009,0.0,0.0
2026-02-12 15:15:00-05:00,1.3949999809265137,1.399999976158142,1.3899999856948853,1.399999976158142,7842,0.0,0.0
2026-02-12 15:20:00-05:00,1.399999976158142,1.399999976158142,1.3899999856948853,1.399999976158142,2549,0.0,0.0
2026-02-12 15:25:00-05:00,1.3949999809265137,1.399999976158142,1.3799999952316284,1.3849999904632568,32524,0.0,0.0
2026-02-12 15:30:00-05:00,1.3849999904632568,1.3899999856948853,1.3799999952316284,1.3854999542236328,6637,0.0,0.0
2026-02-12 15:35:00-05:00,1.3899999856948853,1.3899999856948853,1.3849999904632568,1.3899999856948853,2375,0.0,0.0
2026-02-12 15:40:00-05:00,1.3849999904632568,1.3899999856948853,1.3849999904632568,1.3899999856948853,5144,0.0,0.0
2026-02-12 15:45:00-05:00,1.3849999904632568,1.3899999856948853,1.3849999904632568,1.3899999856948853,16412,0.0,0.0
2026-02-12 15:50:00-05:00,1.3880000114440918,1.399999976158142,1.3803999423980713,1.399999976158142,50297,0.0,0.0
2026-02-12 15:55:00-05:00,1.3995000123977661,1.409999966621399,1.3914999961853027,1.409999966621399,158801,0.0,0.0
2026-02-13 09:30:00-05:00,1.399999976158142,1.4290000200271606,1.399999976158142,1.4149999618530273,44828,0.0,0.0
2026-02-13 09:35:00-05:00,1.4149999618530273,1.4199999570846558,1.409999966621399,1.4199999570846558,67313,0.0,0.0
2026-02-13 09:40:00-05:00,1.409999966621399,1.409999966621399,1.3901000022888184,1.4039000272750854,16427,0.0,0.0
2026-02-13 09:45:00-05:00,1.409999966621399,1.4149999618530273,1.409999966621399,1.4108999967575073,5030,0.0,0.0
2026-02-13 09:50:00-05:00,1.4149999618530273,1.4190000295639038,1.409999966621399,1.4149999618530273,97139,0.0,0.0
2026-02-13 09:55:00-05:00,1.4149999618530273,1.4199999570846558,1.409999966621399,1.4198999404907227,19759,0.0,0.0
2026-02-13 10:00:00-05:00,1.4199999570846558,1.4199999570846558,1.4149999618530273,1.4149999618530273,3010,0.0,0.0
2026-02-13 10:05:00-05:00,1.4149999618530273,1.4199999570846558,1.4149999618530273,1.4149999618530273,2559,0.0,0.0
2026-02-13 10:10:00-05:00,1.4199999570846558,1.4299999475479126,1.409999966621399,1.4249999523162842,4963,0.0,0.0
2026-02-13 10:15:00-05:00,1.4249999523162842,1.4299999475479126,1.4249999523162842,1.4249999523162842,2388,0.0,0.0
2026-02-13 10:20:00-05:00,1.4249999523162842,1.4299999475479126,1.4249999523162842,1.4299999475479126,2547,0.0,0.0
2026-02-13 10:25:00-05:00,1.4249999523162842,1.4299999475479126,1.4249999523162842,1.4278000593185425,12258,0.0,0.0
2026-02-13 10:30:00-05:00,1.4299999475479126,1.440000057220459,1.4299999475479126,1.434999942779541,9421,0.0,0.0
2026-02-13 10:35:00-05:00,1.434999942779541,1.4386999607086182,1.4311000108718872,1.4386999607086182,5402,0.0,0.0
2026-02-13 10:40:00-05:00,1.434999942779541,1.4388999938964844,1.4313000440597534,1.4329999685287476,8799,0.0,0.0
2026-02-13 10:45:00-05:00,1.434999942779541,1.4499000310897827,1.434999942779541,1.4486000537872314,39929,0.0,0.0
2026-02-13 10:50:00-05:00,1.4450000524520874,1.4600000381469727,1.440000057220459,1.4550000429153442,11263,0.0,0.0
2026-02-13 10:55:00-05:00,1.4600000381469727,1.4700000286102295,1.4600000381469727,1.465000033378601,13014,0.0,0.0
2026-02-13 11:00:00-05:00,1.465999960899353,1.4700000286102295,1.4600000381469727,1.465000033378601,22159,0.0,0.0
2026-02-13 11:05:00-05:00,1.465000033378601,1.4700000286102295,1.4600000381469727,1.465000033378601,13524,0.0,0.0
2026-02-13 11:10:00-05:00,1.465000033378601,1.4700000286102295,1.4600000381469727,1.468999981880188,12536,0.0,0.0
2026-02-13 11:15:00-05:00,1.4700000286102295,1.4700000286102295,1.4600000381469727,1.4600000381469727,7025,0.0,0.0
2026-02-13 11:20:00-05:00,1.465000033378601,1.465000033378601,1.4524999856948853,1.4524999856948853,39973,0.0,0.0
2026-02-13 11:25:00-05:00,1.4550000429153442,1.4600000381469727,1.4550000429153442,1.4600000381469727,866,0.0,0.0
2026-02-13 11:30:00-05:00,1.4500000476837158,1.4600000381469727,1.4500000476837158,1.4600000381469727,3977,0.0,0.0
2026-02-13 11:35:00-05:00,1.4600000381469727,1.4700000286102295,1.4600000381469727,1.465000033378601,54705,0.0,0.0
2026-02-13 11:40:00-05:00,1.4687000513076782,1.4687000513076782,1.4600000381469727,1.465000033378601,2358,0.0,0.0
2026-02-13 11:45:00-05:00,1.4610999822616577,1.465000033378601,1.4500000476837158,1.4500000476837158,19277,0.0,0.0
2026-02-13 11:50:00-05:00,1.4596999883651733,1.4600000381469727,1.4500000476837158,1.4550000429153442,6567,0.0,0.0
2026-02-13 11:55:00-05:00,1.4550000429153442,1.4600000381469727,1.4500999450683594,1.4586999416351318,13948,0.0,0.0
2026-02-13 12:00:00-05:00,1.4600000381469727,1.4600000381469727,1.4500000476837158,1.4585000276565552,4171,0.0,0.0
2026-02-13 12:05:00-05:00,1.4600000381469727,1.4600000381469727,1.4585000276565552,1.4600000381469727,1380,0.0,0.0
2026-02-13 12:10:00-05:00,1.4500000476837158,1.4600000381469727,1.4500000476837158,1.4600000381469727,1684,0.0,0.0
2026-02-13 12:15:00-05:00,1.4550000429153442,1.4550000429153442,1.4500000476837158,1.4500000476837158,50732,0.0,0.0
2026-02-13 12:20:00-05:00,1.4500000476837158,1.4600000381469727,1.4500000476837158,1.4600000381469727,30266,0.0,0.0
2026-02-13 12:25:00-05:00,1.4501999616622925,1.4501999616622925,1.4501999616622925,1.4501999616622925,6914,0.0,0.0
2026-02-13 12:30:00-05:00,1.4530999660491943,1.4550000429153442,1.4500000476837158,1.451300024986267,11678,0.0,0.0
2026-02-13 12:35:00-05:00,1.4550000429153442,1.4550000429153442,1.4550000429153442,1.4550000429153442,892,0.0,0.0
2026-02-13 12:40:00-05:00,1.4515000581741333,1.4550000429153442,1.4500000476837158,1.4550000429153442,1274,0.0,0.0
2026-02-13 12:45:00-05:00,1.4550000429153442,1.4550000429153442,1.4500000476837158,1.4500000476837158,578,0.0,0.0
2026-02-13 12:50:00-05:00,1.4500000476837158,1.4586000442504883,1.4500000476837158,1.4586000442504883,10208,0.0,0.0
2026-02-13 12:55:00-05:00,1.4500000476837158,1.4500000476837158,1.440000057220459,1.440000057220459,6504,0.0,0.0
2026-02-13 13:00:00-05:00,1.4500000476837158,1.4500000476837158,1.440000057220459,1.440000057220459,12810,0.0,0.0
2026-02-13 13:05:00-05:00,1.4450000524520874,1.4500000476837158,1.440000057220459,1.440000057220459,6253,0.0,0.0
2026-02-13 13:10:00-05:00,1.44350004196167,1.4550000429153442,1.440000057220459,1.4550000429153442,8918,0.0,0.0
2026-02-13 13:15:00-05:00,1.4550000429153442,1.4550000429153442,1.4550000429153442,1.4550000429153442,81,0.0,0.0
2026-02-13 13:20:00-05:00,1.4550000429153442,1.4550000429153442,1.4550000429153442,1.4550000429153442,1376,0.0,0.0
2026-02-13 13:25:00-05:00,1.4515000581741333,1.4550000429153442,1.4450000524520874,1.4450000524520874,12170,0.0,0.0
2026-02-13 13:30:00-05:00,1.4450000524520874,1.4500000476837158,1.440000057220459,1.4450000524520874,19719,0.0,0.0
2026-02-13 13:35:00-05:00,1.4486000537872314,1.4500000476837158,1.4450000524520874,1.4450000524520874,3628,0.0,0.0
2026-02-13 13:40:00-05:00,1.440600037574768,1.4500000476837158,1.440000057220459,1.4500000476837158,5172,0.0,0.0
2026-02-13 13:45:00-05:00,1.4413000345230103,1.4500000476837158,1.440000057220459,1.4500000476837158,2974,0.0,0.0
2026-02-13 13:50:00-05:00,1.44350004196167,1.4450000524520874,1.440000057220459,1.4414000511169434,5090,0.0,0.0
2026-02-13 13:55:00-05:00,1.4486000537872314,1.4500000476837158,1.440000057220459,1.4499000310897827,11484,0.0,0.0
2026-02-13 14:00:00-05:00,1.440000057220459,1.4500000476837158,1.440000057220459,1.4450000524520874,6870,0.0,0.0
2026-02-13 14:05:00-05:00,1.440000057220459,1.4500000476837158,1.440000057220459,1.4450000524520874,1291,0.0,0.0
2026-02-13 14:10:00-05:00,1.4450000524520874,1.4450000524520874,1.4249999523162842,1.431399941444397,48371,0.0,0.0
2026-02-13 14:15:00-05:00,1.4299999475479126,1.4357000589370728,1.4299999475479126,1.4299999475479126,2750,0.0,0.0
2026-02-13 14:20:00-05:00,1.434999942779541,1.434999942779541,1.434999942779541,1.434999942779541,2680,0.0,0.0
2026-02-13 14:25:00-05:00,1.4325000047683716,1.4399000406265259,1.4299999475479126,1.4299999475479126,20470,0.0,0.0
2026-02-13 14:30:00-05:00,1.4299999475479126,1.4299999475479126,1.4199999570846558,1.4249999523162842,6518,0.0,0.0
2026-02-13 14:35:00-05:00,1.4200999736785889,1.4299999475479126,1.4200999736785889,1.4299999475479126,1223,0.0,0.0
2026-02-13 14:40:00-05:00,1.4199999570846558,1.4299999475479126,1.4199999570846558,1.4299999475479126,5203,0.0,0.0
2026-02-13 14:45:00-05:00,1.4299999475479126,1.440000057220459,1.4299999475479126,1.440000057220459,33347,0.0,0.0
2026-02-13 14:50:00-05:00,1.4398000240325928,1.440000057220459,1.4299999475479126,1.434999942779541,4424,0.0,0.0
2026-02-13 14:55:00-05:00,1.434999942779541,1.440000057220459,1.4285999536514282,1.4299999475479126,11082,0.0,0.0
2026-02-13 15:00:00-05:00,1.4200999736785889,1.4299999475479126,1.4199999570846558,1.4249999523162842,4071,0.0,0.0
2026-02-13 15:05:00-05:00,1.4249999523162842,1.4299999475479126,1.4199999570846558,1.4299999475479126,4762,0.0,0.0
2026-02-13 15:10:00-05:00,1.4199999570846558,1.4299999475479126,1.4164999723434448,1.4164999723434448,19227,0.0,0.0
2026-02-13 15:15:00-05:00,1.4149999618530273,1.4299999475479126,1.409999966621399,1.4234999418258667,426750,0.0,0.0
2026-02-13 15:20:00-05:00,1.4200999736785889,1.4249999523162842,1.4199999570846558,1.4199999570846558,0,0.0,0.0
2026-02-13 15:25:00-05:00,1.4249999523162842,1.4249999523162842,1.4199999570846558,1.4249999523162842,10039,0.0,0.0
2026-02-13 15:30:00-05:00,1.4249999523162842,1.4299999475479126,1.4199999570846558,1.4299999475479126,4153,0.0,0.0
2026-02-13 15:35:00-05:00,1.4199999570846558,1.4249999523162842,1.4199999570846558,1.4249999523162842,5022,0.0,0.0
2026-02-13 15:40:00-05:00,1.4249999523162842,1.4249999523162842,1.410099983215332,1.4199999570846558,10392,0.0,0.0
2026-02-13 15:45:00-05:00,1.409999966621399,1.4199999570846558,1.409999966621399,1.4103000164031982,11668,0.0,0.0
2026-02-13 15:50:00-05:00,1.4199999570846558,1.4199999570846558,1.409999966621399,1.4199999570846558,15072,0.0,0.0
2026-02-13 15:55:00-05:00,1.410599946975708,1.4199999570846558,1.409999966621399,1.4199999570846558,63383,0.0,0.0
2026-02-17 09:30:00-05:00,1.409999966621399,1.4174000024795532,1.3799999952316284,1.405500054359436,315819,0.0,0.0
2026-02-17 09:35:00-05:00,1.409999966621399,1.4149999618530273,1.3914999961853027,1.409999966621399,0,0.0,0.0
2026-02-17 09:40:00-05:00,1.4040000438690186,1.409999966621399,1.3899999856948853,1.4049999713897705,46704,0.0,0.0
2026-02-17 09:45:00-05:00,1.4049999713897705,1.4049999713897705,1.3997000455856323,1.4049999713897705,18771,0.0,0.0
2026-02-17 09:50:00-05:00,1.4040000438690186,1.409999966621399,1.3949999809265137,1.3949999809265137,26393,0.0,0.0
2026-02-17 09:55:00-05:00,1.3899999856948853,1.3899999856948853,1.3799999952316284,1.3806999921798706,10277,0.0,0.0
2026-02-17 10:00:00-05:00,1.389799952507019,1.3899999856948853,1.3849999904632568,1.3849999904632568,16450,0.0,0.0
2026-02-17 10:05:00-05:00,1.3849999904632568,1.3899999856948853,1.3849999904632568,1.3899999856948853,3577,0.0,0.0
2026-02-17 10:10:00-05:00,1.3849999904632568,1.389299988746643,1.3803999423980713,1.381600022315979,9229,0.0,0.0
2026-02-17 10:15:00-05:00,1.388700008392334,1.399999976158142,1.3799999952316284,1.399999976158142,9592,0.0,0.0
2026-02-17 10:20:00-05:00,1.3949999809265137,1.3949999809265137,1.3799999952316284,1.3849999904632568,20152,0.0,0.0
2026-02-17 10:25:00-05:00,1.3849999904632568,1.3899999856948853,1.3849999904632568,1.3849999904632568,8645,0.0,0.0
2026-02-17 10:30:00-05:00,1.3899999856948853,1.399999976158142,1.3899999856948853,1.399999976158142,39793,0.0,0.0
2026-02-17 10:35:00-05:00,1.3949999809265137,1.399999976158142,1.3901000022888184,1.3949999809265137,10175,0.0,0.0
2026-02-17 10:40:00-05:00,1.3949999809265137,1.399999976158142,1.3949999809265137,1.3949999809265137,4496,0.0,0.0
2026-02-17 10:45:00-05:00,1.3949999809265137,1.4149999618530273,1.3949999809265137,1.4149999618530273,20412,0.0,0.0
2026-02-17 10:50:00-05:00,1.409999966621399,1.4199999570846558,1.409999966621399,1.4149999618530273,20782,0.0,0.0
2026-02-17 10:55:00-05:00,1.4103000164031982,1.4199999570846558,1.4103000164031982,1.4127999544143677,16238,0.0,0.0
2026-02-17 11:00:00-05:00,1.4199999570846558,1.4299999475479126,1.4199999570846558,1.4299999475479126,2771,0.0,0.0
2026-02-17 11:05:00-05:00,1.4249999523162842,1.4356000423431396,1.4249999523162842,1.434999942779541,8420,0.0,0.0
2026-02-17 11:10:00-05:00,1.434999942779541,1.4368000030517578,1.4300999641418457,1.4368000030517578,6153,0.0,0.0
2026-02-17 11:15:00-05:00,1.438599944114685,1.440000057220459,1.434999942779541,1.440000057220459,2862,0.0,0.0
2026-02-17 11:20:00-05:00,1.440000057220459,1.440000057220459,1.431399941444397,1.434999942779541,2516,0.0,0.0
2026-02-17 11:25:00-05:00,1.4315999746322632,1.4388999938964844,1.4299999475479126,1.4299999475479126,18326,0.0,0.0
2026-02-17 11:30:00-05:00,1.4249999523162842,1.4249999523162842,1.4199999570846558,1.4199999570846558,1081,0.0,0.0
2026-02-17 11:35:00-05:00,1.4220000505447388,1.4249999523162842,1.4213000535964966,1.4213000535964966,2252,0.0,0.0
2026-02-17 11:40:00-05:00,1.4199999570846558,1.4299999475479126,1.4199999570846558,1.4249999523162842,15246,0.0,0.0
2026-02-17 11:45:00-05:00,1.4199999570846558,1.4265999794006348,1.4199999570846558,1.4265999794006348,1909,0.0,0.0
2026-02-17 11:50:00-05:00,1.420199990272522,1.420199990272522,1.409999966621399,1.4149999618530273,12072,0.0,0.0
2026-02-17 11:55:00-05:00,1.409999966621399,1.4199999570846558,1.409999966621399,1.409999966621399,4002,0.0,0.0
2026-02-17 12:00:00-05:00,1.409999966621399,1.4129999876022339,1.409999966621399,1.409999966621399,3587,0.0,0.0
2026-02-17 12:05:00-05:00,1.409999966621399,1.4192999601364136,1.409999966621399,1.4149999618530273,5772,0.0,0.0
2026-02-17 12:10:00-05:00,1.409999966621399,1.4149999618530273,1.4049999713897705,1.4088000059127808,19851,0.0,0.0
2026-02-17 12:15:00-05:00,1.399999976158142,1.409999966621399,1.399999976158142,1.4049999713897705,6106,0.0,0.0
2026-02-17 12:20:00-05:00,1.409999966621399,1.409999966621399,1.399999976158142,1.399999976158142,7505,0.0,0.0
2026-02-17 12:25:00-05:00,1.399999976158142,1.409999966621399,1.399999976158142,1.4049999713897705,5074,0.0,0.0
2026-02-17 12:30:00-05:00,1.409999966621399,1.4149999618530273,1.399999976158142,1.406999945640564,34141,0.0,0.0
2026-02-17 12:35:00-05:00,1.4048000574111938,1.4088000059127808,1.399999976158142,1.399999976158142,26848,0.0,0.0
2026-02-17 12:40:00-05:00,1.399999976158142,1.409999966621399,1.399999976158142,1.399999976158142,1664,0.0,0.0
2026-02-17 12:45:00-05:00,1.399999976158142,1.409999966621399,1.399999976158142,1.409999966621399,11447,0.0,0.0
2026-02-17 12:50:00-05:00,1.399999976158142,1.409999966621399,1.399999976158142,1.399999976158142,3027,0.0,0.0
2026-02-17 12:55:00-05:00,1.399999976158142,1.409999966621399,1.399999976158142,1.409999966621399,1692,0.0,0.0
2026-02-17 13:00:00-05:00,1.4049999713897705,1.4149999618530273,1.399999976158142,1.4134999513626099,21642,0.0,0.0
2026-02-17 13:05:00-05:00,1.4149999618530273,1.4199999570846558,1.409999966621399,1.4149999618530273,5597,0.0,0.0
2026-02-17 13:10:00-05:00,1.409999966621399,1.4199999570846558,1.409999966621399,1.409999966621399,3494,0.0,0.0
2026-02-17 13:15:00-05:00,1.409999966621399,1.4199999570846558,1.409999966621399,1.4199999570846558,1510,0.0,0.0
2026-02-17 13:20:00-05:00,1.4149999618530273,1.4199999570846558,1.409999966621399,1.4199999570846558,10151,0.0,0.0
2026-02-17 13:25:00-05:00,1.410599946975708,1.4199999570846558,1.409999966621399,1.4199999570846558,12623,0.0,0.0
2026-02-17 13:30:00-05:00,1.4199999570846558,1.4199999570846558,1.4149999618530273,1.4199999570846558,3958,0.0,0.0
2026-02-17 13:35:00-05:00,1.4199999570846558,1.4199999570846558,1.4184999465942383,1.4199999570846558,1448,0.0,0.0
2026-02-17 13:40:00-05:00,1.4199999570846558,1.4299999475479126,1.4199999570846558,1.4249999523162842,20469,0.0,0.0
2026-02-17 13:45:00-05:00,1.4299999475479126,1.4299999475479126,1.4249999523162842,1.4249999523162842,567,0.0,0.0
2026-02-17 13:50:00-05:00,1.4249999523162842,1.4299999475479126,1.4219000339508057,1.4299999475479126,14769,0.0,0.0
2026-02-17 13:55:00-05:00,1.434999942779541,1.440000057220459,1.434999942779541,1.4390000104904175,4589,0.0,0.0
2026-02-17 14:00:00-05:00,1.434999942779541,1.440000057220459,1.4306999444961548,1.440000057220459,4893,0.0,0.0
2026-02-17 14:05:00-05:00,1.434999942779541,1.440000057220459,1.4299999475479126,1.431399941444397,34993,0.0,0.0
2026-02-17 14:10:00-05:00,1.434999942779541,1.434999942779541,1.4299999475479126,1.4300999641418457,16145,0.0,0.0
2026-02-17 14:15:00-05:00,1.434999942779541,1.4378999471664429,1.434999942779541,1.4378999471664429,10528,0.0,0.0
2026-02-17 14:20:00-05:00,1.434999942779541,1.4450000524520874,1.434999942779541,1.4450000524520874,15474,0.0,0.0
2026-02-17 14:25:00-05:00,1.4401999711990356,1.4428000450134277,1.4299999475479126,1.4300999641418457,27910,0.0,0.0
2026-02-17 14:30:00-05:00,1.4300999641418457,1.440000057220459,1.4299999475479126,1.4321000576019287,7973,0.0,0.0
2026-02-17 14:35:00-05:00,1.4299999475479126,1.4321000576019287,1.420199990272522,1.4249999523162842,21874,0.0,0.0
2026-02-17 14:40:00-05:00,1.4292999505996704,1.4299999475479126,1.4249999523162842,1.4256999492645264,13339,0.0,0.0
2026-02-17 14:45:00-05:00,1.4299999475479126,1.4299999475479126,1.4199999570846558,1.4299999475479126,3314,0.0,0.0
2026-02-17 14:50:00-05:00,1.4299999475479126,1.4299999475479126,1.4234999418258667,1.4249999523162842,6901,0.0,0.0
2026-02-17 14:55:00-05:00,1.4299999475479126,1.4299999475479126,1.4249999523162842,1.4299999475479126,2553,0.0,0.0
2026-02-17 15:00:00-05:00,1.4299999475479126,1.4299999475479126,1.4249999523162842,1.4299999475479126,2023,0.0,0.0
2026-02-17 15:05:00-05:00,1.4264999628067017,1.4299999475479126,1.4249999523162842,1.4299999475479126,8552,0.0,0.0
2026-02-17 15:10:00-05:00,1.4299999475479126,1.4299999475479126,1.4199999570846558,1.4249999523162842,2378,0.0,0.0
2026-02-17 15:15:00-05:00,1.4199999570846558,1.440000057220459,1.4149999618530273,1.440000057220459,46736,0.0,0.0
2026-02-17 15:20:00-05:00,1.434999942779541,1.440000057220459,1.4329999685287476,1.4329999685287476,2644,0.0,0.0
2026-02-17 15:25:00-05:00,1.434999942779541,1.440000057220459,1.4299999475479126,1.440000057220459,22853,0.0,0.0
2026-02-17 15:30:00-05:00,1.440000057220459,1.440000057220459,1.4299999475479126,1.434999942779541,2124,0.0,0.0
2026-02-17 15:35:00-05:00,1.4299999475479126,1.440000057220459,1.4249999523162842,1.4249999523162842,20885,0.0,0.0
2026-02-17 15:40:00-05:00,1.4299999475479126,1.4299999475479126,1.4249999523162842,1.4249999523162842,30399,0.0,0.0
2026-02-17 15:45:00-05:00,1.4249999523162842,1.4299999475479126,1.4199999570846558,1.4249999523162842,147928,0.0,0.0
2026-02-17 15:50:00-05:00,1.4292999505996704,1.440000057220459,1.4249999523162842,1.440000057220459,32646,0.0,0.0
2026-02-17 15:55:00-05:00,1.440000057220459,1.440000057220459,1.4249999523162842,1.4249999523162842,161469,0.0,0.0
2026-02-18 09:30:00-05:00,1.440000057220459,1.440000057220459,1.409999966621399,1.434999942779541,106736,0.0,0.0
2026-02-18 09:35:00-05:00,1.4299999475479126,1.4399000406265259,1.4149999618530273,1.4399000406265259,27622,0.0,0.0
2026-02-18 09:40:00-05:00,1.434999942779541,1.4499000310897827,1.434999942779541,1.440000057220459,8904,0.0,0.0
2026-02-18 09:45:00-05:00,1.4450000524520874,1.4450000524520874,1.434999942779541,1.440000057220459,7478,0.0,0.0
2026-02-18 09:50:00-05:00,1.436400055885315,1.4500000476837158,1.4299999475479126,1.4500000476837158,22397,0.0,0.0
2026-02-18 09:55:00-05:00,1.4499000310897827,1.4600000381469727,1.4450000524520874,1.4550000429153442,14445,0.0,0.0
2026-02-18 10:00:00-05:00,1.4550000429153442,1.4700000286102295,1.4500000476837158,1.4600000381469727,97124,0.0,0.0
2026-02-18 10:05:00-05:00,1.4664000272750854,1.4700000286102295,1.4550000429153442,1.4550000429153442,6040,0.0,0.0
2026-02-18 10:10:00-05:00,1.4550000429153442,1.4550000429153442,1.4500000476837158,1.4550000429153442,4336,0.0,0.0
2026-02-18 10:15:00-05:00,1.4514000415802002,1.465000033378601,1.4500000476837158,1.465000033378601,14376,0.0,0.0
2026-02-18 10:20:00-05:00,1.4699000120162964,1.4699000120162964,1.4600000381469727,1.465000033378601,2940,0.0,0.0
2026-02-18 10:25:00-05:00,1.4601000547409058,1.4700000286102295,1.4600000381469727,1.4600000381469727,6743,0.0,0.0
2026-02-18 10:30:00-05:00,1.4601999521255493,1.4700000286102295,1.4500000476837158,1.4600000381469727,26793,0.0,0.0
2026-02-18 10:35:00-05:00,1.4600000381469727,1.4700000286102295,1.4600000381469727,1.465000033378601,7560,0.0,0.0
2026-02-18 10:40:00-05:00,1.4700000286102295,1.4700000286102295,1.460800051689148,1.4700000286102295,3877,0.0,0.0
2026-02-18 10:45:00-05:00,1.4700000286102295,1.4700000286102295,1.4550000429153442,1.4600000381469727,12470,0.0,0.0
2026-02-18 10:50:00-05:00,1.4600000381469727,1.4600000381469727,1.4500000476837158,1.4550000429153442,2246,0.0,0.0
2026-02-18 10:55:00-05:00,1.4550000429153442,1.4600000381469727,1.4550000429153442,1.4550000429153442,2833,0.0,0.0
2026-02-18 11:00:00-05:00,1.4550000429153442,1.4600000381469727,1.4535000324249268,1.4535000324249268,44825,0.0,0.0
2026-02-18 11:05:00-05:00,1.4598000049591064,1.4600000381469727,1.4535000324249268,1.4593000411987305,3001,0.0,0.0
2026-02-18 11:10:00-05:00,1.4600000381469727,1.4600000381469727,1.4550000429153442,1.4600000381469727,2177,0.0,0.0
2026-02-18 11:15:00-05:00,1.4600000381469727,1.4600000381469727,1.4539999961853027,1.4599000215530396,7036,0.0,0.0
2026-02-18 11:20:00-05:00,1.4600000381469727,1.465000033378601,1.4550000429153442,1.461400032043457,18310,0.0,0.0
2026-02-18 11:25:00-05:00,1.4700000286102295,1.4700000286102295,1.4600000381469727,1.4700000286102295,17537,0.0,0.0
2026-02-18 11:30:00-05:00,1.4700000286102295,1.4700000286102295,1.4605000019073486,1.4700000286102295,5918,0.0,0.0
2026-02-18 11:35:00-05:00,1.4700000286102295,1.4700000286102295,1.4600000381469727,1.4700000286102295,10246,0.0,0.0
2026-02-18 11:40:00-05:00,1.4700000286102295,1.4700000286102295,1.465000033378601,1.465000033378601,247386,0.0,0.0
2026-02-18 11:45:00-05:00,1.4600000381469727,1.4700000286102295,1.4600000381469727,1.4700000286102295,12031,0.0,0.0
2026-02-18 11:50:00-05:00,1.461300015449524,1.4700000286102295,1.4600000381469727,1.4700000286102295,0,0.0,0.0
2026-02-18 11:55:00-05:00,1.4700000286102295,1.4700000286102295,1.4665000438690186,1.4665000438690186,26885,0.0,0.0
2026-02-18 12:00:00-05:00,1.4700000286102295,1.4950000047683716,1.4700000286102295,1.4950000047683716,68299,0.0,0.0
2026-02-18 12:05:00-05:00,1.4903000593185425,1.5049999952316284,1.4900000095367432,1.4900000095367432,66168,0.0,0.0
2026-02-18 12:10:00-05:00,1.4900000095367432,1.4900000095367432,1.4850000143051147,1.489400029182434,18116,0.0,0.0
2026-02-18 12:15:00-05:00,1.4850000143051147,1.4900000095367432,1.4807000160217285,1.4850000143051147,5516,0.0,0.0
2026-02-18 12:20:00-05:00,1.48989999294281,1.4900000095367432,1.4850000143051147,1.4900000095367432,2794,0.0,0.0
2026-02-18 12:25:00-05:00,1.4900000095367432,1.4900000095367432,1.4850000143051147,1.4900000095367432,11550,0.0,0.0
2026-02-18 12:30:00-05:00,1.4884999990463257,1.5,1.4850000143051147,1.4950000047683716,31741,0.0,0.0
2026-02-18 12:35:00-05:00,1.5,1.5099999904632568,1.4996999502182007,1.5099999904632568,48416,0.0,0.0
2026-02-18 12:40:00-05:00,1.5092999935150146,1.5099999904632568,1.5049999952316284,1.5099999904632568,23738,0.0,0.0
2026-02-18 12:45:00-05:00,1.5099999904632568,1.5099999904632568,1.5038000345230103,1.5038000345230103,10339,0.0,0.0
2026-02-18 12:50:00-05:00,1.5099999904632568,1.5099999904632568,1.5,1.5099999904632568,17209,0.0,0.0
2026-02-18 12:55:00-05:00,1.5149999856948853,1.5199999809265137,1.5099999904632568,1.5099999904632568,75789,0.0,0.0
2026-02-18 13:00:00-05:00,1.5199999809265137,1.5199999809265137,1.5149999856948853,1.5149999856948853,4202,0.0,0.0
2026-02-18 13:05:00-05:00,1.5189000368118286,1.5197999477386475,1.5099999904632568,1.5149999856948853,11890,0.0,0.0
2026-02-18 13:10:00-05:00,1.5149999856948853,1.5199999809265137,1.5099999904632568,1.5099999904632568,5071,0.0,0.0
2026-02-18 13:15:00-05:00,1.5099999904632568,1.5099999904632568,1.500599980354309,1.5099999904632568,27400,0.0,0.0
2026-02-18 13:20:00-05:00,1.5099999904632568,1.5099999904632568,1.5,1.5049999952316284,8763,0.0,0.0
2026-02-18 13:25:00-05:00,1.5049999952316284,1.5099999904632568,1.4912999868392944,1.5,73920,0.0,0.0
2026-02-18 13:30:00-05:00,1.5049999952316284,1.5099999904632568,1.5,1.5,37574,0.0,0.0
2026-02-18 13:35:00-05:00,1.500100016593933,1.5049999952316284,1.500100016593933,1.5049999952316284,2330,0.0,0.0
2026-02-18 13:40:00-05:00,1.5049999952316284,1.5099999904632568,1.4900000095367432,1.5,20907,0.0,0.0
2026-02-18 13:45:00-05:00,1.496500015258789,1.5099999904632568,1.4950000047683716,1.5049999952316284,24488,0.0,0.0
2026-02-18 13:50:00-05:00,1.5055999755859375,1.5099999904632568,1.5038000345230103,1.5038000345230103,2197,0.0,0.0
2026-02-18 13:55:00-05:00,1.5099999904632568,1.5099999904632568,1.5049999952316284,1.5049999952316284,1200,0.0,0.0
2026-02-18 14:00:00-05:00,1.5099999904632568,1.5099999904632568,1.5,1.5049999952316284,2534,0.0,0.0
2026-02-18 14:05:00-05:00,1.5049999952316284,1.5099999904632568,1.5,1.5099999904632568,3300,0.0,0.0
2026-02-18 14:10:00-05:00,1.5049999952316284,1.5099999904632568,1.5,1.5049999952316284,11317,0.0,0.0
2026-02-18 14:15:00-05:00,1.5049999952316284,1.5099999904632568,1.5,1.5099999904632568,10239,0.0,0.0
2026-02-18 14:20:00-05:00,1.5,1.5099999904632568,1.5,1.503499984741211,14448,0.0,0.0
2026-02-18 14:25:00-05:00,1.5099999904632568,1.5099999904632568,1.4950000047683716,1.4950000047683716,14584,0.0,0.0
2026-02-18 14:30:00-05:00,1.4950000047683716,1.4993000030517578,1.4900000095367432,1.4950000047683716,3476,0.0,0.0
2026-02-18 14:35:00-05:00,1.4950000047683716,1.4950000047683716,1.4900000095367432,1.4950000047683716,15940,0.0,0.0
2026-02-18 14:40:00-05:00,1.4900000095367432,1.5,1.4900000095367432,1.4955999851226807,5680,0.0,0.0
2026-02-18 14:45:00-05:00,1.5,1.5,1.4950000047683716,1.4950000047683716,7565,0.0,0.0
2026-02-18 14:50:00-05:00,1.5,1.5,1.4900000095367432,1.4950000047683716,3080,0.0,0.0
2026-02-18 14:55:00-05:00,1.4950000047683716,1.5,1.4800000190734863,1.4850000143051147,19543,0.0,0.0
2026-02-18 15:00:00-05:00,1.4850000143051147,1.5,1.4801000356674194,1.5,63056,0.0,0.0
2026-02-18 15:05:00-05:00,1.5,1.5,1.4903000593185425,1.5,679694,0.0,0.0
2026-02-18 15:10:00-05:00,1.5,1.5,1.4850000143051147,1.48989999294281,0,0.0,0.0
2026-02-18 15:15:00-05:00,1.4850000143051147,1.4900000095367432,1.4802000522613525,1.4900000095367432,9293,0.0,0.0
2026-02-18 15:20:00-05:00,1.4900000095367432,1.4900000095367432,1.4809999465942383,1.4900000095367432,63596,0.0,0.0
2026-02-18 15:25:00-05:00,1.4900000095367432,1.4900000095367432,1.4850000143051147,1.4900000095367432,4959,0.0,0.0
2026-02-18 15:30:00-05:00,1.4900000095367432,1.5,1.4850000143051147,1.5,31167,0.0,0.0
2026-02-18 15:35:00-05:00,1.5,1.5,1.4950000047683716,1.5,4905,0.0,0.0
2026-02-18 15:40:00-05:00,1.4940999746322632,1.5,1.4911999702453613,1.5,726402,0.0,0.0
2026-02-18 15:45:00-05:00,1.5,1.5,1.4900000095367432,1.5,0,0.0,0.0
2026-02-18 15:50:00-05:00,1.4950000047683716,1.5,1.4835000038146973,1.4850000143051147,27687,0.0,0.0
2026-02-18 15:55:00-05:00,1.4850000143051147,1.4900000095367432,1.4800000190734863,1.4850000143051147,43151,0.0,0.0
2026-02-19 09:30:00-05:00,1.4539999961853027,1.4800000190734863,1.4500000476837158,1.4550000429153442,145878,0.0,0.0
2026-02-19 09:35:00-05:00,1.4522000551223755,1.475000023841858,1.4500000476837158,1.4700000286102295,36367,0.0,0.0
2026-02-19 09:40:00-05:00,1.4700000286102295,1.4700000286102295,1.461400032043457,1.4700000286102295,10981,0.0,0.0
2026-02-19 09:45:00-05:00,1.465000033378601,1.4700000286102295,1.4600000381469727,1.4600000381469727,11405,0.0,0.0
2026-02-19 09:50:00-05:00,1.4700000286102295,1.4850000143051147,1.4700000286102295,1.4788000583648682,95398,0.0,0.0
2026-02-19 09:55:00-05:00,1.475000023841858,1.4884999990463257,1.475000023841858,1.4851000308990479,13130,0.0,0.0
2026-02-19 10:00:00-05:00,1.4800000190734863,1.499899983406067,1.4735000133514404,1.4950000047683716,15654,0.0,0.0
2026-02-19 10:05:00-05:00,1.4986000061035156,1.5,1.4900000095367432,1.4900000095367432,6693,0.0,0.0
2026-02-19 10:10:00-05:00,1.4950000047683716,1.5,1.4900000095367432,1.4900000095367432,7774,0.0,0.0
2026-02-19 10:15:00-05:00,1.4902000427246094,1.5,1.4900000095367432,1.4900000095367432,16980,0.0,0.0
2026-02-19 10:20:00-05:00,1.4901000261306763,1.5049999952316284,1.4900000095367432,1.5049999952316284,29657,0.0,0.0
2026-02-19 10:25:00-05:00,1.5044000148773193,1.5044000148773193,1.4900000095367432,1.4950000047683716,13656,0.0,0.0
2026-02-19 10:30:00-05:00,1.5,1.5,1.4915000200271606,1.5,7819,0.0,0.0
2026-02-19 10:35:00-05:00,1.5,1.5099999904632568,1.5,1.5099999904632568,12230,0.0,0.0
2026-02-19 10:40:00-05:00,1.5089999437332153,1.5099999904632568,1.5006999969482422,1.5013999938964844,5859,0.0,0.0
2026-02-19 10:45:00-05:00,1.5,1.503600001335144,1.4950000047683716,1.4955999851226807,23983,0.0,0.0
2026-02-19 10:50:00-05:00,1.5,1.5099999904632568,1.4900000095367432,1.5094000101089478,20349,0.0,0.0
2026-02-19 10:55:00-05:00,1.5099999904632568,1.5199999809265137,1.5099999904632568,1.5199999809265137,15410,0.0,0.0
2026-02-19 11:00:00-05:00,1.5188000202178955,1.534999966621399,1.5188000202178955,1.534999966621399,62108,0.0,0.0
2026-02-19 11:05:00-05:00,1.5399999618530273,1.5449999570846558,1.5306999683380127,1.534999966621399,45561,0.0,0.0
2026-02-19 11:10:00-05:00,1.534999966621399,1.534999966621399,1.524999976158142,1.5299999713897705,11855,0.0,0.0
2026-02-19 11:15:00-05:00,1.5298999547958374,1.5299999713897705,1.5199999809265137,1.5299999713897705,13433,0.0,0.0
2026-02-19 11:20:00-05:00,1.524999976158142,1.5399999618530273,1.524999976158142,1.534999966621399,30212,0.0,0.0
2026-02-19 11:25:00-05:00,1.534999966621399,1.534999966621399,1.524399995803833,1.534999966621399,63238,0.0,0.0
2026-02-19 11:30:00-05:00,1.5399999618530273,1.5549999475479126,1.5399999618530273,1.5549999475479126,47348,0.0,0.0
2026-02-19 11:35:00-05:00,1.559999942779541,1.559999942779541,1.5499999523162842,1.559999942779541,104322,0.0,0.0
2026-02-19 11:40:00-05:00,1.5549999475479126,1.559999942779541,1.5399999618530273,1.5449999570846558,64766,0.0,0.0
2026-02-19 11:45:00-05:00,1.5499999523162842,1.559999942779541,1.5499999523162842,1.5541000366210938,43162,0.0,0.0
2026-02-19 11:50:00-05:00,1.559999942779541,1.5700000524520874,1.5549999475479126,1.5693000555038452,21824,0.0,0.0
2026-02-19 11:55:00-05:00,1.5606000423431396,1.5700000524520874,1.5549999475479126,1.559999942779541,27797,0.0,0.0
2026-02-19 12:00:00-05:00,1.5592999458312988,1.559999942779541,1.5499999523162842,1.559999942779541,24188,0.0,0.0
2026-02-19 12:05:00-05:00,1.5549999475479126,1.559999942779541,1.5499999523162842,1.5499999523162842,9441,0.0,0.0
2026-02-19 12:10:00-05:00,1.5549999475479126,1.559999942779541,1.5499999523162842,1.5499999523162842,11627,0.0,0.0
2026-02-19 12:15:00-05:00,1.5549999475479126,1.559999942779541,1.5499999523162842,1.5550999641418457,15924,0.0,0.0
2026-02-19 12:20:00-05:00,1.5549999475479126,1.565000057220459,1.5547000169754028,1.561400055885315,26011,0.0,0.0
2026-02-19 12:25:00-05:00,1.565000057220459,1.5700000524520874,1.559999942779541,1.5700000524520874,47920,0.0,0.0
2026-02-19 12:30:00-05:00,1.5681999921798706,1.5700000524520874,1.559999942779541,1.5680999755859375,33179,0.0,0.0
2026-02-19 12:35:00-05:00,1.559999942779541,1.5800000429153442,1.559999942779541,1.5750000476837158,92882,0.0,0.0
2026-02-19 12:40:00-05:00,1.5800000429153442,1.590000033378601,1.5800000429153442,1.5889999866485596,57812,0.0,0.0
2026-02-19 12:45:00-05:00,1.583400011062622,1.5850000381469727,1.5612000226974487,1.5699000358581543,165386,0.0,0.0
2026-02-19 12:50:00-05:00,1.5614999532699585,1.5700000524520874,1.5399999618530273,1.5449999570846558,195333,0.0,0.0
2026-02-19 12:55:00-05:00,1.5399999618530273,1.559999942779541,1.5399999618530273,1.559999942779541,17276,0.0,0.0
2026-02-19 13:00:00-05:00,1.559999942779541,1.559999942779541,1.5400999784469604,1.5449999570846558,39412,0.0,0.0
2026-02-19 13:05:00-05:00,1.5449999570846558,1.5549999475479126,1.5399999618530273,1.5549999475479126,27178,0.0,0.0
2026-02-19 13:10:00-05:00,1.5599000453948975,1.559999942779541,1.5499999523162842,1.551300048828125,39731,0.0,0.0
2026-02-19 13:15:00-05:00,1.5549999475479126,1.559999942779541,1.5499999523162842,1.5499999523162842,68456,0.0,0.0
2026-02-19 13:20:00-05:00,1.559000015258789,1.559999942779541,1.5499999523162842,1.559999942779541,15434,0.0,0.0
2026-02-19 13:25:00-05:00,1.5499999523162842,1.559999942779541,1.5499999523162842,1.559999942779541,35878,0.0,0.0
2026-02-19 13:30:00-05:00,1.559999942779541,1.5700000524520874,1.5499999523162842,1.559999942779541,13774,0.0,0.0
2026-02-19 13:35:00-05:00,1.5503000020980835,1.559999942779541,1.5503000020980835,1.559999942779541,10317,0.0,0.0
2026-02-19 13:40:00-05:00,1.5599000453948975,1.565000057220459,1.5499999523162842,1.5600999593734741,20129,0.0,0.0
2026-02-19 13:45:00-05:00,1.56850004196167,1.5700000524520874,1.559999942779541,1.5700000524520874,23111,0.0,0.0
2026-02-19 13:50:00-05:00,1.565000057220459,1.5700000524520874,1.5549999475479126,1.55649995803833,33107,0.0,0.0
2026-02-19 13:55:00-05:00,1.5499999523162842,1.559999942779541,1.5499999523162842,1.5585999488830566,8125,0.0,0.0
2026-02-19 14:00:00-05:00,1.559999942779541,1.5700000524520874,1.5549999475479126,1.565000057220459,101317,0.0,0.0
2026-02-19 14:05:00-05:00,1.565000057220459,1.5700000524520874,1.559999942779541,1.5700000524520874,23210,0.0,0.0
2026-02-19 14:10:00-05:00,1.565000057220459,1.5700000524520874,1.5635000467300415,1.565000057220459,26796,0.0,0.0
2026-02-19 14:15:00-05:00,1.565000057220459,1.5800000429153442,1.565000057220459,1.570099949836731,13976,0.0,0.0
2026-02-19 14:20:00-05:00,1.5750000476837158,1.5800000429153442,1.5750000476837158,1.5750999450683594,3598,0.0,0.0
2026-02-19 14:25:00-05:00,1.5750000476837158,1.5800000429153442,1.565000057220459,1.5750000476837158,23954,0.0,0.0
2026-02-19 14:30:00-05:00,1.5750000476837158,1.5800000429153442,1.5706000328063965,1.5706000328063965,5274,0.0,0.0
2026-02-19 14:35:00-05:00,1.5750000476837158,1.5789999961853027,1.565000057220459,1.565000057220459,11028,0.0,0.0
2026-02-19 14:40:00-05:00,1.565000057220459,1.5700000524520874,1.565000057220459,1.568600058555603,16047,0.0,0.0
2026-02-19 14:45:00-05:00,1.5700000524520874,1.5700000524520874,1.559999942779541,1.5700000524520874,46586,0.0,0.0
2026-02-19 14:50:00-05:00,1.565000057220459,1.5700000524520874,1.565000057220459,1.565000057220459,4779,0.0,0.0
2026-02-19 14:55:00-05:00,1.568600058555603,1.5800000429153442,1.565000057220459,1.565000057220459,79202,0.0,0.0
2026-02-19 15:00:00-05:00,1.5635000467300415,1.5800000429153442,1.5612000226974487,1.5800000429153442,27213,0.0,0.0
2026-02-19 15:05:00-05:00,1.5750000476837158,1.5800000429153442,1.5700000524520874,1.5750000476837158,6154,0.0,0.0
2026-02-19 15:10:00-05:00,1.5750000476837158,1.5800000429153442,1.5700000524520874,1.5799000263214111,12863,0.0,0.0
2026-02-19 15:15:00-05:00,1.5750000476837158,1.5800000429153442,1.5700000524520874,1.5750000476837158,11369,0.0,0.0
2026-02-19 15:20:00-05:00,1.5800000429153442,1.5800000429153442,1.5700000524520874,1.5700000524520874,31656,0.0,0.0
2026-02-19 15:25:00-05:00,1.5700000524520874,1.5800000429153442,1.5700000524520874,1.5700000524520874,10829,0.0,0.0
2026-02-19 15:30:00-05:00,1.5765000581741333,1.5800000429153442,1.5700000524520874,1.5700000524520874,7702,0.0,0.0
2026-02-19 15:35:00-05:00,1.5700000524520874,1.5800000429153442,1.5700000524520874,1.5800000429153442,20825,0.0,0.0
2026-02-19 15:40:00-05:00,1.5750000476837158,1.5950000286102295,1.5719000101089478,1.5850000381469727,361647,0.0,0.0
2026-02-19 15:45:00-05:00,1.5850000381469727,1.590000033378601,1.5850000381469727,1.5850000381469727,25620,0.0,0.0
2026-02-19 15:50:00-05:00,1.589900016784668,1.590000033378601,1.5807000398635864,1.590000033378601,53373,0.0,0.0
2026-02-19 15:55:00-05:00,1.5850000381469727,1.590000033378601,1.5815000534057617,1.590000033378601,138898,0.0,0.0
2026-02-20 09:30:00-05:00,1.600000023841858,1.600000023841858,1.559999942779541,1.5850000381469727,334195,0.0,0.0
2026-02-20 09:35:00-05:00,1.5850000381469727,1.6390000581741333,1.5850000381469727,1.6050000190734863,189391,0.0,0.0
2026-02-20 09:40:00-05:00,1.6088000535964966,1.6200000047683716,1.600000023841858,1.6150000095367432,44166,0.0,0.0
2026-02-20 09:45:00-05:00,1.6150000095367432,1.6200000047683716,1.5950000286102295,1.5950000286102295,50757,0.0,0.0
2026-02-20 09:50:00-05:00,1.5999000072479248,1.6100000143051147,1.590000033378601,1.6085000038146973,84415,0.0,0.0
2026-02-20 09:55:00-05:00,1.6015000343322754,1.6200000047683716,1.600000023841858,1.6200000047683716,112594,0.0,0.0
2026-02-20 10:00:00-05:00,1.6200000047683716,1.649999976158142,1.6200000047683716,1.649999976158142,169877,0.0,0.0
2026-02-20 10:05:00-05:00,1.6449999809265137,1.6449999809265137,1.6299999952316284,1.6299999952316284,28891,0.0,0.0
2026-02-20 10:10:00-05:00,1.6385999917984009,1.6399999856948853,1.6200000047683716,1.6230000257492065,86434,0.0,0.0
2026-02-20 10:15:00-05:00,1.6200000047683716,1.625,1.600000023841858,1.6100000143051147,76244,0.0,0.0
2026-02-20 10:20:00-05:00,1.6150000095367432,1.6299999952316284,1.6100000143051147,1.6225999593734741,19310,0.0,0.0
2026-02-20 10:25:00-05:00,1.625,1.6385999917984009,1.6200000047683716,1.6385999917984009,56181,0.0,0.0
2026-02-20 10:30:00-05:00,1.6349999904632568,1.6399999856948853,1.625,1.6399999856948853,55954,0.0,0.0
2026-02-20 10:35:00-05:00,1.6449999809265137,1.6492999792099,1.6401000022888184,1.6449999809265137,13005,0.0,0.0
2026-02-20 10:40:00-05:00,1.6449999809265137,1.6490999460220337,1.6299999952316284,1.6490999460220337,19993,0.0,0.0
2026-02-20 10:45:00-05:00,1.6449999809265137,1.649999976158142,1.6399999856948853,1.6449999809265137,20946,0.0,0.0
2026-02-20 10:50:00-05:00,1.6449999809265137,1.6549999713897705,1.6406999826431274,1.649999976158142,63608,0.0,0.0
2026-02-20 10:55:00-05:00,1.6399999856948853,1.6492999792099,1.6399999856948853,1.642699956893921,9599,0.0,0.0
2026-02-20 11:00:00-05:00,1.6401000022888184,1.65910005569458,1.6399999856948853,1.65910005569458,101152,0.0,0.0
2026-02-20 11:05:00-05:00,1.6549999713897705,1.6549999713897705,1.6435999870300293,1.6435999870300293,23605,0.0,0.0
2026-02-20 11:10:00-05:00,1.6449999809265137,1.649999976158142,1.6399999856948853,1.6449999809265137,23683,0.0,0.0
2026-02-20 11:15:00-05:00,1.6399999856948853,1.6399999856948853,1.6299999952316284,1.6399999856948853,45537,0.0,0.0
2026-02-20 11:20:00-05:00,1.6349999904632568,1.6382999420166016,1.6299999952316284,1.6349999904632568,16755,0.0,0.0
2026-02-20 11:25:00-05:00,1.6349999904632568,1.6349999904632568,1.6200000047683716,1.6200000047683716,10267,0.0,0.0
2026-02-20 11:30:00-05:00,1.625,1.6297999620437622,1.6200000047683716,1.6292999982833862,7964,0.0,0.0
2026-02-20 11:35:00-05:00,1.625,1.6294000148773193,1.6100000143051147,1.6100000143051147,104955,0.0,0.0
2026-02-20 11:40:00-05:00,1.6198999881744385,1.6198999881744385,1.600000023841858,1.600000023841858,5553,0.0,0.0
2026-02-20 11:45:00-05:00,1.6088000535964966,1.6100000143051147,1.600000023841858,1.6098999977111816,16674,0.0,0.0
2026-02-20 11:50:00-05:00,1.6050000190734863,1.6100000143051147,1.600000023841858,1.6087000370025635,7008,0.0,0.0
2026-02-20 11:55:00-05:00,1.6050000190734863,1.6100000143051147,1.600000023841858,1.600000023841858,22508,0.0,0.0
2026-02-20 12:00:00-05:00,1.6050000190734863,1.6094000339508057,1.600000023841858,1.6083999872207642,24704,0.0,0.0
2026-02-20 12:05:00-05:00,1.6050000190734863,1.6100000143051147,1.600000023841858,1.6050000190734863,3244,0.0,0.0
2026-02-20 12:10:00-05:00,1.6050000190734863,1.6098999977111816,1.5950000286102295,1.6050000190734863,82132,0.0,0.0
2026-02-20 12:15:00-05:00,1.600000023841858,1.6050000190734863,1.590000033378601,1.5950000286102295,71683,0.0,0.0
2026-02-20 12:20:00-05:00,1.5950000286102295,1.5950000286102295,1.590000033378601,1.590000033378601,10065,0.0,0.0
2026-02-20 12:25:00-05:00,1.5950000286102295,1.5950000286102295,1.5800000429153442,1.589900016784668,66858,0.0,0.0
2026-02-20 12:30:00-05:00,1.5850000381469727,1.590000033378601,1.5800000429153442,1.5850000381469727,69684,0.0,0.0
2026-02-20 12:35:00-05:00,1.5850000381469727,1.5870000123977661,1.5800000429153442,1.5800000429153442,10264,0.0,0.0
2026-02-20 12:40:00-05:00,1.5800000429153442,1.5850000381469727,1.5700000524520874,1.5750000476837158,22735,0.0,0.0
2026-02-20 12:45:00-05:00,1.5750000476837158,1.5800000429153442,1.5700000524520874,1.5750000476837158,22361,0.0,0.0
2026-02-20 12:50:00-05:00,1.5750000476837158,1.5800000429153442,1.5700000524520874,1.5750000476837158,18772,0.0,0.0
2026-02-20 12:55:00-05:00,1.5750000476837158,1.5800000429153442,1.5700000524520874,1.5714999437332153,5579,0.0,0.0
2026-02-20 13:00:00-05:00,1.5750000476837158,1.5800000429153442,1.5700000524520874,1.5750000476837158,36356,0.0,0.0
2026-02-20 13:05:00-05:00,1.5750000476837158,1.600000023841858,1.5700000524520874,1.5950000286102295,60960,0.0,0.0
2026-02-20 13:10:00-05:00,1.5950000286102295,1.5950000286102295,1.5800000429153442,1.5850000381469727,26360,0.0,0.0
2026-02-20 13:15:00-05:00,1.5850000381469727,1.5850000381469727,1.5750000476837158,1.5750000476837158,11875,0.0,0.0
2026-02-20 13:20:00-05:00,1.5750000476837158,1.5799000263214111,1.5700000524520874,1.5750000476837158,3861,0.0,0.0
2026-02-20 13:25:00-05:00,1.5750000476837158,1.5750000476837158,1.5700000524520874,1.5707000494003296,7726,0.0,0.0
2026-02-20 13:30:00-05:00,1.5750000476837158,1.5850000381469727,1.5700000524520874,1.5750000476837158,40367,0.0,0.0
2026-02-20 13:35:00-05:00,1.5750000476837158,1.5983999967575073,1.5700000524520874,1.5950000286102295,54039,0.0,0.0
2026-02-20 13:40:00-05:00,1.5993000268936157,1.5993000268936157,1.590000033378601,1.5914000272750854,10736,0.0,0.0
2026-02-20 13:45:00-05:00,1.5950000286102295,1.6100000143051147,1.590000033378601,1.5950000286102295,90080,0.0,0.0
2026-02-20 13:50:00-05:00,1.5950000286102295,1.600000023841858,1.590000033378601,1.5950000286102295,60419,0.0,0.0
2026-02-20 13:55:00-05:00,1.5950000286102295,1.600000023841858,1.590000033378601,1.5950000286102295,10332,0.0,0.0
2026-02-20 14:00:00-05:00,1.5950000286102295,1.600000023841858,1.590000033378601,1.5950000286102295,32541,0.0,0.0
2026-02-20 14:05:00-05:00,1.600000023841858,1.6200000047683716,1.5950000286102295,1.6050000190734863,59749,0.0,0.0
2026-02-20 14:10:00-05:00,1.6098999977111816,1.6100000143051147,1.600000023841858,1.6050000190734863,12059,0.0,0.0
2026-02-20 14:15:00-05:00,1.6050000190734863,1.6100000143051147,1.5950000286102295,1.5950000286102295,38106,0.0,0.0
2026-02-20 14:20:00-05:00,1.600000023841858,1.600000023841858,1.590000033378601,1.5950000286102295,10865,0.0,0.0
2026-02-20 14:25:00-05:00,1.5950000286102295,1.600000023841858,1.590000033378601,1.5950000286102295,38420,0.0,0.0
2026-02-20 14:30:00-05:00,1.600000023841858,1.600000023841858,1.590000033378601,1.5950000286102295,13976,0.0,0.0
2026-02-20 14:35:00-05:00,1.590000033378601,1.6201000213623047,1.590000033378601,1.6150000095367432,120067,0.0,0.0
2026-02-20 14:40:00-05:00,1.6150000095367432,1.6200000047683716,1.6035000085830688,1.6150000095367432,59301,0.0,0.0
2026-02-20 14:45:00-05:00,1.6150000095367432,1.6299999952316284,1.6100000143051147,1.6150000095367432,122000,0.0,0.0
2026-02-20 14:50:00-05:00,1.6150000095367432,1.6200000047683716,1.6100000143051147,1.6150000095367432,19278,0.0,0.0
2026-02-20 14:55:00-05:00,1.6150000095367432,1.6299999952316284,1.5950000286102295,1.5950000286102295,81553,0.0,0.0
2026-02-20 15:00:00-05:00,1.5950000286102295,1.5985000133514404,1.590000033378601,1.590000033378601,35284,0.0,0.0
2026-02-20 15:05:00-05:00,1.5973999500274658,1.600000023841858,1.590000033378601,1.5950000286102295,18281,0.0,0.0
2026-02-20 15:10:00-05:00,1.5950000286102295,1.6100000143051147,1.590000033378601,1.6100000143051147,39843,0.0,0.0
2026-02-20 15:15:00-05:00,1.6100000143051147,1.6100000143051147,1.600000023841858,1.600000023841858,9669,0.0,0.0
2026-02-20 15:20:00-05:00,1.600000023841858,1.6100000143051147,1.600000023841858,1.6050000190734863,14515,0.0,0.0
2026-02-20 15:25:00-05:00,1.600000023841858,1.6100000143051147,1.600000023841858,1.6100000143051147,11122,0.0,0.0
2026-02-20 15:30:00-05:00,1.600000023841858,1.6100000143051147,1.600000023841858,1.6050000190734863,21828,0.0,0.0
2026-02-20 15:35:00-05:00,1.600000023841858,1.6100000143051147,1.600000023841858,1.6050000190734863,9681,0.0,0.0
2026-02-20 15:40:00-05:00,1.6013000011444092,1.6200000047683716,1.600000023841858,1.6200000047683716,65616,0.0,0.0
2026-02-20 15:45:00-05:00,1.6100000143051147,1.6200000047683716,1.6100000143051147,1.6150000095367432,18787,0.0,0.0
2026-02-20 15:50:00-05:00,1.6150000095367432,1.625,1.600000023841858,1.6200000047683716,169403,0.0,0.0
2026-02-20 15:55:00-05:00,1.6200000047683716,1.6200000047683716,1.600000023841858,1.6100000143051147,226249,0.0,0.0
2026-02-23 09:30:00-05:00,1.600000023841858,1.649999976158142,1.600000023841858,1.6449999809265137,244628,0.0,0.0
2026-02-23 09:35:00-05:00,1.6440000534057617,1.7000000476837158,1.6434999704360962,1.690000057220459,110253,0.0,0.0
2026-02-23 09:40:00-05:00,1.684999942779541,1.7000000476837158,1.6740000247955322,1.690000057220459,72525,0.0,0.0
2026-02-23 09:45:00-05:00,1.690000057220459,1.7400000095367432,1.6799999475479126,1.7350000143051147,548488,0.0,0.0
2026-02-23 09:50:00-05:00,1.7300000190734863,1.7350000143051147,1.7000000476837158,1.7000000476837158,0,0.0,0.0
2026-02-23 09:55:00-05:00,1.7050000429153442,1.7186000347137451,1.7000000476837158,1.715000033378601,161639,0.0,0.0
2026-02-23 10:00:00-05:00,1.7134000062942505,1.7273999452590942,1.659999966621399,1.684999942779541,126629,0.0,0.0
2026-02-23 10:05:00-05:00,1.6801999807357788,1.718999981880188,1.6801999807357788,1.7050000429153442,99438,0.0,0.0
2026-02-23 10:10:00-05:00,1.7050000429153442,1.7100000381469727,1.7000000476837158,1.7099000215530396,42697,0.0,0.0
2026-02-23 10:15:00-05:00,1.7093000411987305,1.7199000120162964,1.7000000476837158,1.7055000066757202,68807,0.0,0.0
2026-02-23 10:20:00-05:00,1.7000000476837158,1.7100000381469727,1.6914000511169434,1.6950000524520874,36369,0.0,0.0
2026-02-23 10:25:00-05:00,1.690000057220459,1.6950000524520874,1.690000057220459,1.6950000524520874,57493,0.0,0.0
2026-02-23 10:30:00-05:00,1.6901999711990356,1.715000033378601,1.690000057220459,1.715000033378601,51542,0.0,0.0
2026-02-23 10:35:00-05:00,1.7200000286102295,1.7200000286102295,1.7100000381469727,1.7200000286102295,22776,0.0,0.0
2026-02-23 10:40:00-05:00,1.7134000062942505,1.7200000286102295,1.7100000381469727,1.7100000381469727,52763,0.0,0.0
2026-02-23 10:45:00-05:00,1.715000033378601,1.715000033378601,1.7000000476837158,1.7050000429153442,83129,0.0,0.0
2026-02-23 10:50:00-05:00,1.7000000476837158,1.7000000476837158,1.6799999475479126,1.684999942779541,116139,0.0,0.0
2026-02-23 10:55:00-05:00,1.6893999576568604,1.690000057220459,1.670199990272522,1.6749999523162842,38909,0.0,0.0
2026-02-23 11:00:00-05:00,1.676200032234192,1.6950000524520874,1.6714999675750732,1.690000057220459,100497,0.0,0.0
2026-02-23 11:05:00-05:00,1.690000057220459,1.7000000476837158,1.690000057220459,1.6913000345230103,29417,0.0,0.0
2026-02-23 11:10:00-05:00,1.6950000524520874,1.6993000507354736,1.6799999475479126,1.681399941444397,37384,0.0,0.0
2026-02-23 11:15:00-05:00,1.681399941444397,1.6985000371932983,1.6799999475479126,1.6985000371932983,32914,0.0,0.0
2026-02-23 11:20:00-05:00,1.6999000310897827,1.7099000215530396,1.691100001335144,1.7000000476837158,34894,0.0,0.0
2026-02-23 11:25:00-05:00,1.7000000476837158,1.7100000381469727,1.6950000524520874,1.7002999782562256,30389,0.0,0.0
2026-02-23 11:30:00-05:00,1.7050000429153442,1.7050000429153442,1.690000057220459,1.6950000524520874,37160,0.0,0.0
2026-02-23 11:35:00-05:00,1.6950000524520874,1.6994999647140503,1.684999942779541,1.6907999515533447,16683,0.0,0.0
2026-02-23 11:40:00-05:00,1.6900999546051025,1.6950000524520874,1.690000057220459,1.6944999694824219,11478,0.0,0.0
2026-02-23 11:45:00-05:00,1.6950000524520874,1.6950000524520874,1.6799999475479126,1.6799999475479126,92789,0.0,0.0
2026-02-23 11:50:00-05:00,1.6886999607086182,1.6892999410629272,1.6699999570846558,1.6699999570846558,52960,0.0,0.0
2026-02-23 11:55:00-05:00,1.6699999570846558,1.6699999570846558,1.659999966621399,1.6649999618530273,32433,0.0,0.0
2026-02-23 12:00:00-05:00,1.6649999618530273,1.6799999475479126,1.6649999618530273,1.6711000204086304,34154,0.0,0.0
2026-02-23 12:05:00-05:00,1.6713999509811401,1.6726000308990479,1.659999966621399,1.659999966621399,42014,0.0,0.0
2026-02-23 12:10:00-05:00,1.6649999618530273,1.6749999523162842,1.6649999618530273,1.6699999570846558,80889,0.0,0.0
2026-02-23 12:15:00-05:00,1.6749999523162842,1.6749999523162842,1.659999966621399,1.659999966621399,22266,0.0,0.0
2026-02-23 12:20:00-05:00,1.659999966621399,1.6899000406265259,1.659999966621399,1.6899000406265259,47801,0.0,0.0
2026-02-23 12:25:00-05:00,1.684999942779541,1.684999942779541,1.6749999523162842,1.6799999475479126,31086,0.0,0.0
2026-02-23 12:30:00-05:00,1.6749999523162842,1.6749999523162842,1.6649999618530273,1.6698999404907227,52662,0.0,0.0
2026-02-23 12:35:00-05:00,1.6649999618530273,1.6649999618530273,1.649999976158142,1.659999966621399,44508,0.0,0.0
2026-02-23 12:40:00-05:00,1.6607999801635742,1.6649999618530273,1.649999976158142,1.6615999937057495,65531,0.0,0.0
2026-02-23 12:45:00-05:00,1.6649999618530273,1.6649999618530273,1.6549999713897705,1.6584999561309814,26156,0.0,0.0
2026-02-23 12:50:00-05:00,1.659999966621399,1.6685999631881714,1.6549999713897705,1.6549999713897705,52536,0.0,0.0
2026-02-23 12:55:00-05:00,1.659999966621399,1.659999966621399,1.649999976158142,1.6549999713897705,32875,0.0,0.0
2026-02-23 13:00:00-05:00,1.6598999500274658,1.659999966621399,1.6547000408172607,1.655500054359436,24586,0.0,0.0
2026-02-23 13:05:00-05:00,1.6562999486923218,1.659999966621399,1.6500999927520752,1.6549999713897705,46264,0.0,0.0
2026-02-23 13:10:00-05:00,1.6549999713897705,1.6655000448226929,1.6549999713897705,1.6649999618530273,26370,0.0,0.0
2026-02-23 13:15:00-05:00,1.6649999618530273,1.6699999570846558,1.6649999618530273,1.6649999618530273,4381,0.0,0.0
2026-02-23 13:20:00-05:00,1.6649999618530273,1.6655000448226929,1.6649999618530273,1.6649999618530273,2359,0.0,0.0
2026-02-23 13:25:00-05:00,1.6690000295639038,1.6699999570846558,1.6644999980926514,1.6644999980926514,16759,0.0,0.0
2026-02-23 13:30:00-05:00,1.6649999618530273,1.6649999618530273,1.659999966621399,1.6649999618530273,14763,0.0,0.0
2026-02-23 13:35:00-05:00,1.6649999618530273,1.6649999618530273,1.6649999618530273,1.6649999618530273,10592,0.0,0.0
2026-02-23 13:40:00-05:00,1.6649999618530273,1.6649999618530273,1.659999966621399,1.662500023841858,6627,0.0,0.0
2026-02-23 13:45:00-05:00,1.6649999618530273,1.6649999618530273,1.659999966621399,1.6619000434875488,31566,0.0,0.0
2026-02-23 13:50:00-05:00,1.6649999618530273,1.6649999618530273,1.649999976158142,1.649999976158142,61003,0.0,0.0
2026-02-23 13:55:00-05:00,1.6517000198364258,1.6598999500274658,1.649999976158142,1.649999976158142,2251,0.0,0.0
2026-02-23 14:00:00-05:00,1.649999976158142,1.6592999696731567,1.649999976158142,1.6592999696731567,18418,0.0,0.0
2026-02-23 14:05:00-05:00,1.6549999713897705,1.6649999618530273,1.6549999713897705,1.6649999618530273,29508,0.0,0.0
2026-02-23 14:10:00-05:00,1.6649999618530273,1.6756999492645264,1.6649999618530273,1.6749999523162842,37694,0.0,0.0
2026-02-23 14:15:00-05:00,1.6749999523162842,1.6749999523162842,1.6740000247955322,1.6749999523162842,4923,0.0,0.0
2026-02-23 14:20:00-05:00,1.6799999475479126,1.6799999475479126,1.659999966621399,1.659999966621399,46774,0.0,0.0
2026-02-23 14:25:00-05:00,1.6649999618530273,1.6649999618530273,1.659999966621399,1.6649999618530273,4226,0.0,0.0
2026-02-23 14:30:00-05:00,1.6649999618530273,1.6699999570846558,1.660099983215332,1.6649999618530273,25693,0.0,0.0
2026-02-23 14:35:00-05:00,1.6649999618530273,1.6649999618530273,1.6649999618530273,1.6649999618530273,6248,0.0,0.0
2026-02-23 14:40:00-05:00,1.6619000434875488,1.6692999601364136,1.659999966621399,1.6649999618530273,9728,0.0,0.0
2026-02-23 14:45:00-05:00,1.6649999618530273,1.6690000295639038,1.6629999876022339,1.6649999618530273,13855,0.0,0.0
2026-02-23 14:50:00-05:00,1.6649999618530273,1.6699999570846558,1.6648999452590942,1.6649999618530273,56376,0.0,0.0
2026-02-23 14:55:00-05:00,1.659999966621399,1.6749999523162842,1.659999966621399,1.6649999618530273,58586,0.0,0.0
2026-02-23 15:00:00-05:00,1.6699999570846558,1.6699999570846558,1.6649999618530273,1.6649999618530273,32779,0.0,0.0
2026-02-23 15:05:00-05:00,1.6699999570846558,1.6699999570846558,1.6549999713897705,1.6549999713897705,12964,0.0,0.0
2026-02-23 15:10:00-05:00,1.659999966621399,1.659999966621399,1.649999976158142,1.6549999713897705,10101,0.0,0.0
2026-02-23 15:15:00-05:00,1.6549999713897705,1.659999966621399,1.649999976158142,1.659999966621399,23170,0.0,0.0
2026-02-23 15:20:00-05:00,1.6549999713897705,1.659999966621399,1.649999976158142,1.659999966621399,5668,0.0,0.0
2026-02-23 15:25:00-05:00,1.65339994430542,1.6549999713897705,1.6399999856948853,1.6449999809265137,66154,0.0,0.0
2026-02-23 15:30:00-05:00,1.6449999809265137,1.659999966621399,1.6449999809265137,1.6549999713897705,39317,0.0,0.0
2026-02-23 15:35:00-05:00,1.6516000032424927,1.6589000225067139,1.649999976158142,1.6549999713897705,14173,0.0,0.0
2026-02-23 15:40:00-05:00,1.656599998474121,1.656599998474121,1.6401000022888184,1.6449999809265137,31617,0.0,0.0
2026-02-23 15:45:00-05:00,1.6449999809265137,1.649999976158142,1.6413999795913696,1.643399953842163,51442,0.0,0.0
2026-02-23 15:50:00-05:00,1.6449999809265137,1.649999976158142,1.6299999952316284,1.6349999904632568,156736,0.0,0.0
2026-02-23 15:55:00-05:00,1.6349999904632568,1.6399999856948853,1.6299999952316284,1.6349999904632568,133354,0.0,0.0
2026-02-24 09:30:00-05:00,1.6399999856948853,1.659999966621399,1.6399999856948853,1.659999966621399,115030,0.0,0.0
2026-02-24 09:35:00-05:00,1.659999966621399,1.659999966621399,1.6349999904632568,1.6349999904632568,44512,0.0,0.0
2026-02-24 09:40:00-05:00,1.6349999904632568,1.649899959564209,1.6334999799728394,1.6449999809265137,28208,0.0,0.0
2026-02-24 09:45:00-05:00,1.6490000486373901,1.6649999618530273,1.6399999856948853,1.6598999500274658,56562,0.0,0.0
2026-02-24 09:50:00-05:00,1.6517000198364258,1.659999966621399,1.6449999809265137,1.649999976158142,31222,0.0,0.0
2026-02-24 09:55:00-05:00,1.6593999862670898,1.6593999862670898,1.649999976158142,1.6549999713897705,12276,0.0,0.0
2026-02-24 10:00:00-05:00,1.6568000316619873,1.6649999618530273,1.6506999731063843,1.659999966621399,78794,0.0,0.0
2026-02-24 10:05:00-05:00,1.6693999767303467,1.684999942779541,1.660099983215332,1.684999942779541,57761,0.0,0.0
2026-02-24 10:10:00-05:00,1.6899000406265259,1.690000057220459,1.6799999475479126,1.6899000406265259,21227,0.0,0.0
2026-02-24 10:15:00-05:00,1.684999942779541,1.690000057220459,1.6799999475479126,1.684999942779541,16905,0.0,0.0
2026-02-24 10:20:00-05:00,1.690000057220459,1.690000057220459,1.6799999475479126,1.684999942779541,22908,0.0,0.0
2026-02-24 10:25:00-05:00,1.6799999475479126,1.690000057220459,1.6799999475479126,1.684999942779541,45028,0.0,0.0
2026-02-24 10:30:00-05:00,1.6799999475479126,1.690000057220459,1.6749999523162842,1.6749999523162842,48903,0.0,0.0
2026-02-24 10:35:00-05:00,1.6699999570846558,1.6699999570846558,1.659999966621399,1.6699999570846558,38899,0.0,0.0
2026-02-24 10:40:00-05:00,1.6684999465942383,1.6699999570846558,1.6500999927520752,1.6549999713897705,19305,0.0,0.0
2026-02-24 10:45:00-05:00,1.659999966621399,1.684999942779541,1.6513999700546265,1.6749999523162842,146632,0.0,0.0
2026-02-24 10:50:00-05:00,1.6749999523162842,1.690000057220459,1.6699999570846558,1.690000057220459,64324,0.0,0.0
2026-02-24 10:55:00-05:00,1.690000057220459,1.7000000476837158,1.6800999641418457,1.7000000476837158,37291,0.0,0.0
2026-02-24 11:00:00-05:00,1.7000000476837158,1.7100000381469727,1.7000000476837158,1.7100000381469727,105695,0.0,0.0
2026-02-24 11:05:00-05:00,1.7100000381469727,1.7100000381469727,1.7000000476837158,1.7050000429153442,34104,0.0,0.0
2026-02-24 11:10:00-05:00,1.7050000429153442,1.7100000381469727,1.7000000476837158,1.7050000429153442,71741,0.0,0.0
2026-02-24 11:15:00-05:00,1.7000000476837158,1.715000033378601,1.7000000476837158,1.7101000547409058,91026,0.0,0.0
2026-02-24 11:20:00-05:00,1.715000033378601,1.715000033378601,1.7000000476837158,1.7050000429153442,40328,0.0,0.0
2026-02-24 11:25:00-05:00,1.7050000429153442,1.7098000049591064,1.7000999450683594,1.7086999416351318,6682,0.0,0.0
2026-02-24 11:30:00-05:00,1.7100000381469727,1.7100000381469727,1.7000000476837158,1.7050000429153442,147290,0.0,0.0
2026-02-24 11:35:00-05:00,1.7100000381469727,1.7400000095367432,1.7050000429153442,1.732200026512146,129446,0.0,0.0
2026-02-24 11:40:00-05:00,1.7350000143051147,1.739300012588501,1.715000033378601,1.715000033378601,65378,0.0,0.0
2026-02-24 11:45:00-05:00,1.715000033378601,1.7199000120162964,1.7100000381469727,1.7100000381469727,34696,0.0,0.0
2026-02-24 11:50:00-05:00,1.715000033378601,1.715000033378601,1.7000000476837158,1.7050000429153442,213203,0.0,0.0
2026-02-24 11:55:00-05:00,1.7010999917984009,1.7010999917984009,1.690000057220459,1.690000057220459,65183,0.0,0.0
2026-02-24 12:00:00-05:00,1.690000057220459,1.7000000476837158,1.690000057220459,1.690000057220459,20043,0.0,0.0
2026-02-24 12:05:00-05:00,1.690000057220459,1.7000000476837158,1.690000057220459,1.690000057220459,26987,0.0,0.0
2026-02-24 12:10:00-05:00,1.7000000476837158,1.7000000476837158,1.690000057220459,1.690000057220459,5035,0.0,0.0
2026-02-24 12:15:00-05:00,1.690000057220459,1.7000000476837158,1.690000057220459,1.6950000524520874,15439,0.0,0.0
2026-02-24 12:20:00-05:00,1.6950000524520874,1.7000000476837158,1.690000057220459,1.6950000524520874,17487,0.0,0.0
2026-02-24 12:25:00-05:00,1.6950000524520874,1.6950000524520874,1.6799999475479126,1.6799999475479126,45926,0.0,0.0
2026-02-24 12:30:00-05:00,1.684999942779541,1.690000057220459,1.6799999475479126,1.6799999475479126,76139,0.0,0.0
2026-02-24 12:35:00-05:00,1.684999942779541,1.690000057220459,1.6799999475479126,1.690000057220459,100315,0.0,0.0
2026-02-24 12:40:00-05:00,1.684999942779541,1.690000057220459,1.681399941444397,1.684999942779541,15967,0.0,0.0
2026-02-24 12:45:00-05:00,1.690000057220459,1.7200000286102295,1.684999942779541,1.7200000286102295,47684,0.0,0.0
2026-02-24 12:50:00-05:00,1.715000033378601,1.7200000286102295,1.7100000381469727,1.715000033378601,34467,0.0,0.0
2026-02-24 12:55:00-05:00,1.7100000381469727,1.7200000286102295,1.7100000381469727,1.7100000381469727,39714,0.0,0.0
2026-02-24 13:00:00-05:00,1.7200000286102295,1.7200000286102295,1.7050000429153442,1.7050000429153442,30993,0.0,0.0
2026-02-24 13:05:00-05:00,1.7050000429153442,1.7100000381469727,1.7032999992370605,1.7032999992370605,8799,0.0,0.0
2026-02-24 13:10:00-05:00,1.7000000476837158,1.7200000286102295,1.7000000476837158,1.7100000381469727,33846,0.0,0.0
2026-02-24 13:15:00-05:00,1.7100000381469727,1.7100000381469727,1.7000999450683594,1.7050000429153442,14616,0.0,0.0
2026-02-24 13:20:00-05:00,1.7100000381469727,1.7100000381469727,1.7000000476837158,1.7000000476837158,7894,0.0,0.0
2026-02-24 13:25:00-05:00,1.7000000476837158,1.7050000429153442,1.7000000476837158,1.701300024986267,15738,0.0,0.0
2026-02-24 13:30:00-05:00,1.7000000476837158,1.7199000120162964,1.7000000476837158,1.715000033378601,185757,0.0,0.0
2026-02-24 13:35:00-05:00,1.7200000286102295,1.7300000190734863,1.715000033378601,1.7269999980926514,15760,0.0,0.0
2026-02-24 13:40:00-05:00,1.7300000190734863,1.7300000190734863,1.7200000286102295,1.728600025177002,28884,0.0,0.0
2026-02-24 13:45:00-05:00,1.725000023841858,1.7400000095367432,1.725000023841858,1.7300000190734863,107078,0.0,0.0
2026-02-24 13:50:00-05:00,1.725000023841858,1.7300000190734863,1.7237000465393066,1.7299000024795532,8173,0.0,0.0
2026-02-24 13:55:00-05:00,1.7300000190734863,1.7450000047683716,1.725000023841858,1.7400000095367432,103697,0.0,0.0
2026-02-24 14:00:00-05:00,1.7350000143051147,1.7599999904632568,1.7350000143051147,1.7599999904632568,159694,0.0,0.0
2026-02-24 14:05:00-05:00,1.7599999904632568,1.7599999904632568,1.7430000305175781,1.7450000047683716,154002,0.0,0.0
2026-02-24 14:10:00-05:00,1.7450000047683716,1.75,1.7401000261306763,1.7493000030517578,28307,0.0,0.0
2026-02-24 14:15:00-05:00,1.7450000047683716,1.75,1.743499994277954,1.7450000047683716,9193,0.0,0.0
2026-02-24 14:20:00-05:00,1.7450000047683716,1.7599999904632568,1.7400000095367432,1.75,132704,0.0,0.0
2026-02-24 14:25:00-05:00,1.7450000047683716,1.75,1.7300000190734863,1.7312999963760376,47223,0.0,0.0
2026-02-24 14:30:00-05:00,1.7350000143051147,1.736299991607666,1.7300000190734863,1.736299991607666,12673,0.0,0.0
2026-02-24 14:35:00-05:00,1.7350000143051147,1.7400000095367432,1.7301000356674194,1.7350000143051147,12849,0.0,0.0
2026-02-24 14:40:00-05:00,1.7400000095367432,1.7450000047683716,1.7350000143051147,1.7450000047683716,53049,0.0,0.0
2026-02-24 14:45:00-05:00,1.7450000047683716,1.75,1.7400000095367432,1.75,11397,0.0,0.0
2026-02-24 14:50:00-05:00,1.7450000047683716,1.7599999904632568,1.7400000095367432,1.7599999904632568,156588,0.0,0.0
2026-02-24 14:55:00-05:00,1.7549999952316284,1.7799999713897705,1.7549999952316284,1.7654999494552612,126371,0.0,0.0
2026-02-24 15:00:00-05:00,1.7649999856948853,1.7699999809265137,1.7599999904632568,1.7649999856948853,21621,0.0,0.0
2026-02-24 15:05:00-05:00,1.7633999586105347,1.7699999809265137,1.76010000705719,1.7699999809265137,15174,0.0,0.0
2026-02-24 15:10:00-05:00,1.7649999856948853,1.7699999809265137,1.7599999904632568,1.7599999904632568,23954,0.0,0.0
2026-02-24 15:15:00-05:00,1.7698999643325806,1.7799999713897705,1.760200023651123,1.7799999713897705,44790,0.0,0.0
2026-02-24 15:20:00-05:00,1.774999976158142,1.7799999713897705,1.7699999809265137,1.774999976158142,91722,0.0,0.0
2026-02-24 15:25:00-05:00,1.774999976158142,1.7799999713897705,1.7705999612808228,1.774999976158142,28552,0.0,0.0
2026-02-24 15:30:00-05:00,1.7789000272750854,1.7799999713897705,1.7699999809265137,1.7700999975204468,32017,0.0,0.0
2026-02-24 15:35:00-05:00,1.774999976158142,1.7899999618530273,1.7699999809265137,1.7899999618530273,75311,0.0,0.0
2026-02-24 15:40:00-05:00,1.784999966621399,1.7899999618530273,1.7799999713897705,1.784999966621399,49010,0.0,0.0
2026-02-24 15:45:00-05:00,1.784999966621399,1.7899999618530273,1.7799999713897705,1.784999966621399,59079,0.0,0.0
2026-02-24 15:50:00-05:00,1.784999966621399,1.7899999618530273,1.774999976158142,1.784999966621399,159228,0.0,0.0
2026-02-24 15:55:00-05:00,1.784500002861023,1.7899999618530273,1.7799999713897705,1.784999966621399,150913,0.0,0.0
2026-02-25 09:30:00-05:00,1.7999999523162842,1.8300000429153442,1.7913000583648682,1.8300000429153442,271934,0.0,0.0
2026-02-25 09:35:00-05:00,1.8200000524520874,1.836300015449524,1.8049999475479126,1.8049999475479126,95057,0.0,0.0
2026-02-25 09:40:00-05:00,1.8049999475479126,1.8049999475479126,1.780900001525879,1.7999999523162842,70833,0.0,0.0
2026-02-25 09:45:00-05:00,1.7999999523162842,1.809999942779541,1.7899999618530273,1.8049999475479126,23235,0.0,0.0
2026-02-25 09:50:00-05:00,1.8049999475479126,1.8200000524520874,1.7999999523162842,1.819200038909912,19787,0.0,0.0
2026-02-25 09:55:00-05:00,1.815000057220459,1.815000057220459,1.7999999523162842,1.8049999475479126,40782,0.0,0.0
2026-02-25 10:00:00-05:00,1.8049999475479126,1.809999942779541,1.8000999689102173,1.8065999746322632,14522,0.0,0.0
2026-02-25 10:05:00-05:00,1.8099000453948975,1.8200000524520874,1.801300048828125,1.8049999475479126,343373,0.0,0.0
2026-02-25 10:10:00-05:00,1.8049999475479126,1.8085999488830566,1.7999999523162842,1.7999999523162842,0,0.0,0.0
2026-02-25 10:15:00-05:00,1.7999999523162842,1.8250000476837158,1.7900999784469604,1.8250000476837158,100071,0.0,0.0
2026-02-25 10:20:00-05:00,1.8250000476837158,1.8250000476837158,1.809999942779541,1.8184000253677368,53889,0.0,0.0
2026-02-25 10:25:00-05:00,1.8100999593734741,1.8200000524520874,1.8100999593734741,1.815000057220459,473007,0.0,0.0
2026-02-25 10:30:00-05:00,1.819200038909912,1.840000033378601,1.8128999471664429,1.840000033378601,0,0.0,0.0
2026-02-25 10:35:00-05:00,1.8379000425338745,1.840000033378601,1.8250000476837158,1.8300000429153442,63245,0.0,0.0
2026-02-25 10:40:00-05:00,1.8300000429153442,1.8300000429153442,1.8250000476837158,1.8300000429153442,11496,0.0,0.0
2026-02-25 10:45:00-05:00,1.8250000476837158,1.840000033378601,1.820099949836731,1.840000033378601,58100,0.0,0.0
2026-02-25 10:50:00-05:00,1.8393000364303589,1.840000033378601,1.8300000429153442,1.840000033378601,77249,0.0,0.0
2026-02-25 10:55:00-05:00,1.836300015449524,1.850000023841858,1.836300015449524,1.850000023841858,151691,0.0,0.0
2026-02-25 11:00:00-05:00,1.8450000286102295,1.850000023841858,1.840000033378601,1.8450000286102295,64259,0.0,0.0
2026-02-25 11:05:00-05:00,1.8437000513076782,1.850000023841858,1.8350000381469727,1.850000023841858,98685,0.0,0.0
2026-02-25 11:10:00-05:00,1.8450000286102295,1.8600000143051147,1.8450000286102295,1.8507000207901,208987,0.0,0.0
2026-02-25 11:15:00-05:00,1.8550000190734863,1.8650000095367432,1.850000023841858,1.8600000143051147,168801,0.0,0.0
2026-02-25 11:20:00-05:00,1.8550000190734863,1.8600000143051147,1.840000033378601,1.8450000286102295,181984,0.0,0.0
2026-02-25 11:25:00-05:00,1.8414000272750854,1.8592000007629395,1.840000033378601,1.8592000007629395,43629,0.0,0.0
2026-02-25 11:30:00-05:00,1.850100040435791,1.8600000143051147,1.850000023841858,1.8600000143051147,11308,0.0,0.0
2026-02-25 11:35:00-05:00,1.8600000143051147,1.8700000047683716,1.8550000190734863,1.8650000095367432,64875,0.0,0.0
2026-02-25 11:40:00-05:00,1.8650000095367432,1.8700000047683716,1.8609999418258667,1.8650000095367432,8606,0.0,0.0
2026-02-25 11:45:00-05:00,1.8601000308990479,1.8700000047683716,1.850000023841858,1.8550000190734863,77974,0.0,0.0
2026-02-25 11:50:00-05:00,1.8600000143051147,1.8600000143051147,1.8526999950408936,1.8600000143051147,36922,0.0,0.0
2026-02-25 11:55:00-05:00,1.8550000190734863,1.8600000143051147,1.8401000499725342,1.8401000499725342,47592,0.0,0.0
2026-02-25 12:00:00-05:00,1.8401000499725342,1.8600000143051147,1.840000033378601,1.8600000143051147,82294,0.0,0.0
2026-02-25 12:05:00-05:00,1.8650000095367432,1.8799999952316284,1.8600000143051147,1.8707000017166138,104261,0.0,0.0
2026-02-25 12:10:00-05:00,1.8700000047683716,1.8799999952316284,1.8700000047683716,1.8799999952316284,78604,0.0,0.0
2026-02-25 12:15:00-05:00,1.8700000047683716,1.8799999952316284,1.8700000047683716,1.875,30251,0.0,0.0
2026-02-25 12:20:00-05:00,1.8799999952316284,1.8799999952316284,1.8600000143051147,1.8799999952316284,62883,0.0,0.0
2026-02-25 12:25:00-05:00,1.8700000047683716,1.8799999952316284,1.8700000047683716,1.871500015258789,35611,0.0,0.0
2026-02-25 12:30:00-05:00,1.870300054550171,1.8799999952316284,1.8600000143051147,1.8600000143051147,89965,0.0,0.0
2026-02-25 12:35:00-05:00,1.8600000143051147,1.8700000047683716,1.8600000143051147,1.8700000047683716,61568,0.0,0.0
2026-02-25 12:40:00-05:00,1.8698999881744385,1.8700000047683716,1.8600000143051147,1.8600000143051147,11055,0.0,0.0
2026-02-25 12:45:00-05:00,1.8609000444412231,1.8700000047683716,1.8600000143051147,1.8700000047683716,26761,0.0,0.0
2026-02-25 12:50:00-05:00,1.868499994277954,1.8700000047683716,1.8650000095367432,1.8700000047683716,10223,0.0,0.0
2026-02-25 12:55:00-05:00,1.86080002784729,1.8700000047683716,1.86080002784729,1.8700000047683716,44038,0.0,0.0
2026-02-25 13:00:00-05:00,1.8646999597549438,1.8700000047683716,1.8600000143051147,1.8700000047683716,24557,0.0,0.0
2026-02-25 13:05:00-05:00,1.8700000047683716,1.8700000047683716,1.8600000143051147,1.8650000095367432,26289,0.0,0.0
2026-02-25 13:10:00-05:00,1.8650000095367432,1.8700000047683716,1.8600000143051147,1.861299991607666,9408,0.0,0.0
2026-02-25 13:15:00-05:00,1.8600000143051147,1.8700000047683716,1.850000023841858,1.8529000282287598,23640,0.0,0.0
2026-02-25 13:20:00-05:00,1.8550000190734863,1.8593000173568726,1.8550000190734863,1.8550000190734863,23587,0.0,0.0
2026-02-25 13:25:00-05:00,1.8515000343322754,1.8700000047683716,1.850000023841858,1.8600000143051147,49127,0.0,0.0
2026-02-25 13:30:00-05:00,1.8650000095367432,1.8700000047683716,1.8601000308990479,1.8700000047683716,20491,0.0,0.0
2026-02-25 13:35:00-05:00,1.8650000095367432,1.8700000047683716,1.850100040435791,1.8550000190734863,55495,0.0,0.0
2026-02-25 13:40:00-05:00,1.8550000190734863,1.8600000143051147,1.8450000286102295,1.8550000190734863,123370,0.0,0.0
2026-02-25 13:45:00-05:00,1.8550000190734863,1.8600000143051147,1.850000023841858,1.850000023841858,23196,0.0,0.0
2026-02-25 13:50:00-05:00,1.8516000509262085,1.8600000143051147,1.850000023841858,1.850000023841858,17415,0.0,0.0
2026-02-25 13:55:00-05:00,1.856600046157837,1.8600000143051147,1.8401000499725342,1.8450000286102295,32041,0.0,0.0
2026-02-25 14:00:00-05:00,1.850000023841858,1.8799999952316284,1.8450000286102295,1.8799999952316284,168123,0.0,0.0
2026-02-25 14:05:00-05:00,1.8700000047683716,1.8798999786376953,1.86080002784729,1.8650000095367432,1788188,0.0,0.0
2026-02-25 14:10:00-05:00,1.8636000156402588,1.8700000047683716,1.8600000143051147,1.8700000047683716,0,0.0,0.0
2026-02-25 14:15:00-05:00,1.8650000095367432,1.8700000047683716,1.8602999448776245,1.8650000095367432,18459,0.0,0.0
2026-02-25 14:20:00-05:00,1.8650000095367432,1.8700000047683716,1.8600000143051147,1.8650000095367432,10925,0.0,0.0
2026-02-25 14:25:00-05:00,1.8700000047683716,1.8700000047683716,1.8600000143051147,1.8651000261306763,8305,0.0,0.0
2026-02-25 14:30:00-05:00,1.8700000047683716,1.8700000047683716,1.8650000095367432,1.8700000047683716,21439,0.0,0.0
2026-02-25 14:35:00-05:00,1.8601000308990479,1.875,1.8601000308990479,1.8650000095367432,66619,0.0,0.0
2026-02-25 14:40:00-05:00,1.8650000095367432,1.8650000095367432,1.8617000579833984,1.8621000051498413,13948,0.0,0.0
2026-02-25 14:45:00-05:00,1.8650000095367432,1.8799999952316284,1.8601000308990479,1.8799999952316284,58933,0.0,0.0
2026-02-25 14:50:00-05:00,1.8799999952316284,1.8799999952316284,1.8700000047683716,1.8799999952316284,13619,0.0,0.0
2026-02-25 14:55:00-05:00,1.875,1.8799999952316284,1.8701000213623047,1.875,18208,0.0,0.0
2026-02-25 15:00:00-05:00,1.875,1.8799999952316284,1.870300054550171,1.875,23407,0.0,0.0
2026-02-25 15:05:00-05:00,1.875,1.8799999952316284,1.8700000047683716,1.8799999952316284,44777,0.0,0.0
2026-02-25 15:10:00-05:00,1.875,1.8799999952316284,1.870300054550171,1.8799999952316284,27578,0.0,0.0
2026-02-25 15:15:00-05:00,1.8799999952316284,1.8799999952316284,1.870300054550171,1.878999948501587,23435,0.0,0.0
2026-02-25 15:20:00-05:00,1.875,1.8799999952316284,1.8701000213623047,1.875,20293,0.0,0.0
2026-02-25 15:25:00-05:00,1.875,1.8799999952316284,1.8707000017166138,1.8799999952316284,17666,0.0,0.0
2026-02-25 15:30:00-05:00,1.875,1.8799999952316284,1.8700000047683716,1.8799999952316284,54991,0.0,0.0
2026-02-25 15:35:00-05:00,1.875,1.8799999952316284,1.8700000047683716,1.8700000047683716,65052,0.0,0.0
2026-02-25 15:40:00-05:00,1.875,1.8799999952316284,1.8650000095367432,1.875,124909,0.0,0.0
2026-02-25 15:45:00-05:00,1.877500057220459,1.877500057220459,1.8645000457763672,1.8650000095367432,143052,0.0,0.0
2026-02-25 15:50:00-05:00,1.8650000095367432,1.8700000047683716,1.8600000143051147,1.8650000095367432,63977,0.0,0.0
2026-02-25 15:55:00-05:00,1.8650000095367432,1.8700000047683716,1.850000023841858,1.8600000143051147,271846,0.0,0.0
2026-02-26 09:30:00-05:00,1.8200000524520874,1.840000033378601,1.809999942779541,1.8308000564575195,465579,0.0,0.0
2026-02-26 09:35:00-05:00,1.8300000429153442,1.8899999856948853,1.8300000429153442,1.8799999952316284,275146,0.0,0.0
2026-02-26 09:40:00-05:00,1.8799999952316284,1.899999976158142,1.875,1.8799999952316284,168867,0.0,0.0
2026-02-26 09:45:00-05:00,1.8724000453948975,1.909999966621399,1.8700000047683716,1.899999976158142,112327,0.0,0.0
2026-02-26 09:50:00-05:00,1.8992999792099,1.909999966621399,1.8899999856948853,1.9049999713897705,134350,0.0,0.0
2026-02-26 09:55:00-05:00,1.9049999713897705,1.9149999618530273,1.850000023841858,1.853700041770935,438431,0.0,0.0
2026-02-26 10:00:00-05:00,1.8550000190734863,1.8700000047683716,1.850000023841858,1.8650000095367432,111560,0.0,0.0
2026-02-26 10:05:00-05:00,1.8700000047683716,1.875,1.840000033378601,1.840000033378601,71146,0.0,0.0
2026-02-26 10:10:00-05:00,1.840000033378601,1.8499000072479248,1.840000033378601,1.840000033378601,43336,0.0,0.0
2026-02-26 10:15:00-05:00,1.8350000381469727,1.850000023841858,1.8200000524520874,1.8450000286102295,57221,0.0,0.0
2026-02-26 10:20:00-05:00,1.850000023841858,1.8600000143051147,1.850000023841858,1.8550000190734863,18817,0.0,0.0
2026-02-26 10:25:00-05:00,1.8550000190734863,1.8650000095367432,1.840000033378601,1.8450000286102295,53935,0.0,0.0
2026-02-26 10:30:00-05:00,1.8450000286102295,1.850000023841858,1.8350000381469727,1.8499000072479248,97410,0.0,0.0
2026-02-26 10:35:00-05:00,1.8450000286102295,1.8700000047683716,1.840000033378601,1.8550000190734863,56766,0.0,0.0
2026-02-26 10:40:00-05:00,1.8502999544143677,1.8799999952316284,1.8502999544143677,1.875,140551,0.0,0.0
2026-02-26 10:45:00-05:00,1.875,1.8899999856948853,1.8700000047683716,1.875,59484,0.0,0.0
2026-02-26 10:50:00-05:00,1.8798999786376953,1.8899999856948853,1.8701000213623047,1.8849999904632568,34807,0.0,0.0
2026-02-26 10:55:00-05:00,1.8898999691009521,1.899999976158142,1.881100058555603,1.8949999809265137,100599,0.0,0.0
2026-02-26 11:00:00-05:00,1.899999976158142,1.899999976158142,1.8799999952316284,1.8849999904632568,47895,0.0,0.0
2026-02-26 11:05:00-05:00,1.8849999904632568,1.8899999856948853,1.8799999952316284,1.8849999904632568,41422,0.0,0.0
2026-02-26 11:10:00-05:00,1.8849999904632568,1.8899999856948853,1.8799999952316284,1.8813999891281128,8664,0.0,0.0
2026-02-26 11:15:00-05:00,1.8849999904632568,1.899999976158142,1.8799999952316284,1.899999976158142,32909,0.0,0.0
2026-02-26 11:20:00-05:00,1.899999976158142,1.9199999570846558,1.8949999809265137,1.9199999570846558,114818,0.0,0.0
2026-02-26 11:25:00-05:00,1.9199999570846558,1.940000057220459,1.909999966621399,1.9390000104904175,180845,0.0,0.0
2026-02-26 11:30:00-05:00,1.940000057220459,1.940000057220459,1.9299999475479126,1.9299999475479126,44559,0.0,0.0
2026-02-26 11:35:00-05:00,1.9300999641418457,1.940000057220459,1.9299999475479126,1.9299999475479126,87077,0.0,0.0
2026-02-26 11:40:00-05:00,1.9299999475479126,1.9399000406265259,1.9299999475479126,1.934999942779541,21597,0.0,0.0
2026-02-26 11:45:00-05:00,1.9320000410079956,1.934999942779541,1.9003000259399414,1.9149999618530273,139488,0.0,0.0
2026-02-26 11:50:00-05:00,1.9149999618530273,1.9199999570846558,1.8932000398635864,1.8937000036239624,67038,0.0,0.0
2026-02-26 11:55:00-05:00,1.8992999792099,1.8992999792099,1.875,1.8799999952316284,100311,0.0,0.0
2026-02-26 12:00:00-05:00,1.8849999904632568,1.8949999809265137,1.8799999952316284,1.8949999809265137,79919,0.0,0.0
2026-02-26 12:05:00-05:00,1.8899999856948853,1.8949999809265137,1.8799999952316284,1.8901000022888184,46093,0.0,0.0
2026-02-26 12:10:00-05:00,1.899999976158142,1.899999976158142,1.8899999856948853,1.8899999856948853,13773,0.0,0.0
2026-02-26 12:15:00-05:00,1.8849999904632568,1.8849999904632568,1.8700000047683716,1.875,12304,0.0,0.0
2026-02-26 12:20:00-05:00,1.875,1.875,1.850000023841858,1.8550000190734863,231504,0.0,0.0
2026-02-26 12:25:00-05:00,1.8550000190734863,1.86899995803833,1.850000023841858,1.8550000190734863,91643,0.0,0.0
2026-02-26 12:30:00-05:00,1.8550000190734863,1.8698999881744385,1.8550000190734863,1.8698999881744385,32528,0.0,0.0
2026-02-26 12:35:00-05:00,1.8698999881744385,1.8698999881744385,1.8550000190734863,1.8550000190734863,25420,0.0,0.0
2026-02-26 12:40:00-05:00,1.8550000190734863,1.8600000143051147,1.850000023841858,1.8550000190734863,17160,0.0,0.0
2026-02-26 12:45:00-05:00,1.8567999601364136,1.8624000549316406,1.850000023841858,1.8550000190734863,55398,0.0,0.0
2026-02-26 12:50:00-05:00,1.8600000143051147,1.8650000095367432,1.850000023841858,1.8640999794006348,84168,0.0,0.0
2026-02-26 12:55:00-05:00,1.8600000143051147,1.8600000143051147,1.850000023841858,1.8550000190734863,2968969,0.0,0.0
2026-02-26 13:00:00-05:00,1.8550000190734863,1.8600000143051147,1.850000023841858,1.8550000190734863,0,0.0,0.0
2026-02-26 13:05:00-05:00,1.8600000143051147,1.8600000143051147,1.840000033378601,1.8550000190734863,40528,0.0,0.0
2026-02-26 13:10:00-05:00,1.8550000190734863,1.8550000190734863,1.850000023841858,1.8550000190734863,34829,0.0,0.0
2026-02-26 13:15:00-05:00,1.8550000190734863,1.8600000143051147,1.850000023841858,1.8600000143051147,11676,0.0,0.0
2026-02-26 13:20:00-05:00,1.8600000143051147,1.8600000143051147,1.850000023841858,1.8587000370025635,14276,0.0,0.0
2026-02-26 13:25:00-05:00,1.8550000190734863,1.8600000143051147,1.8550000190734863,1.8600000143051147,20403,0.0,0.0
2026-02-26 13:30:00-05:00,1.8550000190734863,1.8650000095367432,1.850000023841858,1.8601000308990479,24260,0.0,0.0
2026-02-26 13:35:00-05:00,1.8695000410079956,1.875,1.8600000143051147,1.875,14329,0.0,0.0
2026-02-26 13:40:00-05:00,1.875,1.8799999952316284,1.8617000579833984,1.875,37016,0.0,0.0
2026-02-26 13:45:00-05:00,1.875,1.8798999786376953,1.8700000047683716,1.875,9664,0.0,0.0
2026-02-26 13:50:00-05:00,1.8700000047683716,1.8799999952316284,1.8700000047683716,1.8799999952316284,3593,0.0,0.0
2026-02-26 13:55:00-05:00,1.875,1.8799999952316284,1.8700000047683716,1.871399998664856,4857,0.0,0.0
2026-02-26 14:00:00-05:00,1.875,1.8799999952316284,1.8738000392913818,1.8799999952316284,2363,0.0,0.0
2026-02-26 14:05:00-05:00,1.8799999952316284,1.8899999856948853,1.875,1.8799999952316284,65529,0.0,0.0
2026-02-26 14:10:00-05:00,1.8799999952316284,1.8799999952316284,1.8701000213623047,1.878999948501587,6172,0.0,0.0
2026-02-26 14:15:00-05:00,1.8799999952316284,1.8799999952316284,1.874899983406067,1.875,22107,0.0,0.0
2026-02-26 14:20:00-05:00,1.8799999952316284,1.8799999952316284,1.875,1.875,17764,0.0,0.0
2026-02-26 14:25:00-05:00,1.8799999952316284,1.8799999952316284,1.8700000047683716,1.875,9159,0.0,0.0
2026-02-26 14:30:00-05:00,1.8700000047683716,1.8799999952316284,1.8700000047683716,1.8700000047683716,9196,0.0,0.0
2026-02-26 14:35:00-05:00,1.8700000047683716,1.8768999576568604,1.8700000047683716,1.8700000047683716,51810,0.0,0.0
2026-02-26 14:40:00-05:00,1.8700000047683716,1.8849999904632568,1.8700000047683716,1.875,65653,0.0,0.0
2026-02-26 14:45:00-05:00,1.8799999952316284,1.8799999952316284,1.875,1.875,10193,0.0,0.0
2026-02-26 14:50:00-05:00,1.875,1.8799999952316284,1.8614000082015991,1.8614000082015991,114306,0.0,0.0
2026-02-26 14:55:00-05:00,1.8650000095367432,1.8690999746322632,1.8600000143051147,1.8600000143051147,28093,0.0,0.0
2026-02-26 15:00:00-05:00,1.8600000143051147,1.8700000047683716,1.8600000143051147,1.8650000095367432,14314,0.0,0.0
2026-02-26 15:05:00-05:00,1.8650000095367432,1.8700000047683716,1.8650000095367432,1.8650000095367432,32657,0.0,0.0
2026-02-26 15:10:00-05:00,1.8650000095367432,1.8700000047683716,1.8600000143051147,1.8700000047683716,10728,0.0,0.0
2026-02-26 15:15:00-05:00,1.8700000047683716,1.8799999952316284,1.8600000143051147,1.875,15373,0.0,0.0
2026-02-26 15:20:00-05:00,1.8799999952316284,1.8799999952316284,1.8650000095367432,1.8700000047683716,3446841,0.0,0.0
2026-02-26 15:25:00-05:00,1.8700000047683716,1.8799999952316284,1.8650000095367432,1.8700000047683716,0,0.0,0.0
2026-02-26 15:30:00-05:00,1.8650000095367432,1.8799999952316284,1.8650000095367432,1.8703999519348145,129291,0.0,0.0
2026-02-26 15:35:00-05:00,1.875,1.8799999952316284,1.8700000047683716,1.8700000047683716,24615,0.0,0.0
2026-02-26 15:40:00-05:00,1.875,1.8799999952316284,1.8601000308990479,1.8650000095367432,69058,0.0,0.0
2026-02-26 15:45:00-05:00,1.8650000095367432,1.8700000047683716,1.8650000095367432,1.8700000047683716,3859707,0.0,0.0
2026-02-26 15:50:00-05:00,1.8650000095367432,1.8700000047683716,1.850100040435791,1.8600000143051147,0,0.0,0.0
2026-02-26 15:55:00-05:00,1.8550000190734863,1.8700000047683716,1.850100040435791,1.8650000095367432,212428,0.0,0.0
2026-02-27 09:30:00-05:00,1.8700000047683716,1.8799999952316284,1.8600000143051147,1.8650000095367432,178346,0.0,0.0
2026-02-27 09:35:00-05:00,1.8600000143051147,1.8600000143051147,1.840000033378601,1.8600000143051147,145800,0.0,0.0
2026-02-27 09:40:00-05:00,1.8550000190734863,1.8598999977111816,1.8314000368118286,1.840000033378601,61710,0.0,0.0
2026-02-27 09:45:00-05:00,1.8416999578475952,1.8700000047683716,1.840000033378601,1.8700000047683716,79699,0.0,0.0
2026-02-27 09:50:00-05:00,1.8600000143051147,1.8600000143051147,1.840000033378601,1.8509999513626099,78691,0.0,0.0
2026-02-27 09:55:00-05:00,1.8596999645233154,1.8600000143051147,1.8300000429153442,1.8300000429153442,171126,0.0,0.0
2026-02-27 10:00:00-05:00,1.8350000381469727,1.839900016784668,1.8300000429153442,1.8313000202178955,48529,0.0,0.0
2026-02-27 10:05:00-05:00,1.8350000381469727,1.850000023841858,1.8300000429153442,1.8450000286102295,71297,0.0,0.0
2026-02-27 10:10:00-05:00,1.840000033378601,1.850000023841858,1.840000033378601,1.8496999740600586,22148,0.0,0.0
2026-02-27 10:15:00-05:00,1.840000033378601,1.8450000286102295,1.8309999704360962,1.840000033378601,20358,0.0,0.0
2026-02-27 10:20:00-05:00,1.840000033378601,1.840000033378601,1.8315999507904053,1.833299994468689,4585,0.0,0.0
2026-02-27 10:25:00-05:00,1.8350000381469727,1.840000033378601,1.8300000429153442,1.8350000381469727,14534,0.0,0.0
2026-02-27 10:30:00-05:00,1.8350000381469727,1.8350000381469727,1.8200000524520874,1.8299000263214111,67591,0.0,0.0
2026-02-27 10:35:00-05:00,1.8300000429153442,1.8300000429153442,1.8207000494003296,1.8250000476837158,16064,0.0,0.0
2026-02-27 10:40:00-05:00,1.8299000263214111,1.8299000263214111,1.8200000524520874,1.823699951171875,79967,0.0,0.0
2026-02-27 10:45:00-05:00,1.8214000463485718,1.8300000429153442,1.8200000524520874,1.8250000476837158,29557,0.0,0.0
2026-02-27 10:50:00-05:00,1.8250000476837158,1.8285000324249268,1.8200000524520874,1.8200000524520874,29328,0.0,0.0
2026-02-27 10:55:00-05:00,1.8250000476837158,1.8299000263214111,1.8250000476837158,1.8250000476837158,6439,0.0,0.0
2026-02-27 11:00:00-05:00,1.8300000429153442,1.8300000429153442,1.8200000524520874,1.826300024986267,108170,0.0,0.0
2026-02-27 11:05:00-05:00,1.8202999830245972,1.8272000551223755,1.815000057220459,1.815000057220459,17442,0.0,0.0
2026-02-27 11:10:00-05:00,1.8108999729156494,1.8200000524520874,1.809999942779541,1.815000057220459,34317,0.0,0.0
2026-02-27 11:15:00-05:00,1.815000057220459,1.8200000524520874,1.809999942779541,1.8200000524520874,58914,0.0,0.0
2026-02-27 11:20:00-05:00,1.8200000524520874,1.8200000524520874,1.809999942779541,1.815000057220459,49256,0.0,0.0
2026-02-27 11:25:00-05:00,1.8200000524520874,1.8200000524520874,1.809999942779541,1.809999942779541,43754,0.0,0.0
2026-02-27 11:30:00-05:00,1.809999942779541,1.8200000524520874,1.809999942779541,1.8200000524520874,20562,0.0,0.0
2026-02-27 11:35:00-05:00,1.815000057220459,1.8200000524520874,1.809999942779541,1.809999942779541,11123,0.0,0.0
2026-02-27 11:40:00-05:00,1.809999942779541,1.815000057220459,1.809999942779541,1.815000057220459,13785,0.0,0.0
2026-02-27 11:45:00-05:00,1.809999942779541,1.8199000358581543,1.809999942779541,1.809999942779541,8764,0.0,0.0
2026-02-27 11:50:00-05:00,1.809999942779541,1.8200000524520874,1.809999942779541,1.815000057220459,7131,0.0,0.0
2026-02-27 11:55:00-05:00,1.809999942779541,1.8200000524520874,1.809999942779541,1.809999942779541,9469,0.0,0.0
2026-02-27 12:00:00-05:00,1.8200000524520874,1.8250000476837158,1.815000057220459,1.8200000524520874,44080,0.0,0.0
2026-02-27 12:05:00-05:00,1.8300000429153442,1.8300000429153442,1.8200000524520874,1.8200000524520874,11615,0.0,0.0
2026-02-27 12:10:00-05:00,1.8250000476837158,1.8250000476837158,1.811400055885315,1.8193000555038452,53876,0.0,0.0
2026-02-27 12:15:00-05:00,1.816499948501587,1.8200000524520874,1.815000057220459,1.818600058555603,9789,0.0,0.0
2026-02-27 12:20:00-05:00,1.8109999895095825,1.8193999528884888,1.809999942779541,1.8114999532699585,26050,0.0,0.0
2026-02-27 12:25:00-05:00,1.809999942779541,1.8200000524520874,1.809999942779541,1.8200000524520874,34761,0.0,0.0
2026-02-27 12:30:00-05:00,1.8200000524520874,1.8200000524520874,1.809999942779541,1.815000057220459,142739,0.0,0.0
2026-02-27 12:35:00-05:00,1.809999942779541,1.8200000524520874,1.7999999523162842,1.8099000453948975,45775,0.0,0.0
2026-02-27 12:40:00-05:00,1.8085999488830566,1.809999942779541,1.8000999689102173,1.8000999689102173,27551,0.0,0.0
2026-02-27 12:45:00-05:00,1.8009999990463257,1.809999942779541,1.8005000352859497,1.8049999475479126,32964,0.0,0.0
2026-02-27 12:50:00-05:00,1.8066999912261963,1.8066999912261963,1.7899999618530273,1.8049999475479126,179255,0.0,0.0
2026-02-27 12:55:00-05:00,1.8049999475479126,1.809999942779541,1.7999999523162842,1.8049999475479126,66608,0.0,0.0
2026-02-27 13:00:00-05:00,1.7999999523162842,1.815000057220459,1.7999999523162842,1.815000057220459,49742,0.0,0.0
2026-02-27 13:05:00-05:00,1.8100999593734741,1.8150999546051025,1.7999999523162842,1.7999999523162842,58152,0.0,0.0
2026-02-27 13:10:00-05:00,1.7999999523162842,1.8049999475479126,1.7999999523162842,1.8001999855041504,43034,0.0,0.0
2026-02-27 13:15:00-05:00,1.7999999523162842,1.8049999475479126,1.7999999523162842,1.7999999523162842,18266,0.0,0.0
2026-02-27 13:20:00-05:00,1.7999999523162842,1.8049999475479126,1.7999999523162842,1.7999999523162842,81242,0.0,0.0
2026-02-27 13:25:00-05:00,1.7999999523162842,1.7999999523162842,1.7899999618530273,1.7903000116348267,59535,0.0,0.0
2026-02-27 13:30:00-05:00,1.7935999631881714,1.7935999631881714,1.7799999713897705,1.7899999618530273,126481,0.0,0.0
2026-02-27 13:35:00-05:00,1.7899999618530273,1.7899999618530273,1.7699999809265137,1.7799999713897705,79959,0.0,0.0
2026-02-27 13:40:00-05:00,1.7800999879837036,1.7899999618530273,1.7799999713897705,1.784999966621399,242243,0.0,0.0
2026-02-27 13:45:00-05:00,1.784999966621399,1.7899999618530273,1.7800999879837036,1.784999966621399,20336,0.0,0.0
2026-02-27 13:50:00-05:00,1.784999966621399,1.7949999570846558,1.784999966621399,1.7949999570846558,17800,0.0,0.0
2026-02-27 13:55:00-05:00,1.7949999570846558,1.7985999584197998,1.7949999570846558,1.7949999570846558,9282,0.0,0.0
2026-02-27 14:00:00-05:00,1.7949999570846558,1.7999999523162842,1.7900999784469604,1.7949999570846558,31285,0.0,0.0
2026-02-27 14:05:00-05:00,1.7949999570846558,1.8049999475479126,1.7949999570846558,1.7999999523162842,111221,0.0,0.0
2026-02-27 14:10:00-05:00,1.7999999523162842,1.8099000453948975,1.7999999523162842,1.8049999475479126,8482,0.0,0.0
2026-02-27 14:15:00-05:00,1.7999999523162842,1.809999942779541,1.7999999523162842,1.8005000352859497,56447,0.0,0.0
2026-02-27 14:20:00-05:00,1.8049999475479126,1.809999942779541,1.7999999523162842,1.8049999475479126,2122994,0.0,0.0
2026-02-27 14:25:00-05:00,1.8049999475479126,1.809999942779541,1.7999999523162842,1.809999942779541,0,0.0,0.0
2026-02-27 14:30:00-05:00,1.7999999523162842,1.809999942779541,1.7999999523162842,1.7999999523162842,10631,0.0,0.0
2026-02-27 14:35:00-05:00,1.809999942779541,1.809999942779541,1.7999999523162842,1.809999942779541,11965,0.0,0.0
2026-02-27 14:40:00-05:00,1.809999942779541,1.809999942779541,1.7999999523162842,1.809999942779541,15605,0.0,0.0
2026-02-27 14:45:00-05:00,1.7999999523162842,1.809999942779541,1.7999999523162842,1.809999942779541,16176,0.0,0.0
2026-02-27 14:50:00-05:00,1.7999999523162842,1.809999942779541,1.784999966621399,1.7949999570846558,225917,0.0,0.0
2026-02-27 14:55:00-05:00,1.7949999570846558,1.7999999523162842,1.7899999618530273,1.7949999570846558,22205,0.0,0.0
2026-02-27 15:00:00-05:00,1.7999999523162842,1.7999999523162842,1.7899999618530273,1.7999999523162842,20010,0.0,0.0
2026-02-27 15:05:00-05:00,1.7949999570846558,1.7999999523162842,1.7949999570846558,1.7949999570846558,69238,0.0,0.0
2026-02-27 15:10:00-05:00,1.7999999523162842,1.7999999523162842,1.7944999933242798,1.7999999523162842,15373,0.0,0.0
2026-02-27 15:15:00-05:00,1.7999999523162842,1.8049999475479126,1.7999999523162842,1.8049999475479126,67087,0.0,0.0
2026-02-27 15:20:00-05:00,1.8049999475479126,1.8049999475479126,1.8000999689102173,1.8049999475479126,13157,0.0,0.0
2026-02-27 15:25:00-05:00,1.8049999475479126,1.809999942779541,1.801900029182434,1.809999942779541,20984,0.0,0.0
2026-02-27 15:30:00-05:00,1.8049999475479126,1.809999942779541,1.7999999523162842,1.809999942779541,137638,0.0,0.0
2026-02-27 15:35:00-05:00,1.809999942779541,1.809999942779541,1.7999999523162842,1.809999942779541,44576,0.0,0.0
2026-02-27 15:40:00-05:00,1.809999942779541,1.809999942779541,1.7999999523162842,1.8000999689102173,224319,0.0,0.0
2026-02-27 15:45:00-05:00,1.8049999475479126,1.8049999475479126,1.7899999618530273,1.7949999570846558,137717,0.0,0.0
2026-02-27 15:50:00-05:00,1.7949999570846558,1.815000057220459,1.7899999618530273,1.815000057220459,132439,0.0,0.0
2026-02-27 15:55:00-05:00,1.8200000524520874,1.8200000524520874,1.809999942779541,1.809999942779541,131329,0.0,0.0
2026-03-02 09:30:00-05:00,1.690000057220459,1.75,1.659999966621399,1.7450000047683716,1046562,0.0,0.0
2026-03-02 09:35:00-05:00,1.7414000034332275,1.7414000034332275,1.7000000476837158,1.7000000476837158,137878,0.0,0.0
2026-03-02 09:40:00-05:00,1.7099000215530396,1.7099000215530396,1.6699999570846558,1.6799999475479126,799109,0.0,0.0
2026-03-02 09:45:00-05:00,1.6811000108718872,1.715000033378601,1.6799999475479126,1.7009999752044678,0,0.0,0.0
2026-03-02 09:50:00-05:00,1.7000000476837158,1.7350000143051147,1.7000000476837158,1.7200000286102295,80611,0.0,0.0
2026-03-02 09:55:00-05:00,1.7200000286102295,1.7698999643325806,1.7200000286102295,1.7599999904632568,103629,0.0,0.0
2026-03-02 10:00:00-05:00,1.75,1.7649999856948853,1.7400000095367432,1.7649999856948853,39696,0.0,0.0
2026-03-02 10:05:00-05:00,1.7697999477386475,1.7899999618530273,1.7599999904632568,1.784999966621399,48604,0.0,0.0
2026-03-02 10:10:00-05:00,1.7899999618530273,1.8049999475479126,1.7899999618530273,1.7999999523162842,97791,0.0,0.0
2026-03-02 10:15:00-05:00,1.7961000204086304,1.8200000524520874,1.7899999618530273,1.815000057220459,55325,0.0,0.0
2026-03-02 10:20:00-05:00,1.8200000524520874,1.850000023841858,1.815000057220459,1.8450000286102295,1235934,0.0,0.0
2026-03-02 10:25:00-05:00,1.8450000286102295,1.8600000143051147,1.8350000381469727,1.8450000286102295,0,0.0,0.0
2026-03-02 10:30:00-05:00,1.8450000286102295,1.8600000143051147,1.8309999704360962,1.8314000368118286,73024,0.0,0.0
2026-03-02 10:35:00-05:00,1.8300000429153442,1.850000023841858,1.8250000476837158,1.850000023841858,60371,0.0,0.0
2026-03-02 10:40:00-05:00,1.8450000286102295,1.8600000143051147,1.8408000469207764,1.850000023841858,36016,0.0,0.0
2026-03-02 10:45:00-05:00,1.8550000190734863,1.875,1.850000023841858,1.8736000061035156,328209,0.0,0.0
2026-03-02 10:50:00-05:00,1.875,1.899999976158142,1.871399998664856,1.8949999809265137,68724,0.0,0.0
2026-03-02 10:55:00-05:00,1.899999976158142,1.9199999570846558,1.8899999856948853,1.9149999618530273,243167,0.0,0.0
2026-03-02 11:00:00-05:00,1.9113999605178833,1.9199999570846558,1.8899999856948853,1.892899990081787,256299,0.0,0.0
2026-03-02 11:05:00-05:00,1.8901000022888184,1.899899959564209,1.8799999952316284,1.8849999904632568,50945,0.0,0.0
2026-03-02 11:10:00-05:00,1.8806999921798706,1.8806999921798706,1.8701000213623047,1.875,28423,0.0,0.0
2026-03-02 11:15:00-05:00,1.875,1.8899999856948853,1.8700000047683716,1.8899999856948853,58466,0.0,0.0
2026-03-02 11:20:00-05:00,1.8898999691009521,1.8940000534057617,1.8801000118255615,1.8809000253677368,37040,0.0,0.0
2026-03-02 11:25:00-05:00,1.8799999952316284,1.8801000118255615,1.8600000143051147,1.875,81283,0.0,0.0
2026-03-02 11:30:00-05:00,1.875,1.899999976158142,1.8702000379562378,1.8990999460220337,1968139,0.0,0.0
2026-03-02 11:35:00-05:00,1.8899999856948853,1.8949999809265137,1.8899999856948853,1.8949999809265137,0,0.0,0.0
2026-03-02 11:40:00-05:00,1.899999976158142,1.899999976158142,1.8799999952316284,1.888200044631958,129627,0.0,0.0
2026-03-02 11:45:00-05:00,1.8801000118255615,1.8913999795913696,1.8801000118255615,1.8913999795913696,24816,0.0,0.0
2026-03-02 11:50:00-05:00,1.8949999809265137,1.899999976158142,1.8799999952316284,1.8849999904632568,36317,0.0,0.0
2026-03-02 11:55:00-05:00,1.8885999917984009,1.8899999856948853,1.8799999952316284,1.8849999904632568,40460,0.0,0.0
2026-03-02 12:00:00-05:00,1.875,1.8787000179290771,1.8701000213623047,1.8701000213623047,13100,0.0,0.0
2026-03-02 12:05:00-05:00,1.875,1.8799999952316284,1.8700000047683716,1.8700000047683716,3753,0.0,0.0
2026-03-02 12:10:00-05:00,1.875,1.878600001335144,1.8650000095367432,1.875,24423,0.0,0.0
2026-03-02 12:15:00-05:00,1.8736000061035156,1.8849999904632568,1.8736000061035156,1.8842999935150146,29711,0.0,0.0
2026-03-02 12:20:00-05:00,1.8849999904632568,1.88919997215271,1.8799999952316284,1.8849999904632568,4852,0.0,0.0
2026-03-02 12:25:00-05:00,1.8799999952316284,1.8849999904632568,1.8700000047683716,1.8700000047683716,18063,0.0,0.0
2026-03-02 12:30:00-05:00,1.8700000047683716,1.875,1.8700000047683716,1.875,21158,0.0,0.0
2026-03-02 12:35:00-05:00,1.8700000047683716,1.8899999856948853,1.8700000047683716,1.8849999904632568,27649,0.0,0.0
2026-03-02 12:40:00-05:00,1.888700008392334,1.888700008392334,1.8799999952316284,1.8832999467849731,11100,0.0,0.0
2026-03-02 12:45:00-05:00,1.8799999952316284,1.8890000581741333,1.8799999952316284,1.8849999904632568,8482,0.0,0.0
2026-03-02 12:50:00-05:00,1.8799999952316284,1.8949999809265137,1.8799999952316284,1.8899999856948853,32410,0.0,0.0
2026-03-02 12:55:00-05:00,1.8949999809265137,1.899999976158142,1.8899999856948853,1.8949999809265137,22622,0.0,0.0
2026-03-02 13:00:00-05:00,1.8949999809265137,1.940000057220459,1.8949999809265137,1.940000057220459,224788,0.0,0.0
2026-03-02 13:05:00-05:00,1.9397000074386597,1.940000057220459,1.9299999475479126,1.9299999475479126,58000,0.0,0.0
2026-03-02 13:10:00-05:00,1.9299999475479126,1.9390000104904175,1.9205000400543213,1.92330002784729,45475,0.0,0.0
2026-03-02 13:15:00-05:00,1.9249999523162842,1.9392000436782837,1.9206000566482544,1.934999942779541,2347361,0.0,0.0
2026-03-02 13:20:00-05:00,1.9399000406265259,1.940000057220459,1.9299999475479126,1.9299999475479126,0,0.0,0.0
2026-03-02 13:25:00-05:00,1.9326000213623047,1.9550000429153442,1.9299999475479126,1.9424999952316284,100267,0.0,0.0
2026-03-02 13:30:00-05:00,1.9500000476837158,1.9600000381469727,1.9500000476837158,1.9600000381469727,94803,0.0,0.0
2026-03-02 13:35:00-05:00,1.9550000429153442,1.9600000381469727,1.940000057220459,1.9492000341415405,100773,0.0,0.0
2026-03-02 13:40:00-05:00,1.9450000524520874,1.948699951171875,1.940000057220459,1.940000057220459,2639747,0.0,0.0
2026-03-02 13:45:00-05:00,1.9450000524520874,1.9600000381469727,1.940000057220459,1.9500999450683594,0,0.0,0.0
2026-03-02 13:50:00-05:00,1.9500000476837158,1.9500000476837158,1.940000057220459,1.9434000253677368,37494,0.0,0.0
2026-03-02 13:55:00-05:00,1.9450000524520874,1.9490000009536743,1.9299999475479126,1.940000057220459,48274,0.0,0.0
2026-03-02 14:00:00-05:00,1.934999942779541,1.940000057220459,1.9299999475479126,1.934999942779541,53671,0.0,0.0
2026-03-02 14:05:00-05:00,1.934999942779541,1.940000057220459,1.930899977684021,1.934999942779541,14679,0.0,0.0
2026-03-02 14:10:00-05:00,1.934999942779541,1.940000057220459,1.930799961090088,1.934999942779541,23132,0.0,0.0
2026-03-02 14:15:00-05:00,1.938599944114685,1.940000057220459,1.9299999475479126,1.9299999475479126,34685,0.0,0.0
2026-03-02 14:20:00-05:00,1.934999942779541,1.9399000406265259,1.9200999736785889,1.9249999523162842,104866,0.0,0.0
2026-03-02 14:25:00-05:00,1.9249999523162842,1.9361000061035156,1.9200999736785889,1.934999942779541,2850944,0.0,0.0
2026-03-02 14:30:00-05:00,1.937999963760376,1.9450000524520874,1.9199999570846558,1.9249999523162842,0,0.0,0.0
2026-03-02 14:35:00-05:00,1.9249999523162842,1.934999942779541,1.9213999509811401,1.934999942779541,35944,0.0,0.0
2026-03-02 14:40:00-05:00,1.934999942779541,1.940000057220459,1.9347000122070312,1.940000057220459,12499,0.0,0.0
2026-03-02 14:45:00-05:00,1.9333000183105469,1.9500000476837158,1.9333000183105469,1.940000057220459,62685,0.0,0.0
2026-03-02 14:50:00-05:00,1.9490000009536743,1.9490000009536743,1.940000057220459,1.94159996509552,57997,0.0,0.0
2026-03-02 14:55:00-05:00,1.9500000476837158,1.9500000476837158,1.934999942779541,1.9431999921798706,35404,0.0,0.0
2026-03-02 15:00:00-05:00,1.9401999711990356,1.945099949836731,1.940000057220459,1.9450000524520874,42694,0.0,0.0
2026-03-02 15:05:00-05:00,1.9424999952316284,1.9499000310897827,1.940000057220459,1.9407000541687012,38510,0.0,0.0
2026-03-02 15:10:00-05:00,1.941100001335144,1.9450000524520874,1.9200999736785889,1.929800033569336,44807,0.0,0.0
2026-03-02 15:15:00-05:00,1.9249999523162842,1.9500000476837158,1.9199999570846558,1.9450000524520874,91748,0.0,0.0
2026-03-02 15:20:00-05:00,1.9450000524520874,1.948099970817566,1.9300999641418457,1.9400999546051025,68405,0.0,0.0
2026-03-02 15:25:00-05:00,1.9450000524520874,1.9450000524520874,1.9299999475479126,1.9336999654769897,34724,0.0,0.0
2026-03-02 15:30:00-05:00,1.934999942779541,1.940000057220459,1.9300999641418457,1.934999942779541,9237,0.0,0.0
2026-03-02 15:35:00-05:00,1.934999942779541,1.940000057220459,1.9299999475479126,1.934999942779541,38300,0.0,0.0
2026-03-02 15:40:00-05:00,1.934999942779541,1.9365999698638916,1.9299999475479126,1.934999942779541,101462,0.0,0.0
2026-03-02 15:45:00-05:00,1.934999942779541,1.940000057220459,1.9299999475479126,1.940000057220459,100554,0.0,0.0
2026-03-02 15:50:00-05:00,1.934999942779541,1.940000057220459,1.9299999475479126,1.940000057220459,68332,0.0,0.0
2026-03-02 15:55:00-05:00,1.934999942779541,1.940000057220459,1.9299999475479126,1.934999942779541,188921,0.0,0.0
2026-03-03 09:30:00-05:00,1.8839999437332153,1.899999976158142,1.850000023841858,1.878999948501587,560328,0.0,0.0
2026-03-03 09:35:00-05:00,1.8700000047683716,1.9199999570846558,1.8700000047683716,1.9049999713897705,257001,0.0,0.0
2026-03-03 09:40:00-05:00,1.9012000560760498,1.909999966621399,1.8799999952316284,1.8849999904632568,105386,0.0,0.0
2026-03-03 09:45:00-05:00,1.8799999952316284,1.8870999813079834,1.8220000267028809,1.8220000267028809,165353,0.0,0.0
2026-03-03 09:50:00-05:00,1.8202999830245972,1.8300000429153442,1.809999942779541,1.809999942779541,226266,0.0,0.0
2026-03-03 09:55:00-05:00,1.809999942779541,1.8300000429153442,1.809999942779541,1.8250000476837158,129153,0.0,0.0
2026-03-03 10:00:00-05:00,1.8200000524520874,1.8300000429153442,1.809999942779541,1.8207000494003296,91121,0.0,0.0
2026-03-03 10:05:00-05:00,1.8250000476837158,1.840000033378601,1.8200000524520874,1.8208999633789062,89132,0.0,0.0
2026-03-03 10:10:00-05:00,1.8250000476837158,1.8299000263214111,1.809999942779541,1.815000057220459,135906,0.0,0.0
2026-03-03 10:15:00-05:00,1.809999942779541,1.850000023841858,1.809999942779541,1.8350000381469727,121044,0.0,0.0
2026-03-03 10:20:00-05:00,1.8300000429153442,1.840000033378601,1.8200000524520874,1.8200000524520874,119515,0.0,0.0
2026-03-03 10:25:00-05:00,1.8200000524520874,1.8450000286102295,1.809999942779541,1.8214999437332153,172671,0.0,0.0
2026-03-03 10:30:00-05:00,1.8259999752044678,1.840000033378601,1.8259999752044678,1.8389999866485596,34518,0.0,0.0
2026-03-03 10:35:00-05:00,1.8350000381469727,1.8600000143051147,1.820099949836731,1.8250000476837158,171120,0.0,0.0
2026-03-03 10:40:00-05:00,1.8250000476837158,1.8250000476837158,1.809999942779541,1.818600058555603,61289,0.0,0.0
2026-03-03 10:45:00-05:00,1.815000057220459,1.8300000429153442,1.815000057220459,1.8171000480651855,55843,0.0,0.0
2026-03-03 10:50:00-05:00,1.815000057220459,1.8300000429153442,1.809999942779541,1.8171000480651855,93302,0.0,0.0
2026-03-03 10:55:00-05:00,1.815000057220459,1.8300000429153442,1.809999942779541,1.8300000429153442,23194,0.0,0.0
2026-03-03 11:00:00-05:00,1.8300000429153442,1.8300000429153442,1.8200000524520874,1.8250000476837158,32171,0.0,0.0
2026-03-03 11:05:00-05:00,1.8250000476837158,1.8300000429153442,1.8200000524520874,1.8250000476837158,20167,0.0,0.0
2026-03-03 11:10:00-05:00,1.8300000429153442,1.840000033378601,1.8300000429153442,1.840000033378601,45125,0.0,0.0
2026-03-03 11:15:00-05:00,1.8450000286102295,1.850000023841858,1.840000033378601,1.850000023841858,9871,0.0,0.0
2026-03-03 11:20:00-05:00,1.850000023841858,1.850000023841858,1.840000033378601,1.8450000286102295,17691,0.0,0.0
2026-03-03 11:25:00-05:00,1.850000023841858,1.8550000190734863,1.8200000524520874,1.8200000524520874,86072,0.0,0.0
2026-03-03 11:30:00-05:00,1.8234000205993652,1.8299000263214111,1.809999942779541,1.815000057220459,71776,0.0,0.0
2026-03-03 11:35:00-05:00,1.809999942779541,1.8200000524520874,1.7999999523162842,1.8049999475479126,84610,0.0,0.0
2026-03-03 11:40:00-05:00,1.809999942779541,1.815000057220459,1.7999999523162842,1.8049999475479126,73255,0.0,0.0
2026-03-03 11:45:00-05:00,1.8049999475479126,1.819000005722046,1.7949999570846558,1.8049999475479126,215604,0.0,0.0
2026-03-03 11:50:00-05:00,1.8049999475479126,1.8200000524520874,1.7999999523162842,1.8200000524520874,119450,0.0,0.0
2026-03-03 11:55:00-05:00,1.815000057220459,1.8200000524520874,1.809999942779541,1.811400055885315,45850,0.0,0.0
2026-03-03 12:00:00-05:00,1.815000057220459,1.81850004196167,1.809999942779541,1.815000057220459,15659,0.0,0.0
2026-03-03 12:05:00-05:00,1.815000057220459,1.8200000524520874,1.8049999475479126,1.809999942779541,65125,0.0,0.0
2026-03-03 12:10:00-05:00,1.8167999982833862,1.8250000476837158,1.809999942779541,1.8250000476837158,56937,0.0,0.0
2026-03-03 12:15:00-05:00,1.8250000476837158,1.840000033378601,1.8200000524520874,1.8300000429153442,13980,0.0,0.0
2026-03-03 12:20:00-05:00,1.8350000381469727,1.8461999893188477,1.8350000381469727,1.8450000286102295,17158,0.0,0.0
2026-03-03 12:25:00-05:00,1.8450000286102295,1.850000023841858,1.8450000286102295,1.8450000286102295,35429,0.0,0.0
2026-03-03 12:30:00-05:00,1.840000033378601,1.840000033378601,1.8300000429153442,1.8300000429153442,28267,0.0,0.0
2026-03-03 12:35:00-05:00,1.8300000429153442,1.8450000286102295,1.8250000476837158,1.8350000381469727,81017,0.0,0.0
2026-03-03 12:40:00-05:00,1.840000033378601,1.840000033378601,1.8300000429153442,1.840000033378601,74405,0.0,0.0
2026-03-03 12:45:00-05:00,1.840000033378601,1.8450000286102295,1.8350000381469727,1.8450000286102295,11077,0.0,0.0
2026-03-03 12:50:00-05:00,1.8401000499725342,1.8487000465393066,1.8350000381469727,1.8350000381469727,46796,0.0,0.0
2026-03-03 12:55:00-05:00,1.8350000381469727,1.8451000452041626,1.8314000368118286,1.8350000381469727,56130,0.0,0.0
2026-03-03 13:00:00-05:00,1.8386000394821167,1.840000033378601,1.8300000429153442,1.8350000381469727,35698,0.0,0.0
2026-03-03 13:05:00-05:00,1.8300000429153442,1.840000033378601,1.8300000429153442,1.8350000381469727,6736,0.0,0.0
2026-03-03 13:10:00-05:00,1.8350000381469727,1.8350000381469727,1.8200000524520874,1.8250000476837158,25878,0.0,0.0
2026-03-03 13:15:00-05:00,1.8234000205993652,1.826799988746643,1.8200000524520874,1.826799988746643,11018,0.0,0.0
2026-03-03 13:20:00-05:00,1.8200000524520874,1.8350000381469727,1.8200000524520874,1.8350000381469727,37606,0.0,0.0
2026-03-03 13:25:00-05:00,1.8350000381469727,1.8357000350952148,1.8300000429153442,1.8350000381469727,5566,0.0,0.0
2026-03-03 13:30:00-05:00,1.8350000381469727,1.840000033378601,1.8300000429153442,1.8386000394821167,27260,0.0,0.0
2026-03-03 13:35:00-05:00,1.840000033378601,1.840000033378601,1.8350000381469727,1.840000033378601,13712,0.0,0.0
2026-03-03 13:40:00-05:00,1.8350000381469727,1.8450000286102295,1.8350000381469727,1.840000033378601,140507,0.0,0.0
2026-03-03 13:45:00-05:00,1.847100019454956,1.8598999977111816,1.8401000499725342,1.8598999977111816,41261,0.0,0.0
2026-03-03 13:50:00-05:00,1.8598999977111816,1.8799999952316284,1.8550000190734863,1.875,91590,0.0,0.0
2026-03-03 13:55:00-05:00,1.875,1.875,1.8600000143051147,1.8697999715805054,82015,0.0,0.0
2026-03-03 14:00:00-05:00,1.8687000274658203,1.875,1.8631999492645264,1.8650000095367432,59631,0.0,0.0
2026-03-03 14:05:00-05:00,1.8631999492645264,1.8650000095367432,1.850000023841858,1.8550000190734863,32807,0.0,0.0
2026-03-03 14:10:00-05:00,1.8515000343322754,1.8600000143051147,1.850000023841858,1.8550000190734863,42516,0.0,0.0
2026-03-03 14:15:00-05:00,1.8550000190734863,1.8600000143051147,1.850000023841858,1.8600000143051147,35987,0.0,0.0
2026-03-03 14:20:00-05:00,1.8550000190734863,1.8600000143051147,1.850000023841858,1.850000023841858,17264,0.0,0.0
2026-03-03 14:25:00-05:00,1.851099967956543,1.8550000190734863,1.8450000286102295,1.8450000286102295,51625,0.0,0.0
2026-03-03 14:30:00-05:00,1.8451000452041626,1.8700000047683716,1.840000033378601,1.8700000047683716,77116,0.0,0.0
2026-03-03 14:35:00-05:00,1.8700000047683716,1.878600001335144,1.8600000143051147,1.8650000095367432,60425,0.0,0.0
2026-03-03 14:40:00-05:00,1.8700000047683716,1.8787000179290771,1.8700000047683716,1.875100016593933,13650,0.0,0.0
2026-03-03 14:45:00-05:00,1.875,1.8799999952316284,1.8688000440597534,1.8799999952316284,114745,0.0,0.0
2026-03-03 14:50:00-05:00,1.8787000179290771,1.8787000179290771,1.8600000143051147,1.8650000095367432,110066,0.0,0.0
2026-03-03 14:55:00-05:00,1.8650000095367432,1.8660000562667847,1.8550000190734863,1.8550000190734863,63680,0.0,0.0
2026-03-03 15:00:00-05:00,1.8550000190734863,1.8600000143051147,1.850000023841858,1.8550000190734863,28415,0.0,0.0
2026-03-03 15:05:00-05:00,1.850000023841858,1.8600000143051147,1.850000023841858,1.8550000190734863,45512,0.0,0.0
2026-03-03 15:10:00-05:00,1.8590999841690063,1.8600000143051147,1.850000023841858,1.8600000143051147,65974,0.0,0.0
2026-03-03 15:15:00-05:00,1.850000023841858,1.8598999977111816,1.840000033378601,1.8450000286102295,141450,0.0,0.0
2026-03-03 15:20:00-05:00,1.8450000286102295,1.850000023841858,1.840000033378601,1.8450000286102295,38759,0.0,0.0
2026-03-03 15:25:00-05:00,1.8450000286102295,1.8600000143051147,1.8450000286102295,1.8550000190734863,80268,0.0,0.0
2026-03-03 15:30:00-05:00,1.8550000190734863,1.8550000190734863,1.840000033378601,1.8450000286102295,148821,0.0,0.0
2026-03-03 15:35:00-05:00,1.8499000072479248,1.850000023841858,1.840000033378601,1.8450000286102295,43787,0.0,0.0
2026-03-03 15:40:00-05:00,1.8454999923706055,1.850000023841858,1.8300000429153442,1.8350000381469727,298330,0.0,0.0
2026-03-03 15:45:00-05:00,1.8315000534057617,1.840000033378601,1.8300000429153442,1.8300000429153442,79304,0.0,0.0
2026-03-03 15:50:00-05:00,1.8350000381469727,1.840000033378601,1.8200000524520874,1.840000033378601,332651,0.0,0.0
2026-03-03 15:55:00-05:00,1.8350000381469727,1.8550000190734863,1.8300000429153442,1.8550000190734863,658722,0.0,0.0
2026-03-04 09:30:00-05:00,1.75,1.8799999952316284,1.7200000286102295,1.8799999952316284,2264009,0.0,0.0
2026-03-04 09:35:00-05:00,1.8899999856948853,1.9500000476837158,1.8600000143051147,1.9149999618530273,395632,0.0,0.0
2026-03-04 09:40:00-05:00,1.9149999618530273,1.940000057220459,1.840000033378601,1.8650000095367432,335288,0.0,0.0
2026-03-04 09:45:00-05:00,1.863800048828125,1.8799999952316284,1.8300000429153442,1.850000023841858,367984,0.0,0.0
2026-03-04 09:50:00-05:00,1.8550000190734863,1.8949999809265137,1.8509999513626099,1.8509999513626099,170715,0.0,0.0
2026-03-04 09:55:00-05:00,1.8550000190734863,1.86899995803833,1.8450000286102295,1.86899995803833,77791,0.0,0.0
2026-03-04 10:00:00-05:00,1.8849999904632568,1.8949999809265137,1.8600000143051147,1.8899999856948853,277864,0.0,0.0
2026-03-04 10:05:00-05:00,1.8899999856948853,1.9599000215530396,1.8899999856948853,1.934999942779541,355645,0.0,0.0
2026-03-04 10:10:00-05:00,1.934999942779541,1.9450000524520874,1.909999966621399,1.9149999618530273,119299,0.0,0.0
2026-03-04 10:15:00-05:00,1.9149999618530273,1.9184999465942383,1.8849999904632568,1.8849999904632568,122764,0.0,0.0
2026-03-04 10:20:00-05:00,1.8898999691009521,1.899899959564209,1.871399998664856,1.8849999904632568,64839,0.0,0.0
2026-03-04 10:25:00-05:00,1.8838000297546387,1.8899999856948853,1.8700000047683716,1.875,82689,0.0,0.0
2026-03-04 10:30:00-05:00,1.878000020980835,1.8799999952316284,1.8600000143051147,1.8650000095367432,86261,0.0,0.0
2026-03-04 10:35:00-05:00,1.8693000078201294,1.8899999856948853,1.8693000078201294,1.8849999904632568,36274,0.0,0.0
2026-03-04 10:40:00-05:00,1.8799999952316284,1.899999976158142,1.8799999952316284,1.8849999904632568,101275,0.0,0.0
2026-03-04 10:45:00-05:00,1.8799999952316284,1.8949999809265137,1.875,1.8889000415802002,84977,0.0,0.0
2026-03-04 10:50:00-05:00,1.8849999904632568,1.940000057220459,1.8849999904632568,1.9392999410629272,278012,0.0,0.0
2026-03-04 10:55:00-05:00,1.9390000104904175,1.940000057220459,1.9199999570846558,1.9249999523162842,159662,0.0,0.0
2026-03-04 11:00:00-05:00,1.9299999475479126,1.9299999475479126,1.909999966621399,1.9189000129699707,23129,0.0,0.0
2026-03-04 11:05:00-05:00,1.9149999618530273,1.9149999618530273,1.899999976158142,1.9093999862670898,65998,0.0,0.0
2026-03-04 11:10:00-05:00,1.909999966621399,1.965000033378601,1.9014999866485596,1.940000057220459,391219,0.0,0.0
2026-03-04 11:15:00-05:00,1.940000057220459,1.9550000429153442,1.940000057220459,1.9500000476837158,73295,0.0,0.0
2026-03-04 11:20:00-05:00,1.9492000341415405,1.9492000341415405,1.9299999475479126,1.934999942779541,201403,0.0,0.0
2026-03-04 11:25:00-05:00,1.940000057220459,1.948099970817566,1.9300999641418457,1.9450000524520874,38812,0.0,0.0
2026-03-04 11:30:00-05:00,1.9450000524520874,1.9550000429153442,1.940000057220459,1.9550000429153442,114983,0.0,0.0
2026-03-04 11:35:00-05:00,1.9600000381469727,1.9700000286102295,1.9500000476837158,1.9622999429702759,165860,0.0,0.0
2026-03-04 11:40:00-05:00,1.960800051689148,1.9699000120162964,1.9550000429153442,1.9615000486373901,58505,0.0,0.0
2026-03-04 11:45:00-05:00,1.960800051689148,1.965000033378601,1.940000057220459,1.9456000328063965,47527,0.0,0.0
2026-03-04 11:50:00-05:00,1.9450000524520874,1.9500000476837158,1.9400999546051025,1.9450000524520874,8032,0.0,0.0
2026-03-04 11:55:00-05:00,1.940000057220459,1.9500000476837158,1.9299999475479126,1.934999942779541,48631,0.0,0.0
2026-03-04 12:00:00-05:00,1.938599944114685,1.938599944114685,1.9199999570846558,1.9249999523162842,49501,0.0,0.0
2026-03-04 12:05:00-05:00,1.9289000034332275,1.9299999475479126,1.9149999618530273,1.9199999570846558,63573,0.0,0.0
2026-03-04 12:10:00-05:00,1.9259999990463257,1.9259999990463257,1.9199999570846558,1.9249999523162842,11342,0.0,0.0
2026-03-04 12:15:00-05:00,1.9249999523162842,1.9450000524520874,1.9149999618530273,1.9450000524520874,121615,0.0,0.0
2026-03-04 12:20:00-05:00,1.9500000476837158,1.9500000476837158,1.934999942779541,1.940000057220459,58036,0.0,0.0
2026-03-04 12:25:00-05:00,1.948699951171875,1.9499000310897827,1.940000057220459,1.9499000310897827,23006,0.0,0.0
2026-03-04 12:30:00-05:00,1.9500000476837158,1.9500000476837158,1.9315999746322632,1.9500000476837158,108547,0.0,0.0
2026-03-04 12:35:00-05:00,1.9429999589920044,1.9600000381469727,1.9299999475479126,1.9299999475479126,142533,0.0,0.0
2026-03-04 12:40:00-05:00,1.934999942779541,1.9471999406814575,1.934999942779541,1.934999942779541,15673,0.0,0.0
2026-03-04 12:45:00-05:00,1.9299999475479126,1.9300999641418457,1.9299999475479126,1.9299999475479126,12140,0.0,0.0
2026-03-04 12:50:00-05:00,1.934999942779541,1.934999942779541,1.909999966621399,1.9199999570846558,87166,0.0,0.0
2026-03-04 12:55:00-05:00,1.9186999797821045,1.9199999570846558,1.909999966621399,1.9149999618530273,30240,0.0,0.0
2026-03-04 13:00:00-05:00,1.9101999998092651,1.9199999570846558,1.909999966621399,1.9106999635696411,19580,0.0,0.0
2026-03-04 13:05:00-05:00,1.909999966621399,1.909999966621399,1.8700000047683716,1.899999976158142,189010,0.0,0.0
2026-03-04 13:10:00-05:00,1.8899999856948853,1.899999976158142,1.8700000047683716,1.8769999742507935,88619,0.0,0.0
2026-03-04 13:15:00-05:00,1.8700000047683716,1.8799999952316284,1.8601000308990479,1.8799999952316284,45764,0.0,0.0
2026-03-04 13:20:00-05:00,1.875,1.9299999475479126,1.8600000143051147,1.8799999952316284,487413,0.0,0.0
2026-03-04 13:25:00-05:00,1.8802000284194946,1.8899999856948853,1.8794000148773193,1.8898999691009521,33617,0.0,0.0
2026-03-04 13:30:00-05:00,1.8899999856948853,1.8969999551773071,1.8849999904632568,1.8949999809265137,108122,0.0,0.0
2026-03-04 13:35:00-05:00,1.8899999856948853,1.898900032043457,1.8899999856948853,1.898900032043457,10520,0.0,0.0
2026-03-04 13:40:00-05:00,1.8949999809265137,1.899999976158142,1.8913999795913696,1.8949999809265137,9829,0.0,0.0
2026-03-04 13:45:00-05:00,1.899999976158142,1.909999966621399,1.8899999856948853,1.9049999713897705,45188,0.0,0.0
2026-03-04 13:50:00-05:00,1.9002000093460083,1.9149999618530273,1.9000999927520752,1.909999966621399,175313,0.0,0.0
2026-03-04 13:55:00-05:00,1.9007999897003174,1.9199999570846558,1.9007999897003174,1.9149999618530273,9801,0.0,0.0
2026-03-04 14:00:00-05:00,1.912500023841858,1.912500023841858,1.9124000072479248,1.9124000072479248,12716,0.0,0.0
2026-03-04 14:05:00-05:00,1.9133000373840332,1.940000057220459,1.909999966621399,1.9299999475479126,64567,0.0,0.0
2026-03-04 14:10:00-05:00,1.940000057220459,1.9665000438690186,1.940000057220459,1.965000033378601,170756,0.0,0.0
2026-03-04 14:15:00-05:00,1.9600000381469727,1.9601000547409058,1.9500000476837158,1.9600000381469727,52813,0.0,0.0
2026-03-04 14:20:00-05:00,1.9500000476837158,1.9700000286102295,1.9500000476837158,1.965000033378601,311703,0.0,0.0
2026-03-04 14:25:00-05:00,1.961400032043457,1.9700000286102295,1.940000057220459,1.9450000524520874,152440,0.0,0.0
2026-03-04 14:30:00-05:00,1.9413000345230103,1.9500000476837158,1.9400999546051025,1.940500020980835,32040,0.0,0.0
2026-03-04 14:35:00-05:00,1.940000057220459,1.965000033378601,1.940000057220459,1.9600000381469727,91129,0.0,0.0
2026-03-04 14:40:00-05:00,1.9615000486373901,1.9700000286102295,1.940000057220459,1.9462000131607056,43928,0.0,0.0
2026-03-04 14:45:00-05:00,1.9499000310897827,1.9543999433517456,1.9400999546051025,1.9543999433517456,67865,0.0,0.0
2026-03-04 14:50:00-05:00,1.9500000476837158,1.9550000429153442,1.9450000524520874,1.9450000524520874,11280,0.0,0.0
2026-03-04 14:55:00-05:00,1.944700002670288,1.9500000476837158,1.940000057220459,1.9500000476837158,47355,0.0,0.0
2026-03-04 15:00:00-05:00,1.9550000429153442,1.9600000381469727,1.9500999450683594,1.9600000381469727,23046,0.0,0.0
2026-03-04 15:05:00-05:00,1.9550000429153442,2.0,1.9550000429153442,1.9800000190734863,709701,0.0,0.0
2026-03-04 15:10:00-05:00,1.975000023841858,2.0,1.975000023841858,1.9889999628067017,143903,0.0,0.0
2026-03-04 15:15:00-05:00,1.989799976348877,1.9950000047683716,1.9802000522613525,1.9802000522613525,113654,0.0,0.0
2026-03-04 15:20:00-05:00,1.9850000143051147,1.9850000143051147,1.9700000286102295,1.9700000286102295,56321,0.0,0.0
2026-03-04 15:25:00-05:00,1.9700000286102295,1.9850000143051147,1.9609999656677246,1.9805999994277954,133445,0.0,0.0
2026-03-04 15:30:00-05:00,1.9800000190734863,1.98989999294281,1.9500000476837158,1.9550000429153442,289561,0.0,0.0
2026-03-04 15:35:00-05:00,1.9550000429153442,1.9700000286102295,1.9500000476837158,1.9699000120162964,69231,0.0,0.0
2026-03-04 15:40:00-05:00,1.965000033378601,1.975000023841858,1.9550000429153442,1.9609999656677246,169210,0.0,0.0
2026-03-04 15:45:00-05:00,1.9699000120162964,1.9700000286102295,1.9615000486373901,1.965000033378601,104249,0.0,0.0
2026-03-04 15:50:00-05:00,1.965000033378601,1.9700000286102295,1.9500999450683594,1.9550000429153442,150172,0.0,0.0
2026-03-04 15:55:00-05:00,1.9500999450683594,1.9700000286102295,1.9500000476837158,1.965000033378601,331011,0.0,0.0
2026-03-05 09:30:00-05:00,1.940000057220459,1.9600000381469727,1.909999966621399,1.934999942779541,346008,0.0,0.0
2026-03-05 09:35:00-05:00,1.9299999475479126,1.9500000476837158,1.9199999570846558,1.940000057220459,47647,0.0,0.0
2026-03-05 09:40:00-05:00,1.934999942779541,1.940000057220459,1.9149999618530273,1.9283000230789185,60784,0.0,0.0
2026-03-05 09:45:00-05:00,1.9249999523162842,1.9500000476837158,1.899999976158142,1.9098999500274658,238379,0.0,0.0
2026-03-05 09:50:00-05:00,1.9049999713897705,1.9199999570846558,1.9049999713897705,1.9149999618530273,75950,0.0,0.0
2026-03-05 09:55:00-05:00,1.9199999570846558,1.9199999570846558,1.9003000259399414,1.9035999774932861,65762,0.0,0.0
2026-03-05 10:00:00-05:00,1.9067000150680542,1.9086999893188477,1.8949999809265137,1.9049999713897705,132018,0.0,0.0
2026-03-05 10:05:00-05:00,1.9049999713897705,1.909999966621399,1.8914999961853027,1.899999976158142,81661,0.0,0.0
2026-03-05 10:10:00-05:00,1.8949999809265137,1.8949999809265137,1.8700000047683716,1.8700000047683716,77225,0.0,0.0
2026-03-05 10:15:00-05:00,1.8700000047683716,1.8700000047683716,1.8250000476837158,1.8270000219345093,395029,0.0,0.0
2026-03-05 10:20:00-05:00,1.8250000476837158,1.8300000429153442,1.7999999523162842,1.8049999475479126,188028,0.0,0.0
2026-03-05 10:25:00-05:00,1.8011000156402588,1.8200000524520874,1.7999999523162842,1.815000057220459,191187,0.0,0.0
2026-03-05 10:30:00-05:00,1.8200000524520874,1.8300000429153442,1.7999999523162842,1.8049999475479126,170205,0.0,0.0
2026-03-05 10:35:00-05:00,1.8099000453948975,1.8200000524520874,1.7899999618530273,1.8186999559402466,387136,0.0,0.0
2026-03-05 10:40:00-05:00,1.8200000524520874,1.8200000524520874,1.8100999593734741,1.815000057220459,62461,0.0,0.0
2026-03-05 10:45:00-05:00,1.8199000358581543,1.8250000476837158,1.809999942779541,1.8100999593734741,88918,0.0,0.0
2026-03-05 10:50:00-05:00,1.815000057220459,1.819700002670288,1.8100999593734741,1.815000057220459,79633,0.0,0.0
2026-03-05 10:55:00-05:00,1.815000057220459,1.81850004196167,1.801300048828125,1.81850004196167,150328,0.0,0.0
2026-03-05 11:00:00-05:00,1.809999942779541,1.809999942779541,1.7949999570846558,1.7999999523162842,92222,0.0,0.0
2026-03-05 11:05:00-05:00,1.7990000247955322,1.7999000549316406,1.7699999809265137,1.770300030708313,123885,0.0,0.0
2026-03-05 11:10:00-05:00,1.7792999744415283,1.7899999618530273,1.7699999809265137,1.788599967956543,188777,0.0,0.0
2026-03-05 11:15:00-05:00,1.7832000255584717,1.784999966621399,1.7700999975204468,1.7798999547958374,68446,0.0,0.0
2026-03-05 11:20:00-05:00,1.7795000076293945,1.781499981880188,1.760200023651123,1.7785999774932861,132065,0.0,0.0
2026-03-05 11:25:00-05:00,1.7799999713897705,1.7897000312805176,1.774999976158142,1.7777999639511108,97815,0.0,0.0
2026-03-05 11:30:00-05:00,1.7699999809265137,1.7790000438690186,1.761299967765808,1.761299967765808,79247,0.0,0.0
2026-03-05 11:35:00-05:00,1.7661999464035034,1.7699999809265137,1.761299967765808,1.7649999856948853,36314,0.0,0.0
2026-03-05 11:40:00-05:00,1.7649999856948853,1.7649999856948853,1.75,1.7598999738693237,150350,0.0,0.0
2026-03-05 11:45:00-05:00,1.7526999711990356,1.7599999904632568,1.7400000095367432,1.7450000047683716,72718,0.0,0.0
2026-03-05 11:50:00-05:00,1.7400000095367432,1.7493000030517578,1.7300000190734863,1.7350000143051147,128923,0.0,0.0
2026-03-05 11:55:00-05:00,1.7300000190734863,1.7400000095367432,1.7300000190734863,1.7400000095367432,47438,0.0,0.0
2026-03-05 12:00:00-05:00,1.7350000143051147,1.7400000095367432,1.7300000190734863,1.7384999990463257,54195,0.0,0.0
2026-03-05 12:05:00-05:00,1.7350000143051147,1.7400000095367432,1.7301000356674194,1.7400000095367432,148019,0.0,0.0
2026-03-05 12:10:00-05:00,1.7350000143051147,1.7400000095367432,1.7200000286102295,1.7302000522613525,152703,0.0,0.0
2026-03-05 12:15:00-05:00,1.7300000190734863,1.7300000190734863,1.7200000286102295,1.725000023841858,60897,0.0,0.0
2026-03-05 12:20:00-05:00,1.725000023841858,1.7400000095367432,1.7201000452041626,1.7384999990463257,126524,0.0,0.0
2026-03-05 12:25:00-05:00,1.7395999431610107,1.73989999294281,1.7200000286102295,1.7350000143051147,90717,0.0,0.0
2026-03-05 12:30:00-05:00,1.7301000356674194,1.73989999294281,1.7207000255584717,1.7288999557495117,102553,0.0,0.0
2026-03-05 12:35:00-05:00,1.725000023841858,1.7300000190734863,1.7200000286102295,1.7299000024795532,60829,0.0,0.0
2026-03-05 12:40:00-05:00,1.720900058746338,1.7300000190734863,1.7200000286102295,1.7222000360488892,58076,0.0,0.0
2026-03-05 12:45:00-05:00,1.725000023841858,1.7300000190734863,1.710800051689148,1.718999981880188,115093,0.0,0.0
2026-03-05 12:50:00-05:00,1.715000033378601,1.7300000190734863,1.7100000381469727,1.725000023841858,154903,0.0,0.0
2026-03-05 12:55:00-05:00,1.725000023841858,1.7300000190734863,1.7201000452041626,1.7214000225067139,38836,0.0,0.0
2026-03-05 13:00:00-05:00,1.7200000286102295,1.728700041770935,1.7101000547409058,1.7101000547409058,45715,0.0,0.0
2026-03-05 13:05:00-05:00,1.7110999822616577,1.725000023841858,1.7110999822616577,1.7200000286102295,47956,0.0,0.0
2026-03-05 13:10:00-05:00,1.725000023841858,1.7300000190734863,1.715000033378601,1.725000023841858,69819,0.0,0.0
2026-03-05 13:15:00-05:00,1.726199984550476,1.7300000190734863,1.7200000286102295,1.7200000286102295,16539,0.0,0.0
2026-03-05 13:20:00-05:00,1.7200000286102295,1.7200000286102295,1.7101000547409058,1.7165000438690186,42940,0.0,0.0
2026-03-05 13:25:00-05:00,1.7186000347137451,1.7200000286102295,1.7000999450683594,1.7050000429153442,77128,0.0,0.0
2026-03-05 13:30:00-05:00,1.7050000429153442,1.718999981880188,1.7000000476837158,1.7000999450683594,148541,0.0,0.0
2026-03-05 13:35:00-05:00,1.7050000429153442,1.7186000347137451,1.7050000429153442,1.717900037765503,42692,0.0,0.0
2026-03-05 13:40:00-05:00,1.7111999988555908,1.7200000286102295,1.7100000381469727,1.7100000381469727,10970,0.0,0.0
2026-03-05 13:45:00-05:00,1.7120000123977661,1.7200000286102295,1.7100000381469727,1.7100000381469727,28918,0.0,0.0
2026-03-05 13:50:00-05:00,1.7100000381469727,1.7100000381469727,1.7000000476837158,1.7050000429153442,37976,0.0,0.0
2026-03-05 13:55:00-05:00,1.7050000429153442,1.7100000381469727,1.7000000476837158,1.7050000429153442,83995,0.0,0.0
2026-03-05 14:00:00-05:00,1.7086000442504883,1.7164000272750854,1.7014000415802002,1.7050000429153442,105539,0.0,0.0
2026-03-05 14:05:00-05:00,1.7100000381469727,1.7200000286102295,1.7050000429153442,1.715000033378601,69183,0.0,0.0
2026-03-05 14:10:00-05:00,1.7101000547409058,1.7200000286102295,1.7050000429153442,1.7152999639511108,43056,0.0,0.0
2026-03-05 14:15:00-05:00,1.7120000123977661,1.7199000120162964,1.7100000381469727,1.715000033378601,31539,0.0,0.0
2026-03-05 14:20:00-05:00,1.715000033378601,1.7300000190734863,1.715000033378601,1.7199000120162964,73058,0.0,0.0
2026-03-05 14:25:00-05:00,1.715000033378601,1.7200000286102295,1.7100000381469727,1.7199000120162964,22436,0.0,0.0
2026-03-05 14:30:00-05:00,1.715000033378601,1.7200000286102295,1.7050000429153442,1.7164000272750854,63955,0.0,0.0
2026-03-05 14:35:00-05:00,1.718500018119812,1.7200000286102295,1.7100000381469727,1.715000033378601,10663,0.0,0.0
2026-03-05 14:40:00-05:00,1.7186000347137451,1.7200000286102295,1.7101000547409058,1.715000033378601,11108,0.0,0.0
2026-03-05 14:45:00-05:00,1.7166999578475952,1.7200000286102295,1.715000033378601,1.7200000286102295,12425,0.0,0.0
2026-03-05 14:50:00-05:00,1.7200000286102295,1.7300000190734863,1.7100000381469727,1.725000023841858,239498,0.0,0.0
2026-03-05 14:55:00-05:00,1.7285000085830688,1.7300000190734863,1.725000023841858,1.7300000190734863,36812,0.0,0.0
2026-03-05 15:00:00-05:00,1.729099988937378,1.729099988937378,1.7200000286102295,1.7239999771118164,13440,0.0,0.0
2026-03-05 15:05:00-05:00,1.728700041770935,1.7400000095367432,1.7200000286102295,1.7400000095367432,187558,0.0,0.0
2026-03-05 15:10:00-05:00,1.7350000143051147,1.7450000047683716,1.7314000129699707,1.7400000095367432,118286,0.0,0.0
2026-03-05 15:15:00-05:00,1.7400000095367432,1.7450000047683716,1.7316999435424805,1.7345000505447388,68544,0.0,0.0
2026-03-05 15:20:00-05:00,1.7379000186920166,1.7400000095367432,1.7301000356674194,1.7380000352859497,38764,0.0,0.0
2026-03-05 15:25:00-05:00,1.7400000095367432,1.75,1.725000023841858,1.725000023841858,106310,0.0,0.0
2026-03-05 15:30:00-05:00,1.725000023841858,1.7300000190734863,1.7214000225067139,1.7300000190734863,70934,0.0,0.0
2026-03-05 15:35:00-05:00,1.7239999771118164,1.7300000190734863,1.7229000329971313,1.728600025177002,53359,0.0,0.0
2026-03-05 15:40:00-05:00,1.7300000190734863,1.7300000190734863,1.7200000286102295,1.7200000286102295,29383,0.0,0.0
2026-03-05 15:45:00-05:00,1.7300000190734863,1.7350000143051147,1.7200000286102295,1.7300000190734863,217907,0.0,0.0
2026-03-05 15:50:00-05:00,1.7400000095367432,1.7400000095367432,1.7300000190734863,1.7400000095367432,269299,0.0,0.0
2026-03-05 15:55:00-05:00,1.7350000143051147,1.7599999904632568,1.7300000190734863,1.7599999904632568,324194,0.0,0.0
2026-03-06 09:30:00-05:00,1.7400000095367432,1.7400000095367432,1.6549999713897705,1.6761000156402588,312835,0.0,0.0
2026-03-06 09:35:00-05:00,1.679900050163269,1.7200000286102295,1.6699999570846558,1.6950000524520874,160407,0.0,0.0
2026-03-06 09:40:00-05:00,1.6950000524520874,1.7000000476837158,1.690000057220459,1.6950000524520874,19127,0.0,0.0
2026-03-06 09:45:00-05:00,1.6913000345230103,1.6986000537872314,1.690000057220459,1.6986000537872314,22163,0.0,0.0
2026-03-06 09:50:00-05:00,1.6950000524520874,1.6950000524520874,1.6749999523162842,1.6812000274658203,105616,0.0,0.0
2026-03-06 09:55:00-05:00,1.6799999475479126,1.7200000286102295,1.6749999523162842,1.715000033378601,272728,0.0,0.0
2026-03-06 10:00:00-05:00,1.7200000286102295,1.7350000143051147,1.715000033378601,1.7350000143051147,59102,0.0,0.0
2026-03-06 10:05:00-05:00,1.7350000143051147,1.7389999628067017,1.725000023841858,1.7350000143051147,46460,0.0,0.0
2026-03-06 10:10:00-05:00,1.7350000143051147,1.7599999904632568,1.7330000400543213,1.7549999952316284,44889,0.0,0.0
2026-03-06 10:15:00-05:00,1.7549999952316284,1.7699999809265137,1.7513999938964844,1.7599999904632568,76981,0.0,0.0
2026-03-06 10:20:00-05:00,1.7699999809265137,1.7699999809265137,1.750100016593933,1.7549999952316284,50341,0.0,0.0
2026-03-06 10:25:00-05:00,1.75,1.75,1.7309999465942383,1.7400000095367432,78630,0.0,0.0
2026-03-06 10:30:00-05:00,1.7350000143051147,1.75,1.7350000143051147,1.7350000143051147,79453,0.0,0.0
2026-03-06 10:35:00-05:00,1.7350000143051147,1.7384999990463257,1.715000033378601,1.715000033378601,28817,0.0,0.0
2026-03-06 10:40:00-05:00,1.7121000289916992,1.7200000286102295,1.7121000289916992,1.715000033378601,20323,0.0,0.0
2026-03-06 10:45:00-05:00,1.7186000347137451,1.7186000347137451,1.7050000429153442,1.7050000429153442,22673,0.0,0.0
2026-03-06 10:50:00-05:00,1.7050000429153442,1.7050000429153442,1.690000057220459,1.6950000524520874,59188,0.0,0.0
2026-03-06 10:55:00-05:00,1.6988999843597412,1.7100000381469727,1.6985000371932983,1.7050000429153442,40892,0.0,0.0
2026-03-06 11:00:00-05:00,1.7057000398635864,1.7200000286102295,1.7057000398635864,1.7100000381469727,29037,0.0,0.0
2026-03-06 11:05:00-05:00,1.7200000286102295,1.7200000286102295,1.7100000381469727,1.715000033378601,5424,0.0,0.0
2026-03-06 11:10:00-05:00,1.715000033378601,1.715000033378601,1.7000000476837158,1.701300024986267,23220,0.0,0.0
2026-03-06 11:15:00-05:00,1.7000000476837158,1.7086999416351318,1.7000000476837158,1.7086999416351318,4720,0.0,0.0
2026-03-06 11:20:00-05:00,1.7050000429153442,1.7086999416351318,1.6950000524520874,1.7000000476837158,79334,0.0,0.0
2026-03-06 11:25:00-05:00,1.6950000524520874,1.6993000507354736,1.6900999546051025,1.6900999546051025,8660,0.0,0.0
2026-03-06 11:30:00-05:00,1.7000000476837158,1.7000000476837158,1.6799999475479126,1.684999942779541,106995,0.0,0.0
2026-03-06 11:35:00-05:00,1.684999942779541,1.6990000009536743,1.684999942779541,1.6950000524520874,47533,0.0,0.0
2026-03-06 11:40:00-05:00,1.6950000524520874,1.6993000507354736,1.6799999475479126,1.6799999475479126,54196,0.0,0.0
2026-03-06 11:45:00-05:00,1.684999942779541,1.6892999410629272,1.683899998664856,1.683899998664856,18272,0.0,0.0
2026-03-06 11:50:00-05:00,1.6799999475479126,1.6799999475479126,1.6649999618530273,1.6649999618530273,124357,0.0,0.0
2026-03-06 11:55:00-05:00,1.659999966621399,1.6699999570846558,1.659999966621399,1.6649999618530273,14571,0.0,0.0
2026-03-06 12:00:00-05:00,1.6649999618530273,1.6686999797821045,1.659999966621399,1.6649999618530273,33006,0.0,0.0
2026-03-06 12:05:00-05:00,1.6658999919891357,1.669700026512146,1.6449999809265137,1.659999966621399,275010,0.0,0.0
2026-03-06 12:10:00-05:00,1.6549999713897705,1.659999966621399,1.649999976158142,1.6598999500274658,10616,0.0,0.0
2026-03-06 12:15:00-05:00,1.6598999500274658,1.659999966621399,1.6506999731063843,1.6549999713897705,104478,0.0,0.0
2026-03-06 12:20:00-05:00,1.6586999893188477,1.659999966621399,1.6549999713897705,1.659999966621399,30594,0.0,0.0
2026-03-06 12:25:00-05:00,1.6549999713897705,1.659999966621399,1.6399999856948853,1.6449999809265137,55139,0.0,0.0
2026-03-06 12:30:00-05:00,1.6449999809265137,1.659999966621399,1.6399999856948853,1.649999976158142,165489,0.0,0.0
2026-03-06 12:35:00-05:00,1.649899959564209,1.6549999713897705,1.6349999904632568,1.6349999904632568,83816,0.0,0.0
2026-03-06 12:40:00-05:00,1.6399999856948853,1.6485999822616577,1.6323000192642212,1.6449999809265137,56266,0.0,0.0
2026-03-06 12:45:00-05:00,1.6399999856948853,1.6486999988555908,1.6301000118255615,1.6449999809265137,92461,0.0,0.0
2026-03-06 12:50:00-05:00,1.6449999809265137,1.6486999988555908,1.6401000022888184,1.6449999809265137,31332,0.0,0.0
2026-03-06 12:55:00-05:00,1.6449999809265137,1.649999976158142,1.6399999856948853,1.6449999809265137,13627,0.0,0.0
2026-03-06 13:00:00-05:00,1.6449999809265137,1.649999976158142,1.6399999856948853,1.6456999778747559,96255,0.0,0.0
2026-03-06 13:05:00-05:00,1.6449999809265137,1.649999976158142,1.6432000398635864,1.6449999809265137,40128,0.0,0.0
2026-03-06 13:10:00-05:00,1.6431000232696533,1.649999976158142,1.6399999856948853,1.6449999809265137,35444,0.0,0.0
2026-03-06 13:15:00-05:00,1.649999976158142,1.649999976158142,1.6449999809265137,1.6449999809265137,24142,0.0,0.0
2026-03-06 13:20:00-05:00,1.6445000171661377,1.649999976158142,1.6432000398635864,1.6449999809265137,47414,0.0,0.0
2026-03-06 13:25:00-05:00,1.6449999809265137,1.649999976158142,1.6399999856948853,1.6449999809265137,31070,0.0,0.0
2026-03-06 13:30:00-05:00,1.6399999856948853,1.649999976158142,1.6399999856948853,1.6449999809265137,18452,0.0,0.0
2026-03-06 13:35:00-05:00,1.6449999809265137,1.649999976158142,1.6399999856948853,1.6399999856948853,11758,0.0,0.0
2026-03-06 13:40:00-05:00,1.6425000429153442,1.649999976158142,1.6349999904632568,1.649999976158142,123364,0.0,0.0
2026-03-06 13:45:00-05:00,1.649999976158142,1.6549999713897705,1.649999976158142,1.6549999713897705,13524,0.0,0.0
2026-03-06 13:50:00-05:00,1.649999976158142,1.659999966621399,1.649999976158142,1.6500999927520752,6520,0.0,0.0
2026-03-06 13:55:00-05:00,1.649999976158142,1.659999966621399,1.649999976158142,1.6503000259399414,12020,0.0,0.0
2026-03-06 14:00:00-05:00,1.649999976158142,1.6585999727249146,1.649999976158142,1.649999976158142,9521,0.0,0.0
2026-03-06 14:05:00-05:00,1.6549999713897705,1.6649999618530273,1.649999976158142,1.6649999618530273,122522,0.0,0.0
2026-03-06 14:10:00-05:00,1.659999966621399,1.679900050163269,1.659999966621399,1.6649999618530273,90365,0.0,0.0
2026-03-06 14:15:00-05:00,1.6649999618530273,1.6799999475479126,1.6615999937057495,1.6749999523162842,69042,0.0,0.0
2026-03-06 14:20:00-05:00,1.6749999523162842,1.6799999475479126,1.6699999570846558,1.6700999736785889,38032,0.0,0.0
2026-03-06 14:25:00-05:00,1.6699999570846558,1.6699999570846558,1.659999966621399,1.6649999618530273,44999,0.0,0.0
2026-03-06 14:30:00-05:00,1.6699999570846558,1.6749999523162842,1.6699999570846558,1.6749999523162842,19563,0.0,0.0
2026-03-06 14:35:00-05:00,1.6749999523162842,1.6749999523162842,1.659999966621399,1.659999966621399,18070,0.0,0.0
2026-03-06 14:40:00-05:00,1.6649999618530273,1.6699999570846558,1.659999966621399,1.6685999631881714,33728,0.0,0.0
2026-03-06 14:45:00-05:00,1.659999966621399,1.6699999570846558,1.659999966621399,1.6612999439239502,14767,0.0,0.0
2026-03-06 14:50:00-05:00,1.659999966621399,1.659999966621399,1.649999976158142,1.6549999713897705,40679,0.0,0.0
2026-03-06 14:55:00-05:00,1.649999976158142,1.659999966621399,1.6399999856948853,1.6449999809265137,98585,0.0,0.0
2026-03-06 15:00:00-05:00,1.6399999856948853,1.649999976158142,1.6399999856948853,1.6399999856948853,42889,0.0,0.0
2026-03-06 15:05:00-05:00,1.6449999809265137,1.6490999460220337,1.6399999856948853,1.6399999856948853,8912,0.0,0.0
2026-03-06 15:10:00-05:00,1.6399999856948853,1.6449999809265137,1.6299999952316284,1.6299999952316284,43630,0.0,0.0
2026-03-06 15:15:00-05:00,1.6299999952316284,1.6398999691009521,1.6200000047683716,1.6299999952316284,225976,0.0,0.0
2026-03-06 15:20:00-05:00,1.6349999904632568,1.6399999856948853,1.6200000047683716,1.625,38804,0.0,0.0
2026-03-06 15:25:00-05:00,1.621399998664856,1.6267000436782837,1.6100000143051147,1.6153000593185425,97807,0.0,0.0
2026-03-06 15:30:00-05:00,1.6100000143051147,1.6200000047683716,1.600000023841858,1.6166000366210938,191400,0.0,0.0
2026-03-06 15:35:00-05:00,1.6150000095367432,1.6150000095367432,1.600000023841858,1.6050000190734863,166231,0.0,0.0
2026-03-06 15:40:00-05:00,1.6050000190734863,1.6200000047683716,1.600000023841858,1.6150000095367432,115029,0.0,0.0
2026-03-06 15:45:00-05:00,1.6150000095367432,1.6198999881744385,1.6100000143051147,1.6150000095367432,99781,0.0,0.0
2026-03-06 15:50:00-05:00,1.6100000143051147,1.6200000047683716,1.6100000143051147,1.6150000095367432,89864,0.0,0.0
2026-03-06 15:55:00-05:00,1.6200000047683716,1.6299999952316284,1.6100000143051147,1.625,341979,0.0,0.0
2026-03-09 09:30:00-04:00,1.5529999732971191,1.600000023841858,1.5499999523162842,1.5950000286102295,709413,0.0,0.0
2026-03-09 09:35:00-04:00,1.5950000286102295,1.6050000190734863,1.5809999704360962,1.5950000286102295,138281,0.0,0.0
2026-03-09 09:40:00-04:00,1.5950000286102295,1.6398999691009521,1.5950000286102295,1.6349999904632568,162107,0.0,0.0
2026-03-09 09:45:00-04:00,1.6399999856948853,1.6799999475479126,1.6399999856948853,1.6699999570846558,205107,0.0,0.0
2026-03-09 09:50:00-04:00,1.6749999523162842,1.6799999475479126,1.649999976158142,1.649999976158142,233591,0.0,0.0
2026-03-09 09:55:00-04:00,1.649999976158142,1.6598999500274658,1.6399999856948853,1.6449999809265137,70149,0.0,0.0
2026-03-09 10:00:00-04:00,1.649899959564209,1.649999976158142,1.6349999904632568,1.649999976158142,57812,0.0,0.0
2026-03-09 10:05:00-04:00,1.6449999809265137,1.6449999809265137,1.6349999904632568,1.6349999904632568,25450,0.0,0.0
2026-03-09 10:10:00-04:00,1.6349999904632568,1.6549999713897705,1.6302000284194946,1.649999976158142,59943,0.0,0.0
2026-03-09 10:15:00-04:00,1.6502000093460083,1.6649999618530273,1.649999976158142,1.6649999618530273,107691,0.0,0.0
2026-03-09 10:20:00-04:00,1.6698999404907227,1.6699999570846558,1.6513999700546265,1.6513999700546265,149862,0.0,0.0
2026-03-09 10:25:00-04:00,1.6549999713897705,1.6549999713897705,1.6399999856948853,1.6549999713897705,42445,0.0,0.0
2026-03-09 10:30:00-04:00,1.6586999893188477,1.6598999500274658,1.649999976158142,1.6549999713897705,27686,0.0,0.0
2026-03-09 10:35:00-04:00,1.6549999713897705,1.655500054359436,1.6399999856948853,1.6449999809265137,64673,0.0,0.0
2026-03-09 10:40:00-04:00,1.6449999809265137,1.6549999713897705,1.6449999809265137,1.6486999988555908,39160,0.0,0.0
2026-03-09 10:45:00-04:00,1.6449999809265137,1.649999976158142,1.6399999856948853,1.6449999809265137,39645,0.0,0.0
2026-03-09 10:50:00-04:00,1.6399999856948853,1.6486999988555908,1.6399999856948853,1.6449999809265137,18718,0.0,0.0
2026-03-09 10:55:00-04:00,1.649999976158142,1.6561000347137451,1.6399999856948853,1.6449999809265137,20646,0.0,0.0
2026-03-09 11:00:00-04:00,1.6449999809265137,1.6484999656677246,1.6399999856948853,1.6449999809265137,10410,0.0,0.0
2026-03-09 11:05:00-04:00,1.6449999809265137,1.649999976158142,1.6399999856948853,1.6402000188827515,56444,0.0,0.0
2026-03-09 11:10:00-04:00,1.6399999856948853,1.6449999809265137,1.6299999952316284,1.644700050354004,70186,0.0,0.0
2026-03-09 11:15:00-04:00,1.6449999809265137,1.6449999809265137,1.63100004196167,1.6349999904632568,18692,0.0,0.0
2026-03-09 11:20:00-04:00,1.6399999856948853,1.6449999809265137,1.6301000118255615,1.6449999809265137,37915,0.0,0.0
2026-03-09 11:25:00-04:00,1.642899990081787,1.649999976158142,1.6399999856948853,1.6449999809265137,32366,0.0,0.0
2026-03-09 11:30:00-04:00,1.6449999809265137,1.6449999809265137,1.6349999904632568,1.6449999809265137,92550,0.0,0.0
2026-03-09 11:35:00-04:00,1.6449999809265137,1.6449999809265137,1.6349999904632568,1.6349999904632568,16910,0.0,0.0
2026-03-09 11:40:00-04:00,1.6385999917984009,1.649899959564209,1.6384999752044678,1.6412999629974365,37065,0.0,0.0
2026-03-09 11:45:00-04:00,1.6399999856948853,1.6486999988555908,1.6349999904632568,1.6449999809265137,47642,0.0,0.0
2026-03-09 11:50:00-04:00,1.6399999856948853,1.649999976158142,1.631500005722046,1.6449999809265137,46650,0.0,0.0
2026-03-09 11:55:00-04:00,1.6449999809265137,1.649999976158142,1.6412999629974365,1.649999976158142,19708,0.0,0.0
2026-03-09 12:00:00-04:00,1.649999976158142,1.6549999713897705,1.6449999809265137,1.649999976158142,63079,0.0,0.0
2026-03-09 12:05:00-04:00,1.649999976158142,1.6567000150680542,1.6449999809265137,1.6509000062942505,104418,0.0,0.0
2026-03-09 12:10:00-04:00,1.649999976158142,1.6539000272750854,1.6349999904632568,1.6349999904632568,138972,0.0,0.0
2026-03-09 12:15:00-04:00,1.6349999904632568,1.6449999809265137,1.6299999952316284,1.6414999961853027,137376,0.0,0.0
2026-03-09 12:20:00-04:00,1.6486999988555908,1.6486999988555908,1.6399999856948853,1.6449999809265137,8198,0.0,0.0
2026-03-09 12:25:00-04:00,1.6449999809265137,1.6598999500274658,1.6449999809265137,1.652500033378601,69135,0.0,0.0
2026-03-09 12:30:00-04:00,1.649999976158142,1.659999966621399,1.649999976158142,1.651900053024292,82783,0.0,0.0
2026-03-09 12:35:00-04:00,1.6549999713897705,1.6598999500274658,1.6532000303268433,1.6549999713897705,21283,0.0,0.0
2026-03-09 12:40:00-04:00,1.6549999713897705,1.6649999618530273,1.6549999713897705,1.6649999618530273,14518,0.0,0.0
2026-03-09 12:45:00-04:00,1.6649999618530273,1.6693999767303467,1.649999976158142,1.6502000093460083,54691,0.0,0.0
2026-03-09 12:50:00-04:00,1.6549999713897705,1.6598999500274658,1.649999976158142,1.6549999713897705,13701,0.0,0.0
2026-03-09 12:55:00-04:00,1.6549999713897705,1.6549999713897705,1.649999976158142,1.6519999504089355,22226,0.0,0.0
2026-03-09 13:00:00-04:00,1.6549999713897705,1.6549999713897705,1.6399999856948853,1.6399999856948853,29287,0.0,0.0
2026-03-09 13:05:00-04:00,1.6470999717712402,1.6470999717712402,1.6399999856948853,1.6399999856948853,21852,0.0,0.0
2026-03-09 13:10:00-04:00,1.6399999856948853,1.6449999809265137,1.6200000047683716,1.6203999519348145,244448,0.0,0.0
2026-03-09 13:15:00-04:00,1.625,1.6299999952316284,1.6150000095367432,1.625,48364,0.0,0.0
2026-03-09 13:20:00-04:00,1.625,1.6267000436782837,1.6200000047683716,1.6200000047683716,4870,0.0,0.0
2026-03-09 13:25:00-04:00,1.625,1.625,1.6150000095367432,1.6150000095367432,34972,0.0,0.0
2026-03-09 13:30:00-04:00,1.6150000095367432,1.6200000047683716,1.6100000143051147,1.6115000247955322,14209,0.0,0.0
2026-03-09 13:35:00-04:00,1.6150000095367432,1.6200000047683716,1.6100000143051147,1.6101000308990479,13212,0.0,0.0
2026-03-09 13:40:00-04:00,1.6150000095367432,1.6150000095367432,1.6100000143051147,1.611299991607666,14385,0.0,0.0
2026-03-09 13:45:00-04:00,1.6150000095367432,1.6200000047683716,1.6100000143051147,1.6150000095367432,55852,0.0,0.0
2026-03-09 13:50:00-04:00,1.6100000143051147,1.6299999952316284,1.6100000143051147,1.625,58149,0.0,0.0
2026-03-09 13:55:00-04:00,1.625,1.625,1.6200000047683716,1.625,7545,0.0,0.0
2026-03-09 14:00:00-04:00,1.6200000047683716,1.628999948501587,1.6200000047683716,1.628999948501587,24622,0.0,0.0
2026-03-09 14:05:00-04:00,1.625,1.6299999952316284,1.6200000047683716,1.6200000047683716,26243,0.0,0.0
2026-03-09 14:10:00-04:00,1.6200000047683716,1.6349999904632568,1.6200000047683716,1.6349999904632568,65661,0.0,0.0
2026-03-09 14:15:00-04:00,1.6313999891281128,1.6399999856948853,1.6313999891281128,1.6349999904632568,16714,0.0,0.0
2026-03-09 14:20:00-04:00,1.6399999856948853,1.6399999856948853,1.6299999952316284,1.6299999952316284,13468,0.0,0.0
2026-03-09 14:25:00-04:00,1.6349999904632568,1.6368000507354736,1.6299999952316284,1.631500005722046,13524,0.0,0.0
2026-03-09 14:30:00-04:00,1.6349999904632568,1.6399999856948853,1.6299999952316284,1.6399999856948853,27206,0.0,0.0
2026-03-09 14:35:00-04:00,1.6349999904632568,1.6349999904632568,1.6299999952316284,1.6299999952316284,7123,0.0,0.0
2026-03-09 14:40:00-04:00,1.6349999904632568,1.6449999809265137,1.6299999952316284,1.6449999809265137,40270,0.0,0.0
2026-03-09 14:45:00-04:00,1.6449999809265137,1.6485999822616577,1.6399999856948853,1.6449999809265137,5196,0.0,0.0
2026-03-09 14:50:00-04:00,1.6413999795913696,1.6449999809265137,1.6399999856948853,1.6399999856948853,13594,0.0,0.0
2026-03-09 14:55:00-04:00,1.6399999856948853,1.649999976158142,1.6399999856948853,1.6449999809265137,26755,0.0,0.0
2026-03-09 15:00:00-04:00,1.6449999809265137,1.649999976158142,1.6399999856948853,1.6399999856948853,16980,0.0,0.0
2026-03-09 15:05:00-04:00,1.6399999856948853,1.649999976158142,1.6399999856948853,1.6399999856948853,15027,0.0,0.0
2026-03-09 15:10:00-04:00,1.6449999809265137,1.6449999809265137,1.6399999856948853,1.6449999809265137,35308,0.0,0.0
2026-03-09 15:15:00-04:00,1.6420999765396118,1.6549999713897705,1.6399999856948853,1.6549999713897705,68473,0.0,0.0
2026-03-09 15:20:00-04:00,1.6549999713897705,1.669600009918213,1.649999976158142,1.6649999618530273,102788,0.0,0.0
2026-03-09 15:25:00-04:00,1.6649999618530273,1.6749999523162842,1.6615999937057495,1.6700999736785889,50156,0.0,0.0
2026-03-09 15:30:00-04:00,1.6699999570846558,1.6749999523162842,1.659999966621399,1.6649999618530273,53841,0.0,0.0
2026-03-09 15:35:00-04:00,1.659999966621399,1.6749999523162842,1.659999966621399,1.6728999614715576,84213,0.0,0.0
2026-03-09 15:40:00-04:00,1.6749999523162842,1.6749999523162842,1.6514999866485596,1.6649999618530273,68515,0.0,0.0
2026-03-09 15:45:00-04:00,1.6601999998092651,1.6698999404907227,1.659999966621399,1.659999966621399,27152,0.0,0.0
2026-03-09 15:50:00-04:00,1.659999966621399,1.6684999465942383,1.659999966621399,1.659999966621399,60687,0.0,0.0
2026-03-09 15:55:00-04:00,1.659999966621399,1.6797000169754028,1.649999976158142,1.6749999523162842,306242,0.0,0.0
2026-03-10 09:30:00-04:00,1.6799999475479126,1.7599999904632568,1.6799999475479126,1.7408000230789185,354965,0.0,0.0
2026-03-10 09:35:00-04:00,1.7400000095367432,1.75,1.7200000286102295,1.7350000143051147,128486,0.0,0.0
2026-03-10 09:40:00-04:00,1.7312999963760376,1.7410000562667847,1.7300000190734863,1.7350000143051147,53883,0.0,0.0
2026-03-10 09:45:00-04:00,1.7300000190734863,1.7599999904632568,1.725000023841858,1.7599999904632568,103832,0.0,0.0
2026-03-10 09:50:00-04:00,1.7549999952316284,1.7799999713897705,1.7549999952316284,1.7799999713897705,121537,0.0,0.0
2026-03-10 09:55:00-04:00,1.7700999975204468,1.7899999618530273,1.7700999975204468,1.7800999879837036,77779,0.0,0.0
2026-03-10 10:00:00-04:00,1.7899999618530273,1.7999999523162842,1.7899999618530273,1.7978999614715576,70295,0.0,0.0
2026-03-10 10:05:00-04:00,1.7949999570846558,1.7949999570846558,1.7699999809265137,1.7792999744415283,101079,0.0,0.0
2026-03-10 10:10:00-04:00,1.774999976158142,1.7949999570846558,1.774999976158142,1.7910000085830688,55766,0.0,0.0
2026-03-10 10:15:00-04:00,1.7949999570846558,1.8049999475479126,1.7699999809265137,1.7699999809265137,136635,0.0,0.0
2026-03-10 10:20:00-04:00,1.774999976158142,1.7798999547958374,1.7700999975204468,1.7798999547958374,14138,0.0,0.0
2026-03-10 10:25:00-04:00,1.7755000591278076,1.7799999713897705,1.7700999975204468,1.770300030708313,9355,0.0,0.0
2026-03-10 10:30:00-04:00,1.7786999940872192,1.7799999713897705,1.7700999975204468,1.774999976158142,15224,0.0,0.0
2026-03-10 10:35:00-04:00,1.774999976158142,1.7792999744415283,1.7649999856948853,1.7649999856948853,38857,0.0,0.0
2026-03-10 10:40:00-04:00,1.7649999856948853,1.7799999713897705,1.7599999904632568,1.7798999547958374,101183,0.0,0.0
2026-03-10 10:45:00-04:00,1.774999976158142,1.784999966621399,1.7699999809265137,1.784999966621399,61699,0.0,0.0
2026-03-10 10:50:00-04:00,1.7899999618530273,1.7899999618530273,1.7799999713897705,1.7899999618530273,52416,0.0,0.0
2026-03-10 10:55:00-04:00,1.784999966621399,1.7899999618530273,1.7799999713897705,1.784999966621399,13025,0.0,0.0
2026-03-10 11:00:00-04:00,1.7799999713897705,1.784999966621399,1.7603000402450562,1.7611000537872314,59922,0.0,0.0
2026-03-10 11:05:00-04:00,1.7615000009536743,1.7699999809265137,1.7599999904632568,1.7649999856948853,24020,0.0,0.0
2026-03-10 11:10:00-04:00,1.7619999647140503,1.7619999647140503,1.751099944114685,1.751099944114685,66272,0.0,0.0
2026-03-10 11:15:00-04:00,1.7512999773025513,1.7699999809265137,1.750100016593933,1.7699999809265137,78604,0.0,0.0
2026-03-10 11:20:00-04:00,1.7649999856948853,1.7657999992370605,1.7599999904632568,1.7599999904632568,31788,0.0,0.0
2026-03-10 11:25:00-04:00,1.7599999904632568,1.7599999904632568,1.75,1.7549999952316284,18120,0.0,0.0
2026-03-10 11:30:00-04:00,1.7549999952316284,1.7599999904632568,1.75,1.7549999952316284,27921,0.0,0.0
2026-03-10 11:35:00-04:00,1.7549999952316284,1.7649999856948853,1.75,1.7549999952316284,204121,0.0,0.0
2026-03-10 11:40:00-04:00,1.7549999952316284,1.7699999809265137,1.7549999952316284,1.7649999856948853,59969,0.0,0.0
2026-03-10 11:45:00-04:00,1.7649999856948853,1.7689000368118286,1.7599999904632568,1.7649999856948853,16733,0.0,0.0
2026-03-10 11:50:00-04:00,1.7674000263214111,1.784999966621399,1.7615000009536743,1.784999966621399,47581,0.0,0.0
2026-03-10 11:55:00-04:00,1.784999966621399,1.784999966621399,1.7700999975204468,1.7700999975204468,32435,0.0,0.0
2026-03-10 12:00:00-04:00,1.7699999809265137,1.7799999713897705,1.7549999952316284,1.7549999952316284,221037,0.0,0.0
2026-03-10 12:05:00-04:00,1.7585999965667725,1.7585999965667725,1.7400000095367432,1.75,54276,0.0,0.0
2026-03-10 12:10:00-04:00,1.742900013923645,1.7460999488830566,1.7350000143051147,1.7367000579833984,74121,0.0,0.0
2026-03-10 12:15:00-04:00,1.7350000143051147,1.7450000047683716,1.7350000143051147,1.7450000047683716,63016,0.0,0.0
2026-03-10 12:20:00-04:00,1.75,1.75,1.7400000095367432,1.7496999502182007,18383,0.0,0.0
2026-03-10 12:25:00-04:00,1.7401000261306763,1.7470999956130981,1.7400000095367432,1.7400000095367432,12396,0.0,0.0
2026-03-10 12:30:00-04:00,1.7400000095367432,1.749899983406067,1.7400000095367432,1.7400000095367432,29082,0.0,0.0
2026-03-10 12:35:00-04:00,1.7450000047683716,1.75,1.7400000095367432,1.7400000095367432,18725,0.0,0.0
2026-03-10 12:40:00-04:00,1.7450000047683716,1.7599999904632568,1.7400000095367432,1.7549999952316284,57875,0.0,0.0
2026-03-10 12:45:00-04:00,1.7549999952316284,1.7599999904632568,1.750100016593933,1.750100016593933,60509,0.0,0.0
2026-03-10 12:50:00-04:00,1.7549999952316284,1.7599999904632568,1.7549999952316284,1.7599999904632568,13150,0.0,0.0
2026-03-10 12:55:00-04:00,1.7549999952316284,1.7549999952316284,1.75,1.75,7009,0.0,0.0
2026-03-10 13:00:00-04:00,1.75,1.7549999952316284,1.75,1.75,8472,0.0,0.0
2026-03-10 13:05:00-04:00,1.75,1.7599999904632568,1.75,1.75,24381,0.0,0.0
2026-03-10 13:10:00-04:00,1.75,1.7598999738693237,1.75,1.75,14452,0.0,0.0
2026-03-10 13:15:00-04:00,1.7549999952316284,1.7599999904632568,1.75,1.75,11277,0.0,0.0
2026-03-10 13:20:00-04:00,1.75,1.7599999904632568,1.75,1.7549999952316284,12238,0.0,0.0
2026-03-10 13:25:00-04:00,1.7549999952316284,1.7549999952316284,1.75,1.75,10561,0.0,0.0
2026-03-10 13:30:00-04:00,1.75,1.7699999809265137,1.75,1.7687000036239624,108252,0.0,0.0
2026-03-10 13:35:00-04:00,1.7599999904632568,1.7649999856948853,1.7549999952316284,1.7549999952316284,32000,0.0,0.0
2026-03-10 13:40:00-04:00,1.75,1.7568000555038452,1.75,1.75,11700,0.0,0.0
2026-03-10 13:45:00-04:00,1.75,1.7549999952316284,1.75,1.75,7658,0.0,0.0
2026-03-10 13:50:00-04:00,1.75,1.7549999952316284,1.7450000047683716,1.7549999952316284,46964,0.0,0.0
2026-03-10 13:55:00-04:00,1.7510000467300415,1.7549999952316284,1.7510000467300415,1.7512999773025513,5595,0.0,0.0
2026-03-10 14:00:00-04:00,1.7549999952316284,1.7549999952316284,1.75,1.75,15667,0.0,0.0
2026-03-10 14:05:00-04:00,1.75,1.7599999904632568,1.75,1.75,12780,0.0,0.0
2026-03-10 14:10:00-04:00,1.7549999952316284,1.7549999952316284,1.7200000286102295,1.725000023841858,103712,0.0,0.0
2026-03-10 14:15:00-04:00,1.725000023841858,1.7400000095367432,1.725000023841858,1.7350000143051147,38225,0.0,0.0
2026-03-10 14:20:00-04:00,1.7300000190734863,1.7376999855041504,1.7200000286102295,1.7300000190734863,57086,0.0,0.0
2026-03-10 14:25:00-04:00,1.738700032234192,1.7450000047683716,1.7360999584197998,1.7450000047683716,24463,0.0,0.0
2026-03-10 14:30:00-04:00,1.75,1.75,1.75,1.75,410,0.0,0.0
2026-03-10 14:35:00-04:00,1.7450000047683716,1.75,1.7400000095367432,1.7450000047683716,7633,0.0,0.0
2026-03-10 14:40:00-04:00,1.7450000047683716,1.7549999952316284,1.7400000095367432,1.7549999952316284,103835,0.0,0.0
2026-03-10 14:45:00-04:00,1.7549999952316284,1.774999976158142,1.7549999952316284,1.774999976158142,50159,0.0,0.0
2026-03-10 14:50:00-04:00,1.7728999853134155,1.7799999713897705,1.7649999856948853,1.7649999856948853,59845,0.0,0.0
2026-03-10 14:55:00-04:00,1.7649999856948853,1.7649999856948853,1.750100016593933,1.7554999589920044,33227,0.0,0.0
2026-03-10 15:00:00-04:00,1.7549999952316284,1.7649999856948853,1.75,1.7649999856948853,27556,0.0,0.0
2026-03-10 15:05:00-04:00,1.7649999856948853,1.7649999856948853,1.750599980354309,1.7599999904632568,21522,0.0,0.0
2026-03-10 15:10:00-04:00,1.7549999952316284,1.7549999952316284,1.750100016593933,1.7549999952316284,9550,0.0,0.0
2026-03-10 15:15:00-04:00,1.7549999952316284,1.774999976158142,1.7549999952316284,1.771399974822998,56337,0.0,0.0
2026-03-10 15:20:00-04:00,1.774999976158142,1.774999976158142,1.7649999856948853,1.7699999809265137,53274,0.0,0.0
2026-03-10 15:25:00-04:00,1.7599999904632568,1.7699999809265137,1.7599999904632568,1.7599999904632568,24022,0.0,0.0
2026-03-10 15:30:00-04:00,1.7599999904632568,1.7649999856948853,1.75,1.7549999952316284,63024,0.0,0.0
2026-03-10 15:35:00-04:00,1.7549999952316284,1.7699999809265137,1.7506999969482422,1.7599999904632568,83778,0.0,0.0
2026-03-10 15:40:00-04:00,1.7649999856948853,1.7649999856948853,1.7549999952316284,1.7549999952316284,54185,0.0,0.0
2026-03-10 15:45:00-04:00,1.7549999952316284,1.7599999904632568,1.75,1.75,30888,0.0,0.0
2026-03-10 15:50:00-04:00,1.7549999952316284,1.7599999904632568,1.75,1.7549999952316284,129889,0.0,0.0
2026-03-10 15:55:00-04:00,1.7549999952316284,1.7699999809265137,1.7549999952316284,1.7599999904632568,291566,0.0,0.0
2026-03-11 09:30:00-04:00,1.850000023841858,1.9900000095367432,1.840000033378601,1.975000023841858,1989778,0.0,0.0
2026-03-11 09:35:00-04:00,1.9800000190734863,1.9800000190734863,1.9199999570846558,1.9299999475479126,504347,0.0,0.0
2026-03-11 09:40:00-04:00,1.9299999475479126,1.9699000120162964,1.899999976158142,1.9199999570846558,435705,0.0,0.0
2026-03-11 09:45:00-04:00,1.9249999523162842,1.940000057220459,1.899999976158142,1.940000057220459,156540,0.0,0.0
2026-03-11 09:50:00-04:00,1.934999942779541,2.049999952316284,1.9299999475479126,2.049999952316284,1307043,0.0,0.0
2026-03-11 09:55:00-04:00,2.0450000762939453,2.0950000286102295,2.0399999618530273,2.0899999141693115,805520,0.0,0.0
2026-03-11 10:00:00-04:00,2.0899999141693115,2.200000047683716,2.0725998878479004,2.197999954223633,1447137,0.0,0.0
2026-03-11 10:05:00-04:00,2.194999933242798,2.25,2.180000066757202,2.2300000190734863,1133085,0.0,0.0
2026-03-11 10:10:00-04:00,2.234999895095825,2.240000009536743,2.130000114440918,2.159899950027466,1684797,0.0,0.0
2026-03-11 10:15:00-04:00,2.150099992752075,2.1698999404907227,2.109999895095825,2.134999990463257,933154,0.0,0.0
2026-03-11 10:20:00-04:00,2.134999990463257,2.1649999618530273,2.119999885559082,2.1649999618530273,445215,0.0,0.0
2026-03-11 10:25:00-04:00,2.1649999618530273,2.219899892807007,2.1600000858306885,2.200000047683716,1365446,0.0,0.0
2026-03-11 10:30:00-04:00,2.200000047683716,2.2200000286102295,2.190000057220459,2.190000057220459,732343,0.0,0.0
2026-03-11 10:35:00-04:00,2.200000047683716,2.25,2.194999933242798,2.234999895095825,1010634,0.0,0.0
2026-03-11 10:40:00-04:00,2.257999897003174,2.259999990463257,2.2249999046325684,2.244999885559082,1167951,0.0,0.0
2026-03-11 10:45:00-04:00,2.240000009536743,2.259999990463257,2.2200000286102295,2.244999885559082,832664,0.0,0.0
2026-03-11 10:50:00-04:00,2.244999885559082,2.2750000953674316,2.2200000286102295,2.2699999809265137,822989,0.0,0.0
2026-03-11 10:55:00-04:00,2.2699999809265137,2.3099000453948975,2.259999990463257,2.280100107192993,863359,0.0,0.0
2026-03-11 11:00:00-04:00,2.280900001525879,2.299999952316284,2.2799999713897705,2.2899999618530273,536418,0.0,0.0
2026-03-11 11:05:00-04:00,2.289900064468384,2.319999933242798,2.2799999713897705,2.299999952316284,537722,0.0,0.0
2026-03-11 11:10:00-04:00,2.299999952316284,2.309999942779541,2.259999990463257,2.2669999599456787,596788,0.0,0.0
2026-03-11 11:15:00-04:00,2.265000104904175,2.315000057220459,2.259999990463257,2.287400007247925,867398,0.0,0.0
2026-03-11 11:20:00-04:00,2.2850000858306885,2.319999933242798,2.2699999809265137,2.2899999618530273,476036,0.0,0.0
2026-03-11 11:25:00-04:00,2.2950000762939453,2.309999942779541,2.2300000190734863,2.2302000522613525,1894884,0.0,0.0
2026-03-11 11:30:00-04:00,2.234999895095825,2.2499001026153564,2.180000066757202,2.2049999237060547,1078121,0.0,0.0
2026-03-11 11:35:00-04:00,2.2100000381469727,2.2100000381469727,2.1700000762939453,2.174999952316284,529844,0.0,0.0
2026-03-11 11:40:00-04:00,2.180000066757202,2.190000057220459,2.1500000953674316,2.160099983215332,1033848,0.0,0.0
2026-03-11 11:45:00-04:00,2.1649999618530273,2.184999942779541,2.1500000953674316,2.1684999465942383,677062,0.0,0.0
2026-03-11 11:50:00-04:00,2.1649999618530273,2.1898999214172363,2.1600000858306885,2.1898999214172363,534376,0.0,0.0
2026-03-11 11:55:00-04:00,2.1800999641418457,2.190000057220459,2.1600000858306885,2.1700000762939453,283805,0.0,0.0
2026-03-11 12:00:00-04:00,2.180000066757202,2.2100000381469727,2.180000066757202,2.2049999237060547,597106,0.0,0.0
2026-03-11 12:05:00-04:00,2.200000047683716,2.2300000190734863,2.200000047683716,2.2249999046325684,308467,0.0,0.0
2026-03-11 12:10:00-04:00,2.2300000190734863,2.2551000118255615,2.2100000381469727,2.2399001121520996,415636,0.0,0.0
2026-03-11 12:15:00-04:00,2.234999895095825,2.25,2.2300000190734863,2.244999885559082,256005,0.0,0.0
2026-03-11 12:20:00-04:00,2.244999885559082,2.2699999809265137,2.2200000286102295,2.23009991645813,362919,0.0,0.0
2026-03-11 12:25:00-04:00,2.23799991607666,2.25,2.2300000190734863,2.244999885559082,170124,0.0,0.0
2026-03-11 12:30:00-04:00,2.240000009536743,2.2699999809265137,2.231300115585327,2.265000104904175,378751,0.0,0.0
2026-03-11 12:35:00-04:00,2.265000104904175,2.2699999809265137,2.25,2.2599000930786133,180350,0.0,0.0
2026-03-11 12:40:00-04:00,2.2523000240325928,2.2799999713897705,2.25,2.2750000953674316,176511,0.0,0.0
2026-03-11 12:45:00-04:00,2.2750000953674316,2.299999952316284,2.2699999809265137,2.2901999950408936,317539,0.0,0.0
2026-03-11 12:50:00-04:00,2.29010009765625,2.3499999046325684,2.29010009765625,2.3410000801086426,919628,0.0,0.0
2026-03-11 12:55:00-04:00,2.3450000286102295,2.369999885559082,2.3299999237060547,2.3550000190734863,755730,0.0,0.0
2026-03-11 13:00:00-04:00,2.3499999046325684,2.359999895095825,2.309999942779541,2.3299999237060547,615346,0.0,0.0
2026-03-11 13:05:00-04:00,2.3399999141693115,2.3550000190734863,2.3299999237060547,2.3499999046325684,230489,0.0,0.0
2026-03-11 13:10:00-04:00,2.340100049972534,2.3499999046325684,2.319999933242798,2.319999933242798,328559,0.0,0.0
2026-03-11 13:15:00-04:00,2.321899890899658,2.325000047683716,2.2899999618530273,2.315000057220459,293781,0.0,0.0
2026-03-11 13:20:00-04:00,2.315000057220459,2.3399999141693115,2.309999942779541,2.3350000381469727,304681,0.0,0.0
2026-03-11 13:25:00-04:00,2.3299999237060547,2.3399999141693115,2.319999933242798,2.3350000381469727,213100,0.0,0.0
2026-03-11 13:30:00-04:00,2.3324999809265137,2.3324999809265137,2.299999952316284,2.319999933242798,315470,0.0,0.0
2026-03-11 13:35:00-04:00,2.325000047683716,2.3299999237060547,2.2899999618530273,2.305000066757202,137737,0.0,0.0
2026-03-11 13:40:00-04:00,2.305000066757202,2.309999942779541,2.2899999618530273,2.299999952316284,210972,0.0,0.0
2026-03-11 13:45:00-04:00,2.2999000549316406,2.315000057220459,2.2899999618530273,2.309999942779541,265824,0.0,0.0
2026-03-11 13:50:00-04:00,2.311199903488159,2.3299999237060547,2.299999952316284,2.305000066757202,299430,0.0,0.0
2026-03-11 13:55:00-04:00,2.305000066757202,2.309999942779541,2.2899999618530273,2.2908999919891357,162506,0.0,0.0
2026-03-11 14:00:00-04:00,2.2950000762939453,2.3199000358581543,2.2899999618530273,2.29010009765625,144929,0.0,0.0
2026-03-11 14:05:00-04:00,2.2916998863220215,2.2916998863220215,2.2699999809265137,2.2802000045776367,140525,0.0,0.0
2026-03-11 14:10:00-04:00,2.2799999713897705,2.2899999618530273,2.259999990463257,2.2899999618530273,309707,0.0,0.0
2026-03-11 14:15:00-04:00,2.2899999618530273,2.299999952316284,2.2899999618530273,2.2985000610351562,192635,0.0,0.0
2026-03-11 14:20:00-04:00,2.2899999618530273,2.2899999618530273,2.271699905395508,2.2750000953674316,119057,0.0,0.0
2026-03-11 14:25:00-04:00,2.2799999713897705,2.2799999713897705,2.2699999809265137,2.2699999809265137,122254,0.0,0.0
2026-03-11 14:30:00-04:00,2.265000104904175,2.299999952316284,2.2613000869750977,2.2850000858306885,212485,0.0,0.0
2026-03-11 14:35:00-04:00,2.2850000858306885,2.2897000312805176,2.2699999809265137,2.2699999809265137,110063,0.0,0.0
2026-03-11 14:40:00-04:00,2.2750000953674316,2.279900074005127,2.25,2.2664999961853027,286707,0.0,0.0
2026-03-11 14:45:00-04:00,2.265000104904175,2.2799999713897705,2.259999990463257,2.2701001167297363,78440,0.0,0.0
2026-03-11 14:50:00-04:00,2.2750000953674316,2.2799999713897705,2.2699999809265137,2.2750000953674316,75936,0.0,0.0
2026-03-11 14:55:00-04:00,2.2750000953674316,2.2750000953674316,2.25,2.255000114440918,142996,0.0,0.0
2026-03-11 15:00:00-04:00,2.255000114440918,2.259999990463257,2.244999885559082,2.25,233712,0.0,0.0
2026-03-11 15:05:00-04:00,2.255000114440918,2.259999990463257,2.2300000190734863,2.234999895095825,257757,0.0,0.0
2026-03-11 15:10:00-04:00,2.2355000972747803,2.25,2.2249999046325684,2.2400999069213867,239878,0.0,0.0
2026-03-11 15:15:00-04:00,2.244999885559082,2.25,2.2300000190734863,2.234999895095825,155648,0.0,0.0
2026-03-11 15:20:00-04:00,2.2397000789642334,2.25,2.2300000190734863,2.2432000637054443,86476,0.0,0.0
2026-03-11 15:25:00-04:00,2.244999885559082,2.259999990463257,2.240000009536743,2.240000009536743,275445,0.0,0.0
2026-03-11 15:30:00-04:00,2.244999885559082,2.259999990463257,2.234999895095825,2.25,181074,0.0,0.0
2026-03-11 15:35:00-04:00,2.2599000930786133,2.259999990463257,2.25,2.255000114440918,165382,0.0,0.0
2026-03-11 15:40:00-04:00,2.255000114440918,2.2699999809265137,2.25,2.265000104904175,280285,0.0,0.0
2026-03-11 15:45:00-04:00,2.2699999809265137,2.2699999809265137,2.259999990463257,2.259999990463257,162154,0.0,0.0
2026-03-11 15:50:00-04:00,2.265000104904175,2.2799999713897705,2.25,2.2750000953674316,485625,0.0,0.0
2026-03-11 15:55:00-04:00,2.2699999809265137,2.309999942779541,2.2699999809265137,2.2899999618530273,1053324,0.0,0.0
2026-03-12 09:30:00-04:00,2.299999952316284,2.428800106048584,2.2799999713897705,2.399899959564209,1726483,0.0,0.0
2026-03-12 09:35:00-04:00,2.3949999809265137,2.4100000858306885,2.3350000381469727,2.369999885559082,475879,0.0,0.0
2026-03-12 09:40:00-04:00,2.375,2.380000114440918,2.3499999046325684,2.3550000190734863,218663,0.0,0.0
2026-03-12 09:45:00-04:00,2.3499999046325684,2.3550000190734863,2.319999933242798,2.3389999866485596,325382,0.0,0.0
2026-03-12 09:50:00-04:00,2.3299999237060547,2.359999895095825,2.319999933242798,2.3350000381469727,118909,0.0,0.0
2026-03-12 09:55:00-04:00,2.3350000381469727,2.3399999141693115,2.315000057220459,2.3340001106262207,121324,0.0,0.0
2026-03-12 10:00:00-04:00,2.3399999141693115,2.3450000286102295,2.319999933242798,2.333199977874756,156832,0.0,0.0
2026-03-12 10:05:00-04:00,2.3399999141693115,2.3399999141693115,2.25,2.25,483044,0.0,0.0
2026-03-12 10:10:00-04:00,2.25,2.265500068664551,2.240000009536743,2.255000114440918,308274,0.0,0.0
2026-03-12 10:15:00-04:00,2.255000114440918,2.2699999809265137,2.2149999141693115,2.2272000312805176,394695,0.0,0.0
2026-03-12 10:20:00-04:00,2.2200000286102295,2.2300000190734863,2.2049999237060547,2.2149999141693115,458347,0.0,0.0
2026-03-12 10:25:00-04:00,2.213900089263916,2.240000009536743,2.2100000381469727,2.2200000286102295,175089,0.0,0.0
2026-03-12 10:30:00-04:00,2.227299928665161,2.265000104904175,2.2200000286102295,2.259999990463257,258581,0.0,0.0
2026-03-12 10:35:00-04:00,2.259999990463257,2.259999990463257,2.2300000190734863,2.2460999488830566,132570,0.0,0.0
2026-03-12 10:40:00-04:00,2.244999885559082,2.259999990463257,2.244999885559082,2.255000114440918,163638,0.0,0.0
2026-03-12 10:45:00-04:00,2.259999990463257,2.2799999713897705,2.25,2.259999990463257,167121,0.0,0.0
2026-03-12 10:50:00-04:00,2.259999990463257,2.2799999713897705,2.25,2.255000114440918,107501,0.0,0.0
2026-03-12 10:55:00-04:00,2.259999990463257,2.259999990463257,2.240000009536743,2.249799966812134,94717,0.0,0.0
2026-03-12 11:00:00-04:00,2.244999885559082,2.2899999618530273,2.2300000190734863,2.234999895095825,256836,0.0,0.0
2026-03-12 11:05:00-04:00,2.2399001121520996,2.2599000930786133,2.2399001121520996,2.25,70541,0.0,0.0
2026-03-12 11:10:00-04:00,2.2499001026153564,2.2499001026153564,2.2300000190734863,2.2300000190734863,136610,0.0,0.0
2026-03-12 11:15:00-04:00,2.240000009536743,2.240000009536743,2.220099925994873,2.2219998836517334,125057,0.0,0.0
2026-03-12 11:20:00-04:00,2.2300000190734863,2.240000009536743,2.2200000286102295,2.240000009536743,77762,0.0,0.0
2026-03-12 11:25:00-04:00,2.244999885559082,2.255000114440918,2.240000009536743,2.255000114440918,111005,0.0,0.0
2026-03-12 11:30:00-04:00,2.2502999305725098,2.2699999809265137,2.2502999305725098,2.265000104904175,49305,0.0,0.0
2026-03-12 11:35:00-04:00,2.265000104904175,2.2850000858306885,2.2600998878479004,2.2850000858306885,71873,0.0,0.0
2026-03-12 11:40:00-04:00,2.2899999618530273,2.309999942779541,2.2799999713897705,2.305000066757202,490397,0.0,0.0
2026-03-12 11:45:00-04:00,2.305000066757202,2.309999942779541,2.2799999713897705,2.2899999618530273,177423,0.0,0.0
2026-03-12 11:50:00-04:00,2.2850000858306885,2.299999952316284,2.2850000858306885,2.2950000762939453,62289,0.0,0.0
2026-03-12 11:55:00-04:00,2.2990000247955322,2.319999933242798,2.2899999618530273,2.319999933242798,86027,0.0,0.0
2026-03-12 12:00:00-04:00,2.315000057220459,2.315000057220459,2.280100107192993,2.2950000762939453,204451,0.0,0.0
2026-03-12 12:05:00-04:00,2.2950000762939453,2.2999000549316406,2.2699999809265137,2.2750000953674316,88415,0.0,0.0
2026-03-12 12:10:00-04:00,2.2750000953674316,2.2899999618530273,2.2699999809265137,2.2850000858306885,36284,0.0,0.0
2026-03-12 12:15:00-04:00,2.2806999683380127,2.309999942779541,2.2806999683380127,2.305000066757202,47334,0.0,0.0
2026-03-12 12:20:00-04:00,2.305000066757202,2.3280999660491943,2.300100088119507,2.305000066757202,90127,0.0,0.0
2026-03-12 12:25:00-04:00,2.305000066757202,2.315000057220459,2.2799999713897705,2.2850000858306885,122209,0.0,0.0
2026-03-12 12:30:00-04:00,2.2899999618530273,2.305000066757202,2.2899999618530273,2.305000066757202,52912,0.0,0.0
2026-03-12 12:35:00-04:00,2.300100088119507,2.319999933242798,2.2950000762939453,2.315000057220459,198340,0.0,0.0
2026-03-12 12:40:00-04:00,2.315000057220459,2.319999933242798,2.309999942779541,2.3199000358581543,32065,0.0,0.0
2026-03-12 12:45:00-04:00,2.309999942779541,2.315000057220459,2.299999952316284,2.315000057220459,46600,0.0,0.0
2026-03-12 12:50:00-04:00,2.3104000091552734,2.315000057220459,2.305000066757202,2.305000066757202,31369,0.0,0.0
2026-03-12 12:55:00-04:00,2.309999942779541,2.319999933242798,2.3001999855041504,2.305000066757202,129216,0.0,0.0
2026-03-12 13:00:00-04:00,2.305000066757202,2.319999933242798,2.2950000762939453,2.315000057220459,70011,0.0,0.0
2026-03-12 13:05:00-04:00,2.315000057220459,2.3299999237060547,2.309999942779541,2.3101000785827637,124744,0.0,0.0
2026-03-12 13:10:00-04:00,2.3199000358581543,2.3199000358581543,2.299999952316284,2.305000066757202,41526,0.0,0.0
2026-03-12 13:15:00-04:00,2.305299997329712,2.305299997329712,2.2899999618530273,2.2950000762939453,72234,0.0,0.0
2026-03-12 13:20:00-04:00,2.2950000762939453,2.3078999519348145,2.2899999618530273,2.299999952316284,45355,0.0,0.0
2026-03-12 13:25:00-04:00,2.299999952316284,2.309999942779541,2.299999952316284,2.305000066757202,44987,0.0,0.0
2026-03-12 13:30:00-04:00,2.305000066757202,2.3099000453948975,2.299999952316284,2.299999952316284,18758,0.0,0.0
2026-03-12 13:35:00-04:00,2.305000066757202,2.315000057220459,2.2799999713897705,2.280100107192993,104425,0.0,0.0
2026-03-12 13:40:00-04:00,2.2850000858306885,2.2899999618530273,2.2699999809265137,2.2799999713897705,58380,0.0,0.0
2026-03-12 13:45:00-04:00,2.2750000953674316,2.2750000953674316,2.259999990463257,2.2750000953674316,181128,0.0,0.0
2026-03-12 13:50:00-04:00,2.2750000953674316,2.2799999713897705,2.2699999809265137,2.2750000953674316,26626,0.0,0.0
2026-03-12 13:55:00-04:00,2.2699999809265137,2.2899999618530273,2.265000104904175,2.289900064468384,113690,0.0,0.0
2026-03-12 14:00:00-04:00,2.2850000858306885,2.299999952316284,2.2850000858306885,2.2950000762939453,49440,0.0,0.0
2026-03-12 14:05:00-04:00,2.2950000762939453,2.325000047683716,2.2899999618530273,2.319999933242798,134798,0.0,0.0
2026-03-12 14:10:00-04:00,2.3201000690460205,2.3299999237060547,2.315000057220459,2.315000057220459,42686,0.0,0.0
2026-03-12 14:15:00-04:00,2.319999933242798,2.3499999046325684,2.319999933242798,2.3299999237060547,416773,0.0,0.0
2026-03-12 14:20:00-04:00,2.319999933242798,2.325000047683716,2.313999891281128,2.325000047683716,47200,0.0,0.0
2026-03-12 14:25:00-04:00,2.319999933242798,2.339900016784668,2.315000057220459,2.3350000381469727,156515,0.0,0.0
2026-03-12 14:30:00-04:00,2.3299999237060547,2.3450000286102295,2.319999933242798,2.3450000286102295,299427,0.0,0.0
2026-03-12 14:35:00-04:00,2.3450000286102295,2.384999990463257,2.3450000286102295,2.384999990463257,453787,0.0,0.0
2026-03-12 14:40:00-04:00,2.384999990463257,2.3949999809265137,2.369999885559082,2.380000114440918,269020,0.0,0.0
2026-03-12 14:45:00-04:00,2.390000104904175,2.390000104904175,2.3801000118255615,2.384999990463257,99991,0.0,0.0
2026-03-12 14:50:00-04:00,2.384999990463257,2.4200000762939453,2.384999990463257,2.4149999618530273,335270,0.0,0.0
2026-03-12 14:55:00-04:00,2.4149999618530273,2.430000066757202,2.4100000858306885,2.430000066757202,399999,0.0,0.0
2026-03-12 15:00:00-04:00,2.430000066757202,2.440000057220459,2.4100000858306885,2.4149999618530273,247008,0.0,0.0
2026-03-12 15:05:00-04:00,2.410099983215332,2.4200000762939453,2.380000114440918,2.3910000324249268,325870,0.0,0.0
2026-03-12 15:10:00-04:00,2.390000104904175,2.4000000953674316,2.3515000343322754,2.3550000190734863,312080,0.0,0.0
2026-03-12 15:15:00-04:00,2.3550000190734863,2.369999885559082,2.3550000190734863,2.359999895095825,114351,0.0,0.0
2026-03-12 15:20:00-04:00,2.369999885559082,2.369999885559082,2.359999895095825,2.365000009536743,46654,0.0,0.0
2026-03-12 15:25:00-04:00,2.365000009536743,2.380000114440918,2.309999942779541,2.3194000720977783,636081,0.0,0.0
2026-03-12 15:30:00-04:00,2.319000005722046,2.329900026321411,2.309999942779541,2.319999933242798,111276,0.0,0.0
2026-03-12 15:35:00-04:00,2.325000047683716,2.3299999237060547,2.319999933242798,2.325000047683716,94270,0.0,0.0
2026-03-12 15:40:00-04:00,2.3299999237060547,2.3499999046325684,2.319999933242798,2.3450000286102295,424014,0.0,0.0
2026-03-12 15:45:00-04:00,2.3399999141693115,2.359999895095825,2.3299999237060547,2.3598999977111816,210098,0.0,0.0
2026-03-12 15:50:00-04:00,2.3550000190734863,2.369999885559082,2.3399999141693115,2.3489999771118164,329507,0.0,0.0
2026-03-12 15:55:00-04:00,2.3450000286102295,2.3499999046325684,2.3315999507904053,2.3450000286102295,517724,0.0,0.0
2026-03-13 09:30:00-04:00,2.450000047683716,2.5399999618530273,2.450000047683716,2.5250000953674316,1275864,0.0,0.0
2026-03-13 09:35:00-04:00,2.5250000953674316,2.5450000762939453,2.450000047683716,2.5250000953674316,979034,0.0,0.0
2026-03-13 09:40:00-04:00,2.5283000469207764,2.5299999713897705,2.4700000286102295,2.494999885559082,424720,0.0,0.0
2026-03-13 09:45:00-04:00,2.4900999069213867,2.5,2.4700000286102295,2.4800000190734863,191142,0.0,0.0
2026-03-13 09:50:00-04:00,2.484999895095825,2.545099973678589,2.484999895095825,2.545099973678589,364650,0.0,0.0
2026-03-13 09:55:00-04:00,2.5399999618530273,2.5699000358581543,2.5250000953674316,2.5299999713897705,538198,0.0,0.0
2026-03-13 10:00:00-04:00,2.5299999713897705,2.569999933242798,2.5250000953674316,2.555000066757202,368227,0.0,0.0
2026-03-13 10:05:00-04:00,2.555000066757202,2.565000057220459,2.5299999713897705,2.565000057220459,361407,0.0,0.0
2026-03-13 10:10:00-04:00,2.565000057220459,2.630000114440918,2.565000057220459,2.619999885559082,792945,0.0,0.0
2026-03-13 10:15:00-04:00,2.6198999881744385,2.6489999294281006,2.5999999046325684,2.634999990463257,369511,0.0,0.0
2026-03-13 10:20:00-04:00,2.6301000118255615,2.6600000858306885,2.619999885559082,2.634999990463257,435631,0.0,0.0
2026-03-13 10:25:00-04:00,2.640000104904175,2.6700000762939453,2.630000114440918,2.6600000858306885,346990,0.0,0.0
2026-03-13 10:30:00-04:00,2.6549999713897705,2.6700000762939453,2.6449999809265137,2.6498000621795654,222736,0.0,0.0
2026-03-13 10:35:00-04:00,2.6449999809265137,2.6600000858306885,2.634999990463257,2.6449999809265137,249390,0.0,0.0
2026-03-13 10:40:00-04:00,2.6449999809265137,2.648900032043457,2.5799999237060547,2.5850000381469727,402959,0.0,0.0
2026-03-13 10:45:00-04:00,2.5899999141693115,2.5999999046325684,2.5625,2.5625,243366,0.0,0.0
2026-03-13 10:50:00-04:00,2.565000057220459,2.569999933242798,2.5199999809265137,2.5350000858306885,318063,0.0,0.0
2026-03-13 10:55:00-04:00,2.5350000858306885,2.5399999618530273,2.515000104904175,2.5202999114990234,200275,0.0,0.0
2026-03-13 11:00:00-04:00,2.5250000953674316,2.5399999618530273,2.515000104904175,2.5399999618530273,190777,0.0,0.0
2026-03-13 11:05:00-04:00,2.5399999618530273,2.549999952316284,2.5250000953674316,2.5399999618530273,179906,0.0,0.0
2026-03-13 11:10:00-04:00,2.549999952316284,2.5899999141693115,2.5450000762939453,2.589900016784668,196542,0.0,0.0
2026-03-13 11:15:00-04:00,2.5899999141693115,2.5899999141693115,2.559999942779541,2.575000047683716,194866,0.0,0.0
2026-03-13 11:20:00-04:00,2.579699993133545,2.579699993133545,2.549999952316284,2.554500102996826,233986,0.0,0.0
2026-03-13 11:25:00-04:00,2.5541000366210938,2.5799999237060547,2.509999990463257,2.5199999809265137,223288,0.0,0.0
2026-03-13 11:30:00-04:00,2.5199999809265137,2.5199999809265137,2.4700000286102295,2.484999895095825,377153,0.0,0.0
2026-03-13 11:35:00-04:00,2.4899001121520996,2.5,2.4700000286102295,2.5,192233,0.0,0.0
2026-03-13 11:40:00-04:00,2.490000009536743,2.490000009536743,2.4600000381469727,2.4649999141693115,205401,0.0,0.0
2026-03-13 11:45:00-04:00,2.4600000381469727,2.4800000190734863,2.450000047683716,2.4649999141693115,110729,0.0,0.0
2026-03-13 11:50:00-04:00,2.4649999141693115,2.4700000286102295,2.444999933242798,2.4511001110076904,178691,0.0,0.0
2026-03-13 11:55:00-04:00,2.45989990234375,2.4600000381469727,2.440000057220459,2.444999933242798,69073,0.0,0.0
2026-03-13 12:00:00-04:00,2.444999933242798,2.4800000190734863,2.444999933242798,2.450000047683716,249157,0.0,0.0
2026-03-13 12:05:00-04:00,2.450000047683716,2.450000047683716,2.4100000858306885,2.4100000858306885,237054,0.0,0.0
2026-03-13 12:10:00-04:00,2.4149999618530273,2.430000066757202,2.4100000858306885,2.414099931716919,79457,0.0,0.0
2026-03-13 12:15:00-04:00,2.4200000762939453,2.430000066757202,2.410099983215332,2.424999952316284,62610,0.0,0.0
2026-03-13 12:20:00-04:00,2.424999952316284,2.440000057220459,2.4149999618530273,2.4149999618530273,110586,0.0,0.0
2026-03-13 12:25:00-04:00,2.4149999618530273,2.4200000762939453,2.4049999713897705,2.4100000858306885,98126,0.0,0.0
2026-03-13 12:30:00-04:00,2.4149999618530273,2.440000057220459,2.4100000858306885,2.434999942779541,74438,0.0,0.0
2026-03-13 12:35:00-04:00,2.440000057220459,2.450000047683716,2.4200000762939453,2.4200000762939453,112433,0.0,0.0
2026-03-13 12:40:00-04:00,2.424999952316284,2.4398999214172363,2.4200000762939453,2.434999942779541,29059,0.0,0.0
2026-03-13 12:45:00-04:00,2.430000066757202,2.4398999214172363,2.4200000762939453,2.434999942779541,63505,0.0,0.0
2026-03-13 12:50:00-04:00,2.43969988822937,2.4700000286102295,2.43969988822937,2.4700000286102295,113180,0.0,0.0
2026-03-13 12:55:00-04:00,2.4600000381469727,2.4749999046325684,2.450000047683716,2.4600000381469727,140379,0.0,0.0
2026-03-13 13:00:00-04:00,2.4600000381469727,2.4649999141693115,2.450000047683716,2.460099935531616,57317,0.0,0.0
2026-03-13 13:05:00-04:00,2.4649999141693115,2.4649999141693115,2.4500999450683594,2.4500999450683594,123136,0.0,0.0
2026-03-13 13:10:00-04:00,2.4549999237060547,2.4800000190734863,2.450000047683716,2.470099925994873,51084,0.0,0.0
2026-03-13 13:15:00-04:00,2.4749999046325684,2.490000009536743,2.4649999141693115,2.469899892807007,248213,0.0,0.0
2026-03-13 13:20:00-04:00,2.4700000286102295,2.4800000190734863,2.4649999141693115,2.4749999046325684,62584,0.0,0.0
2026-03-13 13:25:00-04:00,2.4749999046325684,2.4749999046325684,2.4600000381469727,2.4649999141693115,25318,0.0,0.0
2026-03-13 13:30:00-04:00,2.4649999141693115,2.4798998832702637,2.4600000381469727,2.4649999141693115,59508,0.0,0.0
2026-03-13 13:35:00-04:00,2.4649999141693115,2.469899892807007,2.450000047683716,2.45989990234375,57361,0.0,0.0
2026-03-13 13:40:00-04:00,2.4549999237060547,2.4600000381469727,2.450000047683716,2.4549999237060547,34222,0.0,0.0
2026-03-13 13:45:00-04:00,2.4549999237060547,2.4549999237060547,2.440000057220459,2.4400999546051025,89905,0.0,0.0
2026-03-13 13:50:00-04:00,2.444999933242798,2.4600000381469727,2.4400999546051025,2.4549999237060547,32150,0.0,0.0
2026-03-13 13:55:00-04:00,2.45989990234375,2.4700000286102295,2.4500999450683594,2.4649999141693115,135348,0.0,0.0
2026-03-13 14:00:00-04:00,2.469599962234497,2.4800000190734863,2.450000047683716,2.4649999141693115,147736,0.0,0.0
2026-03-13 14:05:00-04:00,2.4649999141693115,2.4800000190734863,2.4649999141693115,2.4700000286102295,22633,0.0,0.0
2026-03-13 14:10:00-04:00,2.4749999046325684,2.4800000190734863,2.4500999450683594,2.469899892807007,61786,0.0,0.0
2026-03-13 14:15:00-04:00,2.4649999141693115,2.4684998989105225,2.450000047683716,2.4549999237060547,39641,0.0,0.0
2026-03-13 14:20:00-04:00,2.4500999450683594,2.4600000381469727,2.450000047683716,2.4549999237060547,33704,0.0,0.0
2026-03-13 14:25:00-04:00,2.4549999237060547,2.4674999713897705,2.4200000762939453,2.424999952316284,139895,0.0,0.0
2026-03-13 14:30:00-04:00,2.426100015640259,2.440000057220459,2.426100015640259,2.440000057220459,44525,0.0,0.0
2026-03-13 14:35:00-04:00,2.434999942779541,2.450000047683716,2.434999942779541,2.4400999546051025,93664,0.0,0.0
2026-03-13 14:40:00-04:00,2.440200090408325,2.450000047683716,2.4300999641418457,2.4300999641418457,63120,0.0,0.0
2026-03-13 14:45:00-04:00,2.434999942779541,2.440000057220459,2.430000066757202,2.440000057220459,9304,0.0,0.0
2026-03-13 14:50:00-04:00,2.434999942779541,2.440000057220459,2.430299997329712,2.434999942779541,35615,0.0,0.0
2026-03-13 14:55:00-04:00,2.434999942779541,2.440000057220459,2.430000066757202,2.434999942779541,37746,0.0,0.0
2026-03-13 15:00:00-04:00,2.434999942779541,2.434999942779541,2.4200000762939453,2.4200000762939453,95536,0.0,0.0
2026-03-13 15:05:00-04:00,2.4200000762939453,2.440000057220459,2.4149999618530273,2.434999942779541,224608,0.0,0.0
2026-03-13 15:10:00-04:00,2.434999942779541,2.440000057220459,2.430000066757202,2.440000057220459,65195,0.0,0.0
2026-03-13 15:15:00-04:00,2.434999942779541,2.440000057220459,2.430000066757202,2.430000066757202,61912,0.0,0.0
2026-03-13 15:20:00-04:00,2.440000057220459,2.440000057220459,2.4200000762939453,2.424999952316284,66013,0.0,0.0
2026-03-13 15:25:00-04:00,2.4200000762939453,2.422499895095825,2.4100000858306885,2.4149999618530273,51780,0.0,0.0
2026-03-13 15:30:00-04:00,2.4100000858306885,2.4198999404907227,2.4100000858306885,2.4149999618530273,32612,0.0,0.0
2026-03-13 15:35:00-04:00,2.4149999618530273,2.4298999309539795,2.4100000858306885,2.424999952316284,74361,0.0,0.0
2026-03-13 15:40:00-04:00,2.430000066757202,2.440000057220459,2.4200000762939453,2.440000057220459,131729,0.0,0.0
2026-03-13 15:45:00-04:00,2.440000057220459,2.4498000144958496,2.430000066757202,2.437999963760376,107686,0.0,0.0
2026-03-13 15:50:00-04:00,2.434999942779541,2.4600000381469727,2.420099973678589,2.4549999237060547,328767,0.0,0.0
2026-03-13 15:55:00-04:00,2.4600000381469727,2.4800000190734863,2.4549999237060547,2.4800000190734863,401635,0.0,0.0
2026-03-16 09:30:00-04:00,2.509999990463257,2.6700000762939453,2.502000093460083,2.559999942779541,955844,0.0,0.0
2026-03-16 09:35:00-04:00,2.565000057220459,2.5799999237060547,2.5299999713897705,2.5450000762939453,223729,0.0,0.0
2026-03-16 09:40:00-04:00,2.5399999618530273,2.555999994277954,2.5199999809265137,2.549999952316284,406517,0.0,0.0
2026-03-16 09:45:00-04:00,2.5499000549316406,2.549999952316284,2.509999990463257,2.5250000953674316,77810,0.0,0.0
2026-03-16 09:50:00-04:00,2.5250000953674316,2.549999952316284,2.5123000144958496,2.5399999618530273,48085,0.0,0.0
2026-03-16 09:55:00-04:00,2.5350000858306885,2.5350000858306885,2.511199951171875,2.5299999713897705,54245,0.0,0.0
2026-03-16 10:00:00-04:00,2.5350000858306885,2.572999954223633,2.530100107192993,2.5450000762939453,74987,0.0,0.0
2026-03-16 10:05:00-04:00,2.5450000762939453,2.589900016784668,2.5399999618530273,2.5773000717163086,142618,0.0,0.0
2026-03-16 10:10:00-04:00,2.575000047683716,2.5799999237060547,2.509999990463257,2.513200044631958,56980,0.0,0.0
2026-03-16 10:15:00-04:00,2.515000104904175,2.515000104904175,2.4600000381469727,2.494999885559082,313855,0.0,0.0
2026-03-16 10:20:00-04:00,2.4900999069213867,2.505000114440918,2.4744999408721924,2.4749999046325684,110966,0.0,0.0
2026-03-16 10:25:00-04:00,2.4700000286102295,2.490000009536743,2.4700000286102295,2.4749999046325684,68606,0.0,0.0
2026-03-16 10:30:00-04:00,2.470099925994873,2.4883999824523926,2.450000047683716,2.450000047683716,102420,0.0,0.0
2026-03-16 10:35:00-04:00,2.4549999237060547,2.4649999141693115,2.430000066757202,2.444999933242798,154016,0.0,0.0
2026-03-16 10:40:00-04:00,2.450000047683716,2.4600000381469727,2.430000066757202,2.434999942779541,107704,0.0,0.0
2026-03-16 10:45:00-04:00,2.440000057220459,2.440000057220459,2.359999895095825,2.371000051498413,713374,0.0,0.0
2026-03-16 10:50:00-04:00,2.369999885559082,2.390000104904175,2.360100030899048,2.360100030899048,112169,0.0,0.0
2026-03-16 10:55:00-04:00,2.365000009536743,2.390000104904175,2.3499999046325684,2.390000104904175,345650,0.0,0.0
2026-03-16 11:00:00-04:00,2.384999990463257,2.4200000762939453,2.384999990463257,2.4149999618530273,169376,0.0,0.0
2026-03-16 11:05:00-04:00,2.4149999618530273,2.430000066757202,2.4010000228881836,2.4149999618530273,132457,0.0,0.0
2026-03-16 11:10:00-04:00,2.4149999618530273,2.4200000762939453,2.4000000953674316,2.409899950027466,68375,0.0,0.0
2026-03-16 11:15:00-04:00,2.4100000858306885,2.4168999195098877,2.4000000953674316,2.4100000858306885,118785,0.0,0.0
2026-03-16 11:20:00-04:00,2.4100000858306885,2.4100000858306885,2.380000114440918,2.390199899673462,82522,0.0,0.0
2026-03-16 11:25:00-04:00,2.3949999809265137,2.4000000953674316,2.3801000118255615,2.3801000118255615,26966,0.0,0.0
2026-03-16 11:30:00-04:00,2.380000114440918,2.4049999713897705,2.380000114440918,2.3949999809265137,78783,0.0,0.0
2026-03-16 11:35:00-04:00,2.3949999809265137,2.3949999809265137,2.369999885559082,2.375,217968,0.0,0.0
2026-03-16 11:40:00-04:00,2.375,2.390000104904175,2.375,2.3828999996185303,69254,0.0,0.0
2026-03-16 11:45:00-04:00,2.384999990463257,2.390000104904175,2.375,2.390000104904175,35910,0.0,0.0
2026-03-16 11:50:00-04:00,2.384999990463257,2.390000104904175,2.380000114440918,2.380000114440918,60647,0.0,0.0
2026-03-16 11:55:00-04:00,2.380000114440918,2.380000114440918,2.359999895095825,2.365000009536743,51982,0.0,0.0
2026-03-16 12:00:00-04:00,2.359999895095825,2.369999885559082,2.359999895095825,2.359999895095825,41115,0.0,0.0
2026-03-16 12:05:00-04:00,2.365000009536743,2.369999885559082,2.3499999046325684,2.3550000190734863,23355,0.0,0.0
2026-03-16 12:10:00-04:00,2.3554000854492188,2.369999885559082,2.3550000190734863,2.360100030899048,48167,0.0,0.0
2026-03-16 12:15:00-04:00,2.359999895095825,2.359999895095825,2.3399999141693115,2.3550000190734863,135538,0.0,0.0
2026-03-16 12:20:00-04:00,2.3550000190734863,2.359999895095825,2.3499999046325684,2.3550000190734863,17925,0.0,0.0
2026-03-16 12:25:00-04:00,2.3550000190734863,2.369999885559082,2.3550000190734863,2.365000009536743,35515,0.0,0.0
2026-03-16 12:30:00-04:00,2.359999895095825,2.369999885559082,2.3550000190734863,2.3698999881744385,61828,0.0,0.0
2026-03-16 12:35:00-04:00,2.365000009536743,2.3924999237060547,2.359999895095825,2.390000104904175,38260,0.0,0.0
2026-03-16 12:40:00-04:00,2.384999990463257,2.390000104904175,2.384999990463257,2.385499954223633,8563,0.0,0.0
2026-03-16 12:45:00-04:00,2.384999990463257,2.390000104904175,2.380000114440918,2.384999990463257,14552,0.0,0.0
2026-03-16 12:50:00-04:00,2.380000114440918,2.388700008392334,2.380000114440918,2.380000114440918,16433,0.0,0.0
2026-03-16 12:55:00-04:00,2.384999990463257,2.385999917984009,2.369999885559082,2.3750998973846436,19828,0.0,0.0
2026-03-16 13:00:00-04:00,2.3798999786376953,2.384999990463257,2.369999885559082,2.375,45815,0.0,0.0
2026-03-16 13:05:00-04:00,2.3798999786376953,2.380000114440918,2.360100030899048,2.365000009536743,2835384,0.0,0.0
2026-03-16 13:10:00-04:00,2.365000009536743,2.375,2.365000009536743,2.375,0,0.0,0.0
2026-03-16 13:15:00-04:00,2.375,2.375,2.350100040435791,2.365000009536743,50834,0.0,0.0
2026-03-16 13:20:00-04:00,2.365000009536743,2.380000114440918,2.3550000190734863,2.3701000213623047,65593,0.0,0.0
2026-03-16 13:25:00-04:00,2.375,2.389899969100952,2.375,2.380000114440918,20028,0.0,0.0
2026-03-16 13:30:00-04:00,2.375999927520752,2.390000104904175,2.369999885559082,2.369999885559082,38596,0.0,0.0
2026-03-16 13:35:00-04:00,2.380000114440918,2.380000114440918,2.365000009536743,2.365000009536743,14318,0.0,0.0
2026-03-16 13:40:00-04:00,2.360100030899048,2.365999937057495,2.3550000190734863,2.359999895095825,27389,0.0,0.0
2026-03-16 13:45:00-04:00,2.359999895095825,2.369999885559082,2.3499999046325684,2.3550000190734863,33891,0.0,0.0
2026-03-16 13:50:00-04:00,2.3499999046325684,2.365000009536743,2.3499999046325684,2.3499999046325684,36281,0.0,0.0
2026-03-16 13:55:00-04:00,2.3519999980926514,2.3519999980926514,2.3301000595092773,2.3350000381469727,111158,0.0,0.0
2026-03-16 14:00:00-04:00,2.3350000381469727,2.3399999141693115,2.3299999237060547,2.3299999237060547,30857,0.0,0.0
2026-03-16 14:05:00-04:00,2.3399999141693115,2.3450000286102295,2.3299999237060547,2.3450000286102295,50844,0.0,0.0
2026-03-16 14:10:00-04:00,2.3499999046325684,2.3499999046325684,2.3399999141693115,2.3450000286102295,56017,0.0,0.0
2026-03-16 14:15:00-04:00,2.3450000286102295,2.359999895095825,2.3399999141693115,2.359999895095825,19898,0.0,0.0
2026-03-16 14:20:00-04:00,2.3540000915527344,2.369999885559082,2.350100040435791,2.365000009536743,58697,0.0,0.0
2026-03-16 14:25:00-04:00,2.365000009536743,2.3698999881744385,2.359999895095825,2.365000009536743,14949,0.0,0.0
2026-03-16 14:30:00-04:00,2.36680006980896,2.36680006980896,2.3499999046325684,2.3499999046325684,68318,0.0,0.0
2026-03-16 14:35:00-04:00,2.3550000190734863,2.3550000190734863,2.3450000286102295,2.3499999046325684,32964,0.0,0.0
2026-03-16 14:40:00-04:00,2.3598999977111816,2.359999895095825,2.3545000553131104,2.3550000190734863,10417,0.0,0.0
2026-03-16 14:45:00-04:00,2.3550000190734863,2.3550000190734863,2.3499999046325684,2.3550000190734863,11353,0.0,0.0
2026-03-16 14:50:00-04:00,2.3550000190734863,2.3598999977111816,2.3399999141693115,2.3499999046325684,23715,0.0,0.0
2026-03-16 14:55:00-04:00,2.3399999141693115,2.3499999046325684,2.3399999141693115,2.3450000286102295,87105,0.0,0.0
2026-03-16 15:00:00-04:00,2.3450000286102295,2.359999895095825,2.3399999141693115,2.3399999141693115,74388,0.0,0.0
2026-03-16 15:05:00-04:00,2.3403000831604004,2.3499999046325684,2.3399999141693115,2.3450000286102295,23433,0.0,0.0
2026-03-16 15:10:00-04:00,2.3450000286102295,2.3550000190734863,2.3350000381469727,2.3350000381469727,44482,0.0,0.0
2026-03-16 15:15:00-04:00,2.3299999237060547,2.349900007247925,2.3299999237060547,2.3350000381469727,55480,0.0,0.0
2026-03-16 15:20:00-04:00,2.3399999141693115,2.3399999141693115,2.3299999237060547,2.3350000381469727,24224,0.0,0.0
2026-03-16 15:25:00-04:00,2.3299999237060547,2.3303000926971436,2.309999942779541,2.3199000358581543,98108,0.0,0.0
2026-03-16 15:30:00-04:00,2.315000057220459,2.359999895095825,2.315000057220459,2.325000047683716,368874,0.0,0.0
2026-03-16 15:35:00-04:00,2.325000047683716,2.329900026321411,2.319999933242798,2.319999933242798,32706,0.0,0.0
2026-03-16 15:40:00-04:00,2.325000047683716,2.339900016784668,2.325000047683716,2.3350000381469727,75117,0.0,0.0
2026-03-16 15:45:00-04:00,2.3399999141693115,2.3450000286102295,2.3299999237060547,2.3399999141693115,60185,0.0,0.0
2026-03-16 15:50:00-04:00,2.3499999046325684,2.359999895095825,2.3299999237060547,2.3299999237060547,110898,0.0,0.0
2026-03-16 15:55:00-04:00,2.3299999237060547,2.3399999141693115,2.325000047683716,2.3350000381469727,3868691,0.0,0.0
2026-03-17 09:30:00-04:00,2.450000047683716,2.559999942779541,2.440000057220459,2.4600000381469727,850599,0.0,0.0
2026-03-17 09:35:00-04:00,2.4649999141693115,2.484999895095825,2.4100000858306885,2.440000057220459,161199,0.0,0.0
2026-03-17 09:40:00-04:00,2.430000066757202,2.440000057220459,2.4000000953674316,2.4049999713897705,84264,0.0,0.0
2026-03-17 09:45:00-04:00,2.4010000228881836,2.406100034713745,2.3801000118255615,2.3949999809265137,175014,0.0,0.0
2026-03-17 09:50:00-04:00,2.3949999809265137,2.3949999809265137,2.3299999237060547,2.375999927520752,151408,0.0,0.0
2026-03-17 09:55:00-04:00,2.375,2.4198999404907227,2.375,2.4149999618530273,221298,0.0,0.0
2026-03-17 10:00:00-04:00,2.4149999618530273,2.5250000953674316,2.4100000858306885,2.5199999809265137,215608,0.0,0.0
2026-03-17 10:05:00-04:00,2.5199999809265137,2.530100107192993,2.5,2.509999990463257,437016,0.0,0.0
2026-03-17 10:10:00-04:00,2.505000114440918,2.5250000953674316,2.505000114440918,2.515000104904175,91521,0.0,0.0
2026-03-17 10:15:00-04:00,2.509999990463257,2.549999952316284,2.505000114440918,2.5450000762939453,271541,0.0,0.0
2026-03-17 10:20:00-04:00,2.5499000549316406,2.609999895095825,2.530100107192993,2.609999895095825,249295,0.0,0.0
2026-03-17 10:25:00-04:00,2.600100040435791,2.6050000190734863,2.5450000762939453,2.565000057220459,297306,0.0,0.0
2026-03-17 10:30:00-04:00,2.565000057220459,2.5959999561309814,2.555000066757202,2.5850000381469727,185704,0.0,0.0
2026-03-17 10:35:00-04:00,2.5850000381469727,2.5850000381469727,2.5409998893737793,2.555000066757202,155277,0.0,0.0
2026-03-17 10:40:00-04:00,2.555000066757202,2.579900026321411,2.54010009765625,2.575000047683716,118062,0.0,0.0
2026-03-17 10:45:00-04:00,2.569999933242798,2.609999895095825,2.5399999618530273,2.6050000190734863,290352,0.0,0.0
2026-03-17 10:50:00-04:00,2.6050000190734863,2.630000114440918,2.569999933242798,2.5850000381469727,2455032,0.0,0.0
2026-03-17 10:55:00-04:00,2.5876998901367188,2.5999999046325684,2.581899881362915,2.5985000133514404,0,0.0,0.0
2026-03-17 11:00:00-04:00,2.590100049972534,2.619999885559082,2.590100049972534,2.6050000190734863,233851,0.0,0.0
2026-03-17 11:05:00-04:00,2.600100040435791,2.628000020980835,2.5899999141693115,2.5950000286102295,256168,0.0,0.0
2026-03-17 11:10:00-04:00,2.5950000286102295,2.609999895095825,2.5931999683380127,2.5999999046325684,73781,0.0,0.0
2026-03-17 11:15:00-04:00,2.5999999046325684,2.640000104904175,2.5899999141693115,2.640000104904175,266816,0.0,0.0
2026-03-17 11:20:00-04:00,2.639899969100952,2.659899950027466,2.630000114440918,2.6598000526428223,211473,0.0,0.0
2026-03-17 11:25:00-04:00,2.6549999713897705,2.6600000858306885,2.640000104904175,2.6454999446868896,358766,0.0,0.0
2026-03-17 11:30:00-04:00,2.6449999809265137,2.6549999713897705,2.6301000118255615,2.639899969100952,93981,0.0,0.0
2026-03-17 11:35:00-04:00,2.6301000118255615,2.6389000415802,2.615000009536743,2.6301000118255615,70628,0.0,0.0
2026-03-17 11:40:00-04:00,2.634999990463257,2.649899959564209,2.630000114440918,2.649899959564209,49799,0.0,0.0
2026-03-17 11:45:00-04:00,2.6500000953674316,2.6700000762939453,2.6480000019073486,2.6549999713897705,105997,0.0,0.0
2026-03-17 11:50:00-04:00,2.651400089263916,2.6600000858306885,2.640000104904175,2.6449999809265137,70775,0.0,0.0
2026-03-17 11:55:00-04:00,2.6449999809265137,2.6500000953674316,2.640000104904175,2.6449999809265137,57799,0.0,0.0
2026-03-17 12:00:00-04:00,2.649600028991699,2.6700000762939453,2.6449999809265137,2.6649999618530273,76886,0.0,0.0
2026-03-17 12:05:00-04:00,2.6649999618530273,2.680000066757202,2.650099992752075,2.680000066757202,126292,0.0,0.0
2026-03-17 12:10:00-04:00,2.6851999759674072,2.700000047683716,2.680000066757202,2.680000066757202,138874,0.0,0.0
2026-03-17 12:15:00-04:00,2.690000057220459,2.7200000286102295,2.680000066757202,2.7149999141693115,3394547,0.0,0.0
2026-03-17 12:20:00-04:00,2.719899892807007,2.7200000286102295,2.7100000381469727,2.7100000381469727,0,0.0,0.0
2026-03-17 12:25:00-04:00,2.7100000381469727,2.7149999141693115,2.6700000762939453,2.674999952316284,330203,0.0,0.0
2026-03-17 12:30:00-04:00,2.6798999309539795,2.680000066757202,2.6700000762939453,2.6700000762939453,42489,0.0,0.0
2026-03-17 12:35:00-04:00,2.674999952316284,2.680000066757202,2.650099992752075,2.6700000762939453,124803,0.0,0.0
2026-03-17 12:40:00-04:00,2.6603000164031982,2.6700000762939453,2.619999885559082,2.625,183562,0.0,0.0
2026-03-17 12:45:00-04:00,2.619999885559082,2.640000104904175,2.5899999141693115,2.595099925994873,318521,0.0,0.0
2026-03-17 12:50:00-04:00,2.5899999141693115,2.5999999046325684,2.559999942779541,2.5850000381469727,314430,0.0,0.0
2026-03-17 12:55:00-04:00,2.5850000381469727,2.5899999141693115,2.559999942779541,2.565000057220459,122768,0.0,0.0
2026-03-17 13:00:00-04:00,2.565000057220459,2.5799999237060547,2.5399999618530273,2.5799999237060547,191545,0.0,0.0
2026-03-17 13:05:00-04:00,2.5850000381469727,2.609999895095825,2.5838000774383545,2.609999895095825,149622,0.0,0.0
2026-03-17 13:10:00-04:00,2.609999895095825,2.609999895095825,2.5899999141693115,2.5999999046325684,50979,0.0,0.0
2026-03-17 13:15:00-04:00,2.6015000343322754,2.615000009536743,2.6015000343322754,2.6050000190734863,36718,0.0,0.0
2026-03-17 13:20:00-04:00,2.6050000190734863,2.6098999977111816,2.5950000286102295,2.6001999378204346,41416,0.0,0.0
2026-03-17 13:25:00-04:00,2.6050000190734863,2.6050000190734863,2.5799999237060547,2.5801000595092773,59684,0.0,0.0
2026-03-17 13:30:00-04:00,2.5799999237060547,2.5899999141693115,2.5739998817443848,2.575000047683716,83695,0.0,0.0
2026-03-17 13:35:00-04:00,2.575000047683716,2.5899999141693115,2.569999933242798,2.5799999237060547,23234,0.0,0.0
2026-03-17 13:40:00-04:00,2.5840001106262207,2.5899999141693115,2.575000047683716,2.575000047683716,37195,0.0,0.0
2026-03-17 13:45:00-04:00,2.5797998905181885,2.5799999237060547,2.569999933242798,2.575000047683716,38517,0.0,0.0
2026-03-17 13:50:00-04:00,2.575000047683716,2.5799999237060547,2.569999933242798,2.575000047683716,77633,0.0,0.0
2026-03-17 13:55:00-04:00,2.575000047683716,2.5899999141693115,2.575000047683716,2.5850000381469727,54124,0.0,0.0
2026-03-17 14:00:00-04:00,2.5899999141693115,2.5999999046325684,2.5799999237060547,2.5980000495910645,17326,0.0,0.0
2026-03-17 14:05:00-04:00,2.5950000286102295,2.5950000286102295,2.5799999237060547,2.5799999237060547,26336,0.0,0.0
2026-03-17 14:10:00-04:00,2.5850000381469727,2.5850000381469727,2.569999933242798,2.579900026321411,36879,0.0,0.0
2026-03-17 14:15:00-04:00,2.575000047683716,2.5899999141693115,2.569999933242798,2.5899999141693115,68132,0.0,0.0
2026-03-17 14:20:00-04:00,2.5850000381469727,2.5850000381469727,2.569999933242798,2.569999933242798,37927,0.0,0.0
2026-03-17 14:25:00-04:00,2.579900026321411,2.579900026321411,2.549999952316284,2.549999952316284,39008,0.0,0.0
2026-03-17 14:30:00-04:00,2.549999952316284,2.555999994277954,2.5199999809265137,2.539900064468384,191584,0.0,0.0
2026-03-17 14:35:00-04:00,2.5399999618530273,2.5399999618530273,2.5299999713897705,2.539799928665161,33061,0.0,0.0
2026-03-17 14:40:00-04:00,2.5399999618530273,2.5450000762939453,2.539900064468384,2.5399999618530273,16034,0.0,0.0
2026-03-17 14:45:00-04:00,2.5450000762939453,2.5450000762939453,2.5299999713897705,2.5390000343322754,100401,0.0,0.0
2026-03-17 14:50:00-04:00,2.5350000858306885,2.5499000549316406,2.5299999713897705,2.5464999675750732,36909,0.0,0.0
2026-03-17 14:55:00-04:00,2.5399999618530273,2.549999952316284,2.5350000858306885,2.5399999618530273,45888,0.0,0.0
2026-03-17 15:00:00-04:00,2.5450000762939453,2.559999942779541,2.5399999618530273,2.5450000762939453,46878,0.0,0.0
2026-03-17 15:05:00-04:00,2.5439999103546143,2.549999952316284,2.5299999713897705,2.5450000762939453,43601,0.0,0.0
2026-03-17 15:10:00-04:00,2.5450000762939453,2.555000066757202,2.5299999713897705,2.5350000858306885,44511,0.0,0.0
2026-03-17 15:15:00-04:00,2.5299999713897705,2.5350000858306885,2.509999990463257,2.5250000953674316,84149,0.0,0.0
2026-03-17 15:20:00-04:00,2.5250000953674316,2.5250000953674316,2.5,2.509999990463257,121321,0.0,0.0
2026-03-17 15:25:00-04:00,2.515000104904175,2.51990008354187,2.5,2.5023999214172363,30867,0.0,0.0
2026-03-17 15:30:00-04:00,2.505000114440918,2.5199999809265137,2.5,2.513200044631958,38792,0.0,0.0
2026-03-17 15:35:00-04:00,2.515000104904175,2.5199999809265137,2.509999990463257,2.509999990463257,39662,0.0,0.0
2026-03-17 15:40:00-04:00,2.515000104904175,2.5199999809265137,2.509999990463257,2.509999990463257,19626,0.0,0.0
2026-03-17 15:45:00-04:00,2.515000104904175,2.5199999809265137,2.4834001064300537,2.4834001064300537,467737,0.0,0.0
2026-03-17 15:50:00-04:00,2.4800000190734863,2.4800000190734863,2.4600000381469727,2.469899892807007,181585,0.0,0.0
2026-03-17 15:55:00-04:00,2.4600000381469727,2.4800000190734863,2.424999952316284,2.4600000381469727,769750,0.0,0.0
2026-03-18 09:30:00-04:00,2.5,2.559999942779541,2.4100000858306885,2.440000057220459,782005,0.0,0.0
2026-03-18 09:35:00-04:00,2.440000057220459,2.450000047683716,2.4149999618530273,2.434999942779541,146952,0.0,0.0
2026-03-18 09:40:00-04:00,2.434999942779541,2.449899911880493,2.4100000858306885,2.4149999618530273,91086,0.0,0.0
2026-03-18 09:45:00-04:00,2.4149999618530273,2.4200000762939453,2.3499999046325684,2.384999990463257,404021,0.0,0.0
2026-03-18 09:50:00-04:00,2.384999990463257,2.390000104904175,2.3499999046325684,2.365000009536743,243980,0.0,0.0
2026-03-18 09:55:00-04:00,2.365000009536743,2.390000104904175,2.3550000190734863,2.384999990463257,1067408,0.0,0.0
2026-03-18 10:00:00-04:00,2.384999990463257,2.390000104904175,2.365000009536743,2.380000114440918,273672,0.0,0.0
2026-03-18 10:05:00-04:00,2.375,2.390000104904175,2.369999885559082,2.375,0,0.0,0.0
2026-03-18 10:10:00-04:00,2.375,2.390000104904175,2.369999885559082,2.384999990463257,135276,0.0,0.0
2026-03-18 10:15:00-04:00,2.384999990463257,2.4000000953674316,2.380199909210205,2.3996999263763428,205054,0.0,0.0
2026-03-18 10:20:00-04:00,2.4000000953674316,2.4000000953674316,2.369999885559082,2.3798999786376953,156998,0.0,0.0
2026-03-18 10:25:00-04:00,2.380000114440918,2.390000104904175,2.359999895095825,2.365000009536743,88700,0.0,0.0
2026-03-18 10:30:00-04:00,2.365499973297119,2.365499973297119,2.3399999141693115,2.3450000286102295,129843,0.0,0.0
2026-03-18 10:35:00-04:00,2.3417999744415283,2.3499999046325684,2.319999933242798,2.3310000896453857,76868,0.0,0.0
2026-03-18 10:40:00-04:00,2.3320000171661377,2.3399999141693115,2.319999933242798,2.319999933242798,66714,0.0,0.0
2026-03-18 10:45:00-04:00,2.3294999599456787,2.3299999237060547,2.299999952316284,2.305000066757202,168983,0.0,0.0
2026-03-18 10:50:00-04:00,2.309999942779541,2.319999933242798,2.299999952316284,2.319999933242798,50111,0.0,0.0
2026-03-18 10:55:00-04:00,2.315000057220459,2.3359999656677246,2.309999942779541,2.329900026321411,74512,0.0,0.0
2026-03-18 11:00:00-04:00,2.325000047683716,2.339900016784668,2.3101000785827637,2.319999933242798,42796,0.0,0.0
2026-03-18 11:05:00-04:00,2.315000057220459,2.325000047683716,2.309999942779541,2.315000057220459,25510,0.0,0.0
2026-03-18 11:10:00-04:00,2.319999933242798,2.3299999237060547,2.309999942779541,2.309999942779541,157167,0.0,0.0
2026-03-18 11:15:00-04:00,2.319999933242798,2.3299999237060547,2.309999942779541,2.309999942779541,74207,0.0,0.0
2026-03-18 11:20:00-04:00,2.315000057220459,2.319999933242798,2.299999952316284,2.3099000453948975,134957,0.0,0.0
2026-03-18 11:25:00-04:00,2.309999942779541,2.309999942779541,2.299999952316284,2.305000066757202,45321,0.0,0.0
2026-03-18 11:30:00-04:00,2.305000066757202,2.319999933242798,2.3011999130249023,2.3187999725341797,43265,0.0,0.0
2026-03-18 11:35:00-04:00,2.315000057220459,2.3299999237060547,2.309999942779541,2.325000047683716,70319,0.0,0.0
2026-03-18 11:40:00-04:00,2.3299999237060547,2.3399999141693115,2.319999933242798,2.3399999141693115,44759,0.0,0.0
2026-03-18 11:45:00-04:00,2.3350000381469727,2.3399999141693115,2.319999933242798,2.325000047683716,45519,0.0,0.0
2026-03-18 11:50:00-04:00,2.325000047683716,2.3299999237060547,2.319999933242798,2.3299999237060547,18157,0.0,0.0
2026-03-18 11:55:00-04:00,2.319999933242798,2.3299999237060547,2.319999933242798,2.319999933242798,37298,0.0,0.0
2026-03-18 12:00:00-04:00,2.319999933242798,2.329900026321411,2.309999942779541,2.315000057220459,52537,0.0,0.0
2026-03-18 12:05:00-04:00,2.315000057220459,2.325000047683716,2.309999942779541,2.315000057220459,118645,0.0,0.0
2026-03-18 12:10:00-04:00,2.309999942779541,2.3299999237060547,2.309999942779541,2.3299999237060547,28636,0.0,0.0
2026-03-18 12:15:00-04:00,2.325000047683716,2.3299999237060547,2.3201000690460205,2.325000047683716,21683,0.0,0.0
2026-03-18 12:20:00-04:00,2.325000047683716,2.3450000286102295,2.325000047683716,2.3450000286102295,35643,0.0,0.0
2026-03-18 12:25:00-04:00,2.3450000286102295,2.3499999046325684,2.3399999141693115,2.3496999740600586,61331,0.0,0.0
2026-03-18 12:30:00-04:00,2.3499999046325684,2.359999895095825,2.3450000286102295,2.3550000190734863,52409,0.0,0.0
2026-03-18 12:35:00-04:00,2.3550000190734863,2.359999895095825,2.3399999141693115,2.3482000827789307,64909,0.0,0.0
2026-03-18 12:40:00-04:00,2.3450000286102295,2.349900007247925,2.3399999141693115,2.3399999141693115,18038,0.0,0.0
2026-03-18 12:45:00-04:00,2.3399999141693115,2.3499999046325684,2.3399999141693115,2.3406999111175537,23341,0.0,0.0
2026-03-18 12:50:00-04:00,2.3499999046325684,2.3499999046325684,2.3399999141693115,2.3399999141693115,9720,0.0,0.0
2026-03-18 12:55:00-04:00,2.3399999141693115,2.3450000286102295,2.305000066757202,2.315000057220459,288692,0.0,0.0
2026-03-18 13:00:00-04:00,2.315000057220459,2.315000057220459,2.299999952316284,2.309999942779541,2602862,0.0,0.0
2026-03-18 13:05:00-04:00,2.315000057220459,2.315000057220459,2.304500102996826,2.305000066757202,0,0.0,0.0
2026-03-18 13:10:00-04:00,2.305000066757202,2.309999942779541,2.299999952316284,2.304500102996826,76868,0.0,0.0
2026-03-18 13:15:00-04:00,2.299999952316284,2.3287999629974365,2.299999952316284,2.3287999629974365,202501,0.0,0.0
2026-03-18 13:20:00-04:00,2.319999933242798,2.3299999237060547,2.319999933242798,2.3299999237060547,15396,0.0,0.0
2026-03-18 13:25:00-04:00,2.3299999237060547,2.3399999141693115,2.325000047683716,2.3350000381469727,35791,0.0,0.0
2026-03-18 13:30:00-04:00,2.3350000381469727,2.3499999046325684,2.3350000381469727,2.3450000286102295,17908,0.0,0.0
2026-03-18 13:35:00-04:00,2.3450000286102295,2.3499999046325684,2.3399999141693115,2.3475000858306885,12373,0.0,0.0
2026-03-18 13:40:00-04:00,2.3480000495910645,2.3499999046325684,2.3201000690460205,2.325000047683716,135931,0.0,0.0
2026-03-18 13:45:00-04:00,2.325000047683716,2.3299999237060547,2.320199966430664,2.329900026321411,13284,0.0,0.0
2026-03-18 13:50:00-04:00,2.325000047683716,2.3299999237060547,2.319999933242798,2.3299999237060547,13016,0.0,0.0
2026-03-18 13:55:00-04:00,2.3201000690460205,2.3299999237060547,2.319999933242798,2.325000047683716,28023,0.0,0.0
2026-03-18 14:00:00-04:00,2.325000047683716,2.3299999237060547,2.319999933242798,2.319999933242798,25312,0.0,0.0
2026-03-18 14:05:00-04:00,2.325000047683716,2.3299999237060547,2.319999933242798,2.319999933242798,39292,0.0,0.0
2026-03-18 14:10:00-04:00,2.319999933242798,2.3299999237060547,2.309999942779541,2.315000057220459,110889,0.0,0.0
2026-03-18 14:15:00-04:00,2.309999942779541,2.3399999141693115,2.299999952316284,2.325000047683716,340648,0.0,0.0
2026-03-18 14:20:00-04:00,2.3287999629974365,2.3299999237060547,2.319999933242798,2.325000047683716,45385,0.0,0.0
2026-03-18 14:25:00-04:00,2.3299999237060547,2.3299999237060547,2.319999933242798,2.325000047683716,13137,0.0,0.0
2026-03-18 14:30:00-04:00,2.325000047683716,2.3299999237060547,2.319999933242798,2.319999933242798,13479,0.0,0.0
2026-03-18 14:35:00-04:00,2.319999933242798,2.3299999237060547,2.315000057220459,2.319999933242798,46682,0.0,0.0
2026-03-18 14:40:00-04:00,2.309999942779541,2.319999933242798,2.299999952316284,2.3190999031066895,63899,0.0,0.0
2026-03-18 14:45:00-04:00,2.309999942779541,2.329900026321411,2.305000066757202,2.316800117492676,132102,0.0,0.0
2026-03-18 14:50:00-04:00,2.315000057220459,2.3199000358581543,2.2899999618530273,2.2950000762939453,132798,0.0,0.0
2026-03-18 14:55:00-04:00,2.299999952316284,2.309999942779541,2.2950000762939453,2.3048999309539795,21050,0.0,0.0
2026-03-18 15:00:00-04:00,2.305000066757202,2.309999942779541,2.299999952316284,2.305000066757202,39850,0.0,0.0
2026-03-18 15:05:00-04:00,2.305000066757202,2.315000057220459,2.299999952316284,2.299999952316284,171117,0.0,0.0
2026-03-18 15:10:00-04:00,2.3010001182556152,2.309999942779541,2.299999952316284,2.299999952316284,33525,0.0,0.0
2026-03-18 15:15:00-04:00,2.300100088119507,2.309999942779541,2.299999952316284,2.299999952316284,29930,0.0,0.0
2026-03-18 15:20:00-04:00,2.309000015258789,2.309999942779541,2.2899999618530273,2.2999000549316406,81625,0.0,0.0
2026-03-18 15:25:00-04:00,2.2950000762939453,2.299999952316284,2.2899999618530273,2.2950000762939453,66320,0.0,0.0
2026-03-18 15:30:00-04:00,2.2899999618530273,2.299999952316284,2.2899999618530273,2.2899999618530273,28902,0.0,0.0
2026-03-18 15:35:00-04:00,2.299999952316284,2.299999952316284,2.2799999713897705,2.2850000858306885,75116,0.0,0.0
2026-03-18 15:40:00-04:00,2.2850000858306885,2.2899999618530273,2.2799999713897705,2.2799999713897705,47365,0.0,0.0
2026-03-18 15:45:00-04:00,2.2850000858306885,2.2899999618530273,2.2799999713897705,2.286600112915039,52181,0.0,0.0
2026-03-18 15:50:00-04:00,2.2850000858306885,2.299999952316284,2.2799999713897705,2.2950000762939453,132124,0.0,0.0
2026-03-18 15:55:00-04:00,2.2950000762939453,2.299999952316284,2.2899999618530273,2.2899999618530273,256491,0.0,0.0
2026-03-19 09:30:00-04:00,2.265000104904175,2.299999952316284,2.240000009536743,2.255000114440918,368009,0.0,0.0
2026-03-19 09:35:00-04:00,2.2599000930786133,2.259999990463257,2.2100000381469727,2.2200000286102295,140112,0.0,0.0
2026-03-19 09:40:00-04:00,2.2200000286102295,2.2300000190734863,2.180000066757202,2.190000057220459,237995,0.0,0.0
2026-03-19 09:45:00-04:00,2.1800999641418457,2.200000047683716,2.140000104904175,2.1500000953674316,482626,0.0,0.0
2026-03-19 09:50:00-04:00,2.150099992752075,2.180000066757202,2.150099992752075,2.174999952316284,182091,0.0,0.0
2026-03-19 09:55:00-04:00,2.184999942779541,2.2200000286102295,2.180000066757202,2.2149999141693115,110814,0.0,0.0
2026-03-19 10:00:00-04:00,2.2200000286102295,2.2300000190734863,2.200000047683716,2.2149999141693115,691253,0.0,0.0
2026-03-19 10:05:00-04:00,2.2149999141693115,2.240000009536743,2.2149999141693115,2.2200000286102295,0,0.0,0.0
2026-03-19 10:10:00-04:00,2.2200000286102295,2.2599000930786133,2.2100000381469727,2.2499001026153564,59756,0.0,0.0
2026-03-19 10:15:00-04:00,2.2400999069213867,2.244999885559082,2.2200000286102295,2.2298998832702637,35057,0.0,0.0
2026-03-19 10:20:00-04:00,2.2249999046325684,2.2255001068115234,2.2100000381469727,2.2149999141693115,52946,0.0,0.0
2026-03-19 10:25:00-04:00,2.2167999744415283,2.2300000190734863,2.2100000381469727,2.2100000381469727,32521,0.0,0.0
2026-03-19 10:30:00-04:00,2.2149999141693115,2.2300000190734863,2.190000057220459,2.200000047683716,154551,0.0,0.0
2026-03-19 10:35:00-04:00,2.200000047683716,2.2100000381469727,2.194999933242798,2.200000047683716,41442,0.0,0.0
2026-03-19 10:40:00-04:00,2.200000047683716,2.2200000286102295,2.200000047683716,2.2200000286102295,31007,0.0,0.0
2026-03-19 10:45:00-04:00,2.2149999141693115,2.2200000286102295,2.190000057220459,2.200000047683716,33279,0.0,0.0
2026-03-19 10:50:00-04:00,2.200000047683716,2.2249999046325684,2.194999933242798,2.2100000381469727,108133,0.0,0.0
2026-03-19 10:55:00-04:00,2.2149999141693115,2.2249999046325684,2.2100000381469727,2.2200000286102295,12633,0.0,0.0
2026-03-19 11:00:00-04:00,2.2249999046325684,2.2300000190734863,2.2200000286102295,2.2200000286102295,16246,0.0,0.0
2026-03-19 11:05:00-04:00,2.2300000190734863,2.2300000190734863,2.2100000381469727,2.2149999141693115,16749,0.0,0.0
2026-03-19 11:10:00-04:00,2.2100000381469727,2.2300000190734863,2.2100000381469727,2.2188000679016113,63644,0.0,0.0
2026-03-19 11:15:00-04:00,2.2149999141693115,2.2300000190734863,2.2149999141693115,2.2265000343322754,58014,0.0,0.0
2026-03-19 11:20:00-04:00,2.2249999046325684,2.2300000190734863,2.2149999141693115,2.2149999141693115,57612,0.0,0.0
2026-03-19 11:25:00-04:00,2.2149999141693115,2.2249999046325684,2.2100000381469727,2.2149999141693115,49973,0.0,0.0
2026-03-19 11:30:00-04:00,2.2149999141693115,2.2200000286102295,2.200000047683716,2.200000047683716,64651,0.0,0.0
2026-03-19 11:35:00-04:00,2.190000057220459,2.200000047683716,2.174999952316284,2.180000066757202,94766,0.0,0.0
2026-03-19 11:40:00-04:00,2.1800999641418457,2.199899911880493,2.180000066757202,2.194999933242798,105600,0.0,0.0
2026-03-19 11:45:00-04:00,2.194999933242798,2.1963000297546387,2.184999942779541,2.190000057220459,24378,0.0,0.0
2026-03-19 11:50:00-04:00,2.194999933242798,2.200000047683716,2.190000057220459,2.194999933242798,1389660,0.0,0.0
2026-03-19 11:55:00-04:00,2.200000047683716,2.2049999237060547,2.190000057220459,2.200000047683716,0,0.0,0.0
2026-03-19 12:00:00-04:00,2.197999954223633,2.200000047683716,2.190000057220459,2.194999933242798,37749,0.0,0.0
2026-03-19 12:05:00-04:00,2.192500114440918,2.209700107574463,2.192500114440918,2.194999933242798,42116,0.0,0.0
2026-03-19 12:10:00-04:00,2.194999933242798,2.1991000175476074,2.190000057220459,2.194999933242798,19504,0.0,0.0
2026-03-19 12:15:00-04:00,2.19320011138916,2.19320011138916,2.174999952316284,2.174999952316284,52001,0.0,0.0
2026-03-19 12:20:00-04:00,2.174999952316284,2.174999952316284,2.1649999618530273,2.1700000762939453,36783,0.0,0.0
2026-03-19 12:25:00-04:00,2.1649999618530273,2.1700000762939453,2.1600000858306885,2.1649999618530273,69652,0.0,0.0
2026-03-19 12:30:00-04:00,2.1649999618530273,2.1700000762939453,2.1600000858306885,2.1649999618530273,30276,0.0,0.0
2026-03-19 12:35:00-04:00,2.1649999618530273,2.174999952316284,2.1624999046325684,2.170099973678589,52331,0.0,0.0
2026-03-19 12:40:00-04:00,2.1760001182556152,2.1760001182556152,2.1600000858306885,2.160099983215332,47528,0.0,0.0
2026-03-19 12:45:00-04:00,2.1649999618530273,2.180000066757202,2.1600000858306885,2.170300006866455,39189,0.0,0.0
2026-03-19 12:50:00-04:00,2.1700000762939453,2.174999952316284,2.1500000953674316,2.1649999618530273,148410,0.0,0.0
2026-03-19 12:55:00-04:00,2.1649999618530273,2.1700000762939453,2.1600000858306885,2.1700000762939453,43605,0.0,0.0
2026-03-19 13:00:00-04:00,2.1700000762939453,2.1700000762939453,2.1600000858306885,2.1649999618530273,49350,0.0,0.0
2026-03-19 13:05:00-04:00,2.1624999046325684,2.1700000762939453,2.140000104904175,2.1500000953674316,75062,0.0,0.0
2026-03-19 13:10:00-04:00,2.1449999809265137,2.1649999618530273,2.1449999809265137,2.1549999713897705,109546,0.0,0.0
2026-03-19 13:15:00-04:00,2.1500000953674316,2.1700000762939453,2.1500000953674316,2.1689999103546143,50233,0.0,0.0
2026-03-19 13:20:00-04:00,2.1649999618530273,2.179800033569336,2.1600000858306885,2.1600000858306885,177512,0.0,0.0
2026-03-19 13:25:00-04:00,2.1600000858306885,2.177000045776367,2.1600000858306885,2.170099973678589,23887,0.0,0.0
2026-03-19 13:30:00-04:00,2.174999952316284,2.190000057220459,2.1700000762939453,2.184999942779541,31975,0.0,0.0
2026-03-19 13:35:00-04:00,2.190000057220459,2.190000057220459,2.180000066757202,2.180000066757202,28865,0.0,0.0
2026-03-19 13:40:00-04:00,2.184999942779541,2.190000057220459,2.1700000762939453,2.1700000762939453,54720,0.0,0.0
2026-03-19 13:45:00-04:00,2.174999952316284,2.1798999309539795,2.1600000858306885,2.1700000762939453,41358,0.0,0.0
2026-03-19 13:50:00-04:00,2.1649999618530273,2.174999952316284,2.1649999618530273,2.1700000762939453,16458,0.0,0.0
2026-03-19 13:55:00-04:00,2.1700000762939453,2.180000066757202,2.1700000762939453,2.174999952316284,16143,0.0,0.0
2026-03-19 14:00:00-04:00,2.174999952316284,2.190000057220459,2.174999952316284,2.184999942779541,100428,0.0,0.0
2026-03-19 14:05:00-04:00,2.180000066757202,2.180000066757202,2.174999952316284,2.174999952316284,38017,0.0,0.0
2026-03-19 14:10:00-04:00,2.174999952316284,2.199899911880493,2.174999952316284,2.190000057220459,38289,0.0,0.0
2026-03-19 14:15:00-04:00,2.200000047683716,2.2049999237060547,2.190000057220459,2.2049999237060547,27531,0.0,0.0
2026-03-19 14:20:00-04:00,2.200000047683716,2.2160000801086426,2.200000047683716,2.2160000801086426,36100,0.0,0.0
2026-03-19 14:25:00-04:00,2.2149999141693115,2.2200000286102295,2.2049999237060547,2.2149999141693115,127926,0.0,0.0
2026-03-19 14:30:00-04:00,2.2149999141693115,2.2197000980377197,2.200000047683716,2.2000999450683594,40052,0.0,0.0
2026-03-19 14:35:00-04:00,2.2049999237060547,2.2100000381469727,2.200000047683716,2.200000047683716,18201,0.0,0.0
2026-03-19 14:40:00-04:00,2.2049999237060547,2.2100000381469727,2.194999933242798,2.2049999237060547,54263,0.0,0.0
2026-03-19 14:45:00-04:00,2.2049999237060547,2.2100000381469727,2.2049999237060547,2.2090001106262207,26457,0.0,0.0
2026-03-19 14:50:00-04:00,2.2049999237060547,2.2100000381469727,2.200000047683716,2.20989990234375,14168,0.0,0.0
2026-03-19 14:55:00-04:00,2.2100000381469727,2.240000009536743,2.2100000381469727,2.240000009536743,72132,0.0,0.0
2026-03-19 15:00:00-04:00,2.2392001152038574,2.2699999809265137,2.234999895095825,2.265000104904175,216365,0.0,0.0
2026-03-19 15:05:00-04:00,2.265000104904175,2.2799999713897705,2.259999990463257,2.2799999713897705,79984,0.0,0.0
2026-03-19 15:10:00-04:00,2.2750000953674316,2.2899999618530273,2.2750000953674316,2.2790000438690186,122947,0.0,0.0
2026-03-19 15:15:00-04:00,2.2750000953674316,2.2799999713897705,2.259999990463257,2.2699999809265137,36882,0.0,0.0
2026-03-19 15:20:00-04:00,2.2699999809265137,2.2699999809265137,2.259999990463257,2.260200023651123,25248,0.0,0.0
2026-03-19 15:25:00-04:00,2.265000104904175,2.265000104904175,2.25,2.255000114440918,69473,0.0,0.0
2026-03-19 15:30:00-04:00,2.255000114440918,2.255000114440918,2.240000009536743,2.244999885559082,60654,0.0,0.0
2026-03-19 15:35:00-04:00,2.240000009536743,2.244999885559082,2.2300000190734863,2.234999895095825,28338,0.0,0.0
2026-03-19 15:40:00-04:00,2.240000009536743,2.25,2.2300000190734863,2.244999885559082,49412,0.0,0.0
2026-03-19 15:45:00-04:00,2.244999885559082,2.259999990463257,2.240000009536743,2.25,160157,0.0,0.0
2026-03-19 15:50:00-04:00,2.255000114440918,2.259999990463257,2.25,2.255000114440918,110638,0.0,0.0
2026-03-19 15:55:00-04:00,2.255000114440918,2.259999990463257,2.240000009536743,2.25,227837,0.0,0.0
2026-03-20 09:30:00-04:00,2.2300000190734863,2.25,2.180000066757202,2.2100000381469727,821269,0.0,0.0
2026-03-20 09:35:00-04:00,2.2049999237060547,2.2300000190734863,2.194999933242798,2.2249999046325684,102901,0.0,0.0
2026-03-20 09:40:00-04:00,2.2249999046325684,2.2699999809265137,2.2249999046325684,2.2699999809265137,72235,0.0,0.0
2026-03-20 09:45:00-04:00,2.2699999809265137,2.2799999713897705,2.259999990463257,2.278599977493286,118440,0.0,0.0
2026-03-20 09:50:00-04:00,2.2750000953674316,2.2799999713897705,2.244999885559082,2.259999990463257,105341,0.0,0.0
2026-03-20 09:55:00-04:00,2.259999990463257,2.259999990463257,2.240000009536743,2.244999885559082,45175,0.0,0.0
2026-03-20 10:00:00-04:00,2.244999885559082,2.259999990463257,2.2300000190734863,2.240000009536743,146250,0.0,0.0
2026-03-20 10:05:00-04:00,2.244999885559082,2.25,2.2049999237060547,2.2049999237060547,89826,0.0,0.0
2026-03-20 10:10:00-04:00,2.20989990234375,2.2100000381469727,2.180000066757202,2.1800999641418457,94465,0.0,0.0
2026-03-20 10:15:00-04:00,2.184999942779541,2.190000057220459,2.170099973678589,2.180000066757202,77085,0.0,0.0
2026-03-20 10:20:00-04:00,2.174999952316284,2.180000066757202,2.1700000762939453,2.1700000762939453,49642,0.0,0.0
2026-03-20 10:25:00-04:00,2.1700000762939453,2.1798999309539795,2.1600000858306885,2.1600000858306885,135388,0.0,0.0
2026-03-20 10:30:00-04:00,2.1600000858306885,2.180000066757202,2.1600000858306885,2.180000066757202,190490,0.0,0.0
2026-03-20 10:35:00-04:00,2.170099973678589,2.180000066757202,2.1600000858306885,2.1698999404907227,89173,0.0,0.0
2026-03-20 10:40:00-04:00,2.1649999618530273,2.1700000762939453,2.1500000953674316,2.1600000858306885,125683,0.0,0.0
2026-03-20 10:45:00-04:00,2.1649999618530273,2.1649999618530273,2.1449999809265137,2.1449999809265137,231527,0.0,0.0
2026-03-20 10:50:00-04:00,2.140000104904175,2.140199899673462,2.109999895095825,2.115000009536743,323431,0.0,0.0
2026-03-20 10:55:00-04:00,2.115000009536743,2.119999885559082,2.109999895095825,2.109999895095825,41321,0.0,0.0
2026-03-20 11:00:00-04:00,2.1196999549865723,2.119999885559082,2.109999895095825,2.115000009536743,72725,0.0,0.0
2026-03-20 11:05:00-04:00,2.115000009536743,2.139899969100952,2.115000009536743,2.134999990463257,51880,0.0,0.0
2026-03-20 11:10:00-04:00,2.134999990463257,2.1500000953674316,2.130000114440918,2.1496999263763428,61027,0.0,0.0
2026-03-20 11:15:00-04:00,2.1500000953674316,2.1600000858306885,2.140899896621704,2.149899959564209,51414,0.0,0.0
2026-03-20 11:20:00-04:00,2.1449999809265137,2.174999952316284,2.140000104904175,2.1649999618530273,113587,0.0,0.0
2026-03-20 11:25:00-04:00,2.1686999797821045,2.1698999404907227,2.1500000953674316,2.1549999713897705,47858,0.0,0.0
2026-03-20 11:30:00-04:00,2.1549999713897705,2.159899950027466,2.1500000953674316,2.156599998474121,14856,0.0,0.0
2026-03-20 11:35:00-04:00,2.1549999713897705,2.1600000858306885,2.1449999809265137,2.1449999809265137,22884,0.0,0.0
2026-03-20 11:40:00-04:00,2.1410000324249268,2.1449999809265137,2.140000104904175,2.140000104904175,49367,0.0,0.0
2026-03-20 11:45:00-04:00,2.140000104904175,2.1500000953674316,2.140000104904175,2.1449999809265137,54223,0.0,0.0
2026-03-20 11:50:00-04:00,2.140000104904175,2.1600000858306885,2.140000104904175,2.1600000858306885,96640,0.0,0.0
2026-03-20 11:55:00-04:00,2.1549999713897705,2.1700000762939453,2.1549999713897705,2.1696999073028564,56564,0.0,0.0
2026-03-20 12:00:00-04:00,2.160099983215332,2.199700117111206,2.160099983215332,2.194999933242798,63900,0.0,0.0
2026-03-20 12:05:00-04:00,2.194999933242798,2.200000047683716,2.184999942779541,2.190000057220459,39521,0.0,0.0
2026-03-20 12:10:00-04:00,2.194999933242798,2.199899911880493,2.184999942779541,2.1989998817443848,66194,0.0,0.0
2026-03-20 12:15:00-04:00,2.194999933242798,2.2100000381469727,2.180000066757202,2.184999942779541,176539,0.0,0.0
2026-03-20 12:20:00-04:00,2.1888999938964844,2.190000057220459,2.1649999618530273,2.1649999618530273,31877,0.0,0.0
2026-03-20 12:25:00-04:00,2.166300058364868,2.166300058364868,2.150099992752075,2.150099992752075,32157,0.0,0.0
2026-03-20 12:30:00-04:00,2.1549999713897705,2.158900022506714,2.140000104904175,2.1449999809265137,19524,0.0,0.0
2026-03-20 12:35:00-04:00,2.1449999809265137,2.1449999809265137,2.140000104904175,2.1449999809265137,15312,0.0,0.0
2026-03-20 12:40:00-04:00,2.1401000022888184,2.1500000953674316,2.140000104904175,2.141400098800659,33025,0.0,0.0
2026-03-20 12:45:00-04:00,2.140000104904175,2.1500000953674316,2.130000114440918,2.1500000953674316,54556,0.0,0.0
2026-03-20 12:50:00-04:00,2.1449999809265137,2.1449999809265137,2.1449999809265137,2.1449999809265137,4145,0.0,0.0
2026-03-20 12:55:00-04:00,2.1449999809265137,2.1500000953674316,2.140000104904175,2.140000104904175,21923,0.0,0.0
2026-03-20 13:00:00-04:00,2.1449999809265137,2.1449999809265137,2.130000114440918,2.1449999809265137,47552,0.0,0.0
2026-03-20 13:05:00-04:00,2.1486001014709473,2.1486001014709473,2.140000104904175,2.140000104904175,13932,0.0,0.0
2026-03-20 13:10:00-04:00,2.1498000621795654,2.1500000953674316,2.140000104904175,2.1445000171661377,50446,0.0,0.0
2026-03-20 13:15:00-04:00,2.1449999809265137,2.1500000953674316,2.134999990463257,2.134999990463257,48753,0.0,0.0
2026-03-20 13:20:00-04:00,2.140000104904175,2.1449999809265137,2.130000114440918,2.130000114440918,107704,0.0,0.0
2026-03-20 13:25:00-04:00,2.1201000213623047,2.1298999786376953,2.109999895095825,2.109999895095825,91711,0.0,0.0
2026-03-20 13:30:00-04:00,2.109999895095825,2.109999895095825,2.0799999237060547,2.0850000381469727,232121,0.0,0.0
2026-03-20 13:35:00-04:00,2.0899999141693115,2.0999999046325684,2.0850000381469727,2.0950000286102295,297455,0.0,0.0
2026-03-20 13:40:00-04:00,2.0950000286102295,2.0999999046325684,2.069999933242798,2.069999933242798,473118,0.0,0.0
2026-03-20 13:45:00-04:00,2.0799999237060547,2.0899999141693115,2.069999933242798,2.0850000381469727,286173,0.0,0.0
2026-03-20 13:50:00-04:00,2.0799999237060547,2.0899999141693115,2.059999942779541,2.075000047683716,337305,0.0,0.0
2026-03-20 13:55:00-04:00,2.079900026321411,2.0799999237060547,2.069999933242798,2.0799999237060547,113412,0.0,0.0
2026-03-20 14:00:00-04:00,2.075000047683716,2.0799999237060547,2.059999942779541,2.059999942779541,261998,0.0,0.0
2026-03-20 14:05:00-04:00,2.0685999393463135,2.069999933242798,2.059999942779541,2.069999933242798,112897,0.0,0.0
2026-03-20 14:10:00-04:00,2.065000057220459,2.0799999237060547,2.059999942779541,2.069999933242798,120956,0.0,0.0
2026-03-20 14:15:00-04:00,2.075000047683716,2.089900016784668,2.059999942779541,2.0850000381469727,163861,0.0,0.0
2026-03-20 14:20:00-04:00,2.0850000381469727,2.0850000381469727,2.059999942779541,2.065000057220459,106210,0.0,0.0
2026-03-20 14:25:00-04:00,2.065000057220459,2.069999933242798,2.059999942779541,2.065000057220459,28900,0.0,0.0
2026-03-20 14:30:00-04:00,2.069999933242798,2.069999933242798,2.059999942779541,2.065000057220459,66368,0.0,0.0
2026-03-20 14:35:00-04:00,2.065000057220459,2.069999933242798,2.049999952316284,2.0699000358581543,139938,0.0,0.0
2026-03-20 14:40:00-04:00,2.059999942779541,2.069999933242798,2.059999942779541,2.065000057220459,54838,0.0,0.0
2026-03-20 14:45:00-04:00,2.065000057220459,2.069999933242798,2.059999942779541,2.062000036239624,29001,0.0,0.0
2026-03-20 14:50:00-04:00,2.069999933242798,2.069999933242798,2.055000066757202,2.055000066757202,49806,0.0,0.0
2026-03-20 14:55:00-04:00,2.059999942779541,2.059999942779541,2.0399999618530273,2.0450000762939453,174571,0.0,0.0
2026-03-20 15:00:00-04:00,2.0450000762939453,2.059999942779541,2.0450000762939453,2.049999952316284,62425,0.0,0.0
2026-03-20 15:05:00-04:00,2.055000066757202,2.059299945831299,2.049999952316284,2.049999952316284,29919,0.0,0.0
2026-03-20 15:10:00-04:00,2.059999942779541,2.059999942779541,2.0399999618530273,2.055000066757202,110444,0.0,0.0
2026-03-20 15:15:00-04:00,2.049999952316284,2.0599000453948975,2.049999952316284,2.055000066757202,24034,0.0,0.0
2026-03-20 15:20:00-04:00,2.055000066757202,2.059999942779541,2.049999952316284,2.055000066757202,19610,0.0,0.0
2026-03-20 15:25:00-04:00,2.049999952316284,2.059999942779541,2.0450000762939453,2.055000066757202,123127,0.0,0.0
2026-03-20 15:30:00-04:00,2.055000066757202,2.059999942779541,2.0299999713897705,2.0299999713897705,185367,0.0,0.0
2026-03-20 15:35:00-04:00,2.0299999713897705,2.0399999618530273,2.009999990463257,2.038599967956543,250615,0.0,0.0
2026-03-20 15:40:00-04:00,2.0350000858306885,2.0399999618530273,2.0299999713897705,2.0350000858306885,252860,0.0,0.0
2026-03-20 15:45:00-04:00,2.0350000858306885,2.039900064468384,2.0299999713897705,2.0299999713897705,76070,0.0,0.0
2026-03-20 15:50:00-04:00,2.0299999713897705,2.0399999618530273,2.0299999713897705,2.0299999713897705,122882,0.0,0.0
2026-03-20 15:55:00-04:00,2.0299999713897705,2.0399999618530273,2.0299999713897705,2.0350000858306885,566232,0.0,0.0
2026-03-23 09:30:00-04:00,2.2200000286102295,2.2899999618530273,2.0845999717712402,2.0899999141693115,2498063,0.0,0.0
2026-03-23 09:35:00-04:00,2.0950000286102295,2.119999885559082,2.0950000286102295,2.1050000190734863,336935,0.0,0.0
2026-03-23 09:40:00-04:00,2.1050000190734863,2.1600000858306885,2.0999999046325684,2.1050000190734863,338529,0.0,0.0
2026-03-23 09:45:00-04:00,2.0999999046325684,2.0999999046325684,2.0299999713897705,2.0399999618530273,532321,0.0,0.0
2026-03-23 09:50:00-04:00,2.0299999713897705,2.0399999618530273,2.0199999809265137,2.0350000858306885,310297,0.0,0.0
2026-03-23 09:55:00-04:00,2.0399999618530273,2.0399999618530273,2.0,2.0199999809265137,607070,0.0,0.0
2026-03-23 10:00:00-04:00,2.015000104904175,2.0399999618530273,2.005000114440918,2.009999990463257,277380,0.0,0.0
2026-03-23 10:05:00-04:00,2.010999917984009,2.0199999809265137,2.005000114440918,2.0099000930786133,213539,0.0,0.0
2026-03-23 10:10:00-04:00,2.005000114440918,2.015000104904175,1.9900000095367432,2.015000104904175,209728,0.0,0.0
2026-03-23 10:15:00-04:00,2.009999990463257,2.0299999713897705,2.009999990463257,2.0250000953674316,143553,0.0,0.0
2026-03-23 10:20:00-04:00,2.0250000953674316,2.0399999618530273,2.0199999809265137,2.0350000858306885,110312,0.0,0.0
2026-03-23 10:25:00-04:00,2.0350000858306885,2.049999952316284,2.0325000286102295,2.0350000858306885,119045,0.0,0.0
2026-03-23 10:30:00-04:00,2.0399999618530273,2.049999952316284,2.0225000381469727,2.0350000858306885,187269,0.0,0.0
2026-03-23 10:35:00-04:00,2.0350000858306885,2.059999942779541,2.0199999809265137,2.055000066757202,171228,0.0,0.0
2026-03-23 10:40:00-04:00,2.0597000122070312,2.059999942779541,2.0399999618530273,2.0450000762939453,88179,0.0,0.0
2026-03-23 10:45:00-04:00,2.0450000762939453,2.049999952316284,2.0350000858306885,2.0450000762939453,236094,0.0,0.0
2026-03-23 10:50:00-04:00,2.04010009765625,2.04010009765625,2.0199999809265137,2.0250000953674316,116931,0.0,0.0
2026-03-23 10:55:00-04:00,2.0250000953674316,2.049999952316284,2.0199999809265137,2.0450000762939453,163856,0.0,0.0
2026-03-23 11:00:00-04:00,2.0450000762939453,2.049999952316284,2.0399999618530273,2.0450000762939453,45969,0.0,0.0
2026-03-23 11:05:00-04:00,2.0450000762939453,2.0499000549316406,2.0325000286102295,2.0325000286102295,48169,0.0,0.0
2026-03-23 11:10:00-04:00,2.0399999618530273,2.059999942779541,2.0299999713897705,2.055000066757202,59386,0.0,0.0
2026-03-23 11:15:00-04:00,2.055000066757202,2.055000066757202,2.0350000858306885,2.0450000762939453,88844,0.0,0.0
2026-03-23 11:20:00-04:00,2.0450000762939453,2.069999933242798,2.0450000762939453,2.065000057220459,97737,0.0,0.0
2026-03-23 11:25:00-04:00,2.065000057220459,2.069999933242798,2.065000057220459,2.069999933242798,39063,0.0,0.0
2026-03-23 11:30:00-04:00,2.065000057220459,2.069999933242798,2.055000066757202,2.059999942779541,84388,0.0,0.0
2026-03-23 11:35:00-04:00,2.0699000358581543,2.0699000358581543,2.0350000858306885,2.0350000858306885,120789,0.0,0.0
2026-03-23 11:40:00-04:00,2.0350000858306885,2.0399999618530273,2.0299999713897705,2.0350000858306885,63432,0.0,0.0
2026-03-23 11:45:00-04:00,2.036600112915039,2.039900064468384,2.009999990463257,2.015000104904175,192039,0.0,0.0
2026-03-23 11:50:00-04:00,2.009999990463257,2.015000104904175,2.0,2.0088999271392822,164010,0.0,0.0
2026-03-23 11:55:00-04:00,2.009999990463257,2.009999990463257,1.9900000095367432,1.9901000261306763,105703,0.0,0.0
2026-03-23 12:00:00-04:00,1.9954999685287476,1.999899983406067,1.9900000095367432,1.9902000427246094,95800,0.0,0.0
2026-03-23 12:05:00-04:00,1.9900000095367432,2.0097999572753906,1.9700000286102295,2.005000114440918,390255,0.0,0.0
2026-03-23 12:10:00-04:00,2.009999990463257,2.009999990463257,2.0,2.005000114440918,64236,0.0,0.0
2026-03-23 12:15:00-04:00,2.005000114440918,2.009999990463257,1.9901000261306763,2.009999990463257,70728,0.0,0.0
2026-03-23 12:20:00-04:00,2.0,2.0350000858306885,2.0,2.0350000858306885,99164,0.0,0.0
2026-03-23 12:25:00-04:00,2.0350000858306885,2.039900064468384,2.0199999809265137,2.0250000953674316,42231,0.0,0.0
2026-03-23 12:30:00-04:00,2.0250000953674316,2.0399999618530273,2.021699905395508,2.0350000858306885,36239,0.0,0.0
2026-03-23 12:35:00-04:00,2.0350000858306885,2.059999942779541,2.0299999713897705,2.050100088119507,106769,0.0,0.0
2026-03-23 12:40:00-04:00,2.0599000453948975,2.0599000453948975,2.049999952316284,2.055000066757202,34557,0.0,0.0
2026-03-23 12:45:00-04:00,2.059999942779541,2.059999942779541,2.049999952316284,2.055000066757202,38412,0.0,0.0
2026-03-23 12:50:00-04:00,2.055000066757202,2.069999933242798,2.055000066757202,2.059999942779541,62483,0.0,0.0
2026-03-23 12:55:00-04:00,2.065000057220459,2.069999933242798,2.049999952316284,2.055000066757202,42685,0.0,0.0
2026-03-23 13:00:00-04:00,2.059999942779541,2.069999933242798,2.059999942779541,2.065000057220459,38246,0.0,0.0
2026-03-23 13:05:00-04:00,2.065000057220459,2.069999933242798,2.055000066757202,2.0699000358581543,19542,0.0,0.0
2026-03-23 13:10:00-04:00,2.065000057220459,2.065000057220459,2.0450000762939453,2.049999952316284,88462,0.0,0.0
2026-03-23 13:15:00-04:00,2.0450000762939453,2.0450000762939453,2.0325000286102295,2.0350000858306885,21174,0.0,0.0
2026-03-23 13:20:00-04:00,2.0390000343322754,2.0399999618530273,2.0250000953674316,2.0399999618530273,45660,0.0,0.0
2026-03-23 13:25:00-04:00,2.0350000858306885,2.0599000453948975,2.0325000286102295,2.055000066757202,42969,0.0,0.0
2026-03-23 13:30:00-04:00,2.055000066757202,2.075000047683716,2.049999952316284,2.075000047683716,62226,0.0,0.0
2026-03-23 13:35:00-04:00,2.0799999237060547,2.0899999141693115,2.0701000690460205,2.089900016784668,58376,0.0,0.0
2026-03-23 13:40:00-04:00,2.0850000381469727,2.0996999740600586,2.0701000690460205,2.075000047683716,145465,0.0,0.0
2026-03-23 13:45:00-04:00,2.072499990463257,2.0799999237060547,2.063199996948242,2.065000057220459,23226,0.0,0.0
2026-03-23 13:50:00-04:00,2.069999933242798,2.0799999237060547,2.065000057220459,2.075000047683716,21949,0.0,0.0
2026-03-23 13:55:00-04:00,2.075000047683716,2.0799999237060547,2.069999933242798,2.0799999237060547,20874,0.0,0.0
2026-03-23 14:00:00-04:00,2.075000047683716,2.0850000381469727,2.0701000690460205,2.0850000381469727,23347,0.0,0.0
2026-03-23 14:05:00-04:00,2.0850000381469727,2.0899999141693115,2.0713999271392822,2.075000047683716,35357,0.0,0.0
2026-03-23 14:10:00-04:00,2.075000047683716,2.0799999237060547,2.071000099182129,2.071000099182129,18969,0.0,0.0
2026-03-23 14:15:00-04:00,2.075000047683716,2.075000047683716,2.0625,2.075000047683716,43073,0.0,0.0
2026-03-23 14:20:00-04:00,2.075000047683716,2.0799999237060547,2.050100088119507,2.055000066757202,56365,0.0,0.0
2026-03-23 14:25:00-04:00,2.055000066757202,2.059999942779541,2.0201001167297363,2.0250000953674316,76850,0.0,0.0
2026-03-23 14:30:00-04:00,2.0250000953674316,2.039900064468384,2.015000104904175,2.0250000953674316,232682,0.0,0.0
2026-03-23 14:35:00-04:00,2.0250000953674316,2.0399999618530273,2.0202999114990234,2.0399999618530273,70394,0.0,0.0
2026-03-23 14:40:00-04:00,2.0399999618530273,2.047800064086914,2.0299999713897705,2.0350000858306885,69251,0.0,0.0
2026-03-23 14:45:00-04:00,2.0350000858306885,2.0381999015808105,2.0299999713897705,2.0350000858306885,40044,0.0,0.0
2026-03-23 14:50:00-04:00,2.0350000858306885,2.039900064468384,2.02020001411438,2.0250000953674316,26030,0.0,0.0
2026-03-23 14:55:00-04:00,2.0250000953674316,2.0299999713897705,2.0199999809265137,2.021399974822998,14893,0.0,0.0
2026-03-23 15:00:00-04:00,2.0250000953674316,2.0299999713897705,2.0199999809265137,2.0250000953674316,19830,0.0,0.0
2026-03-23 15:05:00-04:00,2.0250000953674316,2.0299999713897705,2.0199999809265137,2.0225000381469727,62758,0.0,0.0
2026-03-23 15:10:00-04:00,2.0299999713897705,2.0299999713897705,2.0199999809265137,2.0250000953674316,10776,0.0,0.0
2026-03-23 15:15:00-04:00,2.0299999713897705,2.0299999713897705,2.0,2.0201001167297363,245363,0.0,0.0
2026-03-23 15:20:00-04:00,2.0250000953674316,2.029900074005127,2.015000104904175,2.029900074005127,97632,0.0,0.0
2026-03-23 15:25:00-04:00,2.0250000953674316,2.0299999713897705,2.0199999809265137,2.0250000953674316,13501,0.0,0.0
2026-03-23 15:30:00-04:00,2.0250000953674316,2.0399999618530273,2.0100998878479004,2.0350000858306885,345904,0.0,0.0
2026-03-23 15:35:00-04:00,2.0325000286102295,2.0399999618530273,2.0299999713897705,2.0350000858306885,92147,0.0,0.0
2026-03-23 15:40:00-04:00,2.0350000858306885,2.0399999618530273,2.009999990463257,2.015000104904175,245228,0.0,0.0
2026-03-23 15:45:00-04:00,2.009999990463257,2.0199999809265137,2.009999990463257,2.015000104904175,168466,0.0,0.0
2026-03-23 15:50:00-04:00,2.015000104904175,2.0399999618530273,2.0,2.0325000286102295,495322,0.0,0.0
2026-03-23 15:55:00-04:00,2.0350000858306885,2.109999895095825,2.0350000858306885,2.109999895095825,1217221,0.0,0.0
2026-03-24 09:30:00-04:00,2.0399999618530273,2.0399999618530273,1.8899999856948853,1.9450000524520874,2592742,0.0,0.0
2026-03-24 09:35:00-04:00,1.9499000310897827,1.9800000190734863,1.899999976158142,1.9000999927520752,526107,0.0,0.0
2026-03-24 09:40:00-04:00,1.9049999713897705,1.909999966621399,1.850000023841858,1.8700000047683716,519498,0.0,0.0
2026-03-24 09:45:00-04:00,1.8701000213623047,1.9199999570846558,1.8600000143051147,1.8899999856948853,500996,0.0,0.0
2026-03-24 09:50:00-04:00,1.8799999952316284,1.8799999952316284,1.820099949836731,1.8350000381469727,491127,0.0,0.0
2026-03-24 09:55:00-04:00,1.8393000364303589,1.8899999856948853,1.8350000381469727,1.8899999856948853,491036,0.0,0.0
2026-03-24 10:00:00-04:00,1.8899999856948853,1.9199999570846558,1.8801000118255615,1.899999976158142,424491,0.0,0.0
2026-03-24 10:05:00-04:00,1.9049999713897705,1.909999966621399,1.8890000581741333,1.899999976158142,210493,0.0,0.0
2026-03-24 10:10:00-04:00,1.8949999809265137,1.899999976158142,1.875,1.8849999904632568,122767,0.0,0.0
2026-03-24 10:15:00-04:00,1.8849999904632568,1.909999966621399,1.8550000190734863,1.8550000190734863,400795,0.0,0.0
2026-03-24 10:20:00-04:00,1.8550000190734863,1.875,1.8450000286102295,1.8686000108718872,401070,0.0,0.0
2026-03-24 10:25:00-04:00,1.8650000095367432,1.8700000047683716,1.850000023841858,1.8550000190734863,92540,0.0,0.0
2026-03-24 10:30:00-04:00,1.8514000177383423,1.8700000047683716,1.8200000524520874,1.8200000524520874,377233,0.0,0.0
2026-03-24 10:35:00-04:00,1.8200000524520874,1.8300000429153442,1.7999999523162842,1.8049999475479126,289266,0.0,0.0
2026-03-24 10:40:00-04:00,1.8049999475479126,1.8200000524520874,1.8000999689102173,1.8200000524520874,203364,0.0,0.0
2026-03-24 10:45:00-04:00,1.8200000524520874,1.8200000524520874,1.7899999618530273,1.7910000085830688,575481,0.0,0.0
2026-03-24 10:50:00-04:00,1.7949999570846558,1.8300000429153442,1.7899999618530273,1.815000057220459,237957,0.0,0.0
2026-03-24 10:55:00-04:00,1.8200000524520874,1.8300000429153442,1.8100999593734741,1.8250000476837158,109878,0.0,0.0
2026-03-24 11:00:00-04:00,1.8300000429153442,1.840000033378601,1.815000057220459,1.8300000429153442,176333,0.0,0.0
2026-03-24 11:05:00-04:00,1.8250000476837158,1.8300000429153442,1.809999942779541,1.809999942779541,228794,0.0,0.0
2026-03-24 11:10:00-04:00,1.809999942779541,1.8200000524520874,1.7999999523162842,1.815000057220459,122040,0.0,0.0
2026-03-24 11:15:00-04:00,1.815000057220459,1.840000033378601,1.7899999618530273,1.8350000381469727,551344,0.0,0.0
2026-03-24 11:20:00-04:00,1.8350000381469727,1.850000023841858,1.830299973487854,1.840000033378601,63750,0.0,0.0
2026-03-24 11:25:00-04:00,1.8350000381469727,1.8450000286102295,1.8200000524520874,1.840000033378601,339987,0.0,0.0
2026-03-24 11:30:00-04:00,1.8499000072479248,1.850000023841858,1.8350000381469727,1.8450000286102295,138303,0.0,0.0
2026-03-24 11:35:00-04:00,1.8485000133514404,1.8700000047683716,1.8401000499725342,1.8680000305175781,206814,0.0,0.0
2026-03-24 11:40:00-04:00,1.8650000095367432,1.8899999856948853,1.8600000143051147,1.8614000082015991,241864,0.0,0.0
2026-03-24 11:45:00-04:00,1.8602999448776245,1.8700000047683716,1.8550000190734863,1.8650000095367432,119290,0.0,0.0
2026-03-24 11:50:00-04:00,1.8650000095367432,1.8798999786376953,1.8650000095367432,1.8792999982833862,80483,0.0,0.0
2026-03-24 11:55:00-04:00,1.8700000047683716,1.8799999952316284,1.8601000308990479,1.8650000095367432,305716,0.0,0.0
2026-03-24 12:00:00-04:00,1.8600000143051147,1.8650000095367432,1.8350000381469727,1.8350000381469727,127993,0.0,0.0
2026-03-24 12:05:00-04:00,1.8350000381469727,1.850000023841858,1.8324999809265137,1.8450000286102295,151029,0.0,0.0
2026-03-24 12:10:00-04:00,1.8450000286102295,1.850000023841858,1.840000033378601,1.8450000286102295,101399,0.0,0.0
2026-03-24 12:15:00-04:00,1.8450000286102295,1.8496999740600586,1.840000033378601,1.8450000286102295,57290,0.0,0.0
2026-03-24 12:20:00-04:00,1.8450000286102295,1.8550000190734863,1.8401000499725342,1.8550000190734863,106742,0.0,0.0
2026-03-24 12:25:00-04:00,1.8586000204086304,1.8600000143051147,1.850000023841858,1.8600000143051147,86468,0.0,0.0
2026-03-24 12:30:00-04:00,1.8550000190734863,1.8600000143051147,1.8350000381469727,1.8600000143051147,279737,0.0,0.0
2026-03-24 12:35:00-04:00,1.8550000190734863,1.8600000143051147,1.850000023841858,1.8550000190734863,28552,0.0,0.0
2026-03-24 12:40:00-04:00,1.850000023841858,1.8550000190734863,1.8450000286102295,1.8550000190734863,45290,0.0,0.0
2026-03-24 12:45:00-04:00,1.8550000190734863,1.8600000143051147,1.850100040435791,1.8600000143051147,33883,0.0,0.0
2026-03-24 12:50:00-04:00,1.858299970626831,1.8600000143051147,1.850000023841858,1.8600000143051147,28401,0.0,0.0
2026-03-24 12:55:00-04:00,1.8519999980926514,1.8519999980926514,1.840000033378601,1.850000023841858,79357,0.0,0.0
2026-03-24 13:00:00-04:00,1.8450000286102295,1.8686000108718872,1.8450000286102295,1.8686000108718872,71533,0.0,0.0
2026-03-24 13:05:00-04:00,1.8600000143051147,1.8691999912261963,1.850000023841858,1.8550000190734863,137281,0.0,0.0
2026-03-24 13:10:00-04:00,1.850000023841858,1.8600000143051147,1.850000023841858,1.8550000190734863,118823,0.0,0.0
2026-03-24 13:15:00-04:00,1.8550000190734863,1.8600000143051147,1.840000033378601,1.8550000190734863,94302,0.0,0.0
2026-03-24 13:20:00-04:00,1.850100040435791,1.8650000095367432,1.850100040435791,1.8600000143051147,84411,0.0,0.0
2026-03-24 13:25:00-04:00,1.8550000190734863,1.8600000143051147,1.850000023841858,1.8600000143051147,35754,0.0,0.0
2026-03-24 13:30:00-04:00,1.8600000143051147,1.8600000143051147,1.850000023841858,1.8550000190734863,27239,0.0,0.0
2026-03-24 13:35:00-04:00,1.8600000143051147,1.8600000143051147,1.850000023841858,1.8589999675750732,20359,0.0,0.0
2026-03-24 13:40:00-04:00,1.850000023841858,1.8700000047683716,1.850000023841858,1.8650000095367432,38624,0.0,0.0
2026-03-24 13:45:00-04:00,1.8700000047683716,1.8700000047683716,1.8600000143051147,1.8650000095367432,147574,0.0,0.0
2026-03-24 13:50:00-04:00,1.8650000095367432,1.8700000047683716,1.8524999618530273,1.8650000095367432,67898,0.0,0.0
2026-03-24 13:55:00-04:00,1.8650000095367432,1.8899999856948853,1.8624999523162842,1.8849999904632568,79806,0.0,0.0
2026-03-24 14:00:00-04:00,1.8849999904632568,1.8899999856948853,1.8799999952316284,1.8801000118255615,68341,0.0,0.0
2026-03-24 14:05:00-04:00,1.8849999904632568,1.8899999856948853,1.8799999952316284,1.8849999904632568,150565,0.0,0.0
2026-03-24 14:10:00-04:00,1.8899999856948853,1.8899999856948853,1.8799999952316284,1.8899999856948853,152960,0.0,0.0
2026-03-24 14:15:00-04:00,1.8849999904632568,1.8849999904632568,1.8700000047683716,1.875,107257,0.0,0.0
2026-03-24 14:20:00-04:00,1.8700000047683716,1.8799999952316284,1.8700000047683716,1.8798999786376953,33660,0.0,0.0
2026-03-24 14:25:00-04:00,1.875,1.899999976158142,1.875,1.8949999809265137,71568,0.0,0.0
2026-03-24 14:30:00-04:00,1.8990000486373901,1.9299999475479126,1.8949999809265137,1.9249999523162842,371588,0.0,0.0
2026-03-24 14:35:00-04:00,1.9249999523162842,1.9450000524520874,1.9249999523162842,1.934999942779541,378864,0.0,0.0
2026-03-24 14:40:00-04:00,1.9300999641418457,1.940000057220459,1.9200999736785889,1.9249999523162842,181545,0.0,0.0
2026-03-24 14:45:00-04:00,1.9249999523162842,1.940000057220459,1.9249999523162842,1.934999942779541,57886,0.0,0.0
2026-03-24 14:50:00-04:00,1.934999942779541,1.940000057220459,1.9049999713897705,1.9049999713897705,120065,0.0,0.0
2026-03-24 14:55:00-04:00,1.9049999713897705,1.9185999631881714,1.899999976158142,1.9149999618530273,141281,0.0,0.0
2026-03-24 15:00:00-04:00,1.9149999618530273,1.9299999475479126,1.9149999618530273,1.9249999523162842,63498,0.0,0.0
2026-03-24 15:05:00-04:00,1.9249999523162842,1.940000057220459,1.9249999523162842,1.934999942779541,47562,0.0,0.0
2026-03-24 15:10:00-04:00,1.934999942779541,1.940000057220459,1.9300999641418457,1.934999942779541,145558,0.0,0.0
2026-03-24 15:15:00-04:00,1.934999942779541,1.938599944114685,1.9249999523162842,1.934999942779541,120766,0.0,0.0
2026-03-24 15:20:00-04:00,1.934999942779541,1.940000057220459,1.9299999475479126,1.934999942779541,215531,0.0,0.0
2026-03-24 15:25:00-04:00,1.934999942779541,1.940000057220459,1.9299999475479126,1.934999942779541,61332,0.0,0.0
2026-03-24 15:30:00-04:00,1.9299999475479126,1.940000057220459,1.9249999523162842,1.9249999523162842,77128,0.0,0.0
2026-03-24 15:35:00-04:00,1.9249999523162842,1.9299999475479126,1.9199999570846558,1.9249999523162842,39834,0.0,0.0
2026-03-24 15:40:00-04:00,1.9249999523162842,1.937000036239624,1.9199999570846558,1.934999942779541,141286,0.0,0.0
2026-03-24 15:45:00-04:00,1.934999942779541,1.934999942779541,1.909999966621399,1.9149999618530273,185738,0.0,0.0
2026-03-24 15:50:00-04:00,1.9149999618530273,1.9299999475479126,1.910099983215332,1.9249999523162842,276119,0.0,0.0
2026-03-24 15:55:00-04:00,1.9249999523162842,1.9299999475479126,1.909999966621399,1.909999966621399,630414,0.0,0.0
2026-03-25 09:30:00-04:00,1.9800000190734863,2.049999952316284,1.975000023841858,2.040299892425537,1243213,0.0,0.0
2026-03-25 09:35:00-04:00,2.0450000762939453,2.0799999237060547,2.0350000858306885,2.065000057220459,408740,0.0,0.0
2026-03-25 09:40:00-04:00,2.065000057220459,2.0999999046325684,2.059999942779541,2.0801000595092773,393721,0.0,0.0
2026-03-25 09:45:00-04:00,2.0836000442504883,2.0899999141693115,2.059999942779541,2.065000057220459,348045,0.0,0.0
2026-03-25 09:50:00-04:00,2.069999933242798,2.069999933242798,2.049999952316284,2.059999942779541,161203,0.0,0.0
2026-03-25 09:55:00-04:00,2.0699000358581543,2.0899999141693115,2.059999942779541,2.0850000381469727,177789,0.0,0.0
2026-03-25 10:00:00-04:00,2.0850000381469727,2.0999999046325684,2.0799999237060547,2.0850000381469727,137768,0.0,0.0
2026-03-25 10:05:00-04:00,2.0799999237060547,2.0799999237060547,2.059999942779541,2.0625,199634,0.0,0.0
2026-03-25 10:10:00-04:00,2.065000057220459,2.065000057220459,2.0399999618530273,2.0399999618530273,147230,0.0,0.0
2026-03-25 10:15:00-04:00,2.0450000762939453,2.049999952316284,2.0325000286102295,2.0425000190734863,115255,0.0,0.0
2026-03-25 10:20:00-04:00,2.049999952316284,2.059999942779541,2.049999952316284,2.055000066757202,53554,0.0,0.0
2026-03-25 10:25:00-04:00,2.055000066757202,2.0799999237060547,2.050100088119507,2.075000047683716,191056,0.0,0.0
2026-03-25 10:30:00-04:00,2.0799999237060547,2.0799999237060547,2.069999933242798,2.075000047683716,75186,0.0,0.0
2026-03-25 10:35:00-04:00,2.075000047683716,2.0799999237060547,2.059999942779541,2.0699000358581543,208183,0.0,0.0
2026-03-25 10:40:00-04:00,2.0699000358581543,2.0999999046325684,2.065000057220459,2.0899999141693115,388350,0.0,0.0
2026-03-25 10:45:00-04:00,2.0850000381469727,2.0899999141693115,2.0803000926971436,2.0850000381469727,75070,0.0,0.0
2026-03-25 10:50:00-04:00,2.080199956893921,2.0899999141693115,2.069999933242798,2.075000047683716,94608,0.0,0.0
2026-03-25 10:55:00-04:00,2.075000047683716,2.0850000381469727,2.049999952316284,2.055000066757202,72897,0.0,0.0
2026-03-25 11:00:00-04:00,2.0594000816345215,2.0799999237060547,2.049999952316284,2.075000047683716,152176,0.0,0.0
2026-03-25 11:05:00-04:00,2.075000047683716,2.0799999237060547,2.059999942779541,2.065000057220459,32349,0.0,0.0
2026-03-25 11:10:00-04:00,2.0601999759674072,2.067699909210205,2.04010009765625,2.0401999950408936,84244,0.0,0.0
2026-03-25 11:15:00-04:00,2.0450000762939453,2.0499000549316406,2.0199999809265137,2.0399999618530273,169731,0.0,0.0
2026-03-25 11:20:00-04:00,2.0399999618530273,2.059999942779541,2.0399999618530273,2.059999942779541,43177,0.0,0.0
2026-03-25 11:25:00-04:00,2.055000066757202,2.0899999141693115,2.050100088119507,2.072499990463257,181411,0.0,0.0
2026-03-25 11:30:00-04:00,2.0799999237060547,2.0999999046325684,2.0701000690460205,2.093600034713745,182853,0.0,0.0
2026-03-25 11:35:00-04:00,2.0950000286102295,2.0999999046325684,2.0808000564575195,2.0808000564575195,143719,0.0,0.0
2026-03-25 11:40:00-04:00,2.0850000381469727,2.0999999046325684,2.0799999237060547,2.0899999141693115,66793,0.0,0.0
2026-03-25 11:45:00-04:00,2.0850000381469727,2.0950000286102295,2.0799999237060547,2.0899999141693115,95786,0.0,0.0
2026-03-25 11:50:00-04:00,2.0801000595092773,2.0999999046325684,2.0801000595092773,2.0950000286102295,62378,0.0,0.0
2026-03-25 11:55:00-04:00,2.0999999046325684,2.109999895095825,2.0850000381469727,2.0950000286102295,200925,0.0,0.0
2026-03-25 12:00:00-04:00,2.090100049972534,2.0950000286102295,2.0801000595092773,2.0850000381469727,74523,0.0,0.0
2026-03-25 12:05:00-04:00,2.0850000381469727,2.0850000381469727,2.069999933242798,2.075000047683716,30910,0.0,0.0
2026-03-25 12:10:00-04:00,2.071000099182129,2.075000047683716,2.059999942779541,2.069999933242798,45426,0.0,0.0
2026-03-25 12:15:00-04:00,2.065000057220459,2.069999933242798,2.050100088119507,2.065000057220459,199826,0.0,0.0
2026-03-25 12:20:00-04:00,2.0699000358581543,2.0699000358581543,2.030100107192993,2.0399999618530273,100806,0.0,0.0
2026-03-25 12:25:00-04:00,2.049999952316284,2.0599000453948975,2.0450000762939453,2.0450000762939453,50879,0.0,0.0
2026-03-25 12:30:00-04:00,2.049999952316284,2.049999952316284,2.0399999618530273,2.0450000762939453,25188,0.0,0.0
2026-03-25 12:35:00-04:00,2.0450000762939453,2.049999952316284,2.0399999618530273,2.049999952316284,34541,0.0,0.0
2026-03-25 12:40:00-04:00,2.0450000762939453,2.0450000762939453,2.0299999713897705,2.030100107192993,90025,0.0,0.0
2026-03-25 12:45:00-04:00,2.0350000858306885,2.0350000858306885,2.015000104904175,2.026900053024292,250696,0.0,0.0
2026-03-25 12:50:00-04:00,2.0299999713897705,2.0350000858306885,2.0250000953674316,2.0299999713897705,59029,0.0,0.0
2026-03-25 12:55:00-04:00,2.0320000648498535,2.0350000858306885,2.021399974822998,2.0250000953674316,59461,0.0,0.0
2026-03-25 13:00:00-04:00,2.0292000770568848,2.0292000770568848,2.0,2.0,97753,0.0,0.0
2026-03-25 13:05:00-04:00,2.0000998973846436,2.005000114440918,1.9801000356674194,1.9850000143051147,134552,0.0,0.0
2026-03-25 13:10:00-04:00,1.9900000095367432,1.9900000095367432,1.9700000286102295,1.9850000143051147,100385,0.0,0.0
2026-03-25 13:15:00-04:00,1.9800000190734863,1.9950000047683716,1.9800000190734863,1.9950000047683716,112007,0.0,0.0
2026-03-25 13:20:00-04:00,1.9950000047683716,2.0,1.9900000095367432,1.9988000392913818,71691,0.0,0.0
2026-03-25 13:25:00-04:00,1.9950000047683716,2.0,1.9800000190734863,1.9950000047683716,58799,0.0,0.0
2026-03-25 13:30:00-04:00,2.0,2.0,1.9900000095367432,2.0,14024,0.0,0.0
2026-03-25 13:35:00-04:00,1.9900000095367432,1.9989999532699585,1.9900000095367432,1.9950000047683716,56151,0.0,0.0
2026-03-25 13:40:00-04:00,1.9919999837875366,1.9950000047683716,1.9900000095367432,1.9950000047683716,41508,0.0,0.0
2026-03-25 13:45:00-04:00,2.0,2.0,1.9800000190734863,1.9850000143051147,152449,0.0,0.0
2026-03-25 13:50:00-04:00,1.9850000143051147,1.9900000095367432,1.9800000190734863,1.9800000190734863,22443,0.0,0.0
2026-03-25 13:55:00-04:00,1.9850000143051147,1.9850000143051147,1.9700000286102295,1.975000023841858,62231,0.0,0.0
2026-03-25 14:00:00-04:00,1.9701000452041626,1.9800000190734863,1.9700000286102295,1.975000023841858,48025,0.0,0.0
2026-03-25 14:05:00-04:00,1.9700000286102295,1.9800000190734863,1.9700000286102295,1.978600025177002,50449,0.0,0.0
2026-03-25 14:10:00-04:00,1.975000023841858,1.9799000024795532,1.965000033378601,1.965000033378601,48257,0.0,0.0
2026-03-25 14:15:00-04:00,1.965000033378601,1.9800000190734863,1.9500000476837158,1.9500000476837158,145344,0.0,0.0
2026-03-25 14:20:00-04:00,1.9500000476837158,1.9600000381469727,1.9500000476837158,1.9550000429153442,70538,0.0,0.0
2026-03-25 14:25:00-04:00,1.9600000381469727,1.9700000286102295,1.9500000476837158,1.9550000429153442,248226,0.0,0.0
2026-03-25 14:30:00-04:00,1.9550000429153442,1.965000033378601,1.9500000476837158,1.965000033378601,138282,0.0,0.0
2026-03-25 14:35:00-04:00,1.9600000381469727,1.965000033378601,1.9500000476837158,1.9550000429153442,37884,0.0,0.0
2026-03-25 14:40:00-04:00,1.9550000429153442,1.9692000150680542,1.9500000476837158,1.9550000429153442,194654,0.0,0.0
2026-03-25 14:45:00-04:00,1.9550000429153442,1.9600000381469727,1.9500000476837158,1.9550000429153442,52231,0.0,0.0
2026-03-25 14:50:00-04:00,1.9550000429153442,1.9600000381469727,1.9450000524520874,1.9500000476837158,216267,0.0,0.0
2026-03-25 14:55:00-04:00,1.9550000429153442,1.9550000429153442,1.940000057220459,1.9450000524520874,96318,0.0,0.0
2026-03-25 15:00:00-04:00,1.9450000524520874,1.9500000476837158,1.9299999475479126,1.934999942779541,83543,0.0,0.0
2026-03-25 15:05:00-04:00,1.934999942779541,1.940000057220459,1.9299999475479126,1.934999942779541,161183,0.0,0.0
2026-03-25 15:10:00-04:00,1.934999942779541,1.9500000476837158,1.9299999475479126,1.9300999641418457,296819,0.0,0.0
2026-03-25 15:15:00-04:00,1.940000057220459,1.9500000476837158,1.940000057220459,1.9500000476837158,103794,0.0,0.0
2026-03-25 15:20:00-04:00,1.940000057220459,1.9500000476837158,1.940000057220459,1.9450000524520874,70395,0.0,0.0
2026-03-25 15:25:00-04:00,1.9450000524520874,1.9500000476837158,1.940000057220459,1.9424999952316284,52892,0.0,0.0
2026-03-25 15:30:00-04:00,1.9450000524520874,1.9499000310897827,1.9299999475479126,1.934999942779541,126566,0.0,0.0
2026-03-25 15:35:00-04:00,1.934999942779541,1.940000057220459,1.9299999475479126,1.934999942779541,53243,0.0,0.0
2026-03-25 15:40:00-04:00,1.934999942779541,1.9550000429153442,1.9299999475479126,1.9550000429153442,538552,0.0,0.0
2026-03-25 15:45:00-04:00,1.9550000429153442,1.9700000286102295,1.9520000219345093,1.9700000286102295,132576,0.0,0.0
2026-03-25 15:50:00-04:00,1.9700000286102295,1.9800000190734863,1.965000033378601,1.975000023841858,467393,0.0,0.0
2026-03-25 15:55:00-04:00,1.9800000190734863,1.9800000190734863,1.9299999475479126,1.9500000476837158,985795,0.0,0.0
2026-03-26 09:30:00-04:00,1.9500000476837158,1.9950000047683716,1.899999976158142,1.909999966621399,1031686,0.0,0.0
2026-03-26 09:35:00-04:00,1.9149999618530273,1.9700000286102295,1.909999966621399,1.965999960899353,298718,0.0,0.0
2026-03-26 09:40:00-04:00,1.965000033378601,2.0,1.940000057220459,1.9500000476837158,374917,0.0,0.0
2026-03-26 09:45:00-04:00,1.9492000341415405,1.9850000143051147,1.9450000524520874,1.9850000143051147,142337,0.0,0.0
2026-03-26 09:50:00-04:00,1.9859999418258667,1.9900000095367432,1.975000023841858,1.9900000095367432,51136,0.0,0.0
2026-03-26 09:55:00-04:00,1.9859999418258667,1.9900000095367432,1.9700000286102295,1.975000023841858,95512,0.0,0.0
2026-03-26 10:00:00-04:00,1.9800000190734863,1.9850000143051147,1.9600000381469727,1.9700000286102295,132471,0.0,0.0
2026-03-26 10:05:00-04:00,1.9800000190734863,2.0,1.9700000286102295,1.9800000190734863,144485,0.0,0.0
2026-03-26 10:10:00-04:00,1.975000023841858,1.9850000143051147,1.9700000286102295,1.9808000326156616,103529,0.0,0.0
2026-03-26 10:15:00-04:00,1.9900000095367432,2.0,1.9850000143051147,1.9850000143051147,86213,0.0,0.0
2026-03-26 10:20:00-04:00,1.9850000143051147,2.0,1.9801000356674194,2.0,28427,0.0,0.0
2026-03-26 10:25:00-04:00,1.9950000047683716,2.0095999240875244,1.9950000047683716,2.005000114440918,50733,0.0,0.0
2026-03-26 10:30:00-04:00,2.005000114440918,2.0199999809265137,2.0,2.0185999870300293,58341,0.0,0.0
2026-03-26 10:35:00-04:00,2.015000104904175,2.015000104904175,1.9950000047683716,2.005000114440918,68353,0.0,0.0
2026-03-26 10:40:00-04:00,2.005000114440918,2.005000114440918,1.9889999628067017,1.9910999536514282,131497,0.0,0.0
2026-03-26 10:45:00-04:00,1.9900000095367432,2.0,1.9800000190734863,1.9850000143051147,283914,0.0,0.0
2026-03-26 10:50:00-04:00,1.9800000190734863,1.9900000095367432,1.9600000381469727,1.968999981880188,297491,0.0,0.0
2026-03-26 10:55:00-04:00,1.965000033378601,1.98989999294281,1.9600000381469727,1.9850000143051147,122041,0.0,0.0
2026-03-26 11:00:00-04:00,1.9900000095367432,2.0,1.9801000356674194,1.9901000261306763,31924,0.0,0.0
2026-03-26 11:05:00-04:00,1.9950000047683716,2.009999990463257,1.9950000047683716,1.9989999532699585,118871,0.0,0.0
2026-03-26 11:10:00-04:00,1.9950000047683716,1.999899983406067,1.9900000095367432,1.9900000095367432,12296,0.0,0.0
2026-03-26 11:15:00-04:00,1.9950000047683716,2.0,1.9900000095367432,1.9950000047683716,57426,0.0,0.0
2026-03-26 11:20:00-04:00,1.9950000047683716,2.0,1.9900000095367432,1.9989999532699585,31032,0.0,0.0
2026-03-26 11:25:00-04:00,2.0,2.0099000930786133,1.9903000593185425,2.005000114440918,43233,0.0,0.0
2026-03-26 11:30:00-04:00,2.005000114440918,2.0199999809265137,1.9900000095367432,2.0100998878479004,262731,0.0,0.0
2026-03-26 11:35:00-04:00,2.009999990463257,2.0199999809265137,2.0,2.005000114440918,54636,0.0,0.0
2026-03-26 11:40:00-04:00,2.005000114440918,2.0199999809265137,2.0,2.0199999809265137,94109,0.0,0.0
2026-03-26 11:45:00-04:00,2.0199999809265137,2.0199999809265137,2.009999990463257,2.0190000534057617,24798,0.0,0.0
2026-03-26 11:50:00-04:00,2.0199999809265137,2.0299999713897705,2.015000104904175,2.0250000953674316,59218,0.0,0.0
2026-03-26 11:55:00-04:00,2.019700050354004,2.019700050354004,2.009999990463257,2.015000104904175,42533,0.0,0.0
2026-03-26 12:00:00-04:00,2.015000104904175,2.0199999809265137,2.009999990463257,2.0199999809265137,21516,0.0,0.0
2026-03-26 12:05:00-04:00,2.015000104904175,2.0199999809265137,2.009999990463257,2.0190000534057617,13433,0.0,0.0
2026-03-26 12:10:00-04:00,2.015000104904175,2.0199999809265137,2.015000104904175,2.0179998874664307,8679,0.0,0.0
2026-03-26 12:15:00-04:00,2.015000104904175,2.015000104904175,1.9950000047683716,1.9950000047683716,103653,0.0,0.0
2026-03-26 12:20:00-04:00,1.9950000047683716,1.9950000047683716,1.9800000190734863,1.9850000143051147,58693,0.0,0.0
2026-03-26 12:25:00-04:00,1.9850000143051147,1.9850000143051147,1.9700000286102295,1.975000023841858,65346,0.0,0.0
2026-03-26 12:30:00-04:00,1.975000023841858,1.975000023841858,1.961400032043457,1.961400032043457,25502,0.0,0.0
2026-03-26 12:35:00-04:00,1.9644999504089355,1.9700000286102295,1.9609999656677246,1.9700000286102295,23960,0.0,0.0
2026-03-26 12:40:00-04:00,1.9600000381469727,1.9700000286102295,1.9600000381469727,1.965000033378601,102741,0.0,0.0
2026-03-26 12:45:00-04:00,1.965000033378601,1.9700000286102295,1.9600000381469727,1.9600000381469727,23851,0.0,0.0
2026-03-26 12:50:00-04:00,1.9600000381469727,1.975000023841858,1.9600000381469727,1.965000033378601,97483,0.0,0.0
2026-03-26 12:55:00-04:00,1.965000033378601,1.9700000286102295,1.9600000381469727,1.965000033378601,87800,0.0,0.0
2026-03-26 13:00:00-04:00,1.965000033378601,1.9700000286102295,1.9601000547409058,1.9601000547409058,45115,0.0,0.0
2026-03-26 13:05:00-04:00,1.965000033378601,1.9800000190734863,1.9600000381469727,1.975000023841858,112821,0.0,0.0
2026-03-26 13:10:00-04:00,1.9700000286102295,1.9700000286102295,1.965000033378601,1.965000033378601,24104,0.0,0.0
2026-03-26 13:15:00-04:00,1.9699000120162964,1.9700000286102295,1.9601000547409058,1.965000033378601,28607,0.0,0.0
2026-03-26 13:20:00-04:00,1.965000033378601,1.9754999876022339,1.965000033378601,1.9700000286102295,42066,0.0,0.0
2026-03-26 13:25:00-04:00,1.975000023841858,1.9800000190734863,1.975000023841858,1.9800000190734863,13182,0.0,0.0
2026-03-26 13:30:00-04:00,1.9800000190734863,1.9850000143051147,1.9700000286102295,1.9800000190734863,46430,0.0,0.0
2026-03-26 13:35:00-04:00,1.9800000190734863,1.9800000190734863,1.9701000452041626,1.9800000190734863,9517,0.0,0.0
2026-03-26 13:40:00-04:00,1.975000023841858,1.9800000190734863,1.965000033378601,1.9700000286102295,57406,0.0,0.0
2026-03-26 13:45:00-04:00,1.9700000286102295,1.9700000286102295,1.9600000381469727,1.965000033378601,25516,0.0,0.0
2026-03-26 13:50:00-04:00,1.965000033378601,1.9700000286102295,1.9600000381469727,1.965000033378601,33909,0.0,0.0
2026-03-26 13:55:00-04:00,1.965000033378601,1.9700000286102295,1.9600000381469727,1.9700000286102295,52221,0.0,0.0
2026-03-26 14:00:00-04:00,1.965000033378601,1.9700000286102295,1.9600000381469727,1.9700000286102295,67196,0.0,0.0
2026-03-26 14:05:00-04:00,1.9700000286102295,1.9800000190734863,1.9600000381469727,1.9700000286102295,43359,0.0,0.0
2026-03-26 14:10:00-04:00,1.975000023841858,1.9800000190734863,1.9700000286102295,1.975000023841858,35632,0.0,0.0
2026-03-26 14:15:00-04:00,1.9700000286102295,1.9800000190734863,1.9700000286102295,1.9700000286102295,19172,0.0,0.0
2026-03-26 14:20:00-04:00,1.9800000190734863,1.9800000190734863,1.9407999515533447,1.9550000429153442,406069,0.0,0.0
2026-03-26 14:25:00-04:00,1.9550000429153442,1.9600000381469727,1.940000057220459,1.9450000524520874,46751,0.0,0.0
2026-03-26 14:30:00-04:00,1.9450000524520874,1.9600000381469727,1.940000057220459,1.9550000429153442,238660,0.0,0.0
2026-03-26 14:35:00-04:00,1.9600000381469727,1.9700000286102295,1.9500000476837158,1.965000033378601,51439,0.0,0.0
2026-03-26 14:40:00-04:00,1.9700000286102295,1.9700000286102295,1.9600000381469727,1.965000033378601,25924,0.0,0.0
2026-03-26 14:45:00-04:00,1.965000033378601,1.9700000286102295,1.9607000350952148,1.965000033378601,22354,0.0,0.0
2026-03-26 14:50:00-04:00,1.965000033378601,1.9850000143051147,1.965000033378601,1.9850000143051147,40360,0.0,0.0
2026-03-26 14:55:00-04:00,1.9800000190734863,1.9900000095367432,1.9601999521255493,1.965000033378601,131317,0.0,0.0
2026-03-26 15:00:00-04:00,1.965000033378601,1.9700000286102295,1.9600000381469727,1.965000033378601,15394,0.0,0.0
2026-03-26 15:05:00-04:00,1.965000033378601,1.965000033378601,1.9550000429153442,1.9600000381469727,56096,0.0,0.0
2026-03-26 15:10:00-04:00,1.9550000429153442,1.9600000381469727,1.9500000476837158,1.9550000429153442,29892,0.0,0.0
2026-03-26 15:15:00-04:00,1.9550000429153442,1.9600000381469727,1.9500000476837158,1.9550000429153442,79091,0.0,0.0
2026-03-26 15:20:00-04:00,1.9550000429153442,1.9600000381469727,1.9550000429153442,1.9550000429153442,8431,0.0,0.0
2026-03-26 15:25:00-04:00,1.9550000429153442,1.9700000286102295,1.9550000429153442,1.9700000286102295,55118,0.0,0.0
2026-03-26 15:30:00-04:00,1.965000033378601,1.9700000286102295,1.9601999521255493,1.965000033378601,21156,0.0,0.0
2026-03-26 15:35:00-04:00,1.9700000286102295,1.9700000286102295,1.965000033378601,1.965000033378601,17730,0.0,0.0
2026-03-26 15:40:00-04:00,1.9700000286102295,1.9700000286102295,1.9550000429153442,1.9550000429153442,119222,0.0,0.0
2026-03-26 15:45:00-04:00,1.9550000429153442,1.9599000215530396,1.9500000476837158,1.9550000429153442,63569,0.0,0.0
2026-03-26 15:50:00-04:00,1.9550000429153442,1.9700000286102295,1.9550000429153442,1.965000033378601,83869,0.0,0.0
2026-03-26 15:55:00-04:00,1.965000033378601,1.9800000190734863,1.9600000381469727,1.9800000190734863,442131,0.0,0.0
2026-03-27 09:30:00-04:00,1.9500000476837158,1.9600000381469727,1.909999966621399,1.9199999570846558,209955,0.0,0.0
2026-03-27 09:35:00-04:00,1.9220000505447388,1.940000057220459,1.909999966621399,1.940000057220459,90700,0.0,0.0
2026-03-27 09:40:00-04:00,1.9305000305175781,1.9399000406265259,1.909999966621399,1.9149999618530273,97415,0.0,0.0
2026-03-27 09:45:00-04:00,1.9199999570846558,1.9199999570846558,1.899999976158142,1.909999966621399,64328,0.0,0.0
2026-03-27 09:50:00-04:00,1.909999966621399,1.909999966621399,1.8700000047683716,1.8799999952316284,309987,0.0,0.0
2026-03-27 09:55:00-04:00,1.8849999904632568,1.8899999856948853,1.8700000047683716,1.8849999904632568,123440,0.0,0.0
2026-03-27 10:00:00-04:00,1.8899999856948853,1.909999966621399,1.8849999904632568,1.909999966621399,92023,0.0,0.0
2026-03-27 10:05:00-04:00,1.9149999618530273,1.9199999570846558,1.899999976158142,1.9098999500274658,24517,0.0,0.0
2026-03-27 10:10:00-04:00,1.9014999866485596,1.9299999475479126,1.899999976158142,1.9149999618530273,86123,0.0,0.0
2026-03-27 10:15:00-04:00,1.9149999618530273,1.9198999404907227,1.899999976158142,1.910099983215332,103813,0.0,0.0
2026-03-27 10:20:00-04:00,1.9149999618530273,1.9149999618530273,1.909999966621399,1.9149999618530273,28710,0.0,0.0
2026-03-27 10:25:00-04:00,1.9149999618530273,1.9149999618530273,1.899999976158142,1.909999966621399,20869,0.0,0.0
2026-03-27 10:30:00-04:00,1.899999976158142,1.9149999618530273,1.899999976158142,1.9149999618530273,37322,0.0,0.0
2026-03-27 10:35:00-04:00,1.909999966621399,1.9199999570846558,1.9049999713897705,1.9049999713897705,25739,0.0,0.0
2026-03-27 10:40:00-04:00,1.899999976158142,1.909999966621399,1.899999976158142,1.909999966621399,30406,0.0,0.0
2026-03-27 10:45:00-04:00,1.9149999618530273,1.9249999523162842,1.9149999618530273,1.9149999618530273,22303,0.0,0.0
2026-03-27 10:50:00-04:00,1.9199999570846558,1.9249999523162842,1.9199999570846558,1.9199999570846558,41994,0.0,0.0
2026-03-27 10:55:00-04:00,1.9199999570846558,1.9299999475479126,1.9199999570846558,1.9299999475479126,47680,0.0,0.0
2026-03-27 11:00:00-04:00,1.9299999475479126,1.934999942779541,1.9199999570846558,1.9199999570846558,131831,0.0,0.0
2026-03-27 11:05:00-04:00,1.9149999618530273,1.9149999618530273,1.899999976158142,1.9049999713897705,26895,0.0,0.0
2026-03-27 11:10:00-04:00,1.9045000076293945,1.909999966621399,1.899999976158142,1.9049999713897705,40663,0.0,0.0
2026-03-27 11:15:00-04:00,1.9049999713897705,1.9049999713897705,1.8949999809265137,1.8949999809265137,82071,0.0,0.0
2026-03-27 11:20:00-04:00,1.8949999809265137,1.9149999618530273,1.8901000022888184,1.9049999713897705,46443,0.0,0.0
2026-03-27 11:25:00-04:00,1.902999997138977,1.9098000526428223,1.899999976158142,1.9049999713897705,26212,0.0,0.0
2026-03-27 11:30:00-04:00,1.9049999713897705,1.9184999465942383,1.9049999713897705,1.909999966621399,19892,0.0,0.0
2026-03-27 11:35:00-04:00,1.9149999618530273,1.9199999570846558,1.909999966621399,1.9199999570846558,22017,0.0,0.0
2026-03-27 11:40:00-04:00,1.909999966621399,1.9199999570846558,1.909999966621399,1.9149999618530273,51156,0.0,0.0
2026-03-27 11:45:00-04:00,1.909999966621399,1.9199999570846558,1.909999966621399,1.909999966621399,6398,0.0,0.0
2026-03-27 11:50:00-04:00,1.909999966621399,1.9249999523162842,1.909999966621399,1.9149999618530273,45646,0.0,0.0
2026-03-27 11:55:00-04:00,1.909999966621399,1.909999966621399,1.899999976158142,1.9049999713897705,53600,0.0,0.0
2026-03-27 12:00:00-04:00,1.9049999713897705,1.9098999500274658,1.8949999809265137,1.8949999809265137,20311,0.0,0.0
2026-03-27 12:05:00-04:00,1.8949999809265137,1.899999976158142,1.8849999904632568,1.8849999904632568,67036,0.0,0.0
2026-03-27 12:10:00-04:00,1.8849999904632568,1.8899999856948853,1.870300054550171,1.8812999725341797,165947,0.0,0.0
2026-03-27 12:15:00-04:00,1.8899999856948853,1.8949999809265137,1.8849999904632568,1.8949999809265137,43402,0.0,0.0
2026-03-27 12:20:00-04:00,1.8899999856948853,1.899999976158142,1.8898999691009521,1.8898999691009521,33004,0.0,0.0
2026-03-27 12:25:00-04:00,1.8866000175476074,1.8899999856948853,1.8799999952316284,1.8849999904632568,35431,0.0,0.0
2026-03-27 12:30:00-04:00,1.8799999952316284,1.8899999856948853,1.8799999952316284,1.8849999904632568,17376,0.0,0.0
2026-03-27 12:35:00-04:00,1.8849999904632568,1.8899999856948853,1.8799999952316284,1.8849999904632568,22333,0.0,0.0
2026-03-27 12:40:00-04:00,1.8819999694824219,1.8899999856948853,1.875,1.8849999904632568,55543,0.0,0.0
2026-03-27 12:45:00-04:00,1.8899999856948853,1.8899999856948853,1.8799999952316284,1.8799999952316284,46533,0.0,0.0
2026-03-27 12:50:00-04:00,1.8899999856948853,1.8899999856948853,1.8799999952316284,1.8849999904632568,33736,0.0,0.0
2026-03-27 12:55:00-04:00,1.8849999904632568,1.8899999856948853,1.8799999952316284,1.8849999904632568,23186,0.0,0.0
2026-03-27 13:00:00-04:00,1.8799999952316284,1.8899999856948853,1.8700000047683716,1.875,62736,0.0,0.0
2026-03-27 13:05:00-04:00,1.875,1.8849999904632568,1.8700000047683716,1.8799999952316284,47214,0.0,0.0
2026-03-27 13:10:00-04:00,1.8899999856948853,1.899999976158142,1.8849999904632568,1.899999976158142,13579,0.0,0.0
2026-03-27 13:15:00-04:00,1.899999976158142,1.899999976158142,1.8899999856948853,1.8949999809265137,10155,0.0,0.0
2026-03-27 13:20:00-04:00,1.8949999809265137,1.8949999809265137,1.8799999952316284,1.8949999809265137,59009,0.0,0.0
2026-03-27 13:25:00-04:00,1.8899999856948853,1.8949999809265137,1.8799999952316284,1.8899999856948853,20705,0.0,0.0
2026-03-27 13:30:00-04:00,1.88919997215271,1.8899999856948853,1.8799999952316284,1.8849999904632568,23993,0.0,0.0
2026-03-27 13:35:00-04:00,1.8849999904632568,1.8899999856948853,1.8799999952316284,1.8849999904632568,116058,0.0,0.0
2026-03-27 13:40:00-04:00,1.8849999904632568,1.8899999856948853,1.8799999952316284,1.8849999904632568,21128,0.0,0.0
2026-03-27 13:45:00-04:00,1.8849999904632568,1.8899999856948853,1.8700000047683716,1.8849999904632568,148488,0.0,0.0
2026-03-27 13:50:00-04:00,1.8799999952316284,1.8899999856948853,1.8799999952316284,1.8899999856948853,27217,0.0,0.0
2026-03-27 13:55:00-04:00,1.8897000551223755,1.8899999856948853,1.8799999952316284,1.8849999904632568,34447,0.0,0.0
2026-03-27 14:00:00-04:00,1.8849999904632568,1.8899999856948853,1.8799999952316284,1.8849999904632568,48578,0.0,0.0
2026-03-27 14:05:00-04:00,1.8799999952316284,1.8910000324249268,1.8799999952316284,1.8899999856948853,76502,0.0,0.0
2026-03-27 14:10:00-04:00,1.8899999856948853,1.899999976158142,1.8849999904632568,1.8949999809265137,125120,0.0,0.0
2026-03-27 14:15:00-04:00,1.8899999856948853,1.899999976158142,1.8899999856948853,1.899999976158142,18552,0.0,0.0
2026-03-27 14:20:00-04:00,1.8899999856948853,1.899999976158142,1.881500005722046,1.8899999856948853,65625,0.0,0.0
2026-03-27 14:25:00-04:00,1.8849999904632568,1.8899999856948853,1.8799999952316284,1.8799999952316284,14446,0.0,0.0
2026-03-27 14:30:00-04:00,1.881700038909912,1.8949999809265137,1.8799999952316284,1.8799999952316284,38447,0.0,0.0
2026-03-27 14:35:00-04:00,1.8899999856948853,1.8899999856948853,1.8799999952316284,1.8799999952316284,10362,0.0,0.0
2026-03-27 14:40:00-04:00,1.8899999856948853,1.8949999809265137,1.8849999904632568,1.8899999856948853,47548,0.0,0.0
2026-03-27 14:45:00-04:00,1.8849999904632568,1.8899999856948853,1.8799999952316284,1.8849999904632568,9268,0.0,0.0
2026-03-27 14:50:00-04:00,1.8849999904632568,1.8899999856948853,1.8799999952316284,1.8898999691009521,12924,0.0,0.0
2026-03-27 14:55:00-04:00,1.8849999904632568,1.8899999856948853,1.8799999952316284,1.8801000118255615,24997,0.0,0.0
2026-03-27 15:00:00-04:00,1.8899999856948853,1.8899999856948853,1.875,1.875,155941,0.0,0.0
2026-03-27 15:05:00-04:00,1.875,1.8799999952316284,1.8650000095367432,1.875499963760376,183491,0.0,0.0
2026-03-27 15:10:00-04:00,1.8740999698638916,1.8799999952316284,1.8701000213623047,1.875,20624,0.0,0.0
2026-03-27 15:15:00-04:00,1.875,1.8899999856948853,1.8733999729156494,1.8849999904632568,59737,0.0,0.0
2026-03-27 15:20:00-04:00,1.8899999856948853,1.8899999856948853,1.8799999952316284,1.8849999904632568,87627,0.0,0.0
2026-03-27 15:25:00-04:00,1.8849999904632568,1.8949999809265137,1.881600022315979,1.8899999856948853,168469,0.0,0.0
2026-03-27 15:30:00-04:00,1.8899999856948853,1.899999976158142,1.8799999952316284,1.8849999904632568,397107,0.0,0.0
2026-03-27 15:35:00-04:00,1.8849999904632568,1.8899999856948853,1.8700000047683716,1.8700000047683716,117715,0.0,0.0
2026-03-27 15:40:00-04:00,1.8700000047683716,1.8700000047683716,1.8600000143051147,1.8650000095367432,136739,0.0,0.0
2026-03-27 15:45:00-04:00,1.8650000095367432,1.8700000047683716,1.8600000143051147,1.8650000095367432,136392,0.0,0.0
2026-03-27 15:50:00-04:00,1.8650000095367432,1.8799999952316284,1.8600000143051147,1.875,227819,0.0,0.0
2026-03-27 15:55:00-04:00,1.875,1.8899999856948853,1.8700000047683716,1.8799999952316284,546656,0.0,0.0
2026-03-30 09:30:00-04:00,1.840000033378601,1.8700000047683716,1.8200000524520874,1.8200000524520874,435321,0.0,0.0
2026-03-30 09:35:00-04:00,1.8200000524520874,1.8300000429153442,1.809999942779541,1.8100999593734741,408421,0.0,0.0
2026-03-30 09:40:00-04:00,1.8199000358581543,1.8199000358581543,1.7799999713897705,1.7999999523162842,324554,0.0,0.0
2026-03-30 09:45:00-04:00,1.8049999475479126,1.809999942779541,1.7999999523162842,1.8061000108718872,52006,0.0,0.0
2026-03-30 09:50:00-04:00,1.7999999523162842,1.7999999523162842,1.7799999713897705,1.7900999784469604,69619,0.0,0.0
2026-03-30 09:55:00-04:00,1.7899999618530273,1.7999999523162842,1.7799999713897705,1.7799999713897705,207739,0.0,0.0
2026-03-30 10:00:00-04:00,1.7802000045776367,1.7999999523162842,1.7800999879837036,1.7899999618530273,54465,0.0,0.0
2026-03-30 10:05:00-04:00,1.7899999618530273,1.7899999618530273,1.7799999713897705,1.7799999713897705,36934,0.0,0.0
2026-03-30 10:10:00-04:00,1.7899999618530273,1.7999000549316406,1.7800999879837036,1.784999966621399,56476,0.0,0.0
2026-03-30 10:15:00-04:00,1.784999966621399,1.784999966621399,1.7599999904632568,1.7698999643325806,169160,0.0,0.0
2026-03-30 10:20:00-04:00,1.7649999856948853,1.7699999809265137,1.7549999952316284,1.7699999809265137,89876,0.0,0.0
2026-03-30 10:25:00-04:00,1.7649999856948853,1.7799999713897705,1.7649999856948853,1.7790000438690186,33336,0.0,0.0
2026-03-30 10:30:00-04:00,1.7785999774932861,1.7799999713897705,1.7599999904632568,1.7689000368118286,66992,0.0,0.0
2026-03-30 10:35:00-04:00,1.76010000705719,1.7798999547958374,1.7599999904632568,1.774999976158142,95152,0.0,0.0
2026-03-30 10:40:00-04:00,1.7785999774932861,1.7785999774932861,1.7599999904632568,1.7698999643325806,50807,0.0,0.0
2026-03-30 10:45:00-04:00,1.7599999904632568,1.774999976158142,1.7599999904632568,1.7649999856948853,68485,0.0,0.0
2026-03-30 10:50:00-04:00,1.7699999809265137,1.7699999809265137,1.7599999904632568,1.7649999856948853,83528,0.0,0.0
2026-03-30 10:55:00-04:00,1.7649999856948853,1.7799999713897705,1.7599999904632568,1.7799999713897705,233982,0.0,0.0
2026-03-30 11:00:00-04:00,1.774999976158142,1.7799999713897705,1.7699999809265137,1.7799999713897705,42662,0.0,0.0
2026-03-30 11:05:00-04:00,1.7799999713897705,1.7899999618530273,1.7716000080108643,1.7799999713897705,77951,0.0,0.0
2026-03-30 11:10:00-04:00,1.7799999713897705,1.7899999618530273,1.7599999904632568,1.76010000705719,156785,0.0,0.0
2026-03-30 11:15:00-04:00,1.7603000402450562,1.7603000402450562,1.75,1.7599999904632568,129067,0.0,0.0
2026-03-30 11:20:00-04:00,1.7699999809265137,1.7699999809265137,1.7599999904632568,1.7699999809265137,29251,0.0,0.0
2026-03-30 11:25:00-04:00,1.7699999809265137,1.7799999713897705,1.7649999856948853,1.7699999809265137,47392,0.0,0.0
2026-03-30 11:30:00-04:00,1.7699999809265137,1.7799999713897705,1.7599999904632568,1.770300030708313,61274,0.0,0.0
2026-03-30 11:35:00-04:00,1.774999976158142,1.7899999618530273,1.774999976158142,1.7800999879837036,85430,0.0,0.0
2026-03-30 11:40:00-04:00,1.7799999713897705,1.7799999713897705,1.7699999809265137,1.7799999713897705,32769,0.0,0.0
2026-03-30 11:45:00-04:00,1.774999976158142,1.7899999618530273,1.774999976158142,1.7799999713897705,46886,0.0,0.0
2026-03-30 11:50:00-04:00,1.7799999713897705,1.7899999618530273,1.7799999713897705,1.784999966621399,11630,0.0,0.0
2026-03-30 11:55:00-04:00,1.784999966621399,1.7899999618530273,1.7699999809265137,1.777999997138977,48303,0.0,0.0
2026-03-30 12:00:00-04:00,1.7699999809265137,1.7799999713897705,1.7699999809265137,1.7699999809265137,24510,0.0,0.0
2026-03-30 12:05:00-04:00,1.7699999809265137,1.774999976158142,1.7599999904632568,1.7654999494552612,312631,0.0,0.0
2026-03-30 12:10:00-04:00,1.7699999809265137,1.7799999713897705,1.7599999904632568,1.774999976158142,192265,0.0,0.0
2026-03-30 12:15:00-04:00,1.7799999713897705,1.7799999713897705,1.7699999809265137,1.7799999713897705,30567,0.0,0.0
2026-03-30 12:20:00-04:00,1.7799999713897705,1.7799999713897705,1.7699999809265137,1.7799999713897705,21884,0.0,0.0
2026-03-30 12:25:00-04:00,1.7699999809265137,1.7799999713897705,1.7699999809265137,1.7699999809265137,25432,0.0,0.0
2026-03-30 12:30:00-04:00,1.7699999809265137,1.7799999713897705,1.7649999856948853,1.774999976158142,54844,0.0,0.0
2026-03-30 12:35:00-04:00,1.774999976158142,1.7799999713897705,1.7699999809265137,1.7699999809265137,8788,0.0,0.0
2026-03-30 12:40:00-04:00,1.774999976158142,1.7799999713897705,1.7621999979019165,1.7621999979019165,48566,0.0,0.0
2026-03-30 12:45:00-04:00,1.7698999643325806,1.7799999713897705,1.7649999856948853,1.7699999809265137,97443,0.0,0.0
2026-03-30 12:50:00-04:00,1.774999976158142,1.7799999713897705,1.7649999856948853,1.7649999856948853,24026,0.0,0.0
2026-03-30 12:55:00-04:00,1.7699999809265137,1.7699999809265137,1.7599999904632568,1.7649999856948853,35472,0.0,0.0
2026-03-30 13:00:00-04:00,1.7599999904632568,1.7695000171661377,1.7599999904632568,1.7649999856948853,17030,0.0,0.0
2026-03-30 13:05:00-04:00,1.7599999904632568,1.7699999809265137,1.7599999904632568,1.7649999856948853,7453,0.0,0.0
2026-03-30 13:10:00-04:00,1.7699999809265137,1.7699999809265137,1.7596999406814575,1.7599999904632568,83791,0.0,0.0
2026-03-30 13:15:00-04:00,1.7649999856948853,1.7698999643325806,1.7549999952316284,1.7599999904632568,31645,0.0,0.0
2026-03-30 13:20:00-04:00,1.7649999856948853,1.7699999809265137,1.7649999856948853,1.7649999856948853,24377,0.0,0.0
2026-03-30 13:25:00-04:00,1.7699999809265137,1.774999976158142,1.7649999856948853,1.774999976158142,46759,0.0,0.0
2026-03-30 13:30:00-04:00,1.770300030708313,1.7798999547958374,1.7699999809265137,1.7699999809265137,13667,0.0,0.0
2026-03-30 13:35:00-04:00,1.7719999551773071,1.774999976158142,1.7599999904632568,1.7700999975204468,100513,0.0,0.0
2026-03-30 13:40:00-04:00,1.771299958229065,1.774999976158142,1.7699999809265137,1.774999976158142,16405,0.0,0.0
2026-03-30 13:45:00-04:00,1.7700999975204468,1.774999976158142,1.7699999809265137,1.7700999975204468,31975,0.0,0.0
2026-03-30 13:50:00-04:00,1.7699999809265137,1.7699999809265137,1.7599999904632568,1.76010000705719,35276,0.0,0.0
2026-03-30 13:55:00-04:00,1.7649999856948853,1.7699999809265137,1.7599999904632568,1.7699999809265137,38088,0.0,0.0
2026-03-30 14:00:00-04:00,1.7599999904632568,1.7699999809265137,1.7599999904632568,1.7649999856948853,35632,0.0,0.0
2026-03-30 14:05:00-04:00,1.7649999856948853,1.7699999809265137,1.7635999917984009,1.7699999809265137,13262,0.0,0.0
2026-03-30 14:10:00-04:00,1.7649999856948853,1.774999976158142,1.7649999856948853,1.7734999656677246,40831,0.0,0.0
2026-03-30 14:15:00-04:00,1.774999976158142,1.774999976158142,1.7649999856948853,1.7649999856948853,50258,0.0,0.0
2026-03-30 14:20:00-04:00,1.7699999809265137,1.7699999809265137,1.76010000705719,1.7649999856948853,37621,0.0,0.0
2026-03-30 14:25:00-04:00,1.7599999904632568,1.7755000591278076,1.7599999904632568,1.774999976158142,45842,0.0,0.0
2026-03-30 14:30:00-04:00,1.7699999809265137,1.7799999713897705,1.7699999809265137,1.774999976158142,27071,0.0,0.0
2026-03-30 14:35:00-04:00,1.7799999713897705,1.7799999713897705,1.7699999809265137,1.7699999809265137,21689,0.0,0.0
2026-03-30 14:40:00-04:00,1.774999976158142,1.774999976158142,1.7699999809265137,1.774999976158142,9431,0.0,0.0
2026-03-30 14:45:00-04:00,1.774999976158142,1.7799999713897705,1.7699999809265137,1.774999976158142,35294,0.0,0.0
2026-03-30 14:50:00-04:00,1.774999976158142,1.774999976158142,1.7599999904632568,1.7649999856948853,86836,0.0,0.0
2026-03-30 14:55:00-04:00,1.7699999809265137,1.7699999809265137,1.7603000402450562,1.7649999856948853,14836,0.0,0.0
2026-03-30 15:00:00-04:00,1.76010000705719,1.7699999809265137,1.76010000705719,1.7649999856948853,44916,0.0,0.0
2026-03-30 15:05:00-04:00,1.7649999856948853,1.7649999856948853,1.75,1.7549999952316284,209783,0.0,0.0
2026-03-30 15:10:00-04:00,1.7549999952316284,1.7592999935150146,1.7400000095367432,1.75,354075,0.0,0.0
2026-03-30 15:15:00-04:00,1.7450000047683716,1.75,1.7400000095367432,1.7450000047683716,48439,0.0,0.0
2026-03-30 15:20:00-04:00,1.7450000047683716,1.75,1.7450000047683716,1.7450000047683716,40368,0.0,0.0
2026-03-30 15:25:00-04:00,1.7450000047683716,1.75,1.7400000095367432,1.7400000095367432,65039,0.0,0.0
2026-03-30 15:30:00-04:00,1.7450000047683716,1.7450000047683716,1.7300000190734863,1.7350000143051147,157938,0.0,0.0
2026-03-30 15:35:00-04:00,1.7400000095367432,1.7549999952316284,1.7300000190734863,1.7549999952316284,177621,0.0,0.0
2026-03-30 15:40:00-04:00,1.7549999952316284,1.7599999904632568,1.75,1.7549999952316284,150753,0.0,0.0
2026-03-30 15:45:00-04:00,1.75,1.7549999952316284,1.7400000095367432,1.7450000047683716,155764,0.0,0.0
2026-03-30 15:50:00-04:00,1.7450000047683716,1.7549999952316284,1.7400000095367432,1.7450000047683716,134509,0.0,0.0
2026-03-30 15:55:00-04:00,1.7450000047683716,1.7599999904632568,1.7450000047683716,1.7549999952316284,290916,0.0,0.0
2026-03-31 09:30:00-04:00,1.7599999904632568,1.7999999523162842,1.7599999904632568,1.7699999809265137,588993,0.0,0.0
2026-03-31 09:35:00-04:00,1.7699999809265137,1.774999976158142,1.75,1.7549999952316284,132226,0.0,0.0
2026-03-31 09:40:00-04:00,1.7549999952316284,1.7666000127792358,1.75,1.7549999952316284,309509,0.0,0.0
2026-03-31 09:45:00-04:00,1.7549999952316284,1.784999966621399,1.75,1.784999966621399,282702,0.0,0.0
2026-03-31 09:50:00-04:00,1.7899999618530273,1.809999942779541,1.784999966621399,1.809999942779541,212741,0.0,0.0
2026-03-31 09:55:00-04:00,1.8049999475479126,1.809999942779541,1.7999999523162842,1.8049999475479126,203345,0.0,0.0
2026-03-31 10:00:00-04:00,1.8049999475479126,1.8286999464035034,1.8000999689102173,1.819000005722046,181514,0.0,0.0
2026-03-31 10:05:00-04:00,1.8200000524520874,1.8200000524520874,1.8049999475479126,1.8049999475479126,47221,0.0,0.0
2026-03-31 10:10:00-04:00,1.7999999523162842,1.809999942779541,1.7899999618530273,1.7949999570846558,125807,0.0,0.0
2026-03-31 10:15:00-04:00,1.7949999570846558,1.7999999523162842,1.784999966621399,1.7898999452590942,58789,0.0,0.0
2026-03-31 10:20:00-04:00,1.7899999618530273,1.7999999523162842,1.7799999713897705,1.7949999570846558,81497,0.0,0.0
2026-03-31 10:25:00-04:00,1.7949999570846558,1.7999999523162842,1.7900999784469604,1.799299955368042,22594,0.0,0.0
2026-03-31 10:30:00-04:00,1.7949999570846558,1.8049999475479126,1.7899999618530273,1.7999999523162842,145212,0.0,0.0
2026-03-31 10:35:00-04:00,1.7900999784469604,1.7949999570846558,1.7699999809265137,1.774999976158142,133451,0.0,0.0
2026-03-31 10:40:00-04:00,1.774999976158142,1.784999966621399,1.7649999856948853,1.774999976158142,275994,0.0,0.0
2026-03-31 10:45:00-04:00,1.774999976158142,1.774999976158142,1.7649999856948853,1.774999976158142,25092,0.0,0.0
2026-03-31 10:50:00-04:00,1.774999976158142,1.774999976158142,1.7699999809265137,1.774999976158142,42579,0.0,0.0
2026-03-31 10:55:00-04:00,1.7700999975204468,1.784999966621399,1.7599999904632568,1.784999966621399,79054,0.0,0.0
2026-03-31 11:00:00-04:00,1.7899999618530273,1.7949999570846558,1.7799999713897705,1.7899999618530273,47653,0.0,0.0
2026-03-31 11:05:00-04:00,1.7799999713897705,1.7949999570846558,1.774999976158142,1.7798999547958374,86470,0.0,0.0
2026-03-31 11:10:00-04:00,1.774999976158142,1.7949999570846558,1.774999976158142,1.7899999618530273,125061,0.0,0.0
2026-03-31 11:15:00-04:00,1.7899999618530273,1.7999999523162842,1.784999966621399,1.784999966621399,55436,0.0,0.0
2026-03-31 11:20:00-04:00,1.7899999618530273,1.7999999523162842,1.784999966621399,1.7999999523162842,21367,0.0,0.0
2026-03-31 11:25:00-04:00,1.7949999570846558,1.7999999523162842,1.7799999713897705,1.784999966621399,32916,0.0,0.0
2026-03-31 11:30:00-04:00,1.784999966621399,1.7899999618530273,1.7799999713897705,1.7899999618530273,14145,0.0,0.0
2026-03-31 11:35:00-04:00,1.784999966621399,1.7899999618530273,1.7799999713897705,1.784999966621399,56545,0.0,0.0
2026-03-31 11:40:00-04:00,1.784999966621399,1.7899999618530273,1.7799999713897705,1.784999966621399,15339,0.0,0.0
2026-03-31 11:45:00-04:00,1.7899999618530273,1.7899999618530273,1.7699999809265137,1.7700999975204468,42468,0.0,0.0
2026-03-31 11:50:00-04:00,1.7786999940872192,1.7799999713897705,1.774999976158142,1.774999976158142,9285,0.0,0.0
2026-03-31 11:55:00-04:00,1.770300030708313,1.7798999547958374,1.7549999952316284,1.7597999572753906,196094,0.0,0.0
2026-03-31 12:00:00-04:00,1.7599999904632568,1.7599999904632568,1.7503000497817993,1.7549999952316284,43270,0.0,0.0
2026-03-31 12:05:00-04:00,1.757599949836731,1.7699999809265137,1.7512999773025513,1.7649999856948853,27979,0.0,0.0
2026-03-31 12:10:00-04:00,1.7699999809265137,1.7699999809265137,1.7599999904632568,1.7649999856948853,9650,0.0,0.0
2026-03-31 12:15:00-04:00,1.7649999856948853,1.7699999809265137,1.7649999856948853,1.7649999856948853,11681,0.0,0.0
2026-03-31 12:20:00-04:00,1.7699999809265137,1.774999976158142,1.7599999904632568,1.7699999809265137,21355,0.0,0.0
2026-03-31 12:25:00-04:00,1.7799999713897705,1.7799999713897705,1.7699999809265137,1.774999976158142,21773,0.0,0.0
2026-03-31 12:30:00-04:00,1.7699999809265137,1.7786999940872192,1.7649999856948853,1.7699999809265137,32077,0.0,0.0
2026-03-31 12:35:00-04:00,1.7698999643325806,1.7799999713897705,1.7649999856948853,1.774999976158142,329795,0.0,0.0
2026-03-31 12:40:00-04:00,1.774999976158142,1.8200000524520874,1.774999976158142,1.809999942779541,94735,0.0,0.0
2026-03-31 12:45:00-04:00,1.8111000061035156,1.8200000524520874,1.7949999570846558,1.8049999475479126,99000,0.0,0.0
2026-03-31 12:50:00-04:00,1.8049999475479126,1.809999942779541,1.8040000200271606,1.809999942779541,46633,0.0,0.0
2026-03-31 12:55:00-04:00,1.809999942779541,1.809999942779541,1.7999999523162842,1.8049999475479126,14139,0.0,0.0
2026-03-31 13:00:00-04:00,1.809999942779541,1.809999942779541,1.784999966621399,1.7999999523162842,200875,0.0,0.0
2026-03-31 13:05:00-04:00,1.7899999618530273,1.7999999523162842,1.7899999618530273,1.7899999618530273,12994,0.0,0.0
2026-03-31 13:10:00-04:00,1.7899999618530273,1.7999999523162842,1.784999966621399,1.7999999523162842,10827,0.0,0.0
2026-03-31 13:15:00-04:00,1.7999999523162842,1.8049999475479126,1.7900999784469604,1.7999999523162842,76492,0.0,0.0
2026-03-31 13:20:00-04:00,1.7999999523162842,1.7999999523162842,1.7949999570846558,1.7999999523162842,8403,0.0,0.0
2026-03-31 13:25:00-04:00,1.7899999618530273,1.7999999523162842,1.784999966621399,1.7899999618530273,58538,0.0,0.0
2026-03-31 13:30:00-04:00,1.7899999618530273,1.7999999523162842,1.7899999618530273,1.7949999570846558,13348,0.0,0.0
2026-03-31 13:35:00-04:00,1.7949999570846558,1.7999999523162842,1.7899999618530273,1.7999999523162842,16555,0.0,0.0
2026-03-31 13:40:00-04:00,1.7949999570846558,1.7999999523162842,1.7899999618530273,1.7899999618530273,7653,0.0,0.0
2026-03-31 13:45:00-04:00,1.7949999570846558,1.7999999523162842,1.7800999879837036,1.784999966621399,52199,0.0,0.0
2026-03-31 13:50:00-04:00,1.784999966621399,1.7899999618530273,1.7699999809265137,1.7799999713897705,79003,0.0,0.0
2026-03-31 13:55:00-04:00,1.774999976158142,1.7799999713897705,1.7699999809265137,1.7700999975204468,17747,0.0,0.0
2026-03-31 14:00:00-04:00,1.774999976158142,1.7799999713897705,1.7649999856948853,1.774999976158142,107976,0.0,0.0
2026-03-31 14:05:00-04:00,1.774999976158142,1.7799999713897705,1.774999976158142,1.7799999713897705,8371,0.0,0.0
2026-03-31 14:10:00-04:00,1.774999976158142,1.7799999713897705,1.7699999809265137,1.7799999713897705,7611,0.0,0.0
2026-03-31 14:15:00-04:00,1.7799999713897705,1.7899999618530273,1.774999976158142,1.7799999713897705,25758,0.0,0.0
2026-03-31 14:20:00-04:00,1.7799999713897705,1.784999966621399,1.7799999713897705,1.7799999713897705,19777,0.0,0.0
2026-03-31 14:25:00-04:00,1.7799999713897705,1.784999966621399,1.7700999975204468,1.784999966621399,28693,0.0,0.0
2026-03-31 14:30:00-04:00,1.7899999618530273,1.7899999618530273,1.7799999713897705,1.7799999713897705,13014,0.0,0.0
2026-03-31 14:35:00-04:00,1.7897000312805176,1.7999999523162842,1.784999966621399,1.7999999523162842,24471,0.0,0.0
2026-03-31 14:40:00-04:00,1.7899999618530273,1.7999999523162842,1.7899999618530273,1.7991000413894653,15054,0.0,0.0
2026-03-31 14:45:00-04:00,1.7999999523162842,1.8049999475479126,1.7899999618530273,1.7949999570846558,385423,0.0,0.0
2026-03-31 14:50:00-04:00,1.7999999523162842,1.7999999523162842,1.7799999713897705,1.784999966621399,59113,0.0,0.0
2026-03-31 14:55:00-04:00,1.784600019454956,1.7899999618530273,1.784600019454956,1.784999966621399,14257,0.0,0.0
2026-03-31 15:00:00-04:00,1.784999966621399,1.7999999523162842,1.784999966621399,1.7949999570846558,102332,0.0,0.0
2026-03-31 15:05:00-04:00,1.7949999570846558,1.7999999523162842,1.7799999713897705,1.784999966621399,52151,0.0,0.0
2026-03-31 15:10:00-04:00,1.784999966621399,1.7899999618530273,1.781599998474121,1.7858999967575073,10625,0.0,0.0
2026-03-31 15:15:00-04:00,1.784999966621399,1.7949999570846558,1.784999966621399,1.7899999618530273,40961,0.0,0.0
2026-03-31 15:20:00-04:00,1.7899999618530273,1.7999999523162842,1.7899999618530273,1.7949999570846558,9931,0.0,0.0
2026-03-31 15:25:00-04:00,1.7899999618530273,1.7999999523162842,1.7799999713897705,1.7884999513626099,66678,0.0,0.0
2026-03-31 15:30:00-04:00,1.7899999618530273,1.7899999618530273,1.7799999713897705,1.7799999713897705,27170,0.0,0.0
2026-03-31 15:35:00-04:00,1.784999966621399,1.7889000177383423,1.7799999713897705,1.784999966621399,147705,0.0,0.0
2026-03-31 15:40:00-04:00,1.784999966621399,1.7899999618530273,1.7799999713897705,1.7899999618530273,27999,0.0,0.0
2026-03-31 15:45:00-04:00,1.7799999713897705,1.809999942779541,1.7799999713897705,1.8049999475479126,226046,0.0,0.0
2026-03-31 15:50:00-04:00,1.8049999475479126,1.809999942779541,1.7999999523162842,1.801200032234192,184827,0.0,0.0
2026-03-31 15:55:00-04:00,1.809999942779541,1.8200000524520874,1.7999999523162842,1.815000057220459,494216,0.0,0.0
2026-04-01 09:30:00-04:00,1.840000033378601,1.8600000143051147,1.809999942779541,1.8550000190734863,739645,0.0,0.0
2026-04-01 09:35:00-04:00,1.8550000190734863,1.8600000143051147,1.8350000381469727,1.8350000381469727,33032,0.0,0.0
2026-04-01 09:40:00-04:00,1.8398000001907349,1.8450000286102295,1.809999942779541,1.815000057220459,167065,0.0,0.0
2026-04-01 09:45:00-04:00,1.8200000524520874,1.8200000524520874,1.7899999618530273,1.809000015258789,269789,0.0,0.0
2026-04-01 09:50:00-04:00,1.7999999523162842,1.8300000429153442,1.7934999465942383,1.8200000524520874,193997,0.0,0.0
2026-04-01 09:55:00-04:00,1.8300000429153442,1.8450000286102295,1.8250000476837158,1.8300000429153442,55038,0.0,0.0
2026-04-01 10:00:00-04:00,1.836899995803833,1.8700000047683716,1.8350000381469727,1.8700000047683716,627878,0.0,0.0
2026-04-01 10:05:00-04:00,1.8600000143051147,1.8799999952316284,1.8600000143051147,1.875,175780,0.0,0.0
2026-04-01 10:10:00-04:00,1.8701000213623047,1.8799999952316284,1.8700000047683716,1.875,30267,0.0,0.0
2026-04-01 10:15:00-04:00,1.8701000213623047,1.8849999904632568,1.8700000047683716,1.8849999904632568,142178,0.0,0.0
2026-04-01 10:20:00-04:00,1.8899999856948853,1.899999976158142,1.8799999952316284,1.8871999979019165,118193,0.0,0.0
2026-04-01 10:25:00-04:00,1.8799999952316284,1.8866000175476074,1.8550000190734863,1.8550000190734863,397344,0.0,0.0
2026-04-01 10:30:00-04:00,1.850100040435791,1.8700000047683716,1.850100040435791,1.8600000143051147,41840,0.0,0.0
2026-04-01 10:35:00-04:00,1.8550000190734863,1.8651000261306763,1.850000023841858,1.8651000261306763,44297,0.0,0.0
2026-04-01 10:40:00-04:00,1.8681000471115112,1.8798999786376953,1.8650000095367432,1.8700000047683716,105978,0.0,0.0
2026-04-01 10:45:00-04:00,1.8700000047683716,1.8700000047683716,1.8601000308990479,1.8695000410079956,12995,0.0,0.0
2026-04-01 10:50:00-04:00,1.8700000047683716,1.878499984741211,1.8601000308990479,1.878499984741211,22093,0.0,0.0
2026-04-01 10:55:00-04:00,1.875,1.8799999952316284,1.8700000047683716,1.8788000345230103,42952,0.0,0.0
2026-04-01 11:00:00-04:00,1.8799999952316284,1.8799999952316284,1.875,1.8798999786376953,55934,0.0,0.0
2026-04-01 11:05:00-04:00,1.875,1.875,1.8600000143051147,1.8700000047683716,201963,0.0,0.0
2026-04-01 11:10:00-04:00,1.8650000095367432,1.8700000047683716,1.8600000143051147,1.8700000047683716,18956,0.0,0.0
2026-04-01 11:15:00-04:00,1.8650000095367432,1.8799999952316284,1.8600000143051147,1.8799999952316284,206742,0.0,0.0
2026-04-01 11:20:00-04:00,1.8762999773025513,1.8799999952316284,1.8702000379562378,1.875,64032,0.0,0.0
2026-04-01 11:25:00-04:00,1.875,1.8799999952316284,1.875,1.8799999952316284,16940,0.0,0.0
2026-04-01 11:30:00-04:00,1.875,1.8799999952316284,1.8700000047683716,1.8799999952316284,20103,0.0,0.0
2026-04-01 11:35:00-04:00,1.8799999952316284,1.8849999904632568,1.8700000047683716,1.8797999620437622,105112,0.0,0.0
2026-04-01 11:40:00-04:00,1.8798999786376953,1.8799999952316284,1.8701000213623047,1.8798999786376953,28955,0.0,0.0
2026-04-01 11:45:00-04:00,1.875,1.8799999952316284,1.8650000095367432,1.8650000095367432,59557,0.0,0.0
2026-04-01 11:50:00-04:00,1.8600000143051147,1.8600000143051147,1.8550000190734863,1.8598999977111816,60413,0.0,0.0
2026-04-01 11:55:00-04:00,1.8550000190734863,1.8600000143051147,1.850000023841858,1.8550000190734863,50358,0.0,0.0
2026-04-01 12:00:00-04:00,1.8600000143051147,1.8700000047683716,1.8600000143051147,1.8650000095367432,40743,0.0,0.0
2026-04-01 12:05:00-04:00,1.8650000095367432,1.8650000095367432,1.8600000143051147,1.8650000095367432,24226,0.0,0.0
2026-04-01 12:10:00-04:00,1.8600000143051147,1.8600000143051147,1.8450000286102295,1.8450000286102295,193376,0.0,0.0
2026-04-01 12:15:00-04:00,1.8450000286102295,1.850000023841858,1.840000033378601,1.8450000286102295,14460,0.0,0.0
2026-04-01 12:20:00-04:00,1.8450000286102295,1.850000023841858,1.8411999940872192,1.8499000072479248,13556,0.0,0.0
2026-04-01 12:25:00-04:00,1.840000033378601,1.850000023841858,1.840000033378601,1.8420000076293945,27249,0.0,0.0
2026-04-01 12:30:00-04:00,1.840999960899353,1.850000023841858,1.840000033378601,1.8401000499725342,67238,0.0,0.0
2026-04-01 12:35:00-04:00,1.8450000286102295,1.850000023841858,1.840000033378601,1.8450000286102295,10473,0.0,0.0
2026-04-01 12:40:00-04:00,1.8450000286102295,1.8450000286102295,1.8350000381469727,1.8450000286102295,31744,0.0,0.0
2026-04-01 12:45:00-04:00,1.8499000072479248,1.8600000143051147,1.8401000499725342,1.8450000286102295,140012,0.0,0.0
2026-04-01 12:50:00-04:00,1.8450000286102295,1.850000023841858,1.8401000499725342,1.850000023841858,6548,0.0,0.0
2026-04-01 12:55:00-04:00,1.840000033378601,1.8600000143051147,1.840000033378601,1.8550000190734863,27979,0.0,0.0
2026-04-01 13:00:00-04:00,1.8550000190734863,1.8600000143051147,1.850000023841858,1.8550000190734863,37741,0.0,0.0
2026-04-01 13:05:00-04:00,1.8550000190734863,1.8600000143051147,1.8550000190734863,1.8600000143051147,18226,0.0,0.0
2026-04-01 13:10:00-04:00,1.850000023841858,1.8600000143051147,1.850000023841858,1.8550000190734863,39068,0.0,0.0
2026-04-01 13:15:00-04:00,1.8550000190734863,1.8600000143051147,1.8450000286102295,1.8550000190734863,102860,0.0,0.0
2026-04-01 13:20:00-04:00,1.850000023841858,1.8550000190734863,1.8450000286102295,1.8467999696731567,23903,0.0,0.0
2026-04-01 13:25:00-04:00,1.8499000072479248,1.850000023841858,1.844499945640564,1.8450000286102295,23717,0.0,0.0
2026-04-01 13:30:00-04:00,1.8450000286102295,1.850000023841858,1.8450000286102295,1.8450000286102295,4086,0.0,0.0
2026-04-01 13:35:00-04:00,1.8450000286102295,1.850000023841858,1.840000033378601,1.8450000286102295,30135,0.0,0.0
2026-04-01 13:40:00-04:00,1.8468999862670898,1.850000023841858,1.840000033378601,1.8450000286102295,14666,0.0,0.0
2026-04-01 13:45:00-04:00,1.850000023841858,1.850000023841858,1.840000033378601,1.850000023841858,10638,0.0,0.0
2026-04-01 13:50:00-04:00,1.8499000072479248,1.850000023841858,1.8499000072479248,1.850000023841858,10332,0.0,0.0
2026-04-01 13:55:00-04:00,1.850000023841858,1.850000023841858,1.840999960899353,1.8450000286102295,20372,0.0,0.0
2026-04-01 14:00:00-04:00,1.8450000286102295,1.850000023841858,1.8350000381469727,1.8350000381469727,36716,0.0,0.0
2026-04-01 14:05:00-04:00,1.840000033378601,1.840000033378601,1.8300000429153442,1.8350000381469727,24640,0.0,0.0
2026-04-01 14:10:00-04:00,1.8350000381469727,1.840000033378601,1.8350000381469727,1.8350000381469727,14769,0.0,0.0
2026-04-01 14:15:00-04:00,1.8350000381469727,1.8355000019073486,1.8200000524520874,1.8299000263214111,49203,0.0,0.0
2026-04-01 14:20:00-04:00,1.8250000476837158,1.8350000381469727,1.8200000524520874,1.8300000429153442,93579,0.0,0.0
2026-04-01 14:25:00-04:00,1.8250000476837158,1.8300000429153442,1.8200000524520874,1.8300000429153442,26929,0.0,0.0
2026-04-01 14:30:00-04:00,1.8265999555587769,1.8265999555587769,1.8200000524520874,1.8250000476837158,33494,0.0,0.0
2026-04-01 14:35:00-04:00,1.8250000476837158,1.8300000429153442,1.8200000524520874,1.8250000476837158,53189,0.0,0.0
2026-04-01 14:40:00-04:00,1.8250000476837158,1.8350000381469727,1.8200000524520874,1.8300000429153442,89066,0.0,0.0
2026-04-01 14:45:00-04:00,1.8200000524520874,1.8300000429153442,1.809999942779541,1.809999942779541,40022,0.0,0.0
2026-04-01 14:50:00-04:00,1.8199000358581543,1.8200000524520874,1.809999942779541,1.8200000524520874,12751,0.0,0.0
2026-04-01 14:55:00-04:00,1.815000057220459,1.8200000524520874,1.809999942779541,1.815000057220459,36268,0.0,0.0
2026-04-01 15:00:00-04:00,1.815000057220459,1.8300000429153442,1.809999942779541,1.8250000476837158,76054,0.0,0.0
2026-04-01 15:05:00-04:00,1.8250000476837158,1.8300000429153442,1.8250000476837158,1.8250000476837158,30388,0.0,0.0
2026-04-01 15:10:00-04:00,1.8250000476837158,1.8300000429153442,1.8200000524520874,1.8250000476837158,16154,0.0,0.0
2026-04-01 15:15:00-04:00,1.8250000476837158,1.8300000429153442,1.8200000524520874,1.8250000476837158,24782,0.0,0.0
2026-04-01 15:20:00-04:00,1.8250000476837158,1.8300000429153442,1.8200000524520874,1.8250000476837158,23724,0.0,0.0
2026-04-01 15:25:00-04:00,1.8250000476837158,1.8300000429153442,1.8200000524520874,1.8200000524520874,59557,0.0,0.0
2026-04-01 15:30:00-04:00,1.8202999830245972,1.8300000429153442,1.815000057220459,1.815000057220459,80173,0.0,0.0
2026-04-01 15:35:00-04:00,1.816499948501587,1.8200000524520874,1.809999942779541,1.815000057220459,40013,0.0,0.0
2026-04-01 15:40:00-04:00,1.809999942779541,1.8200000524520874,1.809999942779541,1.815000057220459,31154,0.0,0.0
2026-04-01 15:45:00-04:00,1.815000057220459,1.815000057220459,1.7899999618530273,1.7958999872207642,340079,0.0,0.0
2026-04-01 15:50:00-04:00,1.7949999570846558,1.7999999523162842,1.7899999618530273,1.7949999570846558,85959,0.0,0.0
2026-04-01 15:55:00-04:00,1.7999999523162842,1.809999942779541,1.7899999618530273,1.7899999618530273,628427,0.0,0.0
2026-04-02 09:30:00-04:00,1.75,1.7549999952316284,1.7200000286102295,1.7350000143051147,323131,0.0,0.0
2026-04-02 09:35:00-04:00,1.7388999462127686,1.7400000095367432,1.7300000190734863,1.7359999418258667,40372,0.0,0.0
2026-04-02 09:40:00-04:00,1.7350000143051147,1.7400000095367432,1.7350000143051147,1.7355999946594238,33026,0.0,0.0
2026-04-02 09:45:00-04:00,1.73989999294281,1.73989999294281,1.7200000286102295,1.7300000190734863,171968,0.0,0.0
2026-04-02 09:50:00-04:00,1.725000023841858,1.7300000190734863,1.7200000286102295,1.725000023841858,59248,0.0,0.0
2026-04-02 09:55:00-04:00,1.7300000190734863,1.7300000190734863,1.7200000286102295,1.725000023841858,37038,0.0,0.0
2026-04-02 10:00:00-04:00,1.7236000299453735,1.7300000190734863,1.7200000286102295,1.7285000085830688,26402,0.0,0.0
2026-04-02 10:05:00-04:00,1.7300000190734863,1.7300000190734863,1.7200000286102295,1.725000023841858,26223,0.0,0.0
2026-04-02 10:10:00-04:00,1.7300000190734863,1.75,1.725000023841858,1.7400000095367432,98951,0.0,0.0
2026-04-02 10:15:00-04:00,1.7300000190734863,1.7400000095367432,1.7300000190734863,1.7300000190734863,53272,0.0,0.0
2026-04-02 10:20:00-04:00,1.7200000286102295,1.7400000095367432,1.7200000286102295,1.7301000356674194,117499,0.0,0.0
2026-04-02 10:25:00-04:00,1.7300000190734863,1.7300000190734863,1.7200000286102295,1.7299000024795532,533921,0.0,0.0
2026-04-02 10:30:00-04:00,1.7200000286102295,1.7400000095367432,1.7200000286102295,1.7400000095367432,26067,0.0,0.0
2026-04-02 10:35:00-04:00,1.7400000095367432,1.774999976158142,1.7400000095367432,1.7699999809265137,124322,0.0,0.0
2026-04-02 10:40:00-04:00,1.7799999713897705,1.7799999713897705,1.7599999904632568,1.7789000272750854,69910,0.0,0.0
2026-04-02 10:45:00-04:00,1.7799999713897705,1.7799999713897705,1.7699999809265137,1.774999976158142,13764,0.0,0.0
2026-04-02 10:50:00-04:00,1.7699999809265137,1.7699999809265137,1.7610000371932983,1.7610000371932983,41156,0.0,0.0
2026-04-02 10:55:00-04:00,1.7699999809265137,1.7799999713897705,1.7649999856948853,1.7799999713897705,498091,0.0,0.0
2026-04-02 11:00:00-04:00,1.774999976158142,1.774999976158142,1.7699999809265137,1.7699999809265137,13175,0.0,0.0
2026-04-02 11:05:00-04:00,1.7798999547958374,1.7798999547958374,1.7649999856948853,1.7699999809265137,40974,0.0,0.0
2026-04-02 11:10:00-04:00,1.7682000398635864,1.7798999547958374,1.7682000398635864,1.774999976158142,25087,0.0,0.0
2026-04-02 11:15:00-04:00,1.774999976158142,1.7767000198364258,1.7649999856948853,1.7651000022888184,24012,0.0,0.0
2026-04-02 11:20:00-04:00,1.7599999904632568,1.7599999904632568,1.7400000095367432,1.7599999904632568,72139,0.0,0.0
2026-04-02 11:25:00-04:00,1.75,1.7599999904632568,1.75,1.7549999952316284,5330,0.0,0.0
2026-04-02 11:30:00-04:00,1.7599999904632568,1.7599999904632568,1.75,1.7599999904632568,7622,0.0,0.0
2026-04-02 11:35:00-04:00,1.7599999904632568,1.7599999904632568,1.75,1.7549999952316284,18751,0.0,0.0
2026-04-02 11:40:00-04:00,1.750100016593933,1.7599999904632568,1.75,1.7549999952316284,13273,0.0,0.0
2026-04-02 11:45:00-04:00,1.7549999952316284,1.7599999904632568,1.75,1.75,52622,0.0,0.0
2026-04-02 11:50:00-04:00,1.75,1.7599999904632568,1.7400000095367432,1.7599999904632568,49863,0.0,0.0
2026-04-02 11:55:00-04:00,1.7549999952316284,1.7649999856948853,1.7549999952316284,1.7597999572753906,46889,0.0,0.0
2026-04-02 12:00:00-04:00,1.7599999904632568,1.7699999809265137,1.7599999904632568,1.7699999809265137,23573,0.0,0.0
2026-04-02 12:05:00-04:00,1.7649999856948853,1.7699999809265137,1.7549999952316284,1.7599999904632568,38488,0.0,0.0
2026-04-02 12:10:00-04:00,1.7611000537872314,1.7699999809265137,1.7611000537872314,1.7699999809265137,6778,0.0,0.0
2026-04-02 12:15:00-04:00,1.7699999809265137,1.7699999809265137,1.7549999952316284,1.7549999952316284,23260,0.0,0.0
2026-04-02 12:20:00-04:00,1.7549999952316284,1.7599999904632568,1.75,1.75,10975,0.0,0.0
2026-04-02 12:25:00-04:00,1.7599999904632568,1.7599999904632568,1.75,1.7549999952316284,10951,0.0,0.0
2026-04-02 12:30:00-04:00,1.75,1.7599999904632568,1.75,1.7549999952316284,34194,0.0,0.0
2026-04-02 12:35:00-04:00,1.7599999904632568,1.7599999904632568,1.75,1.75,11093,0.0,0.0
2026-04-02 12:40:00-04:00,1.7599999904632568,1.7699999809265137,1.7549999952316284,1.7649999856948853,19053,0.0,0.0
2026-04-02 12:45:00-04:00,1.7599999904632568,1.7699999809265137,1.7599999904632568,1.7649999856948853,19674,0.0,0.0
2026-04-02 12:50:00-04:00,1.7599999904632568,1.7699999809265137,1.7599999904632568,1.7699999809265137,10407,0.0,0.0
2026-04-02 12:55:00-04:00,1.7699999809265137,1.7699999809265137,1.75,1.75,57940,0.0,0.0
2026-04-02 13:00:00-04:00,1.7599999904632568,1.7599999904632568,1.75,1.7599999904632568,6881,0.0,0.0
2026-04-02 13:05:00-04:00,1.7549999952316284,1.7599999904632568,1.75,1.7599999904632568,10755,0.0,0.0
2026-04-02 13:10:00-04:00,1.7599999904632568,1.7599999904632568,1.75,1.7599999904632568,9795,0.0,0.0
2026-04-02 13:15:00-04:00,1.7599999904632568,1.7599999904632568,1.75,1.7599999904632568,8211,0.0,0.0
2026-04-02 13:20:00-04:00,1.75,1.7649999856948853,1.75,1.7649999856948853,36890,0.0,0.0
2026-04-02 13:25:00-04:00,1.7649999856948853,1.7699999809265137,1.7599999904632568,1.7699999809265137,13346,0.0,0.0
2026-04-02 13:30:00-04:00,1.7699999809265137,1.7699999809265137,1.7599999904632568,1.7603000402450562,15437,0.0,0.0
2026-04-02 13:35:00-04:00,1.7699999809265137,1.7699999809265137,1.7599999904632568,1.7699999809265137,5716,0.0,0.0
2026-04-02 13:40:00-04:00,1.7699999809265137,1.7699999809265137,1.7599999904632568,1.7649999856948853,14797,0.0,0.0
2026-04-02 13:45:00-04:00,1.7699999809265137,1.7699999809265137,1.7549999952316284,1.7549999952316284,43664,0.0,0.0
2026-04-02 13:50:00-04:00,1.7599999904632568,1.7699999809265137,1.7549999952316284,1.7699999809265137,35424,0.0,0.0
2026-04-02 13:55:00-04:00,1.7699999809265137,1.7699999809265137,1.7599999904632568,1.7699999809265137,21791,0.0,0.0
2026-04-02 14:00:00-04:00,1.7699999809265137,1.774999976158142,1.7649999856948853,1.7699999809265137,38695,0.0,0.0
2026-04-02 14:05:00-04:00,1.7649999856948853,1.784999966621399,1.7649999856948853,1.7711000442504883,121532,0.0,0.0
2026-04-02 14:10:00-04:00,1.7699999809265137,1.7799999713897705,1.7699999809265137,1.774999976158142,36293,0.0,0.0
2026-04-02 14:15:00-04:00,1.7799999713897705,1.7799999713897705,1.7699999809265137,1.774999976158142,8583,0.0,0.0
2026-04-02 14:20:00-04:00,1.7786999940872192,1.7799999713897705,1.774999976158142,1.774999976158142,20227,0.0,0.0
2026-04-02 14:25:00-04:00,1.774999976158142,1.7799999713897705,1.7649999856948853,1.769700050354004,69168,0.0,0.0
2026-04-02 14:30:00-04:00,1.7649999856948853,1.7699999809265137,1.7599999904632568,1.7649999856948853,19380,0.0,0.0
2026-04-02 14:35:00-04:00,1.7689000368118286,1.7699999809265137,1.7599999904632568,1.7649999856948853,22883,0.0,0.0
2026-04-02 14:40:00-04:00,1.7699999809265137,1.7899999618530273,1.7689000368118286,1.7899999618530273,56005,0.0,0.0
2026-04-02 14:45:00-04:00,1.784999966621399,1.7899999618530273,1.7799999713897705,1.7899999618530273,15436,0.0,0.0
2026-04-02 14:50:00-04:00,1.7899999618530273,1.7899999618530273,1.7799999713897705,1.7899999618530273,18445,0.0,0.0
2026-04-02 14:55:00-04:00,1.784999966621399,1.7899999618530273,1.784999966621399,1.7899999618530273,19631,0.0,0.0
2026-04-02 15:00:00-04:00,1.7899999618530273,1.7949999570846558,1.7799999713897705,1.7799999713897705,73345,0.0,0.0
2026-04-02 15:05:00-04:00,1.784999966621399,1.7899999618530273,1.78410005569458,1.784999966621399,16932,0.0,0.0
2026-04-02 15:10:00-04:00,1.784999966621399,1.7899999618530273,1.784999966621399,1.784999966621399,13138,0.0,0.0
2026-04-02 15:15:00-04:00,1.784999966621399,1.7899999618530273,1.7799999713897705,1.784999966621399,27335,0.0,0.0
2026-04-02 15:20:00-04:00,1.7899999618530273,1.7899999618530273,1.7799999713897705,1.7899999618530273,21182,0.0,0.0
2026-04-02 15:25:00-04:00,1.7799999713897705,1.809999942779541,1.7799999713897705,1.7949999570846558,371832,0.0,0.0
2026-04-02 15:30:00-04:00,1.7949999570846558,1.7999000549316406,1.7799999713897705,1.7799999713897705,81838,0.0,0.0
2026-04-02 15:35:00-04:00,1.7799999713897705,1.7799999713897705,1.7699999809265137,1.774999976158142,68423,0.0,0.0
2026-04-02 15:40:00-04:00,1.774999976158142,1.784999966621399,1.774999976158142,1.7799999713897705,47811,0.0,0.0
2026-04-02 15:45:00-04:00,1.7799999713897705,1.7799999713897705,1.7699999809265137,1.774999976158142,60525,0.0,0.0
2026-04-02 15:50:00-04:00,1.7799999713897705,1.7899999618530273,1.7799999713897705,1.784999966621399,76134,0.0,0.0
2026-04-02 15:55:00-04:00,1.784999966621399,1.7899999618530273,1.7799999713897705,1.784999966621399,176089,0.0,0.0
2026-04-06 09:30:00-04:00,1.7999999523162842,1.8300000429153442,1.7999999523162842,1.8200000524520874,206028,0.0,0.0
2026-04-06 09:35:00-04:00,1.815999984741211,1.8200000524520874,1.809999942779541,1.809999942779541,81420,0.0,0.0
2026-04-06 09:40:00-04:00,1.8049999475479126,1.8200000524520874,1.7960000038146973,1.8100999593734741,87194,0.0,0.0
2026-04-06 09:45:00-04:00,1.815000057220459,1.8200000524520874,1.7999999523162842,1.809999942779541,55208,0.0,0.0
2026-04-06 09:50:00-04:00,1.815500020980835,1.8300000429153442,1.815500020980835,1.820099949836731,15370,0.0,0.0
2026-04-06 09:55:00-04:00,1.8250000476837158,1.8300000429153442,1.809999942779541,1.8200000524520874,72191,0.0,0.0
2026-04-06 10:00:00-04:00,1.8200000524520874,1.8200000524520874,1.7949999570846558,1.7949999570846558,42854,0.0,0.0
2026-04-06 10:05:00-04:00,1.7949999570846558,1.7999999523162842,1.7899999618530273,1.7999999523162842,26661,0.0,0.0
2026-04-06 10:10:00-04:00,1.7999999523162842,1.7999999523162842,1.7899999618530273,1.7999999523162842,19844,0.0,0.0
2026-04-06 10:15:00-04:00,1.7999999523162842,1.8049999475479126,1.794100046157837,1.799299955368042,26717,0.0,0.0
2026-04-06 10:20:00-04:00,1.7999999523162842,1.809999942779541,1.7934000492095947,1.8009999990463257,16063,0.0,0.0
2026-04-06 10:25:00-04:00,1.7999999523162842,1.7999999523162842,1.7899999618530273,1.7999999523162842,26703,0.0,0.0
2026-04-06 10:30:00-04:00,1.7949999570846558,1.8099000453948975,1.7799999713897705,1.784999966621399,245583,0.0,0.0
2026-04-06 10:35:00-04:00,1.7892999649047852,1.7949999570846558,1.7699999809265137,1.7799999713897705,59780,0.0,0.0
2026-04-06 10:40:00-04:00,1.784999966621399,1.8200000524520874,1.784999966621399,1.815000057220459,80784,0.0,0.0
2026-04-06 10:45:00-04:00,1.815000057220459,1.8200000524520874,1.8049999475479126,1.8049999475479126,48643,0.0,0.0
2026-04-06 10:50:00-04:00,1.809999942779541,1.809999942779541,1.7999999523162842,1.8049999475479126,15801,0.0,0.0
2026-04-06 10:55:00-04:00,1.8049999475479126,1.8049999475479126,1.7949999570846558,1.7998000383377075,74491,0.0,0.0
2026-04-06 11:00:00-04:00,1.7999000549316406,1.815000057220459,1.7899999618530273,1.7999999523162842,172376,0.0,0.0
2026-04-06 11:05:00-04:00,1.7999999523162842,1.7999999523162842,1.7899999618530273,1.7949999570846558,13899,0.0,0.0
2026-04-06 11:10:00-04:00,1.7949999570846558,1.8049999475479126,1.7899999618530273,1.8049999475479126,22800,0.0,0.0
2026-04-06 11:15:00-04:00,1.8049999475479126,1.809999942779541,1.8000999689102173,1.8000999689102173,17455,0.0,0.0
2026-04-06 11:20:00-04:00,1.809999942779541,1.809999942779541,1.7899999618530273,1.7949999570846558,58889,0.0,0.0
2026-04-06 11:25:00-04:00,1.7949999570846558,1.7999999523162842,1.7899999618530273,1.7999999523162842,21171,0.0,0.0
2026-04-06 11:30:00-04:00,1.7999999523162842,1.7999999523162842,1.7949999570846558,1.7999999523162842,31434,0.0,0.0
2026-04-06 11:35:00-04:00,1.7999999523162842,1.8049999475479126,1.7899999618530273,1.8014999628067017,67128,0.0,0.0
2026-04-06 11:40:00-04:00,1.808500051498413,1.808500051498413,1.7999999523162842,1.8049999475479126,15410,0.0,0.0
2026-04-06 11:45:00-04:00,1.809999942779541,1.809999942779541,1.809999942779541,1.809999942779541,4586,0.0,0.0
2026-04-06 11:50:00-04:00,1.8000999689102173,1.809999942779541,1.8000999689102173,1.8049999475479126,16263,0.0,0.0
2026-04-06 11:55:00-04:00,1.809999942779541,1.809999942779541,1.8049999475479126,1.8097000122070312,7413,0.0,0.0
2026-04-06 12:00:00-04:00,1.809999942779541,1.809999942779541,1.7999999523162842,1.7999999523162842,68145,0.0,0.0
2026-04-06 12:05:00-04:00,1.809999942779541,1.809999942779541,1.7949999570846558,1.7949999570846558,31462,0.0,0.0
2026-04-06 12:10:00-04:00,1.7949999570846558,1.7949999570846558,1.7899999618530273,1.7899999618530273,18446,0.0,0.0
2026-04-06 12:15:00-04:00,1.7949999570846558,1.7999999523162842,1.7949999570846558,1.7999999523162842,2997,0.0,0.0
2026-04-06 12:20:00-04:00,1.7999999523162842,1.7999999523162842,1.7949999570846558,1.7999999523162842,15239,0.0,0.0
2026-04-06 12:25:00-04:00,1.7999999523162842,1.7999999523162842,1.7900999784469604,1.7999999523162842,6209,0.0,0.0
2026-04-06 12:30:00-04:00,1.7999999523162842,1.7999999523162842,1.7899999618530273,1.7949999570846558,27013,0.0,0.0
2026-04-06 12:35:00-04:00,1.7949999570846558,1.7999999523162842,1.7900999784469604,1.7900999784469604,48965,0.0,0.0
2026-04-06 12:40:00-04:00,1.7949999570846558,1.7999999523162842,1.7899999618530273,1.7999999523162842,8090,0.0,0.0
2026-04-06 12:45:00-04:00,1.7999999523162842,1.7999999523162842,1.7899999618530273,1.7999999523162842,5504,0.0,0.0
2026-04-06 12:50:00-04:00,1.7949999570846558,1.7999999523162842,1.7799999713897705,1.7860000133514404,46395,0.0,0.0
2026-04-06 12:55:00-04:00,1.784999966621399,1.7899999618530273,1.7699999809265137,1.7799999713897705,62141,0.0,0.0
2026-04-06 13:00:00-04:00,1.7799999713897705,1.7799999713897705,1.774999976158142,1.774999976158142,12229,0.0,0.0
2026-04-06 13:05:00-04:00,1.7773000001907349,1.7799999713897705,1.774999976158142,1.7799999713897705,24040,0.0,0.0
2026-04-06 13:10:00-04:00,1.7699999809265137,1.7799999713897705,1.7649999856948853,1.7649999856948853,52233,0.0,0.0
2026-04-06 13:15:00-04:00,1.7699999809265137,1.7799999713897705,1.7699999809265137,1.7714999914169312,51289,0.0,0.0
2026-04-06 13:20:00-04:00,1.774999976158142,1.7899999618530273,1.774999976158142,1.7899999618530273,19496,0.0,0.0
2026-04-06 13:25:00-04:00,1.7899999618530273,1.7899999618530273,1.7800999879837036,1.7899999618530273,28447,0.0,0.0
2026-04-06 13:30:00-04:00,1.7799999713897705,1.7899999618530273,1.7799999713897705,1.7898999452590942,16885,0.0,0.0
2026-04-06 13:35:00-04:00,1.7899999618530273,1.7899999618530273,1.7799999713897705,1.7899999618530273,8538,0.0,0.0
2026-04-06 13:40:00-04:00,1.7899999618530273,1.7899999618530273,1.7699999809265137,1.7700999975204468,21732,0.0,0.0
2026-04-06 13:45:00-04:00,1.774999976158142,1.7799999713897705,1.774999976158142,1.7799999713897705,16674,0.0,0.0
2026-04-06 13:50:00-04:00,1.774999976158142,1.7799999713897705,1.7699999809265137,1.7799999713897705,17627,0.0,0.0
2026-04-06 13:55:00-04:00,1.7799999713897705,1.7799999713897705,1.7699999809265137,1.7799999713897705,6919,0.0,0.0
2026-04-06 14:00:00-04:00,1.7799999713897705,1.7799999713897705,1.774999976158142,1.7799999713897705,21681,0.0,0.0
2026-04-06 14:05:00-04:00,1.774999976158142,1.784999966621399,1.7699999809265137,1.7839000225067139,25233,0.0,0.0
2026-04-06 14:10:00-04:00,1.784000039100647,1.7899999618530273,1.784000039100647,1.7899999618530273,18517,0.0,0.0
2026-04-06 14:15:00-04:00,1.7899999618530273,1.7899999618530273,1.7799999713897705,1.7899999618530273,5625,0.0,0.0
2026-04-06 14:20:00-04:00,1.7899999618530273,1.7999999523162842,1.7799999713897705,1.7949999570846558,58128,0.0,0.0
2026-04-06 14:25:00-04:00,1.7949999570846558,1.7949999570846558,1.784999966621399,1.7898999452590942,41917,0.0,0.0
2026-04-06 14:30:00-04:00,1.7899999618530273,1.7899999618530273,1.784999966621399,1.784999966621399,4877,0.0,0.0
2026-04-06 14:35:00-04:00,1.7799999713897705,1.7899999618530273,1.7799999713897705,1.784999966621399,26129,0.0,0.0
2026-04-06 14:40:00-04:00,1.784999966621399,1.7899999618530273,1.7799999713897705,1.7899999618530273,5384,0.0,0.0
2026-04-06 14:45:00-04:00,1.7898999452590942,1.7899999618530273,1.784999966621399,1.7899999618530273,16992,0.0,0.0
2026-04-06 14:50:00-04:00,1.7899999618530273,1.7899999618530273,1.7799999713897705,1.7899999618530273,15828,0.0,0.0
2026-04-06 14:55:00-04:00,1.7899999618530273,1.7899999618530273,1.784999966621399,1.784999966621399,293156,0.0,0.0
2026-04-06 15:00:00-04:00,1.7799999713897705,1.7899999618530273,1.774999976158142,1.7767000198364258,132476,0.0,0.0
2026-04-06 15:05:00-04:00,1.774999976158142,1.7799999713897705,1.7647000551223755,1.7649999856948853,71108,0.0,0.0
2026-04-06 15:10:00-04:00,1.7649999856948853,1.7799999713897705,1.7649999856948853,1.774999976158142,54018,0.0,0.0
2026-04-06 15:15:00-04:00,1.7799999713897705,1.7799999713897705,1.7699999809265137,1.7799999713897705,86426,0.0,0.0
2026-04-06 15:20:00-04:00,1.774999976158142,1.7799999713897705,1.7699999809265137,1.774999976158142,15384,0.0,0.0
2026-04-06 15:25:00-04:00,1.774999976158142,1.7799999713897705,1.7699999809265137,1.7760000228881836,115671,0.0,0.0
2026-04-06 15:30:00-04:00,1.7699999809265137,1.774999976158142,1.7599999904632568,1.7714999914169312,57357,0.0,0.0
2026-04-06 15:35:00-04:00,1.774999976158142,1.774999976158142,1.7599999904632568,1.7618999481201172,51870,0.0,0.0
2026-04-06 15:40:00-04:00,1.7649999856948853,1.7668999433517456,1.75,1.7549999952316284,98547,0.0,0.0
2026-04-06 15:45:00-04:00,1.7549999952316284,1.7649999856948853,1.75,1.7649999856948853,115289,0.0,0.0
2026-04-06 15:50:00-04:00,1.7649999856948853,1.7699999809265137,1.7599999904632568,1.7649999856948853,53269,0.0,0.0
2026-04-06 15:55:00-04:00,1.7649999856948853,1.7699999809265137,1.75,1.7649999856948853,466859,0.0,0.0
2026-04-07 09:30:00-04:00,1.75,1.7699999809265137,1.7300000190734863,1.738800048828125,134898,0.0,0.0
2026-04-07 09:35:00-04:00,1.738800048828125,1.7400000095367432,1.725000023841858,1.7350000143051147,108482,0.0,0.0
2026-04-07 09:40:00-04:00,1.7300000190734863,1.7350000143051147,1.690000057220459,1.7000000476837158,336068,0.0,0.0
2026-04-07 09:45:00-04:00,1.6950000524520874,1.7000000476837158,1.684999942779541,1.6958999633789062,94901,0.0,0.0
2026-04-07 09:50:00-04:00,1.6950000524520874,1.7200000286102295,1.690000057220459,1.7050000429153442,121965,0.0,0.0
2026-04-07 09:55:00-04:00,1.7100000381469727,1.7100000381469727,1.690000057220459,1.6950000524520874,29593,0.0,0.0
2026-04-07 10:00:00-04:00,1.7000000476837158,1.7100000381469727,1.690000057220459,1.7000000476837158,424481,0.0,0.0
2026-04-07 10:05:00-04:00,1.7050000429153442,1.7100000381469727,1.690000057220459,1.7050000429153442,123423,0.0,0.0
2026-04-07 10:10:00-04:00,1.7091000080108643,1.7300000190734863,1.7000000476837158,1.7201000452041626,116714,0.0,0.0
2026-04-07 10:15:00-04:00,1.7200000286102295,1.721500039100647,1.7100000381469727,1.715000033378601,19757,0.0,0.0
2026-04-07 10:20:00-04:00,1.715000033378601,1.7200000286102295,1.7100000381469727,1.718999981880188,33845,0.0,0.0
2026-04-07 10:25:00-04:00,1.7200000286102295,1.7200000286102295,1.7100000381469727,1.715000033378601,14930,0.0,0.0
2026-04-07 10:30:00-04:00,1.718999981880188,1.7200000286102295,1.7100000381469727,1.715000033378601,14408,0.0,0.0
2026-04-07 10:35:00-04:00,1.7200000286102295,1.7200000286102295,1.7050000429153442,1.7098000049591064,19581,0.0,0.0
2026-04-07 10:40:00-04:00,1.7050000429153442,1.7200000286102295,1.7050000429153442,1.715000033378601,48809,0.0,0.0
2026-04-07 10:45:00-04:00,1.715000033378601,1.7200000286102295,1.7100000381469727,1.715000033378601,33059,0.0,0.0
2026-04-07 10:50:00-04:00,1.715000033378601,1.7193000316619873,1.7100000381469727,1.7100000381469727,14034,0.0,0.0
2026-04-07 10:55:00-04:00,1.7100000381469727,1.715000033378601,1.7000000476837158,1.7099000215530396,19065,0.0,0.0
2026-04-07 11:00:00-04:00,1.7050000429153442,1.7050000429153442,1.690000057220459,1.6950000524520874,40394,0.0,0.0
2026-04-07 11:05:00-04:00,1.6890000104904175,1.690000057220459,1.6799999475479126,1.6799999475479126,47527,0.0,0.0
2026-04-07 11:10:00-04:00,1.6950000524520874,1.7000000476837158,1.690000057220459,1.690000057220459,20843,0.0,0.0
2026-04-07 11:15:00-04:00,1.6950000524520874,1.7100000381469727,1.690000057220459,1.7050000429153442,31781,0.0,0.0
2026-04-07 11:20:00-04:00,1.7050000429153442,1.7100000381469727,1.7000000476837158,1.7100000381469727,24124,0.0,0.0
2026-04-07 11:25:00-04:00,1.7000000476837158,1.7100000381469727,1.7000000476837158,1.7100000381469727,11765,0.0,0.0
2026-04-07 11:30:00-04:00,1.7050000429153442,1.7100000381469727,1.7000000476837158,1.7100000381469727,9823,0.0,0.0
2026-04-07 11:35:00-04:00,1.7099000215530396,1.7100000381469727,1.7000000476837158,1.7050000429153442,9139,0.0,0.0
2026-04-07 11:40:00-04:00,1.7050000429153442,1.7050000429153442,1.6799999475479126,1.6899000406265259,83123,0.0,0.0
2026-04-07 11:45:00-04:00,1.6899000406265259,1.690000057220459,1.6799999475479126,1.684999942779541,51553,0.0,0.0
2026-04-07 11:50:00-04:00,1.684999942779541,1.690000057220459,1.6799999475479126,1.684999942779541,66281,0.0,0.0
2026-04-07 11:55:00-04:00,1.684999942779541,1.6955000162124634,1.6799999475479126,1.6950000524520874,112440,0.0,0.0
2026-04-07 12:00:00-04:00,1.6950000524520874,1.715000033378601,1.690000057220459,1.7050000429153442,99577,0.0,0.0
2026-04-07 12:05:00-04:00,1.7000000476837158,1.7085000276565552,1.690000057220459,1.6950000524520874,21685,0.0,0.0
2026-04-07 12:10:00-04:00,1.7000000476837158,1.7000000476837158,1.690000057220459,1.6950000524520874,17024,0.0,0.0
2026-04-07 12:15:00-04:00,1.6990000009536743,1.7050000429153442,1.6990000009536743,1.7000000476837158,17482,0.0,0.0
2026-04-07 12:20:00-04:00,1.7000000476837158,1.7100000381469727,1.7000000476837158,1.7100000381469727,25061,0.0,0.0
2026-04-07 12:25:00-04:00,1.7000000476837158,1.7100000381469727,1.7000000476837158,1.7050000429153442,13400,0.0,0.0
2026-04-07 12:30:00-04:00,1.7100000381469727,1.7100000381469727,1.7000000476837158,1.7100000381469727,25049,0.0,0.0
2026-04-07 12:35:00-04:00,1.7100000381469727,1.7100000381469727,1.7000000476837158,1.7050000429153442,12984,0.0,0.0
2026-04-07 12:40:00-04:00,1.7050000429153442,1.7100000381469727,1.7000000476837158,1.7100000381469727,14843,0.0,0.0
2026-04-07 12:45:00-04:00,1.7089999914169312,1.7200000286102295,1.7089999914169312,1.7130000591278076,10550,0.0,0.0
2026-04-07 12:50:00-04:00,1.715000033378601,1.7200000286102295,1.715000033378601,1.7200000286102295,8381,0.0,0.0
2026-04-07 12:55:00-04:00,1.715000033378601,1.7200000286102295,1.7100000381469727,1.7200000286102295,14872,0.0,0.0
2026-04-07 13:00:00-04:00,1.7100000381469727,1.7200000286102295,1.7050000429153442,1.7200000286102295,38328,0.0,0.0
2026-04-07 13:05:00-04:00,1.715000033378601,1.7300000190734863,1.7101000547409058,1.725000023841858,27789,0.0,0.0
2026-04-07 13:10:00-04:00,1.7300000190734863,1.7350000143051147,1.7200000286102295,1.7300000190734863,35542,0.0,0.0
2026-04-07 13:15:00-04:00,1.7281999588012695,1.7300000190734863,1.7201000452041626,1.7300000190734863,10392,0.0,0.0
2026-04-07 13:20:00-04:00,1.7350000143051147,1.73989999294281,1.721500039100647,1.725000023841858,26627,0.0,0.0
2026-04-07 13:25:00-04:00,1.729699969291687,1.7391999959945679,1.722599983215332,1.7309999465942383,21026,0.0,0.0
2026-04-07 13:30:00-04:00,1.7300000190734863,1.7400000095367432,1.7300000190734863,1.7400000095367432,9998,0.0,0.0
2026-04-07 13:35:00-04:00,1.7400000095367432,1.7599999904632568,1.7389999628067017,1.749899983406067,79246,0.0,0.0
2026-04-07 13:40:00-04:00,1.7401000261306763,1.7598999738693237,1.7401000261306763,1.7450000047683716,24764,0.0,0.0
2026-04-07 13:45:00-04:00,1.7450000047683716,1.749899983406067,1.7400000095367432,1.749899983406067,6640,0.0,0.0
2026-04-07 13:50:00-04:00,1.75,1.7581000328063965,1.7450000047683716,1.7450000047683716,102727,0.0,0.0
2026-04-07 13:55:00-04:00,1.75,1.75,1.7450000047683716,1.7450000047683716,2073,0.0,0.0
2026-04-07 14:00:00-04:00,1.75,1.7549999952316284,1.75,1.75,14744,0.0,0.0
2026-04-07 14:05:00-04:00,1.75,1.7599999904632568,1.75,1.75,13876,0.0,0.0
2026-04-07 14:10:00-04:00,1.7598999738693237,1.7599999904632568,1.75,1.7549999952316284,8244,0.0,0.0
2026-04-07 14:15:00-04:00,1.7599999904632568,1.7599999904632568,1.75,1.7549999952316284,15742,0.0,0.0
2026-04-07 14:20:00-04:00,1.75,1.7598999738693237,1.75,1.750599980354309,24720,0.0,0.0
2026-04-07 14:25:00-04:00,1.7549999952316284,1.7599999904632568,1.7410000562667847,1.7599999904632568,73648,0.0,0.0
2026-04-07 14:30:00-04:00,1.7599999904632568,1.7599999904632568,1.75,1.75,16135,0.0,0.0
2026-04-07 14:35:00-04:00,1.75,1.7599999904632568,1.75,1.7549999952316284,10547,0.0,0.0
2026-04-07 14:40:00-04:00,1.75,1.7549999952316284,1.7403000593185425,1.75,30607,0.0,0.0
2026-04-07 14:45:00-04:00,1.75,1.7599999904632568,1.7450000047683716,1.7549999952316284,37794,0.0,0.0
2026-04-07 14:50:00-04:00,1.7599999904632568,1.7599999904632568,1.7502000331878662,1.7502000331878662,7329,0.0,0.0
2026-04-07 14:55:00-04:00,1.7549999952316284,1.7699999809265137,1.7549999952316284,1.7699999809265137,189321,0.0,0.0
2026-04-07 15:00:00-04:00,1.7698999643325806,1.7699999809265137,1.7599999904632568,1.7599999904632568,25101,0.0,0.0
2026-04-07 15:05:00-04:00,1.7599999904632568,1.7699999809265137,1.75,1.7549999952316284,41665,0.0,0.0
2026-04-07 15:10:00-04:00,1.7549999952316284,1.7599999904632568,1.750100016593933,1.7502000331878662,25624,0.0,0.0
2026-04-07 15:15:00-04:00,1.7549999952316284,1.774999976158142,1.75,1.774999976158142,45760,0.0,0.0
2026-04-07 15:20:00-04:00,1.774999976158142,1.7899999618530273,1.774999976158142,1.774999976158142,36727,0.0,0.0
2026-04-07 15:25:00-04:00,1.774999976158142,1.7798999547958374,1.7699999809265137,1.7699999809265137,28311,0.0,0.0
2026-04-07 15:30:00-04:00,1.7700999975204468,1.774999976158142,1.7599999904632568,1.7649999856948853,62780,0.0,0.0
2026-04-07 15:35:00-04:00,1.7649999856948853,1.7649999856948853,1.7503000497817993,1.7598999738693237,55894,0.0,0.0
2026-04-07 15:40:00-04:00,1.7549999952316284,1.7599999904632568,1.750100016593933,1.7549999952316284,35973,0.0,0.0
2026-04-07 15:45:00-04:00,1.75,1.7599999904632568,1.7450000047683716,1.7450000047683716,353041,0.0,0.0
2026-04-07 15:50:00-04:00,1.75,1.7549999952316284,1.7401000261306763,1.7450000047683716,173876,0.0,0.0
2026-04-07 15:55:00-04:00,1.7450000047683716,1.7599999904632568,1.7401000261306763,1.7450000047683716,355181,0.0,0.0
2026-04-08 09:30:00-04:00,1.8600000143051147,1.9199999570846558,1.8600000143051147,1.8696999549865723,724067,0.0,0.0
2026-04-08 09:35:00-04:00,1.8650000095367432,1.8700000047683716,1.850000023841858,1.8600000143051147,257299,0.0,0.0
2026-04-08 09:40:00-04:00,1.8600000143051147,1.8698999881744385,1.840000033378601,1.8509999513626099,54711,0.0,0.0
2026-04-08 09:45:00-04:00,1.8550000190734863,1.8799999952316284,1.850000023841858,1.8701000213623047,126882,0.0,0.0
2026-04-08 09:50:00-04:00,1.8700000047683716,1.8700000047683716,1.850000023841858,1.8600000143051147,70941,0.0,0.0
2026-04-08 09:55:00-04:00,1.8650000095367432,1.8799999952316284,1.8600000143051147,1.875,118091,0.0,0.0
2026-04-08 10:00:00-04:00,1.875,1.8799999952316284,1.8600000143051147,1.8600000143051147,38379,0.0,0.0
2026-04-08 10:05:00-04:00,1.8700000047683716,1.8700000047683716,1.8550000190734863,1.8598999977111816,15136,0.0,0.0
2026-04-08 10:10:00-04:00,1.8586000204086304,1.878000020980835,1.850000023841858,1.878000020980835,35479,0.0,0.0
2026-04-08 10:15:00-04:00,1.8701000213623047,1.8712999820709229,1.8650000095367432,1.8650000095367432,18607,0.0,0.0
2026-04-08 10:20:00-04:00,1.8650000095367432,1.8700000047683716,1.8550000190734863,1.8650000095367432,19889,0.0,0.0
2026-04-08 10:25:00-04:00,1.8650000095367432,1.8700000047683716,1.8600000143051147,1.8650000095367432,23058,0.0,0.0
2026-04-08 10:30:00-04:00,1.8650000095367432,1.8700000047683716,1.8600000143051147,1.8650000095367432,32634,0.0,0.0
2026-04-08 10:35:00-04:00,1.8700000047683716,1.8799999952316284,1.8602999448776245,1.8650000095367432,31536,0.0,0.0
2026-04-08 10:40:00-04:00,1.8700000047683716,1.8700000047683716,1.8601000308990479,1.8700000047683716,56395,0.0,0.0
2026-04-08 10:45:00-04:00,1.8700000047683716,1.875,1.8600000143051147,1.8650000095367432,47338,0.0,0.0
2026-04-08 10:50:00-04:00,1.8700000047683716,1.8700000047683716,1.8580000400543213,1.8650000095367432,57294,0.0,0.0
2026-04-08 10:55:00-04:00,1.8650000095367432,1.8650000095367432,1.841599941253662,1.850000023841858,52645,0.0,0.0
2026-04-08 11:00:00-04:00,1.8550000190734863,1.8650000095367432,1.850000023841858,1.8600000143051147,111229,0.0,0.0
2026-04-08 11:05:00-04:00,1.8600000143051147,1.8698999881744385,1.8550000190734863,1.8698999881744385,16753,0.0,0.0
2026-04-08 11:10:00-04:00,1.8650000095367432,1.8700000047683716,1.8600000143051147,1.8700000047683716,21826,0.0,0.0
2026-04-08 11:15:00-04:00,1.8700000047683716,1.8799999952316284,1.8650000095367432,1.8700000047683716,20087,0.0,0.0
2026-04-08 11:20:00-04:00,1.875,1.8899999856948853,1.875,1.8799999952316284,82700,0.0,0.0
2026-04-08 11:25:00-04:00,1.881100058555603,1.8899999856948853,1.8799999952316284,1.8799999952316284,18823,0.0,0.0
2026-04-08 11:30:00-04:00,1.8899999856948853,1.8899999856948853,1.8799999952316284,1.8849999904632568,29783,0.0,0.0
2026-04-08 11:35:00-04:00,1.8898999691009521,1.8899999856948853,1.8799999952316284,1.8849999904632568,107401,0.0,0.0
2026-04-08 11:40:00-04:00,1.8849999904632568,1.899899959564209,1.8799999952316284,1.8899999856948853,87921,0.0,0.0
2026-04-08 11:45:00-04:00,1.899999976158142,1.899999976158142,1.8899999856948853,1.8941999673843384,8878,0.0,0.0
2026-04-08 11:50:00-04:00,1.8961000442504883,1.899899959564209,1.8899999856948853,1.8901000022888184,11096,0.0,0.0
2026-04-08 11:55:00-04:00,1.8949999809265137,1.899999976158142,1.8899999856948853,1.8949999809265137,40950,0.0,0.0
2026-04-08 12:00:00-04:00,1.898300051689148,1.899999976158142,1.8899999856948853,1.8899999856948853,21665,0.0,0.0
2026-04-08 12:05:00-04:00,1.8899999856948853,1.8949999809265137,1.8899999856948853,1.8949999809265137,29398,0.0,0.0
2026-04-08 12:10:00-04:00,1.8949999809265137,1.899999976158142,1.8899999856948853,1.8949999809265137,12136,0.0,0.0
2026-04-08 12:15:00-04:00,1.8899999856948853,1.899999976158142,1.8849999904632568,1.8949999809265137,40609,0.0,0.0
2026-04-08 12:20:00-04:00,1.8899999856948853,1.899999976158142,1.8899999856948853,1.899899959564209,9524,0.0,0.0
2026-04-08 12:25:00-04:00,1.8901000022888184,1.899999976158142,1.8899999856948853,1.8901000022888184,57083,0.0,0.0
2026-04-08 12:30:00-04:00,1.8899999856948853,1.9049999713897705,1.8899999856948853,1.9049999713897705,112854,0.0,0.0
2026-04-08 12:35:00-04:00,1.899999976158142,1.899999976158142,1.8899999856948853,1.8899999856948853,40186,0.0,0.0
2026-04-08 12:40:00-04:00,1.8901000022888184,1.909999966621399,1.8899999856948853,1.899999976158142,48981,0.0,0.0
2026-04-08 12:45:00-04:00,1.899999976158142,1.9098999500274658,1.899999976158142,1.899999976158142,37572,0.0,0.0
2026-04-08 12:50:00-04:00,1.899999976158142,1.9049999713897705,1.8899999856948853,1.8949999809265137,31279,0.0,0.0
2026-04-08 12:55:00-04:00,1.899999976158142,1.899999976158142,1.8911000490188599,1.8949999809265137,8902,0.0,0.0
2026-04-08 13:00:00-04:00,1.895799994468689,1.899999976158142,1.8949999809265137,1.8949999809265137,10311,0.0,0.0
2026-04-08 13:05:00-04:00,1.8949999809265137,1.899999976158142,1.8799999952316284,1.8802000284194946,124498,0.0,0.0
2026-04-08 13:10:00-04:00,1.8799999952316284,1.889799952507019,1.8799999952316284,1.8849999904632568,11690,0.0,0.0
2026-04-08 13:15:00-04:00,1.8849999904632568,1.8899999856948853,1.8799999952316284,1.8801000118255615,12973,0.0,0.0
2026-04-08 13:20:00-04:00,1.8799999952316284,1.8801000118255615,1.8700000047683716,1.8799999952316284,76149,0.0,0.0
2026-04-08 13:25:00-04:00,1.875,1.8799999952316284,1.8700000047683716,1.875,26785,0.0,0.0
2026-04-08 13:30:00-04:00,1.875,1.8898999691009521,1.8700000047683716,1.8898999691009521,41903,0.0,0.0
2026-04-08 13:35:00-04:00,1.8799999952316284,1.8849999904632568,1.8700000047683716,1.875,13416,0.0,0.0
2026-04-08 13:40:00-04:00,1.875,1.8799999952316284,1.8700000047683716,1.8799999952316284,5606,0.0,0.0
2026-04-08 13:45:00-04:00,1.8799999952316284,1.8849999904632568,1.875,1.8799999952316284,23688,0.0,0.0
2026-04-08 13:50:00-04:00,1.8700000047683716,1.8799999952316284,1.8700000047683716,1.8792999982833862,13168,0.0,0.0
2026-04-08 13:55:00-04:00,1.875,1.8799999952316284,1.8701000213623047,1.8799999952316284,5565,0.0,0.0
2026-04-08 14:00:00-04:00,1.875,1.8799999952316284,1.8701000213623047,1.8799999952316284,7017,0.0,0.0
2026-04-08 14:05:00-04:00,1.8799999952316284,1.8799999952316284,1.8701000213623047,1.875,5381,0.0,0.0
2026-04-08 14:10:00-04:00,1.875,1.8799999952316284,1.8650000095367432,1.8700000047683716,25401,0.0,0.0
2026-04-08 14:15:00-04:00,1.8700000047683716,1.8791999816894531,1.8600000143051147,1.8650000095367432,66424,0.0,0.0
2026-04-08 14:20:00-04:00,1.8654999732971191,1.8654999732971191,1.850000023841858,1.850000023841858,31719,0.0,0.0
2026-04-08 14:25:00-04:00,1.8600000143051147,1.8650000095367432,1.850000023841858,1.8600000143051147,42306,0.0,0.0
2026-04-08 14:30:00-04:00,1.8600000143051147,1.8600000143051147,1.850000023841858,1.8600000143051147,11615,0.0,0.0
2026-04-08 14:35:00-04:00,1.850000023841858,1.8600000143051147,1.850000023841858,1.8550000190734863,33160,0.0,0.0
2026-04-08 14:40:00-04:00,1.8532999753952026,1.8550000190734863,1.8401000499725342,1.8450000286102295,52264,0.0,0.0
2026-04-08 14:45:00-04:00,1.8401000499725342,1.850000023841858,1.8401000499725342,1.850000023841858,25207,0.0,0.0
2026-04-08 14:50:00-04:00,1.850000023841858,1.850000023841858,1.8411999940872192,1.8431999683380127,15269,0.0,0.0
2026-04-08 14:55:00-04:00,1.850000023841858,1.850000023841858,1.840000033378601,1.8450000286102295,14795,0.0,0.0
2026-04-08 15:00:00-04:00,1.8450000286102295,1.850000023841858,1.840000033378601,1.850000023841858,20402,0.0,0.0
2026-04-08 15:05:00-04:00,1.850000023841858,1.850000023841858,1.8450000286102295,1.850000023841858,29485,0.0,0.0
2026-04-08 15:10:00-04:00,1.8401000499725342,1.8598999977111816,1.8401000499725342,1.8550000190734863,54273,0.0,0.0
2026-04-08 15:15:00-04:00,1.8598999977111816,1.8600000143051147,1.850000023841858,1.8600000143051147,15826,0.0,0.0
2026-04-08 15:20:00-04:00,1.850000023841858,1.8600000143051147,1.850000023841858,1.8550000190734863,19754,0.0,0.0
2026-04-08 15:25:00-04:00,1.8550000190734863,1.8600000143051147,1.850000023841858,1.850000023841858,16360,0.0,0.0
2026-04-08 15:30:00-04:00,1.8550000190734863,1.8600000143051147,1.850000023841858,1.8550000190734863,22646,0.0,0.0
2026-04-08 15:35:00-04:00,1.8550000190734863,1.8600000143051147,1.850000023841858,1.8550000190734863,18624,0.0,0.0
2026-04-08 15:40:00-04:00,1.8600000143051147,1.8600000143051147,1.850000023841858,1.8550000190734863,48995,0.0,0.0
2026-04-08 15:45:00-04:00,1.8550000190734863,1.8600000143051147,1.850000023841858,1.8600000143051147,37253,0.0,0.0
2026-04-08 15:50:00-04:00,1.850000023841858,1.8799999952316284,1.850000023841858,1.8701000213623047,177665,0.0,0.0
2026-04-08 15:55:00-04:00,1.8700000047683716,1.8799999952316284,1.8600000143051147,1.875,242071,0.0,0.0
2026-04-09 09:30:00-04:00,1.840000033378601,1.8795000314712524,1.840000033378601,1.850100040435791,174827,0.0,0.0
2026-04-09 09:35:00-04:00,1.8550000190734863,1.8693000078201294,1.850000023841858,1.8600000143051147,31776,0.0,0.0
2026-04-09 09:40:00-04:00,1.8650000095367432,1.8701000213623047,1.8600000143051147,1.8698999881744385,49479,0.0,0.0
2026-04-09 09:45:00-04:00,1.8700000047683716,1.8949999809265137,1.8650000095367432,1.8901000022888184,56525,0.0,0.0
2026-04-09 09:50:00-04:00,1.8899999856948853,1.899999976158142,1.8799999952316284,1.8898999691009521,84157,0.0,0.0
2026-04-09 09:55:00-04:00,1.8849999904632568,1.899999976158142,1.8799999952316284,1.893399953842163,18638,0.0,0.0
2026-04-09 10:00:00-04:00,1.8949999809265137,1.9049999713897705,1.8899999856948853,1.9049999713897705,74264,0.0,0.0
2026-04-09 10:05:00-04:00,1.9049999713897705,1.909999966621399,1.899999976158142,1.899999976158142,44341,0.0,0.0
2026-04-09 10:10:00-04:00,1.9049999713897705,1.909999966621399,1.899899959564209,1.899899959564209,62815,0.0,0.0
2026-04-09 10:15:00-04:00,1.899999976158142,1.909999966621399,1.8899999856948853,1.9049999713897705,62179,0.0,0.0
2026-04-09 10:20:00-04:00,1.899999976158142,1.9198999404907227,1.899999976158142,1.9103000164031982,72713,0.0,0.0
2026-04-09 10:25:00-04:00,1.9199999570846558,1.9199999570846558,1.9049999713897705,1.909999966621399,87628,0.0,0.0
2026-04-09 10:30:00-04:00,1.9149999618530273,1.9149999618530273,1.909999966621399,1.9149999618530273,37466,0.0,0.0
2026-04-09 10:35:00-04:00,1.919800043106079,1.9278000593185425,1.909999966621399,1.9278000593185425,53128,0.0,0.0
2026-04-09 10:40:00-04:00,1.9299999475479126,1.940000057220459,1.9249999523162842,1.934999942779541,100369,0.0,0.0
2026-04-09 10:45:00-04:00,1.9299999475479126,1.940000057220459,1.9199999570846558,1.9199999570846558,121758,0.0,0.0
2026-04-09 10:50:00-04:00,1.9199999570846558,1.9299999475479126,1.9199999570846558,1.9299999475479126,11246,0.0,0.0
2026-04-09 10:55:00-04:00,1.929900050163269,1.9299999475479126,1.9199999570846558,1.9299999475479126,18679,0.0,0.0
2026-04-09 11:00:00-04:00,1.920199990272522,1.9299999475479126,1.909999966621399,1.9199999570846558,42228,0.0,0.0
2026-04-09 11:05:00-04:00,1.9149999618530273,1.9149999618530273,1.899999976158142,1.9049999713897705,37729,0.0,0.0
2026-04-09 11:10:00-04:00,1.9000999927520752,1.9098999500274658,1.8899999856948853,1.8949999809265137,199033,0.0,0.0
2026-04-09 11:15:00-04:00,1.899999976158142,1.909999966621399,1.8949999809265137,1.9049999713897705,11210,0.0,0.0
2026-04-09 11:20:00-04:00,1.9049999713897705,1.9199999570846558,1.899999976158142,1.9199999570846558,32388,0.0,0.0
2026-04-09 11:25:00-04:00,1.9199999570846558,1.9299999475479126,1.9149999618530273,1.9149999618530273,19685,0.0,0.0
2026-04-09 11:30:00-04:00,1.9149999618530273,1.940000057220459,1.9149999618530273,1.934999942779541,25478,0.0,0.0
2026-04-09 11:35:00-04:00,1.9299999475479126,1.9500000476837158,1.9299999475479126,1.9450000524520874,92617,0.0,0.0
2026-04-09 11:40:00-04:00,1.9450000524520874,1.9500000476837158,1.940000057220459,1.9450000524520874,19427,0.0,0.0
2026-04-09 11:45:00-04:00,1.9500000476837158,1.9600000381469727,1.940000057220459,1.9500000476837158,222668,0.0,0.0
2026-04-09 11:50:00-04:00,1.9523999691009521,1.9600000381469727,1.9500000476837158,1.9600000381469727,21989,0.0,0.0
2026-04-09 11:55:00-04:00,1.9599000215530396,1.9700000286102295,1.9599000215530396,1.965000033378601,120534,0.0,0.0
2026-04-09 12:00:00-04:00,1.9600000381469727,1.9700000286102295,1.9600000381469727,1.9637999534606934,78853,0.0,0.0
2026-04-09 12:05:00-04:00,1.9615000486373901,1.965000033378601,1.9500000476837158,1.9550000429153442,151619,0.0,0.0
2026-04-09 12:10:00-04:00,1.9500999450683594,1.9600000381469727,1.9500000476837158,1.9550000429153442,26070,0.0,0.0
2026-04-09 12:15:00-04:00,1.9589999914169312,1.9600000381469727,1.9500000476837158,1.9500000476837158,15458,0.0,0.0
2026-04-09 12:20:00-04:00,1.9600000381469727,1.9600000381469727,1.940000057220459,1.940000057220459,58037,0.0,0.0
2026-04-09 12:25:00-04:00,1.9450000524520874,1.9500000476837158,1.940000057220459,1.9450000524520874,17465,0.0,0.0
2026-04-09 12:30:00-04:00,1.9450000524520874,1.9500000476837158,1.9450000524520874,1.9450000524520874,38814,0.0,0.0
2026-04-09 12:35:00-04:00,1.9450000524520874,1.9600000381469727,1.940000057220459,1.9450000524520874,41172,0.0,0.0
2026-04-09 12:40:00-04:00,1.940000057220459,1.9500000476837158,1.940000057220459,1.9450000524520874,18104,0.0,0.0
2026-04-09 12:45:00-04:00,1.9450000524520874,1.9499000310897827,1.940000057220459,1.940000057220459,8484,0.0,0.0
2026-04-09 12:50:00-04:00,1.9498000144958496,1.9500000476837158,1.940000057220459,1.9490000009536743,11450,0.0,0.0
2026-04-09 12:55:00-04:00,1.9450000524520874,1.9500000476837158,1.940000057220459,1.9499000310897827,15268,0.0,0.0
2026-04-09 13:00:00-04:00,1.9500000476837158,1.9599000215530396,1.9450000524520874,1.9450000524520874,51542,0.0,0.0
2026-04-09 13:05:00-04:00,1.940000057220459,1.9500000476837158,1.9199999570846558,1.9211000204086304,34932,0.0,0.0
2026-04-09 13:10:00-04:00,1.9199999570846558,1.9299999475479126,1.9199999570846558,1.9249999523162842,96502,0.0,0.0
2026-04-09 13:15:00-04:00,1.9199999570846558,1.940000057220459,1.909999966621399,1.9199999570846558,128386,0.0,0.0
2026-04-09 13:20:00-04:00,1.9259999990463257,1.9299999475479126,1.9199999570846558,1.920199990272522,12663,0.0,0.0
2026-04-09 13:25:00-04:00,1.9199999570846558,1.9199999570846558,1.909999966621399,1.909999966621399,24052,0.0,0.0
2026-04-09 13:30:00-04:00,1.910099983215332,1.9160000085830688,1.899999976158142,1.9149999618530273,67949,0.0,0.0
2026-04-09 13:35:00-04:00,1.9199999570846558,1.9199999570846558,1.909999966621399,1.909999966621399,12685,0.0,0.0
2026-04-09 13:40:00-04:00,1.909999966621399,1.9198999404907227,1.909999966621399,1.909999966621399,25309,0.0,0.0
2026-04-09 13:45:00-04:00,1.9199999570846558,1.9199999570846558,1.909999966621399,1.909999966621399,16584,0.0,0.0
2026-04-09 13:50:00-04:00,1.9199999570846558,1.9199999570846558,1.899999976158142,1.9049999713897705,43631,0.0,0.0
2026-04-09 13:55:00-04:00,1.899999976158142,1.909999966621399,1.899999976158142,1.899999976158142,24549,0.0,0.0
2026-04-09 14:00:00-04:00,1.9049999713897705,1.9049999713897705,1.8899999856948853,1.8899999856948853,35961,0.0,0.0
2026-04-09 14:05:00-04:00,1.8899999856948853,1.899999976158142,1.8799999952316284,1.8849999904632568,90484,0.0,0.0
2026-04-09 14:10:00-04:00,1.8799999952316284,1.8899999856948853,1.8799999952316284,1.8799999952316284,28254,0.0,0.0
2026-04-09 14:15:00-04:00,1.8849999904632568,1.8899999856948853,1.8700000047683716,1.8799999952316284,102471,0.0,0.0
2026-04-09 14:20:00-04:00,1.8849999904632568,1.8949999809265137,1.8799999952316284,1.8799999952316284,86808,0.0,0.0
2026-04-09 14:25:00-04:00,1.8801000118255615,1.8899999856948853,1.8799999952316284,1.8849999904632568,13842,0.0,0.0
2026-04-09 14:30:00-04:00,1.8849999904632568,1.8898999691009521,1.8799999952316284,1.8849999904632568,25546,0.0,0.0
2026-04-09 14:35:00-04:00,1.8799999952316284,1.8898999691009521,1.8799999952316284,1.8898999691009521,22579,0.0,0.0
2026-04-09 14:40:00-04:00,1.8804999589920044,1.8899999856948853,1.875,1.875,31545,0.0,0.0
2026-04-09 14:45:00-04:00,1.8798999786376953,1.8899999856948853,1.8700000047683716,1.8799999952316284,93952,0.0,0.0
2026-04-09 14:50:00-04:00,1.8799999952316284,1.8898999691009521,1.8799999952316284,1.8799999952316284,34459,0.0,0.0
2026-04-09 14:55:00-04:00,1.8849999904632568,1.8899999856948853,1.8799999952316284,1.8801000118255615,11576,0.0,0.0
2026-04-09 15:00:00-04:00,1.8801000118255615,1.8849999904632568,1.8799999952316284,1.8849999904632568,25181,0.0,0.0
2026-04-09 15:05:00-04:00,1.8849999904632568,1.8849999904632568,1.850000023841858,1.850000023841858,139632,0.0,0.0
2026-04-09 15:10:00-04:00,1.850000023841858,1.8700000047683716,1.850000023841858,1.8650000095367432,87005,0.0,0.0
2026-04-09 15:15:00-04:00,1.8600000143051147,1.8700000047683716,1.8600000143051147,1.8600000143051147,31314,0.0,0.0
2026-04-09 15:20:00-04:00,1.8600000143051147,1.8600000143051147,1.850000023841858,1.850000023841858,106712,0.0,0.0
2026-04-09 15:25:00-04:00,1.850000023841858,1.8700000047683716,1.850000023841858,1.8600000143051147,95382,0.0,0.0
2026-04-09 15:30:00-04:00,1.8650000095367432,1.875,1.8600000143051147,1.875,92914,0.0,0.0
2026-04-09 15:35:00-04:00,1.875,1.8799999952316284,1.8600000143051147,1.8650000095367432,71740,0.0,0.0
2026-04-09 15:40:00-04:00,1.8600000143051147,1.8700000047683716,1.8600000143051147,1.8600000143051147,78405,0.0,0.0
2026-04-09 15:45:00-04:00,1.8600000143051147,1.8798999786376953,1.8600000143051147,1.875,120344,0.0,0.0
2026-04-09 15:50:00-04:00,1.875,1.8799999952316284,1.8650000095367432,1.8650000095367432,287147,0.0,0.0
2026-04-09 15:55:00-04:00,1.8650000095367432,1.8899999856948853,1.8600000143051147,1.8849999904632568,565327,0.0,0.0
2026-04-10 09:30:00-04:00,1.8899999856948853,1.909999966621399,1.8650000095367432,1.8650000095367432,297312,0.0,0.0
2026-04-10 09:35:00-04:00,1.8650000095367432,1.8700000047683716,1.8300000429153442,1.840000033378601,141460,0.0,0.0
2026-04-10 09:40:00-04:00,1.8450000286102295,1.8459999561309814,1.8300000429153442,1.8459999561309814,114654,0.0,0.0
2026-04-10 09:45:00-04:00,1.840000033378601,1.8600000143051147,1.840000033378601,1.8450000286102295,82232,0.0,0.0
2026-04-10 09:50:00-04:00,1.8450000286102295,1.8492000102996826,1.8300000429153442,1.8450000286102295,43451,0.0,0.0
2026-04-10 09:55:00-04:00,1.850000023841858,1.850000023841858,1.8350000381469727,1.8350000381469727,31995,0.0,0.0
2026-04-10 10:00:00-04:00,1.8301000595092773,1.840000033378601,1.8200000524520874,1.8300000429153442,159737,0.0,0.0
2026-04-10 10:05:00-04:00,1.8250000476837158,1.840000033378601,1.8250000476837158,1.840000033378601,104706,0.0,0.0
2026-04-10 10:10:00-04:00,1.8350000381469727,1.840000033378601,1.8200000524520874,1.8220000267028809,60172,0.0,0.0
2026-04-10 10:15:00-04:00,1.820099949836731,1.8300000429153442,1.809999942779541,1.820099949836731,95081,0.0,0.0
2026-04-10 10:20:00-04:00,1.8244999647140503,1.8300000429153442,1.8200000524520874,1.8300000429153442,39952,0.0,0.0
2026-04-10 10:25:00-04:00,1.8300000429153442,1.840000033378601,1.8200000524520874,1.8250000476837158,90465,0.0,0.0
2026-04-10 10:30:00-04:00,1.8299000263214111,1.840000033378601,1.8299000263214111,1.839900016784668,65027,0.0,0.0
2026-04-10 10:35:00-04:00,1.840000033378601,1.840000033378601,1.8300000429153442,1.8350000381469727,27810,0.0,0.0
2026-04-10 10:40:00-04:00,1.840000033378601,1.840000033378601,1.8300000429153442,1.8350000381469727,20256,0.0,0.0
2026-04-10 10:45:00-04:00,1.839900016784668,1.840000033378601,1.8309999704360962,1.8350000381469727,41393,0.0,0.0
2026-04-10 10:50:00-04:00,1.8350000381469727,1.8350000381469727,1.815000057220459,1.8250000476837158,115657,0.0,0.0
2026-04-10 10:55:00-04:00,1.8299000263214111,1.8300000429153442,1.8200000524520874,1.8300000429153442,32895,0.0,0.0
2026-04-10 11:00:00-04:00,1.8300000429153442,1.840000033378601,1.8289999961853027,1.8350000381469727,50150,0.0,0.0
2026-04-10 11:05:00-04:00,1.8350000381469727,1.840000033378601,1.8350000381469727,1.8350000381469727,6320,0.0,0.0
2026-04-10 11:10:00-04:00,1.8300000429153442,1.840000033378601,1.809999942779541,1.8250000476837158,285489,0.0,0.0
2026-04-10 11:15:00-04:00,1.8200000524520874,1.8250000476837158,1.809999942779541,1.8199000358581543,294600,0.0,0.0
2026-04-10 11:20:00-04:00,1.815999984741211,1.8300000429153442,1.809999942779541,1.8250000476837158,41346,0.0,0.0
2026-04-10 11:25:00-04:00,1.8300000429153442,1.8300000429153442,1.8200000524520874,1.8300000429153442,5876,0.0,0.0
2026-04-10 11:30:00-04:00,1.8250000476837158,1.8300000429153442,1.809999942779541,1.815000057220459,103496,0.0,0.0
2026-04-10 11:35:00-04:00,1.815000057220459,1.8200000524520874,1.815000057220459,1.8199000358581543,23462,0.0,0.0
2026-04-10 11:40:00-04:00,1.8199000358581543,1.8200000524520874,1.815000057220459,1.815000057220459,6393,0.0,0.0
2026-04-10 11:45:00-04:00,1.8200000524520874,1.8200000524520874,1.7899999618530273,1.7999000549316406,197491,0.0,0.0
2026-04-10 11:50:00-04:00,1.7899999618530273,1.7999999523162842,1.7899999618530273,1.7949999570846558,21243,0.0,0.0
2026-04-10 11:55:00-04:00,1.7949999570846558,1.799299955368042,1.784999966621399,1.784999966621399,65298,0.0,0.0
2026-04-10 12:00:00-04:00,1.7899999618530273,1.7999999523162842,1.7799999713897705,1.7998000383377075,92313,0.0,0.0
2026-04-10 12:05:00-04:00,1.7999000549316406,1.8200000524520874,1.7949999570846558,1.809999942779541,442246,0.0,0.0
2026-04-10 12:10:00-04:00,1.80840003490448,1.8099000453948975,1.8049999475479126,1.8099000453948975,5761,0.0,0.0
2026-04-10 12:15:00-04:00,1.8049999475479126,1.809999942779541,1.7999999523162842,1.809999942779541,21735,0.0,0.0
2026-04-10 12:20:00-04:00,1.7999999523162842,1.809999942779541,1.7899999618530273,1.8049999475479126,113880,0.0,0.0
2026-04-10 12:25:00-04:00,1.8049999475479126,1.8099000453948975,1.7949999570846558,1.7999999523162842,93732,0.0,0.0
2026-04-10 12:30:00-04:00,1.7999999523162842,1.7999999523162842,1.7900999784469604,1.7949999570846558,19073,0.0,0.0
2026-04-10 12:35:00-04:00,1.7949999570846558,1.7999999523162842,1.7899999618530273,1.7999999523162842,16124,0.0,0.0
2026-04-10 12:40:00-04:00,1.7999000549316406,1.7999999523162842,1.7899999618530273,1.7949999570846558,7120,0.0,0.0
2026-04-10 12:45:00-04:00,1.7999999523162842,1.809999942779541,1.7964999675750732,1.7999999523162842,52987,0.0,0.0
2026-04-10 12:50:00-04:00,1.805999994277954,1.809999942779541,1.7949999570846558,1.809999942779541,67406,0.0,0.0
2026-04-10 12:55:00-04:00,1.7999999523162842,1.8099000453948975,1.7999999523162842,1.8049999475479126,10895,0.0,0.0
2026-04-10 13:00:00-04:00,1.7999999523162842,1.7999999523162842,1.7949999570846558,1.7949999570846558,12171,0.0,0.0
2026-04-10 13:05:00-04:00,1.7949999570846558,1.7999999523162842,1.7899999618530273,1.7999999523162842,4942,0.0,0.0
2026-04-10 13:10:00-04:00,1.7942999601364136,1.7999999523162842,1.7942999601364136,1.7949999570846558,2793,0.0,0.0
2026-04-10 13:15:00-04:00,1.7999000549316406,1.7999999523162842,1.7899999618530273,1.7949999570846558,17862,0.0,0.0
2026-04-10 13:20:00-04:00,1.7899999618530273,1.798200011253357,1.7899999618530273,1.7899999618530273,4890,0.0,0.0
2026-04-10 13:25:00-04:00,1.7999000549316406,1.7999999523162842,1.7900999784469604,1.7999999523162842,107429,0.0,0.0
2026-04-10 13:30:00-04:00,1.7949999570846558,1.8009999990463257,1.7899999618530273,1.7999999523162842,172298,0.0,0.0
2026-04-10 13:35:00-04:00,1.7999999523162842,1.7999999523162842,1.7899999618530273,1.7999999523162842,43310,0.0,0.0
2026-04-10 13:40:00-04:00,1.7999999523162842,1.7999999523162842,1.7799999713897705,1.7799999713897705,111369,0.0,0.0
2026-04-10 13:45:00-04:00,1.7799999713897705,1.7899999618530273,1.7799999713897705,1.7898999452590942,18531,0.0,0.0
2026-04-10 13:50:00-04:00,1.784999966621399,1.7898999452590942,1.7799999713897705,1.7898999452590942,11818,0.0,0.0
2026-04-10 13:55:00-04:00,1.7799999713897705,1.7899999618530273,1.7799999713897705,1.7899999618530273,23849,0.0,0.0
2026-04-10 14:00:00-04:00,1.7899999618530273,1.7899999618530273,1.774999976158142,1.7760000228881836,87851,0.0,0.0
2026-04-10 14:05:00-04:00,1.7797000408172607,1.7899999618530273,1.7797000408172607,1.784999966621399,92427,0.0,0.0
2026-04-10 14:10:00-04:00,1.780500054359436,1.7899999618530273,1.7799999713897705,1.7800999879837036,14538,0.0,0.0
2026-04-10 14:15:00-04:00,1.7899999618530273,1.7899999618530273,1.7799999713897705,1.784999966621399,14796,0.0,0.0
2026-04-10 14:20:00-04:00,1.7834999561309814,1.7899999618530273,1.7799999713897705,1.7899999618530273,12567,0.0,0.0
2026-04-10 14:25:00-04:00,1.7899999618530273,1.7899999618530273,1.7800999879837036,1.7899999618530273,38035,0.0,0.0
2026-04-10 14:30:00-04:00,1.784999966621399,1.7899999618530273,1.7799999713897705,1.7898999452590942,27073,0.0,0.0
2026-04-10 14:35:00-04:00,1.784999966621399,1.7899999618530273,1.7799999713897705,1.7899999618530273,19474,0.0,0.0
2026-04-10 14:40:00-04:00,1.7800999879837036,1.7999999523162842,1.7800999879837036,1.7999999523162842,76190,0.0,0.0
2026-04-10 14:45:00-04:00,1.7949999570846558,1.7949999570846558,1.7799999713897705,1.784999966621399,37840,0.0,0.0
2026-04-10 14:50:00-04:00,1.784500002861023,1.7899999618530273,1.7799999713897705,1.784999966621399,52576,0.0,0.0
2026-04-10 14:55:00-04:00,1.7800999879837036,1.7899999618530273,1.7799999713897705,1.784999966621399,14214,0.0,0.0
2026-04-10 15:00:00-04:00,1.7899999618530273,1.7899999618530273,1.784999966621399,1.7899999618530273,26433,0.0,0.0
2026-04-10 15:05:00-04:00,1.7899999618530273,1.7899999618530273,1.7811000347137451,1.7899999618530273,37399,0.0,0.0
2026-04-10 15:10:00-04:00,1.7898000478744507,1.7999999523162842,1.784999966621399,1.7999999523162842,63565,0.0,0.0
2026-04-10 15:15:00-04:00,1.7949999570846558,1.7999999523162842,1.784999966621399,1.784999966621399,127228,0.0,0.0
2026-04-10 15:20:00-04:00,1.7799999713897705,1.7898999452590942,1.7799999713897705,1.7799999713897705,8416,0.0,0.0
2026-04-10 15:25:00-04:00,1.7802000045776367,1.7899999618530273,1.7802000045776367,1.7899999618530273,11852,0.0,0.0
2026-04-10 15:30:00-04:00,1.7899999618530273,1.7899999618530273,1.7799999713897705,1.784999966621399,38275,0.0,0.0
2026-04-10 15:35:00-04:00,1.784999966621399,1.7899999618530273,1.774999976158142,1.7799999713897705,121474,0.0,0.0
2026-04-10 15:40:00-04:00,1.7700999975204468,1.7799999713897705,1.7700999975204468,1.7799999713897705,22853,0.0,0.0
2026-04-10 15:45:00-04:00,1.7799999713897705,1.7799999713897705,1.7699999809265137,1.774999976158142,46138,0.0,0.0
2026-04-10 15:50:00-04:00,1.7799999713897705,1.784999966621399,1.7699999809265137,1.774999976158142,166650,0.0,0.0
2026-04-10 15:55:00-04:00,1.7799999713897705,1.7799999713897705,1.75,1.75,607749,0.0,0.0
2026-04-13 09:30:00-04:00,1.75,1.7537000179290771,1.7200000286102295,1.7300000190734863,305266,0.0,0.0
2026-04-13 09:35:00-04:00,1.7359999418258667,1.7359999418258667,1.7200000286102295,1.7200000286102295,60136,0.0,0.0
2026-04-13 09:40:00-04:00,1.7200000286102295,1.7300000190734863,1.7100000381469727,1.7201000452041626,77216,0.0,0.0
2026-04-13 09:45:00-04:00,1.725000023841858,1.725000023841858,1.7100000381469727,1.725000023841858,93158,0.0,0.0
2026-04-13 09:50:00-04:00,1.725000023841858,1.7350000143051147,1.7200000286102295,1.7350000143051147,22258,0.0,0.0
2026-04-13 09:55:00-04:00,1.7350000143051147,1.7699999809265137,1.7300000190734863,1.760699987411499,116836,0.0,0.0
2026-04-13 10:00:00-04:00,1.7699999809265137,1.7899999618530273,1.75,1.75,173928,0.0,0.0
2026-04-13 10:05:00-04:00,1.753000020980835,1.7549999952316284,1.7200000286102295,1.7200000286102295,174350,0.0,0.0
2026-04-13 10:10:00-04:00,1.7299000024795532,1.7599999904632568,1.725000023841858,1.7596999406814575,99533,0.0,0.0
2026-04-13 10:15:00-04:00,1.7599999904632568,1.7599999904632568,1.7450000047683716,1.7450000047683716,21545,0.0,0.0
2026-04-13 10:20:00-04:00,1.7450000047683716,1.7592999935150146,1.7450000047683716,1.7549999952316284,20908,0.0,0.0
2026-04-13 10:25:00-04:00,1.75,1.7698999643325806,1.75,1.7698999643325806,26935,0.0,0.0
2026-04-13 10:30:00-04:00,1.7599999904632568,1.7699999809265137,1.7599999904632568,1.7699999809265137,17651,0.0,0.0
2026-04-13 10:35:00-04:00,1.7698999643325806,1.774999976158142,1.7599999904632568,1.7699999809265137,63711,0.0,0.0
2026-04-13 10:40:00-04:00,1.7649999856948853,1.7699999809265137,1.7549999952316284,1.7549999952316284,106589,0.0,0.0
2026-04-13 10:45:00-04:00,1.7549999952316284,1.7549999952316284,1.7300000190734863,1.7400000095367432,503083,0.0,0.0
2026-04-13 10:50:00-04:00,1.7301000356674194,1.7400000095367432,1.7300000190734863,1.7300000190734863,27547,0.0,0.0
2026-04-13 10:55:00-04:00,1.7350000143051147,1.7450000047683716,1.7300000190734863,1.7350000143051147,61478,0.0,0.0
2026-04-13 11:00:00-04:00,1.7350000143051147,1.7450000047683716,1.7300000190734863,1.7300000190734863,20134,0.0,0.0
2026-04-13 11:05:00-04:00,1.7300000190734863,1.7350000143051147,1.7207000255584717,1.725000023841858,115503,0.0,0.0
2026-04-13 11:10:00-04:00,1.725000023841858,1.7289999723434448,1.7200000286102295,1.7201000452041626,66651,0.0,0.0
2026-04-13 11:15:00-04:00,1.7299000024795532,1.7300000190734863,1.7200000286102295,1.7200000286102295,27134,0.0,0.0
2026-04-13 11:20:00-04:00,1.7200000286102295,1.7200000286102295,1.7100000381469727,1.7161999940872192,113237,0.0,0.0
2026-04-13 11:25:00-04:00,1.715000033378601,1.7200000286102295,1.7100000381469727,1.715000033378601,32297,0.0,0.0
2026-04-13 11:30:00-04:00,1.715000033378601,1.7200000286102295,1.7100000381469727,1.7200000286102295,28290,0.0,0.0
2026-04-13 11:35:00-04:00,1.7100000381469727,1.7200000286102295,1.7100000381469727,1.7100000381469727,15428,0.0,0.0
2026-04-13 11:40:00-04:00,1.7100000381469727,1.7300000190734863,1.7100000381469727,1.725000023841858,67551,0.0,0.0
2026-04-13 11:45:00-04:00,1.725000023841858,1.7350000143051147,1.7200000286102295,1.7288000583648682,65725,0.0,0.0
2026-04-13 11:50:00-04:00,1.7300000190734863,1.7300000190734863,1.7201999425888062,1.725000023841858,5555,0.0,0.0
2026-04-13 11:55:00-04:00,1.7300000190734863,1.7300000190734863,1.725000023841858,1.7300000190734863,8890,0.0,0.0
2026-04-13 12:00:00-04:00,1.7300000190734863,1.7400000095367432,1.7200000286102295,1.725000023841858,25858,0.0,0.0
2026-04-13 12:05:00-04:00,1.725000023841858,1.7371000051498413,1.725000023841858,1.7359999418258667,16360,0.0,0.0
2026-04-13 12:10:00-04:00,1.7300000190734863,1.73989999294281,1.725000023841858,1.725000023841858,30514,0.0,0.0
2026-04-13 12:15:00-04:00,1.725000023841858,1.7300000190734863,1.725000023841858,1.725000023841858,14863,0.0,0.0
2026-04-13 12:20:00-04:00,1.7300000190734863,1.7400000095367432,1.7201000452041626,1.7350000143051147,31894,0.0,0.0
2026-04-13 12:25:00-04:00,1.7319999933242798,1.7350000143051147,1.7201999425888062,1.7300000190734863,169268,0.0,0.0
2026-04-13 12:30:00-04:00,1.7301000356674194,1.7400000095367432,1.7300000190734863,1.7400000095367432,37117,0.0,0.0
2026-04-13 12:35:00-04:00,1.736899971961975,1.7400000095367432,1.7300000190734863,1.7300000190734863,30306,0.0,0.0
2026-04-13 12:40:00-04:00,1.7400000095367432,1.7400000095367432,1.7300000190734863,1.7350000143051147,32314,0.0,0.0
2026-04-13 12:45:00-04:00,1.7400000095367432,1.7450000047683716,1.7300000190734863,1.7450000047683716,40660,0.0,0.0
2026-04-13 12:50:00-04:00,1.7426999807357788,1.7450000047683716,1.7350000143051147,1.7350000143051147,16910,0.0,0.0
2026-04-13 12:55:00-04:00,1.7400000095367432,1.7450000047683716,1.7350000143051147,1.7450000047683716,21951,0.0,0.0
2026-04-13 13:00:00-04:00,1.7496999502182007,1.75,1.7400000095367432,1.75,18322,0.0,0.0
2026-04-13 13:05:00-04:00,1.75,1.7599999904632568,1.7450000047683716,1.7549999952316284,82192,0.0,0.0
2026-04-13 13:10:00-04:00,1.7549999952316284,1.7599999904632568,1.75,1.7599999904632568,16439,0.0,0.0
2026-04-13 13:15:00-04:00,1.7599999904632568,1.7599999904632568,1.75,1.7599999904632568,25800,0.0,0.0
2026-04-13 13:20:00-04:00,1.7599999904632568,1.7699999809265137,1.7549999952316284,1.7649999856948853,21013,0.0,0.0
2026-04-13 13:25:00-04:00,1.7649999856948853,1.7699999809265137,1.7542999982833862,1.7542999982833862,102283,0.0,0.0
2026-04-13 13:30:00-04:00,1.7598999738693237,1.7599999904632568,1.7549999952316284,1.7549999952316284,42720,0.0,0.0
2026-04-13 13:35:00-04:00,1.7549999952316284,1.7599999904632568,1.7549999952316284,1.7599999904632568,76655,0.0,0.0
2026-04-13 13:40:00-04:00,1.750100016593933,1.7599999904632568,1.750100016593933,1.7549999952316284,40994,0.0,0.0
2026-04-13 13:45:00-04:00,1.7549999952316284,1.7599999904632568,1.7400000095367432,1.7400000095367432,125392,0.0,0.0
2026-04-13 13:50:00-04:00,1.7450000047683716,1.749899983406067,1.7450000047683716,1.7450000047683716,45831,0.0,0.0
2026-04-13 13:55:00-04:00,1.75,1.75,1.7400000095367432,1.7400000095367432,5735,0.0,0.0
2026-04-13 14:00:00-04:00,1.7400000095367432,1.7599999904632568,1.7400000095367432,1.7549999952316284,30136,0.0,0.0
2026-04-13 14:05:00-04:00,1.75,1.7599999904632568,1.75,1.75,13489,0.0,0.0
2026-04-13 14:10:00-04:00,1.75,1.7599999904632568,1.75,1.7549999952316284,11288,0.0,0.0
2026-04-13 14:15:00-04:00,1.7549999952316284,1.7599999904632568,1.7400000095367432,1.7450000047683716,27489,0.0,0.0
2026-04-13 14:20:00-04:00,1.75,1.75,1.7450000047683716,1.7450000047683716,146276,0.0,0.0
2026-04-13 14:25:00-04:00,1.75,1.7554999589920044,1.7450000047683716,1.75,39932,0.0,0.0
2026-04-13 14:30:00-04:00,1.75,1.7549999952316284,1.7445000410079956,1.75,88902,0.0,0.0
2026-04-13 14:35:00-04:00,1.75,1.7599999904632568,1.7450000047683716,1.75,26951,0.0,0.0
2026-04-13 14:40:00-04:00,1.749899983406067,1.7549999952316284,1.7401000261306763,1.7549999952316284,29204,0.0,0.0
2026-04-13 14:45:00-04:00,1.75,1.7549999952316284,1.7400000095367432,1.7549999952316284,75139,0.0,0.0
2026-04-13 14:50:00-04:00,1.75,1.7649999856948853,1.75,1.7649999856948853,15898,0.0,0.0
2026-04-13 14:55:00-04:00,1.7599999904632568,1.7699999809265137,1.7599999904632568,1.7699999809265137,21326,0.0,0.0
2026-04-13 15:00:00-04:00,1.7699999809265137,1.774999976158142,1.7649999856948853,1.7699999809265137,49706,0.0,0.0
2026-04-13 15:05:00-04:00,1.7699999809265137,1.7699999809265137,1.7649999856948853,1.7699999809265137,14209,0.0,0.0
2026-04-13 15:10:00-04:00,1.7699999809265137,1.7699999809265137,1.7599999904632568,1.7699999809265137,61859,0.0,0.0
2026-04-13 15:15:00-04:00,1.7649999856948853,1.7799999713897705,1.7610000371932983,1.7649999856948853,62975,0.0,0.0
2026-04-13 15:20:00-04:00,1.7649999856948853,1.784999966621399,1.7649999856948853,1.7799999713897705,83840,0.0,0.0
2026-04-13 15:25:00-04:00,1.7799999713897705,1.7899999618530273,1.7799999713897705,1.784999966621399,42062,0.0,0.0
2026-04-13 15:30:00-04:00,1.7800999879837036,1.7899999618530273,1.7799999713897705,1.7899999618530273,18896,0.0,0.0
2026-04-13 15:35:00-04:00,1.7899999618530273,1.7899999618530273,1.7799999713897705,1.7899999618530273,24847,0.0,0.0
2026-04-13 15:40:00-04:00,1.7799999713897705,1.7999999523162842,1.7799999713897705,1.7899999618530273,100935,0.0,0.0
2026-04-13 15:45:00-04:00,1.7899999618530273,1.7999999523162842,1.7899999618530273,1.7949999570846558,31921,0.0,0.0
2026-04-13 15:50:00-04:00,1.7899999618530273,1.8049999475479126,1.7899999618530273,1.7949999570846558,502616,0.0,0.0
2026-04-13 15:55:00-04:00,1.7949999570846558,1.7999999523162842,1.7799999713897705,1.784999966621399,260581,0.0,0.0
