datetime,open,high,low,close,volume,dividends,stock splits
2026-04-02 09:30:00-04:00,1.75,1.7549999952316284,1.7200000286102295,1.7201999425888062,280639,0.0,0.0
2026-04-02 09:31:00-04:00,1.7400000095367432,1.7400000095367432,1.7301000356674194,1.7311999797821045,6166,0.0,0.0
2026-04-02 09:32:00-04:00,1.7400000095367432,1.7400000095367432,1.725000023841858,1.725000023841858,8480,0.0,0.0
2026-04-02 09:33:00-04:00,1.7300000190734863,1.7300000190734863,1.7202999591827393,1.725000023841858,12472,0.0,0.0
2026-04-02 09:34:00-04:00,1.725000023841858,1.7350000143051147,1.725000023841858,1.7350000143051147,15374,0.0,0.0
2026-04-02 09:35:00-04:00,1.7388999462127686,1.7400000095367432,1.7350000143051147,1.7350000143051147,12760,0.0,0.0
2026-04-02 09:36:00-04:00,1.7359999418258667,1.7359999418258667,1.7350000143051147,1.7350000143051147,430,0.0,0.0
2026-04-02 09:37:00-04:00,1.7350000143051147,1.7384999990463257,1.7302000522613525,1.7350000143051147,15821,0.0,0.0
2026-04-02 09:38:00-04:00,1.7400000095367432,1.7400000095367432,1.7300000190734863,1.7359999418258667,4570,0.0,0.0
2026-04-02 09:39:00-04:00,1.7350000143051147,1.7400000095367432,1.7300000190734863,1.7359999418258667,6791,0.0,0.0
2026-04-02 09:40:00-04:00,1.7350000143051147,1.7400000095367432,1.7350000143051147,1.7359999418258667,13645,0.0,0.0
2026-04-02 09:41:00-04:00,1.7350000143051147,1.7400000095367432,1.7350000143051147,1.73989999294281,1581,0.0,0.0
2026-04-02 09:42:00-04:00,1.73989999294281,1.7400000095367432,1.7350000143051147,1.739799976348877,8139,0.0,0.0
2026-04-02 09:43:00-04:00,1.7400000095367432,1.7400000095367432,1.7350000143051147,1.7350000143051147,5151,0.0,0.0
2026-04-02 09:44:00-04:00,1.7400000095367432,1.7400000095367432,1.7355999946594238,1.7355999946594238,4510,0.0,0.0
2026-04-02 09:45:00-04:00,1.73989999294281,1.73989999294281,1.7300000190734863,1.7300000190734863,1982,0.0,0.0
2026-04-02 09:46:00-04:00,1.7300000190734863,1.7300000190734863,1.725000023841858,1.725000023841858,120130,0.0,0.0
2026-04-02 09:47:00-04:00,1.7300000190734863,1.7300000190734863,1.7200000286102295,1.7200000286102295,10835,0.0,0.0
2026-04-02 09:48:00-04:00,1.7200000286102295,1.725000023841858,1.7200000286102295,1.725000023841858,2911,0.0,0.0
2026-04-02 09:49:00-04:00,1.725000023841858,1.7350000143051147,1.7200000286102295,1.7300000190734863,36110,0.0,0.0
2026-04-02 09:50:00-04:00,1.725000023841858,1.725000023841858,1.7200000286102295,1.725000023841858,6989,0.0,0.0
2026-04-02 09:51:00-04:00,1.7201999425888062,1.7201999425888062,1.7201999425888062,1.7201999425888062,12996,0.0,0.0
2026-04-02 09:52:00-04:00,1.7201000452041626,1.7300000190734863,1.7201000452041626,1.725000023841858,3281,0.0,0.0
2026-04-02 09:53:00-04:00,1.725000023841858,1.7300000190734863,1.725000023841858,1.725000023841858,15768,0.0,0.0
2026-04-02 09:54:00-04:00,1.7300000190734863,1.7300000190734863,1.7200000286102295,1.725000023841858,20214,0.0,0.0
2026-04-02 09:55:00-04:00,1.7300000190734863,1.7300000190734863,1.7200000286102295,1.7299000024795532,2899,0.0,0.0
2026-04-02 09:56:00-04:00,1.7299000024795532,1.7299000024795532,1.7211999893188477,1.7299000024795532,1144,0.0,0.0
2026-04-02 09:57:00-04:00,1.7289999723434448,1.7289999723434448,1.7201000452041626,1.725000023841858,28440,0.0,0.0
2026-04-02 09:58:00-04:00,1.7200000286102295,1.725000023841858,1.7200000286102295,1.725000023841858,1120,0.0,0.0
2026-04-02 09:59:00-04:00,1.7300000190734863,1.7300000190734863,1.725000023841858,1.725000023841858,3435,0.0,0.0
2026-04-02 10:00:00-04:00,1.7236000299453735,1.7236000299453735,1.7200000286102295,1.7200000286102295,1658,0.0,0.0
2026-04-02 10:01:00-04:00,1.725000023841858,1.725000023841858,1.7200000286102295,1.7200000286102295,15215,0.0,0.0
2026-04-02 10:02:00-04:00,1.7300000190734863,1.7300000190734863,1.725000023841858,1.725000023841858,1602,0.0,0.0
2026-04-02 10:03:00-04:00,1.7299000024795532,1.7300000190734863,1.725000023841858,1.7299000024795532,5975,0.0,0.0
2026-04-02 10:04:00-04:00,1.725000023841858,1.7285000085830688,1.7200000286102295,1.7285000085830688,1952,0.0,0.0
2026-04-02 10:05:00-04:00,1.7300000190734863,1.7300000190734863,1.725000023841858,1.725000023841858,2838,0.0,0.0
2026-04-02 10:06:00-04:00,1.725000023841858,1.7300000190734863,1.725000023841858,1.7300000190734863,2794,0.0,0.0
2026-04-02 10:07:00-04:00,1.7300000190734863,1.7300000190734863,1.725000023841858,1.725000023841858,1537,0.0,0.0
2026-04-02 10:08:00-04:00,1.7300000190734863,1.7300000190734863,1.7300000190734863,1.7300000190734863,4526,0.0,0.0
2026-04-02 10:09:00-04:00,1.725000023841858,1.7300000190734863,1.7200000286102295,1.725000023841858,14528,0.0,0.0
2026-04-02 10:10:00-04:00,1.7300000190734863,1.7300000190734863,1.725000023841858,1.725000023841858,11100,0.0,0.0
2026-04-02 10:11:00-04:00,1.7300000190734863,1.7400000095367432,1.7300000190734863,1.7400000095367432,12309,0.0,0.0
2026-04-02 10:12:00-04:00,1.7400000095367432,1.7450000047683716,1.7400000095367432,1.7450000047683716,23164,0.0,0.0
2026-04-02 10:13:00-04:00,1.74399995803833,1.75,1.7400000095367432,1.748900055885315,11098,0.0,0.0
2026-04-02 10:14:00-04:00,1.7400000095367432,1.7400000095367432,1.7350000143051147,1.7400000095367432,41280,0.0,0.0
2026-04-02 10:15:00-04:00,1.7300000190734863,1.7301000356674194,1.7300000190734863,1.7301000356674194,10679,0.0,0.0
2026-04-02 10:16:00-04:00,1.7300000190734863,1.7310999631881714,1.7300000190734863,1.7301000356674194,1000,0.0,0.0
2026-04-02 10:17:00-04:00,1.7300000190734863,1.7350000143051147,1.7300000190734863,1.7350000143051147,13666,0.0,0.0
2026-04-02 10:18:00-04:00,1.7350000143051147,1.7400000095367432,1.7300000190734863,1.7400000095367432,2451,0.0,0.0
2026-04-02 10:19:00-04:00,1.7300000190734863,1.7300000190734863,1.7300000190734863,1.7300000190734863,25476,0.0,0.0
2026-04-02 10:20:00-04:00,1.7200000286102295,1.7300000190734863,1.7200000286102295,1.725000023841858,15134,0.0,0.0
2026-04-02 10:21:00-04:00,1.7245999574661255,1.7350000143051147,1.7200000286102295,1.7350000143051147,24179,0.0,0.0
2026-04-02 10:22:00-04:00,1.7350000143051147,1.7350000143051147,1.7300000190734863,1.7300000190734863,21833,0.0,0.0
2026-04-02 10:23:00-04:00,1.7373000383377075,1.73989999294281,1.7300000190734863,1.7300000190734863,51897,0.0,0.0
2026-04-02 10:24:00-04:00,1.7300000190734863,1.7400000095367432,1.7300000190734863,1.7301000356674194,4456,0.0,0.0
2026-04-02 10:25:00-04:00,1.7300000190734863,1.7300000190734863,1.725000023841858,1.725000023841858,12623,0.0,0.0
2026-04-02 10:26:00-04:00,1.725000023841858,1.725000023841858,1.725000023841858,1.725000023841858,200,0.0,0.0
2026-04-02 10:27:00-04:00,1.7200000286102295,1.7200000286102295,1.7200000286102295,1.7200000286102295,492144,0.0,0.0
2026-04-02 10:28:00-04:00,1.725000023841858,1.7300000190734863,1.7200000286102295,1.7300000190734863,17882,0.0,0.0
2026-04-02 10:29:00-04:00,1.7280999422073364,1.7299000024795532,1.725000023841858,1.7299000024795532,11072,0.0,0.0
2026-04-02 10:30:00-04:00,1.7200000286102295,1.7300000190734863,1.7200000286102295,1.7300000190734863,7239,0.0,0.0
2026-04-02 10:31:00-04:00,1.725000023841858,1.7300000190734863,1.7201000452041626,1.725000023841858,3565,0.0,0.0
2026-04-02 10:32:00-04:00,1.7299000024795532,1.7300000190734863,1.725000023841858,1.7295000553131104,5754,0.0,0.0
2026-04-02 10:33:00-04:00,1.725000023841858,1.73989999294281,1.725000023841858,1.7350000143051147,7987,0.0,0.0
2026-04-02 10:34:00-04:00,1.7350000143051147,1.7400000095367432,1.7350000143051147,1.7400000095367432,1522,0.0,0.0
2026-04-02 10:35:00-04:00,1.7400000095367432,1.7450000047683716,1.7400000095367432,1.7450000047683716,16212,0.0,0.0
2026-04-02 10:36:00-04:00,1.7450000047683716,1.7599999904632568,1.7450000047683716,1.7599999904632568,18803,0.0,0.0
2026-04-02 10:37:00-04:00,1.7510000467300415,1.774999976158142,1.7510000467300415,1.7699999809265137,34092,0.0,0.0
2026-04-02 10:38:00-04:00,1.7699999809265137,1.7699999809265137,1.7599999904632568,1.7599999904632568,41019,0.0,0.0
2026-04-02 10:39:00-04:00,1.7599999904632568,1.7699999809265137,1.7599999904632568,1.7699999809265137,14196,0.0,0.0
2026-04-02 10:40:00-04:00,1.7799999713897705,1.7799999713897705,1.7699999809265137,1.7699999809265137,15155,0.0,0.0
2026-04-02 10:41:00-04:00,1.7699999809265137,1.7699999809265137,1.7599999904632568,1.7599999904632568,9645,0.0,0.0
2026-04-02 10:42:00-04:00,1.7698999643325806,1.7698999643325806,1.7599999904632568,1.7599999904632568,1797,0.0,0.0
2026-04-02 10:43:00-04:00,1.7662999629974365,1.7799999713897705,1.7662999629974365,1.7799999713897705,29690,0.0,0.0
2026-04-02 10:44:00-04:00,1.7799999713897705,1.7799999713897705,1.7789000272750854,1.7789000272750854,13623,0.0,0.0
2026-04-02 10:45:00-04:00,1.7799999713897705,1.7799999713897705,1.774999976158142,1.7799999713897705,2355,0.0,0.0
2026-04-02 10:46:00-04:00,1.7799999713897705,1.7799999713897705,1.7699999809265137,1.774999976158142,2927,0.0,0.0
2026-04-02 10:47:00-04:00,1.7699999809265137,1.774999976158142,1.7699999809265137,1.7699999809265137,1953,0.0,0.0
2026-04-02 10:48:00-04:00,1.7699999809265137,1.7699999809265137,1.7699999809265137,1.7699999809265137,3471,0.0,0.0
2026-04-02 10:49:00-04:00,1.7767000198364258,1.7767000198364258,1.7699999809265137,1.774999976158142,3058,0.0,0.0
2026-04-02 10:50:00-04:00,1.7699999809265137,1.7699999809265137,1.7649999856948853,1.7649999856948853,28336,0.0,0.0
2026-04-02 10:51:00-04:00,1.7669999599456787,1.7669999599456787,1.7649999856948853,1.7649999856948853,5066,0.0,0.0
2026-04-02 10:52:00-04:00,1.763200044631958,1.7649999856948853,1.763200044631958,1.7649999856948853,1866,0.0,0.0
2026-04-02 10:53:00-04:00,1.7699999809265137,1.7699999809265137,1.7699999809265137,1.7699999809265137,1983,0.0,0.0
2026-04-02 10:54:00-04:00,1.7649999856948853,1.7649999856948853,1.7610000371932983,1.7610000371932983,3905,0.0,0.0
2026-04-02 10:55:00-04:00,1.7699999809265137,1.7699999809265137,1.7699999809265137,1.7699999809265137,405758,0.0,0.0
2026-04-02 10:56:00-04:00,1.7699999809265137,1.774999976158142,1.7649999856948853,1.774999976158142,45373,0.0,0.0
2026-04-02 10:57:00-04:00,1.774999976158142,1.7799999713897705,1.774999976158142,1.774999976158142,2543,0.0,0.0
2026-04-02 10:58:00-04:00,1.7799999713897705,1.7799999713897705,1.7699999809265137,1.7799999713897705,4601,0.0,0.0
2026-04-02 10:59:00-04:00,1.7799999713897705,1.7799999713897705,1.7798999547958374,1.7799999713897705,39816,0.0,0.0
2026-04-02 11:00:00-04:00,1.774999976158142,1.774999976158142,1.774999976158142,1.774999976158142,892,0.0,0.0
2026-04-02 11:02:00-04:00,1.7699999809265137,1.774999976158142,1.7699999809265137,1.774999976158142,7029,0.0,0.0
2026-04-02 11:03:00-04:00,1.774999976158142,1.774999976158142,1.774999976158142,1.774999976158142,3462,0.0,0.0
2026-04-02 11:04:00-04:00,1.774999976158142,1.774999976158142,1.7699999809265137,1.7699999809265137,1792,0.0,0.0
2026-04-02 11:05:00-04:00,1.7798999547958374,1.7798999547958374,1.774999976158142,1.774999976158142,2262,0.0,0.0
2026-04-02 11:06:00-04:00,1.774999976158142,1.774999976158142,1.774999976158142,1.774999976158142,3721,0.0,0.0
2026-04-02 11:07:00-04:00,1.774999976158142,1.774999976158142,1.774999976158142,1.774999976158142,2400,0.0,0.0
2026-04-02 11:08:00-04:00,1.774999976158142,1.774999976158142,1.7699999809265137,1.7699999809265137,28425,0.0,0.0
2026-04-02 11:09:00-04:00,1.7649999856948853,1.7699999809265137,1.7649999856948853,1.7699999809265137,4166,0.0,0.0
2026-04-02 11:10:00-04:00,1.7682000398635864,1.774999976158142,1.7682000398635864,1.774999976158142,12631,0.0,0.0
2026-04-02 11:11:00-04:00,1.774999976158142,1.7798999547958374,1.7700999975204468,1.7700999975204468,5534,0.0,0.0
2026-04-02 11:12:00-04:00,1.774999976158142,1.774999976158142,1.7699999809265137,1.7714999914169312,4667,0.0,0.0
2026-04-02 11:13:00-04:00,1.7798999547958374,1.7798999547958374,1.774999976158142,1.7798999547958374,879,0.0,0.0
2026-04-02 11:14:00-04:00,1.7700999975204468,1.774999976158142,1.7700999975204468,1.774999976158142,1376,0.0,0.0
2026-04-02 11:15:00-04:00,1.774999976158142,1.774999976158142,1.774999976158142,1.774999976158142,265,0.0,0.0
2026-04-02 11:16:00-04:00,1.7767000198364258,1.7767000198364258,1.7699999809265137,1.7699999809265137,18184,0.0,0.0
2026-04-02 11:17:00-04:00,1.7661999464035034,1.7661999464035034,1.7661999464035034,1.7661999464035034,1657,0.0,0.0
2026-04-02 11:18:00-04:00,1.7699999809265137,1.7699999809265137,1.7698999643325806,1.7698999643325806,465,0.0,0.0
2026-04-02 11:19:00-04:00,1.7649999856948853,1.7651000022888184,1.7649999856948853,1.7651000022888184,3441,0.0,0.0
2026-04-02 11:20:00-04:00,1.7599999904632568,1.7599999904632568,1.7549999952316284,1.7549999952316284,19743,0.0,0.0
2026-04-02 11:21:00-04:00,1.7599999904632568,1.7599999904632568,1.7549999952316284,1.7589999437332153,4460,0.0,0.0
2026-04-02 11:22:00-04:00,1.7599999904632568,1.7599999904632568,1.7549999952316284,1.7549999952316284,6460,0.0,0.0
2026-04-02 11:23:00-04:00,1.75,1.7549999952316284,1.7400000095367432,1.7450000047683716,26141,0.0,0.0
2026-04-02 11:24:00-04:00,1.75,1.7599999904632568,1.75,1.7599999904632568,15335,0.0,0.0
2026-04-02 11:25:00-04:00,1.75,1.75,1.75,1.75,1037,0.0,0.0
2026-04-02 11:26:00-04:00,1.7599999904632568,1.7599999904632568,1.7599999904632568,1.7599999904632568,415,0.0,0.0
2026-04-02 11:27:00-04:00,1.75,1.75,1.75,1.75,683,0.0,0.0
2026-04-02 11:28:00-04:00,1.7599999904632568,1.7599999904632568,1.7599999904632568,1.7599999904632568,733,0.0,0.0
2026-04-02 11:29:00-04:00,1.75,1.7599999904632568,1.75,1.7549999952316284,2462,0.0,0.0
2026-04-02 11:30:00-04:00,1.7599999904632568,1.7599999904632568,1.75,1.75,1000,0.0,0.0
2026-04-02 11:31:00-04:00,1.75,1.75,1.75,1.75,613,0.0,0.0
2026-04-02 11:32:00-04:00,1.75,1.7599999904632568,1.75,1.7599999904632568,785,0.0,0.0
2026-04-02 11:33:00-04:00,1.7598999738693237,1.7598999738693237,1.75,1.75,1722,0.0,0.0
2026-04-02 11:34:00-04:00,1.7599999904632568,1.7599999904632568,1.7599999904632568,1.7599999904632568,3502,0.0,0.0
2026-04-02 11:35:00-04:00,1.7599999904632568,1.7599999904632568,1.75,1.7599999904632568,1466,0.0,0.0
2026-04-02 11:36:00-04:00,1.7510000467300415,1.7599999904632568,1.75,1.7549999952316284,4723,0.0,0.0
2026-04-02 11:37:00-04:00,1.7599999904632568,1.7599999904632568,1.75,1.75,2208,0.0,0.0
2026-04-02 11:38:00-04:00,1.7510000467300415,1.7599999904632568,1.75,1.75,9638,0.0,0.0
2026-04-02 11:39:00-04:00,1.75,1.7599999904632568,1.75,1.7549999952316284,716,0.0,0.0
2026-04-02 11:40:00-04:00,1.750100016593933,1.7599999904632568,1.75,1.7549999952316284,4729,0.0,0.0
2026-04-02 11:41:00-04:00,1.7599999904632568,1.7599999904632568,1.75,1.75,2997,0.0,0.0
2026-04-02 11:42:00-04:00,1.7599999904632568,1.7599999904632568,1.75,1.7599999904632568,1474,0.0,0.0
2026-04-02 11:43:00-04:00,1.750100016593933,1.7549999952316284,1.75,1.7549999952316284,2613,0.0,0.0
2026-04-02 11:44:00-04:00,1.7599999904632568,1.7599999904632568,1.75,1.7549999952316284,1460,0.0,0.0
2026-04-02 11:45:00-04:00,1.7549999952316284,1.7598999738693237,1.75,1.75,17135,0.0,0.0
2026-04-02 11:46:00-04:00,1.75,1.7599999904632568,1.75,1.75,2926,0.0,0.0
2026-04-02 11:47:00-04:00,1.7598999738693237,1.7599999904632568,1.75,1.75,1398,0.0,0.0
2026-04-02 11:48:00-04:00,1.75,1.7549999952316284,1.75,1.75,1786,0.0,0.0
2026-04-02 11:49:00-04:00,1.75,1.7549999952316284,1.75,1.75,29377,0.0,0.0
2026-04-02 11:50:00-04:00,1.75,1.7549999952316284,1.7450000047683716,1.7450000047683716,13860,0.0,0.0
2026-04-02 11:51:00-04:00,1.7484999895095825,1.748900055885315,1.7400000095367432,1.7400000095367432,3264,0.0,0.0
2026-04-02 11:52:00-04:00,1.7450000047683716,1.75,1.7401000261306763,1.749899983406067,15251,0.0,0.0
2026-04-02 11:53:00-04:00,1.75,1.7549999952316284,1.75,1.750100016593933,14904,0.0,0.0
2026-04-02 11:54:00-04:00,1.7599999904632568,1.7599999904632568,1.7599999904632568,1.7599999904632568,2584,0.0,0.0
2026-04-02 11:55:00-04:00,1.7549999952316284,1.7549999952316284,1.7549999952316284,1.7549999952316284,500,0.0,0.0
2026-04-02 11:56:00-04:00,1.7599999904632568,1.7649999856948853,1.7599999904632568,1.7649999856948853,8018,0.0,0.0
2026-04-02 11:57:00-04:00,1.7599999904632568,1.7649999856948853,1.7599999904632568,1.7649999856948853,9667,0.0,0.0
2026-04-02 11:58:00-04:00,1.7599999904632568,1.7649999856948853,1.7549999952316284,1.7598999738693237,25631,0.0,0.0
2026-04-02 11:59:00-04:00,1.7549999952316284,1.7597999572753906,1.7549999952316284,1.7597999572753906,3073,0.0,0.0
2026-04-02 12:00:00-04:00,1.7599999904632568,1.7649999856948853,1.7599999904632568,1.76010000705719,10146,0.0,0.0
2026-04-02 12:01:00-04:00,1.7698999643325806,1.7699999809265137,1.7599999904632568,1.7599999904632568,3071,0.0,0.0
2026-04-02 12:02:00-04:00,1.7689000368118286,1.7689000368118286,1.7689000368118286,1.7689000368118286,2915,0.0,0.0
2026-04-02 12:03:00-04:00,1.7699999809265137,1.7699999809265137,1.7699999809265137,1.7699999809265137,461,0.0,0.0
2026-04-02 12:04:00-04:00,1.7649999856948853,1.7699999809265137,1.7599999904632568,1.7699999809265137,6980,0.0,0.0
2026-04-02 12:05:00-04:00,1.7649999856948853,1.7649999856948853,1.7649999856948853,1.7649999856948853,5778,0.0,0.0
2026-04-02 12:06:00-04:00,1.7699999809265137,1.7699999809265137,1.7649999856948853,1.7699999809265137,2918,0.0,0.0
2026-04-02 12:07:00-04:00,1.7599999904632568,1.7599999904632568,1.7599999904632568,1.7599999904632568,24768,0.0,0.0
2026-04-02 12:08:00-04:00,1.7599999904632568,1.7599999904632568,1.7549999952316284,1.7549999952316284,1392,0.0,0.0
2026-04-02 12:09:00-04:00,1.7599999904632568,1.7599999904632568,1.7599999904632568,1.7599999904632568,3632,0.0,0.0
2026-04-02 12:10:00-04:00,1.7611000537872314,1.7611000537872314,1.7611000537872314,1.7611000537872314,587,0.0,0.0
2026-04-02 12:11:00-04:00,1.7649999856948853,1.7649999856948853,1.7649999856948853,1.7649999856948853,2385,0.0,0.0
2026-04-02 12:12:00-04:00,1.7649999856948853,1.7649999856948853,1.7649999856948853,1.7649999856948853,1621,0.0,0.0
2026-04-02 12:13:00-04:00,1.7699999809265137,1.7699999809265137,1.7699999809265137,1.7699999809265137,2185,0.0,0.0
2026-04-02 12:16:00-04:00,1.7699999809265137,1.7699999809265137,1.7599999904632568,1.7662999629974365,1034,0.0,0.0
2026-04-02 12:17:00-04:00,1.7599999904632568,1.7699999809265137,1.7599999904632568,1.7649999856948853,3593,0.0,0.0
2026-04-02 12:18:00-04:00,1.7649999856948853,1.7649999856948853,1.7599999904632568,1.7599999904632568,770,0.0,0.0
2026-04-02 12:19:00-04:00,1.7599999904632568,1.7649999856948853,1.7549999952316284,1.7549999952316284,17863,0.0,0.0
2026-04-02 12:20:00-04:00,1.7549999952316284,1.7599999904632568,1.7515000104904175,1.7599999904632568,6451,0.0,0.0
2026-04-02 12:21:00-04:00,1.7549999952316284,1.7549999952316284,1.7549999952316284,1.7549999952316284,1735,0.0,0.0
2026-04-02 12:22:00-04:00,1.75,1.75,1.75,1.75,1031,0.0,0.0
2026-04-02 12:23:00-04:00,1.75,1.75,1.75,1.75,1013,0.0,0.0
2026-04-02 12:24:00-04:00,1.75,1.75,1.75,1.75,745,0.0,0.0
2026-04-02 12:25:00-04:00,1.7599999904632568,1.7599999904632568,1.7589999437332153,1.7589999437332153,2309,0.0,0.0
2026-04-02 12:26:00-04:00,1.7532000541687012,1.7532000541687012,1.7532000541687012,1.7532000541687012,5329,0.0,0.0
2026-04-02 12:27:00-04:00,1.75,1.7549999952316284,1.75,1.7549999952316284,455,0.0,0.0
2026-04-02 12:28:00-04:00,1.7549999952316284,1.7599999904632568,1.7549999952316284,1.7599999904632568,2125,0.0,0.0
2026-04-02 12:29:00-04:00,1.7549999952316284,1.7549999952316284,1.7549999952316284,1.7549999952316284,733,0.0,0.0
2026-04-02 12:30:00-04:00,1.75,1.7549999952316284,1.75,1.7549999952316284,8753,0.0,0.0
2026-04-02 12:31:00-04:00,1.7599999904632568,1.7599999904632568,1.7549999952316284,1.7549999952316284,1611,0.0,0.0
2026-04-02 12:32:00-04:00,1.7549999952316284,1.7549999952316284,1.7549999952316284,1.7549999952316284,651,0.0,0.0
2026-04-02 12:33:00-04:00,1.750100016593933,1.750100016593933,1.750100016593933,1.750100016593933,10692,0.0,0.0
2026-04-02 12:34:00-04:00,1.75,1.7549999952316284,1.75,1.7549999952316284,12487,0.0,0.0
2026-04-02 12:36:00-04:00,1.7599999904632568,1.7599999904632568,1.75,1.7549999952316284,4773,0.0,0.0
2026-04-02 12:37:00-04:00,1.7599999904632568,1.7599999904632568,1.75,1.75,4410,0.0,0.0
2026-04-02 12:38:00-04:00,1.7599999904632568,1.7599999904632568,1.7598999738693237,1.7598999738693237,442,0.0,0.0
2026-04-02 12:39:00-04:00,1.7599999904632568,1.7599999904632568,1.75,1.75,1468,0.0,0.0
2026-04-02 12:40:00-04:00,1.7599999904632568,1.7699999809265137,1.7549999952316284,1.7699999809265137,13563,0.0,0.0
2026-04-02 12:41:00-04:00,1.7649999856948853,1.7649999856948853,1.76010000705719,1.76010000705719,928,0.0,0.0
2026-04-02 12:42:00-04:00,1.7599999904632568,1.7699999809265137,1.7599999904632568,1.7699999809265137,3073,0.0,0.0
2026-04-02 12:43:00-04:00,1.7649999856948853,1.7649999856948853,1.7649999856948853,1.7649999856948853,972,0.0,0.0
2026-04-02 12:44:00-04:00,1.7649999856948853,1.7649999856948853,1.7649999856948853,1.7649999856948853,517,0.0,0.0
2026-04-02 12:45:00-04:00,1.7599999904632568,1.7699999809265137,1.7599999904632568,1.7699999809265137,2191,0.0,0.0
2026-04-02 12:46:00-04:00,1.7599999904632568,1.7649999856948853,1.7599999904632568,1.7649999856948853,1900,0.0,0.0
2026-04-02 12:47:00-04:00,1.7649999856948853,1.7649999856948853,1.7649999856948853,1.7649999856948853,9792,0.0,0.0
2026-04-02 12:48:00-04:00,1.7599999904632568,1.7699999809265137,1.7599999904632568,1.7699999809265137,4331,0.0,0.0
2026-04-02 12:49:00-04:00,1.7649999856948853,1.7649999856948853,1.7649999856948853,1.7649999856948853,1460,0.0,0.0
2026-04-02 12:50:00-04:00,1.7599999904632568,1.7599999904632568,1.7599999904632568,1.7599999904632568,1075,0.0,0.0
2026-04-02 12:51:00-04:00,1.7599999904632568,1.7699999809265137,1.7599999904632568,1.7699999809265137,1898,0.0,0.0
2026-04-02 12:52:00-04:00,1.7649999856948853,1.7699999809265137,1.7649999856948853,1.7699999809265137,672,0.0,0.0
2026-04-02 12:53:00-04:00,1.7649999856948853,1.7699999809265137,1.7599999904632568,1.7649999856948853,5699,0.0,0.0
2026-04-02 12:54:00-04:00,1.7599999904632568,1.7699999809265137,1.7599999904632568,1.7699999809265137,1063,0.0,0.0
2026-04-02 12:55:00-04:00,1.7699999809265137,1.7699999809265137,1.7649999856948853,1.7699999809265137,5881,0.0,0.0
2026-04-02 12:56:00-04:00,1.7699999809265137,1.7699999809265137,1.7599999904632568,1.7649999856948853,1248,0.0,0.0
2026-04-02 12:57:00-04:00,1.7599999904632568,1.7699999809265137,1.7599999904632568,1.7599999904632568,5818,0.0,0.0
2026-04-02 12:58:00-04:00,1.7599999904632568,1.7599999904632568,1.7549999952316284,1.7549999952316284,32571,0.0,0.0
2026-04-02 12:59:00-04:00,1.7599999904632568,1.7599999904632568,1.75,1.75,12422,0.0,0.0
2026-04-02 13:00:00-04:00,1.7599999904632568,1.7599999904632568,1.7549999952316284,1.7596999406814575,2569,0.0,0.0
2026-04-02 13:01:00-04:00,1.7599999904632568,1.7599999904632568,1.7515000104904175,1.7515000104904175,897,0.0,0.0
2026-04-02 13:02:00-04:00,1.75,1.7599999904632568,1.75,1.7599999904632568,852,0.0,0.0
2026-04-02 13:03:00-04:00,1.7549999952316284,1.7599999904632568,1.7549999952316284,1.7599999904632568,1392,0.0,0.0
2026-04-02 13:04:00-04:00,1.7596999406814575,1.7599999904632568,1.7596999406814575,1.7599999904632568,1171,0.0,0.0
2026-04-02 13:05:00-04:00,1.7549999952316284,1.7599999904632568,1.7549999952316284,1.7599999904632568,1207,0.0,0.0
2026-04-02 13:06:00-04:00,1.7599999904632568,1.7599999904632568,1.7599999904632568,1.7599999904632568,1296,0.0,0.0
2026-04-02 13:07:00-04:00,1.7598999738693237,1.7598999738693237,1.7598999738693237,1.7598999738693237,1675,0.0,0.0
2026-04-02 13:08:00-04:00,1.7589999437332153,1.7599999904632568,1.75,1.7549999952316284,5206,0.0,0.0
2026-04-02 13:09:00-04:00,1.7549999952316284,1.7599999904632568,1.7549999952316284,1.7599999904632568,1371,0.0,0.0
2026-04-02 13:10:00-04:00,1.7599999904632568,1.7599999904632568,1.7599999904632568,1.7599999904632568,1293,0.0,0.0
2026-04-02 13:11:00-04:00,1.75,1.7599999904632568,1.75,1.7549999952316284,5719,0.0,0.0
2026-04-02 13:12:00-04:00,1.7599999904632568,1.7599999904632568,1.7599999904632568,1.7599999904632568,878,0.0,0.0
2026-04-02 13:13:00-04:00,1.7599999904632568,1.7599999904632568,1.750100016593933,1.750100016593933,840,0.0,0.0
2026-04-02 13:14:00-04:00,1.75,1.7599999904632568,1.75,1.7599999904632568,1065,0.0,0.0
2026-04-02 13:15:00-04:00,1.7599999904632568,1.7599999904632568,1.7599999904632568,1.7599999904632568,1104,0.0,0.0
2026-04-02 13:16:00-04:00,1.7599999904632568,1.7599999904632568,1.75,1.75,1308,0.0,0.0
2026-04-02 13:17:00-04:00,1.7599999904632568,1.7599999904632568,1.75,1.7599999904632568,1295,0.0,0.0
2026-04-02 13:18:00-04:00,1.7599999904632568,1.7599999904632568,1.7549999952316284,1.7549999952316284,1605,0.0,0.0
2026-04-02 13:19:00-04:00,1.7599999904632568,1.7599999904632568,1.75,1.7599999904632568,2899,0.0,0.0
2026-04-02 13:20:00-04:00,1.75,1.7599999904632568,1.75,1.7599999904632568,8130,0.0,0.0
2026-04-02 13:21:00-04:00,1.7599999904632568,1.7599999904632568,1.7549999952316284,1.7599999904632568,2451,0.0,0.0
2026-04-02 13:22:00-04:00,1.7599999904632568,1.7599999904632568,1.753999948501587,1.7599999904632568,2070,0.0,0.0
2026-04-02 13:23:00-04:00,1.7549999952316284,1.7599999904632568,1.7549999952316284,1.7599999904632568,21163,0.0,0.0
2026-04-02 13:24:00-04:00,1.7649999856948853,1.7649999856948853,1.7649999856948853,1.7649999856948853,3076,0.0,0.0
2026-04-02 13:25:00-04:00,1.7649999856948853,1.7699999809265137,1.7599999904632568,1.7599999904632568,4283,0.0,0.0
2026-04-02 13:26:00-04:00,1.7699999809265137,1.7699999809265137,1.7699999809265137,1.7699999809265137,954,0.0,0.0
2026-04-02 13:27:00-04:00,1.7699999809265137,1.7699999809265137,1.7699999809265137,1.7699999809265137,1124,0.0,0.0
2026-04-02 13:28:00-04:00,1.7599999904632568,1.7699999809265137,1.7599999904632568,1.7699999809265137,5780,0.0,0.0
2026-04-02 13:29:00-04:00,1.7649999856948853,1.7699999809265137,1.7599999904632568,1.7699999809265137,1205,0.0,0.0
2026-04-02 13:30:00-04:00,1.7699999809265137,1.7699999809265137,1.76010000705719,1.7699999809265137,2999,0.0,0.0
2026-04-02 13:31:00-04:00,1.7599999904632568,1.7699999809265137,1.7599999904632568,1.7599999904632568,3752,0.0,0.0
2026-04-02 13:32:00-04:00,1.7699999809265137,1.7699999809265137,1.7649999856948853,1.7699999809265137,1795,0.0,0.0
2026-04-02 13:33:00-04:00,1.7699999809265137,1.7699999809265137,1.7599999904632568,1.7649999856948853,5184,0.0,0.0
2026-04-02 13:34:00-04:00,1.7599999904632568,1.7699999809265137,1.7599999904632568,1.7603000402450562,1707,0.0,0.0
2026-04-02 13:35:00-04:00,1.7699999809265137,1.7699999809265137,1.7699999809265137,1.7699999809265137,619,0.0,0.0
2026-04-02 13:36:00-04:00,1.7599999904632568,1.7699999809265137,1.7599999904632568,1.7699999809265137,1572,0.0,0.0
2026-04-02 13:37:00-04:00,1.7599999904632568,1.7599999904632568,1.7599999904632568,1.7599999904632568,833,0.0,0.0
2026-04-02 13:38:00-04:00,1.7699999809265137,1.7699999809265137,1.7699999809265137,1.7699999809265137,1498,0.0,0.0
2026-04-02 13:39:00-04:00,1.7699999809265137,1.7699999809265137,1.7599999904632568,1.7699999809265137,1194,0.0,0.0
2026-04-02 13:40:00-04:00,1.7699999809265137,1.7699999809265137,1.7649999856948853,1.7699999809265137,2827,0.0,0.0
2026-04-02 13:41:00-04:00,1.7699999809265137,1.7699999809265137,1.7699999809265137,1.7699999809265137,2244,0.0,0.0
2026-04-02 13:42:00-04:00,1.7699999809265137,1.7699999809265137,1.7599999904632568,1.7699999809265137,1584,0.0,0.0
2026-04-02 13:43:00-04:00,1.7699999809265137,1.7699999809265137,1.7599999904632568,1.7699999809265137,6421,0.0,0.0
2026-04-02 13:44:00-04:00,1.7699999809265137,1.7699999809265137,1.7649999856948853,1.7649999856948853,1721,0.0,0.0
2026-04-02 13:45:00-04:00,1.7699999809265137,1.7699999809265137,1.7649999856948853,1.7649999856948853,1687,0.0,0.0
2026-04-02 13:46:00-04:00,1.7649999856948853,1.7699999809265137,1.7599999904632568,1.7699999809265137,1846,0.0,0.0
2026-04-02 13:47:00-04:00,1.7699999809265137,1.7699999809265137,1.7549999952316284,1.7599999904632568,38202,0.0,0.0
2026-04-02 13:48:00-04:00,1.7549999952316284,1.7549999952316284,1.7549999952316284,1.7549999952316284,1453,0.0,0.0
2026-04-02 13:49:00-04:00,1.7549999952316284,1.7549999952316284,1.7549999952316284,1.7549999952316284,476,0.0,0.0
2026-04-02 13:50:00-04:00,1.7599999904632568,1.7599999904632568,1.7549999952316284,1.7549999952316284,2659,0.0,0.0
2026-04-02 13:51:00-04:00,1.7599999904632568,1.7599999904632568,1.7549999952316284,1.7549999952316284,1121,0.0,0.0
2026-04-02 13:52:00-04:00,1.7599999904632568,1.7649999856948853,1.7598999738693237,1.7599999904632568,29061,0.0,0.0
2026-04-02 13:53:00-04:00,1.7649999856948853,1.7699999809265137,1.7599999904632568,1.7699999809265137,2583,0.0,0.0
2026-04-02 13:55:00-04:00,1.7699999809265137,1.7699999809265137,1.7649999856948853,1.7649999856948853,11638,0.0,0.0
2026-04-02 13:56:00-04:00,1.7699999809265137,1.7699999809265137,1.7599999904632568,1.7699999809265137,1457,0.0,0.0
2026-04-02 13:57:00-04:00,1.7699999809265137,1.7699999809265137,1.7649999856948853,1.7649999856948853,5566,0.0,0.0
2026-04-02 13:58:00-04:00,1.7649999856948853,1.7699999809265137,1.7649999856948853,1.7699999809265137,869,0.0,0.0
2026-04-02 13:59:00-04:00,1.7649999856948853,1.7699999809265137,1.7649999856948853,1.7699999809265137,2261,0.0,0.0
2026-04-02 14:00:00-04:00,1.7699999809265137,1.774999976158142,1.7699999809265137,1.7699999809265137,11409,0.0,0.0
2026-04-02 14:01:00-04:00,1.774999976158142,1.774999976158142,1.7649999856948853,1.7649999856948853,23642,0.0,0.0
2026-04-02 14:02:00-04:00,1.7649999856948853,1.7699999809265137,1.7649999856948853,1.7699999809265137,942,0.0,0.0
2026-04-02 14:03:00-04:00,1.7649999856948853,1.7649999856948853,1.7649999856948853,1.7649999856948853,238,0.0,0.0
2026-04-02 14:04:00-04:00,1.7694000005722046,1.7699999809265137,1.7649999856948853,1.7699999809265137,2464,0.0,0.0
2026-04-02 14:05:00-04:00,1.7649999856948853,1.7799999713897705,1.7649999856948853,1.7799999713897705,16722,0.0,0.0
2026-04-02 14:06:00-04:00,1.774999976158142,1.774999976158142,1.7699999809265137,1.7699999809265137,3007,0.0,0.0
2026-04-02 14:07:00-04:00,1.7699999809265137,1.7699999809265137,1.7699999809265137,1.7699999809265137,644,0.0,0.0
2026-04-02 14:08:00-04:00,1.7799999713897705,1.784999966621399,1.774999976158142,1.784999966621399,81493,0.0,0.0
2026-04-02 14:09:00-04:00,1.7799999713897705,1.7799999713897705,1.7711000442504883,1.7711000442504883,19666,0.0,0.0
2026-04-02 14:10:00-04:00,1.7699999809265137,1.7798000574111938,1.7699999809265137,1.774999976158142,7158,0.0,0.0
2026-04-02 14:11:00-04:00,1.774999976158142,1.7799999713897705,1.774999976158142,1.774999976158142,7833,0.0,0.0
2026-04-02 14:12:00-04:00,1.7796000242233276,1.7799999713897705,1.774999976158142,1.774999976158142,17649,0.0,0.0
2026-04-02 14:13:00-04:00,1.7799999713897705,1.7799999713897705,1.774999976158142,1.774999976158142,3653,0.0,0.0
2026-04-02 14:15:00-04:00,1.7799999713897705,1.7799999713897705,1.7699999809265137,1.774999976158142,1253,0.0,0.0
2026-04-02 14:16:00-04:00,1.7799999713897705,1.7799999713897705,1.7799999713897705,1.7799999713897705,228,0.0,0.0
2026-04-02 14:17:00-04:00,1.7799999713897705,1.7799999713897705,1.7799999713897705,1.7799999713897705,4082,0.0,0.0
2026-04-02 14:18:00-04:00,1.774999976158142,1.7799999713897705,1.774999976158142,1.7798000574111938,1133,0.0,0.0
2026-04-02 14:19:00-04:00,1.774999976158142,1.774999976158142,1.774999976158142,1.774999976158142,1887,0.0,0.0
2026-04-02 14:20:00-04:00,1.7786999940872192,1.7786999940872192,1.7786999940872192,1.7786999940872192,692,0.0,0.0
2026-04-02 14:21:00-04:00,1.774999976158142,1.7777999639511108,1.774999976158142,1.774999976158142,2342,0.0,0.0
2026-04-02 14:22:00-04:00,1.774999976158142,1.7799999713897705,1.774999976158142,1.7799999713897705,1929,0.0,0.0
2026-04-02 14:23:00-04:00,1.774999976158142,1.774999976158142,1.774999976158142,1.774999976158142,4659,0.0,0.0
2026-04-02 14:24:00-04:00,1.774999976158142,1.774999976158142,1.774999976158142,1.774999976158142,10605,0.0,0.0
2026-04-02 14:25:00-04:00,1.774999976158142,1.774999976158142,1.774999976158142,1.774999976158142,3345,0.0,0.0
2026-04-02 14:26:00-04:00,1.7799999713897705,1.7799999713897705,1.774999976158142,1.774999976158142,5676,0.0,0.0
2026-04-02 14:27:00-04:00,1.7699999809265137,1.7799999713897705,1.7699999809265137,1.7699999809265137,1742,0.0,0.0
2026-04-02 14:28:00-04:00,1.7700999975204468,1.7799999713897705,1.7649999856948853,1.7649999856948853,56950,0.0,0.0
2026-04-02 14:29:00-04:00,1.7649999856948853,1.769700050354004,1.7649999856948853,1.769700050354004,1455,0.0,0.0
2026-04-02 14:30:00-04:00,1.7649999856948853,1.7649999856948853,1.7599999904632568,1.7649999856948853,8531,0.0,0.0
2026-04-02 14:31:00-04:00,1.7649999856948853,1.7699999809265137,1.7649999856948853,1.7699999809265137,1564,0.0,0.0
2026-04-02 14:32:00-04:00,1.7699999809265137,1.7699999809265137,1.7699999809265137,1.7699999809265137,522,0.0,0.0
2026-04-02 14:33:00-04:00,1.7649999856948853,1.7649999856948853,1.7649999856948853,1.7649999856948853,2590,0.0,0.0
2026-04-02 14:34:00-04:00,1.7649999856948853,1.7649999856948853,1.7649999856948853,1.7649999856948853,6173,0.0,0.0
2026-04-02 14:35:00-04:00,1.7689000368118286,1.7689000368118286,1.7649999856948853,1.7649999856948853,2876,0.0,0.0
2026-04-02 14:36:00-04:00,1.7699999809265137,1.7699999809265137,1.7649999856948853,1.7649999856948853,10723,0.0,0.0
2026-04-02 14:37:00-04:00,1.7599999904632568,1.7649999856948853,1.7599999904632568,1.7649999856948853,6502,0.0,0.0
2026-04-02 14:38:00-04:00,1.7690000534057617,1.7690000534057617,1.7599999904632568,1.7649999856948853,2782,0.0,0.0
2026-04-02 14:40:00-04:00,1.7699999809265137,1.7799999713897705,1.7689000368118286,1.7699999809265137,23420,0.0,0.0
2026-04-02 14:41:00-04:00,1.7699999809265137,1.7799999713897705,1.7699999809265137,1.7799999713897705,2621,0.0,0.0
2026-04-02 14:42:00-04:00,1.7799999713897705,1.7799999713897705,1.7799999713897705,1.7799999713897705,454,0.0,0.0
2026-04-02 14:43:00-04:00,1.7799999713897705,1.7799999713897705,1.7700999975204468,1.774999976158142,2645,0.0,0.0
2026-04-02 14:44:00-04:00,1.774999976158142,1.7899999618530273,1.7699999809265137,1.7899999618530273,26865,0.0,0.0
2026-04-02 14:45:00-04:00,1.784999966621399,1.7899999618530273,1.784999966621399,1.7899999618530273,2977,0.0,0.0
2026-04-02 14:46:00-04:00,1.784999966621399,1.7899999618530273,1.784999966621399,1.7899999618530273,7664,0.0,0.0
2026-04-02 14:47:00-04:00,1.784999966621399,1.784999966621399,1.784999966621399,1.784999966621399,455,0.0,0.0
2026-04-02 14:48:00-04:00,1.7899999618530273,1.7899999618530273,1.784999966621399,1.7899999618530273,2958,0.0,0.0
2026-04-02 14:49:00-04:00,1.7898999452590942,1.7899999618530273,1.7799999713897705,1.7899999618530273,1382,0.0,0.0
2026-04-02 14:50:00-04:00,1.7899999618530273,1.7899999618530273,1.784999966621399,1.7899999618530273,2029,0.0,0.0
2026-04-02 14:51:00-04:00,1.7899999618530273,1.7899999618530273,1.7899999618530273,1.7899999618530273,1188,0.0,0.0
2026-04-02 14:52:00-04:00,1.7899999618530273,1.7899999618530273,1.7899999618530273,1.7899999618530273,6107,0.0,0.0
2026-04-02 14:53:00-04:00,1.784999966621399,1.784999966621399,1.7799999713897705,1.7799999713897705,7506,0.0,0.0
2026-04-02 14:54:00-04:00,1.7899999618530273,1.7899999618530273,1.7899999618530273,1.7899999618530273,1615,0.0,0.0
2026-04-02 14:55:00-04:00,1.784999966621399,1.7899999618530273,1.784999966621399,1.7899999618530273,3330,0.0,0.0
2026-04-02 14:56:00-04:00,1.784999966621399,1.7899999618530273,1.784999966621399,1.7898999452590942,1791,0.0,0.0
2026-04-02 14:57:00-04:00,1.7899999618530273,1.7899999618530273,1.7899999618530273,1.7899999618530273,2643,0.0,0.0
2026-04-02 14:58:00-04:00,1.7898999452590942,1.7899999618530273,1.784999966621399,1.7899999618530273,7435,0.0,0.0
2026-04-02 14:59:00-04:00,1.784999966621399,1.7899999618530273,1.784999966621399,1.7899999618530273,4432,0.0,0.0
2026-04-02 15:01:00-04:00,1.7899999618530273,1.7949999570846558,1.7899999618530273,1.7899999618530273,22046,0.0,0.0
2026-04-02 15:02:00-04:00,1.7949999570846558,1.7949999570846558,1.784999966621399,1.784999966621399,44026,0.0,0.0
2026-04-02 15:03:00-04:00,1.784999966621399,1.788599967956543,1.7799999713897705,1.7799999713897705,4055,0.0,0.0
2026-04-02 15:04:00-04:00,1.7799999713897705,1.7899999618530273,1.7799999713897705,1.7799999713897705,3218,0.0,0.0
2026-04-02 15:05:00-04:00,1.784999966621399,1.7899999618530273,1.784999966621399,1.7899999618530273,7376,0.0,0.0
2026-04-02 15:06:00-04:00,1.784999966621399,1.784999966621399,1.78410005569458,1.78410005569458,869,0.0,0.0
2026-04-02 15:07:00-04:00,1.784999966621399,1.7899999618530273,1.784999966621399,1.7899999618530273,1989,0.0,0.0
2026-04-02 15:08:00-04:00,1.784999966621399,1.7899999618530273,1.784999966621399,1.7899999618530273,967,0.0,0.0
2026-04-02 15:09:00-04:00,1.7899999618530273,1.7899999618530273,1.784999966621399,1.784999966621399,5731,0.0,0.0
2026-04-02 15:10:00-04:00,1.784999966621399,1.7897000312805176,1.784999966621399,1.7897000312805176,7927,0.0,0.0
2026-04-02 15:11:00-04:00,1.7899999618530273,1.7899999618530273,1.784999966621399,1.784999966621399,2027,0.0,0.0
2026-04-02 15:12:00-04:00,1.784999966621399,1.784999966621399,1.784999966621399,1.784999966621399,2061,0.0,0.0
2026-04-02 15:13:00-04:00,1.784999966621399,1.784999966621399,1.784999966621399,1.784999966621399,1123,0.0,0.0
2026-04-02 15:15:00-04:00,1.784999966621399,1.7899999618530273,1.784999966621399,1.7899999618530273,2279,0.0,0.0
2026-04-02 15:16:00-04:00,1.784999966621399,1.7899999618530273,1.784999966621399,1.7899999618530273,17414,0.0,0.0
2026-04-02 15:17:00-04:00,1.7899999618530273,1.7899999618530273,1.7799999713897705,1.7799999713897705,969,0.0,0.0
2026-04-02 15:18:00-04:00,1.7899999618530273,1.7899999618530273,1.784999966621399,1.784999966621399,4676,0.0,0.0
2026-04-02 15:19:00-04:00,1.7898999452590942,1.7899999618530273,1.7799999713897705,1.784999966621399,1997,0.0,0.0
2026-04-02 15:20:00-04:00,1.7899999618530273,1.7899999618530273,1.7799999713897705,1.7899999618530273,1404,0.0,0.0
2026-04-02 15:21:00-04:00,1.784999966621399,1.7899999618530273,1.784999966621399,1.7899999618530273,6076,0.0,0.0
2026-04-02 15:22:00-04:00,1.7799999713897705,1.7899999618530273,1.7799999713897705,1.7899999618530273,707,0.0,0.0
2026-04-02 15:23:00-04:00,1.7890000343322754,1.7899999618530273,1.7799999713897705,1.7899999618530273,11071,0.0,0.0
2026-04-02 15:24:00-04:00,1.784999966621399,1.7899999618530273,1.784999966621399,1.7899999618530273,1924,0.0,0.0
2026-04-02 15:25:00-04:00,1.7799999713897705,1.7899999618530273,1.7799999713897705,1.784999966621399,16422,0.0,0.0
2026-04-02 15:26:00-04:00,1.784999966621399,1.7899999618530273,1.7799999713897705,1.7899999618530273,1889,0.0,0.0
2026-04-02 15:27:00-04:00,1.7899999618530273,1.7899999618530273,1.784999966621399,1.784999966621399,13596,0.0,0.0
2026-04-02 15:28:00-04:00,1.784999966621399,1.809999942779541,1.7799999713897705,1.8049999475479126,266879,0.0,0.0
2026-04-02 15:29:00-04:00,1.8049999475479126,1.809999942779541,1.7949999570846558,1.7949999570846558,73046,0.0,0.0
2026-04-02 15:30:00-04:00,1.7949999570846558,1.7999000549316406,1.7949999570846558,1.7949999570846558,4017,0.0,0.0
2026-04-02 15:31:00-04:00,1.7949999570846558,1.7949999570846558,1.7899999618530273,1.7899999618530273,59276,0.0,0.0
2026-04-02 15:32:00-04:00,1.784999966621399,1.784999966621399,1.784999966621399,1.784999966621399,975,0.0,0.0
2026-04-02 15:33:00-04:00,1.784999966621399,1.784999966621399,1.7799999713897705,1.7799999713897705,7771,0.0,0.0
2026-04-02 15:34:00-04:00,1.7799999713897705,1.784999966621399,1.7799999713897705,1.7799999713897705,9799,0.0,0.0
2026-04-02 15:35:00-04:00,1.7799999713897705,1.7799999713897705,1.7799999713897705,1.7799999713897705,1006,0.0,0.0
2026-04-02 15:36:00-04:00,1.7799999713897705,1.7799999713897705,1.774999976158142,1.774999976158142,51131,0.0,0.0
2026-04-02 15:37:00-04:00,1.7699999809265137,1.7699999809265137,1.7699999809265137,1.7699999809265137,1728,0.0,0.0
2026-04-02 15:38:00-04:00,1.774999976158142,1.7799999713897705,1.7699999809265137,1.7699999809265137,2096,0.0,0.0
2026-04-02 15:39:00-04:00,1.774999976158142,1.7799999713897705,1.774999976158142,1.774999976158142,12462,0.0,0.0
2026-04-02 15:40:00-04:00,1.774999976158142,1.7799999713897705,1.774999976158142,1.774999976158142,3825,0.0,0.0
2026-04-02 15:41:00-04:00,1.7799999713897705,1.7799999713897705,1.774999976158142,1.774999976158142,22039,0.0,0.0
2026-04-02 15:42:00-04:00,1.774999976158142,1.774999976158142,1.774999976158142,1.774999976158142,3033,0.0,0.0
2026-04-02 15:43:00-04:00,1.774999976158142,1.784999966621399,1.774999976158142,1.784999966621399,14974,0.0,0.0
2026-04-02 15:44:00-04:00,1.784999966621399,1.784999966621399,1.7799999713897705,1.7799999713897705,3940,0.0,0.0
2026-04-02 15:45:00-04:00,1.7799999713897705,1.7799999713897705,1.7699999809265137,1.7699999809265137,37376,0.0,0.0
2026-04-02 15:46:00-04:00,1.7699999809265137,1.774999976158142,1.7699999809265137,1.774999976158142,5460,0.0,0.0
2026-04-02 15:47:00-04:00,1.774999976158142,1.7798999547958374,1.7699999809265137,1.7798999547958374,3370,0.0,0.0
2026-04-02 15:48:00-04:00,1.7799999713897705,1.7799999713897705,1.7699999809265137,1.7699999809265137,2575,0.0,0.0
2026-04-02 15:49:00-04:00,1.774999976158142,1.774999976158142,1.774999976158142,1.774999976158142,11744,0.0,0.0
2026-04-02 15:50:00-04:00,1.7799999713897705,1.784999966621399,1.7799999713897705,1.784600019454956,31053,0.0,0.0
2026-04-02 15:51:00-04:00,1.784999966621399,1.7899999618530273,1.7799999713897705,1.7799999713897705,10401,0.0,0.0
2026-04-02 15:52:00-04:00,1.784999966621399,1.7899999618530273,1.784999966621399,1.784999966621399,3507,0.0,0.0
2026-04-02 15:53:00-04:00,1.784999966621399,1.784999966621399,1.784999966621399,1.784999966621399,295,0.0,0.0
2026-04-02 15:54:00-04:00,1.784999966621399,1.7899999618530273,1.7799999713897705,1.784999966621399,30878,0.0,0.0
2026-04-02 15:55:00-04:00,1.784999966621399,1.784999966621399,1.7799999713897705,1.784999966621399,11905,0.0,0.0
2026-04-02 15:56:00-04:00,1.784999966621399,1.7899999618530273,1.784999966621399,1.784999966621399,11319,0.0,0.0
2026-04-02 15:57:00-04:00,1.784999966621399,1.7899999618530273,1.7799999713897705,1.784999966621399,14422,0.0,0.0
2026-04-02 15:58:00-04:00,1.784999966621399,1.7899999618530273,1.784999966621399,1.784999966621399,77489,0.0,0.0
2026-04-02 15:59:00-04:00,1.784999966621399,1.7899999618530273,1.7799999713897705,1.784999966621399,60954,0.0,0.0
2026-04-06 09:30:00-04:00,1.7999999523162842,1.8300000429153442,1.7999999523162842,1.8150999546051025,126385,0.0,0.0
2026-04-06 09:31:00-04:00,1.8200000524520874,1.8300000429153442,1.8049999475479126,1.8049999475479126,12034,0.0,0.0
2026-04-06 09:32:00-04:00,1.805999994277954,1.8101999759674072,1.8049999475479126,1.8101999759674072,3049,0.0,0.0
2026-04-06 09:33:00-04:00,1.8193000555038452,1.8250000476837158,1.815999984741211,1.8200000524520874,28976,0.0,0.0
2026-04-06 09:34:00-04:00,1.8259999752044678,1.8259999752044678,1.809999942779541,1.8200000524520874,35584,0.0,0.0
2026-04-06 09:35:00-04:00,1.815999984741211,1.8200000524520874,1.815000057220459,1.8199000358581543,33856,0.0,0.0
2026-04-06 09:36:00-04:00,1.815999984741211,1.8200000524520874,1.809999942779541,1.8200000524520874,3416,0.0,0.0
2026-04-06 09:37:00-04:00,1.815999984741211,1.815999984741211,1.809999942779541,1.815000057220459,27130,0.0,0.0
2026-04-06 09:38:00-04:00,1.809999942779541,1.815999984741211,1.809999942779541,1.815000057220459,8206,0.0,0.0
2026-04-06 09:39:00-04:00,1.815000057220459,1.8200000524520874,1.809999942779541,1.809999942779541,8812,0.0,0.0
2026-04-06 09:40:00-04:00,1.8049999475479126,1.8049999475479126,1.7960000038146973,1.799299955368042,36185,0.0,0.0
2026-04-06 09:41:00-04:00,1.7999999523162842,1.805999994277954,1.7999999523162842,1.805999994277954,19536,0.0,0.0
2026-04-06 09:42:00-04:00,1.8049999475479126,1.805999994277954,1.8049999475479126,1.8049999475479126,1713,0.0,0.0
2026-04-06 09:43:00-04:00,1.809999942779541,1.809999942779541,1.8049999475479126,1.809999942779541,21671,0.0,0.0
2026-04-06 09:44:00-04:00,1.815000057220459,1.8200000524520874,1.8100999593734741,1.8100999593734741,8089,0.0,0.0
2026-04-06 09:45:00-04:00,1.815000057220459,1.815000057220459,1.8049999475479126,1.8049999475479126,12709,0.0,0.0
2026-04-06 09:46:00-04:00,1.8092999458312988,1.8200000524520874,1.8092999458312988,1.8200000524520874,19760,0.0,0.0
2026-04-06 09:47:00-04:00,1.815000057220459,1.815000057220459,1.7999999523162842,1.7999999523162842,0,0.0,0.0
2026-04-06 09:48:00-04:00,1.8049999475479126,1.809999942779541,1.8000999689102173,1.8075000047683716,6189,0.0,0.0
2026-04-06 09:49:00-04:00,1.809999942779541,1.809999942779541,1.809999942779541,1.809999942779541,20296,0.0,0.0
2026-04-06 09:50:00-04:00,1.815500020980835,1.8199000358581543,1.815500020980835,1.8199000358581543,586,0.0,0.0
2026-04-06 09:51:00-04:00,1.8200000524520874,1.8300000429153442,1.819000005722046,1.8250000476837158,6320,0.0,0.0
2026-04-06 09:52:00-04:00,1.8287999629974365,1.8300000429153442,1.8287999629974365,1.8300000429153442,3390,0.0,0.0
2026-04-06 09:53:00-04:00,1.8299000263214111,1.8300000429153442,1.823199987411499,1.823199987411499,3961,0.0,0.0
2026-04-06 09:54:00-04:00,1.8276000022888184,1.8300000429153442,1.820099949836731,1.820099949836731,1113,0.0,0.0
2026-04-06 09:55:00-04:00,1.8250000476837158,1.8300000429153442,1.8207000494003296,1.8207000494003296,55334,0.0,0.0
2026-04-06 09:56:00-04:00,1.8250000476837158,1.8250000476837158,1.809999942779541,1.815000057220459,14017,0.0,0.0
2026-04-06 09:57:00-04:00,1.8200000524520874,1.8200000524520874,1.809999942779541,1.815000057220459,2425,0.0,0.0
2026-04-06 09:59:00-04:00,1.8200000524520874,1.8200000524520874,1.8200000524520874,1.8200000524520874,415,0.0,0.0
2026-04-06 10:00:00-04:00,1.8200000524520874,1.8200000524520874,1.809999942779541,1.809999942779541,10752,0.0,0.0
2026-04-06 10:01:00-04:00,1.8199000358581543,1.8199000358581543,1.7999999523162842,1.8049999475479126,11523,0.0,0.0
2026-04-06 10:02:00-04:00,1.809999942779541,1.809999942779541,1.8049999475479126,1.809999942779541,3471,0.0,0.0
2026-04-06 10:03:00-04:00,1.8049999475479126,1.8049999475479126,1.7949999570846558,1.7949999570846558,17108,0.0,0.0
2026-04-06 10:05:00-04:00,1.7949999570846558,1.7990000247955322,1.7899999618530273,1.7990000247955322,2716,0.0,0.0
2026-04-06 10:06:00-04:00,1.7949999570846558,1.7999999523162842,1.7949999570846558,1.7949999570846558,13235,0.0,0.0
2026-04-06 10:07:00-04:00,1.7899999618530273,1.7949999570846558,1.7899999618530273,1.7949999570846558,5732,0.0,0.0
2026-04-06 10:08:00-04:00,1.7899999618530273,1.7949999570846558,1.7899999618530273,1.7949999570846558,2305,0.0,0.0
2026-04-06 10:09:00-04:00,1.7899999618530273,1.7999999523162842,1.7899999618530273,1.7999999523162842,2673,0.0,0.0
2026-04-06 10:10:00-04:00,1.7999999523162842,1.7999999523162842,1.799299955368042,1.7999999523162842,1562,0.0,0.0
2026-04-06 10:11:00-04:00,1.7999999523162842,1.7999999523162842,1.7899999618530273,1.7949999570846558,3224,0.0,0.0
2026-04-06 10:12:00-04:00,1.7999999523162842,1.7999999523162842,1.7984000444412231,1.7999999523162842,4433,0.0,0.0
2026-04-06 10:13:00-04:00,1.7999999523162842,1.7999999523162842,1.7899999618530273,1.7899999618530273,10211,0.0,0.0
2026-04-06 10:14:00-04:00,1.7999999523162842,1.7999999523162842,1.7899999618530273,1.7999999523162842,414,0.0,0.0
2026-04-06 10:15:00-04:00,1.7999999523162842,1.7999999523162842,1.7999999523162842,1.7999999523162842,2067,0.0,0.0
2026-04-06 10:16:00-04:00,1.7999999523162842,1.8049999475479126,1.7999999523162842,1.8000999689102173,13934,0.0,0.0
2026-04-06 10:17:00-04:00,1.8049999475479126,1.8049999475479126,1.7949999570846558,1.7949999570846558,9334,0.0,0.0
2026-04-06 10:18:00-04:00,1.794100046157837,1.7949999570846558,1.794100046157837,1.7949999570846558,1136,0.0,0.0
2026-04-06 10:19:00-04:00,1.799299955368042,1.799299955368042,1.799299955368042,1.799299955368042,246,0.0,0.0
2026-04-06 10:20:00-04:00,1.7999999523162842,1.7999999523162842,1.7934000492095947,1.7934000492095947,1873,0.0,0.0
2026-04-06 10:21:00-04:00,1.7999999523162842,1.805999994277954,1.7999999523162842,1.805999994277954,8351,0.0,0.0
2026-04-06 10:22:00-04:00,1.8049999475479126,1.8049999475479126,1.7999999523162842,1.7999999523162842,226,0.0,0.0
2026-04-06 10:23:00-04:00,1.809999942779541,1.809999942779541,1.8049999475479126,1.8049999475479126,4329,0.0,0.0
2026-04-06 10:24:00-04:00,1.8049999475479126,1.8049999475479126,1.8009999990463257,1.8009999990463257,1284,0.0,0.0
2026-04-06 10:25:00-04:00,1.7999999523162842,1.7999999523162842,1.7899999618530273,1.7899999618530273,13268,0.0,0.0
2026-04-06 10:26:00-04:00,1.7999999523162842,1.7999999523162842,1.7999999523162842,1.7999999523162842,2698,0.0,0.0
2026-04-06 10:27:00-04:00,1.7949999570846558,1.7999999523162842,1.7949999570846558,1.7999999523162842,4039,0.0,0.0
2026-04-06 10:29:00-04:00,1.7949999570846558,1.7999999523162842,1.7949999570846558,1.7999999523162842,6698,0.0,0.0
2026-04-06 10:30:00-04:00,1.7949999570846558,1.8049999475479126,1.7949999570846558,1.8049999475479126,15302,0.0,0.0
2026-04-06 10:31:00-04:00,1.8000999689102173,1.8099000453948975,1.8000999689102173,1.8099000453948975,1377,0.0,0.0
2026-04-06 10:32:00-04:00,1.8049999475479126,1.8049999475479126,1.7899999618530273,1.7960000038146973,25915,0.0,0.0
2026-04-06 10:33:00-04:00,1.7949999570846558,1.7962000370025635,1.7949999570846558,1.7962000370025635,3380,0.0,0.0
2026-04-06 10:34:00-04:00,1.7949999570846558,1.7949999570846558,1.7799999713897705,1.784999966621399,199609,0.0,0.0
2026-04-06 10:35:00-04:00,1.7892999649047852,1.7949999570846558,1.7892999649047852,1.7899999618530273,21488,0.0,0.0
2026-04-06 10:36:00-04:00,1.7949999570846558,1.7949999570846558,1.7949999570846558,1.7949999570846558,385,0.0,0.0
2026-04-06 10:37:00-04:00,1.7901999950408936,1.7929999828338623,1.7901999950408936,1.7929999828338623,1701,0.0,0.0
2026-04-06 10:38:00-04:00,1.7899999618530273,1.7899999618530273,1.784999966621399,1.784999966621399,13946,0.0,0.0
2026-04-06 10:39:00-04:00,1.784999966621399,1.784999966621399,1.7699999809265137,1.7799999713897705,22260,0.0,0.0
2026-04-06 10:40:00-04:00,1.784999966621399,1.7949999570846558,1.784999966621399,1.7949999570846558,18207,0.0,0.0
2026-04-06 10:42:00-04:00,1.7949999570846558,1.809999942779541,1.7899999618530273,1.809999942779541,49186,0.0,0.0
2026-04-06 10:43:00-04:00,1.8049999475479126,1.8200000524520874,1.8049999475479126,1.8200000524520874,2270,0.0,0.0
2026-04-06 10:44:00-04:00,1.815000057220459,1.8200000524520874,1.815000057220459,1.815000057220459,11121,0.0,0.0
2026-04-06 10:45:00-04:00,1.815000057220459,1.815000057220459,1.815000057220459,1.815000057220459,2208,0.0,0.0
2026-04-06 10:47:00-04:00,1.809999942779541,1.8200000524520874,1.809999942779541,1.815000057220459,6594,0.0,0.0
2026-04-06 10:48:00-04:00,1.8200000524520874,1.8200000524520874,1.815000057220459,1.815000057220459,16233,0.0,0.0
2026-04-06 10:49:00-04:00,1.815000057220459,1.815000057220459,1.8049999475479126,1.8049999475479126,23608,0.0,0.0
2026-04-06 10:50:00-04:00,1.809999942779541,1.809999942779541,1.8049999475479126,1.8049999475479126,2460,0.0,0.0
2026-04-06 10:52:00-04:00,1.8098000288009644,1.8098000288009644,1.7999999523162842,1.7999999523162842,2266,0.0,0.0
2026-04-06 10:53:00-04:00,1.8049999475479126,1.8049999475479126,1.8049999475479126,1.8049999475479126,5549,0.0,0.0
2026-04-06 10:54:00-04:00,1.7999999523162842,1.8049999475479126,1.7999999523162842,1.8049999475479126,5526,0.0,0.0
2026-04-06 10:55:00-04:00,1.8049999475479126,1.8049999475479126,1.7999999523162842,1.7999999523162842,24115,0.0,0.0
2026-04-06 10:56:00-04:00,1.7999999523162842,1.7999999523162842,1.7949999570846558,1.7999000549316406,34800,0.0,0.0
2026-04-06 10:58:00-04:00,1.7949999570846558,1.7999999523162842,1.7949999570846558,1.7999999523162842,14998,0.0,0.0
2026-04-06 10:59:00-04:00,1.7998000383377075,1.7998000383377075,1.7998000383377075,1.7998000383377075,578,0.0,0.0
2026-04-06 11:01:00-04:00,1.7999000549316406,1.8131999969482422,1.7999000549316406,1.8131999969482422,60661,0.0,0.0
2026-04-06 11:02:00-04:00,1.815000057220459,1.815000057220459,1.809999942779541,1.809999942779541,27957,0.0,0.0
2026-04-06 11:03:00-04:00,1.8000999689102173,1.8049999475479126,1.8000999689102173,1.8049999475479126,62311,0.0,0.0
2026-04-06 11:04:00-04:00,1.7999999523162842,1.7999999523162842,1.7899999618530273,1.7999999523162842,21447,0.0,0.0
2026-04-06 11:05:00-04:00,1.7999999523162842,1.7999999523162842,1.7999999523162842,1.7999999523162842,1582,0.0,0.0
2026-04-06 11:06:00-04:00,1.7999999523162842,1.7999999523162842,1.7999999523162842,1.7999999523162842,768,0.0,0.0
2026-04-06 11:07:00-04:00,1.7999999523162842,1.7999999523162842,1.7899999618530273,1.7949999570846558,10060,0.0,0.0
2026-04-06 11:09:00-04:00,1.7997000217437744,1.7997000217437744,1.7949999570846558,1.7949999570846558,1489,0.0,0.0
2026-04-06 11:10:00-04:00,1.7949999570846558,1.7949999570846558,1.7949999570846558,1.7949999570846558,102,0.0,0.0
2026-04-06 11:11:00-04:00,1.7949999570846558,1.7999999523162842,1.7899999618530273,1.7949999570846558,12319,0.0,0.0
2026-04-06 11:13:00-04:00,1.7999999523162842,1.7999999523162842,1.7999999523162842,1.7999999523162842,401,0.0,0.0
2026-04-06 11:14:00-04:00,1.7949999570846558,1.8049999475479126,1.7913999557495117,1.8049999475479126,9978,0.0,0.0
2026-04-06 11:15:00-04:00,1.8049999475479126,1.8049999475479126,1.8049999475479126,1.8049999475479126,2243,0.0,0.0
2026-04-06 11:16:00-04:00,1.809999942779541,1.809999942779541,1.809999942779541,1.809999942779541,2041,0.0,0.0
2026-04-06 11:17:00-04:00,1.809999942779541,1.809999942779541,1.8000999689102173,1.809999942779541,6939,0.0,0.0
2026-04-06 11:18:00-04:00,1.8049999475479126,1.809999942779541,1.8049999475479126,1.8099000453948975,2239,0.0,0.0
2026-04-06 11:19:00-04:00,1.8049999475479126,1.809999942779541,1.8000999689102173,1.8000999689102173,3993,0.0,0.0
2026-04-06 11:20:00-04:00,1.809999942779541,1.809999942779541,1.8049999475479126,1.8049999475479126,955,0.0,0.0
2026-04-06 11:21:00-04:00,1.809999942779541,1.809999942779541,1.8049999475479126,1.8049999475479126,1229,0.0,0.0
2026-04-06 11:22:00-04:00,1.809999942779541,1.809999942779541,1.809999942779541,1.809999942779541,457,0.0,0.0
2026-04-06 11:23:00-04:00,1.809999942779541,1.809999942779541,1.8049999475479126,1.8049999475479126,739,0.0,0.0
2026-04-06 11:24:00-04:00,1.8000999689102173,1.809999942779541,1.7899999618530273,1.7949999570846558,55509,0.0,0.0
2026-04-06 11:25:00-04:00,1.7949999570846558,1.7949999570846558,1.7949999570846558,1.7949999570846558,1284,0.0,0.0
2026-04-06 11:26:00-04:00,1.7949999570846558,1.7949999570846558,1.7949999570846558,1.7949999570846558,2052,0.0,0.0
2026-04-06 11:27:00-04:00,1.7949999570846558,1.7999999523162842,1.7944999933242798,1.7999999523162842,17115,0.0,0.0
2026-04-06 11:28:00-04:00,1.7899999618530273,1.7899999618530273,1.7899999618530273,1.7899999618530273,515,0.0,0.0
2026-04-06 11:29:00-04:00,1.7999999523162842,1.7999999523162842,1.7999999523162842,1.7999999523162842,205,0.0,0.0
2026-04-06 11:30:00-04:00,1.7999999523162842,1.7999999523162842,1.7999999523162842,1.7999999523162842,365,0.0,0.0
2026-04-06 11:32:00-04:00,1.7999999523162842,1.7999999523162842,1.7949999570846558,1.7949999570846558,19599,0.0,0.0
2026-04-06 11:33:00-04:00,1.7999999523162842,1.7999999523162842,1.7999999523162842,1.7999999523162842,521,0.0,0.0
2026-04-06 11:34:00-04:00,1.7999999523162842,1.7999999523162842,1.7949999570846558,1.7999999523162842,10949,0.0,0.0
2026-04-06 11:35:00-04:00,1.7999999523162842,1.8049999475479126,1.7999000549316406,1.8049999475479126,18607,0.0,0.0
2026-04-06 11:36:00-04:00,1.8014999628067017,1.8049999475479126,1.7899999618530273,1.7999999523162842,24790,0.0,0.0
2026-04-06 11:38:00-04:00,1.7949999570846558,1.7999999523162842,1.7949999570846558,1.7999000549316406,4518,0.0,0.0
2026-04-06 11:39:00-04:00,1.7999000549316406,1.8049999475479126,1.7949999570846558,1.8014999628067017,19213,0.0,0.0
2026-04-06 11:40:00-04:00,1.808500051498413,1.808500051498413,1.8049999475479126,1.8049999475479126,4043,0.0,0.0
2026-04-06 11:42:00-04:00,1.8049999475479126,1.8049999475479126,1.8049999475479126,1.8049999475479126,1766,0.0,0.0
2026-04-06 11:43:00-04:00,1.8049999475479126,1.8049999475479126,1.8049999475479126,1.8049999475479126,675,0.0,0.0
2026-04-06 11:44:00-04:00,1.8049999475479126,1.8049999475479126,1.7999999523162842,1.8049999475479126,8926,0.0,0.0
2026-04-06 11:48:00-04:00,1.809999942779541,1.809999942779541,1.809999942779541,1.809999942779541,3099,0.0,0.0
2026-04-06 11:49:00-04:00,1.809999942779541,1.809999942779541,1.809999942779541,1.809999942779541,1487,0.0,0.0
2026-04-06 11:50:00-04:00,1.8000999689102173,1.809999942779541,1.8000999689102173,1.809999942779541,2809,0.0,0.0
2026-04-06 11:51:00-04:00,1.809999942779541,1.809999942779541,1.8049999475479126,1.809999942779541,1164,0.0,0.0
2026-04-06 11:52:00-04:00,1.809999942779541,1.809999942779541,1.809999942779541,1.809999942779541,968,0.0,0.0
2026-04-06 11:53:00-04:00,1.809999942779541,1.809999942779541,1.809999942779541,1.809999942779541,129,0.0,0.0
2026-04-06 11:54:00-04:00,1.809999942779541,1.809999942779541,1.8049999475479126,1.8049999475479126,11193,0.0,0.0
2026-04-06 11:55:00-04:00,1.809999942779541,1.809999942779541,1.809999942779541,1.809999942779541,801,0.0,0.0
2026-04-06 11:56:00-04:00,1.809999942779541,1.809999942779541,1.809999942779541,1.809999942779541,3702,0.0,0.0
2026-04-06 11:57:00-04:00,1.809999942779541,1.809999942779541,1.809999942779541,1.809999942779541,483,0.0,0.0
2026-04-06 11:58:00-04:00,1.809999942779541,1.809999942779541,1.809999942779541,1.809999942779541,1162,0.0,0.0
2026-04-06 11:59:00-04:00,1.809999942779541,1.809999942779541,1.8049999475479126,1.8097000122070312,1265,0.0,0.0
2026-04-06 12:00:00-04:00,1.809999942779541,1.809999942779541,1.8085999488830566,1.8085999488830566,1231,0.0,0.0
2026-04-06 12:01:00-04:00,1.809999942779541,1.809999942779541,1.809999942779541,1.809999942779541,771,0.0,0.0
2026-04-06 12:02:00-04:00,1.809999942779541,1.809999942779541,1.8011000156402588,1.8042000532150269,3708,0.0,0.0
2026-04-06 12:03:00-04:00,1.8049999475479126,1.8049999475479126,1.7999999523162842,1.8020000457763672,53170,0.0,0.0
2026-04-06 12:04:00-04:00,1.8049999475479126,1.809999942779541,1.7999999523162842,1.7999999523162842,9265,0.0,0.0
2026-04-06 12:06:00-04:00,1.809999942779541,1.809999942779541,1.809999942779541,1.809999942779541,1113,0.0,0.0
2026-04-06 12:07:00-04:00,1.8049999475479126,1.8049999475479126,1.7999999523162842,1.8049999475479126,1117,0.0,0.0
2026-04-06 12:08:00-04:00,1.8049999475479126,1.8049999475479126,1.8049999475479126,1.8049999475479126,462,0.0,0.0
2026-04-06 12:09:00-04:00,1.8049999475479126,1.8049999475479126,1.7949999570846558,1.7949999570846558,28770,0.0,0.0
2026-04-06 12:11:00-04:00,1.7949999570846558,1.7949999570846558,1.7949999570846558,1.7949999570846558,531,0.0,0.0
2026-04-06 12:12:00-04:00,1.7949999570846558,1.7949999570846558,1.7949999570846558,1.7949999570846558,657,0.0,0.0
2026-04-06 12:14:00-04:00,1.7949999570846558,1.7949999570846558,1.7899999618530273,1.7899999618530273,17258,0.0,0.0
2026-04-06 12:15:00-04:00,1.7949999570846558,1.7949999570846558,1.7949999570846558,1.7949999570846558,813,0.0,0.0
2026-04-06 12:18:00-04:00,1.7949999570846558,1.7949999570846558,1.7949999570846558,1.7949999570846558,715,0.0,0.0
2026-04-06 12:19:00-04:00,1.7949999570846558,1.7999999523162842,1.7949999570846558,1.7999999523162842,1469,0.0,0.0
2026-04-06 12:20:00-04:00,1.7999999523162842,1.7999999523162842,1.7949999570846558,1.7999999523162842,10959,0.0,0.0
2026-04-06 12:21:00-04:00,1.7999999523162842,1.7999999523162842,1.7949999570846558,1.7999999523162842,2166,0.0,0.0
2026-04-06 12:22:00-04:00,1.7999999523162842,1.7999999523162842,1.7999999523162842,1.7999999523162842,863,0.0,0.0
2026-04-06 12:23:00-04:00,1.7999999523162842,1.7999999523162842,1.7999999523162842,1.7999999523162842,579,0.0,0.0
2026-04-06 12:24:00-04:00,1.7999999523162842,1.7999999523162842,1.7999999523162842,1.7999999523162842,672,0.0,0.0
2026-04-06 12:25:00-04:00,1.7999999523162842,1.7999999523162842,1.7900999784469604,1.7999999523162842,1558,0.0,0.0
2026-04-06 12:26:00-04:00,1.7999999523162842,1.7999999523162842,1.7999999523162842,1.7999999523162842,654,0.0,0.0
2026-04-06 12:27:00-04:00,1.7999999523162842,1.7999999523162842,1.7999000549316406,1.7999999523162842,982,0.0,0.0
2026-04-06 12:29:00-04:00,1.7999999523162842,1.7999999523162842,1.7999999523162842,1.7999999523162842,3015,0.0,0.0
2026-04-06 12:30:00-04:00,1.7999999523162842,1.7999999523162842,1.7899999618530273,1.7899999618530273,2089,0.0,0.0
2026-04-06 12:31:00-04:00,1.7999999523162842,1.7999999523162842,1.7999999523162842,1.7999999523162842,21203,0.0,0.0
2026-04-06 12:32:00-04:00,1.7999999523162842,1.7999999523162842,1.7949999570846558,1.7949999570846558,3249,0.0,0.0
2026-04-06 12:34:00-04:00,1.7999999523162842,1.7999999523162842,1.7949999570846558,1.7949999570846558,472,0.0,0.0
2026-04-06 12:35:00-04:00,1.7949999570846558,1.7949999570846558,1.7949999570846558,1.7949999570846558,2332,0.0,0.0
2026-04-06 12:36:00-04:00,1.7999999523162842,1.7999999523162842,1.7999999523162842,1.7999999523162842,1411,0.0,0.0
2026-04-06 12:37:00-04:00,1.7999000549316406,1.7999000549316406,1.7999000549316406,1.7999000549316406,41397,0.0,0.0
2026-04-06 12:38:00-04:00,1.7999999523162842,1.7999999523162842,1.7999999523162842,1.7999999523162842,1449,0.0,0.0
2026-04-06 12:39:00-04:00,1.7999999523162842,1.7999999523162842,1.7900999784469604,1.7900999784469604,2376,0.0,0.0
2026-04-06 12:40:00-04:00,1.7949999570846558,1.7963999509811401,1.7949999570846558,1.7963999509811401,721,0.0,0.0
2026-04-06 12:41:00-04:00,1.7932000160217285,1.7999999523162842,1.7932000160217285,1.7949999570846558,3886,0.0,0.0
2026-04-06 12:42:00-04:00,1.7933000326156616,1.7999999523162842,1.7933000326156616,1.7999999523162842,1871,0.0,0.0
2026-04-06 12:43:00-04:00,1.7949999570846558,1.7949999570846558,1.7899999618530273,1.7899999618530273,1052,0.0,0.0
2026-04-06 12:44:00-04:00,1.7999999523162842,1.7999999523162842,1.7999999523162842,1.7999999523162842,560,0.0,0.0
2026-04-06 12:45:00-04:00,1.7999999523162842,1.7999999523162842,1.7999000549316406,1.7999999523162842,332,0.0,0.0
2026-04-06 12:46:00-04:00,1.7949999570846558,1.7999999523162842,1.7899999618530273,1.7999999523162842,2233,0.0,0.0
2026-04-06 12:47:00-04:00,1.7949999570846558,1.7949999570846558,1.7949999570846558,1.7949999570846558,423,0.0,0.0
2026-04-06 12:48:00-04:00,1.7999999523162842,1.7999999523162842,1.7999999523162842,1.7999999523162842,763,0.0,0.0
2026-04-06 12:49:00-04:00,1.7999999523162842,1.7999999523162842,1.7999999523162842,1.7999999523162842,1753,0.0,0.0
2026-04-06 12:50:00-04:00,1.7949999570846558,1.7999999523162842,1.7949999570846558,1.7999999523162842,2738,0.0,0.0
2026-04-06 12:51:00-04:00,1.7999999523162842,1.7999999523162842,1.784999966621399,1.784999966621399,16773,0.0,0.0
2026-04-06 12:52:00-04:00,1.784999966621399,1.784999966621399,1.784999966621399,1.784999966621399,1130,0.0,0.0
2026-04-06 12:54:00-04:00,1.784999966621399,1.7898999452590942,1.7799999713897705,1.7860000133514404,25754,0.0,0.0
2026-04-06 12:55:00-04:00,1.784999966621399,1.784999966621399,1.784999966621399,1.784999966621399,913,0.0,0.0
2026-04-06 12:56:00-04:00,1.7800999879837036,1.784999966621399,1.7799999713897705,1.7799999713897705,13344,0.0,0.0
2026-04-06 12:57:00-04:00,1.7799999713897705,1.7899999618530273,1.7799999713897705,1.7799999713897705,2124,0.0,0.0
2026-04-06 12:58:00-04:00,1.7799999713897705,1.7799999713897705,1.7699999809265137,1.7799999713897705,23418,0.0,0.0
2026-04-06 12:59:00-04:00,1.7799999713897705,1.7799999713897705,1.7710000276565552,1.7799999713897705,22342,0.0,0.0
2026-04-06 13:01:00-04:00,1.7799999713897705,1.7799999713897705,1.7799999713897705,1.7799999713897705,4551,0.0,0.0
2026-04-06 13:02:00-04:00,1.7799999713897705,1.7799999713897705,1.774999976158142,1.774999976158142,5045,0.0,0.0
2026-04-06 13:03:00-04:00,1.774999976158142,1.774999976158142,1.774999976158142,1.774999976158142,2633,0.0,0.0
2026-04-06 13:05:00-04:00,1.7773000001907349,1.7799999713897705,1.7773000001907349,1.7799999713897705,5679,0.0,0.0
2026-04-06 13:07:00-04:00,1.774999976158142,1.7799999713897705,1.774999976158142,1.7799999713897705,1164,0.0,0.0
2026-04-06 13:08:00-04:00,1.774999976158142,1.7798999547958374,1.774999976158142,1.7798999547958374,12685,0.0,0.0
2026-04-06 13:09:00-04:00,1.7798999547958374,1.7799999713897705,1.774999976158142,1.7799999713897705,4512,0.0,0.0
2026-04-06 13:10:00-04:00,1.7699999809265137,1.7799999713897705,1.7699999809265137,1.7799999713897705,5079,0.0,0.0
2026-04-06 13:12:00-04:00,1.7732000350952148,1.774999976158142,1.7700999975204468,1.774999976158142,41737,0.0,0.0
2026-04-06 13:14:00-04:00,1.7649999856948853,1.7699999809265137,1.7649999856948853,1.7649999856948853,5417,0.0,0.0
2026-04-06 13:15:00-04:00,1.7699999809265137,1.7788000106811523,1.7699999809265137,1.7788000106811523,13033,0.0,0.0
2026-04-06 13:16:00-04:00,1.7728999853134155,1.7799999713897705,1.7699999809265137,1.7699999809265137,25379,0.0,0.0
2026-04-06 13:17:00-04:00,1.7700999975204468,1.774999976158142,1.7699999809265137,1.774999976158142,7928,0.0,0.0
2026-04-06 13:18:00-04:00,1.7720999717712402,1.7720999717712402,1.7714999914169312,1.7714999914169312,4949,0.0,0.0
2026-04-06 13:21:00-04:00,1.774999976158142,1.774999976158142,1.774999976158142,1.774999976158142,688,0.0,0.0
2026-04-06 13:22:00-04:00,1.774999976158142,1.774999976158142,1.774999976158142,1.774999976158142,679,0.0,0.0
2026-04-06 13:23:00-04:00,1.7799999713897705,1.784999966621399,1.7799999713897705,1.784999966621399,17190,0.0,0.0
2026-04-06 13:24:00-04:00,1.7864999771118164,1.7899999618530273,1.7864999771118164,1.7899999618530273,939,0.0,0.0
2026-04-06 13:25:00-04:00,1.7899999618530273,1.7899999618530273,1.7899999618530273,1.7899999618530273,5829,0.0,0.0
2026-04-06 13:26:00-04:00,1.784999966621399,1.7899999618530273,1.784999966621399,1.7898999452590942,1787,0.0,0.0
2026-04-06 13:27:00-04:00,1.7899999618530273,1.7899999618530273,1.7899999618530273,1.7899999618530273,220,0.0,0.0
2026-04-06 13:28:00-04:00,1.7899999618530273,1.7899999618530273,1.7800999879837036,1.7800999879837036,20421,0.0,0.0
2026-04-06 13:29:00-04:00,1.7899999618530273,1.7899999618530273,1.7899999618530273,1.7899999618530273,190,0.0,0.0
2026-04-06 13:30:00-04:00,1.7799999713897705,1.7899999618530273,1.7799999713897705,1.7899999618530273,2203,0.0,0.0
2026-04-06 13:31:00-04:00,1.784999966621399,1.784999966621399,1.784999966621399,1.784999966621399,150,0.0,0.0
2026-04-06 13:32:00-04:00,1.7800999879837036,1.7899999618530273,1.7800999879837036,1.784999966621399,5656,0.0,0.0
2026-04-06 13:34:00-04:00,1.784999966621399,1.7899999618530273,1.784999966621399,1.7898999452590942,8876,0.0,0.0
2026-04-06 13:35:00-04:00,1.7899999618530273,1.7899999618530273,1.7799999713897705,1.784999966621399,3020,0.0,0.0
2026-04-06 13:36:00-04:00,1.784999966621399,1.7899999618530273,1.784999966621399,1.7899999618530273,1702,0.0,0.0
2026-04-06 13:37:00-04:00,1.784999966621399,1.7899999618530273,1.784999966621399,1.7899999618530273,1972,0.0,0.0
2026-04-06 13:38:00-04:00,1.784999966621399,1.784999966621399,1.784999966621399,1.784999966621399,285,0.0,0.0
2026-04-06 13:39:00-04:00,1.784999966621399,1.7899999618530273,1.784999966621399,1.7899999618530273,1559,0.0,0.0
2026-04-06 13:40:00-04:00,1.7899999618530273,1.7899999618530273,1.7899999618530273,1.7899999618530273,1311,0.0,0.0
2026-04-06 13:41:00-04:00,1.784999966621399,1.784999966621399,1.7799999713897705,1.7799999713897705,3815,0.0,0.0
2026-04-06 13:42:00-04:00,1.7799999713897705,1.7799999713897705,1.7699999809265137,1.7700999975204468,16606,0.0,0.0
2026-04-06 13:45:00-04:00,1.774999976158142,1.7799999713897705,1.774999976158142,1.7798999547958374,10902,0.0,0.0
2026-04-06 13:46:00-04:00,1.7799999713897705,1.7799999713897705,1.774999976158142,1.774999976158142,3668,0.0,0.0
2026-04-06 13:48:00-04:00,1.774999976158142,1.774999976158142,1.774999976158142,1.774999976158142,364,0.0,0.0
2026-04-06 13:49:00-04:00,1.7799999713897705,1.7799999713897705,1.7799999713897705,1.7799999713897705,1740,0.0,0.0
2026-04-06 13:51:00-04:00,1.774999976158142,1.7799999713897705,1.774999976158142,1.7799999713897705,1475,0.0,0.0
2026-04-06 13:52:00-04:00,1.7799999713897705,1.7799999713897705,1.7726999521255493,1.7799999713897705,985,0.0,0.0
2026-04-06 13:53:00-04:00,1.7799999713897705,1.7799999713897705,1.774999976158142,1.774999976158142,14076,0.0,0.0
2026-04-06 13:54:00-04:00,1.7798999547958374,1.7799999713897705,1.7699999809265137,1.7799999713897705,1091,0.0,0.0
2026-04-06 13:55:00-04:00,1.7799999713897705,1.7799999713897705,1.7798000574111938,1.7799999713897705,2476,0.0,0.0
2026-04-06 13:57:00-04:00,1.7799999713897705,1.7799999713897705,1.7799999713897705,1.7799999713897705,3264,0.0,0.0
2026-04-06 13:58:00-04:00,1.7699999809265137,1.7799999713897705,1.7699999809265137,1.7799999713897705,536,0.0,0.0
2026-04-06 13:59:00-04:00,1.7799999713897705,1.7799999713897705,1.7799999713897705,1.7799999713897705,643,0.0,0.0
2026-04-06 14:00:00-04:00,1.7799999713897705,1.7799999713897705,1.774999976158142,1.7799999713897705,6063,0.0,0.0
2026-04-06 14:01:00-04:00,1.7799999713897705,1.7799999713897705,1.7799999713897705,1.7799999713897705,1545,0.0,0.0
2026-04-06 14:02:00-04:00,1.7799999713897705,1.7799999713897705,1.776900053024292,1.7799999713897705,746,0.0,0.0
2026-04-06 14:03:00-04:00,1.7799999713897705,1.7799999713897705,1.774999976158142,1.7799999713897705,2162,0.0,0.0
2026-04-06 14:04:00-04:00,1.7799999713897705,1.7799999713897705,1.774999976158142,1.7799999713897705,11165,0.0,0.0
2026-04-06 14:05:00-04:00,1.774999976158142,1.7799999713897705,1.774999976158142,1.7799999713897705,2342,0.0,0.0
2026-04-06 14:06:00-04:00,1.7799999713897705,1.7799999713897705,1.7799999713897705,1.7799999713897705,1618,0.0,0.0
2026-04-06 14:07:00-04:00,1.7799999713897705,1.7799999713897705,1.7699999809265137,1.7699999809265137,3653,0.0,0.0
2026-04-06 14:09:00-04:00,1.7799999713897705,1.784999966621399,1.7799999713897705,1.7839000225067139,17620,0.0,0.0
2026-04-06 14:10:00-04:00,1.784000039100647,1.7899999618530273,1.784000039100647,1.7899999618530273,7077,0.0,0.0
2026-04-06 14:11:00-04:00,1.784999966621399,1.7899999618530273,1.784999966621399,1.7899999618530273,7247,0.0,0.0
2026-04-06 14:12:00-04:00,1.7899999618530273,1.7899999618530273,1.784999966621399,1.784999966621399,1769,0.0,0.0
2026-04-06 14:13:00-04:00,1.7899999618530273,1.7899999618530273,1.7899999618530273,1.7899999618530273,1229,0.0,0.0
2026-04-06 14:14:00-04:00,1.7899999618530273,1.7899999618530273,1.7899999618530273,1.7899999618530273,1195,0.0,0.0
2026-04-06 14:15:00-04:00,1.7899999618530273,1.7899999618530273,1.7899999618530273,1.7899999618530273,1329,0.0,0.0
2026-04-06 14:16:00-04:00,1.7899999618530273,1.7899999618530273,1.7899999618530273,1.7899999618530273,177,0.0,0.0
2026-04-06 14:17:00-04:00,1.7799999713897705,1.784999966621399,1.7799999713897705,1.784999966621399,901,0.0,0.0
2026-04-06 14:18:00-04:00,1.7899999618530273,1.7899999618530273,1.7799999713897705,1.7799999713897705,2034,0.0,0.0
2026-04-06 14:19:00-04:00,1.7899999618530273,1.7899999618530273,1.7899999618530273,1.7899999618530273,1184,0.0,0.0
2026-04-06 14:20:00-04:00,1.7899999618530273,1.7899999618530273,1.7899999618530273,1.7899999618530273,1167,0.0,0.0
2026-04-06 14:21:00-04:00,1.7899999618530273,1.7899999618530273,1.7799999713897705,1.7799999713897705,6494,0.0,0.0
2026-04-06 14:22:00-04:00,1.784999966621399,1.7899999618530273,1.784999966621399,1.7898999452590942,21612,0.0,0.0
2026-04-06 14:23:00-04:00,1.7899999618530273,1.7949999570846558,1.7899999618530273,1.7949999570846558,23563,0.0,0.0
2026-04-06 14:24:00-04:00,1.7949999570846558,1.7999999523162842,1.7899999618530273,1.7949999570846558,5292,0.0,0.0
2026-04-06 14:25:00-04:00,1.7949999570846558,1.7949999570846558,1.7949999570846558,1.7949999570846558,24975,0.0,0.0
2026-04-06 14:26:00-04:00,1.784999966621399,1.784999966621399,1.784999966621399,1.784999966621399,576,0.0,0.0
2026-04-06 14:27:00-04:00,1.784999966621399,1.7899999618530273,1.784999966621399,1.7899999618530273,2590,0.0,0.0
2026-04-06 14:28:00-04:00,1.7898000478744507,1.7899999618530273,1.784999966621399,1.784999966621399,8836,0.0,0.0
2026-04-06 14:29:00-04:00,1.7898999452590942,1.7898999452590942,1.7898999452590942,1.7898999452590942,4940,0.0,0.0
2026-04-06 14:31:00-04:00,1.7899999618530273,1.7899999618530273,1.7898999452590942,1.7898999452590942,1741,0.0,0.0
2026-04-06 14:32:00-04:00,1.7899999618530273,1.7899999618530273,1.784999966621399,1.784999966621399,957,0.0,0.0
2026-04-06 14:33:00-04:00,1.7899999618530273,1.7899999618530273,1.784999966621399,1.784999966621399,2044,0.0,0.0
2026-04-06 14:34:00-04:00,1.784999966621399,1.784999966621399,1.784999966621399,1.784999966621399,135,0.0,0.0
2026-04-06 14:35:00-04:00,1.7799999713897705,1.7898999452590942,1.7799999713897705,1.7898999452590942,1602,0.0,0.0
2026-04-06 14:36:00-04:00,1.784999966621399,1.7899999618530273,1.784999966621399,1.784999966621399,5223,0.0,0.0
2026-04-06 14:37:00-04:00,1.7800999879837036,1.7899999618530273,1.7800999879837036,1.7898999452590942,14953,0.0,0.0
2026-04-06 14:38:00-04:00,1.7899999618530273,1.7899999618530273,1.784999966621399,1.7899999618530273,771,0.0,0.0
2026-04-06 14:39:00-04:00,1.7899999618530273,1.7899999618530273,1.784999966621399,1.784999966621399,3580,0.0,0.0
2026-04-06 14:40:00-04:00,1.784999966621399,1.784999966621399,1.784999966621399,1.784999966621399,305,0.0,0.0
2026-04-06 14:41:00-04:00,1.7899999618530273,1.7899999618530273,1.7899999618530273,1.7899999618530273,154,0.0,0.0
2026-04-06 14:42:00-04:00,1.7899999618530273,1.7899999618530273,1.784999966621399,1.7892999649047852,1830,0.0,0.0
2026-04-06 14:43:00-04:00,1.7899999618530273,1.7899999618530273,1.7799999713897705,1.7799999713897705,2865,0.0,0.0
2026-04-06 14:44:00-04:00,1.7899999618530273,1.7899999618530273,1.7899999618530273,1.7899999618530273,230,0.0,0.0
2026-04-06 14:45:00-04:00,1.7898999452590942,1.7898999452590942,1.7898999452590942,1.7898999452590942,1626,0.0,0.0
2026-04-06 14:46:00-04:00,1.7899999618530273,1.7899999618530273,1.784999966621399,1.784999966621399,1359,0.0,0.0
2026-04-06 14:47:00-04:00,1.784999966621399,1.7899999618530273,1.784999966621399,1.7899999618530273,1531,0.0,0.0
2026-04-06 14:48:00-04:00,1.784999966621399,1.7899999618530273,1.784999966621399,1.7899999618530273,12476,0.0,0.0
2026-04-06 14:50:00-04:00,1.7899999618530273,1.7899999618530273,1.784999966621399,1.784999966621399,2676,0.0,0.0
2026-04-06 14:51:00-04:00,1.7899999618530273,1.7899999618530273,1.7899999618530273,1.7899999618530273,1355,0.0,0.0
2026-04-06 14:52:00-04:00,1.7899999618530273,1.7899999618530273,1.7799999713897705,1.7799999713897705,1682,0.0,0.0
2026-04-06 14:53:00-04:00,1.7899999618530273,1.7899999618530273,1.784999966621399,1.784999966621399,8748,0.0,0.0
2026-04-06 14:54:00-04:00,1.784999966621399,1.7899999618530273,1.784999966621399,1.7899999618530273,1367,0.0,0.0
2026-04-06 14:55:00-04:00,1.7899999618530273,1.7899999618530273,1.784999966621399,1.784999966621399,1779,0.0,0.0
2026-04-06 14:56:00-04:00,1.7899999618530273,1.7899999618530273,1.784999966621399,1.7898000478744507,2684,0.0,0.0
2026-04-06 14:57:00-04:00,1.7899999618530273,1.7899999618530273,1.7899999618530273,1.7899999618530273,2227,0.0,0.0
2026-04-06 14:58:00-04:00,1.784999966621399,1.7899999618530273,1.784999966621399,1.7899999618530273,286336,0.0,0.0
2026-04-06 14:59:00-04:00,1.784999966621399,1.784999966621399,1.784999966621399,1.784999966621399,130,0.0,0.0
2026-04-06 15:00:00-04:00,1.7799999713897705,1.7899999618530273,1.7799999713897705,1.784999966621399,8711,0.0,0.0
2026-04-06 15:01:00-04:00,1.784999966621399,1.784999966621399,1.7799999713897705,1.784999966621399,4730,0.0,0.0
2026-04-06 15:02:00-04:00,1.784999966621399,1.784999966621399,1.784999966621399,1.784999966621399,1607,0.0,0.0
2026-04-06 15:03:00-04:00,1.784999966621399,1.784999966621399,1.774999976158142,1.774999976158142,112412,0.0,0.0
2026-04-06 15:04:00-04:00,1.774999976158142,1.7767000198364258,1.774999976158142,1.7767000198364258,5016,0.0,0.0
2026-04-06 15:05:00-04:00,1.774999976158142,1.7799999713897705,1.7699999809265137,1.7799999713897705,3036,0.0,0.0
2026-04-06 15:06:00-04:00,1.774999976158142,1.774999976158142,1.774999976158142,1.774999976158142,14574,0.0,0.0
2026-04-06 15:07:00-04:00,1.774999976158142,1.774999976158142,1.774999976158142,1.774999976158142,2310,0.0,0.0
2026-04-06 15:08:00-04:00,1.774999976158142,1.774999976158142,1.7699999809265137,1.7699999809265137,3985,0.0,0.0
2026-04-06 15:09:00-04:00,1.7714999914169312,1.774999976158142,1.7647000551223755,1.7649999856948853,47203,0.0,0.0
2026-04-06 15:10:00-04:00,1.7649999856948853,1.7649999856948853,1.7649999856948853,1.7649999856948853,1281,0.0,0.0
2026-04-06 15:11:00-04:00,1.7649999856948853,1.7649999856948853,1.7649999856948853,1.7649999856948853,921,0.0,0.0
2026-04-06 15:12:00-04:00,1.7699999809265137,1.7699999809265137,1.7698999643325806,1.7698999643325806,5052,0.0,0.0
2026-04-06 15:13:00-04:00,1.7699999809265137,1.7799999713897705,1.7699999809265137,1.774999976158142,43049,0.0,0.0
2026-04-06 15:14:00-04:00,1.774999976158142,1.774999976158142,1.7699999809265137,1.774999976158142,3715,0.0,0.0
2026-04-06 15:16:00-04:00,1.7799999713897705,1.7799999713897705,1.7699999809265137,1.774999976158142,79928,0.0,0.0
2026-04-06 15:17:00-04:00,1.7798999547958374,1.7798999547958374,1.774999976158142,1.774999976158142,4165,0.0,0.0
2026-04-06 15:18:00-04:00,1.774999976158142,1.7799999713897705,1.774999976158142,1.7799999713897705,2133,0.0,0.0
2026-04-06 15:19:00-04:00,1.7799999713897705,1.7799999713897705,1.7799999713897705,1.7799999713897705,200,0.0,0.0
2026-04-06 15:20:00-04:00,1.774999976158142,1.7799999713897705,1.774999976158142,1.7799999713897705,1963,0.0,0.0
2026-04-06 15:21:00-04:00,1.774999976158142,1.7799999713897705,1.7699999809265137,1.7799999713897705,6653,0.0,0.0
2026-04-06 15:22:00-04:00,1.7799999713897705,1.7799999713897705,1.7799999713897705,1.7799999713897705,1345,0.0,0.0
2026-04-06 15:23:00-04:00,1.7706999778747559,1.774999976158142,1.7706999778747559,1.774999976158142,1622,0.0,0.0
2026-04-06 15:24:00-04:00,1.7799999713897705,1.7799999713897705,1.7700999975204468,1.774999976158142,3801,0.0,0.0
2026-04-06 15:25:00-04:00,1.774999976158142,1.774999976158142,1.7699999809265137,1.7699999809265137,1849,0.0,0.0
2026-04-06 15:26:00-04:00,1.774999976158142,1.774999976158142,1.7700999975204468,1.774999976158142,1967,0.0,0.0
2026-04-06 15:27:00-04:00,1.774999976158142,1.7798999547958374,1.774999976158142,1.774999976158142,2830,0.0,0.0
2026-04-06 15:28:00-04:00,1.7799999713897705,1.7799999713897705,1.7699999809265137,1.774999976158142,17878,0.0,0.0
2026-04-06 15:29:00-04:00,1.774999976158142,1.7799999713897705,1.7699999809265137,1.7760000228881836,91147,0.0,0.0
2026-04-06 15:30:00-04:00,1.7699999809265137,1.7699999809265137,1.7649999856948853,1.7649999856948853,13763,0.0,0.0
2026-04-06 15:31:00-04:00,1.7649999856948853,1.7699999809265137,1.7599999904632568,1.7604000568389893,6449,0.0,0.0
2026-04-06 15:32:00-04:00,1.7649999856948853,1.7649999856948853,1.7649999856948853,1.7649999856948853,1859,0.0,0.0
2026-04-06 15:33:00-04:00,1.7649999856948853,1.7670999765396118,1.7649999856948853,1.7649999856948853,10769,0.0,0.0
2026-04-06 15:34:00-04:00,1.7649999856948853,1.774999976158142,1.7599999904632568,1.7714999914169312,24517,0.0,0.0
2026-04-06 15:35:00-04:00,1.774999976158142,1.774999976158142,1.7610000371932983,1.7660000324249268,41000,0.0,0.0
2026-04-06 15:36:00-04:00,1.7649999856948853,1.7649999856948853,1.7599999904632568,1.7649999856948853,5547,0.0,0.0
2026-04-06 15:38:00-04:00,1.7649999856948853,1.7649999856948853,1.7649999856948853,1.7649999856948853,3095,0.0,0.0
2026-04-06 15:39:00-04:00,1.7649999856948853,1.7698999643325806,1.7618999481201172,1.7618999481201172,2228,0.0,0.0
2026-04-06 15:40:00-04:00,1.7649999856948853,1.7668999433517456,1.7549999952316284,1.7549999952316284,78418,0.0,0.0
2026-04-06 15:41:00-04:00,1.7549999952316284,1.7549999952316284,1.7549999952316284,1.7549999952316284,7454,0.0,0.0
2026-04-06 15:42:00-04:00,1.7549999952316284,1.7549999952316284,1.75,1.7549999952316284,3343,0.0,0.0
2026-04-06 15:43:00-04:00,1.75,1.7556999921798706,1.75,1.7549999952316284,4632,0.0,0.0
2026-04-06 15:44:00-04:00,1.7549999952316284,1.7599999904632568,1.75,1.7549999952316284,4700,0.0,0.0
2026-04-06 15:45:00-04:00,1.7549999952316284,1.7599999904632568,1.7549999952316284,1.7598999738693237,7397,0.0,0.0
2026-04-06 15:46:00-04:00,1.7599999904632568,1.7599999904632568,1.7549999952316284,1.7549999952316284,10067,0.0,0.0
2026-04-06 15:47:00-04:00,1.7598999738693237,1.7599999904632568,1.75,1.7549999952316284,16793,0.0,0.0
2026-04-06 15:48:00-04:00,1.7599999904632568,1.7649999856948853,1.7549999952316284,1.7649999856948853,57739,0.0,0.0
2026-04-06 15:49:00-04:00,1.7649999856948853,1.7649999856948853,1.7615000009536743,1.7649999856948853,23293,0.0,0.0
2026-04-06 15:50:00-04:00,1.7649999856948853,1.7699999809265137,1.7649999856948853,1.7649999856948853,10677,0.0,0.0
2026-04-06 15:51:00-04:00,1.7699999809265137,1.7699999809265137,1.7599999904632568,1.7649999856948853,10885,0.0,0.0
2026-04-06 15:52:00-04:00,1.7649999856948853,1.7699999809265137,1.7649999856948853,1.7699999809265137,4563,0.0,0.0
2026-04-06 15:53:00-04:00,1.7699999809265137,1.7699999809265137,1.7599999904632568,1.7649999856948853,26192,0.0,0.0
2026-04-06 15:54:00-04:00,1.7649999856948853,1.7649999856948853,1.7599999904632568,1.7649999856948853,952,0.0,0.0
2026-04-06 15:55:00-04:00,1.7649999856948853,1.7699999809265137,1.7649999856948853,1.7649999856948853,35060,0.0,0.0
2026-04-06 15:56:00-04:00,1.7649999856948853,1.7699999809265137,1.7599999904632568,1.7649999856948853,16842,0.0,0.0
2026-04-06 15:57:00-04:00,1.7599999904632568,1.7649999856948853,1.75,1.7549999952316284,137660,0.0,0.0
2026-04-06 15:58:00-04:00,1.7549999952316284,1.7599999904632568,1.7544000148773193,1.7549999952316284,23026,0.0,0.0
2026-04-06 15:59:00-04:00,1.7549999952316284,1.7699999809265137,1.75,1.7649999856948853,254271,0.0,0.0
2026-04-07 09:30:00-04:00,1.75,1.7699999809265137,1.75,1.7599999904632568,77941,0.0,0.0
2026-04-07 09:31:00-04:00,1.7599999904632568,1.7599999904632568,1.7400000095367432,1.7450000047683716,26684,0.0,0.0
2026-04-07 09:32:00-04:00,1.75,1.75,1.7400000095367432,1.7450000047683716,13447,0.0,0.0
2026-04-07 09:33:00-04:00,1.7450000047683716,1.75,1.7450000047683716,1.75,1427,0.0,0.0
2026-04-07 09:34:00-04:00,1.7401000261306763,1.7401000261306763,1.7300000190734863,1.738800048828125,15399,0.0,0.0
2026-04-07 09:35:00-04:00,1.738800048828125,1.7400000095367432,1.7300000190734863,1.7350000143051147,8835,0.0,0.0
2026-04-07 09:36:00-04:00,1.7302000522613525,1.7400000095367432,1.7302000522613525,1.7400000095367432,7338,0.0,0.0
2026-04-07 09:37:00-04:00,1.73989999294281,1.73989999294281,1.7350000143051147,1.73989999294281,3189,0.0,0.0
2026-04-07 09:38:00-04:00,1.7300000190734863,1.739300012588501,1.725000023841858,1.7350000143051147,85147,0.0,0.0
2026-04-07 09:39:00-04:00,1.7350000143051147,1.7350000143051147,1.7300000190734863,1.7350000143051147,3973,0.0,0.0
2026-04-07 09:40:00-04:00,1.7300000190734863,1.7350000143051147,1.7100000381469727,1.715000033378601,72426,0.0,0.0
2026-04-07 09:41:00-04:00,1.715000033378601,1.7200000286102295,1.7100000381469727,1.7200000286102295,37021,0.0,0.0
2026-04-07 09:42:00-04:00,1.7101000547409058,1.7101000547409058,1.6950000524520874,1.6950000524520874,105273,0.0,0.0
2026-04-07 09:43:00-04:00,1.6950000524520874,1.7050000429153442,1.690000057220459,1.7050000429153442,106307,0.0,0.0
2026-04-07 09:44:00-04:00,1.7050000429153442,1.7050000429153442,1.690000057220459,1.7000000476837158,15041,0.0,0.0
2026-04-07 09:45:00-04:00,1.6950000524520874,1.7000000476837158,1.684999942779541,1.690000057220459,47358,0.0,0.0
2026-04-07 09:46:00-04:00,1.6950000524520874,1.6950000524520874,1.690999984741211,1.690999984741211,3347,0.0,0.0
2026-04-07 09:47:00-04:00,1.6922999620437622,1.6950000524520874,1.690000057220459,1.690000057220459,2822,0.0,0.0
2026-04-07 09:48:00-04:00,1.6950000524520874,1.6950000524520874,1.690000057220459,1.6950000524520874,2511,0.0,0.0
2026-04-07 09:49:00-04:00,1.697700023651123,1.7000000476837158,1.690000057220459,1.6958999633789062,38863,0.0,0.0
2026-04-07 09:50:00-04:00,1.6950000524520874,1.7000000476837158,1.690000057220459,1.7000000476837158,18744,0.0,0.0
2026-04-07 09:51:00-04:00,1.7000000476837158,1.7200000286102295,1.7000000476837158,1.7093000411987305,77605,0.0,0.0
2026-04-07 09:52:00-04:00,1.7050000429153442,1.7050000429153442,1.7000000476837158,1.7029000520706177,3864,0.0,0.0
2026-04-07 09:53:00-04:00,1.7050000429153442,1.7100000381469727,1.7000000476837158,1.7050000429153442,11936,0.0,0.0
2026-04-07 09:54:00-04:00,1.7100000381469727,1.7100000381469727,1.7050000429153442,1.7050000429153442,9816,0.0,0.0
2026-04-07 09:55:00-04:00,1.7100000381469727,1.7100000381469727,1.7099000215530396,1.7099000215530396,590,0.0,0.0
2026-04-07 09:56:00-04:00,1.7050000429153442,1.7050000429153442,1.6950000524520874,1.6950000524520874,16380,0.0,0.0
2026-04-07 09:57:00-04:00,1.690000057220459,1.7000000476837158,1.690000057220459,1.7000000476837158,5487,0.0,0.0
2026-04-07 09:58:00-04:00,1.698799967765808,1.698799967765808,1.690000057220459,1.6950000524520874,2156,0.0,0.0
2026-04-07 09:59:00-04:00,1.6950000524520874,1.6950000524520874,1.690000057220459,1.6950000524520874,4980,0.0,0.0
2026-04-07 10:00:00-04:00,1.7000000476837158,1.7000000476837158,1.690000057220459,1.6950000524520874,77831,0.0,0.0
2026-04-07 10:01:00-04:00,1.6988999843597412,1.7000000476837158,1.6950000524520874,1.6950000524520874,5211,0.0,0.0
2026-04-07 10:02:00-04:00,1.6950000524520874,1.7000000476837158,1.690000057220459,1.6950000524520874,5085,0.0,0.0
2026-04-07 10:03:00-04:00,1.6950000524520874,1.7000000476837158,1.690000057220459,1.7000000476837158,11084,0.0,0.0
2026-04-07 10:04:00-04:00,1.6926000118255615,1.7100000381469727,1.6926000118255615,1.7000000476837158,325270,0.0,0.0
2026-04-07 10:05:00-04:00,1.7050000429153442,1.7100000381469727,1.7050000429153442,1.7100000381469727,18968,0.0,0.0
2026-04-07 10:06:00-04:00,1.7000000476837158,1.7100000381469727,1.690000057220459,1.6950000524520874,78722,0.0,0.0
2026-04-07 10:07:00-04:00,1.6950000524520874,1.7000000476837158,1.690000057220459,1.6950000524520874,7385,0.0,0.0
2026-04-07 10:08:00-04:00,1.690999984741211,1.7000000476837158,1.690000057220459,1.7000000476837158,2515,0.0,0.0
2026-04-07 10:09:00-04:00,1.7000000476837158,1.7050000429153442,1.690000057220459,1.7050000429153442,15833,0.0,0.0
2026-04-07 10:10:00-04:00,1.7091000080108643,1.7091000080108643,1.7000000476837158,1.7050000429153442,4385,0.0,0.0
2026-04-07 10:11:00-04:00,1.7000000476837158,1.718500018119812,1.7000000476837158,1.7050000429153442,9051,0.0,0.0
2026-04-07 10:12:00-04:00,1.7089999914169312,1.7200000286102295,1.7089999914169312,1.7200000286102295,1877,0.0,0.0
2026-04-07 10:13:00-04:00,1.7200000286102295,1.7300000190734863,1.7100000381469727,1.7300000190734863,84702,0.0,0.0
2026-04-07 10:14:00-04:00,1.7200000286102295,1.7300000190734863,1.7200000286102295,1.7201000452041626,16699,0.0,0.0
2026-04-07 10:15:00-04:00,1.7200000286102295,1.721500039100647,1.715000033378601,1.715000033378601,11427,0.0,0.0
2026-04-07 10:16:00-04:00,1.715000033378601,1.7200000286102295,1.7100000381469727,1.715000033378601,3249,0.0,0.0
2026-04-07 10:17:00-04:00,1.715000033378601,1.715000033378601,1.715000033378601,1.715000033378601,314,0.0,0.0
2026-04-07 10:18:00-04:00,1.715000033378601,1.7200000286102295,1.7100000381469727,1.7100000381469727,1367,0.0,0.0
2026-04-07 10:19:00-04:00,1.7100000381469727,1.715000033378601,1.7100000381469727,1.715000033378601,3400,0.0,0.0
2026-04-07 10:20:00-04:00,1.715000033378601,1.7200000286102295,1.715000033378601,1.7200000286102295,4643,0.0,0.0
2026-04-07 10:21:00-04:00,1.715000033378601,1.7200000286102295,1.7120000123977661,1.715000033378601,17204,0.0,0.0
2026-04-07 10:22:00-04:00,1.7200000286102295,1.7200000286102295,1.7100000381469727,1.7100000381469727,4418,0.0,0.0
2026-04-07 10:23:00-04:00,1.7100000381469727,1.7200000286102295,1.7100000381469727,1.7200000286102295,2966,0.0,0.0
2026-04-07 10:24:00-04:00,1.7200000286102295,1.7200000286102295,1.715000033378601,1.718999981880188,4614,0.0,0.0
2026-04-07 10:25:00-04:00,1.7200000286102295,1.7200000286102295,1.7200000286102295,1.7200000286102295,5464,0.0,0.0
2026-04-07 10:26:00-04:00,1.715000033378601,1.7200000286102295,1.715000033378601,1.7200000286102295,1457,0.0,0.0
2026-04-07 10:27:00-04:00,1.715000033378601,1.7200000286102295,1.7100000381469727,1.7175999879837036,5012,0.0,0.0
2026-04-07 10:29:00-04:00,1.7109999656677246,1.715000033378601,1.7109999656677246,1.715000033378601,2997,0.0,0.0
2026-04-07 10:30:00-04:00,1.718999981880188,1.7200000286102295,1.715000033378601,1.715000033378601,2374,0.0,0.0
2026-04-07 10:31:00-04:00,1.7200000286102295,1.7200000286102295,1.715000033378601,1.715000033378601,1611,0.0,0.0
2026-04-07 10:32:00-04:00,1.7100000381469727,1.7200000286102295,1.7100000381469727,1.7200000286102295,4845,0.0,0.0
2026-04-07 10:33:00-04:00,1.715000033378601,1.715000033378601,1.715000033378601,1.715000033378601,2807,0.0,0.0
2026-04-07 10:34:00-04:00,1.7200000286102295,1.7200000286102295,1.715000033378601,1.715000033378601,2771,0.0,0.0
2026-04-07 10:35:00-04:00,1.7200000286102295,1.7200000286102295,1.7200000286102295,1.7200000286102295,449,0.0,0.0
2026-04-07 10:36:00-04:00,1.7100000381469727,1.7200000286102295,1.7100000381469727,1.715000033378601,1355,0.0,0.0
2026-04-07 10:37:00-04:00,1.715000033378601,1.7200000286102295,1.7100000381469727,1.715000033378601,2886,0.0,0.0
2026-04-07 10:38:00-04:00,1.715000033378601,1.7200000286102295,1.7100000381469727,1.7100000381469727,3775,0.0,0.0
2026-04-07 10:39:00-04:00,1.7100000381469727,1.7100000381469727,1.7050000429153442,1.7098000049591064,11116,0.0,0.0
2026-04-07 10:40:00-04:00,1.7050000429153442,1.7050000429153442,1.7050000429153442,1.7050000429153442,423,0.0,0.0
2026-04-07 10:41:00-04:00,1.7050000429153442,1.7089999914169312,1.7050000429153442,1.7050000429153442,4215,0.0,0.0
2026-04-07 10:42:00-04:00,1.7050000429153442,1.7050000429153442,1.7050000429153442,1.7050000429153442,893,0.0,0.0
2026-04-07 10:43:00-04:00,1.7050000429153442,1.7200000286102295,1.7050000429153442,1.7200000286102295,41731,0.0,0.0
2026-04-07 10:44:00-04:00,1.7200000286102295,1.7200000286102295,1.715000033378601,1.715000033378601,1547,0.0,0.0
2026-04-07 10:45:00-04:00,1.715000033378601,1.7200000286102295,1.715000033378601,1.7200000286102295,3763,0.0,0.0
2026-04-07 10:46:00-04:00,1.715000033378601,1.715000033378601,1.715000033378601,1.715000033378601,3174,0.0,0.0
2026-04-07 10:47:00-04:00,1.715000033378601,1.715000033378601,1.7100000381469727,1.7100000381469727,25054,0.0,0.0
2026-04-07 10:48:00-04:00,1.715000033378601,1.715000033378601,1.715000033378601,1.715000033378601,333,0.0,0.0
2026-04-07 10:49:00-04:00,1.715000033378601,1.715000033378601,1.715000033378601,1.715000033378601,735,0.0,0.0
2026-04-07 10:50:00-04:00,1.715000033378601,1.7193000316619873,1.7100000381469727,1.7100000381469727,1686,0.0,0.0
2026-04-07 10:51:00-04:00,1.7100000381469727,1.718500018119812,1.7100000381469727,1.718500018119812,2768,0.0,0.0
2026-04-07 10:52:00-04:00,1.7100000381469727,1.715000033378601,1.7100000381469727,1.7100000381469727,3073,0.0,0.0
2026-04-07 10:53:00-04:00,1.7100000381469727,1.715000033378601,1.7100000381469727,1.7100000381469727,5370,0.0,0.0
2026-04-07 10:54:00-04:00,1.715000033378601,1.715000033378601,1.7100000381469727,1.7100000381469727,1137,0.0,0.0
2026-04-07 10:55:00-04:00,1.7100000381469727,1.715000033378601,1.7050000429153442,1.7050000429153442,14878,0.0,0.0
2026-04-07 10:57:00-04:00,1.7050000429153442,1.7050000429153442,1.7000000476837158,1.7000000476837158,3175,0.0,0.0
2026-04-07 10:59:00-04:00,1.7099000215530396,1.7099000215530396,1.7099000215530396,1.7099000215530396,1012,0.0,0.0
2026-04-07 11:00:00-04:00,1.7050000429153442,1.7050000429153442,1.690000057220459,1.690000057220459,29664,0.0,0.0
2026-04-07 11:01:00-04:00,1.6950000524520874,1.6950000524520874,1.6950000524520874,1.6950000524520874,976,0.0,0.0
2026-04-07 11:02:00-04:00,1.6900999546051025,1.6950000524520874,1.6900999546051025,1.691100001335144,931,0.0,0.0
2026-04-07 11:03:00-04:00,1.6950000524520874,1.6950000524520874,1.6950000524520874,1.6950000524520874,8074,0.0,0.0
2026-04-07 11:04:00-04:00,1.7000000476837158,1.7000000476837158,1.6950000524520874,1.6950000524520874,749,0.0,0.0
2026-04-07 11:05:00-04:00,1.6890000104904175,1.6890000104904175,1.684999942779541,1.684999942779541,29744,0.0,0.0
2026-04-07 11:06:00-04:00,1.690000057220459,1.690000057220459,1.690000057220459,1.690000057220459,2665,0.0,0.0
2026-04-07 11:07:00-04:00,1.6890000104904175,1.690000057220459,1.684999942779541,1.684999942779541,4076,0.0,0.0
2026-04-07 11:08:00-04:00,1.6899000406265259,1.690000057220459,1.6799999475479126,1.684999942779541,8912,0.0,0.0
2026-04-07 11:09:00-04:00,1.684999942779541,1.684999942779541,1.6799999475479126,1.6799999475479126,2130,0.0,0.0
2026-04-07 11:10:00-04:00,1.6950000524520874,1.6950000524520874,1.690000057220459,1.690000057220459,16886,0.0,0.0
2026-04-07 11:11:00-04:00,1.6950000524520874,1.6950000524520874,1.6950000524520874,1.6950000524520874,1306,0.0,0.0
2026-04-07 11:12:00-04:00,1.6950000524520874,1.6950000524520874,1.690000057220459,1.690000057220459,1342,0.0,0.0
2026-04-07 11:13:00-04:00,1.6950000524520874,1.6950000524520874,1.6950000524520874,1.6950000524520874,209,0.0,0.0
2026-04-07 11:14:00-04:00,1.690000057220459,1.7000000476837158,1.690000057220459,1.690000057220459,1100,0.0,0.0
2026-04-07 11:15:00-04:00,1.6950000524520874,1.7000000476837158,1.690000057220459,1.7000000476837158,25336,0.0,0.0
2026-04-07 11:16:00-04:00,1.7050000429153442,1.7050000429153442,1.7000999450683594,1.7000999450683594,1847,0.0,0.0
2026-04-07 11:17:00-04:00,1.7050000429153442,1.7100000381469727,1.7000000476837158,1.7100000381469727,1038,0.0,0.0
2026-04-07 11:18:00-04:00,1.7050000429153442,1.7050000429153442,1.7000000476837158,1.7050000429153442,2428,0.0,0.0
2026-04-07 11:19:00-04:00,1.7100000381469727,1.7100000381469727,1.7050000429153442,1.7050000429153442,1132,0.0,0.0
2026-04-07 11:20:00-04:00,1.7050000429153442,1.7100000381469727,1.7000000476837158,1.7000000476837158,1803,0.0,0.0
2026-04-07 11:21:00-04:00,1.7000000476837158,1.7050000429153442,1.7000000476837158,1.7000000476837158,1867,0.0,0.0
2026-04-07 11:22:00-04:00,1.7050000429153442,1.7100000381469727,1.7000000476837158,1.7050000429153442,12079,0.0,0.0
2026-04-07 11:23:00-04:00,1.7089999914169312,1.7089999914169312,1.7000000476837158,1.7050000429153442,1760,0.0,0.0
2026-04-07 11:24:00-04:00,1.7050000429153442,1.7100000381469727,1.7050000429153442,1.7100000381469727,6615,0.0,0.0
2026-04-07 11:25:00-04:00,1.7000000476837158,1.7100000381469727,1.7000000476837158,1.7100000381469727,4054,0.0,0.0
2026-04-07 11:26:00-04:00,1.7100000381469727,1.7100000381469727,1.7000000476837158,1.7050000429153442,1317,0.0,0.0
2026-04-07 11:27:00-04:00,1.7050000429153442,1.7100000381469727,1.7050000429153442,1.7100000381469727,1429,0.0,0.0
2026-04-07 11:28:00-04:00,1.7000000476837158,1.7000000476837158,1.7000000476837158,1.7000000476837158,543,0.0,0.0
2026-04-07 11:29:00-04:00,1.7100000381469727,1.7100000381469727,1.7000000476837158,1.7100000381469727,4422,0.0,0.0
2026-04-07 11:30:00-04:00,1.7050000429153442,1.7100000381469727,1.7050000429153442,1.7100000381469727,1819,0.0,0.0
2026-04-07 11:31:00-04:00,1.7000000476837158,1.7100000381469727,1.7000000476837158,1.7100000381469727,1341,0.0,0.0
2026-04-07 11:32:00-04:00,1.7050000429153442,1.7100000381469727,1.7000000476837158,1.7000000476837158,2295,0.0,0.0
2026-04-07 11:33:00-04:00,1.7050000429153442,1.7050000429153442,1.7000000476837158,1.7000000476837158,1146,0.0,0.0
2026-04-07 11:34:00-04:00,1.7100000381469727,1.7100000381469727,1.7050000429153442,1.7100000381469727,3222,0.0,0.0
2026-04-07 11:35:00-04:00,1.7099000215530396,1.7100000381469727,1.7000000476837158,1.7100000381469727,2597,0.0,0.0
2026-04-07 11:36:00-04:00,1.7100000381469727,1.7100000381469727,1.7000000476837158,1.7089999914169312,1589,0.0,0.0
2026-04-07 11:37:00-04:00,1.7050000429153442,1.7100000381469727,1.7000000476837158,1.7000000476837158,1970,0.0,0.0
2026-04-07 11:38:00-04:00,1.7050000429153442,1.7100000381469727,1.7050000429153442,1.7050000429153442,932,0.0,0.0
2026-04-07 11:39:00-04:00,1.7074999809265137,1.7100000381469727,1.7000000476837158,1.7050000429153442,2051,0.0,0.0
2026-04-07 11:40:00-04:00,1.7050000429153442,1.7050000429153442,1.684999942779541,1.6890000104904175,41285,0.0,0.0
2026-04-07 11:41:00-04:00,1.690000057220459,1.690000057220459,1.684499979019165,1.690000057220459,9392,0.0,0.0
2026-04-07 11:42:00-04:00,1.684999942779541,1.6899000406265259,1.6799999475479126,1.684999942779541,16803,0.0,0.0
2026-04-07 11:43:00-04:00,1.684999942779541,1.684999942779541,1.6800999641418457,1.684999942779541,5999,0.0,0.0
2026-04-07 11:44:00-04:00,1.684999942779541,1.690000057220459,1.6799999475479126,1.6899000406265259,9644,0.0,0.0
2026-04-07 11:45:00-04:00,1.6899000406265259,1.690000057220459,1.6799999475479126,1.684999942779541,14445,0.0,0.0
2026-04-07 11:46:00-04:00,1.6899000406265259,1.6899000406265259,1.6799999475479126,1.684999942779541,15562,0.0,0.0
2026-04-07 11:47:00-04:00,1.690000057220459,1.690000057220459,1.684999942779541,1.6899000406265259,12649,0.0,0.0
2026-04-07 11:48:00-04:00,1.690000057220459,1.690000057220459,1.6799999475479126,1.684999942779541,2753,0.0,0.0
2026-04-07 11:49:00-04:00,1.6800999641418457,1.690000057220459,1.6799999475479126,1.684999942779541,6144,0.0,0.0
2026-04-07 11:50:00-04:00,1.684999942779541,1.690000057220459,1.684999942779541,1.684999942779541,2863,0.0,0.0
2026-04-07 11:51:00-04:00,1.6899000406265259,1.690000057220459,1.6799999475479126,1.6799999475479126,3043,0.0,0.0
2026-04-07 11:52:00-04:00,1.684999942779541,1.690000057220459,1.684999942779541,1.690000057220459,6806,0.0,0.0
2026-04-07 11:53:00-04:00,1.690000057220459,1.690000057220459,1.684999942779541,1.684999942779541,2267,0.0,0.0
2026-04-07 11:54:00-04:00,1.6800999641418457,1.690000057220459,1.6800999641418457,1.684999942779541,51302,0.0,0.0
2026-04-07 11:55:00-04:00,1.684999942779541,1.6955000162124634,1.6799999475479126,1.684999942779541,78272,0.0,0.0
2026-04-07 11:56:00-04:00,1.690000057220459,1.690000057220459,1.684999942779541,1.684999942779541,2273,0.0,0.0
2026-04-07 11:57:00-04:00,1.684999942779541,1.684999942779541,1.684999942779541,1.684999942779541,2716,0.0,0.0
2026-04-07 11:58:00-04:00,1.684999942779541,1.690000057220459,1.684999942779541,1.690000057220459,7076,0.0,0.0
2026-04-07 11:59:00-04:00,1.684999942779541,1.6950000524520874,1.684999942779541,1.6950000524520874,22103,0.0,0.0
2026-04-07 12:00:00-04:00,1.6950000524520874,1.6999000310897827,1.690000057220459,1.6923999786376953,16784,0.0,0.0
2026-04-07 12:01:00-04:00,1.6950000524520874,1.6950000524520874,1.690000057220459,1.6950000524520874,14369,0.0,0.0
2026-04-07 12:02:00-04:00,1.6950000524520874,1.7000000476837158,1.6950000524520874,1.6990000009536743,5840,0.0,0.0
2026-04-07 12:03:00-04:00,1.7100000381469727,1.715000033378601,1.7000000476837158,1.7099000215530396,33537,0.0,0.0
2026-04-07 12:04:00-04:00,1.7039999961853027,1.7100000381469727,1.7000000476837158,1.7050000429153442,29047,0.0,0.0
2026-04-07 12:05:00-04:00,1.7000000476837158,1.7085000276565552,1.7000000476837158,1.7085000276565552,4077,0.0,0.0
2026-04-07 12:06:00-04:00,1.7050000429153442,1.7050000429153442,1.7000000476837158,1.7050000429153442,1529,0.0,0.0
2026-04-07 12:07:00-04:00,1.7050000429153442,1.7050000429153442,1.7000000476837158,1.7000000476837158,3790,0.0,0.0
2026-04-07 12:08:00-04:00,1.7000000476837158,1.7000000476837158,1.6950000524520874,1.6950000524520874,7275,0.0,0.0
2026-04-07 12:09:00-04:00,1.6950000524520874,1.7000000476837158,1.690000057220459,1.6950000524520874,5014,0.0,0.0
2026-04-07 12:10:00-04:00,1.7000000476837158,1.7000000476837158,1.6950000524520874,1.6992000341415405,1579,0.0,0.0
2026-04-07 12:11:00-04:00,1.6950000524520874,1.6950000524520874,1.6950000524520874,1.6950000524520874,2289,0.0,0.0
2026-04-07 12:12:00-04:00,1.690000057220459,1.690000057220459,1.690000057220459,1.690000057220459,487,0.0,0.0
2026-04-07 12:13:00-04:00,1.7000000476837158,1.7000000476837158,1.6950000524520874,1.6950000524520874,10592,0.0,0.0
2026-04-07 12:14:00-04:00,1.6950000524520874,1.6950000524520874,1.6950000524520874,1.6950000524520874,2077,0.0,0.0
2026-04-07 12:15:00-04:00,1.6990000009536743,1.7000000476837158,1.6990000009536743,1.7000000476837158,15380,0.0,0.0
2026-04-07 12:18:00-04:00,1.7000000476837158,1.7050000429153442,1.7000000476837158,1.7050000429153442,1093,0.0,0.0
2026-04-07 12:19:00-04:00,1.7030999660491943,1.7050000429153442,1.7000000476837158,1.7000000476837158,1009,0.0,0.0
2026-04-07 12:20:00-04:00,1.7000000476837158,1.7099000215530396,1.7000000476837158,1.7000000476837158,2017,0.0,0.0
2026-04-07 12:21:00-04:00,1.7000000476837158,1.7050000429153442,1.7000000476837158,1.7050000429153442,4751,0.0,0.0
2026-04-07 12:22:00-04:00,1.7050000429153442,1.7100000381469727,1.7000000476837158,1.7000999450683594,5215,0.0,0.0
2026-04-07 12:23:00-04:00,1.7000000476837158,1.7100000381469727,1.7000000476837158,1.7089999914169312,9735,0.0,0.0
2026-04-07 12:24:00-04:00,1.7000000476837158,1.7100000381469727,1.7000000476837158,1.7100000381469727,3343,0.0,0.0
2026-04-07 12:25:00-04:00,1.7000000476837158,1.7000000476837158,1.7000000476837158,1.7000000476837158,200,0.0,0.0
2026-04-07 12:26:00-04:00,1.7100000381469727,1.7100000381469727,1.7000000476837158,1.7000000476837158,5352,0.0,0.0
2026-04-07 12:27:00-04:00,1.7050000429153442,1.7100000381469727,1.7000000476837158,1.7000000476837158,3293,0.0,0.0
2026-04-07 12:28:00-04:00,1.7100000381469727,1.7100000381469727,1.7000000476837158,1.7000000476837158,2112,0.0,0.0
2026-04-07 12:29:00-04:00,1.7100000381469727,1.7100000381469727,1.7000000476837158,1.7050000429153442,2443,0.0,0.0
2026-04-07 12:30:00-04:00,1.7100000381469727,1.7100000381469727,1.7000000476837158,1.7100000381469727,761,0.0,0.0
2026-04-07 12:31:00-04:00,1.7050000429153442,1.7050000429153442,1.7000000476837158,1.7050000429153442,22099,0.0,0.0
2026-04-07 12:32:00-04:00,1.7100000381469727,1.7100000381469727,1.7000000476837158,1.7100000381469727,2189,0.0,0.0
2026-04-07 12:35:00-04:00,1.7100000381469727,1.7100000381469727,1.7085000276565552,1.7092000246047974,10134,0.0,0.0
2026-04-07 12:36:00-04:00,1.7100000381469727,1.7100000381469727,1.7050000429153442,1.7050000429153442,1233,0.0,0.0
2026-04-07 12:37:00-04:00,1.7000000476837158,1.7100000381469727,1.7000000476837158,1.7100000381469727,759,0.0,0.0
2026-04-07 12:39:00-04:00,1.7100000381469727,1.7100000381469727,1.7050000429153442,1.7050000429153442,858,0.0,0.0
2026-04-07 12:40:00-04:00,1.7050000429153442,1.7100000381469727,1.7050000429153442,1.7050000429153442,583,0.0,0.0
2026-04-07 12:41:00-04:00,1.7050000429153442,1.7100000381469727,1.7050000429153442,1.7100000381469727,5850,0.0,0.0
2026-04-07 12:43:00-04:00,1.7050000429153442,1.7100000381469727,1.7000000476837158,1.7000000476837158,1680,0.0,0.0
2026-04-07 12:44:00-04:00,1.7100000381469727,1.7100000381469727,1.7089999914169312,1.7100000381469727,6730,0.0,0.0
2026-04-07 12:45:00-04:00,1.7089999914169312,1.7200000286102295,1.7089999914169312,1.7200000286102295,7099,0.0,0.0
2026-04-07 12:46:00-04:00,1.7200000286102295,1.7200000286102295,1.715000033378601,1.715000033378601,873,0.0,0.0
2026-04-07 12:47:00-04:00,1.7200000286102295,1.7200000286102295,1.7100000381469727,1.7200000286102295,1178,0.0,0.0
2026-04-07 12:48:00-04:00,1.7200000286102295,1.7200000286102295,1.7130000591278076,1.7130000591278076,1400,0.0,0.0
2026-04-07 12:50:00-04:00,1.715000033378601,1.715000033378601,1.715000033378601,1.715000033378601,3077,0.0,0.0
2026-04-07 12:51:00-04:00,1.7200000286102295,1.7200000286102295,1.7200000286102295,1.7200000286102295,884,0.0,0.0
2026-04-07 12:52:00-04:00,1.715000033378601,1.715000033378601,1.715000033378601,1.715000033378601,751,0.0,0.0
2026-04-07 12:53:00-04:00,1.715000033378601,1.7200000286102295,1.715000033378601,1.7200000286102295,2639,0.0,0.0
2026-04-07 12:54:00-04:00,1.7200000286102295,1.7200000286102295,1.7200000286102295,1.7200000286102295,1030,0.0,0.0
2026-04-07 12:55:00-04:00,1.715000033378601,1.715000033378601,1.7132999897003174,1.715000033378601,1988,0.0,0.0
2026-04-07 12:56:00-04:00,1.7200000286102295,1.7200000286102295,1.7200000286102295,1.7200000286102295,200,0.0,0.0
2026-04-07 12:57:00-04:00,1.715000033378601,1.7200000286102295,1.715000033378601,1.715000033378601,3715,0.0,0.0
2026-04-07 12:58:00-04:00,1.715000033378601,1.715000033378601,1.715000033378601,1.715000033378601,176,0.0,0.0
2026-04-07 12:59:00-04:00,1.7100000381469727,1.7200000286102295,1.7100000381469727,1.7200000286102295,8793,0.0,0.0
2026-04-07 13:00:00-04:00,1.7100000381469727,1.7100000381469727,1.7050000429153442,1.7100000381469727,16205,0.0,0.0
2026-04-07 13:02:00-04:00,1.7100000381469727,1.7101000547409058,1.7100000381469727,1.7101000547409058,970,0.0,0.0
2026-04-07 13:03:00-04:00,1.715000033378601,1.715000033378601,1.715000033378601,1.715000033378601,334,0.0,0.0
2026-04-07 13:04:00-04:00,1.7200000286102295,1.7200000286102295,1.7200000286102295,1.7200000286102295,20819,0.0,0.0
2026-04-07 13:06:00-04:00,1.715000033378601,1.718999981880188,1.7101000547409058,1.7101000547409058,3220,0.0,0.0
2026-04-07 13:07:00-04:00,1.7101000547409058,1.715000033378601,1.7101000547409058,1.715000033378601,1270,0.0,0.0
2026-04-07 13:08:00-04:00,1.7200000286102295,1.7300000190734863,1.7200000286102295,1.7300000190734863,18929,0.0,0.0
2026-04-07 13:09:00-04:00,1.7200000286102295,1.7300000190734863,1.7200000286102295,1.725000023841858,4370,0.0,0.0
2026-04-07 13:10:00-04:00,1.7300000190734863,1.7300000190734863,1.7200000286102295,1.7300000190734863,12570,0.0,0.0
2026-04-07 13:11:00-04:00,1.7350000143051147,1.7350000143051147,1.7201000452041626,1.7201000452041626,20624,0.0,0.0
2026-04-07 13:12:00-04:00,1.725000023841858,1.725000023841858,1.725000023841858,1.725000023841858,362,0.0,0.0
2026-04-07 13:13:00-04:00,1.7289999723434448,1.7289999723434448,1.7289999723434448,1.7289999723434448,1477,0.0,0.0
2026-04-07 13:14:00-04:00,1.7300000190734863,1.7300000190734863,1.7300000190734863,1.7300000190734863,509,0.0,0.0
2026-04-07 13:15:00-04:00,1.7281999588012695,1.7281999588012695,1.7281999588012695,1.7281999588012695,2000,0.0,0.0
2026-04-07 13:16:00-04:00,1.7289999723434448,1.7289999723434448,1.7289999723434448,1.7289999723434448,455,0.0,0.0
2026-04-07 13:17:00-04:00,1.7299000024795532,1.7299000024795532,1.721500039100647,1.721500039100647,1523,0.0,0.0
2026-04-07 13:19:00-04:00,1.7201000452041626,1.7300000190734863,1.7201000452041626,1.7300000190734863,6414,0.0,0.0
2026-04-07 13:20:00-04:00,1.7350000143051147,1.73989999294281,1.7350000143051147,1.73989999294281,6252,0.0,0.0
2026-04-07 13:21:00-04:00,1.7300000190734863,1.7316999435424805,1.7300000190734863,1.7316999435424805,1879,0.0,0.0
2026-04-07 13:22:00-04:00,1.7300000190734863,1.7300000190734863,1.725000023841858,1.725000023841858,14363,0.0,0.0
2026-04-07 13:23:00-04:00,1.721500039100647,1.7300000190734863,1.721500039100647,1.725000023841858,4133,0.0,0.0
2026-04-07 13:25:00-04:00,1.729699969291687,1.729699969291687,1.729699969291687,1.729699969291687,381,0.0,0.0
2026-04-07 13:26:00-04:00,1.7300000190734863,1.7300000190734863,1.7289999723434448,1.7289999723434448,1555,0.0,0.0
2026-04-07 13:28:00-04:00,1.722599983215332,1.7350000143051147,1.722599983215332,1.7300000190734863,17048,0.0,0.0
2026-04-07 13:29:00-04:00,1.7391999959945679,1.7391999959945679,1.7309999465942383,1.7309999465942383,2042,0.0,0.0
2026-04-07 13:30:00-04:00,1.7300000190734863,1.7300000190734863,1.7300000190734863,1.7300000190734863,3235,0.0,0.0
2026-04-07 13:32:00-04:00,1.7350000143051147,1.7350000143051147,1.7350000143051147,1.7350000143051147,3585,0.0,0.0
2026-04-07 13:33:00-04:00,1.7375999689102173,1.7389999628067017,1.7350000143051147,1.7389999628067017,2319,0.0,0.0
2026-04-07 13:34:00-04:00,1.7389999628067017,1.7400000095367432,1.7389999628067017,1.7400000095367432,859,0.0,0.0
2026-04-07 13:35:00-04:00,1.7400000095367432,1.7450000047683716,1.7389999628067017,1.7450000047683716,14206,0.0,0.0
2026-04-07 13:36:00-04:00,1.75,1.75,1.7489999532699585,1.7489999532699585,8376,0.0,0.0
2026-04-07 13:37:00-04:00,1.75,1.7599999904632568,1.75,1.7589000463485718,31260,0.0,0.0
2026-04-07 13:38:00-04:00,1.7549999952316284,1.7549999952316284,1.7549999952316284,1.7549999952316284,145,0.0,0.0
2026-04-07 13:39:00-04:00,1.7549999952316284,1.7549999952316284,1.7402000427246094,1.749899983406067,25259,0.0,0.0
2026-04-07 13:40:00-04:00,1.7401000261306763,1.7496999502182007,1.7401000261306763,1.7450000047683716,1403,0.0,0.0
2026-04-07 13:41:00-04:00,1.75,1.7549999952316284,1.75,1.7549999952316284,7047,0.0,0.0
2026-04-07 13:42:00-04:00,1.7549999952316284,1.7598999738693237,1.75,1.7598999738693237,3226,0.0,0.0
2026-04-07 13:43:00-04:00,1.7549999952316284,1.7549999952316284,1.7549999952316284,1.7549999952316284,401,0.0,0.0
2026-04-07 13:44:00-04:00,1.75,1.75,1.7450000047683716,1.7450000047683716,12687,0.0,0.0
2026-04-07 13:45:00-04:00,1.7450000047683716,1.7450000047683716,1.7400000095367432,1.7400000095367432,2410,0.0,0.0
2026-04-07 13:48:00-04:00,1.748900055885315,1.749899983406067,1.748900055885315,1.749899983406067,3178,0.0,0.0
2026-04-07 13:49:00-04:00,1.749899983406067,1.749899983406067,1.749899983406067,1.749899983406067,1052,0.0,0.0
2026-04-07 13:50:00-04:00,1.75,1.7549999952316284,1.75,1.75,62096,0.0,0.0
2026-04-07 13:52:00-04:00,1.750100016593933,1.7549999952316284,1.750100016593933,1.7549999952316284,31159,0.0,0.0
2026-04-07 13:54:00-04:00,1.7581000328063965,1.7581000328063965,1.7450000047683716,1.7450000047683716,9472,0.0,0.0
2026-04-07 13:55:00-04:00,1.75,1.75,1.75,1.75,532,0.0,0.0
2026-04-07 13:57:00-04:00,1.7450000047683716,1.7450000047683716,1.7450000047683716,1.7450000047683716,513,0.0,0.0
2026-04-07 13:59:00-04:00,1.7450000047683716,1.7450000047683716,1.7450000047683716,1.7450000047683716,1028,0.0,0.0
2026-04-07 14:00:00-04:00,1.75,1.7549999952316284,1.75,1.75,6777,0.0,0.0
2026-04-07 14:01:00-04:00,1.75,1.7549999952316284,1.75,1.7519999742507935,5520,0.0,0.0
2026-04-07 14:02:00-04:00,1.75,1.7549999952316284,1.75,1.75,2447,0.0,0.0
2026-04-07 14:05:00-04:00,1.75,1.75,1.75,1.75,214,0.0,0.0
2026-04-07 14:07:00-04:00,1.75,1.75,1.75,1.75,340,0.0,0.0
2026-04-07 14:08:00-04:00,1.7599999904632568,1.7599999904632568,1.75,1.75,13322,0.0,0.0
2026-04-07 14:10:00-04:00,1.7598999738693237,1.7598999738693237,1.7598999738693237,1.7598999738693237,463,0.0,0.0
2026-04-07 14:11:00-04:00,1.7549999952316284,1.7553000450134277,1.7549999952316284,1.7549999952316284,3849,0.0,0.0
2026-04-07 14:12:00-04:00,1.7599999904632568,1.7599999904632568,1.75,1.75,569,0.0,0.0
2026-04-07 14:13:00-04:00,1.750100016593933,1.750100016593933,1.750100016593933,1.750100016593933,1063,0.0,0.0
2026-04-07 14:14:00-04:00,1.75,1.7599999904632568,1.75,1.7549999952316284,2300,0.0,0.0
2026-04-07 14:15:00-04:00,1.7599999904632568,1.7599999904632568,1.7549999952316284,1.7549999952316284,10804,0.0,0.0
2026-04-07 14:16:00-04:00,1.75,1.7599999904632568,1.75,1.7599999904632568,831,0.0,0.0
2026-04-07 14:17:00-04:00,1.750100016593933,1.750100016593933,1.75,1.75,2954,0.0,0.0
2026-04-07 14:18:00-04:00,1.75,1.75,1.75,1.75,708,0.0,0.0
2026-04-07 14:19:00-04:00,1.7549999952316284,1.7549999952316284,1.7549999952316284,1.7549999952316284,445,0.0,0.0
2026-04-07 14:20:00-04:00,1.75,1.751099944114685,1.75,1.75,1800,0.0,0.0
2026-04-07 14:21:00-04:00,1.75,1.75,1.75,1.75,17872,0.0,0.0
2026-04-07 14:22:00-04:00,1.75,1.7549999952316284,1.75,1.7549999952316284,1758,0.0,0.0
2026-04-07 14:23:00-04:00,1.7598999738693237,1.7598999738693237,1.75,1.75,1484,0.0,0.0
2026-04-07 14:24:00-04:00,1.750599980354309,1.750599980354309,1.750599980354309,1.750599980354309,1806,0.0,0.0
2026-04-07 14:25:00-04:00,1.7549999952316284,1.7575000524520874,1.7450000047683716,1.7450000047683716,37788,0.0,0.0
2026-04-07 14:26:00-04:00,1.7410000562667847,1.75,1.7410000562667847,1.75,26677,0.0,0.0
2026-04-07 14:27:00-04:00,1.7549999952316284,1.7599999904632568,1.75,1.75,7283,0.0,0.0
2026-04-07 14:28:00-04:00,1.75,1.75,1.75,1.75,843,0.0,0.0
2026-04-07 14:29:00-04:00,1.7599999904632568,1.7599999904632568,1.7599999904632568,1.7599999904632568,1057,0.0,0.0
2026-04-07 14:30:00-04:00,1.7599999904632568,1.7599999904632568,1.7599999904632568,1.7599999904632568,1218,0.0,0.0
2026-04-07 14:31:00-04:00,1.7549999952316284,1.7549999952316284,1.7549999952316284,1.7549999952316284,4018,0.0,0.0
2026-04-07 14:32:00-04:00,1.750100016593933,1.7549999952316284,1.750100016593933,1.7549999952316284,4733,0.0,0.0
2026-04-07 14:33:00-04:00,1.7549999952316284,1.7549999952316284,1.7549999952316284,1.7549999952316284,508,0.0,0.0
2026-04-07 14:34:00-04:00,1.75,1.75,1.75,1.75,5658,0.0,0.0
2026-04-07 14:35:00-04:00,1.75,1.75,1.75,1.75,3516,0.0,0.0
2026-04-07 14:36:00-04:00,1.75,1.75,1.75,1.75,1558,0.0,0.0
2026-04-07 14:37:00-04:00,1.7599999904632568,1.7599999904632568,1.75,1.7549999952316284,1251,0.0,0.0
2026-04-07 14:38:00-04:00,1.7549999952316284,1.7549999952316284,1.75,1.7549999952316284,1896,0.0,0.0
2026-04-07 14:39:00-04:00,1.75,1.7549999952316284,1.75,1.7549999952316284,2326,0.0,0.0
2026-04-07 14:40:00-04:00,1.75,1.7549999952316284,1.75,1.753499984741211,1569,0.0,0.0
2026-04-07 14:41:00-04:00,1.75,1.75,1.7450000047683716,1.7450000047683716,23958,0.0,0.0
2026-04-07 14:43:00-04:00,1.7450000047683716,1.75,1.7450000047683716,1.75,2063,0.0,0.0
2026-04-07 14:44:00-04:00,1.75,1.75,1.7403000593185425,1.75,3017,0.0,0.0
2026-04-07 14:45:00-04:00,1.75,1.75,1.75,1.75,828,0.0,0.0
2026-04-07 14:46:00-04:00,1.7450000047683716,1.7450000047683716,1.7450000047683716,1.7450000047683716,1005,0.0,0.0
2026-04-07 14:47:00-04:00,1.75,1.75,1.7489999532699585,1.75,21291,0.0,0.0
2026-04-07 14:48:00-04:00,1.7549999952316284,1.7599999904632568,1.7549999952316284,1.7599999904632568,7905,0.0,0.0
2026-04-07 14:49:00-04:00,1.7599999904632568,1.7599999904632568,1.7549999952316284,1.7549999952316284,6765,0.0,0.0
2026-04-07 14:51:00-04:00,1.7599999904632568,1.7599999904632568,1.7599999904632568,1.7599999904632568,316,0.0,0.0
2026-04-07 14:52:00-04:00,1.7549999952316284,1.7549999952316284,1.7549999952316284,1.7549999952316284,5834,0.0,0.0
2026-04-07 14:53:00-04:00,1.7599999904632568,1.7599999904632568,1.7599999904632568,1.7599999904632568,234,0.0,0.0
2026-04-07 14:54:00-04:00,1.7502000331878662,1.7502000331878662,1.7502000331878662,1.7502000331878662,945,0.0,0.0
2026-04-07 14:55:00-04:00,1.7549999952316284,1.7549999952316284,1.7549999952316284,1.7549999952316284,1325,0.0,0.0
2026-04-07 14:56:00-04:00,1.7549999952316284,1.7599999904632568,1.7549999952316284,1.7549999952316284,5375,0.0,0.0
2026-04-07 14:57:00-04:00,1.7599999904632568,1.7599999904632568,1.7599999904632568,1.7599999904632568,1535,0.0,0.0
2026-04-07 14:58:00-04:00,1.7589999437332153,1.7699999809265137,1.7589999437332153,1.7699999809265137,177543,0.0,0.0
2026-04-07 14:59:00-04:00,1.7649999856948853,1.7699999809265137,1.7610000371932983,1.7699999809265137,3543,0.0,0.0
2026-04-07 15:00:00-04:00,1.7698999643325806,1.7698999643325806,1.7698999643325806,1.7698999643325806,1167,0.0,0.0
2026-04-07 15:01:00-04:00,1.7699999809265137,1.7699999809265137,1.7649999856948853,1.7649999856948853,3908,0.0,0.0
2026-04-07 15:02:00-04:00,1.7649999856948853,1.7699999809265137,1.7649999856948853,1.7690000534057617,2279,0.0,0.0
2026-04-07 15:03:00-04:00,1.7699999809265137,1.7699999809265137,1.7649999856948853,1.7649999856948853,640,0.0,0.0
2026-04-07 15:04:00-04:00,1.7649999856948853,1.7698999643325806,1.7599999904632568,1.7599999904632568,17107,0.0,0.0
2026-04-07 15:05:00-04:00,1.7599999904632568,1.7699999809265137,1.7549999952316284,1.7549999952316284,19558,0.0,0.0
2026-04-07 15:06:00-04:00,1.7549999952316284,1.7549999952316284,1.7549999952316284,1.7549999952316284,610,0.0,0.0
2026-04-07 15:07:00-04:00,1.7549999952316284,1.7549999952316284,1.7549999952316284,1.7549999952316284,906,0.0,0.0
2026-04-07 15:08:00-04:00,1.75,1.7649999856948853,1.75,1.7599999904632568,19368,0.0,0.0
2026-04-07 15:09:00-04:00,1.7549999952316284,1.7549999952316284,1.7549999952316284,1.7549999952316284,1223,0.0,0.0
2026-04-07 15:10:00-04:00,1.7549999952316284,1.7599999904632568,1.7549999952316284,1.7599999904632568,11408,0.0,0.0
2026-04-07 15:11:00-04:00,1.7549999952316284,1.7549999952316284,1.750100016593933,1.750100016593933,758,0.0,0.0
2026-04-07 15:12:00-04:00,1.7549999952316284,1.7549999952316284,1.7549999952316284,1.7549999952316284,2963,0.0,0.0
2026-04-07 15:13:00-04:00,1.7510000467300415,1.7581000328063965,1.7510000467300415,1.7553000450134277,4196,0.0,0.0
2026-04-07 15:14:00-04:00,1.7549999952316284,1.7549999952316284,1.7502000331878662,1.7502000331878662,6299,0.0,0.0
2026-04-07 15:15:00-04:00,1.7549999952316284,1.7549999952316284,1.75,1.75,8123,0.0,0.0
2026-04-07 15:16:00-04:00,1.7549999952316284,1.7549999952316284,1.7549999952316284,1.7549999952316284,1339,0.0,0.0
2026-04-07 15:17:00-04:00,1.7549999952316284,1.7599999904632568,1.7549999952316284,1.7599999904632568,9501,0.0,0.0
2026-04-07 15:18:00-04:00,1.7599999904632568,1.7599999904632568,1.7599999904632568,1.7599999904632568,5441,0.0,0.0
2026-04-07 15:19:00-04:00,1.7699999809265137,1.774999976158142,1.7699999809265137,1.774999976158142,21356,0.0,0.0
2026-04-07 15:20:00-04:00,1.774999976158142,1.788699984550476,1.774999976158142,1.7799999713897705,7631,0.0,0.0
2026-04-07 15:21:00-04:00,1.784999966621399,1.784999966621399,1.7799999713897705,1.7799999713897705,5005,0.0,0.0
2026-04-07 15:22:00-04:00,1.784999966621399,1.7899999618530273,1.7799999713897705,1.784999966621399,8740,0.0,0.0
2026-04-07 15:23:00-04:00,1.7800999879837036,1.784999966621399,1.774999976158142,1.774999976158142,14367,0.0,0.0
2026-04-07 15:24:00-04:00,1.774999976158142,1.774999976158142,1.774999976158142,1.774999976158142,984,0.0,0.0
2026-04-07 15:25:00-04:00,1.774999976158142,1.774999976158142,1.774999976158142,1.774999976158142,2964,0.0,0.0
2026-04-07 15:26:00-04:00,1.7699999809265137,1.7699999809265137,1.7699999809265137,1.7699999809265137,4721,0.0,0.0
2026-04-07 15:27:00-04:00,1.774999976158142,1.7798999547958374,1.7721999883651733,1.7798999547958374,12235,0.0,0.0
2026-04-07 15:28:00-04:00,1.7732000350952148,1.774999976158142,1.7732000350952148,1.774999976158142,3143,0.0,0.0
2026-04-07 15:29:00-04:00,1.7699999809265137,1.7699999809265137,1.7699999809265137,1.7699999809265137,5248,0.0,0.0
2026-04-07 15:30:00-04:00,1.7700999975204468,1.774999976158142,1.7700999975204468,1.774999976158142,337,0.0,0.0
2026-04-07 15:31:00-04:00,1.7700999975204468,1.7700999975204468,1.7649999856948853,1.7649999856948853,32999,0.0,0.0
2026-04-07 15:32:00-04:00,1.7649999856948853,1.7699999809265137,1.7599999904632568,1.7599999904632568,26899,0.0,0.0
2026-04-07 15:33:00-04:00,1.7657999992370605,1.7657999992370605,1.7649999856948853,1.7649999856948853,1420,0.0,0.0
2026-04-07 15:34:00-04:00,1.7649999856948853,1.7649999856948853,1.7649999856948853,1.7649999856948853,1125,0.0,0.0
2026-04-07 15:35:00-04:00,1.7649999856948853,1.7649999856948853,1.7549999952316284,1.7599999904632568,17660,0.0,0.0
2026-04-07 15:36:00-04:00,1.7549999952316284,1.7549999952316284,1.7549999952316284,1.7549999952316284,633,0.0,0.0
2026-04-07 15:37:00-04:00,1.7549999952316284,1.7599999904632568,1.7549999952316284,1.7549999952316284,26354,0.0,0.0
2026-04-07 15:38:00-04:00,1.7549999952316284,1.7549999952316284,1.7549999952316284,1.7549999952316284,1122,0.0,0.0
2026-04-07 15:39:00-04:00,1.7549999952316284,1.7598999738693237,1.7503000497817993,1.7598999738693237,10125,0.0,0.0
2026-04-07 15:40:00-04:00,1.7549999952316284,1.7549999952316284,1.7549999952316284,1.7549999952316284,2717,0.0,0.0
2026-04-07 15:41:00-04:00,1.7549999952316284,1.7549999952316284,1.7549999952316284,1.7549999952316284,282,0.0,0.0
2026-04-07 15:42:00-04:00,1.750100016593933,1.750100016593933,1.750100016593933,1.750100016593933,5458,0.0,0.0
2026-04-07 15:43:00-04:00,1.7599999904632568,1.7599999904632568,1.7549999952316284,1.7549999952316284,2116,0.0,0.0
2026-04-07 15:44:00-04:00,1.7549999952316284,1.7599999904632568,1.7549999952316284,1.7549999952316284,25400,0.0,0.0
2026-04-07 15:45:00-04:00,1.75,1.7599999904632568,1.75,1.7549999952316284,88040,0.0,0.0
2026-04-07 15:46:00-04:00,1.7549999952316284,1.7599999904632568,1.75,1.75,3687,0.0,0.0
2026-04-07 15:47:00-04:00,1.75,1.7549999952316284,1.75,1.7549999952316284,7039,0.0,0.0
2026-04-07 15:48:00-04:00,1.7549999952316284,1.7549999952316284,1.7502000331878662,1.7502000331878662,22501,0.0,0.0
2026-04-07 15:49:00-04:00,1.7549999952316284,1.7549999952316284,1.7450000047683716,1.7450000047683716,231774,0.0,0.0
2026-04-07 15:50:00-04:00,1.75,1.75,1.7450000047683716,1.7450000047683716,15817,0.0,0.0
2026-04-07 15:51:00-04:00,1.7401000261306763,1.7549999952316284,1.7401000261306763,1.7549999952316284,39146,0.0,0.0
2026-04-07 15:52:00-04:00,1.7549999952316284,1.7549999952316284,1.75,1.75,3196,0.0,0.0
2026-04-07 15:53:00-04:00,1.7549999952316284,1.7549999952316284,1.75,1.75,55746,0.0,0.0
2026-04-07 15:54:00-04:00,1.75,1.7549999952316284,1.7450000047683716,1.7450000047683716,59971,0.0,0.0
2026-04-07 15:55:00-04:00,1.7450000047683716,1.7549999952316284,1.7450000047683716,1.7549999952316284,44986,0.0,0.0
2026-04-07 15:56:00-04:00,1.7549999952316284,1.7594000101089478,1.750100016593933,1.7549999952316284,13652,0.0,0.0
2026-04-07 15:57:00-04:00,1.7549999952316284,1.7589999437332153,1.753499984741211,1.7549999952316284,26554,0.0,0.0
2026-04-07 15:58:00-04:00,1.7549999952316284,1.7599999904632568,1.7450000047683716,1.7549999952316284,127877,0.0,0.0
2026-04-07 15:59:00-04:00,1.7549999952316284,1.7549999952316284,1.7401000261306763,1.7450000047683716,142112,0.0,0.0
2026-04-08 09:30:00-04:00,1.8600000143051147,1.9199999570846558,1.8600000143051147,1.899999976158142,576729,0.0,0.0
2026-04-08 09:31:00-04:00,1.8949999809265137,1.8949999809265137,1.8799999952316284,1.8799999952316284,19762,0.0,0.0
2026-04-08 09:32:00-04:00,1.8849999904632568,1.8899999856948853,1.8799999952316284,1.8799999952316284,10930,0.0,0.0
2026-04-08 09:33:00-04:00,1.8799999952316284,1.8849999904632568,1.8700000047683716,1.8700000047683716,95779,0.0,0.0
2026-04-08 09:34:00-04:00,1.8700000047683716,1.8700000047683716,1.8600000143051147,1.8696999549865723,20867,0.0,0.0
2026-04-08 09:35:00-04:00,1.8650000095367432,1.8650000095367432,1.850000023841858,1.8550000190734863,45604,0.0,0.0
2026-04-08 09:36:00-04:00,1.8598999977111816,1.8598999977111816,1.850000023841858,1.8550000190734863,46585,0.0,0.0
2026-04-08 09:37:00-04:00,1.8600000143051147,1.8700000047683716,1.8600000143051147,1.8650000095367432,66696,0.0,0.0
2026-04-08 09:38:00-04:00,1.8600000143051147,1.8600000143051147,1.8600000143051147,1.8600000143051147,5108,0.0,0.0
2026-04-08 09:39:00-04:00,1.8600000143051147,1.8600000143051147,1.8550000190734863,1.8600000143051147,93306,0.0,0.0
2026-04-08 09:40:00-04:00,1.8600000143051147,1.8650000095367432,1.850000023841858,1.8650000095367432,0,0.0,0.0
2026-04-08 09:41:00-04:00,1.8609999418258667,1.8698999881744385,1.8600000143051147,1.8600000143051147,5057,0.0,0.0
2026-04-08 09:42:00-04:00,1.857200026512146,1.8598999977111816,1.840000033378601,1.8450000286102295,24956,0.0,0.0
2026-04-08 09:43:00-04:00,1.8485000133514404,1.8499000072479248,1.8485000133514404,1.8499000072479248,1310,0.0,0.0
2026-04-08 09:44:00-04:00,1.840000033378601,1.8550000190734863,1.840000033378601,1.8509999513626099,32767,0.0,0.0
2026-04-08 09:45:00-04:00,1.8550000190734863,1.8600000143051147,1.8550000190734863,1.8550000190734863,28149,0.0,0.0
2026-04-08 09:46:00-04:00,1.8600000143051147,1.8600000143051147,1.850000023841858,1.8550000190734863,36459,0.0,0.0
2026-04-08 09:47:00-04:00,1.8600000143051147,1.8600000143051147,1.8600000143051147,1.8600000143051147,11744,0.0,0.0
2026-04-08 09:48:00-04:00,1.8650000095367432,1.8688000440597534,1.8601000308990479,1.8650000095367432,11534,0.0,0.0
2026-04-08 09:49:00-04:00,1.8650000095367432,1.8799999952316284,1.8600000143051147,1.8701000213623047,38996,0.0,0.0
2026-04-08 09:50:00-04:00,1.8700000047683716,1.8700000047683716,1.8619999885559082,1.8698999881744385,5309,0.0,0.0
2026-04-08 09:51:00-04:00,1.8600000143051147,1.8650000095367432,1.8588999509811401,1.8600000143051147,36938,0.0,0.0
2026-04-08 09:52:00-04:00,1.8601000308990479,1.8609999418258667,1.850000023841858,1.8600000143051147,24649,0.0,0.0
2026-04-08 09:53:00-04:00,1.8532999753952026,1.8650000095367432,1.8532999753952026,1.8650000095367432,1990,0.0,0.0
2026-04-08 09:54:00-04:00,1.8698999881744385,1.8698999881744385,1.8600000143051147,1.8600000143051147,2055,0.0,0.0
2026-04-08 09:55:00-04:00,1.8650000095367432,1.8700000047683716,1.8650000095367432,1.8700000047683716,11423,0.0,0.0
2026-04-08 09:56:00-04:00,1.8650000095367432,1.8698999881744385,1.8600000143051147,1.8650000095367432,2559,0.0,0.0
2026-04-08 09:57:00-04:00,1.8650000095367432,1.8650000095367432,1.8650000095367432,1.8650000095367432,1865,0.0,0.0
2026-04-08 09:58:00-04:00,1.8650000095367432,1.8700000047683716,1.8600000143051147,1.8650000095367432,34925,0.0,0.0
2026-04-08 09:59:00-04:00,1.8650000095367432,1.8799999952316284,1.8650000095367432,1.875,67319,0.0,0.0
2026-04-08 10:00:00-04:00,1.875,1.8799999952316284,1.874500036239624,1.8799999952316284,7474,0.0,0.0
2026-04-08 10:01:00-04:00,1.875,1.8799999952316284,1.8700000047683716,1.875,7835,0.0,0.0
2026-04-08 10:02:00-04:00,1.8700000047683716,1.8700000047683716,1.8600000143051147,1.8650000095367432,15656,0.0,0.0
2026-04-08 10:03:00-04:00,1.8700000047683716,1.8700000047683716,1.8601000308990479,1.8700000047683716,870,0.0,0.0
2026-04-08 10:04:00-04:00,1.8700000047683716,1.8700000047683716,1.8600000143051147,1.8600000143051147,6544,0.0,0.0
2026-04-08 10:06:00-04:00,1.8700000047683716,1.8700000047683716,1.8600000143051147,1.8600000143051147,3244,0.0,0.0
2026-04-08 10:08:00-04:00,1.8650000095367432,1.8650000095367432,1.8600000143051147,1.8600000143051147,11164,0.0,0.0
2026-04-08 10:09:00-04:00,1.8550000190734863,1.8598999977111816,1.8550000190734863,1.8598999977111816,728,0.0,0.0
2026-04-08 10:10:00-04:00,1.8586000204086304,1.8586000204086304,1.850000023841858,1.850000023841858,3359,0.0,0.0
2026-04-08 10:11:00-04:00,1.8514000177383423,1.8550000190734863,1.850000023841858,1.8550000190734863,5637,0.0,0.0
2026-04-08 10:12:00-04:00,1.8597999811172485,1.8650000095367432,1.8550000190734863,1.8600000143051147,13493,0.0,0.0
2026-04-08 10:13:00-04:00,1.8650000095367432,1.8700000047683716,1.8650000095367432,1.8700000047683716,8705,0.0,0.0
2026-04-08 10:14:00-04:00,1.86899995803833,1.878000020980835,1.86899995803833,1.878000020980835,4285,0.0,0.0
2026-04-08 10:15:00-04:00,1.8701000213623047,1.8712999820709229,1.8650000095367432,1.8650000095367432,9475,0.0,0.0
2026-04-08 10:16:00-04:00,1.8650000095367432,1.8700000047683716,1.8650000095367432,1.8700000047683716,5519,0.0,0.0
2026-04-08 10:17:00-04:00,1.8700000047683716,1.8700000047683716,1.8700000047683716,1.8700000047683716,1292,0.0,0.0
2026-04-08 10:19:00-04:00,1.8650000095367432,1.8698999881744385,1.8650000095367432,1.8650000095367432,2321,0.0,0.0
2026-04-08 10:20:00-04:00,1.8650000095367432,1.8700000047683716,1.8650000095367432,1.8650000095367432,2259,0.0,0.0
2026-04-08 10:21:00-04:00,1.8600000143051147,1.8650000095367432,1.8550000190734863,1.8600000143051147,11591,0.0,0.0
2026-04-08 10:22:00-04:00,1.8600000143051147,1.8650000095367432,1.8600000143051147,1.8650000095367432,2908,0.0,0.0
2026-04-08 10:23:00-04:00,1.8650000095367432,1.8650000095367432,1.8650000095367432,1.8650000095367432,669,0.0,0.0
2026-04-08 10:24:00-04:00,1.8700000047683716,1.8700000047683716,1.8650000095367432,1.8650000095367432,2462,0.0,0.0
2026-04-08 10:25:00-04:00,1.8650000095367432,1.8650000095367432,1.8600000143051147,1.8650000095367432,11374,0.0,0.0
2026-04-08 10:26:00-04:00,1.8650000095367432,1.8700000047683716,1.8600000143051147,1.8700000047683716,8485,0.0,0.0
2026-04-08 10:27:00-04:00,1.8698999881744385,1.8698999881744385,1.8650000095367432,1.8650000095367432,1199,0.0,0.0
2026-04-08 10:28:00-04:00,1.8610999584197998,1.8700000047683716,1.8600000143051147,1.8650000095367432,1242,0.0,0.0
2026-04-08 10:29:00-04:00,1.8650000095367432,1.8650000095367432,1.8650000095367432,1.8650000095367432,758,0.0,0.0
2026-04-08 10:30:00-04:00,1.8650000095367432,1.8700000047683716,1.8650000095367432,1.8650000095367432,1133,0.0,0.0
2026-04-08 10:31:00-04:00,1.8600000143051147,1.8698999881744385,1.8600000143051147,1.8650000095367432,3645,0.0,0.0
2026-04-08 10:32:00-04:00,1.8700000047683716,1.8700000047683716,1.8650000095367432,1.8650000095367432,1038,0.0,0.0
2026-04-08 10:33:00-04:00,1.8650000095367432,1.8681000471115112,1.860200047492981,1.8681000471115112,1766,0.0,0.0
2026-04-08 10:34:00-04:00,1.8650000095367432,1.8650000095367432,1.8600000143051147,1.8650000095367432,25052,0.0,0.0
2026-04-08 10:35:00-04:00,1.8700000047683716,1.8700000047683716,1.8700000047683716,1.8700000047683716,1011,0.0,0.0
2026-04-08 10:36:00-04:00,1.8650000095367432,1.8650000095367432,1.8602999448776245,1.8602999448776245,619,0.0,0.0
2026-04-08 10:37:00-04:00,1.8700000047683716,1.8700000047683716,1.8650000095367432,1.8700000047683716,10881,0.0,0.0
2026-04-08 10:38:00-04:00,1.8650000095367432,1.8799999952316284,1.8650000095367432,1.8650000095367432,19025,0.0,0.0
2026-04-08 10:40:00-04:00,1.8700000047683716,1.8700000047683716,1.8700000047683716,1.8700000047683716,942,0.0,0.0
2026-04-08 10:41:00-04:00,1.8650000095367432,1.8700000047683716,1.8602999448776245,1.8698999881744385,31031,0.0,0.0
2026-04-08 10:42:00-04:00,1.8609999418258667,1.8700000047683716,1.8609999418258667,1.8650000095367432,15878,0.0,0.0
2026-04-08 10:43:00-04:00,1.8700000047683716,1.8700000047683716,1.8601000308990479,1.8601000308990479,4708,0.0,0.0
2026-04-08 10:44:00-04:00,1.8700000047683716,1.8700000047683716,1.8700000047683716,1.8700000047683716,3836,0.0,0.0
2026-04-08 10:45:00-04:00,1.8700000047683716,1.8700000047683716,1.8650000095367432,1.8700000047683716,3859,0.0,0.0
2026-04-08 10:46:00-04:00,1.8650000095367432,1.875,1.8650000095367432,1.8698999881744385,22101,0.0,0.0
2026-04-08 10:47:00-04:00,1.8650000095367432,1.8700000047683716,1.8650000095367432,1.8700000047683716,1138,0.0,0.0
2026-04-08 10:48:00-04:00,1.8700000047683716,1.8700000047683716,1.8650000095367432,1.8650000095367432,8820,0.0,0.0
2026-04-08 10:49:00-04:00,1.8600000143051147,1.8700000047683716,1.8600000143051147,1.8650000095367432,11420,0.0,0.0
2026-04-08 10:51:00-04:00,1.8700000047683716,1.8700000047683716,1.8600000143051147,1.8650000095367432,14009,0.0,0.0
2026-04-08 10:52:00-04:00,1.8600000143051147,1.8680000305175781,1.8580000400543213,1.8600000143051147,31882,0.0,0.0
2026-04-08 10:53:00-04:00,1.8601000308990479,1.8634999990463257,1.8601000308990479,1.8634999990463257,5980,0.0,0.0
2026-04-08 10:54:00-04:00,1.8650000095367432,1.8650000095367432,1.8600000143051147,1.8650000095367432,5423,0.0,0.0
2026-04-08 10:55:00-04:00,1.8650000095367432,1.8650000095367432,1.8550000190734863,1.8550000190734863,29016,0.0,0.0
2026-04-08 10:56:00-04:00,1.8550000190734863,1.8550000190734863,1.8450000286102295,1.8450000286102295,7057,0.0,0.0
2026-04-08 10:57:00-04:00,1.841599941253662,1.850000023841858,1.841599941253662,1.8450000286102295,8109,0.0,0.0
2026-04-08 10:58:00-04:00,1.850000023841858,1.8600000143051147,1.850000023841858,1.8600000143051147,5655,0.0,0.0
2026-04-08 10:59:00-04:00,1.8550000190734863,1.8600000143051147,1.850000023841858,1.850000023841858,2808,0.0,0.0
2026-04-08 11:00:00-04:00,1.8550000190734863,1.8600000143051147,1.8524999618530273,1.8524999618530273,10782,0.0,0.0
2026-04-08 11:01:00-04:00,1.8559999465942383,1.8559999465942383,1.8559999465942383,1.8559999465942383,3634,0.0,0.0
2026-04-08 11:02:00-04:00,1.8550000190734863,1.8600000143051147,1.850000023841858,1.850000023841858,10548,0.0,0.0
2026-04-08 11:03:00-04:00,1.850000023841858,1.8650000095367432,1.850000023841858,1.8550000190734863,74724,0.0,0.0
2026-04-08 11:04:00-04:00,1.8600000143051147,1.8600000143051147,1.8550000190734863,1.8600000143051147,11541,0.0,0.0
2026-04-08 11:05:00-04:00,1.8600000143051147,1.8600000143051147,1.8598999977111816,1.8598999977111816,5832,0.0,0.0
2026-04-08 11:06:00-04:00,1.8600000143051147,1.8600000143051147,1.8550000190734863,1.8550000190734863,533,0.0,0.0
2026-04-08 11:07:00-04:00,1.8600000143051147,1.8650000095367432,1.8600000143051147,1.8600000143051147,8717,0.0,0.0
2026-04-08 11:08:00-04:00,1.8698999881744385,1.8698999881744385,1.8698999881744385,1.8698999881744385,346,0.0,0.0
2026-04-08 11:09:00-04:00,1.8650000095367432,1.8698999881744385,1.8600000143051147,1.8698999881744385,1325,0.0,0.0
2026-04-08 11:10:00-04:00,1.8650000095367432,1.8650000095367432,1.8600000143051147,1.8600000143051147,2080,0.0,0.0
2026-04-08 11:11:00-04:00,1.8650000095367432,1.8650000095367432,1.8600000143051147,1.8650000095367432,9725,0.0,0.0
2026-04-08 11:12:00-04:00,1.8600000143051147,1.8700000047683716,1.8600000143051147,1.8698999881744385,2992,0.0,0.0
2026-04-08 11:13:00-04:00,1.8650000095367432,1.8700000047683716,1.8650000095367432,1.8700000047683716,6449,0.0,0.0
2026-04-08 11:14:00-04:00,1.8650000095367432,1.8700000047683716,1.8650000095367432,1.8700000047683716,580,0.0,0.0
2026-04-08 11:15:00-04:00,1.8700000047683716,1.8700000047683716,1.8700000047683716,1.8700000047683716,693,0.0,0.0
2026-04-08 11:16:00-04:00,1.8650000095367432,1.875,1.8650000095367432,1.8700000047683716,7971,0.0,0.0
2026-04-08 11:17:00-04:00,1.875,1.8799999952316284,1.875,1.8758000135421753,2032,0.0,0.0
2026-04-08 11:18:00-04:00,1.8700000047683716,1.875,1.8700000047683716,1.875,7505,0.0,0.0
2026-04-08 11:19:00-04:00,1.871999979019165,1.8798999786376953,1.8700000047683716,1.8700000047683716,1886,0.0,0.0
2026-04-08 11:20:00-04:00,1.875,1.8799999952316284,1.875,1.875,1628,0.0,0.0
2026-04-08 11:21:00-04:00,1.8761999607086182,1.8799999952316284,1.875,1.875,1496,0.0,0.0
2026-04-08 11:22:00-04:00,1.8799999952316284,1.8799999952316284,1.8799999952316284,1.8799999952316284,977,0.0,0.0
2026-04-08 11:23:00-04:00,1.875,1.8849999904632568,1.875,1.8849999904632568,61743,0.0,0.0
2026-04-08 11:24:00-04:00,1.8849999904632568,1.8899999856948853,1.8799999952316284,1.8799999952316284,16856,0.0,0.0
2026-04-08 11:25:00-04:00,1.881100058555603,1.8899999856948853,1.8799999952316284,1.8799999952316284,3747,0.0,0.0
2026-04-08 11:26:00-04:00,1.8799999952316284,1.888700008392334,1.8799999952316284,1.888700008392334,1593,0.0,0.0
2026-04-08 11:27:00-04:00,1.8849999904632568,1.8849999904632568,1.8799999952316284,1.8849999904632568,9569,0.0,0.0
2026-04-08 11:28:00-04:00,1.8799999952316284,1.8849999904632568,1.8799999952316284,1.8849999904632568,2744,0.0,0.0
2026-04-08 11:29:00-04:00,1.8899999856948853,1.8899999856948853,1.8799999952316284,1.8799999952316284,1170,0.0,0.0
2026-04-08 11:30:00-04:00,1.8899999856948853,1.8899999856948853,1.8799999952316284,1.8898999691009521,5358,0.0,0.0
2026-04-08 11:31:00-04:00,1.8849999904632568,1.8890000581741333,1.8849999904632568,1.8849999904632568,4684,0.0,0.0
2026-04-08 11:32:00-04:00,1.8799999952316284,1.8849999904632568,1.8799999952316284,1.8849999904632568,5758,0.0,0.0
2026-04-08 11:33:00-04:00,1.8799999952316284,1.8849999904632568,1.8799999952316284,1.8849999904632568,5593,0.0,0.0
2026-04-08 11:34:00-04:00,1.8799999952316284,1.8899999856948853,1.8799999952316284,1.8849999904632568,8390,0.0,0.0
2026-04-08 11:35:00-04:00,1.8898999691009521,1.8899999856948853,1.8799999952316284,1.8899999856948853,34970,0.0,0.0
2026-04-08 11:36:00-04:00,1.8849999904632568,1.8899999856948853,1.8849999904632568,1.8899999856948853,8269,0.0,0.0
2026-04-08 11:37:00-04:00,1.8899999856948853,1.8899999856948853,1.8799999952316284,1.8799999952316284,30922,0.0,0.0
2026-04-08 11:38:00-04:00,1.8899999856948853,1.8899999856948853,1.8801000118255615,1.8801000118255615,24306,0.0,0.0
2026-04-08 11:39:00-04:00,1.8899999856948853,1.8899999856948853,1.8799999952316284,1.8849999904632568,8934,0.0,0.0
2026-04-08 11:40:00-04:00,1.8849999904632568,1.8849999904632568,1.8799999952316284,1.8849999904632568,54339,0.0,0.0
2026-04-08 11:41:00-04:00,1.8898999691009521,1.8949999809265137,1.8849999904632568,1.8949999809265137,20396,0.0,0.0
2026-04-08 11:42:00-04:00,1.8903000354766846,1.8949999809265137,1.8903000354766846,1.8949999809265137,4652,0.0,0.0
2026-04-08 11:43:00-04:00,1.8984999656677246,1.899899959564209,1.8966000080108643,1.899899959564209,10609,0.0,0.0
2026-04-08 11:44:00-04:00,1.8990000486373901,1.8990000486373901,1.8899999856948853,1.8899999856948853,0,0.0,0.0
2026-04-08 11:45:00-04:00,1.899999976158142,1.899999976158142,1.899999976158142,1.899999976158142,974,0.0,0.0
2026-04-08 11:46:00-04:00,1.8949999809265137,1.8949999809265137,1.8901000022888184,1.8901000022888184,478,0.0,0.0
2026-04-08 11:47:00-04:00,1.8899999856948853,1.899999976158142,1.8899999856948853,1.899999976158142,2376,0.0,0.0
2026-04-08 11:48:00-04:00,1.8949999809265137,1.8949999809265137,1.8899999856948853,1.8899999856948853,1824,0.0,0.0
2026-04-08 11:49:00-04:00,1.8899999856948853,1.8949999809265137,1.8899999856948853,1.8941999673843384,3226,0.0,0.0
2026-04-08 11:50:00-04:00,1.8961000442504883,1.899899959564209,1.8949999809265137,1.899899959564209,2184,0.0,0.0
2026-04-08 11:51:00-04:00,1.8949999809265137,1.8949999809265137,1.8899999856948853,1.8949999809265137,2649,0.0,0.0
2026-04-08 11:52:00-04:00,1.899899959564209,1.899899959564209,1.8949999809265137,1.8949999809265137,1120,0.0,0.0
2026-04-08 11:53:00-04:00,1.8949999809265137,1.8949999809265137,1.8901000022888184,1.8901000022888184,5143,0.0,0.0
2026-04-08 11:55:00-04:00,1.8949999809265137,1.899999976158142,1.8949999809265137,1.8949999809265137,5447,0.0,0.0
2026-04-08 11:56:00-04:00,1.8949999809265137,1.8949999809265137,1.8949999809265137,1.8949999809265137,1279,0.0,0.0
2026-04-08 11:57:00-04:00,1.8949999809265137,1.8949999809265137,1.8949999809265137,1.8949999809265137,1850,0.0,0.0
2026-04-08 11:58:00-04:00,1.8949999809265137,1.8949999809265137,1.8899999856948853,1.8899999856948853,30961,0.0,0.0
2026-04-08 11:59:00-04:00,1.8949999809265137,1.8949999809265137,1.8949999809265137,1.8949999809265137,1413,0.0,0.0
2026-04-08 12:00:00-04:00,1.898300051689148,1.899899959564209,1.8901000022888184,1.8901000022888184,14713,0.0,0.0
2026-04-08 12:01:00-04:00,1.8949999809265137,1.8949999809265137,1.8899999856948853,1.8899999856948853,1557,0.0,0.0
2026-04-08 12:02:00-04:00,1.8926000595092773,1.8926000595092773,1.8926000595092773,1.8926000595092773,1503,0.0,0.0
2026-04-08 12:03:00-04:00,1.899999976158142,1.899999976158142,1.899999976158142,1.899999976158142,800,0.0,0.0
2026-04-08 12:04:00-04:00,1.899899959564209,1.899899959564209,1.8899999856948853,1.8899999856948853,3092,0.0,0.0
2026-04-08 12:05:00-04:00,1.8899999856948853,1.8899999856948853,1.8899999856948853,1.8899999856948853,18599,0.0,0.0
2026-04-08 12:06:00-04:00,1.8933000564575195,1.8949999809265137,1.8899999856948853,1.8949999809265137,3099,0.0,0.0
2026-04-08 12:07:00-04:00,1.8949999809265137,1.8949999809265137,1.8949999809265137,1.8949999809265137,2071,0.0,0.0
2026-04-08 12:08:00-04:00,1.8949999809265137,1.8949999809265137,1.8899999856948853,1.8949999809265137,3347,0.0,0.0
2026-04-08 12:09:00-04:00,1.8949999809265137,1.8949999809265137,1.8949999809265137,1.8949999809265137,2282,0.0,0.0
2026-04-08 12:10:00-04:00,1.8949999809265137,1.899999976158142,1.8949999809265137,1.899999976158142,1531,0.0,0.0
2026-04-08 12:11:00-04:00,1.8901000022888184,1.8949999809265137,1.8901000022888184,1.8903000354766846,4634,0.0,0.0
2026-04-08 12:12:00-04:00,1.8949999809265137,1.8949999809265137,1.8899999856948853,1.8949999809265137,1442,0.0,0.0
2026-04-08 12:13:00-04:00,1.8899999856948853,1.8949999809265137,1.8899999856948853,1.8899999856948853,3079,0.0,0.0
2026-04-08 12:14:00-04:00,1.8949999809265137,1.8949999809265137,1.8949999809265137,1.8949999809265137,1450,0.0,0.0
2026-04-08 12:15:00-04:00,1.8899999856948853,1.8949999809265137,1.8899999856948853,1.8899999856948853,4247,0.0,0.0
2026-04-08 12:16:00-04:00,1.8903000354766846,1.8903000354766846,1.8899999856948853,1.8899999856948853,16212,0.0,0.0
2026-04-08 12:17:00-04:00,1.8899999856948853,1.8949999809265137,1.8849999904632568,1.8949999809265137,9492,0.0,0.0
2026-04-08 12:18:00-04:00,1.8905999660491943,1.899999976158142,1.8905999660491943,1.899999976158142,10172,0.0,0.0
2026-04-08 12:19:00-04:00,1.899899959564209,1.899899959564209,1.8949999809265137,1.8949999809265137,486,0.0,0.0
2026-04-08 12:20:00-04:00,1.8899999856948853,1.899999976158142,1.8899999856948853,1.8949999809265137,3023,0.0,0.0
2026-04-08 12:21:00-04:00,1.899899959564209,1.899999976158142,1.8949999809265137,1.8949999809265137,4763,0.0,0.0
2026-04-08 12:22:00-04:00,1.8949999809265137,1.899999976158142,1.8949999809265137,1.899999976158142,0,0.0,0.0
2026-04-08 12:23:00-04:00,1.899999976158142,1.899999976158142,1.8949999809265137,1.899999976158142,1463,0.0,0.0
2026-04-08 12:24:00-04:00,1.899999976158142,1.899999976158142,1.899899959564209,1.899899959564209,1461,0.0,0.0
2026-04-08 12:25:00-04:00,1.8901000022888184,1.898800015449524,1.8899999856948853,1.8899999856948853,4794,0.0,0.0
2026-04-08 12:26:00-04:00,1.8949999809265137,1.898800015449524,1.8949999809265137,1.898800015449524,2875,0.0,0.0
2026-04-08 12:27:00-04:00,1.899999976158142,1.899999976158142,1.899999976158142,1.899999976158142,499,0.0,0.0
2026-04-08 12:28:00-04:00,1.899899959564209,1.899999976158142,1.899899959564209,1.899999976158142,21376,0.0,0.0
2026-04-08 12:29:00-04:00,1.8949999809265137,1.8985999822616577,1.8899999856948853,1.8901000022888184,27539,0.0,0.0
2026-04-08 12:31:00-04:00,1.8899999856948853,1.8901000022888184,1.8899999856948853,1.8901000022888184,1082,0.0,0.0
2026-04-08 12:32:00-04:00,1.8949999809265137,1.8949999809265137,1.8949999809265137,1.8949999809265137,480,0.0,0.0
2026-04-08 12:33:00-04:00,1.899999976158142,1.9049999713897705,1.899899959564209,1.899999976158142,90678,0.0,0.0
2026-04-08 12:34:00-04:00,1.9040000438690186,1.9049999713897705,1.9040000438690186,1.9049999713897705,20614,0.0,0.0
2026-04-08 12:35:00-04:00,1.899999976158142,1.899999976158142,1.8949999809265137,1.8949999809265137,30352,0.0,0.0
2026-04-08 12:37:00-04:00,1.8949999809265137,1.899899959564209,1.8899999856948853,1.8899999856948853,5588,0.0,0.0
2026-04-08 12:38:00-04:00,1.8949999809265137,1.899999976158142,1.8949999809265137,1.8949999809265137,2074,0.0,0.0
2026-04-08 12:39:00-04:00,1.8949999809265137,1.8949999809265137,1.8899999856948853,1.8899999856948853,2172,0.0,0.0
2026-04-08 12:40:00-04:00,1.8901000022888184,1.909999966621399,1.8899999856948853,1.9049999713897705,24261,0.0,0.0
2026-04-08 12:41:00-04:00,1.899999976158142,1.9049999713897705,1.899999976158142,1.899999976158142,6071,0.0,0.0
2026-04-08 12:42:00-04:00,1.9006999731063843,1.9049999713897705,1.899999976158142,1.9049999713897705,11823,0.0,0.0
2026-04-08 12:43:00-04:00,1.9000999927520752,1.9076000452041626,1.9000999927520752,1.9076000452041626,5179,0.0,0.0
2026-04-08 12:44:00-04:00,1.9027999639511108,1.9027999639511108,1.899999976158142,1.899999976158142,1647,0.0,0.0
2026-04-08 12:45:00-04:00,1.899999976158142,1.9049999713897705,1.899999976158142,1.9049999713897705,10514,0.0,0.0
2026-04-08 12:46:00-04:00,1.899999976158142,1.899999976158142,1.899999976158142,1.899999976158142,6350,0.0,0.0
2026-04-08 12:47:00-04:00,1.9049999713897705,1.9049999713897705,1.9000999927520752,1.9049999713897705,3002,0.0,0.0
2026-04-08 12:48:00-04:00,1.899999976158142,1.9098999500274658,1.899999976158142,1.9098999500274658,16712,0.0,0.0
2026-04-08 12:49:00-04:00,1.9049999713897705,1.9049999713897705,1.899999976158142,1.899999976158142,994,0.0,0.0
2026-04-08 12:50:00-04:00,1.899999976158142,1.899999976158142,1.899999976158142,1.899999976158142,144,0.0,0.0
2026-04-08 12:51:00-04:00,1.899999976158142,1.9000999927520752,1.899999976158142,1.9000999927520752,12189,0.0,0.0
2026-04-08 12:52:00-04:00,1.899999976158142,1.9049999713897705,1.899999976158142,1.899999976158142,1424,0.0,0.0
2026-04-08 12:53:00-04:00,1.899999976158142,1.899999976158142,1.8899999856948853,1.8949999809265137,17522,0.0,0.0
2026-04-08 12:56:00-04:00,1.899999976158142,1.899999976158142,1.8911000490188599,1.8949999809265137,7498,0.0,0.0
2026-04-08 12:58:00-04:00,1.8949999809265137,1.8949999809265137,1.8949999809265137,1.8949999809265137,659,0.0,0.0
2026-04-08 12:59:00-04:00,1.8949999809265137,1.8949999809265137,1.8949999809265137,1.8949999809265137,745,0.0,0.0
2026-04-08 13:00:00-04:00,1.895799994468689,1.899999976158142,1.895799994468689,1.899999976158142,6858,0.0,0.0
2026-04-08 13:02:00-04:00,1.8973000049591064,1.8973000049591064,1.8973000049591064,1.8973000049591064,1786,0.0,0.0
2026-04-08 13:03:00-04:00,1.899999976158142,1.899999976158142,1.899899959564209,1.899899959564209,1049,0.0,0.0
2026-04-08 13:04:00-04:00,1.8949999809265137,1.8949999809265137,1.8949999809265137,1.8949999809265137,618,0.0,0.0
2026-04-08 13:05:00-04:00,1.8949999809265137,1.899999976158142,1.8799999952316284,1.8949999809265137,107162,0.0,0.0
2026-04-08 13:06:00-04:00,1.8849999904632568,1.8849999904632568,1.8849999904632568,1.8849999904632568,5293,0.0,0.0
2026-04-08 13:07:00-04:00,1.8799999952316284,1.8799999952316284,1.8799999952316284,1.8799999952316284,2381,0.0,0.0
2026-04-08 13:09:00-04:00,1.8802000284194946,1.8802000284194946,1.8802000284194946,1.8802000284194946,9662,0.0,0.0
2026-04-08 13:11:00-04:00,1.8799999952316284,1.889799952507019,1.8799999952316284,1.889799952507019,6693,0.0,0.0
2026-04-08 13:12:00-04:00,1.8849999904632568,1.8849999904632568,1.8849999904632568,1.8849999904632568,4997,0.0,0.0
2026-04-08 13:15:00-04:00,1.8849999904632568,1.8849999904632568,1.8849999904632568,1.8849999904632568,201,0.0,0.0
2026-04-08 13:16:00-04:00,1.8849999904632568,1.8849999904632568,1.8849999904632568,1.8849999904632568,1394,0.0,0.0
2026-04-08 13:17:00-04:00,1.8799999952316284,1.8849999904632568,1.8799999952316284,1.8849999904632568,3817,0.0,0.0
2026-04-08 13:18:00-04:00,1.8899999856948853,1.8899999856948853,1.8849999904632568,1.8849999904632568,6236,0.0,0.0
2026-04-08 13:19:00-04:00,1.8799999952316284,1.8801000118255615,1.8799999952316284,1.8801000118255615,1325,0.0,0.0
2026-04-08 13:20:00-04:00,1.8799999952316284,1.8801000118255615,1.8799999952316284,1.8799999952316284,16207,0.0,0.0
2026-04-08 13:21:00-04:00,1.875,1.8799999952316284,1.875,1.8799999952316284,370,0.0,0.0
2026-04-08 13:22:00-04:00,1.8799999952316284,1.8799999952316284,1.875,1.875,5327,0.0,0.0
2026-04-08 13:23:00-04:00,1.8799999952316284,1.8799999952316284,1.875,1.875,1408,0.0,0.0
2026-04-08 13:24:00-04:00,1.875,1.8799999952316284,1.8700000047683716,1.8799999952316284,52837,0.0,0.0
2026-04-08 13:25:00-04:00,1.875,1.875,1.875,1.875,206,0.0,0.0
2026-04-08 13:26:00-04:00,1.8799999952316284,1.8799999952316284,1.8700000047683716,1.8700000047683716,6290,0.0,0.0
2026-04-08 13:27:00-04:00,1.875,1.8799999952316284,1.875,1.875,1481,0.0,0.0
2026-04-08 13:28:00-04:00,1.8700000047683716,1.8799999952316284,1.8700000047683716,1.8799999952316284,3073,0.0,0.0
2026-04-08 13:29:00-04:00,1.8799999952316284,1.8799999952316284,1.8700000047683716,1.875,15735,0.0,0.0
2026-04-08 13:30:00-04:00,1.875,1.875,1.8700000047683716,1.875,19820,0.0,0.0
2026-04-08 13:31:00-04:00,1.875,1.8799999952316284,1.875,1.8799999952316284,1017,0.0,0.0
2026-04-08 13:32:00-04:00,1.8799999952316284,1.8799999952316284,1.871000051498413,1.871000051498413,5597,0.0,0.0
2026-04-08 13:33:00-04:00,1.8798999786376953,1.8799999952316284,1.8798999786376953,1.8799999952316284,602,0.0,0.0
2026-04-08 13:34:00-04:00,1.8799999952316284,1.8898999691009521,1.8799999952316284,1.8898999691009521,14867,0.0,0.0
2026-04-08 13:35:00-04:00,1.8799999952316284,1.8849999904632568,1.8799999952316284,1.8849999904632568,2224,0.0,0.0
2026-04-08 13:36:00-04:00,1.8849999904632568,1.8849999904632568,1.8849999904632568,1.8849999904632568,1710,0.0,0.0
2026-04-08 13:37:00-04:00,1.8799999952316284,1.8799999952316284,1.8700000047683716,1.8700000047683716,8753,0.0,0.0
2026-04-08 13:38:00-04:00,1.875,1.875,1.875,1.875,729,0.0,0.0
2026-04-08 13:40:00-04:00,1.875,1.875,1.875,1.875,274,0.0,0.0
2026-04-08 13:41:00-04:00,1.875,1.8799999952316284,1.8700000047683716,1.8799999952316284,953,0.0,0.0
2026-04-08 13:42:00-04:00,1.8799999952316284,1.8799999952316284,1.875,1.875,793,0.0,0.0
2026-04-08 13:43:00-04:00,1.875,1.8799999952316284,1.875,1.8799999952316284,1270,0.0,0.0
2026-04-08 13:44:00-04:00,1.8799999952316284,1.8799999952316284,1.8799999952316284,1.8799999952316284,2316,0.0,0.0
2026-04-08 13:45:00-04:00,1.8799999952316284,1.8799999952316284,1.8799999952316284,1.8799999952316284,720,0.0,0.0
2026-04-08 13:46:00-04:00,1.8799999952316284,1.8799999952316284,1.875,1.875,2942,0.0,0.0
2026-04-08 13:47:00-04:00,1.875,1.8798999786376953,1.875,1.8798999786376953,5934,0.0,0.0
2026-04-08 13:48:00-04:00,1.8799999952316284,1.8849999904632568,1.875,1.875,13415,0.0,0.0
2026-04-08 13:49:00-04:00,1.8799999952316284,1.8799999952316284,1.8799999952316284,1.8799999952316284,677,0.0,0.0
2026-04-08 13:52:00-04:00,1.8700000047683716,1.8799999952316284,1.8700000047683716,1.8799999952316284,6090,0.0,0.0
2026-04-08 13:53:00-04:00,1.8799999952316284,1.8799999952316284,1.878499984741211,1.8799999952316284,3987,0.0,0.0
2026-04-08 13:54:00-04:00,1.878600001335144,1.8799999952316284,1.875,1.8792999982833862,3091,0.0,0.0
2026-04-08 13:55:00-04:00,1.875,1.875,1.8701000213623047,1.8701000213623047,1620,0.0,0.0
2026-04-08 13:57:00-04:00,1.875,1.875,1.875,1.875,1686,0.0,0.0
2026-04-08 13:59:00-04:00,1.8799999952316284,1.8799999952316284,1.8799999952316284,1.8799999952316284,2259,0.0,0.0
2026-04-08 14:00:00-04:00,1.875,1.8799999952316284,1.875,1.875,1190,0.0,0.0
2026-04-08 14:01:00-04:00,1.875,1.8799999952316284,1.875,1.8799999952316284,1614,0.0,0.0
2026-04-08 14:02:00-04:00,1.8701000213623047,1.875,1.8701000213623047,1.875,855,0.0,0.0
2026-04-08 14:03:00-04:00,1.8787000179290771,1.8799999952316284,1.8787000179290771,1.8799999952316284,2314,0.0,0.0
2026-04-08 14:04:00-04:00,1.8799999952316284,1.8799999952316284,1.8799999952316284,1.8799999952316284,1044,0.0,0.0
2026-04-08 14:05:00-04:00,1.8799999952316284,1.8799999952316284,1.8799999952316284,1.8799999952316284,445,0.0,0.0
2026-04-08 14:06:00-04:00,1.8710999488830566,1.8799999952316284,1.8710999488830566,1.875,1357,0.0,0.0
2026-04-08 14:07:00-04:00,1.875,1.8799999952316284,1.875,1.875,1090,0.0,0.0
2026-04-08 14:08:00-04:00,1.875,1.875,1.875,1.875,1399,0.0,0.0
2026-04-08 14:09:00-04:00,1.875,1.8799999952316284,1.8701000213623047,1.875,1090,0.0,0.0
2026-04-08 14:10:00-04:00,1.875,1.875,1.875,1.875,1812,0.0,0.0
2026-04-08 14:11:00-04:00,1.8700000047683716,1.8700000047683716,1.8700000047683716,1.8700000047683716,153,0.0,0.0
2026-04-08 14:12:00-04:00,1.875,1.8799999952316284,1.875,1.8799999952316284,2064,0.0,0.0
2026-04-08 14:13:00-04:00,1.8700000047683716,1.8717000484466553,1.8650000095367432,1.8650000095367432,21232,0.0,0.0
2026-04-08 14:14:00-04:00,1.8700000047683716,1.8700000047683716,1.8700000047683716,1.8700000047683716,140,0.0,0.0
2026-04-08 14:15:00-04:00,1.8700000047683716,1.871500015258789,1.8700000047683716,1.8701000213623047,24114,0.0,0.0
2026-04-08 14:16:00-04:00,1.8791999816894531,1.8791999816894531,1.875,1.875,2080,0.0,0.0
2026-04-08 14:17:00-04:00,1.8701000213623047,1.875,1.8700000047683716,1.875,3081,0.0,0.0
2026-04-08 14:18:00-04:00,1.8700000047683716,1.875,1.8600000143051147,1.8600000143051147,13063,0.0,0.0
2026-04-08 14:19:00-04:00,1.8600000143051147,1.8650000095367432,1.8600000143051147,1.8650000095367432,24086,0.0,0.0
2026-04-08 14:20:00-04:00,1.8654999732971191,1.8654999732971191,1.8550000190734863,1.8550000190734863,14441,0.0,0.0
2026-04-08 14:21:00-04:00,1.8550000190734863,1.8595999479293823,1.8550000190734863,1.8550000190734863,5431,0.0,0.0
2026-04-08 14:22:00-04:00,1.8550000190734863,1.8600000143051147,1.8550000190734863,1.8550000190734863,9155,0.0,0.0
2026-04-08 14:24:00-04:00,1.850000023841858,1.850000023841858,1.850000023841858,1.850000023841858,2692,0.0,0.0
2026-04-08 14:25:00-04:00,1.8600000143051147,1.8650000095367432,1.8550000190734863,1.8600000143051147,15218,0.0,0.0
2026-04-08 14:26:00-04:00,1.8601000308990479,1.8601000308990479,1.850000023841858,1.8600000143051147,20370,0.0,0.0
2026-04-08 14:27:00-04:00,1.857699990272522,1.857699990272522,1.850000023841858,1.850000023841858,4278,0.0,0.0
2026-04-08 14:28:00-04:00,1.8598999977111816,1.8600000143051147,1.8550000190734863,1.8600000143051147,2097,0.0,0.0
2026-04-08 14:29:00-04:00,1.8600000143051147,1.8600000143051147,1.8600000143051147,1.8600000143051147,343,0.0,0.0
2026-04-08 14:30:00-04:00,1.8600000143051147,1.8600000143051147,1.850000023841858,1.8550000190734863,4333,0.0,0.0
2026-04-08 14:31:00-04:00,1.850000023841858,1.8600000143051147,1.850000023841858,1.8600000143051147,2260,0.0,0.0
2026-04-08 14:32:00-04:00,1.8600000143051147,1.8600000143051147,1.8550000190734863,1.8600000143051147,3406,0.0,0.0
2026-04-08 14:33:00-04:00,1.8600000143051147,1.8600000143051147,1.850000023841858,1.8600000143051147,1616,0.0,0.0
2026-04-08 14:35:00-04:00,1.850000023841858,1.850000023841858,1.850000023841858,1.850000023841858,2717,0.0,0.0
2026-04-08 14:37:00-04:00,1.8600000143051147,1.8600000143051147,1.8550000190734863,1.8550000190734863,22064,0.0,0.0
2026-04-08 14:38:00-04:00,1.8550000190734863,1.8550000190734863,1.8550000190734863,1.8550000190734863,1335,0.0,0.0
2026-04-08 14:39:00-04:00,1.8600000143051147,1.8600000143051147,1.850000023841858,1.8550000190734863,7044,0.0,0.0
2026-04-08 14:40:00-04:00,1.8532999753952026,1.8550000190734863,1.850100040435791,1.850100040435791,8088,0.0,0.0
2026-04-08 14:41:00-04:00,1.850100040435791,1.850100040435791,1.8450000286102295,1.850000023841858,31765,0.0,0.0
2026-04-08 14:42:00-04:00,1.8450000286102295,1.850000023841858,1.843500018119812,1.850000023841858,3026,0.0,0.0
2026-04-08 14:43:00-04:00,1.850000023841858,1.850000023841858,1.8450000286102295,1.8450000286102295,5614,0.0,0.0
2026-04-08 14:44:00-04:00,1.8401000499725342,1.850000023841858,1.8401000499725342,1.8450000286102295,3771,0.0,0.0
2026-04-08 14:45:00-04:00,1.8401000499725342,1.850000023841858,1.8401000499725342,1.850000023841858,13146,0.0,0.0
2026-04-08 14:46:00-04:00,1.850000023841858,1.850000023841858,1.850000023841858,1.850000023841858,1065,0.0,0.0
2026-04-08 14:47:00-04:00,1.850000023841858,1.850000023841858,1.8401000499725342,1.850000023841858,1643,0.0,0.0
2026-04-08 14:48:00-04:00,1.8401000499725342,1.850000023841858,1.8401000499725342,1.850000023841858,4378,0.0,0.0
2026-04-08 14:49:00-04:00,1.850000023841858,1.850000023841858,1.8450000286102295,1.850000023841858,4975,0.0,0.0
2026-04-08 14:51:00-04:00,1.850000023841858,1.850000023841858,1.8417999744415283,1.8417999744415283,242,0.0,0.0
2026-04-08 14:52:00-04:00,1.850000023841858,1.850000023841858,1.842900037765503,1.842900037765503,12564,0.0,0.0
2026-04-08 14:53:00-04:00,1.850000023841858,1.850000023841858,1.8411999940872192,1.8411999940872192,652,0.0,0.0
2026-04-08 14:54:00-04:00,1.850000023841858,1.850000023841858,1.8431999683380127,1.8431999683380127,1811,0.0,0.0
2026-04-08 14:55:00-04:00,1.850000023841858,1.850000023841858,1.850000023841858,1.850000023841858,1086,0.0,0.0
2026-04-08 14:56:00-04:00,1.850000023841858,1.850000023841858,1.840000033378601,1.840000033378601,4196,0.0,0.0
2026-04-08 14:57:00-04:00,1.850000023841858,1.850000023841858,1.8401000499725342,1.8450000286102295,765,0.0,0.0
2026-04-08 14:58:00-04:00,1.850000023841858,1.850000023841858,1.8450000286102295,1.8450000286102295,1006,0.0,0.0
2026-04-08 14:59:00-04:00,1.850000023841858,1.850000023841858,1.840000033378601,1.8450000286102295,7742,0.0,0.0
2026-04-08 15:00:00-04:00,1.8450000286102295,1.850000023841858,1.8450000286102295,1.8450000286102295,1460,0.0,0.0
2026-04-08 15:01:00-04:00,1.850000023841858,1.850000023841858,1.8450000286102295,1.850000023841858,1859,0.0,0.0
2026-04-08 15:02:00-04:00,1.850000023841858,1.850000023841858,1.840000033378601,1.850000023841858,3813,0.0,0.0
2026-04-08 15:03:00-04:00,1.8450000286102295,1.850000023841858,1.840000033378601,1.850000023841858,11440,0.0,0.0
2026-04-08 15:04:00-04:00,1.850000023841858,1.850000023841858,1.8450000286102295,1.850000023841858,1830,0.0,0.0
2026-04-08 15:05:00-04:00,1.850000023841858,1.850000023841858,1.8450000286102295,1.8499000072479248,8934,0.0,0.0
2026-04-08 15:06:00-04:00,1.850000023841858,1.850000023841858,1.8450000286102295,1.850000023841858,1141,0.0,0.0
2026-04-08 15:07:00-04:00,1.850000023841858,1.850000023841858,1.8450000286102295,1.850000023841858,15073,0.0,0.0
2026-04-08 15:08:00-04:00,1.850000023841858,1.850000023841858,1.8450000286102295,1.850000023841858,1877,0.0,0.0
2026-04-08 15:09:00-04:00,1.850000023841858,1.850000023841858,1.850000023841858,1.850000023841858,2460,0.0,0.0
2026-04-08 15:10:00-04:00,1.8401000499725342,1.850000023841858,1.8401000499725342,1.8450000286102295,17264,0.0,0.0
2026-04-08 15:11:00-04:00,1.850000023841858,1.8550000190734863,1.850000023841858,1.8550000190734863,19296,0.0,0.0
2026-04-08 15:12:00-04:00,1.8598999977111816,1.8598999977111816,1.8532999753952026,1.8535000085830688,10383,0.0,0.0
2026-04-08 15:13:00-04:00,1.8550000190734863,1.8557000160217285,1.8550000190734863,1.8550000190734863,5513,0.0,0.0
2026-04-08 15:14:00-04:00,1.8550000190734863,1.8598999977111816,1.8550000190734863,1.8550000190734863,1817,0.0,0.0
2026-04-08 15:15:00-04:00,1.8598999977111816,1.8600000143051147,1.8550000190734863,1.8550000190734863,1719,0.0,0.0
2026-04-08 15:16:00-04:00,1.8550000190734863,1.8550000190734863,1.850000023841858,1.850000023841858,1960,0.0,0.0
2026-04-08 15:17:00-04:00,1.8600000143051147,1.8600000143051147,1.8550000190734863,1.8600000143051147,7592,0.0,0.0
2026-04-08 15:18:00-04:00,1.850000023841858,1.8550000190734863,1.850000023841858,1.850000023841858,3538,0.0,0.0
2026-04-08 15:19:00-04:00,1.8600000143051147,1.8600000143051147,1.8600000143051147,1.8600000143051147,1017,0.0,0.0
2026-04-08 15:20:00-04:00,1.850000023841858,1.850100040435791,1.850000023841858,1.850100040435791,1326,0.0,0.0
2026-04-08 15:21:00-04:00,1.8550000190734863,1.8550000190734863,1.850000023841858,1.850000023841858,1746,0.0,0.0
2026-04-08 15:22:00-04:00,1.8600000143051147,1.8600000143051147,1.8600000143051147,1.8600000143051147,1434,0.0,0.0
2026-04-08 15:23:00-04:00,1.8550000190734863,1.8550000190734863,1.8550000190734863,1.8550000190734863,2739,0.0,0.0
2026-04-08 15:24:00-04:00,1.8550000190734863,1.8550000190734863,1.8550000190734863,1.8550000190734863,12509,0.0,0.0
2026-04-08 15:25:00-04:00,1.8550000190734863,1.8550000190734863,1.8550000190734863,1.8550000190734863,1602,0.0,0.0
2026-04-08 15:26:00-04:00,1.8600000143051147,1.8600000143051147,1.8600000143051147,1.8600000143051147,1676,0.0,0.0
2026-04-08 15:27:00-04:00,1.850000023841858,1.8600000143051147,1.850000023841858,1.8600000143051147,4018,0.0,0.0
2026-04-08 15:28:00-04:00,1.8600000143051147,1.8600000143051147,1.850000023841858,1.8600000143051147,4496,0.0,0.0
2026-04-08 15:29:00-04:00,1.8550000190734863,1.8550000190734863,1.850000023841858,1.850000023841858,4568,0.0,0.0
2026-04-08 15:30:00-04:00,1.8550000190734863,1.8600000143051147,1.850000023841858,1.850000023841858,10356,0.0,0.0
2026-04-08 15:32:00-04:00,1.8550000190734863,1.8550000190734863,1.851199984550476,1.8550000190734863,4695,0.0,0.0
2026-04-08 15:33:00-04:00,1.850100040435791,1.8600000143051147,1.850100040435791,1.8600000143051147,4646,0.0,0.0
2026-04-08 15:34:00-04:00,1.8600000143051147,1.8600000143051147,1.850000023841858,1.8550000190734863,2949,0.0,0.0
2026-04-08 15:35:00-04:00,1.8550000190734863,1.8600000143051147,1.850000023841858,1.8600000143051147,3165,0.0,0.0
2026-04-08 15:36:00-04:00,1.8550000190734863,1.8600000143051147,1.850000023841858,1.850000023841858,5360,0.0,0.0
2026-04-08 15:37:00-04:00,1.8600000143051147,1.8600000143051147,1.850000023841858,1.850000023841858,4361,0.0,0.0
2026-04-08 15:38:00-04:00,1.8600000143051147,1.8600000143051147,1.850000023841858,1.850000023841858,1933,0.0,0.0
2026-04-08 15:39:00-04:00,1.8600000143051147,1.8600000143051147,1.850000023841858,1.8550000190734863,3805,0.0,0.0
2026-04-08 15:40:00-04:00,1.8600000143051147,1.8600000143051147,1.8550000190734863,1.8600000143051147,2497,0.0,0.0
2026-04-08 15:41:00-04:00,1.8550000190734863,1.8600000143051147,1.850000023841858,1.8550000190734863,20938,0.0,0.0
2026-04-08 15:42:00-04:00,1.8600000143051147,1.8600000143051147,1.8550000190734863,1.8550000190734863,8872,0.0,0.0
2026-04-08 15:43:00-04:00,1.850000023841858,1.8600000143051147,1.850000023841858,1.8600000143051147,3914,0.0,0.0
2026-04-08 15:44:00-04:00,1.8600000143051147,1.8600000143051147,1.8550000190734863,1.8550000190734863,12774,0.0,0.0
2026-04-08 15:45:00-04:00,1.8550000190734863,1.8600000143051147,1.8550000190734863,1.8600000143051147,5306,0.0,0.0
2026-04-08 15:46:00-04:00,1.8550000190734863,1.8600000143051147,1.850000023841858,1.8600000143051147,3655,0.0,0.0
2026-04-08 15:47:00-04:00,1.8600000143051147,1.8600000143051147,1.850000023841858,1.8600000143051147,5295,0.0,0.0
2026-04-08 15:48:00-04:00,1.8600000143051147,1.8600000143051147,1.850000023841858,1.850000023841858,12170,0.0,0.0
2026-04-08 15:49:00-04:00,1.8550000190734863,1.8600000143051147,1.850000023841858,1.8600000143051147,10827,0.0,0.0
2026-04-08 15:50:00-04:00,1.850000023841858,1.8550000190734863,1.850000023841858,1.850000023841858,27757,0.0,0.0
2026-04-08 15:51:00-04:00,1.8550000190734863,1.8600000143051147,1.8550000190734863,1.8550000190734863,10800,0.0,0.0
2026-04-08 15:52:00-04:00,1.8550000190734863,1.8600000143051147,1.850100040435791,1.8550000190734863,20351,0.0,0.0
2026-04-08 15:53:00-04:00,1.8550000190734863,1.8700000047683716,1.8550000190734863,1.8700000047683716,88258,0.0,0.0
2026-04-08 15:54:00-04:00,1.8700000047683716,1.8799999952316284,1.8650000095367432,1.8701000213623047,30499,0.0,0.0
2026-04-08 15:55:00-04:00,1.8700000047683716,1.8700000047683716,1.8600000143051147,1.8650000095367432,43048,0.0,0.0
2026-04-08 15:56:00-04:00,1.8650000095367432,1.8650000095367432,1.8650000095367432,1.8650000095367432,16943,0.0,0.0
2026-04-08 15:57:00-04:00,1.8650000095367432,1.8650000095367432,1.8600000143051147,1.8650000095367432,12293,0.0,0.0
2026-04-08 15:58:00-04:00,1.8650000095367432,1.8700000047683716,1.8650000095367432,1.8700000047683716,67293,0.0,0.0
2026-04-08 15:59:00-04:00,1.8700000047683716,1.8799999952316284,1.8700000047683716,1.875,102494,0.0,0.0
2026-04-09 09:30:00-04:00,1.840000033378601,1.8600000143051147,1.840000033378601,1.8600000143051147,98830,0.0,0.0
2026-04-09 09:31:00-04:00,1.8600000143051147,1.875,1.8600000143051147,1.8600000143051147,33141,0.0,0.0
2026-04-09 09:32:00-04:00,1.8601000308990479,1.8795000314712524,1.8600000143051147,1.8600000143051147,35795,0.0,0.0
2026-04-09 09:33:00-04:00,1.8600000143051147,1.8600000143051147,1.8600000143051147,1.8600000143051147,4184,0.0,0.0
2026-04-09 09:34:00-04:00,1.8550000190734863,1.8550000190734863,1.850000023841858,1.850100040435791,2877,0.0,0.0
2026-04-09 09:35:00-04:00,1.8550000190734863,1.8693000078201294,1.850000023841858,1.8693000078201294,5539,0.0,0.0
2026-04-09 09:36:00-04:00,1.8600000143051147,1.8600000143051147,1.850000023841858,1.8550000190734863,11173,0.0,0.0
2026-04-09 09:37:00-04:00,1.8550000190734863,1.8600000143051147,1.8550000190734863,1.8600000143051147,8434,0.0,0.0
2026-04-09 09:38:00-04:00,1.8602999448776245,1.8602999448776245,1.8550000190734863,1.8550000190734863,3866,0.0,0.0
2026-04-09 09:39:00-04:00,1.8600000143051147,1.8600000143051147,1.8600000143051147,1.8600000143051147,2764,0.0,0.0
2026-04-09 09:40:00-04:00,1.8650000095367432,1.8650000095367432,1.8650000095367432,1.8650000095367432,450,0.0,0.0
2026-04-09 09:41:00-04:00,1.8700000047683716,1.8701000213623047,1.8600000143051147,1.8650000095367432,43286,0.0,0.0
2026-04-09 09:42:00-04:00,1.8650000095367432,1.8650000095367432,1.8650000095367432,1.8650000095367432,3255,0.0,0.0
2026-04-09 09:43:00-04:00,1.8698999881744385,1.8698999881744385,1.8698999881744385,1.8698999881744385,2488,0.0,0.0
2026-04-09 09:46:00-04:00,1.8700000047683716,1.8700000047683716,1.8650000095367432,1.8700000047683716,8878,0.0,0.0
2026-04-09 09:47:00-04:00,1.875,1.875,1.875,1.875,1062,0.0,0.0
2026-04-09 09:48:00-04:00,1.875,1.8899999856948853,1.8701000213623047,1.8849999904632568,22957,0.0,0.0
2026-04-09 09:49:00-04:00,1.8799999952316284,1.8949999809265137,1.8799999952316284,1.8901000022888184,23628,0.0,0.0
2026-04-09 09:50:00-04:00,1.8899999856948853,1.899999976158142,1.8899999856948853,1.8899999856948853,29576,0.0,0.0
2026-04-09 09:51:00-04:00,1.8949999809265137,1.899899959564209,1.8899999856948853,1.8899999856948853,11562,0.0,0.0
2026-04-09 09:52:00-04:00,1.8899999856948853,1.8949999809265137,1.8899999856948853,1.8942999839782715,6286,0.0,0.0
2026-04-09 09:53:00-04:00,1.8899999856948853,1.8949999809265137,1.8799999952316284,1.8899999856948853,32663,0.0,0.0
2026-04-09 09:54:00-04:00,1.8899999856948853,1.8899999856948853,1.8898999691009521,1.8898999691009521,4070,0.0,0.0
2026-04-09 09:55:00-04:00,1.8849999904632568,1.8997999429702759,1.8799999952316284,1.8997999429702759,8867,0.0,0.0
2026-04-09 09:57:00-04:00,1.899999976158142,1.899999976158142,1.8949999809265137,1.8997999429702759,5592,0.0,0.0
2026-04-09 09:58:00-04:00,1.899999976158142,1.899999976158142,1.899999976158142,1.899999976158142,67,0.0,0.0
2026-04-09 09:59:00-04:00,1.899899959564209,1.899899959564209,1.893399953842163,1.893399953842163,4112,0.0,0.0
2026-04-09 10:01:00-04:00,1.8949999809265137,1.9049999713897705,1.8899999856948853,1.9049999713897705,46733,0.0,0.0
2026-04-09 10:02:00-04:00,1.899999976158142,1.899999976158142,1.8901000022888184,1.8976000547409058,10723,0.0,0.0
2026-04-09 10:03:00-04:00,1.8949999809265137,1.8949999809265137,1.8949999809265137,1.8949999809265137,3191,0.0,0.0
2026-04-09 10:04:00-04:00,1.899999976158142,1.9049999713897705,1.8997000455856323,1.9049999713897705,13617,0.0,0.0
2026-04-09 10:05:00-04:00,1.9049999713897705,1.9049999713897705,1.9049999713897705,1.9049999713897705,2245,0.0,0.0
2026-04-09 10:06:00-04:00,1.9000999927520752,1.9098999500274658,1.9000999927520752,1.9049999713897705,11830,0.0,0.0
2026-04-09 10:08:00-04:00,1.9049999713897705,1.9098000526428223,1.899999976158142,1.9098000526428223,6119,0.0,0.0
2026-04-09 10:09:00-04:00,1.909999966621399,1.909999966621399,1.899999976158142,1.899999976158142,24147,0.0,0.0
2026-04-09 10:10:00-04:00,1.9049999713897705,1.9098999500274658,1.899999976158142,1.899999976158142,5953,0.0,0.0
2026-04-09 10:11:00-04:00,1.899999976158142,1.909999966621399,1.899999976158142,1.909999966621399,30640,0.0,0.0
2026-04-09 10:12:00-04:00,1.899999976158142,1.9049999713897705,1.899999976158142,1.899999976158142,9278,0.0,0.0
2026-04-09 10:13:00-04:00,1.9049999713897705,1.9049999713897705,1.899999976158142,1.899999976158142,1295,0.0,0.0
2026-04-09 10:14:00-04:00,1.899999976158142,1.899999976158142,1.899899959564209,1.899899959564209,15649,0.0,0.0
2026-04-09 10:15:00-04:00,1.899999976158142,1.909999966621399,1.8949999809265137,1.8949999809265137,16242,0.0,0.0
2026-04-09 10:17:00-04:00,1.8899999856948853,1.9049999713897705,1.8899999856948853,1.899999976158142,41280,0.0,0.0
2026-04-09 10:18:00-04:00,1.9049999713897705,1.9049999713897705,1.9049999713897705,1.9049999713897705,1217,0.0,0.0
2026-04-09 10:19:00-04:00,1.9049999713897705,1.909999966621399,1.9049999713897705,1.9049999713897705,3440,0.0,0.0
2026-04-09 10:20:00-04:00,1.899999976158142,1.909999966621399,1.899999976158142,1.909999966621399,3303,0.0,0.0
2026-04-09 10:21:00-04:00,1.909999966621399,1.909999966621399,1.9049999713897705,1.909999966621399,2575,0.0,0.0
2026-04-09 10:22:00-04:00,1.899999976158142,1.909999966621399,1.899999976158142,1.9049999713897705,35873,0.0,0.0
2026-04-09 10:23:00-04:00,1.9049999713897705,1.9198999404907227,1.9007999897003174,1.909999966621399,28513,0.0,0.0
2026-04-09 10:24:00-04:00,1.9198999404907227,1.9198999404907227,1.910099983215332,1.9103000164031982,2449,0.0,0.0
2026-04-09 10:25:00-04:00,1.9199999570846558,1.9199999570846558,1.9146000146865845,1.9146000146865845,787,0.0,0.0
2026-04-09 10:26:00-04:00,1.9149999618530273,1.9199999570846558,1.9049999713897705,1.9199999570846558,48029,0.0,0.0
2026-04-09 10:27:00-04:00,1.9149999618530273,1.9149999618530273,1.9149999618530273,1.9149999618530273,2124,0.0,0.0
2026-04-09 10:28:00-04:00,1.9199999570846558,1.9199999570846558,1.9149999618530273,1.9149999618530273,27456,0.0,0.0
2026-04-09 10:29:00-04:00,1.9149999618530273,1.9199999570846558,1.909999966621399,1.909999966621399,9232,0.0,0.0
2026-04-09 10:30:00-04:00,1.9149999618530273,1.9149999618530273,1.9149999618530273,1.9149999618530273,16001,0.0,0.0
2026-04-09 10:31:00-04:00,1.9149999618530273,1.9149999618530273,1.9149999618530273,1.9149999618530273,104,0.0,0.0
2026-04-09 10:32:00-04:00,1.9149999618530273,1.9149999618530273,1.909999966621399,1.9107999801635742,4831,0.0,0.0
2026-04-09 10:33:00-04:00,1.9149999618530273,1.9149999618530273,1.9149999618530273,1.9149999618530273,769,0.0,0.0
2026-04-09 10:34:00-04:00,1.9149999618530273,1.9149999618530273,1.9149999618530273,1.9149999618530273,15761,0.0,0.0
2026-04-09 10:35:00-04:00,1.919800043106079,1.919800043106079,1.909999966621399,1.909999966621399,3351,0.0,0.0
2026-04-09 10:36:00-04:00,1.9149999618530273,1.9149999618530273,1.909999966621399,1.909999966621399,2543,0.0,0.0
2026-04-09 10:37:00-04:00,1.9101999998092651,1.9101999998092651,1.910099983215332,1.910099983215332,8429,0.0,0.0
2026-04-09 10:38:00-04:00,1.909999966621399,1.9199999570846558,1.909999966621399,1.9199999570846558,9256,0.0,0.0
2026-04-09 10:39:00-04:00,1.9199999570846558,1.9278000593185425,1.9199999570846558,1.9278000593185425,29549,0.0,0.0
2026-04-09 10:40:00-04:00,1.9299999475479126,1.934999942779541,1.9249999523162842,1.934999942779541,79950,0.0,0.0
2026-04-09 10:41:00-04:00,1.940000057220459,1.940000057220459,1.9299999475479126,1.9299999475479126,682,0.0,0.0
2026-04-09 10:42:00-04:00,1.934999942779541,1.940000057220459,1.934999942779541,1.940000057220459,10316,0.0,0.0
2026-04-09 10:43:00-04:00,1.934999942779541,1.934999942779541,1.934999942779541,1.934999942779541,902,0.0,0.0
2026-04-09 10:44:00-04:00,1.934999942779541,1.934999942779541,1.9299999475479126,1.934999942779541,8519,0.0,0.0
2026-04-09 10:45:00-04:00,1.9299999475479126,1.940000057220459,1.9299999475479126,1.940000057220459,14078,0.0,0.0
2026-04-09 10:46:00-04:00,1.934999942779541,1.934999942779541,1.9299999475479126,1.9299999475479126,2846,0.0,0.0
2026-04-09 10:47:00-04:00,1.940000057220459,1.940000057220459,1.9299999475479126,1.934999942779541,9979,0.0,0.0
2026-04-09 10:48:00-04:00,1.9299999475479126,1.9299999475479126,1.9199999570846558,1.9199999570846558,82058,0.0,0.0
2026-04-09 10:49:00-04:00,1.929900050163269,1.929900050163269,1.9199999570846558,1.9199999570846558,12797,0.0,0.0
2026-04-09 10:50:00-04:00,1.9199999570846558,1.9290000200271606,1.9199999570846558,1.9290000200271606,1515,0.0,0.0
2026-04-09 10:51:00-04:00,1.9199999570846558,1.9199999570846558,1.9199999570846558,1.9199999570846558,2001,0.0,0.0
2026-04-09 10:52:00-04:00,1.9299999475479126,1.9299999475479126,1.9249999523162842,1.9299999475479126,1014,0.0,0.0
2026-04-09 10:53:00-04:00,1.9249999523162842,1.9249999523162842,1.9199999570846558,1.9199999570846558,686,0.0,0.0
2026-04-09 10:54:00-04:00,1.9249999523162842,1.9299999475479126,1.9249999523162842,1.9299999475479126,6030,0.0,0.0
2026-04-09 10:55:00-04:00,1.929900050163269,1.9299999475479126,1.9225000143051147,1.929900050163269,6149,0.0,0.0
2026-04-09 10:56:00-04:00,1.9292000532150269,1.9292000532150269,1.9199999570846558,1.9199999570846558,3813,0.0,0.0
2026-04-09 10:57:00-04:00,1.9249999523162842,1.9249999523162842,1.9249999523162842,1.9249999523162842,4798,0.0,0.0
2026-04-09 10:59:00-04:00,1.9299999475479126,1.9299999475479126,1.9299999475479126,1.9299999475479126,3919,0.0,0.0
2026-04-09 11:00:00-04:00,1.920199990272522,1.9249999523162842,1.9199999570846558,1.9249999523162842,3092,0.0,0.0
2026-04-09 11:01:00-04:00,1.9249999523162842,1.9249999523162842,1.9249999523162842,1.9249999523162842,1926,0.0,0.0
2026-04-09 11:02:00-04:00,1.9299999475479126,1.9299999475479126,1.9199999570846558,1.9299999475479126,13002,0.0,0.0
2026-04-09 11:04:00-04:00,1.9199999570846558,1.9199999570846558,1.909999966621399,1.9199999570846558,24208,0.0,0.0
2026-04-09 11:05:00-04:00,1.9149999618530273,1.9149999618530273,1.909999966621399,1.9149999618530273,2434,0.0,0.0
2026-04-09 11:06:00-04:00,1.9149999618530273,1.9149999618530273,1.9149999618530273,1.9149999618530273,586,0.0,0.0
2026-04-09 11:07:00-04:00,1.909999966621399,1.9149999618530273,1.9049999713897705,1.9049999713897705,22946,0.0,0.0
2026-04-09 11:08:00-04:00,1.9049999713897705,1.909999966621399,1.899999976158142,1.899999976158142,2718,0.0,0.0
2026-04-09 11:09:00-04:00,1.899999976158142,1.9049999713897705,1.899999976158142,1.9049999713897705,9045,0.0,0.0
2026-04-09 11:10:00-04:00,1.9000999927520752,1.9061000347137451,1.899999976158142,1.899999976158142,5917,0.0,0.0
2026-04-09 11:11:00-04:00,1.9098999500274658,1.9098999500274658,1.8899999856948853,1.8949999809265137,168100,0.0,0.0
2026-04-09 11:12:00-04:00,1.8960000276565552,1.8960000276565552,1.8949999809265137,1.8949999809265137,9311,0.0,0.0
2026-04-09 11:13:00-04:00,1.8901000022888184,1.899999976158142,1.8899999856948853,1.899999976158142,10403,0.0,0.0
2026-04-09 11:14:00-04:00,1.899999976158142,1.899999976158142,1.8914999961853027,1.8949999809265137,5302,0.0,0.0
2026-04-09 11:15:00-04:00,1.899999976158142,1.899999976158142,1.8949999809265137,1.899999976158142,6558,0.0,0.0
2026-04-09 11:16:00-04:00,1.9049999713897705,1.909999966621399,1.899999976158142,1.909999966621399,2144,0.0,0.0
2026-04-09 11:17:00-04:00,1.9049999713897705,1.9049999713897705,1.899999976158142,1.899999976158142,1610,0.0,0.0
2026-04-09 11:19:00-04:00,1.9049999713897705,1.9049999713897705,1.9049999713897705,1.9049999713897705,898,0.0,0.0
2026-04-09 11:20:00-04:00,1.9049999713897705,1.909999966621399,1.899999976158142,1.899999976158142,1964,0.0,0.0
2026-04-09 11:21:00-04:00,1.9098999500274658,1.909999966621399,1.9049999713897705,1.9049999713897705,2696,0.0,0.0
2026-04-09 11:22:00-04:00,1.909000039100647,1.909999966621399,1.9049999713897705,1.9049999713897705,4323,0.0,0.0
2026-04-09 11:23:00-04:00,1.899999976158142,1.9199999570846558,1.899999976158142,1.9199999570846558,18394,0.0,0.0
2026-04-09 11:24:00-04:00,1.9199999570846558,1.9199999570846558,1.9199999570846558,1.9199999570846558,5011,0.0,0.0
2026-04-09 11:25:00-04:00,1.9199999570846558,1.9199999570846558,1.9199999570846558,1.9199999570846558,245,0.0,0.0
2026-04-09 11:26:00-04:00,1.9249999523162842,1.9299999475479126,1.9199999570846558,1.9199999570846558,13084,0.0,0.0
2026-04-09 11:28:00-04:00,1.9249999523162842,1.9249999523162842,1.9199999570846558,1.9199999570846558,1216,0.0,0.0
2026-04-09 11:29:00-04:00,1.9199999570846558,1.9299999475479126,1.9149999618530273,1.9149999618530273,5140,0.0,0.0
2026-04-09 11:30:00-04:00,1.9149999618530273,1.9249999523162842,1.9149999618530273,1.9249999523162842,2243,0.0,0.0
2026-04-09 11:31:00-04:00,1.9249999523162842,1.9249999523162842,1.9199999570846558,1.9249999523162842,4481,0.0,0.0
2026-04-09 11:32:00-04:00,1.9249999523162842,1.9299999475479126,1.9249999523162842,1.9299999475479126,14895,0.0,0.0
2026-04-09 11:33:00-04:00,1.934999942779541,1.934999942779541,1.934999942779541,1.934999942779541,1207,0.0,0.0
2026-04-09 11:34:00-04:00,1.940000057220459,1.940000057220459,1.934999942779541,1.934999942779541,2652,0.0,0.0
2026-04-09 11:35:00-04:00,1.9299999475479126,1.940000057220459,1.9299999475479126,1.9299999475479126,1231,0.0,0.0
2026-04-09 11:36:00-04:00,1.940000057220459,1.9500000476837158,1.940000057220459,1.9492000341415405,78621,0.0,0.0
2026-04-09 11:37:00-04:00,1.9500000476837158,1.9500000476837158,1.9500000476837158,1.9500000476837158,1017,0.0,0.0
2026-04-09 11:38:00-04:00,1.9450000524520874,1.9500000476837158,1.940000057220459,1.9496999979019165,9108,0.0,0.0
2026-04-09 11:39:00-04:00,1.940500020980835,1.9450000524520874,1.940500020980835,1.9450000524520874,2640,0.0,0.0
2026-04-09 11:40:00-04:00,1.9450000524520874,1.9492000341415405,1.9450000524520874,1.9450000524520874,6599,0.0,0.0
2026-04-09 11:41:00-04:00,1.9450000524520874,1.9499000310897827,1.940000057220459,1.940000057220459,4658,0.0,0.0
2026-04-09 11:42:00-04:00,1.9450000524520874,1.9450000524520874,1.9407999515533447,1.9407999515533447,1758,0.0,0.0
2026-04-09 11:43:00-04:00,1.9450000524520874,1.9500000476837158,1.9450000524520874,1.9500000476837158,869,0.0,0.0
2026-04-09 11:44:00-04:00,1.9407999515533447,1.9500000476837158,1.940000057220459,1.9450000524520874,5543,0.0,0.0
2026-04-09 11:45:00-04:00,1.9500000476837158,1.9500000476837158,1.940000057220459,1.940000057220459,15577,0.0,0.0
2026-04-09 11:46:00-04:00,1.9450000524520874,1.9485000371932983,1.940000057220459,1.940000057220459,3120,0.0,0.0
2026-04-09 11:47:00-04:00,1.9500000476837158,1.9600000381469727,1.9500000476837158,1.9600000381469727,156732,0.0,0.0
2026-04-09 11:48:00-04:00,1.9600000381469727,1.9600000381469727,1.9500999450683594,1.9550000429153442,14839,0.0,0.0
2026-04-09 11:49:00-04:00,1.9500000476837158,1.9600000381469727,1.9500000476837158,1.9500000476837158,32400,0.0,0.0
2026-04-09 11:50:00-04:00,1.9523999691009521,1.9550000429153442,1.9500000476837158,1.9550000429153442,2605,0.0,0.0
2026-04-09 11:51:00-04:00,1.9500000476837158,1.9600000381469727,1.9500000476837158,1.9600000381469727,10464,0.0,0.0
2026-04-09 11:52:00-04:00,1.9600000381469727,1.9600000381469727,1.9599000215530396,1.9600000381469727,3025,0.0,0.0
2026-04-09 11:53:00-04:00,1.9500000476837158,1.9600000381469727,1.9500000476837158,1.9599000215530396,4983,0.0,0.0
2026-04-09 11:54:00-04:00,1.9600000381469727,1.9600000381469727,1.9600000381469727,1.9600000381469727,912,0.0,0.0
2026-04-09 11:55:00-04:00,1.9599000215530396,1.965000033378601,1.9599000215530396,1.965000033378601,67667,0.0,0.0
2026-04-09 11:56:00-04:00,1.965000033378601,1.9699000120162964,1.9600000381469727,1.9699000120162964,2112,0.0,0.0
2026-04-09 11:57:00-04:00,1.9621000289916992,1.9700000286102295,1.9600000381469727,1.9630000591278076,26363,0.0,0.0
2026-04-09 11:58:00-04:00,1.9700000286102295,1.9700000286102295,1.9600000381469727,1.965000033378601,325,0.0,0.0
2026-04-09 11:59:00-04:00,1.9600000381469727,1.9699000120162964,1.9600000381469727,1.965000033378601,24067,0.0,0.0
2026-04-09 12:00:00-04:00,1.9600000381469727,1.9601999521255493,1.9600000381469727,1.9601000547409058,47493,0.0,0.0
2026-04-09 12:01:00-04:00,1.968500018119812,1.9700000286102295,1.965000033378601,1.965000033378601,3865,0.0,0.0
2026-04-09 12:02:00-04:00,1.9600000381469727,1.9699000120162964,1.9600000381469727,1.9601000547409058,7456,0.0,0.0
2026-04-09 12:03:00-04:00,1.965000033378601,1.965000033378601,1.965000033378601,1.965000033378601,12304,0.0,0.0
2026-04-09 12:04:00-04:00,1.9602999687194824,1.9700000286102295,1.9602999687194824,1.9637999534606934,7735,0.0,0.0
2026-04-09 12:05:00-04:00,1.9615000486373901,1.9615000486373901,1.9600000381469727,1.9600000381469727,6777,0.0,0.0
2026-04-09 12:06:00-04:00,1.9600000381469727,1.965000033378601,1.9600000381469727,1.965000033378601,10261,0.0,0.0
2026-04-09 12:07:00-04:00,1.9601000547409058,1.9601000547409058,1.9550000429153442,1.9550000429153442,116367,0.0,0.0
2026-04-09 12:08:00-04:00,1.9550000429153442,1.9550000429153442,1.9500000476837158,1.9550000429153442,5657,0.0,0.0
2026-04-09 12:09:00-04:00,1.9550000429153442,1.9600000381469727,1.9550000429153442,1.9550000429153442,12557,0.0,0.0
2026-04-09 12:10:00-04:00,1.9500999450683594,1.9502999782562256,1.9500999450683594,1.9502999782562256,3684,0.0,0.0
2026-04-09 12:11:00-04:00,1.9500000476837158,1.9585000276565552,1.9500000476837158,1.9550000429153442,12243,0.0,0.0
2026-04-09 12:12:00-04:00,1.9550000429153442,1.9550000429153442,1.9550000429153442,1.9550000429153442,209,0.0,0.0
2026-04-09 12:13:00-04:00,1.9550000429153442,1.9600000381469727,1.9500000476837158,1.9500000476837158,6346,0.0,0.0
2026-04-09 12:14:00-04:00,1.9550000429153442,1.9550000429153442,1.9550000429153442,1.9550000429153442,3588,0.0,0.0
2026-04-09 12:15:00-04:00,1.9589999914169312,1.9589999914169312,1.9550000429153442,1.9550000429153442,5493,0.0,0.0
2026-04-09 12:16:00-04:00,1.9550000429153442,1.9600000381469727,1.9500000476837158,1.9500000476837158,4304,0.0,0.0
2026-04-09 12:17:00-04:00,1.9550000429153442,1.9550000429153442,1.9500999450683594,1.9550000429153442,2445,0.0,0.0
2026-04-09 12:18:00-04:00,1.9550000429153442,1.9600000381469727,1.9550000429153442,1.9600000381469727,994,0.0,0.0
2026-04-09 12:19:00-04:00,1.9500000476837158,1.9500000476837158,1.9500000476837158,1.9500000476837158,2222,0.0,0.0
2026-04-09 12:20:00-04:00,1.9600000381469727,1.9600000381469727,1.9500000476837158,1.9500000476837158,1463,0.0,0.0
2026-04-09 12:21:00-04:00,1.9599000215530396,1.9599000215530396,1.9550000429153442,1.9550000429153442,3451,0.0,0.0
2026-04-09 12:22:00-04:00,1.9550000429153442,1.9550000429153442,1.940000057220459,1.940000057220459,44107,0.0,0.0
2026-04-09 12:23:00-04:00,1.9450000524520874,1.9450000524520874,1.9401999711990356,1.9401999711990356,6992,0.0,0.0
2026-04-09 12:24:00-04:00,1.940000057220459,1.940000057220459,1.940000057220459,1.940000057220459,2024,0.0,0.0
2026-04-09 12:25:00-04:00,1.9450000524520874,1.9450000524520874,1.940000057220459,1.940000057220459,1624,0.0,0.0
2026-04-09 12:26:00-04:00,1.9400999546051025,1.9400999546051025,1.9400999546051025,1.9400999546051025,7871,0.0,0.0
2026-04-09 12:27:00-04:00,1.9450000524520874,1.9500000476837158,1.9450000524520874,1.948699951171875,1691,0.0,0.0
2026-04-09 12:28:00-04:00,1.9500000476837158,1.9500000476837158,1.9450000524520874,1.9450000524520874,2482,0.0,0.0
2026-04-09 12:29:00-04:00,1.9496999979019165,1.9496999979019165,1.9450000524520874,1.9450000524520874,3797,0.0,0.0
2026-04-09 12:30:00-04:00,1.9450000524520874,1.9450000524520874,1.9450000524520874,1.9450000524520874,2587,0.0,0.0
2026-04-09 12:31:00-04:00,1.9500000476837158,1.9500000476837158,1.9490000009536743,1.9490000009536743,14451,0.0,0.0
2026-04-09 12:32:00-04:00,1.9500000476837158,1.9500000476837158,1.9450000524520874,1.9450000524520874,566,0.0,0.0
2026-04-09 12:33:00-04:00,1.9450000524520874,1.9500000476837158,1.9450000524520874,1.9500000476837158,658,0.0,0.0
2026-04-09 12:34:00-04:00,1.9500000476837158,1.9500000476837158,1.9450000524520874,1.9450000524520874,20552,0.0,0.0
2026-04-09 12:35:00-04:00,1.9450000524520874,1.9500000476837158,1.940000057220459,1.9500000476837158,1666,0.0,0.0
2026-04-09 12:36:00-04:00,1.9499000310897827,1.9499000310897827,1.9400999546051025,1.9400999546051025,6615,0.0,0.0
2026-04-09 12:37:00-04:00,1.9490000009536743,1.9600000381469727,1.9490000009536743,1.9550000429153442,22355,0.0,0.0
2026-04-09 12:38:00-04:00,1.9600000381469727,1.9600000381469727,1.9450000524520874,1.9450000524520874,9942,0.0,0.0
2026-04-09 12:39:00-04:00,1.9450000524520874,1.9450000524520874,1.9450000524520874,1.9450000524520874,594,0.0,0.0
2026-04-09 12:40:00-04:00,1.940000057220459,1.9500000476837158,1.940000057220459,1.940000057220459,1098,0.0,0.0
2026-04-09 12:41:00-04:00,1.9500000476837158,1.9500000476837158,1.9450000524520874,1.9450000524520874,6855,0.0,0.0
2026-04-09 12:42:00-04:00,1.9500000476837158,1.9500000476837158,1.9450000524520874,1.9450000524520874,3428,0.0,0.0
2026-04-09 12:43:00-04:00,1.9450000524520874,1.9450000524520874,1.940000057220459,1.941499948501587,6374,0.0,0.0
2026-04-09 12:44:00-04:00,1.9450000524520874,1.9450000524520874,1.9450000524520874,1.9450000524520874,349,0.0,0.0
2026-04-09 12:45:00-04:00,1.9450000524520874,1.9450000524520874,1.9450000524520874,1.9450000524520874,2914,0.0,0.0
2026-04-09 12:46:00-04:00,1.9450000524520874,1.9450000524520874,1.940000057220459,1.9450000524520874,1249,0.0,0.0
2026-04-09 12:47:00-04:00,1.9499000310897827,1.9499000310897827,1.9499000310897827,1.9499000310897827,3370,0.0,0.0
2026-04-09 12:48:00-04:00,1.9450000524520874,1.9450000524520874,1.9450000524520874,1.9450000524520874,583,0.0,0.0
2026-04-09 12:49:00-04:00,1.940000057220459,1.940000057220459,1.940000057220459,1.940000057220459,368,0.0,0.0
2026-04-09 12:50:00-04:00,1.9498000144958496,1.9498000144958496,1.940000057220459,1.9450000524520874,6689,0.0,0.0
2026-04-09 12:51:00-04:00,1.9450000524520874,1.9499000310897827,1.9450000524520874,1.9499000310897827,783,0.0,0.0
2026-04-09 12:52:00-04:00,1.9500000476837158,1.9500000476837158,1.9500000476837158,1.9500000476837158,804,0.0,0.0
2026-04-09 12:53:00-04:00,1.940000057220459,1.9455000162124634,1.940000057220459,1.9455000162124634,938,0.0,0.0
2026-04-09 12:54:00-04:00,1.9499000310897827,1.9500000476837158,1.9490000009536743,1.9490000009536743,2236,0.0,0.0
2026-04-09 12:55:00-04:00,1.9450000524520874,1.9450000524520874,1.940000057220459,1.940000057220459,1167,0.0,0.0
2026-04-09 12:56:00-04:00,1.9464000463485718,1.9464000463485718,1.9464000463485718,1.9464000463485718,1543,0.0,0.0
2026-04-09 12:58:00-04:00,1.9500000476837158,1.9500000476837158,1.9400999546051025,1.9400999546051025,1966,0.0,0.0
2026-04-09 12:59:00-04:00,1.940000057220459,1.9500000476837158,1.940000057220459,1.9499000310897827,10592,0.0,0.0
2026-04-09 13:00:00-04:00,1.9500000476837158,1.9599000215530396,1.9499000310897827,1.9550000429153442,40933,0.0,0.0
2026-04-09 13:01:00-04:00,1.9500000476837158,1.952299952507019,1.9500000476837158,1.9500000476837158,1579,0.0,0.0
2026-04-09 13:02:00-04:00,1.9500000476837158,1.9500000476837158,1.9499000310897827,1.9499000310897827,8512,0.0,0.0
2026-04-09 13:03:00-04:00,1.9500000476837158,1.9500000476837158,1.9450000524520874,1.9450000524520874,518,0.0,0.0
2026-04-09 13:05:00-04:00,1.940000057220459,1.940000057220459,1.940000057220459,1.940000057220459,773,0.0,0.0
2026-04-09 13:06:00-04:00,1.940000057220459,1.9500000476837158,1.934999942779541,1.940000057220459,20531,0.0,0.0
2026-04-09 13:07:00-04:00,1.9299999475479126,1.9299999475479126,1.9200999736785889,1.9200999736785889,6890,0.0,0.0
2026-04-09 13:08:00-04:00,1.9199999570846558,1.9249999523162842,1.9199999570846558,1.9211000204086304,5848,0.0,0.0
2026-04-09 13:09:00-04:00,1.9211000204086304,1.9211000204086304,1.9211000204086304,1.9211000204086304,890,0.0,0.0
2026-04-09 13:10:00-04:00,1.9199999570846558,1.9199999570846558,1.9199999570846558,1.9199999570846558,739,0.0,0.0
2026-04-09 13:11:00-04:00,1.9265999794006348,1.929900050163269,1.9265999794006348,1.929900050163269,1682,0.0,0.0
2026-04-09 13:12:00-04:00,1.929900050163269,1.9299999475479126,1.929900050163269,1.9299999475479126,1451,0.0,0.0
2026-04-09 13:13:00-04:00,1.929800033569336,1.929800033569336,1.9199999570846558,1.9199999570846558,1376,0.0,0.0
2026-04-09 13:14:00-04:00,1.9199999570846558,1.9249999523162842,1.9199999570846558,1.9249999523162842,91254,0.0,0.0
2026-04-09 13:15:00-04:00,1.9199999570846558,1.940000057220459,1.9199999570846558,1.934999942779541,90212,0.0,0.0
2026-04-09 13:16:00-04:00,1.9299999475479126,1.9359999895095825,1.9199999570846558,1.9249999523162842,22835,0.0,0.0
2026-04-09 13:17:00-04:00,1.9199999570846558,1.9199999570846558,1.9199999570846558,1.9199999570846558,4943,0.0,0.0
2026-04-09 13:18:00-04:00,1.909999966621399,1.9249999523162842,1.909999966621399,1.9199999570846558,8456,0.0,0.0
2026-04-09 13:19:00-04:00,1.9199999570846558,1.9199999570846558,1.9199999570846558,1.9199999570846558,1940,0.0,0.0
2026-04-09 13:20:00-04:00,1.9259999990463257,1.9299999475479126,1.9259999990463257,1.9299999475479126,1913,0.0,0.0
2026-04-09 13:21:00-04:00,1.9299999475479126,1.9299999475479126,1.9249999523162842,1.9249999523162842,7282,0.0,0.0
2026-04-09 13:23:00-04:00,1.9299999475479126,1.9299999475479126,1.9299999475479126,1.9299999475479126,986,0.0,0.0
2026-04-09 13:24:00-04:00,1.9199999570846558,1.920199990272522,1.9199999570846558,1.920199990272522,2482,0.0,0.0
2026-04-09 13:25:00-04:00,1.9199999570846558,1.9199999570846558,1.9149999618530273,1.9149999618530273,13160,0.0,0.0
2026-04-09 13:27:00-04:00,1.909999966621399,1.9119000434875488,1.909999966621399,1.909999966621399,2990,0.0,0.0
2026-04-09 13:28:00-04:00,1.909999966621399,1.9198999404907227,1.909999966621399,1.9149999618530273,2865,0.0,0.0
2026-04-09 13:29:00-04:00,1.909999966621399,1.9149999618530273,1.909999966621399,1.909999966621399,5037,0.0,0.0
2026-04-09 13:30:00-04:00,1.910099983215332,1.9160000085830688,1.909999966621399,1.909999966621399,8575,0.0,0.0
2026-04-09 13:31:00-04:00,1.9149999618530273,1.9149999618530273,1.899999976158142,1.9098999500274658,32335,0.0,0.0
2026-04-09 13:32:00-04:00,1.9049999713897705,1.9149999618530273,1.9049999713897705,1.910099983215332,25945,0.0,0.0
2026-04-09 13:33:00-04:00,1.9149999618530273,1.9149999618530273,1.9149999618530273,1.9149999618530273,107,0.0,0.0
2026-04-09 13:34:00-04:00,1.9149999618530273,1.9149999618530273,1.909999966621399,1.9149999618530273,987,0.0,0.0
2026-04-09 13:35:00-04:00,1.9199999570846558,1.9199999570846558,1.9149999618530273,1.9149999618530273,8672,0.0,0.0
2026-04-09 13:36:00-04:00,1.9115999937057495,1.9149999618530273,1.9115999937057495,1.9149999618530273,532,0.0,0.0
2026-04-09 13:37:00-04:00,1.909999966621399,1.910099983215332,1.909999966621399,1.910099983215332,1303,0.0,0.0
2026-04-09 13:38:00-04:00,1.909999966621399,1.909999966621399,1.909999966621399,1.909999966621399,1141,0.0,0.0
2026-04-09 13:39:00-04:00,1.9149999618530273,1.9149999618530273,1.909999966621399,1.909999966621399,1037,0.0,0.0
2026-04-09 13:40:00-04:00,1.909999966621399,1.9149999618530273,1.909999966621399,1.9149999618530273,1359,0.0,0.0
2026-04-09 13:41:00-04:00,1.9198999404907227,1.9198999404907227,1.909999966621399,1.9149999618530273,1939,0.0,0.0
2026-04-09 13:42:00-04:00,1.9149999618530273,1.9149999618530273,1.909999966621399,1.9149999618530273,3564,0.0,0.0
2026-04-09 13:43:00-04:00,1.909999966621399,1.9149999618530273,1.909999966621399,1.909999966621399,15575,0.0,0.0
2026-04-09 13:44:00-04:00,1.9149999618530273,1.9149999618530273,1.909999966621399,1.909999966621399,2872,0.0,0.0
2026-04-09 13:45:00-04:00,1.9199999570846558,1.9199999570846558,1.909999966621399,1.909999966621399,8040,0.0,0.0
2026-04-09 13:47:00-04:00,1.909999966621399,1.9149999618530273,1.909999966621399,1.909999966621399,2139,0.0,0.0
2026-04-09 13:48:00-04:00,1.909999966621399,1.9149999618530273,1.909999966621399,1.909999966621399,2196,0.0,0.0
2026-04-09 13:49:00-04:00,1.9149999618530273,1.9149999618530273,1.909999966621399,1.909999966621399,4209,0.0,0.0
2026-04-09 13:50:00-04:00,1.9199999570846558,1.9199999570846558,1.9199999570846558,1.9199999570846558,980,0.0,0.0
2026-04-09 13:51:00-04:00,1.909999966621399,1.909999966621399,1.899999976158142,1.9049999713897705,14458,0.0,0.0
2026-04-09 13:52:00-04:00,1.899999976158142,1.9062000513076782,1.899999976158142,1.899999976158142,22556,0.0,0.0
2026-04-09 13:53:00-04:00,1.899999976158142,1.9098999500274658,1.899999976158142,1.9049999713897705,2712,0.0,0.0
2026-04-09 13:54:00-04:00,1.899999976158142,1.9049999713897705,1.899999976158142,1.9049999713897705,2925,0.0,0.0
2026-04-09 13:55:00-04:00,1.899999976158142,1.9049999713897705,1.899999976158142,1.899999976158142,6238,0.0,0.0
2026-04-09 13:56:00-04:00,1.909999966621399,1.909999966621399,1.9049999713897705,1.9049999713897705,5615,0.0,0.0
2026-04-09 13:57:00-04:00,1.9049999713897705,1.9049999713897705,1.899999976158142,1.9049999713897705,8677,0.0,0.0
2026-04-09 13:58:00-04:00,1.9049999713897705,1.9049999713897705,1.9049999713897705,1.9049999713897705,2997,0.0,0.0
2026-04-09 13:59:00-04:00,1.899999976158142,1.899999976158142,1.899999976158142,1.899999976158142,1022,0.0,0.0
2026-04-09 14:00:00-04:00,1.9049999713897705,1.9049999713897705,1.9049999713897705,1.9049999713897705,4246,0.0,0.0
2026-04-09 14:01:00-04:00,1.9048999547958374,1.9048999547958374,1.8949999809265137,1.8949999809265137,19230,0.0,0.0
2026-04-09 14:02:00-04:00,1.8899999856948853,1.8901000022888184,1.8899999856948853,1.8899999856948853,2826,0.0,0.0
2026-04-09 14:03:00-04:00,1.8949999809265137,1.8949999809265137,1.8899999856948853,1.8899999856948853,4215,0.0,0.0
2026-04-09 14:04:00-04:00,1.8899999856948853,1.8899999856948853,1.8899999856948853,1.8899999856948853,5444,0.0,0.0
2026-04-09 14:05:00-04:00,1.8899999856948853,1.8899999856948853,1.8799999952316284,1.8849999904632568,42362,0.0,0.0
2026-04-09 14:06:00-04:00,1.8849999904632568,1.899999976158142,1.8799999952316284,1.8949999809265137,35547,0.0,0.0
2026-04-09 14:07:00-04:00,1.8949999809265137,1.8949999809265137,1.8919999599456787,1.8919999599456787,1484,0.0,0.0
2026-04-09 14:09:00-04:00,1.8899999856948853,1.8899999856948853,1.8849999904632568,1.8849999904632568,11091,0.0,0.0
2026-04-09 14:10:00-04:00,1.8799999952316284,1.8849999904632568,1.8799999952316284,1.8799999952316284,3187,0.0,0.0
2026-04-09 14:11:00-04:00,1.8849999904632568,1.8849999904632568,1.8799999952316284,1.8799999952316284,238,0.0,0.0
2026-04-09 14:12:00-04:00,1.8849999904632568,1.8849999904632568,1.8799999952316284,1.8799999952316284,666,0.0,0.0
2026-04-09 14:13:00-04:00,1.8799999952316284,1.8849999904632568,1.8799999952316284,1.8849999904632568,11862,0.0,0.0
2026-04-09 14:14:00-04:00,1.8899999856948853,1.8899999856948853,1.8799999952316284,1.8799999952316284,12301,0.0,0.0
2026-04-09 14:15:00-04:00,1.8849999904632568,1.8899999856948853,1.8799999952316284,1.8849999904632568,12817,0.0,0.0
2026-04-09 14:16:00-04:00,1.8799999952316284,1.8799999952316284,1.8700000047683716,1.875,42878,0.0,0.0
2026-04-09 14:17:00-04:00,1.875,1.8849999904632568,1.875,1.8849999904632568,40596,0.0,0.0
2026-04-09 14:18:00-04:00,1.8899999856948853,1.8899999856948853,1.8799999952316284,1.8799999952316284,4607,0.0,0.0
2026-04-09 14:19:00-04:00,1.8799999952316284,1.8799999952316284,1.8799999952316284,1.8799999952316284,1573,0.0,0.0
2026-04-09 14:20:00-04:00,1.8849999904632568,1.8898999691009521,1.8849999904632568,1.8849999904632568,46636,0.0,0.0
2026-04-09 14:21:00-04:00,1.8849999904632568,1.8899999856948853,1.8799999952316284,1.8799999952316284,984,0.0,0.0
2026-04-09 14:22:00-04:00,1.8899999856948853,1.8949999809265137,1.8849999904632568,1.8899999856948853,34015,0.0,0.0
2026-04-09 14:23:00-04:00,1.8849999904632568,1.8849999904632568,1.8849999904632568,1.8849999904632568,1395,0.0,0.0
2026-04-09 14:24:00-04:00,1.8898999691009521,1.8898999691009521,1.8799999952316284,1.8799999952316284,3778,0.0,0.0
2026-04-09 14:25:00-04:00,1.8801000118255615,1.8801000118255615,1.8801000118255615,1.8801000118255615,987,0.0,0.0
2026-04-09 14:26:00-04:00,1.8899999856948853,1.8899999856948853,1.8899999856948853,1.8899999856948853,4422,0.0,0.0
2026-04-09 14:27:00-04:00,1.8849999904632568,1.8849999904632568,1.8799999952316284,1.8799999952316284,7658,0.0,0.0
2026-04-09 14:28:00-04:00,1.8849999904632568,1.8849999904632568,1.8849999904632568,1.8849999904632568,775,0.0,0.0
2026-04-09 14:30:00-04:00,1.8849999904632568,1.8849999904632568,1.8799999952316284,1.8799999952316284,623,0.0,0.0
2026-04-09 14:31:00-04:00,1.8849999904632568,1.8849999904632568,1.8799999952316284,1.8799999952316284,6974,0.0,0.0
2026-04-09 14:32:00-04:00,1.8849999904632568,1.8898999691009521,1.8799999952316284,1.8898999691009521,3736,0.0,0.0
2026-04-09 14:33:00-04:00,1.8849999904632568,1.8849999904632568,1.8849999904632568,1.8849999904632568,5504,0.0,0.0
2026-04-09 14:34:00-04:00,1.8799999952316284,1.8849999904632568,1.8799999952316284,1.8849999904632568,8709,0.0,0.0
2026-04-09 14:35:00-04:00,1.8799999952316284,1.8849999904632568,1.8799999952316284,1.8799999952316284,7003,0.0,0.0
2026-04-09 14:36:00-04:00,1.8849999904632568,1.8849999904632568,1.8849999904632568,1.8849999904632568,5142,0.0,0.0
2026-04-09 14:37:00-04:00,1.8849999904632568,1.8849999904632568,1.8799999952316284,1.8799999952316284,4614,0.0,0.0
2026-04-09 14:38:00-04:00,1.8898999691009521,1.8898999691009521,1.8898999691009521,1.8898999691009521,5820,0.0,0.0
2026-04-09 14:40:00-04:00,1.8804999589920044,1.8804999589920044,1.8799999952316284,1.8799999952316284,4578,0.0,0.0
2026-04-09 14:41:00-04:00,1.8799999952316284,1.8849999904632568,1.8799999952316284,1.8799999952316284,4631,0.0,0.0
2026-04-09 14:42:00-04:00,1.8799999952316284,1.8890000581741333,1.8799999952316284,1.8890000581741333,6794,0.0,0.0
2026-04-09 14:43:00-04:00,1.8799999952316284,1.8899999856948853,1.8799999952316284,1.8899999856948853,7054,0.0,0.0
2026-04-09 14:44:00-04:00,1.8799999952316284,1.8799999952316284,1.875,1.875,8488,0.0,0.0
2026-04-09 14:45:00-04:00,1.8798999786376953,1.8849999904632568,1.875,1.8799999952316284,35298,0.0,0.0
2026-04-09 14:47:00-04:00,1.8849999904632568,1.8898999691009521,1.8849999904632568,1.8898999691009521,2579,0.0,0.0
2026-04-09 14:49:00-04:00,1.8849999904632568,1.8899999856948853,1.8700000047683716,1.8799999952316284,56075,0.0,0.0
2026-04-09 14:50:00-04:00,1.8799999952316284,1.8849999904632568,1.8799999952316284,1.8799999952316284,21873,0.0,0.0
2026-04-09 14:51:00-04:00,1.8849999904632568,1.8849999904632568,1.8849999904632568,1.8849999904632568,1127,0.0,0.0
2026-04-09 14:52:00-04:00,1.8898999691009521,1.8898999691009521,1.8898999691009521,1.8898999691009521,1863,0.0,0.0
2026-04-09 14:53:00-04:00,1.8898999691009521,1.8898999691009521,1.8849999904632568,1.8849999904632568,7947,0.0,0.0
2026-04-09 14:54:00-04:00,1.8799999952316284,1.8799999952316284,1.8799999952316284,1.8799999952316284,1649,0.0,0.0
2026-04-09 14:55:00-04:00,1.8849999904632568,1.8899999856948853,1.8849999904632568,1.8861000537872314,5801,0.0,0.0
2026-04-09 14:56:00-04:00,1.8849999904632568,1.8849999904632568,1.8849999904632568,1.8849999904632568,1509,0.0,0.0
2026-04-09 14:57:00-04:00,1.8799999952316284,1.8849999904632568,1.8799999952316284,1.8849999904632568,3307,0.0,0.0
2026-04-09 14:59:00-04:00,1.8801000118255615,1.8801000118255615,1.8801000118255615,1.8801000118255615,959,0.0,0.0
2026-04-09 15:00:00-04:00,1.8801000118255615,1.8801000118255615,1.8799999952316284,1.8801000118255615,1931,0.0,0.0
2026-04-09 15:01:00-04:00,1.8801000118255615,1.8849999904632568,1.8801000118255615,1.8849999904632568,16750,0.0,0.0
2026-04-09 15:02:00-04:00,1.8849999904632568,1.8849999904632568,1.8799999952316284,1.8799999952316284,2567,0.0,0.0
2026-04-09 15:03:00-04:00,1.8799999952316284,1.8849999904632568,1.8799999952316284,1.8849999904632568,3933,0.0,0.0
2026-04-09 15:05:00-04:00,1.8849999904632568,1.8849999904632568,1.8849999904632568,1.8849999904632568,9516,0.0,0.0
2026-04-09 15:06:00-04:00,1.8799999952316284,1.8799999952316284,1.8700000047683716,1.8700000047683716,32917,0.0,0.0
2026-04-09 15:07:00-04:00,1.8700000047683716,1.8700000047683716,1.8550000190734863,1.8550000190734863,85230,0.0,0.0
2026-04-09 15:08:00-04:00,1.8550000190734863,1.8551000356674194,1.850000023841858,1.850000023841858,9264,0.0,0.0
2026-04-09 15:09:00-04:00,1.850000023841858,1.8550000190734863,1.850000023841858,1.850000023841858,2705,0.0,0.0
2026-04-09 15:10:00-04:00,1.850000023841858,1.8550000190734863,1.850000023841858,1.8550000190734863,3320,0.0,0.0
2026-04-09 15:11:00-04:00,1.8550000190734863,1.8700000047683716,1.8550000190734863,1.8650000095367432,75676,0.0,0.0
2026-04-09 15:12:00-04:00,1.8650000095367432,1.8652000427246094,1.8600000143051147,1.8600000143051147,4963,0.0,0.0
2026-04-09 15:14:00-04:00,1.8600000143051147,1.8650000095367432,1.8600000143051147,1.8650000095367432,3046,0.0,0.0
2026-04-09 15:15:00-04:00,1.8600000143051147,1.8650000095367432,1.8600000143051147,1.8650000095367432,1142,0.0,0.0
2026-04-09 15:16:00-04:00,1.8655999898910522,1.8655999898910522,1.8601000308990479,1.8650000095367432,9156,0.0,0.0
2026-04-09 15:17:00-04:00,1.8602999448776245,1.8650000095367432,1.8602999448776245,1.8650000095367432,1778,0.0,0.0
2026-04-09 15:18:00-04:00,1.8700000047683716,1.8700000047683716,1.8700000047683716,1.8700000047683716,14046,0.0,0.0
2026-04-09 15:19:00-04:00,1.8600000143051147,1.8600000143051147,1.8600000143051147,1.8600000143051147,5192,0.0,0.0
2026-04-09 15:20:00-04:00,1.8600000143051147,1.8600000143051147,1.850000023841858,1.850000023841858,37797,0.0,0.0
2026-04-09 15:21:00-04:00,1.850000023841858,1.8550000190734863,1.850000023841858,1.850000023841858,5949,0.0,0.0
2026-04-09 15:22:00-04:00,1.8550000190734863,1.8600000143051147,1.850000023841858,1.850000023841858,34545,0.0,0.0
2026-04-09 15:23:00-04:00,1.850000023841858,1.8600000143051147,1.850000023841858,1.8550000190734863,18442,0.0,0.0
2026-04-09 15:24:00-04:00,1.8550000190734863,1.8550000190734863,1.850000023841858,1.850000023841858,9979,0.0,0.0
2026-04-09 15:25:00-04:00,1.850000023841858,1.8550000190734863,1.850000023841858,1.8550000190734863,7060,0.0,0.0
2026-04-09 15:26:00-04:00,1.8550000190734863,1.8650000095367432,1.8550000190734863,1.8601000308990479,69925,0.0,0.0
2026-04-09 15:27:00-04:00,1.8600000143051147,1.8650000095367432,1.8600000143051147,1.8650000095367432,912,0.0,0.0
2026-04-09 15:28:00-04:00,1.8700000047683716,1.8700000047683716,1.8600000143051147,1.8650000095367432,16116,0.0,0.0
2026-04-09 15:29:00-04:00,1.8650000095367432,1.8650000095367432,1.8600000143051147,1.8600000143051147,1369,0.0,0.0
2026-04-09 15:30:00-04:00,1.8650000095367432,1.8696999549865723,1.8600000143051147,1.8696999549865723,3882,0.0,0.0
2026-04-09 15:31:00-04:00,1.8700000047683716,1.8700000047683716,1.8700000047683716,1.8700000047683716,924,0.0,0.0
2026-04-09 15:32:00-04:00,1.8700000047683716,1.875,1.8700000047683716,1.875,83413,0.0,0.0
2026-04-09 15:33:00-04:00,1.8700000047683716,1.875,1.8700000047683716,1.875,4695,0.0,0.0
2026-04-09 15:35:00-04:00,1.875,1.875,1.8700000047683716,1.8700000047683716,7655,0.0,0.0
2026-04-09 15:36:00-04:00,1.875,1.8799999952316284,1.8700000047683716,1.875,28870,0.0,0.0
2026-04-09 15:37:00-04:00,1.875,1.875,1.875,1.875,974,0.0,0.0
2026-04-09 15:38:00-04:00,1.8700000047683716,1.8700000047683716,1.8650000095367432,1.8698999881744385,23029,0.0,0.0
2026-04-09 15:39:00-04:00,1.8600000143051147,1.8700000047683716,1.8600000143051147,1.8650000095367432,11212,0.0,0.0
2026-04-09 15:40:00-04:00,1.8600000143051147,1.8650000095367432,1.8600000143051147,1.8600000143051147,9526,0.0,0.0
2026-04-09 15:41:00-04:00,1.8600000143051147,1.8698999881744385,1.8600000143051147,1.8600000143051147,13956,0.0,0.0
2026-04-09 15:42:00-04:00,1.8600000143051147,1.8700000047683716,1.8600000143051147,1.8650000095367432,27877,0.0,0.0
2026-04-09 15:43:00-04:00,1.8650000095367432,1.8698999881744385,1.8600000143051147,1.8600000143051147,14327,0.0,0.0
2026-04-09 15:44:00-04:00,1.8650000095367432,1.8650000095367432,1.8600000143051147,1.8600000143051147,12719,0.0,0.0
2026-04-09 15:45:00-04:00,1.8600000143051147,1.875,1.8600000143051147,1.875,97013,0.0,0.0
2026-04-09 15:46:00-04:00,1.8700000047683716,1.875,1.8700000047683716,1.875,10553,0.0,0.0
2026-04-09 15:47:00-04:00,1.8700000047683716,1.875,1.8700000047683716,1.875,4136,0.0,0.0
2026-04-09 15:48:00-04:00,1.8700000047683716,1.87909996509552,1.8700000047683716,1.87909996509552,6925,0.0,0.0
2026-04-09 15:49:00-04:00,1.875,1.8798999786376953,1.875,1.875,1717,0.0,0.0
2026-04-09 15:50:00-04:00,1.875,1.875,1.875,1.875,5238,0.0,0.0
2026-04-09 15:51:00-04:00,1.875,1.875,1.8700000047683716,1.875,19080,0.0,0.0
2026-04-09 15:52:00-04:00,1.875,1.8799999952316284,1.8700000047683716,1.875,11402,0.0,0.0
2026-04-09 15:53:00-04:00,1.875,1.8799999952316284,1.8700000047683716,1.8700000047683716,26277,0.0,0.0
2026-04-09 15:54:00-04:00,1.8700000047683716,1.875,1.8650000095367432,1.8650000095367432,225150,0.0,0.0
2026-04-09 15:55:00-04:00,1.8650000095367432,1.8700000047683716,1.8650000095367432,1.8650000095367432,12581,0.0,0.0
2026-04-09 15:56:00-04:00,1.8650000095367432,1.8650000095367432,1.8600000143051147,1.8650000095367432,50460,0.0,0.0
2026-04-09 15:57:00-04:00,1.8650000095367432,1.8849999904632568,1.8650000095367432,1.875,279490,0.0,0.0
2026-04-09 15:58:00-04:00,1.8798999786376953,1.8849999904632568,1.875,1.8849999904632568,60140,0.0,0.0
2026-04-09 15:59:00-04:00,1.8849999904632568,1.8899999856948853,1.8799999952316284,1.8849999904632568,162656,0.0,0.0
2026-04-10 09:30:00-04:00,1.8899999856948853,1.909999966621399,1.8899999856948853,1.9049999713897705,128365,0.0,0.0
2026-04-10 09:31:00-04:00,1.9006999731063843,1.909999966621399,1.8899999856948853,1.8899999856948853,18527,0.0,0.0
2026-04-10 09:32:00-04:00,1.8949999809265137,1.8949999809265137,1.8949999809265137,1.8949999809265137,16042,0.0,0.0
2026-04-10 09:33:00-04:00,1.8899999856948853,1.8899999856948853,1.8700000047683716,1.8799999952316284,37981,0.0,0.0
2026-04-10 09:34:00-04:00,1.875,1.875,1.8650000095367432,1.8650000095367432,96397,0.0,0.0
2026-04-10 09:35:00-04:00,1.8650000095367432,1.8650000095367432,1.850000023841858,1.850000023841858,72241,0.0,0.0
2026-04-10 09:36:00-04:00,1.850100040435791,1.8550000190734863,1.850100040435791,1.8550000190734863,853,0.0,0.0
2026-04-10 09:37:00-04:00,1.8600000143051147,1.8700000047683716,1.8589999675750732,1.8700000047683716,12172,0.0,0.0
2026-04-10 09:38:00-04:00,1.8650000095367432,1.8650000095367432,1.8600000143051147,1.8650000095367432,7409,0.0,0.0
2026-04-10 09:39:00-04:00,1.8650000095367432,1.8650000095367432,1.8300000429153442,1.840000033378601,48785,0.0,0.0
2026-04-10 09:40:00-04:00,1.8450000286102295,1.8450000286102295,1.8300000429153442,1.840000033378601,53134,0.0,0.0
2026-04-10 09:41:00-04:00,1.840000033378601,1.840000033378601,1.8300000429153442,1.8389999866485596,13541,0.0,0.0
2026-04-10 09:42:00-04:00,1.8388999700546265,1.840000033378601,1.8388999700546265,1.840000033378601,7696,0.0,0.0
2026-04-10 09:43:00-04:00,1.8393000364303589,1.840000033378601,1.8350000381469727,1.8350000381469727,17073,0.0,0.0
2026-04-10 09:44:00-04:00,1.8350000381469727,1.8459999561309814,1.8301000595092773,1.8459999561309814,23210,0.0,0.0
2026-04-10 09:45:00-04:00,1.840000033378601,1.8600000143051147,1.840000033378601,1.850100040435791,52794,0.0,0.0
2026-04-10 09:46:00-04:00,1.8600000143051147,1.8600000143051147,1.850000023841858,1.8550000190734863,21548,0.0,0.0
2026-04-10 09:47:00-04:00,1.8598999977111816,1.8598999977111816,1.850000023841858,1.850000023841858,7438,0.0,0.0
2026-04-10 09:49:00-04:00,1.8499000072479248,1.8499000072479248,1.8450000286102295,1.8450000286102295,452,0.0,0.0
2026-04-10 09:50:00-04:00,1.8450000286102295,1.8450000286102295,1.840000033378601,1.840000033378601,15841,0.0,0.0
2026-04-10 09:51:00-04:00,1.840000033378601,1.840000033378601,1.8350000381469727,1.839900016784668,11060,0.0,0.0
2026-04-10 09:52:00-04:00,1.8350000381469727,1.8350000381469727,1.8350000381469727,1.8350000381469727,412,0.0,0.0
2026-04-10 09:53:00-04:00,1.8350000381469727,1.840000033378601,1.8300000429153442,1.840000033378601,15083,0.0,0.0
2026-04-10 09:54:00-04:00,1.8492000102996826,1.8492000102996826,1.8450000286102295,1.8450000286102295,1055,0.0,0.0
2026-04-10 09:55:00-04:00,1.850000023841858,1.850000023841858,1.850000023841858,1.850000023841858,3961,0.0,0.0
2026-04-10 09:56:00-04:00,1.850000023841858,1.850000023841858,1.840000033378601,1.840000033378601,535,0.0,0.0
2026-04-10 09:57:00-04:00,1.8450000286102295,1.8450000286102295,1.840000033378601,1.840000033378601,3642,0.0,0.0
2026-04-10 09:58:00-04:00,1.840999960899353,1.8450000286102295,1.840999960899353,1.8450000286102295,1551,0.0,0.0
2026-04-10 09:59:00-04:00,1.840000033378601,1.8450000286102295,1.8350000381469727,1.8350000381469727,22306,0.0,0.0
2026-04-10 10:00:00-04:00,1.8301000595092773,1.839900016784668,1.8301000595092773,1.8350000381469727,15017,0.0,0.0
2026-04-10 10:01:00-04:00,1.8350000381469727,1.840000033378601,1.830199956893921,1.8350000381469727,12820,0.0,0.0
2026-04-10 10:02:00-04:00,1.839900016784668,1.839900016784668,1.8300000429153442,1.839900016784668,1819,0.0,0.0
2026-04-10 10:03:00-04:00,1.8389999866485596,1.8389999866485596,1.8200000524520874,1.8250000476837158,65924,0.0,0.0
2026-04-10 10:04:00-04:00,1.820099949836731,1.8300000429153442,1.820099949836731,1.8300000429153442,64157,0.0,0.0
2026-04-10 10:05:00-04:00,1.8250000476837158,1.840000033378601,1.8250000476837158,1.8350000381469727,30450,0.0,0.0
2026-04-10 10:06:00-04:00,1.8350000381469727,1.8350000381469727,1.8300000429153442,1.8300000429153442,1004,0.0,0.0
2026-04-10 10:07:00-04:00,1.839900016784668,1.840000033378601,1.8301000595092773,1.8398000001907349,39762,0.0,0.0
2026-04-10 10:08:00-04:00,1.8396999835968018,1.840000033378601,1.8309999704360962,1.8309999704360962,30538,0.0,0.0
2026-04-10 10:09:00-04:00,1.840000033378601,1.840000033378601,1.840000033378601,1.840000033378601,2952,0.0,0.0
2026-04-10 10:10:00-04:00,1.8350000381469727,1.8350000381469727,1.8309999704360962,1.8350000381469727,2440,0.0,0.0
2026-04-10 10:11:00-04:00,1.8350000381469727,1.840000033378601,1.8300000429153442,1.8350000381469727,3577,0.0,0.0
2026-04-10 10:12:00-04:00,1.8350000381469727,1.8350000381469727,1.8301000595092773,1.8301000595092773,2790,0.0,0.0
2026-04-10 10:13:00-04:00,1.8300000429153442,1.8300000429153442,1.8200000524520874,1.8250000476837158,32870,0.0,0.0
2026-04-10 10:14:00-04:00,1.8299000263214111,1.8299000263214111,1.8220000267028809,1.8220000267028809,18495,0.0,0.0
2026-04-10 10:15:00-04:00,1.820099949836731,1.8300000429153442,1.820099949836731,1.8250000476837158,4643,0.0,0.0
2026-04-10 10:16:00-04:00,1.8250000476837158,1.8299000263214111,1.8100999593734741,1.8200000524520874,42259,0.0,0.0
2026-04-10 10:17:00-04:00,1.815000057220459,1.819700002670288,1.809999942779541,1.809999942779541,3612,0.0,0.0
2026-04-10 10:18:00-04:00,1.8200000524520874,1.8200000524520874,1.8200000524520874,1.8200000524520874,26848,0.0,0.0
2026-04-10 10:19:00-04:00,1.815000057220459,1.820099949836731,1.815000057220459,1.820099949836731,17719,0.0,0.0
2026-04-10 10:20:00-04:00,1.8244999647140503,1.8300000429153442,1.8210999965667725,1.8300000429153442,1730,0.0,0.0
2026-04-10 10:21:00-04:00,1.829699993133545,1.829699993133545,1.826799988746643,1.826799988746643,7758,0.0,0.0
2026-04-10 10:22:00-04:00,1.8200000524520874,1.8300000429153442,1.8200000524520874,1.8300000429153442,4149,0.0,0.0
2026-04-10 10:23:00-04:00,1.8250000476837158,1.8300000429153442,1.8250000476837158,1.8300000429153442,6479,0.0,0.0
2026-04-10 10:24:00-04:00,1.8300000429153442,1.8300000429153442,1.8289999961853027,1.8300000429153442,19836,0.0,0.0
2026-04-10 10:25:00-04:00,1.8300000429153442,1.8300000429153442,1.8300000429153442,1.8300000429153442,5028,0.0,0.0
2026-04-10 10:26:00-04:00,1.8200000524520874,1.8250000476837158,1.8200000524520874,1.8250000476837158,7323,0.0,0.0
2026-04-10 10:27:00-04:00,1.8250000476837158,1.8300000429153442,1.8250000476837158,1.8300000429153442,998,0.0,0.0
2026-04-10 10:28:00-04:00,1.8299000263214111,1.840000033378601,1.8299000263214111,1.8350000381469727,14269,0.0,0.0
2026-04-10 10:29:00-04:00,1.8350000381469727,1.8350000381469727,1.8200000524520874,1.8250000476837158,62847,0.0,0.0
2026-04-10 10:30:00-04:00,1.8299000263214111,1.8350000381469727,1.8299000263214111,1.8350000381469727,4528,0.0,0.0
2026-04-10 10:31:00-04:00,1.8300000429153442,1.839900016784668,1.8300000429153442,1.839900016784668,5696,0.0,0.0
2026-04-10 10:32:00-04:00,1.8300000429153442,1.839900016784668,1.8300000429153442,1.839900016784668,6155,0.0,0.0
2026-04-10 10:33:00-04:00,1.840000033378601,1.840000033378601,1.8350000381469727,1.8350000381469727,3784,0.0,0.0
2026-04-10 10:34:00-04:00,1.8300000429153442,1.839900016784668,1.8300000429153442,1.839900016784668,44864,0.0,0.0
2026-04-10 10:35:00-04:00,1.840000033378601,1.840000033378601,1.8350000381469727,1.8350000381469727,2743,0.0,0.0
2026-04-10 10:36:00-04:00,1.8301000595092773,1.8301000595092773,1.8300000429153442,1.8300000429153442,898,0.0,0.0
2026-04-10 10:37:00-04:00,1.839900016784668,1.840000033378601,1.8300000429153442,1.840000033378601,13147,0.0,0.0
2026-04-10 10:38:00-04:00,1.840000033378601,1.840000033378601,1.8335000276565552,1.839900016784668,9938,0.0,0.0
2026-04-10 10:39:00-04:00,1.840000033378601,1.840000033378601,1.8350000381469727,1.8350000381469727,1084,0.0,0.0
2026-04-10 10:40:00-04:00,1.840000033378601,1.840000033378601,1.8350000381469727,1.8350000381469727,611,0.0,0.0
2026-04-10 10:41:00-04:00,1.840000033378601,1.840000033378601,1.839900016784668,1.839900016784668,10236,0.0,0.0
2026-04-10 10:42:00-04:00,1.839900016784668,1.839900016784668,1.839900016784668,1.839900016784668,326,0.0,0.0
2026-04-10 10:43:00-04:00,1.8350000381469727,1.840000033378601,1.8350000381469727,1.840000033378601,3621,0.0,0.0
2026-04-10 10:44:00-04:00,1.8350000381469727,1.8367999792099,1.8300000429153442,1.8350000381469727,5462,0.0,0.0
2026-04-10 10:45:00-04:00,1.839900016784668,1.840000033378601,1.8309999704360962,1.8350000381469727,13671,0.0,0.0
2026-04-10 10:46:00-04:00,1.840000033378601,1.840000033378601,1.8350000381469727,1.8350000381469727,1029,0.0,0.0
2026-04-10 10:47:00-04:00,1.8350000381469727,1.840000033378601,1.8309999704360962,1.8350000381469727,3489,0.0,0.0
2026-04-10 10:48:00-04:00,1.839900016784668,1.840000033378601,1.8350000381469727,1.840000033378601,22628,0.0,0.0
2026-04-10 10:49:00-04:00,1.8350000381469727,1.8350000381469727,1.8350000381469727,1.8350000381469727,576,0.0,0.0
2026-04-10 10:50:00-04:00,1.8350000381469727,1.8350000381469727,1.815000057220459,1.815000057220459,77816,0.0,0.0
2026-04-10 10:51:00-04:00,1.815000057220459,1.8200000524520874,1.815000057220459,1.8200000524520874,11164,0.0,0.0
2026-04-10 10:52:00-04:00,1.8200000524520874,1.8250000476837158,1.8200000524520874,1.8250000476837158,12262,0.0,0.0
2026-04-10 10:53:00-04:00,1.829699993133545,1.8300000429153442,1.820099949836731,1.820099949836731,9164,0.0,0.0
2026-04-10 10:54:00-04:00,1.8299000263214111,1.8299000263214111,1.8250000476837158,1.8250000476837158,5251,0.0,0.0
2026-04-10 10:55:00-04:00,1.8299000263214111,1.8299000263214111,1.8299000263214111,1.8299000263214111,149,0.0,0.0
2026-04-10 10:56:00-04:00,1.8250000476837158,1.8250000476837158,1.8200000524520874,1.8250000476837158,28620,0.0,0.0
2026-04-10 10:57:00-04:00,1.8250000476837158,1.8250000476837158,1.8250000476837158,1.8250000476837158,325,0.0,0.0
2026-04-10 10:59:00-04:00,1.8300000429153442,1.8300000429153442,1.8300000429153442,1.8300000429153442,3801,0.0,0.0
2026-04-10 11:00:00-04:00,1.8300000429153442,1.8300000429153442,1.8289999961853027,1.8289999961853027,11353,0.0,0.0
2026-04-10 11:01:00-04:00,1.840000033378601,1.840000033378601,1.8300000429153442,1.8300000429153442,1337,0.0,0.0
2026-04-10 11:02:00-04:00,1.8350000381469727,1.840000033378601,1.8350000381469727,1.840000033378601,3104,0.0,0.0
2026-04-10 11:03:00-04:00,1.840000033378601,1.840000033378601,1.8350000381469727,1.8350000381469727,28988,0.0,0.0
2026-04-10 11:04:00-04:00,1.8350000381469727,1.839900016784668,1.8350000381469727,1.8350000381469727,5368,0.0,0.0
2026-04-10 11:05:00-04:00,1.8350000381469727,1.840000033378601,1.8350000381469727,1.8350000381469727,1423,0.0,0.0
2026-04-10 11:06:00-04:00,1.8350000381469727,1.8350000381469727,1.8350000381469727,1.8350000381469727,1106,0.0,0.0
2026-04-10 11:07:00-04:00,1.8350000381469727,1.839900016784668,1.8350000381469727,1.8350000381469727,1660,0.0,0.0
2026-04-10 11:09:00-04:00,1.8350000381469727,1.8350000381469727,1.8350000381469727,1.8350000381469727,2131,0.0,0.0
2026-04-10 11:10:00-04:00,1.8300000429153442,1.8350000381469727,1.8300000429153442,1.8350000381469727,1017,0.0,0.0
2026-04-10 11:11:00-04:00,1.8372000455856323,1.840000033378601,1.8350000381469727,1.8350000381469727,1735,0.0,0.0
2026-04-10 11:12:00-04:00,1.840000033378601,1.840000033378601,1.840000033378601,1.840000033378601,203,0.0,0.0
2026-04-10 11:13:00-04:00,1.8350000381469727,1.8350000381469727,1.8350000381469727,1.8350000381469727,2027,0.0,0.0
2026-04-10 11:14:00-04:00,1.839900016784668,1.839900016784668,1.809999942779541,1.8250000476837158,280507,0.0,0.0
2026-04-10 11:15:00-04:00,1.8200000524520874,1.8250000476837158,1.809999942779541,1.815000057220459,98699,0.0,0.0
2026-04-10 11:16:00-04:00,1.815000057220459,1.815000057220459,1.8125,1.815000057220459,1303,0.0,0.0
2026-04-10 11:17:00-04:00,1.8199000358581543,1.8250000476837158,1.8199000358581543,1.8250000476837158,13321,0.0,0.0
2026-04-10 11:19:00-04:00,1.8200000524520874,1.8250000476837158,1.809999942779541,1.8199000358581543,181277,0.0,0.0
2026-04-10 11:20:00-04:00,1.815999984741211,1.815999984741211,1.815000057220459,1.815000057220459,2666,0.0,0.0
2026-04-10 11:21:00-04:00,1.8200000524520874,1.8200000524520874,1.8200000524520874,1.8200000524520874,2159,0.0,0.0
2026-04-10 11:22:00-04:00,1.8200000524520874,1.8200000524520874,1.809999942779541,1.8198000192642212,6671,0.0,0.0
2026-04-10 11:23:00-04:00,1.819000005722046,1.8300000429153442,1.815000057220459,1.820199966430664,29549,0.0,0.0
2026-04-10 11:24:00-04:00,1.8250000476837158,1.8250000476837158,1.8250000476837158,1.8250000476837158,301,0.0,0.0
2026-04-10 11:25:00-04:00,1.8300000429153442,1.8300000429153442,1.8300000429153442,1.8300000429153442,275,0.0,0.0
2026-04-10 11:26:00-04:00,1.8250000476837158,1.8300000429153442,1.8200000524520874,1.8300000429153442,3443,0.0,0.0
2026-04-10 11:27:00-04:00,1.8300000429153442,1.8300000429153442,1.8250000476837158,1.8250000476837158,217,0.0,0.0
2026-04-10 11:28:00-04:00,1.8300000429153442,1.8300000429153442,1.8200000524520874,1.8300000429153442,383,0.0,0.0
2026-04-10 11:29:00-04:00,1.8200000524520874,1.8300000429153442,1.8200000524520874,1.8300000429153442,1558,0.0,0.0
2026-04-10 11:30:00-04:00,1.8250000476837158,1.8300000429153442,1.815000057220459,1.815000057220459,18855,0.0,0.0
2026-04-10 11:31:00-04:00,1.815000057220459,1.8200000524520874,1.815000057220459,1.8200000524520874,19098,0.0,0.0
2026-04-10 11:32:00-04:00,1.8200000524520874,1.8200000524520874,1.815000057220459,1.8199000358581543,14283,0.0,0.0
2026-04-10 11:33:00-04:00,1.8200000524520874,1.8200000524520874,1.809999942779541,1.809999942779541,44341,0.0,0.0
2026-04-10 11:34:00-04:00,1.8200000524520874,1.8200000524520874,1.815000057220459,1.815000057220459,6919,0.0,0.0
2026-04-10 11:35:00-04:00,1.815000057220459,1.8200000524520874,1.815000057220459,1.8200000524520874,10746,0.0,0.0
2026-04-10 11:36:00-04:00,1.8199000358581543,1.8199000358581543,1.815000057220459,1.815000057220459,2144,0.0,0.0
2026-04-10 11:38:00-04:00,1.819700002670288,1.819700002670288,1.819700002670288,1.819700002670288,343,0.0,0.0
2026-04-10 11:39:00-04:00,1.8200000524520874,1.8200000524520874,1.8199000358581543,1.8199000358581543,10229,0.0,0.0
2026-04-10 11:40:00-04:00,1.8199000358581543,1.8200000524520874,1.815000057220459,1.815000057220459,495,0.0,0.0
2026-04-10 11:41:00-04:00,1.8200000524520874,1.8200000524520874,1.815000057220459,1.815000057220459,2235,0.0,0.0
2026-04-10 11:42:00-04:00,1.8200000524520874,1.8200000524520874,1.815000057220459,1.815000057220459,1457,0.0,0.0
2026-04-10 11:43:00-04:00,1.8200000524520874,1.8200000524520874,1.815000057220459,1.815000057220459,254,0.0,0.0
2026-04-10 11:44:00-04:00,1.815000057220459,1.815000057220459,1.815000057220459,1.815000057220459,1952,0.0,0.0
2026-04-10 11:45:00-04:00,1.8200000524520874,1.8200000524520874,1.8200000524520874,1.8200000524520874,2219,0.0,0.0
2026-04-10 11:46:00-04:00,1.8198000192642212,1.8200000524520874,1.809999942779541,1.819000005722046,4447,0.0,0.0
2026-04-10 11:47:00-04:00,1.815000057220459,1.815000057220459,1.7999999523162842,1.8099000453948975,116021,0.0,0.0
2026-04-10 11:48:00-04:00,1.8049999475479126,1.8049999475479126,1.7899999618530273,1.7899999618530273,73067,0.0,0.0
2026-04-10 11:49:00-04:00,1.7949999570846558,1.7999000549316406,1.7949999570846558,1.7999000549316406,1737,0.0,0.0
2026-04-10 11:50:00-04:00,1.7899999618530273,1.7899999618530273,1.7899999618530273,1.7899999618530273,773,0.0,0.0
2026-04-10 11:51:00-04:00,1.7949999570846558,1.7999999523162842,1.7949999570846558,1.7949999570846558,12180,0.0,0.0
2026-04-10 11:52:00-04:00,1.7949999570846558,1.7999999523162842,1.7949999570846558,1.7999999523162842,3654,0.0,0.0
2026-04-10 11:53:00-04:00,1.7999999523162842,1.7999999523162842,1.7949999570846558,1.7949999570846558,2667,0.0,0.0
2026-04-10 11:54:00-04:00,1.7999000549316406,1.7999000549316406,1.7949999570846558,1.7949999570846558,1969,0.0,0.0
2026-04-10 11:55:00-04:00,1.7949999570846558,1.7949999570846558,1.7899999618530273,1.7899999618530273,2482,0.0,0.0
2026-04-10 11:56:00-04:00,1.7949999570846558,1.7949999570846558,1.7910000085830688,1.7949999570846558,16255,0.0,0.0
2026-04-10 11:57:00-04:00,1.7949999570846558,1.7949999570846558,1.7899999618530273,1.7899999618530273,24142,0.0,0.0
2026-04-10 11:58:00-04:00,1.7949999570846558,1.799299955368042,1.784999966621399,1.7898999452590942,10989,0.0,0.0
2026-04-10 11:59:00-04:00,1.784999966621399,1.7898999452590942,1.784999966621399,1.784999966621399,11430,0.0,0.0
2026-04-10 12:00:00-04:00,1.7899999618530273,1.7899999618530273,1.7799999713897705,1.7799999713897705,11180,0.0,0.0
2026-04-10 12:01:00-04:00,1.7897000312805176,1.7897000312805176,1.7799999713897705,1.7860000133514404,50783,0.0,0.0
2026-04-10 12:02:00-04:00,1.784999966621399,1.7899999618530273,1.7800999879837036,1.7899999618530273,2036,0.0,0.0
2026-04-10 12:03:00-04:00,1.784999966621399,1.7899999618530273,1.784999966621399,1.784999966621399,1771,0.0,0.0
2026-04-10 12:04:00-04:00,1.7899999618530273,1.7999999523162842,1.7899999618530273,1.7998000383377075,26543,0.0,0.0
2026-04-10 12:05:00-04:00,1.7999000549316406,1.7999000549316406,1.7999000549316406,1.7999000549316406,1443,0.0,0.0
2026-04-10 12:06:00-04:00,1.7949999570846558,1.7949999570846558,1.7949999570846558,1.7949999570846558,481,0.0,0.0
2026-04-10 12:07:00-04:00,1.7949999570846558,1.8200000524520874,1.7949999570846558,1.8200000524520874,362355,0.0,0.0
2026-04-10 12:08:00-04:00,1.815000057220459,1.8200000524520874,1.8049999475479126,1.809999942779541,70326,0.0,0.0
2026-04-10 12:09:00-04:00,1.8049999475479126,1.809999942779541,1.8049999475479126,1.809999942779541,7641,0.0,0.0
2026-04-10 12:11:00-04:00,1.80840003490448,1.80840003490448,1.8049999475479126,1.8049999475479126,1115,0.0,0.0
2026-04-10 12:13:00-04:00,1.8049999475479126,1.8049999475479126,1.8049999475479126,1.8049999475479126,887,0.0,0.0
2026-04-10 12:14:00-04:00,1.8099000453948975,1.8099000453948975,1.8099000453948975,1.8099000453948975,3759,0.0,0.0
2026-04-10 12:15:00-04:00,1.8049999475479126,1.8049999475479126,1.8049999475479126,1.8049999475479126,1385,0.0,0.0
2026-04-10 12:16:00-04:00,1.8049999475479126,1.809999942779541,1.7999999523162842,1.8049999475479126,13171,0.0,0.0
2026-04-10 12:17:00-04:00,1.8098000288009644,1.809999942779541,1.8098000288009644,1.809999942779541,605,0.0,0.0
2026-04-10 12:18:00-04:00,1.8049999475479126,1.809999942779541,1.7999999523162842,1.7999999523162842,3316,0.0,0.0
2026-04-10 12:19:00-04:00,1.8049999475479126,1.809999942779541,1.7999999523162842,1.809999942779541,3258,0.0,0.0
2026-04-10 12:20:00-04:00,1.7999999523162842,1.7999999523162842,1.7899999618530273,1.7899999618530273,78516,0.0,0.0
2026-04-10 12:21:00-04:00,1.7976000308990479,1.7999999523162842,1.7949999570846558,1.7999999523162842,983,0.0,0.0
2026-04-10 12:22:00-04:00,1.7997000217437744,1.809999942779541,1.7997000217437744,1.8049999475479126,31379,0.0,0.0
2026-04-10 12:23:00-04:00,1.8041000366210938,1.8049999475479126,1.8041000366210938,1.8049999475479126,3002,0.0,0.0
2026-04-10 12:25:00-04:00,1.8049999475479126,1.8099000453948975,1.7999999523162842,1.8049999475479126,11470,0.0,0.0
2026-04-10 12:26:00-04:00,1.7999999523162842,1.8049999475479126,1.7949999570846558,1.7949999570846558,65001,0.0,0.0
2026-04-10 12:28:00-04:00,1.7999999523162842,1.7999999523162842,1.7949999570846558,1.7949999570846558,8102,0.0,0.0
2026-04-10 12:29:00-04:00,1.7999999523162842,1.7999999523162842,1.7949999570846558,1.7999999523162842,9159,0.0,0.0
2026-04-10 12:30:00-04:00,1.7999999523162842,1.7999999523162842,1.7999999523162842,1.7999999523162842,951,0.0,0.0
2026-04-10 12:32:00-04:00,1.7990000247955322,1.7990000247955322,1.7900999784469604,1.7900999784469604,1793,0.0,0.0
2026-04-10 12:33:00-04:00,1.7999999523162842,1.7999999523162842,1.7999999523162842,1.7999999523162842,115,0.0,0.0
2026-04-10 12:34:00-04:00,1.7999999523162842,1.7999999523162842,1.7949999570846558,1.7949999570846558,16214,0.0,0.0
2026-04-10 12:35:00-04:00,1.7949999570846558,1.7999999523162842,1.7949999570846558,1.7999999523162842,447,0.0,0.0
2026-04-10 12:36:00-04:00,1.7999999523162842,1.7999999523162842,1.7910000085830688,1.7949999570846558,10052,0.0,0.0
2026-04-10 12:37:00-04:00,1.7949999570846558,1.7999999523162842,1.7899999618530273,1.7949999570846558,1777,0.0,0.0
2026-04-10 12:38:00-04:00,1.7999999523162842,1.7999999523162842,1.7949999570846558,1.7999999523162842,3151,0.0,0.0
2026-04-10 12:39:00-04:00,1.7999999523162842,1.7999999523162842,1.7999999523162842,1.7999999523162842,697,0.0,0.0
2026-04-10 12:40:00-04:00,1.7999000549316406,1.7999999523162842,1.7999000549316406,1.7999999523162842,1147,0.0,0.0
2026-04-10 12:41:00-04:00,1.7899999618530273,1.7999999523162842,1.7899999618530273,1.7949999570846558,1332,0.0,0.0
2026-04-10 12:42:00-04:00,1.7949999570846558,1.7949999570846558,1.7949999570846558,1.7949999570846558,404,0.0,0.0
2026-04-10 12:43:00-04:00,1.7999999523162842,1.7999999523162842,1.7998000383377075,1.7999999523162842,2610,0.0,0.0
2026-04-10 12:44:00-04:00,1.7949999570846558,1.7999999523162842,1.7899999618530273,1.7949999570846558,1627,0.0,0.0
2026-04-10 12:45:00-04:00,1.7999999523162842,1.7999999523162842,1.7964999675750732,1.7999999523162842,6256,0.0,0.0
2026-04-10 12:46:00-04:00,1.7999999523162842,1.7999999523162842,1.7999999523162842,1.7999999523162842,1796,0.0,0.0
2026-04-10 12:47:00-04:00,1.7999999523162842,1.7999999523162842,1.7999999523162842,1.7999999523162842,1307,0.0,0.0
2026-04-10 12:48:00-04:00,1.7999999523162842,1.8049999475479126,1.7999999523162842,1.7999999523162842,13818,0.0,0.0
2026-04-10 12:49:00-04:00,1.8000999689102173,1.809999942779541,1.7999999523162842,1.7999999523162842,29810,0.0,0.0
2026-04-10 12:50:00-04:00,1.805999994277954,1.805999994277954,1.7999999523162842,1.8049999475479126,11747,0.0,0.0
2026-04-10 12:51:00-04:00,1.805999994277954,1.809999942779541,1.7949999570846558,1.7949999570846558,15867,0.0,0.0
2026-04-10 12:52:00-04:00,1.7949999570846558,1.7949999570846558,1.7949999570846558,1.7949999570846558,2108,0.0,0.0
2026-04-10 12:53:00-04:00,1.7999999523162842,1.8049999475479126,1.7999999523162842,1.8020000457763672,27427,0.0,0.0
2026-04-10 12:54:00-04:00,1.8049999475479126,1.809999942779541,1.7999999523162842,1.809999942779541,10257,0.0,0.0
2026-04-10 12:55:00-04:00,1.7999999523162842,1.8099000453948975,1.7999999523162842,1.8000999689102173,4190,0.0,0.0
2026-04-10 12:56:00-04:00,1.7999999523162842,1.7999999523162842,1.7999999523162842,1.7999999523162842,108,0.0,0.0
2026-04-10 12:57:00-04:00,1.8049999475479126,1.8049999475479126,1.8049999475479126,1.8049999475479126,444,0.0,0.0
2026-04-10 12:58:00-04:00,1.7999999523162842,1.805999994277954,1.7999999523162842,1.7999999523162842,4240,0.0,0.0
2026-04-10 12:59:00-04:00,1.8049999475479126,1.8049999475479126,1.8049999475479126,1.8049999475479126,1913,0.0,0.0
2026-04-10 13:01:00-04:00,1.7999999523162842,1.7999999523162842,1.7999999523162842,1.7999999523162842,2008,0.0,0.0
2026-04-10 13:02:00-04:00,1.7999999523162842,1.7999999523162842,1.7999999523162842,1.7999999523162842,7340,0.0,0.0
2026-04-10 13:03:00-04:00,1.7999000549316406,1.7999000549316406,1.7949999570846558,1.7949999570846558,2823,0.0,0.0
2026-04-10 13:06:00-04:00,1.7949999570846558,1.7949999570846558,1.7899999618530273,1.7899999618530273,3889,0.0,0.0
2026-04-10 13:07:00-04:00,1.7949999570846558,1.7949999570846558,1.7949999570846558,1.7949999570846558,407,0.0,0.0
2026-04-10 13:09:00-04:00,1.7999999523162842,1.7999999523162842,1.7999999523162842,1.7999999523162842,646,0.0,0.0
2026-04-10 13:11:00-04:00,1.7942999601364136,1.7942999601364136,1.7942999601364136,1.7942999601364136,996,0.0,0.0
2026-04-10 13:12:00-04:00,1.7999999523162842,1.7999999523162842,1.7999999523162842,1.7999999523162842,818,0.0,0.0
2026-04-10 13:13:00-04:00,1.7949999570846558,1.7949999570846558,1.7949999570846558,1.7949999570846558,979,0.0,0.0
2026-04-10 13:15:00-04:00,1.7999000549316406,1.7999000549316406,1.7949999570846558,1.7949999570846558,1993,0.0,0.0
2026-04-10 13:16:00-04:00,1.7999999523162842,1.7999999523162842,1.7999999523162842,1.7999999523162842,2551,0.0,0.0
2026-04-10 13:17:00-04:00,1.7949999570846558,1.7949999570846558,1.7949999570846558,1.7949999570846558,2464,0.0,0.0
2026-04-10 13:18:00-04:00,1.7949999570846558,1.7999999523162842,1.7949999570846558,1.7949999570846558,4595,0.0,0.0
2026-04-10 13:19:00-04:00,1.7949999570846558,1.7999999523162842,1.7899999618530273,1.7949999570846558,6259,0.0,0.0
2026-04-10 13:21:00-04:00,1.7899999618530273,1.7899999618530273,1.7899999618530273,1.7899999618530273,3399,0.0,0.0
2026-04-10 13:23:00-04:00,1.798200011253357,1.798200011253357,1.798200011253357,1.798200011253357,224,0.0,0.0
2026-04-10 13:24:00-04:00,1.7899999618530273,1.7899999618530273,1.7899999618530273,1.7899999618530273,1267,0.0,0.0
2026-04-10 13:26:00-04:00,1.7999000549316406,1.7999000549316406,1.7999000549316406,1.7999000549316406,1934,0.0,0.0
2026-04-10 13:27:00-04:00,1.7999999523162842,1.7999999523162842,1.7949999570846558,1.7949999570846558,3682,0.0,0.0
2026-04-10 13:28:00-04:00,1.7999999523162842,1.7999999523162842,1.7949999570846558,1.7949999570846558,98561,0.0,0.0
2026-04-10 13:29:00-04:00,1.7999999523162842,1.7999999523162842,1.7900999784469604,1.7999999523162842,3252,0.0,0.0
2026-04-10 13:31:00-04:00,1.7949999570846558,1.7999999523162842,1.7949999570846558,1.7949999570846558,4614,0.0,0.0
2026-04-10 13:32:00-04:00,1.7999999523162842,1.7999999523162842,1.7949999570846558,1.7949999570846558,3957,0.0,0.0
2026-04-10 13:33:00-04:00,1.7999999523162842,1.8009999990463257,1.7949999570846558,1.7949999570846558,160506,0.0,0.0
2026-04-10 13:34:00-04:00,1.7999999523162842,1.7999999523162842,1.7899999618530273,1.7999999523162842,3221,0.0,0.0
2026-04-10 13:35:00-04:00,1.7999999523162842,1.7999999523162842,1.7949999570846558,1.7998000383377075,36305,0.0,0.0
2026-04-10 13:36:00-04:00,1.7899999618530273,1.7899999618530273,1.7899999618530273,1.7899999618530273,1431,0.0,0.0
2026-04-10 13:37:00-04:00,1.7999999523162842,1.7999999523162842,1.7999999523162842,1.7999999523162842,901,0.0,0.0
2026-04-10 13:38:00-04:00,1.7949999570846558,1.7949999570846558,1.7949999570846558,1.7949999570846558,741,0.0,0.0
2026-04-10 13:39:00-04:00,1.7999000549316406,1.7999999523162842,1.7999000549316406,1.7999999523162842,3932,0.0,0.0
2026-04-10 13:40:00-04:00,1.7999999523162842,1.7999999523162842,1.7949999570846558,1.7949999570846558,1640,0.0,0.0
2026-04-10 13:42:00-04:00,1.7999000549316406,1.7999000549316406,1.7949999570846558,1.7949999570846558,2450,0.0,0.0
2026-04-10 13:43:00-04:00,1.7949999570846558,1.7999999523162842,1.7949999570846558,1.7999999523162842,1160,0.0,0.0
2026-04-10 13:44:00-04:00,1.7949999570846558,1.7949999570846558,1.7799999713897705,1.7799999713897705,106119,0.0,0.0
2026-04-10 13:45:00-04:00,1.7799999713897705,1.7899999618530273,1.7799999713897705,1.7799999713897705,5635,0.0,0.0
2026-04-10 13:46:00-04:00,1.784999966621399,1.784999966621399,1.784999966621399,1.784999966621399,1530,0.0,0.0
2026-04-10 13:47:00-04:00,1.784999966621399,1.784999966621399,1.784999966621399,1.784999966621399,354,0.0,0.0
2026-04-10 13:48:00-04:00,1.788599967956543,1.7899999618530273,1.7799999713897705,1.7899999618530273,8147,0.0,0.0
2026-04-10 13:49:00-04:00,1.784999966621399,1.7898999452590942,1.784999966621399,1.7898999452590942,2865,0.0,0.0
2026-04-10 13:51:00-04:00,1.784999966621399,1.784999966621399,1.784999966621399,1.784999966621399,1931,0.0,0.0
2026-04-10 13:52:00-04:00,1.781999945640564,1.784999966621399,1.7799999713897705,1.784999966621399,8407,0.0,0.0
2026-04-10 13:53:00-04:00,1.7799999713897705,1.784999966621399,1.7799999713897705,1.784999966621399,1198,0.0,0.0
2026-04-10 13:54:00-04:00,1.7799999713897705,1.7898999452590942,1.7799999713897705,1.7898999452590942,282,0.0,0.0
2026-04-10 13:55:00-04:00,1.7799999713897705,1.7899999618530273,1.7799999713897705,1.7899999618530273,684,0.0,0.0
2026-04-10 13:56:00-04:00,1.784999966621399,1.7899999618530273,1.7799999713897705,1.7899999618530273,2982,0.0,0.0
2026-04-10 13:57:00-04:00,1.7799999713897705,1.7899999618530273,1.7799999713897705,1.7800999879837036,5858,0.0,0.0
2026-04-10 13:58:00-04:00,1.7799999713897705,1.7899999618530273,1.7799999713897705,1.7899999618530273,11528,0.0,0.0
2026-04-10 13:59:00-04:00,1.7899999618530273,1.7899999618530273,1.7800999879837036,1.7899999618530273,2797,0.0,0.0
2026-04-10 14:00:00-04:00,1.7899999618530273,1.7899999618530273,1.784999966621399,1.784999966621399,1684,0.0,0.0
2026-04-10 14:01:00-04:00,1.7899999618530273,1.7899999618530273,1.784999966621399,1.784999966621399,28250,0.0,0.0
2026-04-10 14:02:00-04:00,1.7899999618530273,1.7899999618530273,1.784999966621399,1.7899999618530273,976,0.0,0.0
2026-04-10 14:03:00-04:00,1.7899999618530273,1.7899999618530273,1.7799999713897705,1.7799999713897705,3011,0.0,0.0
2026-04-10 14:04:00-04:00,1.784999966621399,1.784999966621399,1.774999976158142,1.7760000228881836,53930,0.0,0.0
2026-04-10 14:05:00-04:00,1.7797000408172607,1.7899999618530273,1.7797000408172607,1.784999966621399,37641,0.0,0.0
2026-04-10 14:08:00-04:00,1.7799999713897705,1.7898999452590942,1.7799999713897705,1.784999966621399,29455,0.0,0.0
2026-04-10 14:09:00-04:00,1.784999966621399,1.7899999618530273,1.7800999879837036,1.784999966621399,25331,0.0,0.0
2026-04-10 14:10:00-04:00,1.780500054359436,1.780500054359436,1.780500054359436,1.780500054359436,1618,0.0,0.0
2026-04-10 14:11:00-04:00,1.784999966621399,1.784999966621399,1.784999966621399,1.784999966621399,881,0.0,0.0
2026-04-10 14:12:00-04:00,1.7799999713897705,1.784999966621399,1.7799999713897705,1.7803000211715698,7561,0.0,0.0
2026-04-10 14:13:00-04:00,1.784999966621399,1.784999966621399,1.784999966621399,1.784999966621399,1516,0.0,0.0
2026-04-10 14:14:00-04:00,1.784999966621399,1.7899999618530273,1.7800999879837036,1.7800999879837036,2962,0.0,0.0
2026-04-10 14:15:00-04:00,1.7899999618530273,1.7899999618530273,1.784999966621399,1.784999966621399,402,0.0,0.0
2026-04-10 14:16:00-04:00,1.784999966621399,1.7899999618530273,1.7799999713897705,1.7899999618530273,1593,0.0,0.0
2026-04-10 14:17:00-04:00,1.7899999618530273,1.7899999618530273,1.7799999713897705,1.7799999713897705,11812,0.0,0.0
2026-04-10 14:18:00-04:00,1.7799999713897705,1.7799999713897705,1.7799999713897705,1.7799999713897705,138,0.0,0.0
2026-04-10 14:19:00-04:00,1.784999966621399,1.784999966621399,1.784999966621399,1.784999966621399,851,0.0,0.0
2026-04-10 14:20:00-04:00,1.7834999561309814,1.7834999561309814,1.7834999561309814,1.7834999561309814,5597,0.0,0.0
2026-04-10 14:21:00-04:00,1.7899999618530273,1.7899999618530273,1.7799999713897705,1.7799999713897705,651,0.0,0.0
2026-04-10 14:22:00-04:00,1.7898999452590942,1.7899999618530273,1.7799999713897705,1.7799999713897705,4763,0.0,0.0
2026-04-10 14:23:00-04:00,1.7899999618530273,1.7899999618530273,1.7838000059127808,1.7838000059127808,395,0.0,0.0
2026-04-10 14:24:00-04:00,1.7899999618530273,1.7899999618530273,1.7899999618530273,1.7899999618530273,1161,0.0,0.0
2026-04-10 14:25:00-04:00,1.7899999618530273,1.7899999618530273,1.7899999618530273,1.7899999618530273,463,0.0,0.0
2026-04-10 14:26:00-04:00,1.7899999618530273,1.7899999618530273,1.7800999879837036,1.7882000207901,6453,0.0,0.0
2026-04-10 14:27:00-04:00,1.7898999452590942,1.7899999618530273,1.784999966621399,1.784999966621399,4557,0.0,0.0
2026-04-10 14:28:00-04:00,1.784999966621399,1.784999966621399,1.784999966621399,1.784999966621399,3059,0.0,0.0
2026-04-10 14:29:00-04:00,1.784999966621399,1.7899999618530273,1.784999966621399,1.7899999618530273,23503,0.0,0.0
2026-04-10 14:30:00-04:00,1.784999966621399,1.7899999618530273,1.7799999713897705,1.7898000478744507,11045,0.0,0.0
2026-04-10 14:31:00-04:00,1.784999966621399,1.7898999452590942,1.784999966621399,1.7898999452590942,2416,0.0,0.0
2026-04-10 14:32:00-04:00,1.784999966621399,1.7899999618530273,1.784999966621399,1.784999966621399,8632,0.0,0.0
2026-04-10 14:33:00-04:00,1.7899999618530273,1.7899999618530273,1.7898999452590942,1.7898999452590942,1457,0.0,0.0
2026-04-10 14:34:00-04:00,1.7899999618530273,1.7899999618530273,1.781000018119812,1.7898999452590942,3523,0.0,0.0
2026-04-10 14:35:00-04:00,1.784999966621399,1.784999966621399,1.784999966621399,1.784999966621399,2230,0.0,0.0
2026-04-10 14:36:00-04:00,1.7899999618530273,1.7899999618530273,1.7899999618530273,1.7899999618530273,583,0.0,0.0
2026-04-10 14:37:00-04:00,1.7799999713897705,1.784999966621399,1.7799999713897705,1.784999966621399,11447,0.0,0.0
2026-04-10 14:38:00-04:00,1.7899999618530273,1.7899999618530273,1.7899999618530273,1.7899999618530273,2060,0.0,0.0
2026-04-10 14:39:00-04:00,1.7890000343322754,1.7899999618530273,1.7799999713897705,1.7899999618530273,3154,0.0,0.0
2026-04-10 14:40:00-04:00,1.7800999879837036,1.7949999570846558,1.7800999879837036,1.7949999570846558,33714,0.0,0.0
2026-04-10 14:41:00-04:00,1.7949999570846558,1.7999999523162842,1.7899999618530273,1.7949999570846558,36584,0.0,0.0
2026-04-10 14:42:00-04:00,1.7949999570846558,1.7949999570846558,1.7899999618530273,1.7899999618530273,647,0.0,0.0
2026-04-10 14:43:00-04:00,1.7999999523162842,1.7999999523162842,1.7949999570846558,1.7949999570846558,2699,0.0,0.0
2026-04-10 14:44:00-04:00,1.7999999523162842,1.7999999523162842,1.7999999523162842,1.7999999523162842,2546,0.0,0.0
2026-04-10 14:45:00-04:00,1.7949999570846558,1.7949999570846558,1.784999966621399,1.784999966621399,28582,0.0,0.0
2026-04-10 14:46:00-04:00,1.784999966621399,1.784999966621399,1.7799999713897705,1.7799999713897705,3256,0.0,0.0
2026-04-10 14:47:00-04:00,1.7899999618530273,1.7899999618530273,1.7899999618530273,1.7899999618530273,862,0.0,0.0
2026-04-10 14:48:00-04:00,1.7899999618530273,1.7899999618530273,1.7799999713897705,1.7799999713897705,4971,0.0,0.0
2026-04-10 14:49:00-04:00,1.784999966621399,1.784999966621399,1.784999966621399,1.784999966621399,169,0.0,0.0
2026-04-10 14:50:00-04:00,1.784500002861023,1.7897000312805176,1.784500002861023,1.7889000177383423,2971,0.0,0.0
2026-04-10 14:51:00-04:00,1.7865999937057495,1.7865999937057495,1.784999966621399,1.784999966621399,1765,0.0,0.0
2026-04-10 14:52:00-04:00,1.7799999713897705,1.7899999618530273,1.7799999713897705,1.7899999618530273,20313,0.0,0.0
2026-04-10 14:53:00-04:00,1.784999966621399,1.7899999618530273,1.784999966621399,1.784999966621399,7041,0.0,0.0
2026-04-10 14:54:00-04:00,1.7899999618530273,1.7899999618530273,1.784999966621399,1.784999966621399,20486,0.0,0.0
2026-04-10 14:55:00-04:00,1.7800999879837036,1.7899999618530273,1.7800999879837036,1.7899999618530273,5538,0.0,0.0
2026-04-10 14:56:00-04:00,1.7899999618530273,1.7899999618530273,1.784999966621399,1.784999966621399,3223,0.0,0.0
2026-04-10 14:57:00-04:00,1.7899999618530273,1.7899999618530273,1.7799999713897705,1.7799999713897705,1419,0.0,0.0
2026-04-10 14:58:00-04:00,1.7898000478744507,1.7899999618530273,1.784999966621399,1.784999966621399,3626,0.0,0.0
2026-04-10 14:59:00-04:00,1.784999966621399,1.784999966621399,1.784999966621399,1.784999966621399,408,0.0,0.0
2026-04-10 15:00:00-04:00,1.7899999618530273,1.7899999618530273,1.784999966621399,1.7899999618530273,6301,0.0,0.0
2026-04-10 15:01:00-04:00,1.7899999618530273,1.7899999618530273,1.7899999618530273,1.7899999618530273,7638,0.0,0.0
2026-04-10 15:02:00-04:00,1.7899999618530273,1.7899999618530273,1.7899999618530273,1.7899999618530273,1515,0.0,0.0
2026-04-10 15:03:00-04:00,1.7899999618530273,1.7899999618530273,1.7898999452590942,1.7899999618530273,7470,0.0,0.0
2026-04-10 15:04:00-04:00,1.7899999618530273,1.7899999618530273,1.784999966621399,1.7899999618530273,3509,0.0,0.0
2026-04-10 15:05:00-04:00,1.7899999618530273,1.7899999618530273,1.784999966621399,1.784999966621399,21261,0.0,0.0
2026-04-10 15:06:00-04:00,1.782099962234497,1.7899999618530273,1.7811000347137451,1.784999966621399,3707,0.0,0.0
2026-04-10 15:07:00-04:00,1.7898999452590942,1.7899999618530273,1.7898999452590942,1.7899999618530273,3783,0.0,0.0
2026-04-10 15:08:00-04:00,1.784999966621399,1.7899999618530273,1.784999966621399,1.784999966621399,2495,0.0,0.0
2026-04-10 15:09:00-04:00,1.7899999618530273,1.7899999618530273,1.784999966621399,1.7899999618530273,6153,0.0,0.0
2026-04-10 15:10:00-04:00,1.7898000478744507,1.7899999618530273,1.7898000478744507,1.7899999618530273,702,0.0,0.0
2026-04-10 15:11:00-04:00,1.7899999618530273,1.7999999523162842,1.784999966621399,1.7949999570846558,44846,0.0,0.0
2026-04-10 15:12:00-04:00,1.7929999828338623,1.7999999523162842,1.7929999828338623,1.7949999570846558,13445,0.0,0.0
2026-04-10 15:13:00-04:00,1.7999999523162842,1.7999999523162842,1.7989000082015991,1.7999999523162842,1432,0.0,0.0
2026-04-10 15:14:00-04:00,1.7999999523162842,1.7999999523162842,1.7949999570846558,1.7999999523162842,3140,0.0,0.0
2026-04-10 15:15:00-04:00,1.7949999570846558,1.7999999523162842,1.7899999618530273,1.7899999618530273,14000,0.0,0.0
2026-04-10 15:16:00-04:00,1.7999999523162842,1.7999999523162842,1.7949999570846558,1.7999999523162842,1529,0.0,0.0
2026-04-10 15:17:00-04:00,1.7899999618530273,1.7949999570846558,1.7899999618530273,1.7949999570846558,73090,0.0,0.0
2026-04-10 15:18:00-04:00,1.7949999570846558,1.7949999570846558,1.784999966621399,1.784999966621399,35182,0.0,0.0
2026-04-10 15:19:00-04:00,1.784999966621399,1.7898999452590942,1.784999966621399,1.784999966621399,3427,0.0,0.0
2026-04-10 15:20:00-04:00,1.7799999713897705,1.784999966621399,1.7799999713897705,1.784999966621399,2412,0.0,0.0
2026-04-10 15:22:00-04:00,1.7898999452590942,1.7898999452590942,1.788599967956543,1.788599967956543,3032,0.0,0.0
2026-04-10 15:23:00-04:00,1.784999966621399,1.784999966621399,1.784999966621399,1.784999966621399,597,0.0,0.0
2026-04-10 15:24:00-04:00,1.7799999713897705,1.784999966621399,1.7799999713897705,1.7799999713897705,2375,0.0,0.0
2026-04-10 15:25:00-04:00,1.7802000045776367,1.7899999618530273,1.7802000045776367,1.784999966621399,10483,0.0,0.0
2026-04-10 15:28:00-04:00,1.7899999618530273,1.7899999618530273,1.7899999618530273,1.7899999618530273,595,0.0,0.0
2026-04-10 15:29:00-04:00,1.784999966621399,1.7899999618530273,1.784999966621399,1.7899999618530273,774,0.0,0.0
2026-04-10 15:30:00-04:00,1.7899999618530273,1.7899999618530273,1.784999966621399,1.7899999618530273,2038,0.0,0.0
2026-04-10 15:31:00-04:00,1.7892999649047852,1.7899999618530273,1.784999966621399,1.7899999618530273,3312,0.0,0.0
2026-04-10 15:32:00-04:00,1.784999966621399,1.7899999618530273,1.7799999713897705,1.7800999879837036,30128,0.0,0.0
2026-04-10 15:33:00-04:00,1.784999966621399,1.784999966621399,1.784999966621399,1.784999966621399,977,0.0,0.0
2026-04-10 15:34:00-04:00,1.784999966621399,1.784999966621399,1.784999966621399,1.784999966621399,1820,0.0,0.0
2026-04-10 15:35:00-04:00,1.784999966621399,1.784999966621399,1.784999966621399,1.784999966621399,937,0.0,0.0
2026-04-10 15:36:00-04:00,1.784999966621399,1.7899999618530273,1.7799999713897705,1.784999966621399,3323,0.0,0.0
2026-04-10 15:37:00-04:00,1.784999966621399,1.7899999618530273,1.7799999713897705,1.7799999713897705,2153,0.0,0.0
2026-04-10 15:38:00-04:00,1.784999966621399,1.784999966621399,1.7799999713897705,1.784999966621399,5212,0.0,0.0
2026-04-10 15:39:00-04:00,1.784999966621399,1.784999966621399,1.774999976158142,1.7799999713897705,109849,0.0,0.0
2026-04-10 15:40:00-04:00,1.7700999975204468,1.7760000228881836,1.7700999975204468,1.7760000228881836,2129,0.0,0.0
2026-04-10 15:41:00-04:00,1.774999976158142,1.774999976158142,1.774999976158142,1.774999976158142,996,0.0,0.0
2026-04-10 15:42:00-04:00,1.7719999551773071,1.774999976158142,1.7719999551773071,1.774999976158142,4906,0.0,0.0
2026-04-10 15:43:00-04:00,1.774999976158142,1.777899980545044,1.774999976158142,1.774999976158142,9530,0.0,0.0
2026-04-10 15:44:00-04:00,1.774999976158142,1.7799999713897705,1.774999976158142,1.7799999713897705,5292,0.0,0.0
2026-04-10 15:45:00-04:00,1.7799999713897705,1.7799999713897705,1.7699999809265137,1.774999976158142,27722,0.0,0.0
2026-04-10 15:46:00-04:00,1.7711000442504883,1.774999976158142,1.7711000442504883,1.774999976158142,5220,0.0,0.0
2026-04-10 15:47:00-04:00,1.774999976158142,1.774999976158142,1.774999976158142,1.774999976158142,2851,0.0,0.0
2026-04-10 15:48:00-04:00,1.774999976158142,1.7799999713897705,1.774999976158142,1.7799999713897705,2526,0.0,0.0
2026-04-10 15:49:00-04:00,1.7799999713897705,1.7799999713897705,1.7699999809265137,1.774999976158142,7819,0.0,0.0
2026-04-10 15:50:00-04:00,1.7799999713897705,1.7799999713897705,1.7699999809265137,1.7799999713897705,30703,0.0,0.0
2026-04-10 15:51:00-04:00,1.774999976158142,1.7799999713897705,1.774999976158142,1.7797000408172607,24684,0.0,0.0
2026-04-10 15:52:00-04:00,1.7798999547958374,1.7799999713897705,1.774999976158142,1.7799999713897705,6492,0.0,0.0
2026-04-10 15:53:00-04:00,1.774999976158142,1.784999966621399,1.7699999809265137,1.774999976158142,97802,0.0,0.0
2026-04-10 15:54:00-04:00,1.7799999713897705,1.7799999713897705,1.774999976158142,1.774999976158142,6969,0.0,0.0
2026-04-10 15:55:00-04:00,1.7799999713897705,1.7799999713897705,1.7699999809265137,1.774999976158142,106399,0.0,0.0
2026-04-10 15:56:00-04:00,1.774999976158142,1.7799999713897705,1.7699999809265137,1.7699999809265137,131597,0.0,0.0
2026-04-10 15:57:00-04:00,1.7699999809265137,1.7799999713897705,1.7699999809265137,1.774999976158142,45686,0.0,0.0
2026-04-10 15:58:00-04:00,1.7799999713897705,1.7799999713897705,1.75,1.7599999904632568,227734,0.0,0.0
2026-04-10 15:59:00-04:00,1.7549999952316284,1.7599999904632568,1.75,1.75,96333,0.0,0.0
2026-04-13 09:30:00-04:00,1.75,1.75,1.7400000095367432,1.75,150192,0.0,0.0
2026-04-13 09:31:00-04:00,1.7537000179290771,1.7537000179290771,1.7350000143051147,1.7400000095367432,43631,0.0,0.0
2026-04-13 09:32:00-04:00,1.7400000095367432,1.7400000095367432,1.7200000286102295,1.7300000190734863,45452,0.0,0.0
2026-04-13 09:33:00-04:00,1.725000023841858,1.7300000190734863,1.7200000286102295,1.725000023841858,36958,0.0,0.0
2026-04-13 09:34:00-04:00,1.7300000190734863,1.7350000143051147,1.7200000286102295,1.7300000190734863,29033,0.0,0.0
2026-04-13 09:35:00-04:00,1.7359999418258667,1.7359999418258667,1.7300000190734863,1.7300000190734863,672,0.0,0.0
2026-04-13 09:36:00-04:00,1.7300000190734863,1.7300000190734863,1.7200000286102295,1.7200000286102295,10447,0.0,0.0
2026-04-13 09:37:00-04:00,1.7300000190734863,1.7300000190734863,1.7200000286102295,1.7201000452041626,11396,0.0,0.0
2026-04-13 09:38:00-04:00,1.7300000190734863,1.7300000190734863,1.7200000286102295,1.725000023841858,21300,0.0,0.0
2026-04-13 09:39:00-04:00,1.725000023841858,1.7300000190734863,1.7200000286102295,1.7200000286102295,16321,0.0,0.0
2026-04-13 09:40:00-04:00,1.7200000286102295,1.725000023841858,1.7100000381469727,1.715000033378601,36603,0.0,0.0
2026-04-13 09:41:00-04:00,1.7200000286102295,1.725000023841858,1.715000033378601,1.725000023841858,19801,0.0,0.0
2026-04-13 09:42:00-04:00,1.7200000286102295,1.7300000190734863,1.7200000286102295,1.7300000190734863,4635,0.0,0.0
2026-04-13 09:43:00-04:00,1.725000023841858,1.7300000190734863,1.725000023841858,1.7300000190734863,14490,0.0,0.0
2026-04-13 09:44:00-04:00,1.725000023841858,1.725000023841858,1.7200000286102295,1.7201000452041626,1687,0.0,0.0
2026-04-13 09:45:00-04:00,1.725000023841858,1.725000023841858,1.7100000381469727,1.7200000286102295,49850,0.0,0.0
2026-04-13 09:46:00-04:00,1.7199000120162964,1.7199000120162964,1.7101000547409058,1.7193000316619873,5375,0.0,0.0
2026-04-13 09:47:00-04:00,1.7200000286102295,1.7200000286102295,1.7100000381469727,1.7100000381469727,8067,0.0,0.0
2026-04-13 09:48:00-04:00,1.7101000547409058,1.7200000286102295,1.7100000381469727,1.7100000381469727,15535,0.0,0.0
2026-04-13 09:49:00-04:00,1.7100000381469727,1.725000023841858,1.7100000381469727,1.725000023841858,14331,0.0,0.0
2026-04-13 09:50:00-04:00,1.725000023841858,1.725000023841858,1.725000023841858,1.725000023841858,747,0.0,0.0
2026-04-13 09:51:00-04:00,1.7299000024795532,1.7299000024795532,1.7200000286102295,1.725000023841858,4591,0.0,0.0
2026-04-13 09:52:00-04:00,1.7200000286102295,1.725000023841858,1.7200000286102295,1.725000023841858,4768,0.0,0.0
2026-04-13 09:53:00-04:00,1.725000023841858,1.725000023841858,1.7238999605178833,1.7238999605178833,4970,0.0,0.0
2026-04-13 09:54:00-04:00,1.7300000190734863,1.7350000143051147,1.7200000286102295,1.7350000143051147,7182,0.0,0.0
2026-04-13 09:55:00-04:00,1.7350000143051147,1.7400000095367432,1.7350000143051147,1.7350000143051147,51071,0.0,0.0
2026-04-13 09:56:00-04:00,1.7400000095367432,1.75,1.7300000190734863,1.7400000095367432,22153,0.0,0.0
2026-04-13 09:57:00-04:00,1.7450000047683716,1.7599999904632568,1.7450000047683716,1.7549999952316284,37772,0.0,0.0
2026-04-13 09:58:00-04:00,1.75,1.7599999904632568,1.75,1.7599999904632568,1775,0.0,0.0
2026-04-13 09:59:00-04:00,1.7599999904632568,1.7699999809265137,1.7599999904632568,1.760699987411499,4065,0.0,0.0
2026-04-13 10:00:00-04:00,1.7699999809265137,1.7899999618530273,1.7699999809265137,1.7899999618530273,38122,0.0,0.0
2026-04-13 10:01:00-04:00,1.7899999618530273,1.7899999618530273,1.781000018119812,1.784999966621399,11056,0.0,0.0
2026-04-13 10:02:00-04:00,1.7806999683380127,1.784999966621399,1.7549999952316284,1.7549999952316284,110906,0.0,0.0
2026-04-13 10:03:00-04:00,1.7549999952316284,1.7549999952316284,1.7549999952316284,1.7549999952316284,10279,0.0,0.0
2026-04-13 10:04:00-04:00,1.7549999952316284,1.7598999738693237,1.75,1.75,3565,0.0,0.0
2026-04-13 10:05:00-04:00,1.753000020980835,1.7549999952316284,1.7400000095367432,1.749899983406067,31066,0.0,0.0
2026-04-13 10:06:00-04:00,1.7400000095367432,1.7400000095367432,1.7400000095367432,1.7400000095367432,14072,0.0,0.0
2026-04-13 10:07:00-04:00,1.7400000095367432,1.7400000095367432,1.7400000095367432,1.7400000095367432,1387,0.0,0.0
2026-04-13 10:08:00-04:00,1.7400000095367432,1.7450000047683716,1.7350000143051147,1.7350000143051147,7219,0.0,0.0
2026-04-13 10:09:00-04:00,1.7300000190734863,1.7350000143051147,1.7200000286102295,1.7200000286102295,120606,0.0,0.0
2026-04-13 10:10:00-04:00,1.7299000024795532,1.7450000047683716,1.725000023841858,1.7401000261306763,25419,0.0,0.0
2026-04-13 10:11:00-04:00,1.75,1.75,1.7450000047683716,1.75,7699,0.0,0.0
2026-04-13 10:12:00-04:00,1.7400000095367432,1.7599999904632568,1.7400000095367432,1.7549999952316284,50667,0.0,0.0
2026-04-13 10:13:00-04:00,1.7549999952316284,1.7596999406814575,1.75,1.7596999406814575,15748,0.0,0.0
2026-04-13 10:15:00-04:00,1.7599999904632568,1.7599999904632568,1.7549999952316284,1.7599999904632568,3938,0.0,0.0
2026-04-13 10:16:00-04:00,1.75,1.7599999904632568,1.75,1.7599999904632568,2415,0.0,0.0
2026-04-13 10:17:00-04:00,1.75,1.75,1.75,1.75,1160,0.0,0.0
2026-04-13 10:18:00-04:00,1.75,1.75,1.7450000047683716,1.75,13426,0.0,0.0
2026-04-13 10:19:00-04:00,1.7450000047683716,1.7450000047683716,1.7450000047683716,1.7450000047683716,606,0.0,0.0
2026-04-13 10:20:00-04:00,1.7450000047683716,1.7549999952316284,1.7450000047683716,1.75,4970,0.0,0.0
2026-04-13 10:21:00-04:00,1.75,1.7549999952316284,1.75,1.7549999952316284,2524,0.0,0.0
2026-04-13 10:22:00-04:00,1.75,1.7549999952316284,1.75,1.75,3035,0.0,0.0
2026-04-13 10:23:00-04:00,1.7549999952316284,1.7549999952316284,1.75,1.75,7455,0.0,0.0
2026-04-13 10:24:00-04:00,1.75,1.7592999935150146,1.75,1.7549999952316284,2924,0.0,0.0
2026-04-13 10:25:00-04:00,1.75,1.7549999952316284,1.75,1.7549999952316284,1630,0.0,0.0
2026-04-13 10:26:00-04:00,1.75,1.7549999952316284,1.75,1.75,1435,0.0,0.0
2026-04-13 10:27:00-04:00,1.7549999952316284,1.7649999856948853,1.7549999952316284,1.7649999856948853,22024,0.0,0.0
2026-04-13 10:28:00-04:00,1.7649999856948853,1.7649999856948853,1.7649999856948853,1.7649999856948853,818,0.0,0.0
2026-04-13 10:29:00-04:00,1.7698999643325806,1.7698999643325806,1.7599999904632568,1.7698999643325806,1028,0.0,0.0
2026-04-13 10:30:00-04:00,1.7599999904632568,1.7599999904632568,1.7599999904632568,1.7599999904632568,666,0.0,0.0
2026-04-13 10:31:00-04:00,1.7699999809265137,1.7699999809265137,1.7599999904632568,1.7599999904632568,1465,0.0,0.0
2026-04-13 10:32:00-04:00,1.7649999856948853,1.7649999856948853,1.7599999904632568,1.7599999904632568,2825,0.0,0.0
2026-04-13 10:33:00-04:00,1.7698999643325806,1.7699999809265137,1.7698999643325806,1.7699999809265137,4031,0.0,0.0
2026-04-13 10:34:00-04:00,1.7699999809265137,1.7699999809265137,1.7649999856948853,1.7699999809265137,8664,0.0,0.0
2026-04-13 10:35:00-04:00,1.7698999643325806,1.7698999643325806,1.7698999643325806,1.7698999643325806,607,0.0,0.0
2026-04-13 10:36:00-04:00,1.760200023651123,1.7699999809265137,1.760200023651123,1.7699999809265137,2148,0.0,0.0
2026-04-13 10:37:00-04:00,1.760200023651123,1.7699999809265137,1.760200023651123,1.7699999809265137,1932,0.0,0.0
2026-04-13 10:38:00-04:00,1.7699999809265137,1.7699999809265137,1.7599999904632568,1.7599999904632568,35517,0.0,0.0
2026-04-13 10:39:00-04:00,1.7699999809265137,1.774999976158142,1.7699999809265137,1.7699999809265137,23507,0.0,0.0
2026-04-13 10:40:00-04:00,1.7649999856948853,1.7699999809265137,1.7649999856948853,1.7649999856948853,38001,0.0,0.0
2026-04-13 10:41:00-04:00,1.7699999809265137,1.7699999809265137,1.7649999856948853,1.7649999856948853,8990,0.0,0.0
2026-04-13 10:42:00-04:00,1.7649999856948853,1.7649999856948853,1.7599999904632568,1.7599999904632568,10188,0.0,0.0
2026-04-13 10:43:00-04:00,1.7649999856948853,1.7699999809265137,1.7649999856948853,1.7699999809265137,17504,0.0,0.0
2026-04-13 10:44:00-04:00,1.7599999904632568,1.7599999904632568,1.7549999952316284,1.7549999952316284,31906,0.0,0.0
2026-04-13 10:45:00-04:00,1.7549999952316284,1.7549999952316284,1.7300000190734863,1.7350000143051147,271631,0.0,0.0
2026-04-13 10:46:00-04:00,1.7400000095367432,1.749899983406067,1.7300000190734863,1.7300000190734863,38977,0.0,0.0
2026-04-13 10:47:00-04:00,1.7350000143051147,1.7400000095367432,1.7300000190734863,1.73989999294281,168757,0.0,0.0
2026-04-13 10:48:00-04:00,1.7350000143051147,1.7400000095367432,1.7300000190734863,1.7400000095367432,16398,0.0,0.0
2026-04-13 10:49:00-04:00,1.7350000143051147,1.7400000095367432,1.7350000143051147,1.7400000095367432,7320,0.0,0.0
2026-04-13 10:50:00-04:00,1.7301000356674194,1.73989999294281,1.7301000356674194,1.73989999294281,16139,0.0,0.0
2026-04-13 10:51:00-04:00,1.7350000143051147,1.7350000143051147,1.7350000143051147,1.7350000143051147,401,0.0,0.0
2026-04-13 10:52:00-04:00,1.7400000095367432,1.7400000095367432,1.7350000143051147,1.7350000143051147,3685,0.0,0.0
2026-04-13 10:53:00-04:00,1.7400000095367432,1.7400000095367432,1.7350000143051147,1.7378000020980835,782,0.0,0.0
2026-04-13 10:54:00-04:00,1.7300000190734863,1.7350000143051147,1.7300000190734863,1.7300000190734863,6540,0.0,0.0
2026-04-13 10:55:00-04:00,1.7350000143051147,1.7400000095367432,1.7300000190734863,1.7350000143051147,21552,0.0,0.0
2026-04-13 10:56:00-04:00,1.7350000143051147,1.7400000095367432,1.7350000143051147,1.7396999597549438,4567,0.0,0.0
2026-04-13 10:57:00-04:00,1.7400000095367432,1.7450000047683716,1.7400000095367432,1.7450000047683716,16967,0.0,0.0
2026-04-13 10:58:00-04:00,1.7400000095367432,1.7400000095367432,1.7300000190734863,1.7400000095367432,13569,0.0,0.0
2026-04-13 10:59:00-04:00,1.7301000356674194,1.7400000095367432,1.7301000356674194,1.7350000143051147,4823,0.0,0.0
2026-04-13 11:00:00-04:00,1.7350000143051147,1.7450000047683716,1.7350000143051147,1.7350000143051147,15653,0.0,0.0
2026-04-13 11:01:00-04:00,1.7350000143051147,1.7350000143051147,1.7350000143051147,1.7350000143051147,181,0.0,0.0
2026-04-13 11:02:00-04:00,1.7350000143051147,1.7400000095367432,1.7317999601364136,1.7317999601364136,1564,0.0,0.0
2026-04-13 11:03:00-04:00,1.7300000190734863,1.73989999294281,1.7300000190734863,1.7350000143051147,2550,0.0,0.0
2026-04-13 11:04:00-04:00,1.7300000190734863,1.7300000190734863,1.7300000190734863,1.7300000190734863,186,0.0,0.0
2026-04-13 11:05:00-04:00,1.7300000190734863,1.7350000143051147,1.725000023841858,1.725000023841858,76780,0.0,0.0
2026-04-13 11:06:00-04:00,1.725000023841858,1.7300000190734863,1.725000023841858,1.7300000190734863,7950,0.0,0.0
2026-04-13 11:07:00-04:00,1.7237000465393066,1.729699969291687,1.7207000255584717,1.725000023841858,18798,0.0,0.0
2026-04-13 11:08:00-04:00,1.725000023841858,1.725000023841858,1.725000023841858,1.725000023841858,6533,0.0,0.0
2026-04-13 11:09:00-04:00,1.725000023841858,1.725000023841858,1.725000023841858,1.725000023841858,5442,0.0,0.0
2026-04-13 11:10:00-04:00,1.725000023841858,1.7259999513626099,1.7200000286102295,1.7200000286102295,15227,0.0,0.0
2026-04-13 11:11:00-04:00,1.725000023841858,1.7254999876022339,1.7200000286102295,1.7200000286102295,2040,0.0,0.0
2026-04-13 11:12:00-04:00,1.725000023841858,1.725000023841858,1.7200000286102295,1.7200000286102295,1253,0.0,0.0
2026-04-13 11:13:00-04:00,1.7201000452041626,1.7289999723434448,1.7200000286102295,1.7289999723434448,2152,0.0,0.0
2026-04-13 11:14:00-04:00,1.7200000286102295,1.725000023841858,1.7200000286102295,1.7201000452041626,45979,0.0,0.0
2026-04-13 11:15:00-04:00,1.7299000024795532,1.7300000190734863,1.7200000286102295,1.725000023841858,3715,0.0,0.0
2026-04-13 11:16:00-04:00,1.725000023841858,1.725000023841858,1.725000023841858,1.725000023841858,2100,0.0,0.0
2026-04-13 11:17:00-04:00,1.7300000190734863,1.7300000190734863,1.7200000286102295,1.7200000286102295,4428,0.0,0.0
2026-04-13 11:18:00-04:00,1.7200000286102295,1.725000023841858,1.7200000286102295,1.7200000286102295,3015,0.0,0.0
2026-04-13 11:19:00-04:00,1.7200000286102295,1.7300000190734863,1.7200000286102295,1.7200000286102295,13876,0.0,0.0
2026-04-13 11:20:00-04:00,1.7200000286102295,1.7200000286102295,1.715000033378601,1.715000033378601,78960,0.0,0.0
2026-04-13 11:21:00-04:00,1.715000033378601,1.7200000286102295,1.715000033378601,1.715000033378601,12277,0.0,0.0
2026-04-13 11:22:00-04:00,1.715000033378601,1.7200000286102295,1.7100000381469727,1.715000033378601,14918,0.0,0.0
2026-04-13 11:23:00-04:00,1.715000033378601,1.715000033378601,1.715000033378601,1.715000033378601,1877,0.0,0.0
2026-04-13 11:24:00-04:00,1.715000033378601,1.7199000120162964,1.715000033378601,1.7161999940872192,5205,0.0,0.0
2026-04-13 11:25:00-04:00,1.715000033378601,1.715000033378601,1.7101000547409058,1.715000033378601,1280,0.0,0.0
2026-04-13 11:26:00-04:00,1.715000033378601,1.7200000286102295,1.7121000289916992,1.715000033378601,9497,0.0,0.0
2026-04-13 11:27:00-04:00,1.7100000381469727,1.7200000286102295,1.7100000381469727,1.715000033378601,2526,0.0,0.0
2026-04-13 11:28:00-04:00,1.715000033378601,1.7200000286102295,1.7121000289916992,1.7200000286102295,17103,0.0,0.0
2026-04-13 11:29:00-04:00,1.715000033378601,1.715000033378601,1.7100000381469727,1.715000033378601,1891,0.0,0.0
2026-04-13 11:30:00-04:00,1.715000033378601,1.715000033378601,1.715000033378601,1.715000033378601,603,0.0,0.0
2026-04-13 11:31:00-04:00,1.715000033378601,1.715000033378601,1.7100000381469727,1.715000033378601,1386,0.0,0.0
2026-04-13 11:32:00-04:00,1.7100000381469727,1.7200000286102295,1.7100000381469727,1.715000033378601,2985,0.0,0.0
2026-04-13 11:33:00-04:00,1.715000033378601,1.7200000286102295,1.7100000381469727,1.715000033378601,6170,0.0,0.0
2026-04-13 11:34:00-04:00,1.7100000381469727,1.7200000286102295,1.7100000381469727,1.7200000286102295,17146,0.0,0.0
2026-04-13 11:35:00-04:00,1.7100000381469727,1.7100000381469727,1.7100000381469727,1.7100000381469727,867,0.0,0.0
2026-04-13 11:36:00-04:00,1.715000033378601,1.7200000286102295,1.7101000547409058,1.7101000547409058,5007,0.0,0.0
2026-04-13 11:37:00-04:00,1.715000033378601,1.7199000120162964,1.7100000381469727,1.7100000381469727,2082,0.0,0.0
2026-04-13 11:38:00-04:00,1.7100000381469727,1.7200000286102295,1.7100000381469727,1.7197999954223633,5018,0.0,0.0
2026-04-13 11:39:00-04:00,1.7200000286102295,1.7200000286102295,1.7100000381469727,1.7100000381469727,2454,0.0,0.0
2026-04-13 11:40:00-04:00,1.7100000381469727,1.725000023841858,1.7100000381469727,1.725000023841858,53269,0.0,0.0
2026-04-13 11:41:00-04:00,1.725000023841858,1.725000023841858,1.725000023841858,1.725000023841858,5095,0.0,0.0
2026-04-13 11:42:00-04:00,1.725000023841858,1.7299000024795532,1.7200000286102295,1.725000023841858,4921,0.0,0.0
2026-04-13 11:43:00-04:00,1.725000023841858,1.7300000190734863,1.7200000286102295,1.7200000286102295,3037,0.0,0.0
2026-04-13 11:44:00-04:00,1.725000023841858,1.725000023841858,1.725000023841858,1.725000023841858,1229,0.0,0.0
2026-04-13 11:45:00-04:00,1.725000023841858,1.725000023841858,1.7200000286102295,1.725000023841858,3177,0.0,0.0
2026-04-13 11:46:00-04:00,1.7299000024795532,1.7299000024795532,1.7200000286102295,1.725000023841858,12964,0.0,0.0
2026-04-13 11:47:00-04:00,1.725000023841858,1.725000023841858,1.725000023841858,1.725000023841858,1930,0.0,0.0
2026-04-13 11:48:00-04:00,1.7300000190734863,1.7350000143051147,1.725000023841858,1.7301000356674194,29207,0.0,0.0
2026-04-13 11:49:00-04:00,1.7350000143051147,1.7350000143051147,1.725000023841858,1.7288000583648682,18447,0.0,0.0
2026-04-13 11:50:00-04:00,1.7300000190734863,1.7300000190734863,1.725000023841858,1.7300000190734863,2327,0.0,0.0
2026-04-13 11:51:00-04:00,1.7300000190734863,1.7300000190734863,1.725000023841858,1.725000023841858,422,0.0,0.0
2026-04-13 11:52:00-04:00,1.7299000024795532,1.7299000024795532,1.725000023841858,1.7288999557495117,2030,0.0,0.0
2026-04-13 11:53:00-04:00,1.7259999513626099,1.7259999513626099,1.7201999425888062,1.725000023841858,643,0.0,0.0
2026-04-13 11:54:00-04:00,1.725000023841858,1.725000023841858,1.725000023841858,1.725000023841858,133,0.0,0.0
2026-04-13 11:55:00-04:00,1.7300000190734863,1.7300000190734863,1.7300000190734863,1.7300000190734863,1000,0.0,0.0
2026-04-13 11:56:00-04:00,1.725000023841858,1.725000023841858,1.725000023841858,1.725000023841858,906,0.0,0.0
2026-04-13 11:57:00-04:00,1.725000023841858,1.7300000190734863,1.725000023841858,1.7300000190734863,1036,0.0,0.0
2026-04-13 11:58:00-04:00,1.725000023841858,1.7300000190734863,1.725000023841858,1.725000023841858,4336,0.0,0.0
2026-04-13 11:59:00-04:00,1.725000023841858,1.7300000190734863,1.725000023841858,1.7300000190734863,1612,0.0,0.0
2026-04-13 12:00:00-04:00,1.7300000190734863,1.7400000095367432,1.7300000190734863,1.7350000143051147,6282,0.0,0.0
2026-04-13 12:01:00-04:00,1.7350000143051147,1.7350000143051147,1.7350000143051147,1.7350000143051147,1350,0.0,0.0
2026-04-13 12:02:00-04:00,1.7300000190734863,1.7301000356674194,1.725000023841858,1.725000023841858,15694,0.0,0.0
2026-04-13 12:03:00-04:00,1.7200000286102295,1.725000023841858,1.7200000286102295,1.725000023841858,1170,0.0,0.0
2026-04-13 12:04:00-04:00,1.7259999513626099,1.7259999513626099,1.725000023841858,1.725000023841858,1362,0.0,0.0
2026-04-13 12:05:00-04:00,1.725000023841858,1.7300000190734863,1.725000023841858,1.7280000448226929,2474,0.0,0.0
2026-04-13 12:06:00-04:00,1.7300000190734863,1.7350000143051147,1.7300000190734863,1.7350000143051147,9256,0.0,0.0
2026-04-13 12:07:00-04:00,1.7371000051498413,1.7371000051498413,1.7350000143051147,1.7350000143051147,2633,0.0,0.0
2026-04-13 12:08:00-04:00,1.7301000356674194,1.7350000143051147,1.7301000356674194,1.7350000143051147,1790,0.0,0.0
2026-04-13 12:09:00-04:00,1.7350000143051147,1.7359999418258667,1.7350000143051147,1.7359999418258667,207,0.0,0.0
2026-04-13 12:10:00-04:00,1.7300000190734863,1.73989999294281,1.7300000190734863,1.7350000143051147,4931,0.0,0.0
2026-04-13 12:11:00-04:00,1.7300000190734863,1.7350000143051147,1.7300000190734863,1.7350000143051147,2304,0.0,0.0
2026-04-13 12:12:00-04:00,1.7300000190734863,1.7350000143051147,1.7300000190734863,1.7350000143051147,11438,0.0,0.0
2026-04-13 12:13:00-04:00,1.73989999294281,1.73989999294281,1.725000023841858,1.725000023841858,8036,0.0,0.0
2026-04-13 12:14:00-04:00,1.725000023841858,1.725000023841858,1.725000023841858,1.725000023841858,3805,0.0,0.0
2026-04-13 12:15:00-04:00,1.725000023841858,1.7300000190734863,1.725000023841858,1.7300000190734863,2636,0.0,0.0
2026-04-13 12:16:00-04:00,1.7300000190734863,1.7300000190734863,1.7300000190734863,1.7300000190734863,1731,0.0,0.0
2026-04-13 12:17:00-04:00,1.7300000190734863,1.7300000190734863,1.7300000190734863,1.7300000190734863,1101,0.0,0.0
2026-04-13 12:18:00-04:00,1.7300000190734863,1.7300000190734863,1.725000023841858,1.725000023841858,2289,0.0,0.0
2026-04-13 12:19:00-04:00,1.725000023841858,1.725000023841858,1.725000023841858,1.725000023841858,7106,0.0,0.0
2026-04-13 12:20:00-04:00,1.7300000190734863,1.7300000190734863,1.725000023841858,1.725000023841858,3944,0.0,0.0
2026-04-13 12:21:00-04:00,1.7300000190734863,1.7350000143051147,1.7201000452041626,1.7350000143051147,25853,0.0,0.0
2026-04-13 12:22:00-04:00,1.7396999597549438,1.7396999597549438,1.7396999597549438,1.7396999597549438,302,0.0,0.0
2026-04-13 12:23:00-04:00,1.7350000143051147,1.73989999294281,1.7350000143051147,1.7350000143051147,1301,0.0,0.0
2026-04-13 12:24:00-04:00,1.7350000143051147,1.7400000095367432,1.7300000190734863,1.7350000143051147,494,0.0,0.0
2026-04-13 12:25:00-04:00,1.7319999933242798,1.7350000143051147,1.7201999425888062,1.7300000190734863,104929,0.0,0.0
2026-04-13 12:26:00-04:00,1.725000023841858,1.7300000190734863,1.725000023841858,1.7300000190734863,13742,0.0,0.0
2026-04-13 12:27:00-04:00,1.725000023841858,1.7300000190734863,1.725000023841858,1.725000023841858,5154,0.0,0.0
2026-04-13 12:28:00-04:00,1.7297999858856201,1.7300000190734863,1.7297999858856201,1.7300000190734863,9521,0.0,0.0
2026-04-13 12:29:00-04:00,1.725000023841858,1.7350000143051147,1.725000023841858,1.7300000190734863,35922,0.0,0.0
2026-04-13 12:30:00-04:00,1.7301000356674194,1.739799976348877,1.7301000356674194,1.7311999797821045,10010,0.0,0.0
2026-04-13 12:31:00-04:00,1.7317999601364136,1.7350000143051147,1.7300000190734863,1.7300000190734863,362,0.0,0.0
2026-04-13 12:32:00-04:00,1.7350000143051147,1.7400000095367432,1.7350000143051147,1.7350000143051147,6735,0.0,0.0
2026-04-13 12:33:00-04:00,1.7350000143051147,1.736899971961975,1.7350000143051147,1.7350000143051147,6731,0.0,0.0
2026-04-13 12:34:00-04:00,1.7350000143051147,1.7400000095367432,1.7350000143051147,1.7400000095367432,13279,0.0,0.0
2026-04-13 12:35:00-04:00,1.736899971961975,1.736899971961975,1.7300000190734863,1.7300000190734863,740,0.0,0.0
2026-04-13 12:36:00-04:00,1.7400000095367432,1.7400000095367432,1.7350000143051147,1.7350000143051147,1799,0.0,0.0
2026-04-13 12:38:00-04:00,1.7400000095367432,1.7400000095367432,1.7300000190734863,1.7300000190734863,26961,0.0,0.0
2026-04-13 12:39:00-04:00,1.7300000190734863,1.7300000190734863,1.7300000190734863,1.7300000190734863,806,0.0,0.0
2026-04-13 12:40:00-04:00,1.7400000095367432,1.7400000095367432,1.7350000143051147,1.7350000143051147,1299,0.0,0.0
2026-04-13 12:41:00-04:00,1.7300000190734863,1.7400000095367432,1.7300000190734863,1.73989999294281,23672,0.0,0.0
2026-04-13 12:42:00-04:00,1.7301000356674194,1.7301000356674194,1.7301000356674194,1.7301000356674194,2864,0.0,0.0
2026-04-13 12:44:00-04:00,1.7350000143051147,1.7350000143051147,1.7300000190734863,1.7350000143051147,4479,0.0,0.0
2026-04-13 12:45:00-04:00,1.7400000095367432,1.7400000095367432,1.7300000190734863,1.7350000143051147,5138,0.0,0.0
2026-04-13 12:46:00-04:00,1.7350000143051147,1.7350000143051147,1.7350000143051147,1.7350000143051147,2170,0.0,0.0
2026-04-13 12:47:00-04:00,1.7350000143051147,1.7400000095367432,1.7350000143051147,1.7350000143051147,6876,0.0,0.0
2026-04-13 12:48:00-04:00,1.7400000095367432,1.7450000047683716,1.7400000095367432,1.7450000047683716,26251,0.0,0.0
2026-04-13 12:49:00-04:00,1.7450000047683716,1.7450000047683716,1.7450000047683716,1.7450000047683716,225,0.0,0.0
2026-04-13 12:50:00-04:00,1.7426999807357788,1.7450000047683716,1.7426999807357788,1.7450000047683716,3393,0.0,0.0
2026-04-13 12:51:00-04:00,1.7450000047683716,1.7450000047683716,1.7400000095367432,1.7400000095367432,0,0.0,0.0
2026-04-13 12:52:00-04:00,1.7450000047683716,1.7450000047683716,1.7450000047683716,1.7450000047683716,303,0.0,0.0
2026-04-13 12:53:00-04:00,1.7400000095367432,1.7407000064849854,1.7400000095367432,1.7407000064849854,312,0.0,0.0
2026-04-13 12:54:00-04:00,1.7400000095367432,1.7410999536514282,1.7350000143051147,1.7350000143051147,12963,0.0,0.0
2026-04-13 12:55:00-04:00,1.7400000095367432,1.7400000095367432,1.7400000095367432,1.7400000095367432,799,0.0,0.0
2026-04-13 12:57:00-04:00,1.7400000095367432,1.7400000095367432,1.7350000143051147,1.7350000143051147,2873,0.0,0.0
2026-04-13 12:58:00-04:00,1.7350000143051147,1.7400000095367432,1.7350000143051147,1.739799976348877,8794,0.0,0.0
2026-04-13 12:59:00-04:00,1.7389999628067017,1.7450000047683716,1.7350000143051147,1.7450000047683716,9485,0.0,0.0
2026-04-13 13:00:00-04:00,1.7496999502182007,1.7496999502182007,1.7496999502182007,1.7496999502182007,504,0.0,0.0
2026-04-13 13:01:00-04:00,1.7400000095367432,1.7450000047683716,1.7400000095367432,1.7401000261306763,600,0.0,0.0
2026-04-13 13:02:00-04:00,1.7400000095367432,1.746999979019165,1.7400000095367432,1.746999979019165,4895,0.0,0.0
2026-04-13 13:03:00-04:00,1.75,1.75,1.7400000095367432,1.7400000095367432,11540,0.0,0.0
2026-04-13 13:04:00-04:00,1.7450000047683716,1.75,1.7450000047683716,1.75,783,0.0,0.0
2026-04-13 13:05:00-04:00,1.75,1.75,1.749899983406067,1.749899983406067,533,0.0,0.0
2026-04-13 13:07:00-04:00,1.75,1.75,1.7450000047683716,1.7450000047683716,2427,0.0,0.0
2026-04-13 13:08:00-04:00,1.75,1.7599999904632568,1.749899983406067,1.7549999952316284,72616,0.0,0.0
2026-04-13 13:09:00-04:00,1.7599999904632568,1.7599999904632568,1.750100016593933,1.7549999952316284,6616,0.0,0.0
2026-04-13 13:10:00-04:00,1.7549999952316284,1.7599999904632568,1.7549999952316284,1.7599999904632568,2793,0.0,0.0
2026-04-13 13:11:00-04:00,1.75,1.7599999904632568,1.75,1.7599999904632568,1260,0.0,0.0
2026-04-13 13:12:00-04:00,1.7599999904632568,1.7599999904632568,1.7549999952316284,1.7599999904632568,827,0.0,0.0
2026-04-13 13:13:00-04:00,1.7599999904632568,1.7599999904632568,1.7549999952316284,1.7599999904632568,1010,0.0,0.0
2026-04-13 13:14:00-04:00,1.7549999952316284,1.7599999904632568,1.7549999952316284,1.7599999904632568,10549,0.0,0.0
2026-04-13 13:15:00-04:00,1.7599999904632568,1.7599999904632568,1.75,1.7549999952316284,16116,0.0,0.0
2026-04-13 13:16:00-04:00,1.7549999952316284,1.7549999952316284,1.7549999952316284,1.7549999952316284,1201,0.0,0.0
2026-04-13 13:17:00-04:00,1.7549999952316284,1.7599999904632568,1.7549999952316284,1.7599999904632568,5801,0.0,0.0
2026-04-13 13:18:00-04:00,1.7599999904632568,1.7599999904632568,1.7549999952316284,1.7549999952316284,1479,0.0,0.0
2026-04-13 13:19:00-04:00,1.7549999952316284,1.7599999904632568,1.750100016593933,1.7599999904632568,1203,0.0,0.0
2026-04-13 13:20:00-04:00,1.7599999904632568,1.7599999904632568,1.7549999952316284,1.7549999952316284,420,0.0,0.0
2026-04-13 13:21:00-04:00,1.7599999904632568,1.7599999904632568,1.7598999738693237,1.7599999904632568,12972,0.0,0.0
2026-04-13 13:22:00-04:00,1.7649999856948853,1.7699999809265137,1.7649999856948853,1.7649999856948853,1372,0.0,0.0
2026-04-13 13:23:00-04:00,1.7649999856948853,1.7659000158309937,1.7649999856948853,1.7659000158309937,1443,0.0,0.0
2026-04-13 13:24:00-04:00,1.7699999809265137,1.7699999809265137,1.7649999856948853,1.7649999856948853,4806,0.0,0.0
2026-04-13 13:25:00-04:00,1.7649999856948853,1.7649999856948853,1.7649999856948853,1.7649999856948853,1619,0.0,0.0
2026-04-13 13:26:00-04:00,1.7649999856948853,1.7699999809265137,1.7649999856948853,1.7649999856948853,1860,0.0,0.0
2026-04-13 13:27:00-04:00,1.760699987411499,1.7649999856948853,1.7549999952316284,1.7549999952316284,97325,0.0,0.0
2026-04-13 13:28:00-04:00,1.7599999904632568,1.7599999904632568,1.7549999952316284,1.7549999952316284,740,0.0,0.0
2026-04-13 13:29:00-04:00,1.7542999982833862,1.7542999982833862,1.7542999982833862,1.7542999982833862,739,0.0,0.0
2026-04-13 13:30:00-04:00,1.7598999738693237,1.7598999738693237,1.7598999738693237,1.7598999738693237,263,0.0,0.0
2026-04-13 13:32:00-04:00,1.7549999952316284,1.7599999904632568,1.7549999952316284,1.7549999952316284,33672,0.0,0.0
2026-04-13 13:33:00-04:00,1.7549999952316284,1.7599999904632568,1.7549999952316284,1.7549999952316284,5180,0.0,0.0
2026-04-13 13:34:00-04:00,1.7549999952316284,1.7599999904632568,1.7549999952316284,1.7549999952316284,3605,0.0,0.0
2026-04-13 13:35:00-04:00,1.7549999952316284,1.7549999952316284,1.7549999952316284,1.7549999952316284,1504,0.0,0.0
2026-04-13 13:36:00-04:00,1.7549999952316284,1.7599999904632568,1.7549999952316284,1.7549999952316284,43713,0.0,0.0
2026-04-13 13:37:00-04:00,1.7599999904632568,1.7599999904632568,1.7549999952316284,1.7549999952316284,4520,0.0,0.0
2026-04-13 13:38:00-04:00,1.7549999952316284,1.7599999904632568,1.7549999952316284,1.7549999952316284,26309,0.0,0.0
2026-04-13 13:39:00-04:00,1.7549999952316284,1.7599999904632568,1.7549999952316284,1.7599999904632568,609,0.0,0.0
2026-04-13 13:40:00-04:00,1.750100016593933,1.7549999952316284,1.750100016593933,1.7549999952316284,24646,0.0,0.0
2026-04-13 13:41:00-04:00,1.7599999904632568,1.7599999904632568,1.7549999952316284,1.7549999952316284,1108,0.0,0.0
2026-04-13 13:42:00-04:00,1.7549999952316284,1.7549999952316284,1.7549999952316284,1.7549999952316284,4035,0.0,0.0
2026-04-13 13:43:00-04:00,1.7549999952316284,1.7599999904632568,1.7549999952316284,1.7549999952316284,10173,0.0,0.0
2026-04-13 13:44:00-04:00,1.7549999952316284,1.7549999952316284,1.7549999952316284,1.7549999952316284,1032,0.0,0.0
2026-04-13 13:45:00-04:00,1.7549999952316284,1.7599999904632568,1.7549999952316284,1.7549999952316284,2235,0.0,0.0
2026-04-13 13:46:00-04:00,1.7549999952316284,1.7599999904632568,1.7549999952316284,1.7549999952316284,1298,0.0,0.0
2026-04-13 13:47:00-04:00,1.7549999952316284,1.7599999904632568,1.7549999952316284,1.7599999904632568,15659,0.0,0.0
2026-04-13 13:48:00-04:00,1.7549999952316284,1.7549999952316284,1.75,1.75,370,0.0,0.0
2026-04-13 13:49:00-04:00,1.7549999952316284,1.7599999904632568,1.7400000095367432,1.7400000095367432,105830,0.0,0.0
2026-04-13 13:50:00-04:00,1.7450000047683716,1.7450000047683716,1.7450000047683716,1.7450000047683716,41275,0.0,0.0
2026-04-13 13:51:00-04:00,1.7450000047683716,1.7450000047683716,1.7450000047683716,1.7450000047683716,560,0.0,0.0
2026-04-13 13:52:00-04:00,1.749899983406067,1.749899983406067,1.7450000047683716,1.7450000047683716,3996,0.0,0.0
2026-04-13 13:55:00-04:00,1.75,1.75,1.75,1.75,1042,0.0,0.0
2026-04-13 13:57:00-04:00,1.7450000047683716,1.7450000047683716,1.7450000047683716,1.7450000047683716,558,0.0,0.0
2026-04-13 13:58:00-04:00,1.7450000047683716,1.75,1.7450000047683716,1.7450000047683716,2770,0.0,0.0
2026-04-13 13:59:00-04:00,1.7450000047683716,1.75,1.7400000095367432,1.7400000095367432,1365,0.0,0.0
2026-04-13 14:00:00-04:00,1.7400000095367432,1.749899983406067,1.7400000095367432,1.7450000047683716,3850,0.0,0.0
2026-04-13 14:01:00-04:00,1.7450000047683716,1.75,1.7450000047683716,1.75,15798,0.0,0.0
2026-04-13 14:02:00-04:00,1.75,1.75,1.7450000047683716,1.75,7287,0.0,0.0
2026-04-13 14:03:00-04:00,1.7599999904632568,1.7599999904632568,1.7549999952316284,1.7549999952316284,1047,0.0,0.0
2026-04-13 14:04:00-04:00,1.75,1.7549999952316284,1.75,1.7549999952316284,2154,0.0,0.0
2026-04-13 14:05:00-04:00,1.75,1.7597999572753906,1.75,1.7549999952316284,4395,0.0,0.0
2026-04-13 14:06:00-04:00,1.7549999952316284,1.7599999904632568,1.7549999952316284,1.7599999904632568,715,0.0,0.0
2026-04-13 14:07:00-04:00,1.7549999952316284,1.7549999952316284,1.7549999952316284,1.7549999952316284,1080,0.0,0.0
2026-04-13 14:08:00-04:00,1.7549999952316284,1.7599999904632568,1.75,1.75,7057,0.0,0.0
2026-04-13 14:09:00-04:00,1.75,1.75,1.75,1.75,242,0.0,0.0
2026-04-13 14:10:00-04:00,1.75,1.7599999904632568,1.75,1.7549999952316284,390,0.0,0.0
2026-04-13 14:11:00-04:00,1.75,1.7599999904632568,1.75,1.7599999904632568,7610,0.0,0.0
2026-04-13 14:12:00-04:00,1.7599999904632568,1.7599999904632568,1.75,1.7549999952316284,1448,0.0,0.0
2026-04-13 14:13:00-04:00,1.75,1.7549999952316284,1.75,1.7549999952316284,1322,0.0,0.0
2026-04-13 14:14:00-04:00,1.7549999952316284,1.7549999952316284,1.7549999952316284,1.7549999952316284,518,0.0,0.0
2026-04-13 14:15:00-04:00,1.7549999952316284,1.7599999904632568,1.75,1.7599999904632568,1052,0.0,0.0
2026-04-13 14:16:00-04:00,1.75,1.7549999952316284,1.75,1.751099944114685,767,0.0,0.0
2026-04-13 14:17:00-04:00,1.75,1.7549999952316284,1.7400000095367432,1.7400000095367432,23156,0.0,0.0
2026-04-13 14:18:00-04:00,1.7450000047683716,1.7450000047683716,1.7450000047683716,1.7450000047683716,107,0.0,0.0
2026-04-13 14:19:00-04:00,1.7450000047683716,1.7450000047683716,1.7450000047683716,1.7450000047683716,2407,0.0,0.0
2026-04-13 14:20:00-04:00,1.75,1.75,1.7450000047683716,1.7450000047683716,21140,0.0,0.0
2026-04-13 14:21:00-04:00,1.75,1.75,1.7450000047683716,1.7489999532699585,64501,0.0,0.0
2026-04-13 14:22:00-04:00,1.75,1.75,1.7450000047683716,1.7450000047683716,23999,0.0,0.0
2026-04-13 14:23:00-04:00,1.75,1.75,1.7450000047683716,1.7450000047683716,36531,0.0,0.0
2026-04-13 14:24:00-04:00,1.7450000047683716,1.7450000047683716,1.7450000047683716,1.7450000047683716,105,0.0,0.0
2026-04-13 14:25:00-04:00,1.75,1.75,1.75,1.75,1308,0.0,0.0
2026-04-13 14:26:00-04:00,1.75,1.7549999952316284,1.7450000047683716,1.7538000345230103,14361,0.0,0.0
2026-04-13 14:27:00-04:00,1.7502000331878662,1.7554999589920044,1.7502000331878662,1.7554999589920044,3005,0.0,0.0
2026-04-13 14:28:00-04:00,1.7549999952316284,1.7549999952316284,1.75,1.7549999952316284,1300,0.0,0.0
2026-04-13 14:29:00-04:00,1.75,1.7549999952316284,1.75,1.75,19958,0.0,0.0
2026-04-13 14:30:00-04:00,1.75,1.7549999952316284,1.75,1.7549999952316284,33021,0.0,0.0
2026-04-13 14:31:00-04:00,1.75,1.75,1.75,1.75,23493,0.0,0.0
2026-04-13 14:32:00-04:00,1.7450000047683716,1.7549999952316284,1.7445000410079956,1.7549999952316284,17657,0.0,0.0
2026-04-13 14:33:00-04:00,1.7549999952316284,1.7549999952316284,1.75,1.75,13789,0.0,0.0
2026-04-13 14:34:00-04:00,1.75,1.75,1.75,1.75,942,0.0,0.0
2026-04-13 14:35:00-04:00,1.75,1.7599999904632568,1.75,1.7549999952316284,3097,0.0,0.0
2026-04-13 14:36:00-04:00,1.75,1.75,1.75,1.75,833,0.0,0.0
2026-04-13 14:37:00-04:00,1.75,1.75,1.7450000047683716,1.7450000047683716,20310,0.0,0.0
2026-04-13 14:38:00-04:00,1.75,1.75,1.75,1.75,1749,0.0,0.0
2026-04-13 14:39:00-04:00,1.7450000047683716,1.75,1.7450000047683716,1.75,962,0.0,0.0
2026-04-13 14:40:00-04:00,1.749899983406067,1.75,1.7450000047683716,1.7450000047683716,4083,0.0,0.0
2026-04-13 14:41:00-04:00,1.749899983406067,1.75,1.7401000261306763,1.75,3046,0.0,0.0
2026-04-13 14:42:00-04:00,1.75,1.7549999952316284,1.7450000047683716,1.7502000331878662,14552,0.0,0.0
2026-04-13 14:43:00-04:00,1.7549999952316284,1.7549999952316284,1.7502000331878662,1.7549999952316284,6119,0.0,0.0
2026-04-13 14:44:00-04:00,1.75,1.7549999952316284,1.75,1.7549999952316284,1404,0.0,0.0
2026-04-13 14:45:00-04:00,1.75,1.75,1.75,1.75,25453,0.0,0.0
2026-04-13 14:46:00-04:00,1.75,1.75,1.7400000095367432,1.75,28713,0.0,0.0
2026-04-13 14:47:00-04:00,1.7450000047683716,1.75,1.7450000047683716,1.75,5202,0.0,0.0
2026-04-13 14:48:00-04:00,1.749899983406067,1.7549999952316284,1.749899983406067,1.7549999952316284,15771,0.0,0.0
2026-04-13 14:50:00-04:00,1.75,1.7599999904632568,1.75,1.7549999952316284,4038,0.0,0.0
2026-04-13 14:51:00-04:00,1.75,1.75,1.75,1.75,120,0.0,0.0
2026-04-13 14:52:00-04:00,1.7549999952316284,1.7599999904632568,1.7549999952316284,1.7599999904632568,10966,0.0,0.0
2026-04-13 14:53:00-04:00,1.7649999856948853,1.7649999856948853,1.7649999856948853,1.7649999856948853,471,0.0,0.0
2026-04-13 14:54:00-04:00,1.7649999856948853,1.7649999856948853,1.7649999856948853,1.7649999856948853,303,0.0,0.0
2026-04-13 14:55:00-04:00,1.7599999904632568,1.7699999809265137,1.7599999904632568,1.7698999643325806,2467,0.0,0.0
2026-04-13 14:56:00-04:00,1.7599999904632568,1.7699999809265137,1.7599999904632568,1.7649999856948853,832,0.0,0.0
2026-04-13 14:57:00-04:00,1.7699999809265137,1.7699999809265137,1.7649999856948853,1.7649999856948853,9724,0.0,0.0
2026-04-13 14:58:00-04:00,1.7649999856948853,1.7699999809265137,1.76010000705719,1.7699999809265137,1289,0.0,0.0
2026-04-13 14:59:00-04:00,1.7599999904632568,1.7699999809265137,1.7599999904632568,1.7699999809265137,7014,0.0,0.0
2026-04-13 15:00:00-04:00,1.7699999809265137,1.7699999809265137,1.7649999856948853,1.7649999856948853,3742,0.0,0.0
2026-04-13 15:01:00-04:00,1.7699999809265137,1.7699999809265137,1.7699999809265137,1.7699999809265137,867,0.0,0.0
2026-04-13 15:02:00-04:00,1.7649999856948853,1.7699999809265137,1.7649999856948853,1.7699999809265137,1193,0.0,0.0
2026-04-13 15:03:00-04:00,1.7649999856948853,1.774999976158142,1.7649999856948853,1.7699999809265137,41978,0.0,0.0
2026-04-13 15:04:00-04:00,1.7699999809265137,1.7699999809265137,1.7699999809265137,1.7699999809265137,1926,0.0,0.0
2026-04-13 15:05:00-04:00,1.7699999809265137,1.7699999809265137,1.7699999809265137,1.7699999809265137,1202,0.0,0.0
2026-04-13 15:06:00-04:00,1.7699999809265137,1.7699999809265137,1.7649999856948853,1.7699999809265137,919,0.0,0.0
2026-04-13 15:07:00-04:00,1.7699999809265137,1.7699999809265137,1.7649999856948853,1.7699999809265137,1145,0.0,0.0
2026-04-13 15:08:00-04:00,1.769700050354004,1.7699999809265137,1.7649999856948853,1.7649999856948853,9384,0.0,0.0
2026-04-13 15:09:00-04:00,1.7699999809265137,1.7699999809265137,1.7649999856948853,1.7699999809265137,1559,0.0,0.0
2026-04-13 15:10:00-04:00,1.7699999809265137,1.7699999809265137,1.76010000705719,1.7649999856948853,51698,0.0,0.0
2026-04-13 15:11:00-04:00,1.7699999809265137,1.7699999809265137,1.7599999904632568,1.7699999809265137,2669,0.0,0.0
2026-04-13 15:12:00-04:00,1.7599999904632568,1.7699999809265137,1.7599999904632568,1.7699999809265137,2828,0.0,0.0
2026-04-13 15:13:00-04:00,1.7699999809265137,1.7699999809265137,1.7649999856948853,1.7699999809265137,2824,0.0,0.0
2026-04-13 15:14:00-04:00,1.7699999809265137,1.7699999809265137,1.7649999856948853,1.7699999809265137,1840,0.0,0.0
2026-04-13 15:15:00-04:00,1.7649999856948853,1.7649999856948853,1.7649999856948853,1.7649999856948853,307,0.0,0.0
2026-04-13 15:16:00-04:00,1.7699999809265137,1.7699999809265137,1.7699999809265137,1.7699999809265137,960,0.0,0.0
2026-04-13 15:17:00-04:00,1.7699999809265137,1.774999976158142,1.7699999809265137,1.774999976158142,42203,0.0,0.0
2026-04-13 15:18:00-04:00,1.7699999809265137,1.7799999713897705,1.7610000371932983,1.7649999856948853,19337,0.0,0.0
2026-04-13 15:19:00-04:00,1.7649999856948853,1.7649999856948853,1.7649999856948853,1.7649999856948853,168,0.0,0.0
2026-04-13 15:20:00-04:00,1.7649999856948853,1.7699999809265137,1.7649999856948853,1.7699999809265137,22139,0.0,0.0
2026-04-13 15:21:00-04:00,1.7706999778747559,1.774999976158142,1.7706999778747559,1.774999976158142,510,0.0,0.0
2026-04-13 15:22:00-04:00,1.774999976158142,1.7798999547958374,1.7719999551773071,1.7719999551773071,9604,0.0,0.0
2026-04-13 15:23:00-04:00,1.774999976158142,1.7799999713897705,1.774999976158142,1.7799999713897705,30837,0.0,0.0
2026-04-13 15:24:00-04:00,1.7800999879837036,1.784999966621399,1.7799999713897705,1.7799999713897705,20750,0.0,0.0
2026-04-13 15:25:00-04:00,1.7799999713897705,1.7899999618530273,1.7799999713897705,1.784999966621399,4332,0.0,0.0
2026-04-13 15:26:00-04:00,1.7899999618530273,1.7899999618530273,1.7799999713897705,1.784999966621399,8729,0.0,0.0
2026-04-13 15:27:00-04:00,1.784999966621399,1.7899999618530273,1.7799999713897705,1.7811000347137451,2307,0.0,0.0
2026-04-13 15:28:00-04:00,1.7899999618530273,1.7899999618530273,1.7799999713897705,1.784999966621399,24779,0.0,0.0
2026-04-13 15:29:00-04:00,1.7899999618530273,1.7899999618530273,1.784999966621399,1.784999966621399,1915,0.0,0.0
2026-04-13 15:30:00-04:00,1.7800999879837036,1.7899999618530273,1.7799999713897705,1.7899999618530273,2539,0.0,0.0
2026-04-13 15:31:00-04:00,1.784999966621399,1.7899999618530273,1.7799999713897705,1.7899999618530273,14107,0.0,0.0
2026-04-13 15:32:00-04:00,1.7799999713897705,1.7899999618530273,1.7799999713897705,1.7899999618530273,203,0.0,0.0
2026-04-13 15:33:00-04:00,1.784999966621399,1.7899999618530273,1.7800999879837036,1.7800999879837036,485,0.0,0.0
2026-04-13 15:34:00-04:00,1.7899999618530273,1.7899999618530273,1.784999966621399,1.7899999618530273,1562,0.0,0.0
2026-04-13 15:35:00-04:00,1.7899999618530273,1.7899999618530273,1.784999966621399,1.784999966621399,311,0.0,0.0
2026-04-13 15:36:00-04:00,1.7899999618530273,1.7899999618530273,1.7799999713897705,1.7899999618530273,9690,0.0,0.0
2026-04-13 15:37:00-04:00,1.7799999713897705,1.7899999618530273,1.7799999713897705,1.7899999618530273,3794,0.0,0.0
2026-04-13 15:38:00-04:00,1.7899999618530273,1.7899999618530273,1.7822999954223633,1.7899999618530273,7363,0.0,0.0
2026-04-13 15:39:00-04:00,1.7800999879837036,1.7899999618530273,1.7799999713897705,1.7899999618530273,3689,0.0,0.0
2026-04-13 15:40:00-04:00,1.7799999713897705,1.7899999618530273,1.7799999713897705,1.784999966621399,10943,0.0,0.0
2026-04-13 15:41:00-04:00,1.7899999618530273,1.7899999618530273,1.784999966621399,1.7899999618530273,10591,0.0,0.0
2026-04-13 15:42:00-04:00,1.7899999618530273,1.7899999618530273,1.784999966621399,1.7899999618530273,17819,0.0,0.0
2026-04-13 15:43:00-04:00,1.7834999561309814,1.7949999570846558,1.7834999561309814,1.7899999618530273,49533,0.0,0.0
2026-04-13 15:44:00-04:00,1.7899999618530273,1.7999999523162842,1.7899999618530273,1.7899999618530273,12049,0.0,0.0
2026-04-13 15:45:00-04:00,1.7899999618530273,1.7999999523162842,1.7899999618530273,1.7999999523162842,7047,0.0,0.0
2026-04-13 15:46:00-04:00,1.7999999523162842,1.7999999523162842,1.7899999618530273,1.7899999618530273,8829,0.0,0.0
2026-04-13 15:47:00-04:00,1.7899999618530273,1.7999999523162842,1.7899999618530273,1.7949999570846558,6883,0.0,0.0
2026-04-13 15:48:00-04:00,1.7899999618530273,1.7999999523162842,1.7899999618530273,1.7949999570846558,4213,0.0,0.0
2026-04-13 15:49:00-04:00,1.7949999570846558,1.7999999523162842,1.7949999570846558,1.7949999570846558,4949,0.0,0.0
2026-04-13 15:50:00-04:00,1.7899999618530273,1.8049999475479126,1.7899999618530273,1.7949999570846558,172081,0.0,0.0
2026-04-13 15:51:00-04:00,1.7999999523162842,1.8049999475479126,1.7949999570846558,1.7949999570846558,203549,0.0,0.0
2026-04-13 15:52:00-04:00,1.7949999570846558,1.7999999523162842,1.7899999618530273,1.7899999618530273,18367,0.0,0.0
2026-04-13 15:53:00-04:00,1.7949999570846558,1.7949999570846558,1.7899999618530273,1.7949999570846558,24899,0.0,0.0
2026-04-13 15:54:00-04:00,1.7949999570846558,1.8049999475479126,1.7949999570846558,1.7949999570846558,83720,0.0,0.0
2026-04-13 15:55:00-04:00,1.7949999570846558,1.7999999523162842,1.7899999618530273,1.7949999570846558,40097,0.0,0.0
2026-04-13 15:56:00-04:00,1.7899999618530273,1.7999999523162842,1.7899999618530273,1.7899999618530273,23554,0.0,0.0
2026-04-13 15:57:00-04:00,1.7899999618530273,1.7999999523162842,1.7899999618530273,1.7899999618530273,29065,0.0,0.0
2026-04-13 15:58:00-04:00,1.7949999570846558,1.7949999570846558,1.7799999713897705,1.784999966621399,118427,0.0,0.0
2026-04-13 15:59:00-04:00,1.784999966621399,1.7899999618530273,1.7799999713897705,1.784999966621399,49438,0.0,0.0
