datetime,open,high,low,close,volume,dividends,stock splits,capital gains
2026-04-02 09:30:00-04:00,573.969970703125,575.0900268554688,573.969970703125,574.6699829101562,3436030,0.0,0.0,0.0
2026-04-02 09:31:00-04:00,574.719970703125,575.288818359375,574.510009765625,575.1400146484375,359403,0.0,0.0,0.0
2026-04-02 09:32:00-04:00,575.1690063476562,575.22998046875,574.0800170898438,574.260009765625,512115,0.0,0.0,0.0
2026-04-02 09:33:00-04:00,574.25,574.5700073242188,573.9099731445312,574.4099731445312,528129,0.0,0.0,0.0
2026-04-02 09:34:00-04:00,574.4099731445312,574.6500854492188,574.2000122070312,574.5499877929688,142602,0.0,0.0,0.0
2026-04-02 09:35:00-04:00,574.5599975585938,574.5599975585938,573.2100219726562,573.25,244874,0.0,0.0,0.0
2026-04-02 09:36:00-04:00,573.260009765625,573.7000122070312,573.0399780273438,573.2000122070312,218837,0.0,0.0,0.0
2026-04-02 09:37:00-04:00,573.2000122070312,573.77001953125,573.2000122070312,573.5501098632812,151275,0.0,0.0,0.0
2026-04-02 09:38:00-04:00,573.5399780273438,573.760009765625,572.8200073242188,572.869873046875,182272,0.0,0.0,0.0
2026-04-02 09:39:00-04:00,572.8599853515625,572.8884887695312,572.1099853515625,572.1649780273438,275715,0.0,0.0,0.0
2026-04-02 09:40:00-04:00,572.1950073242188,572.6599731445312,571.9199829101562,572.2550048828125,297919,0.0,0.0,0.0
2026-04-02 09:41:00-04:00,572.25,573.3800048828125,572.1199951171875,573.3070068359375,283397,0.0,0.0,0.0
2026-04-02 09:42:00-04:00,573.3200073242188,573.3707275390625,572.4600219726562,572.5750122070312,312816,0.0,0.0,0.0
2026-04-02 09:43:00-04:00,572.5900268554688,572.8049926757812,572.219970703125,572.3298950195312,190201,0.0,0.0,0.0
2026-04-02 09:44:00-04:00,572.3200073242188,572.72998046875,572.3099975585938,572.6699829101562,232495,0.0,0.0,0.0
2026-04-02 09:45:00-04:00,572.719970703125,573.7000122070312,572.3300170898438,573.465087890625,302754,0.0,0.0,0.0
2026-04-02 09:46:00-04:00,573.469970703125,574.27001953125,573.469970703125,574.2000122070312,248754,0.0,0.0,0.0
2026-04-02 09:47:00-04:00,574.1701049804688,574.6500244140625,574.0700073242188,574.2700805664062,256034,0.0,0.0,0.0
2026-04-02 09:48:00-04:00,574.2753295898438,574.3900146484375,573.9949951171875,574.3399047851562,148109,0.0,0.0,0.0
2026-04-02 09:49:00-04:00,574.3200073242188,574.5700073242188,574.010009765625,574.135009765625,193842,0.0,0.0,0.0
2026-04-02 09:50:00-04:00,574.135009765625,574.5,573.9099731445312,574.4400024414062,147653,0.0,0.0,0.0
2026-04-02 09:51:00-04:00,574.4400024414062,575.0399780273438,574.2949829101562,574.75,180189,0.0,0.0,0.0
2026-04-02 09:52:00-04:00,574.760009765625,575.0499877929688,574.5700073242188,574.8900146484375,288225,0.0,0.0,0.0
2026-04-02 09:53:00-04:00,574.8900146484375,575.9199829101562,574.8300170898438,575.6400146484375,350700,0.0,0.0,0.0
2026-04-02 09:54:00-04:00,575.6300048828125,576.3499755859375,575.4500122070312,575.9500122070312,340051,0.0,0.0,0.0
2026-04-02 09:55:00-04:00,575.9500122070312,576.2899780273438,575.8499755859375,576.1500244140625,220138,0.0,0.0,0.0
2026-04-02 09:56:00-04:00,576.1199951171875,576.239990234375,575.8350219726562,576.0499877929688,233442,0.0,0.0,0.0
2026-04-02 09:57:00-04:00,576.0399780273438,576.6500244140625,575.72998046875,576.5700073242188,248109,0.0,0.0,0.0
2026-04-02 09:58:00-04:00,576.5499877929688,577.0499877929688,576.4299926757812,576.9400024414062,237629,0.0,0.0,0.0
2026-04-02 09:59:00-04:00,576.9199829101562,577.4262084960938,576.8499755859375,577.1900024414062,346070,0.0,0.0,0.0
2026-04-02 10:00:00-04:00,577.2000122070312,577.719970703125,576.9600219726562,577.1599731445312,424704,0.0,0.0,0.0
2026-04-02 10:01:00-04:00,577.1400146484375,577.3099975585938,576.8099975585938,576.8800048828125,386525,0.0,0.0,0.0
2026-04-02 10:02:00-04:00,576.8900146484375,577.1296997070312,576.5499877929688,576.5900268554688,417797,0.0,0.0,0.0
2026-04-02 10:03:00-04:00,576.6099853515625,576.9299926757812,576.385009765625,576.7899780273438,195262,0.0,0.0,0.0
2026-04-02 10:04:00-04:00,576.7702026367188,576.989990234375,576.510009765625,576.7000122070312,108364,0.0,0.0,0.0
2026-04-02 10:05:00-04:00,576.7100219726562,576.9088134765625,576.2349853515625,576.8800048828125,178577,0.0,0.0,0.0
2026-04-02 10:06:00-04:00,576.875,578.3200073242188,576.7550048828125,578.2901000976562,348007,0.0,0.0,0.0
2026-04-02 10:07:00-04:00,578.27001953125,578.3099975585938,577.6599731445312,577.8599853515625,384001,0.0,0.0,0.0
2026-04-02 10:08:00-04:00,577.8300170898438,578.3499755859375,577.5700073242188,578.1489868164062,214562,0.0,0.0,0.0
2026-04-02 10:09:00-04:00,578.1199951171875,578.25,577.8400268554688,577.9600219726562,165054,0.0,0.0,0.0
2026-04-02 10:10:00-04:00,577.9500122070312,577.9989013671875,577.530029296875,577.8499755859375,119195,0.0,0.0,0.0
2026-04-02 10:11:00-04:00,577.8400268554688,578.77001953125,577.7899780273438,578.3532104492188,215688,0.0,0.0,0.0
2026-04-02 10:12:00-04:00,578.3200073242188,578.760009765625,578.0706787109375,578.2100219726562,352573,0.0,0.0,0.0
2026-04-02 10:13:00-04:00,578.2100219726562,578.4299926757812,577.8900146484375,578.0999755859375,139518,0.0,0.0,0.0
2026-04-02 10:14:00-04:00,578.0900268554688,578.22998046875,577.8400268554688,578.030029296875,94035,0.0,0.0,0.0
2026-04-02 10:15:00-04:00,578.0399780273438,578.6300048828125,577.9500122070312,578.5700073242188,121254,0.0,0.0,0.0
2026-04-02 10:16:00-04:00,578.5999755859375,579.5999755859375,578.4099731445312,578.47998046875,404611,0.0,0.0,0.0
2026-04-02 10:17:00-04:00,578.4500122070312,578.989990234375,578.3400268554688,578.9600219726562,188349,0.0,0.0,0.0
2026-04-02 10:18:00-04:00,578.9349975585938,579.5,578.77001953125,579.3300170898438,187629,0.0,0.0,0.0
2026-04-02 10:19:00-04:00,579.3300170898438,579.3599853515625,578.989990234375,579.0900268554688,174759,0.0,0.0,0.0
2026-04-02 10:20:00-04:00,579.0999755859375,579.3198852539062,578.8099975585938,578.8400268554688,166773,0.0,0.0,0.0
2026-04-02 10:21:00-04:00,578.8400268554688,579.7000122070312,578.8400268554688,579.5960083007812,247714,0.0,0.0,0.0
2026-04-02 10:22:00-04:00,579.5599975585938,579.5599975585938,579.0800170898438,579.2949829101562,150566,0.0,0.0,0.0
2026-04-02 10:23:00-04:00,579.239990234375,579.4500122070312,579.0499877929688,579.0999755859375,224667,0.0,0.0,0.0
2026-04-02 10:24:00-04:00,579.094970703125,579.22998046875,578.8619995117188,579.1370239257812,128200,0.0,0.0,0.0
2026-04-02 10:25:00-04:00,579.0999755859375,579.2000122070312,578.2100219726562,578.4500122070312,173094,0.0,0.0,0.0
2026-04-02 10:26:00-04:00,578.469970703125,578.8800048828125,578.260009765625,578.3200073242188,184782,0.0,0.0,0.0
2026-04-02 10:27:00-04:00,578.25,578.719970703125,578.1400146484375,578.27001953125,155584,0.0,0.0,0.0
2026-04-02 10:28:00-04:00,578.3099975585938,578.8099975585938,578.260009765625,578.7188110351562,130673,0.0,0.0,0.0
2026-04-02 10:29:00-04:00,578.6500244140625,578.6500244140625,578.1599731445312,578.22998046875,129353,0.0,0.0,0.0
2026-04-02 10:30:00-04:00,578.25,578.5900268554688,577.9700927734375,578.5900268554688,131715,0.0,0.0,0.0
2026-04-02 10:31:00-04:00,578.5800170898438,579.0198974609375,578.5800170898438,578.7100219726562,141509,0.0,0.0,0.0
2026-04-02 10:32:00-04:00,578.7050170898438,579.3900146484375,578.4099731445312,579.1099853515625,150629,0.0,0.0,0.0
2026-04-02 10:33:00-04:00,579.010009765625,580.3292846679688,578.8400268554688,580.219970703125,207779,0.0,0.0,0.0
2026-04-02 10:34:00-04:00,580.1701049804688,580.2199096679688,579.9000244140625,580.0684204101562,242295,0.0,0.0,0.0
2026-04-02 10:35:00-04:00,580.0599975585938,581.7000122070312,579.989990234375,581.5900268554688,315887,0.0,0.0,0.0
2026-04-02 10:36:00-04:00,581.4400024414062,584.7899780273438,581.1400146484375,584.134521484375,837999,0.0,0.0,0.0
2026-04-02 10:37:00-04:00,584.1599731445312,585.9899291992188,583.7100219726562,585.0999755859375,771693,0.0,0.0,0.0
2026-04-02 10:38:00-04:00,585.1900024414062,585.1900024414062,583.1199951171875,583.3800048828125,742232,0.0,0.0,0.0
2026-04-02 10:39:00-04:00,583.375,585.1199951171875,582.9500732421875,584.7000122070312,366033,0.0,0.0,0.0
2026-04-02 10:40:00-04:00,584.635009765625,584.8099975585938,583.2200927734375,583.4392700195312,240858,0.0,0.0,0.0
2026-04-02 10:41:00-04:00,583.39501953125,583.639892578125,582.5599975585938,582.780029296875,253021,0.0,0.0,0.0
2026-04-02 10:42:00-04:00,582.7899780273438,583.8400268554688,582.7899780273438,583.219970703125,422681,0.0,0.0,0.0
2026-04-02 10:43:00-04:00,583.1400146484375,584.3599243164062,583.010009765625,583.8900146484375,211321,0.0,0.0,0.0
2026-04-02 10:44:00-04:00,583.8900146484375,584.6099853515625,583.5900268554688,584.489990234375,282982,0.0,0.0,0.0
2026-04-02 10:45:00-04:00,584.469970703125,584.7100219726562,584.1699829101562,584.4000244140625,221617,0.0,0.0,0.0
2026-04-02 10:46:00-04:00,584.4099731445312,584.4099731445312,583.510009765625,583.6099853515625,311632,0.0,0.0,0.0
2026-04-02 10:47:00-04:00,583.5449829101562,583.8298950195312,583.2000122070312,583.6340942382812,149958,0.0,0.0,0.0
2026-04-02 10:48:00-04:00,583.6099853515625,583.7249755859375,582.9400024414062,583.1500244140625,157949,0.0,0.0,0.0
2026-04-02 10:49:00-04:00,583.1599731445312,583.3400268554688,582.4199829101562,582.4700927734375,170988,0.0,0.0,0.0
2026-04-02 10:50:00-04:00,582.4500122070312,582.5499267578125,581.6600952148438,582.135009765625,239748,0.0,0.0,0.0
2026-04-02 10:51:00-04:00,582.1699829101562,582.3599243164062,581.72998046875,581.9500122070312,154820,0.0,0.0,0.0
2026-04-02 10:52:00-04:00,581.9099731445312,582.969970703125,581.3300170898438,582.969970703125,294805,0.0,0.0,0.0
2026-04-02 10:53:00-04:00,582.9199829101562,583.2799072265625,582.3800048828125,582.4650268554688,161642,0.0,0.0,0.0
2026-04-02 10:54:00-04:00,582.4650268554688,583.2349853515625,582.4650268554688,582.9998779296875,150007,0.0,0.0,0.0
2026-04-02 10:55:00-04:00,582.9299926757812,583.8599853515625,582.8900146484375,583.6901245117188,110170,0.0,0.0,0.0
2026-04-02 10:56:00-04:00,583.7100219726562,584.1400146484375,583.5499877929688,583.7000122070312,128674,0.0,0.0,0.0
2026-04-02 10:57:00-04:00,583.7000122070312,584.3200073242188,583.3820190429688,584.2000122070312,129153,0.0,0.0,0.0
2026-04-02 10:58:00-04:00,584.1799926757812,584.489990234375,584.010009765625,584.239990234375,137131,0.0,0.0,0.0
2026-04-02 10:59:00-04:00,584.260009765625,584.2650146484375,583.6267700195312,583.8300170898438,83543,0.0,0.0,0.0
2026-04-02 11:00:00-04:00,583.8200073242188,583.8800048828125,582.5999755859375,582.719970703125,249212,0.0,0.0,0.0
2026-04-02 11:01:00-04:00,582.7100219726562,583.0700073242188,582.4600219726562,582.5650024414062,123110,0.0,0.0,0.0
2026-04-02 11:02:00-04:00,582.5900268554688,582.77001953125,582.1849975585938,582.2000732421875,195891,0.0,0.0,0.0
2026-04-02 11:03:00-04:00,582.22998046875,583.1699829101562,582.1300048828125,583.1099853515625,151297,0.0,0.0,0.0
2026-04-02 11:04:00-04:00,583.0050048828125,583.7999877929688,582.8900146484375,583.5700073242188,121287,0.0,0.0,0.0
2026-04-02 11:05:00-04:00,583.5399780273438,583.7449951171875,582.9307861328125,583.0999755859375,92070,0.0,0.0,0.0
2026-04-02 11:06:00-04:00,583.0349731445312,583.4199829101562,583.030029296875,583.0499877929688,64137,0.0,0.0,0.0
2026-04-02 11:07:00-04:00,583.0,583.119873046875,582.5499877929688,582.6300048828125,101858,0.0,0.0,0.0
2026-04-02 11:08:00-04:00,582.6599731445312,583.3300170898438,582.6400146484375,583.1599731445312,75820,0.0,0.0,0.0
2026-04-02 11:09:00-04:00,583.1799926757812,583.5798950195312,583.0,583.5250244140625,64164,0.0,0.0,0.0
2026-04-02 11:10:00-04:00,583.4600219726562,584.2000122070312,583.3099975585938,584.0700073242188,117555,0.0,0.0,0.0
2026-04-02 11:11:00-04:00,584.0399780273438,584.510009765625,583.8471069335938,584.1599731445312,109523,0.0,0.0,0.0
2026-04-02 11:12:00-04:00,584.1699829101562,584.739990234375,584.1099853515625,584.5610961914062,108637,0.0,0.0,0.0
2026-04-02 11:13:00-04:00,584.5499877929688,584.6500244140625,584.22998046875,584.27001953125,115464,0.0,0.0,0.0
2026-04-02 11:14:00-04:00,584.239990234375,584.25,583.6207885742188,583.9439697265625,69358,0.0,0.0,0.0
2026-04-02 11:15:00-04:00,584.010009765625,584.0700073242188,583.7603149414062,583.9100952148438,56314,0.0,0.0,0.0
2026-04-02 11:16:00-04:00,583.9299926757812,584.3099975585938,583.8599853515625,584.27001953125,104614,0.0,0.0,0.0
2026-04-02 11:17:00-04:00,584.27001953125,584.489990234375,583.7050170898438,583.72998046875,93745,0.0,0.0,0.0
2026-04-02 11:18:00-04:00,583.6799926757812,583.97998046875,583.2999877929688,583.9401245117188,127970,0.0,0.0,0.0
2026-04-02 11:19:00-04:00,583.905029296875,584.1900024414062,583.8900146484375,583.9705810546875,82661,0.0,0.0,0.0
2026-04-02 11:20:00-04:00,583.989990234375,584.010009765625,582.8499755859375,583.1500244140625,143708,0.0,0.0,0.0
2026-04-02 11:21:00-04:00,583.1500244140625,583.280029296875,582.5750122070312,583.0050048828125,124380,0.0,0.0,0.0
2026-04-02 11:22:00-04:00,582.9600830078125,583.3499755859375,582.510009765625,582.5800170898438,84797,0.0,0.0,0.0
2026-04-02 11:23:00-04:00,582.60498046875,582.989990234375,582.60498046875,582.8499755859375,93523,0.0,0.0,0.0
2026-04-02 11:24:00-04:00,582.9000244140625,583.5599975585938,582.856201171875,583.3599853515625,75368,0.0,0.0,0.0
2026-04-02 11:25:00-04:00,583.344970703125,583.3800048828125,582.6599731445312,582.9500122070312,72814,0.0,0.0,0.0
2026-04-02 11:26:00-04:00,583.02001953125,583.719970703125,582.9500122070312,583.64501953125,95048,0.0,0.0,0.0
2026-04-02 11:27:00-04:00,583.6699829101562,584.10498046875,583.3900146484375,584.10498046875,118032,0.0,0.0,0.0
2026-04-02 11:28:00-04:00,584.1099853515625,584.47998046875,584.0999755859375,584.3350219726562,135033,0.0,0.0,0.0
2026-04-02 11:29:00-04:00,584.3200073242188,584.347900390625,583.77001953125,583.9600219726562,116685,0.0,0.0,0.0
2026-04-02 11:30:00-04:00,584.0399780273438,584.1400146484375,583.469970703125,583.760009765625,77144,0.0,0.0,0.0
2026-04-02 11:31:00-04:00,583.77001953125,583.77001953125,583.2999877929688,583.6099853515625,60936,0.0,0.0,0.0
2026-04-02 11:32:00-04:00,583.6300048828125,583.719970703125,583.4500122070312,583.5549926757812,59532,0.0,0.0,0.0
2026-04-02 11:33:00-04:00,583.5700073242188,583.5700073242188,582.969970703125,583.0999755859375,100869,0.0,0.0,0.0
2026-04-02 11:34:00-04:00,583.1300048828125,583.6099853515625,582.9400024414062,583.6099853515625,92051,0.0,0.0,0.0
2026-04-02 11:35:00-04:00,583.6099853515625,583.9450073242188,583.469970703125,583.8499755859375,77615,0.0,0.0,0.0
2026-04-02 11:36:00-04:00,583.8499755859375,584.2899780273438,583.8099975585938,584.280029296875,118545,0.0,0.0,0.0
2026-04-02 11:37:00-04:00,584.280029296875,584.7000122070312,584.135009765625,584.3699951171875,147926,0.0,0.0,0.0
2026-04-02 11:38:00-04:00,584.3499145507812,584.3499145507812,583.97998046875,584.2100219726562,83627,0.0,0.0,0.0
2026-04-02 11:39:00-04:00,584.1749877929688,584.3800048828125,583.8200073242188,584.030029296875,48745,0.0,0.0,0.0
2026-04-02 11:40:00-04:00,584.030029296875,584.2899780273438,583.780029296875,583.9349975585938,89888,0.0,0.0,0.0
2026-04-02 11:41:00-04:00,583.9299926757812,584.0800170898438,583.3699951171875,583.5399780273438,74062,0.0,0.0,0.0
2026-04-02 11:42:00-04:00,583.5706176757812,583.7000122070312,583.1719970703125,583.3400268554688,55976,0.0,0.0,0.0
2026-04-02 11:43:00-04:00,583.4099731445312,583.7230224609375,583.2999877929688,583.64990234375,67637,0.0,0.0,0.0
2026-04-02 11:44:00-04:00,583.6500244140625,584.2550048828125,583.6099853515625,584.0999755859375,114272,0.0,0.0,0.0
2026-04-02 11:45:00-04:00,584.1199951171875,584.1199951171875,583.260009765625,583.340087890625,92059,0.0,0.0,0.0
2026-04-02 11:46:00-04:00,583.3499755859375,583.8300170898438,583.2901000976562,583.5599975585938,76259,0.0,0.0,0.0
2026-04-02 11:47:00-04:00,583.5900268554688,583.6699829101562,583.239990234375,583.6500244140625,58166,0.0,0.0,0.0
2026-04-02 11:48:00-04:00,583.5900268554688,583.72998046875,582.969970703125,583.1649780273438,66545,0.0,0.0,0.0
2026-04-02 11:49:00-04:00,583.1671142578125,583.2786254882812,582.8499755859375,582.9619750976562,57441,0.0,0.0,0.0
2026-04-02 11:50:00-04:00,582.9299926757812,582.9849853515625,582.2000122070312,582.2550048828125,87370,0.0,0.0,0.0
2026-04-02 11:51:00-04:00,582.364990234375,582.4699096679688,581.72998046875,581.9650268554688,137157,0.0,0.0,0.0
2026-04-02 11:52:00-04:00,582.0,582.7000122070312,581.9099731445312,582.7000122070312,86306,0.0,0.0,0.0
2026-04-02 11:53:00-04:00,582.5899047851562,582.7000122070312,582.3200073242188,582.385009765625,93761,0.0,0.0,0.0
2026-04-02 11:54:00-04:00,582.3699951171875,583.3200073242188,582.2999877929688,583.1296997070312,104526,0.0,0.0,0.0
2026-04-02 11:55:00-04:00,583.0599975585938,583.4299926757812,582.8099975585938,583.4299926757812,101229,0.0,0.0,0.0
2026-04-02 11:56:00-04:00,583.4199829101562,583.4199829101562,582.9099731445312,582.969970703125,88943,0.0,0.0,0.0
2026-04-02 11:57:00-04:00,582.9400024414062,583.0,582.469970703125,582.6699829101562,56217,0.0,0.0,0.0
2026-04-02 11:58:00-04:00,582.6599731445312,582.905029296875,582.635009765625,582.7150268554688,40068,0.0,0.0,0.0
2026-04-02 11:59:00-04:00,582.7000122070312,583.0800170898438,582.7000122070312,582.8703002929688,32903,0.0,0.0,0.0
2026-04-02 12:00:00-04:00,582.8594970703125,583.1199951171875,582.6599731445312,582.8049926757812,39303,0.0,0.0,0.0
2026-04-02 12:01:00-04:00,582.7899780273438,583.5800170898438,582.7899780273438,583.510009765625,100084,0.0,0.0,0.0
2026-04-02 12:02:00-04:00,583.489990234375,583.5198974609375,583.013427734375,583.1300048828125,43136,0.0,0.0,0.0
2026-04-02 12:03:00-04:00,583.1699829101562,583.22998046875,582.926025390625,583.1199951171875,62757,0.0,0.0,0.0
2026-04-02 12:04:00-04:00,583.1099853515625,583.139892578125,582.4000244140625,582.635009765625,72451,0.0,0.0,0.0
2026-04-02 12:05:00-04:00,582.6300048828125,582.9000244140625,582.6113891601562,582.8099975585938,40164,0.0,0.0,0.0
2026-04-02 12:06:00-04:00,582.780029296875,582.7899780273438,582.4439697265625,582.5499877929688,63147,0.0,0.0,0.0
2026-04-02 12:07:00-04:00,582.5,582.5150146484375,582.1300048828125,582.219970703125,42332,0.0,0.0,0.0
2026-04-02 12:08:00-04:00,582.1599731445312,582.3300170898438,581.5999755859375,581.669921875,61774,0.0,0.0,0.0
2026-04-02 12:09:00-04:00,581.6599731445312,582.5399780273438,581.6500244140625,582.4099731445312,73818,0.0,0.0,0.0
2026-04-02 12:10:00-04:00,582.4199829101562,582.5599975585938,582.1099853515625,582.1300048828125,62836,0.0,0.0,0.0
2026-04-02 12:11:00-04:00,582.1649780273438,582.260009765625,581.8900146484375,582.1901245117188,47766,0.0,0.0,0.0
2026-04-02 12:12:00-04:00,582.1500244140625,582.4199829101562,582.0499877929688,582.2249755859375,99065,0.0,0.0,0.0
2026-04-02 12:13:00-04:00,582.1701049804688,582.6799926757812,582.0800170898438,582.5606079101562,80872,0.0,0.0,0.0
2026-04-02 12:14:00-04:00,582.5001220703125,582.5900268554688,582.2899780273438,582.2901000976562,53416,0.0,0.0,0.0
2026-04-02 12:15:00-04:00,582.2650146484375,582.3400268554688,582.0499877929688,582.2150268554688,42725,0.0,0.0,0.0
2026-04-02 12:16:00-04:00,582.260009765625,582.6099853515625,582.2000732421875,582.2410278320312,47409,0.0,0.0,0.0
2026-04-02 12:17:00-04:00,582.269775390625,582.4400024414062,581.989990234375,582.1500244140625,42689,0.0,0.0,0.0
2026-04-02 12:18:00-04:00,582.2000122070312,582.3786010742188,581.8699951171875,582.031982421875,61841,0.0,0.0,0.0
2026-04-02 12:19:00-04:00,582.1300048828125,582.1500244140625,581.3499755859375,581.3800048828125,163012,0.0,0.0,0.0
2026-04-02 12:20:00-04:00,581.3900146484375,581.5599975585938,580.969970703125,581.3101196289062,148258,0.0,0.0,0.0
2026-04-02 12:21:00-04:00,581.4000244140625,581.7999877929688,581.3499755859375,581.6400756835938,97900,0.0,0.0,0.0
2026-04-02 12:22:00-04:00,581.6500244140625,581.989990234375,581.594970703125,581.8400268554688,49146,0.0,0.0,0.0
2026-04-02 12:23:00-04:00,581.7800903320312,582.0,581.3800048828125,581.5599975585938,181159,0.0,0.0,0.0
2026-04-02 12:24:00-04:00,581.5700073242188,581.6799926757812,581.3900146484375,581.3900146484375,57514,0.0,0.0,0.0
2026-04-02 12:25:00-04:00,581.4000244140625,581.5700073242188,581.1699829101562,581.260009765625,50171,0.0,0.0,0.0
2026-04-02 12:26:00-04:00,581.22998046875,581.6599731445312,581.22998046875,581.5800170898438,73220,0.0,0.0,0.0
2026-04-02 12:27:00-04:00,581.5900268554688,581.8599853515625,581.4949951171875,581.7650146484375,103404,0.0,0.0,0.0
2026-04-02 12:28:00-04:00,581.8300170898438,582.2000122070312,581.780029296875,581.9149780273438,107388,0.0,0.0,0.0
2026-04-02 12:29:00-04:00,581.8699951171875,581.8699951171875,581.6599731445312,581.6998901367188,33387,0.0,0.0,0.0
2026-04-02 12:30:00-04:00,581.6699829101562,581.760009765625,581.3800048828125,581.4400024414062,63720,0.0,0.0,0.0
2026-04-02 12:31:00-04:00,581.4349975585938,581.969970703125,581.3599853515625,581.839111328125,70037,0.0,0.0,0.0
2026-04-02 12:32:00-04:00,581.8798828125,582.6699829101562,581.830078125,582.6400146484375,109628,0.0,0.0,0.0
2026-04-02 12:33:00-04:00,582.5499877929688,582.9000244140625,582.4000244140625,582.6699829101562,68439,0.0,0.0,0.0
2026-04-02 12:34:00-04:00,582.7000122070312,582.72998046875,582.4400024414062,582.5017700195312,170766,0.0,0.0,0.0
2026-04-02 12:35:00-04:00,582.5001220703125,582.77001953125,582.280029296875,582.6099853515625,75285,0.0,0.0,0.0
2026-04-02 12:36:00-04:00,582.5599975585938,582.6199951171875,581.4080810546875,582.1300048828125,194754,0.0,0.0,0.0
2026-04-02 12:37:00-04:00,582.1420288085938,582.25,581.75,582.0800170898438,64258,0.0,0.0,0.0
2026-04-02 12:38:00-04:00,582.1500244140625,582.1599731445312,581.27001953125,581.8400268554688,75120,0.0,0.0,0.0
2026-04-02 12:39:00-04:00,581.909423828125,582.1892700195312,581.8200073242188,582.0999755859375,88364,0.0,0.0,0.0
2026-04-02 12:40:00-04:00,582.0499877929688,583.8499755859375,582.0200805664062,583.0250244140625,417873,0.0,0.0,0.0
2026-04-02 12:41:00-04:00,582.9044799804688,582.9299926757812,582.469970703125,582.6950073242188,85551,0.0,0.0,0.0
2026-04-02 12:42:00-04:00,582.6500244140625,582.9201049804688,582.5900268554688,582.815185546875,54108,0.0,0.0,0.0
2026-04-02 12:43:00-04:00,582.760009765625,582.9793701171875,582.6599731445312,582.9299926757812,39129,0.0,0.0,0.0
2026-04-02 12:44:00-04:00,582.9401245117188,583.385009765625,582.9401245117188,583.0999755859375,80040,0.0,0.0,0.0
2026-04-02 12:45:00-04:00,583.1199951171875,583.4400024414062,583.010009765625,583.35498046875,68579,0.0,0.0,0.0
2026-04-02 12:46:00-04:00,583.3699951171875,583.469970703125,583.2000122070312,583.2700805664062,44286,0.0,0.0,0.0
2026-04-02 12:47:00-04:00,583.27001953125,583.280029296875,582.9400024414062,583.1699829101562,90775,0.0,0.0,0.0
2026-04-02 12:48:00-04:00,583.1300048828125,583.1400146484375,582.6300048828125,582.6699829101562,96592,0.0,0.0,0.0
2026-04-02 12:49:00-04:00,582.6699829101562,583.0599975585938,582.6649780273438,583.0009155273438,82025,0.0,0.0,0.0
2026-04-02 12:50:00-04:00,583.010009765625,583.2100219726562,582.989990234375,583.109375,69347,0.0,0.0,0.0
2026-04-02 12:51:00-04:00,583.0499877929688,583.072509765625,582.6799926757812,582.9199829101562,66858,0.0,0.0,0.0
2026-04-02 12:52:00-04:00,582.9600219726562,583.1699829101562,582.9500122070312,583.0975952148438,25558,0.0,0.0,0.0
2026-04-02 12:53:00-04:00,583.0900268554688,583.2899780273438,583.0700073242188,583.25,34013,0.0,0.0,0.0
2026-04-02 12:54:00-04:00,583.25,583.4000244140625,583.1599731445312,583.219970703125,47084,0.0,0.0,0.0
2026-04-02 12:55:00-04:00,583.2050170898438,583.2050170898438,582.9299926757812,583.0349731445312,39882,0.0,0.0,0.0
2026-04-02 12:56:00-04:00,583.0,583.0,582.7899780273438,582.8800048828125,42532,0.0,0.0,0.0
2026-04-02 12:57:00-04:00,582.8499755859375,583.0700073242188,582.75,582.760009765625,104908,0.0,0.0,0.0
2026-04-02 12:58:00-04:00,582.77001953125,582.8953857421875,582.5800170898438,582.760009765625,61668,0.0,0.0,0.0
2026-04-02 12:59:00-04:00,582.7899780273438,582.9099731445312,582.47998046875,582.52001953125,62295,0.0,0.0,0.0
2026-04-02 13:00:00-04:00,582.52001953125,582.5900268554688,582.030029296875,582.0650024414062,98422,0.0,0.0,0.0
2026-04-02 13:01:00-04:00,582.0800170898438,582.3599853515625,581.969970703125,582.0700073242188,60569,0.0,0.0,0.0
2026-04-02 13:02:00-04:00,582.0499877929688,582.219970703125,582.030029296875,582.14501953125,38474,0.0,0.0,0.0
2026-04-02 13:03:00-04:00,582.1500244140625,582.7999877929688,582.1500244140625,582.7109985351562,67808,0.0,0.0,0.0
2026-04-02 13:04:00-04:00,582.75,582.8200073242188,582.5599975585938,582.6799926757812,30636,0.0,0.0,0.0
2026-04-02 13:05:00-04:00,582.6599731445312,582.780029296875,582.468017578125,582.7550048828125,34046,0.0,0.0,0.0
2026-04-02 13:06:00-04:00,582.780029296875,582.8350219726562,582.47998046875,582.7299194335938,101722,0.0,0.0,0.0
2026-04-02 13:07:00-04:00,582.7349853515625,582.9199829101562,582.719970703125,582.8001098632812,51017,0.0,0.0,0.0
2026-04-02 13:08:00-04:00,582.72998046875,582.72998046875,582.3599853515625,582.4400024414062,39053,0.0,0.0,0.0
2026-04-02 13:09:00-04:00,582.468994140625,582.719970703125,582.3599853515625,582.64501953125,50269,0.0,0.0,0.0
2026-04-02 13:10:00-04:00,582.6500244140625,582.780029296875,582.5599975585938,582.5700073242188,48618,0.0,0.0,0.0
2026-04-02 13:11:00-04:00,582.5599975585938,582.739990234375,582.4500122070312,582.47998046875,60846,0.0,0.0,0.0
2026-04-02 13:12:00-04:00,582.510009765625,582.8200073242188,582.4400024414062,582.8076782226562,52229,0.0,0.0,0.0
2026-04-02 13:13:00-04:00,582.780029296875,583.27001953125,582.739990234375,583.27001953125,78751,0.0,0.0,0.0
2026-04-02 13:14:00-04:00,583.260009765625,583.6199951171875,583.2100219726562,583.3499755859375,96463,0.0,0.0,0.0
2026-04-02 13:15:00-04:00,583.3099975585938,583.5800170898438,583.22998046875,583.4500732421875,66156,0.0,0.0,0.0
2026-04-02 13:16:00-04:00,583.4500122070312,583.9600219726562,583.4099731445312,583.5399780273438,108519,0.0,0.0,0.0
2026-04-02 13:17:00-04:00,583.5250244140625,583.5999755859375,583.3300170898438,583.530029296875,58746,0.0,0.0,0.0
2026-04-02 13:18:00-04:00,583.52001953125,583.60498046875,583.3800048828125,583.4114990234375,81678,0.0,0.0,0.0
2026-04-02 13:19:00-04:00,583.3800048828125,583.6199951171875,583.375,583.5700073242188,70578,0.0,0.0,0.0
2026-04-02 13:20:00-04:00,583.5599975585938,583.7199096679688,583.469970703125,583.655029296875,81086,0.0,0.0,0.0
2026-04-02 13:21:00-04:00,583.6300048828125,583.6400146484375,583.4320068359375,583.5700073242188,64175,0.0,0.0,0.0
2026-04-02 13:22:00-04:00,583.5499877929688,583.6799926757812,583.3599853515625,583.5900268554688,66857,0.0,0.0,0.0
2026-04-02 13:23:00-04:00,583.6099853515625,583.8300170898438,583.5700073242188,583.8001098632812,68623,0.0,0.0,0.0
2026-04-02 13:24:00-04:00,583.8095703125,583.9199829101562,583.6799926757812,583.7308959960938,41322,0.0,0.0,0.0
2026-04-02 13:25:00-04:00,583.760009765625,583.9500122070312,583.6900024414062,583.719970703125,39166,0.0,0.0,0.0
2026-04-02 13:26:00-04:00,583.7449951171875,583.780029296875,583.5700073242188,583.5700073242188,42770,0.0,0.0,0.0
2026-04-02 13:27:00-04:00,583.5963134765625,583.6798706054688,583.510009765625,583.6400146484375,28456,0.0,0.0,0.0
2026-04-02 13:28:00-04:00,583.6649780273438,583.739990234375,583.5700073242188,583.6749877929688,54514,0.0,0.0,0.0
2026-04-02 13:29:00-04:00,583.6201171875,583.6500244140625,583.52001953125,583.5399169921875,51163,0.0,0.0,0.0
2026-04-02 13:30:00-04:00,583.5599975585938,583.642578125,583.4400024414062,583.510009765625,23064,0.0,0.0,0.0
2026-04-02 13:31:00-04:00,583.530029296875,583.6599731445312,583.3200073242188,583.3499755859375,29726,0.0,0.0,0.0
2026-04-02 13:32:00-04:00,583.3599853515625,583.4400024414062,583.280029296875,583.3499755859375,49816,0.0,0.0,0.0
2026-04-02 13:33:00-04:00,583.3300170898438,583.3800048828125,583.0402221679688,583.1799926757812,57469,0.0,0.0,0.0
2026-04-02 13:34:00-04:00,583.1699829101562,583.4299926757812,583.1599731445312,583.219970703125,48192,0.0,0.0,0.0
2026-04-02 13:35:00-04:00,583.2100219726562,583.219970703125,582.8499755859375,582.9600219726562,150576,0.0,0.0,0.0
2026-04-02 13:36:00-04:00,582.9600219726562,583.1199951171875,582.8800048828125,582.9638061523438,36000,0.0,0.0,0.0
2026-04-02 13:37:00-04:00,582.9500122070312,582.9600219726562,582.780029296875,582.8400268554688,30189,0.0,0.0,0.0
2026-04-02 13:38:00-04:00,582.8499755859375,583.0800170898438,582.780029296875,582.8900146484375,74561,0.0,0.0,0.0
2026-04-02 13:39:00-04:00,582.9000244140625,583.2000122070312,582.8900146484375,583.1580200195312,45891,0.0,0.0,0.0
2026-04-02 13:40:00-04:00,583.1599731445312,583.2988891601562,583.0599975585938,583.0607299804688,58683,0.0,0.0,0.0
2026-04-02 13:41:00-04:00,583.0800170898438,583.1849975585938,582.7999877929688,582.85498046875,67913,0.0,0.0,0.0
2026-04-02 13:42:00-04:00,582.8099975585938,582.8300170898438,582.6099853515625,582.7899780273438,61841,0.0,0.0,0.0
2026-04-02 13:43:00-04:00,582.760009765625,582.9099731445312,582.6599731445312,582.7849731445312,62179,0.0,0.0,0.0
2026-04-02 13:44:00-04:00,582.760009765625,582.97998046875,582.6699829101562,582.9299926757812,72086,0.0,0.0,0.0
2026-04-02 13:45:00-04:00,582.9299926757812,582.97998046875,582.47998046875,582.4940795898438,47979,0.0,0.0,0.0
2026-04-02 13:46:00-04:00,582.469970703125,582.5800170898438,582.094970703125,582.239990234375,99566,0.0,0.0,0.0
2026-04-02 13:47:00-04:00,582.25,582.3200073242188,581.6599731445312,581.7899780273438,81291,0.0,0.0,0.0
2026-04-02 13:48:00-04:00,581.7999877929688,581.8499755859375,581.4099731445312,581.469970703125,68036,0.0,0.0,0.0
2026-04-02 13:49:00-04:00,581.47998046875,581.5722045898438,581.3400268554688,581.4099731445312,69905,0.0,0.0,0.0
2026-04-02 13:50:00-04:00,581.35498046875,581.8099975585938,581.35498046875,581.6900024414062,97685,0.0,0.0,0.0
2026-04-02 13:51:00-04:00,581.6699829101562,581.8200073242188,581.4500122070312,581.4500122070312,88790,0.0,0.0,0.0
2026-04-02 13:52:00-04:00,581.4199829101562,581.52001953125,581.1400146484375,581.4199829101562,67406,0.0,0.0,0.0
2026-04-02 13:53:00-04:00,581.4299926757812,581.8400268554688,581.4099731445312,581.6400146484375,68181,0.0,0.0,0.0
2026-04-02 13:54:00-04:00,581.614990234375,581.9199829101562,581.5800170898438,581.9000244140625,106965,0.0,0.0,0.0
2026-04-02 13:55:00-04:00,581.9299926757812,582.1199951171875,581.6400146484375,581.781005859375,49649,0.0,0.0,0.0
2026-04-02 13:56:00-04:00,581.7750244140625,581.8499145507812,581.5800170898438,581.739990234375,44820,0.0,0.0,0.0
2026-04-02 13:57:00-04:00,581.75,581.77001953125,581.5800170898438,581.594970703125,44127,0.0,0.0,0.0
2026-04-02 13:58:00-04:00,581.594970703125,581.6699829101562,581.4500122070312,581.6400756835938,49911,0.0,0.0,0.0
2026-04-02 13:59:00-04:00,581.6400146484375,581.9000244140625,581.6400146484375,581.8099975585938,37777,0.0,0.0,0.0
2026-04-02 14:00:00-04:00,581.8150024414062,582.3200073242188,581.8150024414062,582.1199951171875,62833,0.0,0.0,0.0
2026-04-02 14:01:00-04:00,582.1099853515625,582.389892578125,582.0800170898438,582.2949829101562,54173,0.0,0.0,0.0
2026-04-02 14:02:00-04:00,582.2899780273438,582.3118286132812,582.1201782226562,582.197998046875,26775,0.0,0.0,0.0
2026-04-02 14:03:00-04:00,582.2100219726562,582.3699951171875,582.0800170898438,582.2449951171875,72005,0.0,0.0,0.0
2026-04-02 14:04:00-04:00,582.2210083007812,582.5798950195312,582.1400146484375,582.5700073242188,39255,0.0,0.0,0.0
2026-04-02 14:05:00-04:00,582.5700073242188,583.0800170898438,582.4904174804688,582.9500122070312,90653,0.0,0.0,0.0
2026-04-02 14:06:00-04:00,582.8800048828125,582.9299926757812,582.594970703125,582.875,48286,0.0,0.0,0.0
2026-04-02 14:07:00-04:00,582.9099731445312,582.9099731445312,582.5399780273438,582.6099853515625,28807,0.0,0.0,0.0
2026-04-02 14:08:00-04:00,582.60498046875,582.6875,582.4450073242188,582.5900268554688,26212,0.0,0.0,0.0
2026-04-02 14:09:00-04:00,582.5900268554688,582.75,582.5599975585938,582.69677734375,36743,0.0,0.0,0.0
2026-04-02 14:10:00-04:00,582.7094116210938,583.0407104492188,582.6599731445312,582.9500122070312,59296,0.0,0.0,0.0
2026-04-02 14:11:00-04:00,582.9400024414062,583.0198974609375,582.8699951171875,582.9000244140625,34565,0.0,0.0,0.0
2026-04-02 14:12:00-04:00,582.8699951171875,582.8699951171875,582.5599975585938,582.7802734375,58922,0.0,0.0,0.0
2026-04-02 14:13:00-04:00,582.75,582.760009765625,582.6300048828125,582.7100219726562,42553,0.0,0.0,0.0
2026-04-02 14:14:00-04:00,582.719970703125,582.780029296875,582.52001953125,582.6300048828125,32522,0.0,0.0,0.0
2026-04-02 14:15:00-04:00,582.6300048828125,582.6799926757812,582.3300170898438,582.4910278320312,41281,0.0,0.0,0.0
2026-04-02 14:16:00-04:00,582.489990234375,582.7999267578125,582.4600219726562,582.72998046875,51542,0.0,0.0,0.0
2026-04-02 14:17:00-04:00,582.719970703125,582.885009765625,582.6599731445312,582.8275756835938,34892,0.0,0.0,0.0
2026-04-02 14:18:00-04:00,582.83642578125,582.9199829101562,582.739990234375,582.77001953125,28805,0.0,0.0,0.0
2026-04-02 14:19:00-04:00,582.780029296875,582.7999877929688,582.5,582.6400146484375,49416,0.0,0.0,0.0
2026-04-02 14:20:00-04:00,582.6699829101562,582.6799926757812,582.530029296875,582.5599975585938,31358,0.0,0.0,0.0
2026-04-02 14:21:00-04:00,582.5399780273438,582.7100219726562,582.4598999023438,582.6199951171875,33756,0.0,0.0,0.0
2026-04-02 14:22:00-04:00,582.5972290039062,582.7100219726562,582.49072265625,582.7100219726562,39149,0.0,0.0,0.0
2026-04-02 14:23:00-04:00,582.719970703125,582.719970703125,582.5,582.5449829101562,32583,0.0,0.0,0.0
2026-04-02 14:24:00-04:00,582.6099853515625,582.6967163085938,582.385009765625,582.3900146484375,24977,0.0,0.0,0.0
2026-04-02 14:25:00-04:00,582.3800048828125,582.3800048828125,582.0599975585938,582.1300048828125,60812,0.0,0.0,0.0
2026-04-02 14:26:00-04:00,582.1010131835938,582.2166137695312,581.989990234375,582.0900268554688,48677,0.0,0.0,0.0
2026-04-02 14:27:00-04:00,582.0999755859375,582.2122802734375,582.0499877929688,582.1400146484375,50245,0.0,0.0,0.0
2026-04-02 14:28:00-04:00,582.1950073242188,582.364990234375,582.0972290039062,582.239990234375,42644,0.0,0.0,0.0
2026-04-02 14:29:00-04:00,582.219970703125,582.3699951171875,582.1007080078125,582.1799926757812,105145,0.0,0.0,0.0
2026-04-02 14:30:00-04:00,582.1959838867188,582.4199829101562,582.1630249023438,582.4000244140625,37012,0.0,0.0,0.0
2026-04-02 14:31:00-04:00,582.4099731445312,582.47998046875,582.1900024414062,582.2520141601562,51460,0.0,0.0,0.0
2026-04-02 14:32:00-04:00,582.27001953125,582.3400268554688,582.0599975585938,582.13037109375,38048,0.0,0.0,0.0
2026-04-02 14:33:00-04:00,582.0900268554688,582.2999877929688,582.0499877929688,582.239990234375,30309,0.0,0.0,0.0
2026-04-02 14:34:00-04:00,582.27001953125,582.4771728515625,582.27001953125,582.405029296875,98770,0.0,0.0,0.0
2026-04-02 14:35:00-04:00,582.4000244140625,582.5,582.2899780273438,582.4400024414062,43934,0.0,0.0,0.0
2026-04-02 14:36:00-04:00,582.4500122070312,582.4749755859375,582.2999877929688,582.4099731445312,41573,0.0,0.0,0.0
2026-04-02 14:37:00-04:00,582.3900146484375,582.489990234375,582.3200073242188,582.4700927734375,34589,0.0,0.0,0.0
2026-04-02 14:38:00-04:00,582.47998046875,582.47998046875,582.1849975585938,582.22998046875,58760,0.0,0.0,0.0
2026-04-02 14:39:00-04:00,582.280029296875,582.3049926757812,582.0599975585938,582.27001953125,68113,0.0,0.0,0.0
2026-04-02 14:40:00-04:00,582.2000122070312,582.8099975585938,582.1799926757812,582.8099975585938,58860,0.0,0.0,0.0
2026-04-02 14:41:00-04:00,582.8099975585938,583.1599731445312,582.6799926757812,582.9600219726562,107470,0.0,0.0,0.0
2026-04-02 14:42:00-04:00,582.97998046875,582.97998046875,582.7100219726562,582.7700805664062,47507,0.0,0.0,0.0
2026-04-02 14:43:00-04:00,582.7457885742188,582.75,582.5150146484375,582.6199951171875,43592,0.0,0.0,0.0
2026-04-02 14:44:00-04:00,582.6199951171875,582.9600219726562,582.6199951171875,582.9500122070312,34868,0.0,0.0,0.0
2026-04-02 14:45:00-04:00,582.9600219726562,583.1199951171875,582.780029296875,583.0598754882812,45714,0.0,0.0,0.0
2026-04-02 14:46:00-04:00,583.0599975585938,583.1799926757812,582.9600219726562,583.1400146484375,67770,0.0,0.0,0.0
2026-04-02 14:47:00-04:00,583.1699829101562,583.219970703125,582.989990234375,583.0700073242188,151026,0.0,0.0,0.0
2026-04-02 14:48:00-04:00,583.0700073242188,583.1900024414062,582.8499755859375,582.8900146484375,53173,0.0,0.0,0.0
2026-04-02 14:49:00-04:00,582.8699951171875,583.0700073242188,582.8499755859375,583.0599975585938,20972,0.0,0.0,0.0
2026-04-02 14:50:00-04:00,583.0700073242188,583.1627197265625,582.8800048828125,582.9400024414062,58482,0.0,0.0,0.0
2026-04-02 14:51:00-04:00,582.9299926757812,583.0999755859375,582.8800048828125,583.0599975585938,26004,0.0,0.0,0.0
2026-04-02 14:52:00-04:00,583.0800170898438,583.3200073242188,583.0499877929688,583.2999877929688,44396,0.0,0.0,0.0
2026-04-02 14:53:00-04:00,583.280029296875,583.5399780273438,583.239990234375,583.4099731445312,104615,0.0,0.0,0.0
2026-04-02 14:54:00-04:00,583.4099731445312,583.4201049804688,583.22998046875,583.2899780273438,73995,0.0,0.0,0.0
2026-04-02 14:55:00-04:00,583.2999877929688,583.2999877929688,583.010009765625,583.0800170898438,75800,0.0,0.0,0.0
2026-04-02 14:56:00-04:00,583.0999755859375,583.2498779296875,583.0599975585938,583.1400146484375,56005,0.0,0.0,0.0
2026-04-02 14:57:00-04:00,583.1500244140625,583.2000122070312,583.0599975585938,583.0800170898438,19185,0.0,0.0,0.0
2026-04-02 14:58:00-04:00,583.0800170898438,583.1799926757812,583.0499877929688,583.0709228515625,43208,0.0,0.0,0.0
2026-04-02 14:59:00-04:00,583.0499877929688,583.0900268554688,582.8699951171875,582.9641723632812,50675,0.0,0.0,0.0
2026-04-02 15:00:00-04:00,583.0,583.219970703125,582.9299926757812,583.1400146484375,73912,0.0,0.0,0.0
2026-04-02 15:01:00-04:00,583.114990234375,583.2849731445312,583.0900268554688,583.2000122070312,52013,0.0,0.0,0.0
2026-04-02 15:02:00-04:00,583.2150268554688,583.3800048828125,583.2150268554688,583.3300170898438,62548,0.0,0.0,0.0
2026-04-02 15:03:00-04:00,583.3099975585938,583.3300170898438,583.1500244140625,583.1749877929688,38866,0.0,0.0,0.0
2026-04-02 15:04:00-04:00,583.1400146484375,583.1790161132812,583.030029296875,583.1790161132812,58036,0.0,0.0,0.0
2026-04-02 15:05:00-04:00,583.1400146484375,583.5900268554688,583.1400146484375,583.4099731445312,106215,0.0,0.0,0.0
2026-04-02 15:06:00-04:00,583.3599853515625,583.47998046875,583.280029296875,583.4400024414062,19506,0.0,0.0,0.0
2026-04-02 15:07:00-04:00,583.4500122070312,583.5552978515625,583.3604125976562,583.5064697265625,19978,0.0,0.0,0.0
2026-04-02 15:08:00-04:00,583.5,583.5700073242188,583.27001953125,583.5050048828125,62233,0.0,0.0,0.0
2026-04-02 15:09:00-04:00,583.530029296875,583.5499877929688,583.364990234375,583.5150146484375,110356,0.0,0.0,0.0
2026-04-02 15:10:00-04:00,583.510009765625,583.8099975585938,583.5,583.8001098632812,77052,0.0,0.0,0.0
2026-04-02 15:11:00-04:00,583.7899780273438,583.9600219726562,583.7108154296875,583.8001098632812,47280,0.0,0.0,0.0
2026-04-02 15:12:00-04:00,583.7999877929688,583.8399047851562,583.6900024414062,583.7799072265625,59097,0.0,0.0,0.0
2026-04-02 15:13:00-04:00,583.77001953125,583.77001953125,583.6099853515625,583.6199951171875,44936,0.0,0.0,0.0
2026-04-02 15:14:00-04:00,583.6201782226562,583.6500244140625,583.4400024414062,583.5299072265625,65586,0.0,0.0,0.0
2026-04-02 15:15:00-04:00,583.530029296875,583.64990234375,583.3820190429688,583.4400024414062,55087,0.0,0.0,0.0
2026-04-02 15:16:00-04:00,583.4199829101562,583.4395141601562,583.1400146484375,583.3049926757812,101727,0.0,0.0,0.0
2026-04-02 15:17:00-04:00,583.3200073242188,583.3297729492188,583.1500854492188,583.2000122070312,48951,0.0,0.0,0.0
2026-04-02 15:18:00-04:00,583.1599731445312,583.22998046875,583.0800170898438,583.0850219726562,65023,0.0,0.0,0.0
2026-04-02 15:19:00-04:00,583.0999755859375,583.3499755859375,583.0700073242188,583.280029296875,74836,0.0,0.0,0.0
2026-04-02 15:20:00-04:00,583.27001953125,583.3099975585938,583.1599731445312,583.1599731445312,74546,0.0,0.0,0.0
2026-04-02 15:21:00-04:00,583.1500244140625,583.2000122070312,582.9600219726562,583.0189819335938,60036,0.0,0.0,0.0
2026-04-02 15:22:00-04:00,583.02001953125,583.3400268554688,582.8499755859375,583.3400268554688,66522,0.0,0.0,0.0
2026-04-02 15:23:00-04:00,583.3399047851562,583.5700073242188,583.080078125,583.4600219726562,60875,0.0,0.0,0.0
2026-04-02 15:24:00-04:00,583.4400024414062,583.4600219726562,583.1500244140625,583.1799926757812,57061,0.0,0.0,0.0
2026-04-02 15:25:00-04:00,583.1799926757812,583.1799926757812,582.9299926757812,582.9650268554688,57090,0.0,0.0,0.0
2026-04-02 15:26:00-04:00,582.9592895507812,583.0399780273438,582.840087890625,583.0,100394,0.0,0.0,0.0
2026-04-02 15:27:00-04:00,582.97998046875,583.1799926757812,582.969970703125,583.0700073242188,60860,0.0,0.0,0.0
2026-04-02 15:28:00-04:00,583.0499877929688,583.1099853515625,582.9199829101562,583.010009765625,78723,0.0,0.0,0.0
2026-04-02 15:29:00-04:00,583.0,583.1699829101562,583.0,583.1290283203125,33945,0.0,0.0,0.0
2026-04-02 15:30:00-04:00,583.11962890625,583.2899780273438,583.0900268554688,583.1995849609375,57651,0.0,0.0,0.0
2026-04-02 15:31:00-04:00,583.2100219726562,583.3599853515625,583.1502075195312,583.2750244140625,38973,0.0,0.0,0.0
2026-04-02 15:32:00-04:00,583.27001953125,583.3599853515625,583.0775146484375,583.1300048828125,54685,0.0,0.0,0.0
2026-04-02 15:33:00-04:00,583.1400146484375,583.1900024414062,582.9099731445312,582.969970703125,47477,0.0,0.0,0.0
2026-04-02 15:34:00-04:00,582.969970703125,583.1099243164062,582.9301147460938,583.090087890625,58704,0.0,0.0,0.0
2026-04-02 15:35:00-04:00,583.0999755859375,583.3599853515625,583.0501098632812,583.25,44187,0.0,0.0,0.0
2026-04-02 15:36:00-04:00,583.239990234375,583.419921875,583.2100219726562,583.3350219726562,54594,0.0,0.0,0.0
2026-04-02 15:37:00-04:00,583.3300170898438,583.4000244140625,583.22998046875,583.2310180664062,36952,0.0,0.0,0.0
2026-04-02 15:38:00-04:00,583.22998046875,583.3900146484375,583.219970703125,583.3300170898438,44914,0.0,0.0,0.0
2026-04-02 15:39:00-04:00,583.3300170898438,583.5050048828125,583.2650146484375,583.469970703125,75109,0.0,0.0,0.0
2026-04-02 15:40:00-04:00,583.47998046875,583.6749877929688,583.4199829101562,583.6599731445312,183386,0.0,0.0,0.0
2026-04-02 15:41:00-04:00,583.6699829101562,583.6900024414062,583.3900146484375,583.4500122070312,71067,0.0,0.0,0.0
2026-04-02 15:42:00-04:00,583.4500122070312,583.5299072265625,583.27001953125,583.280029296875,52501,0.0,0.0,0.0
2026-04-02 15:43:00-04:00,583.27001953125,583.4199829101562,583.25,583.280029296875,67010,0.0,0.0,0.0
2026-04-02 15:44:00-04:00,583.27001953125,583.2849731445312,583.0900268554688,583.0999755859375,114836,0.0,0.0,0.0
2026-04-02 15:45:00-04:00,583.1099853515625,583.280029296875,582.9700927734375,583.0850219726562,153142,0.0,0.0,0.0
2026-04-02 15:46:00-04:00,583.0999755859375,583.1900024414062,583.030029296875,583.1799926757812,86847,0.0,0.0,0.0
2026-04-02 15:47:00-04:00,583.1699829101562,583.3300170898438,583.1300048828125,583.2999877929688,96059,0.0,0.0,0.0
2026-04-02 15:48:00-04:00,583.3250122070312,583.39501953125,583.1358032226562,583.27001953125,66536,0.0,0.0,0.0
2026-04-02 15:49:00-04:00,583.2750244140625,583.3300170898438,583.2000122070312,583.27001953125,69982,0.0,0.0,0.0
2026-04-02 15:50:00-04:00,583.260009765625,584.530029296875,583.260009765625,584.2100219726562,230003,0.0,0.0,0.0
2026-04-02 15:51:00-04:00,584.2025146484375,584.219970703125,583.9401245117188,584.1849975585938,157573,0.0,0.0,0.0
2026-04-02 15:52:00-04:00,584.1900024414062,584.4299926757812,584.1300048828125,584.3499755859375,172483,0.0,0.0,0.0
2026-04-02 15:53:00-04:00,584.3300170898438,584.5,584.25,584.3663940429688,132826,0.0,0.0,0.0
2026-04-02 15:54:00-04:00,584.3599853515625,584.625,584.2700805664062,584.530029296875,248790,0.0,0.0,0.0
2026-04-02 15:55:00-04:00,584.530029296875,585.0499877929688,584.4000244140625,584.8049926757812,293415,0.0,0.0,0.0
2026-04-02 15:56:00-04:00,584.8099975585938,584.8400268554688,584.5999755859375,584.6900024414062,186499,0.0,0.0,0.0
2026-04-02 15:57:00-04:00,584.6849975585938,584.8200073242188,584.510009765625,584.7999877929688,232563,0.0,0.0,0.0
2026-04-02 15:58:00-04:00,584.8099975585938,584.9500122070312,584.719970703125,584.7349853515625,237758,0.0,0.0,0.0
2026-04-02 15:59:00-04:00,584.72998046875,585.0900268554688,584.6749877929688,584.9600219726562,799695,0.0,0.0,0.0
2026-04-06 09:30:00-04:00,586.2000122070312,587.7550048828125,586.1300048828125,587.72998046875,1955295,0.0,0.0,0.0
2026-04-06 09:31:00-04:00,587.739990234375,588.27001953125,587.5999755859375,588.0994262695312,227933,0.0,0.0,0.0
2026-04-06 09:32:00-04:00,588.0750122070312,588.4099731445312,587.260009765625,587.4400024414062,209592,0.0,0.0,0.0
2026-04-06 09:33:00-04:00,587.4400024414062,588.719970703125,587.25,588.6400146484375,203179,0.0,0.0,0.0
2026-04-06 09:34:00-04:00,588.64990234375,588.64990234375,587.9299926757812,588.3400268554688,128425,0.0,0.0,0.0
2026-04-06 09:35:00-04:00,588.3400268554688,588.780029296875,587.614990234375,587.614990234375,223318,0.0,0.0,0.0
2026-04-06 09:36:00-04:00,587.614990234375,587.6199951171875,585.885009765625,585.989990234375,409500,0.0,0.0,0.0
2026-04-06 09:37:00-04:00,585.8499755859375,586.47998046875,585.72998046875,586.2449951171875,384275,0.0,0.0,0.0
2026-04-06 09:38:00-04:00,586.2100219726562,586.6799926757812,585.8800048828125,586.52001953125,176362,0.0,0.0,0.0
2026-04-06 09:39:00-04:00,586.530029296875,587.1500244140625,586.5,586.9099731445312,114867,0.0,0.0,0.0
2026-04-06 09:40:00-04:00,586.9199829101562,586.969970703125,586.1300048828125,586.8298950195312,199636,0.0,0.0,0.0
2026-04-06 09:41:00-04:00,586.8350219726562,587.47998046875,586.7550048828125,587.3200073242188,131920,0.0,0.0,0.0
2026-04-06 09:42:00-04:00,587.3400268554688,587.7249755859375,587.1199951171875,587.625,97485,0.0,0.0,0.0
2026-04-06 09:43:00-04:00,587.635009765625,588.1500244140625,587.52001953125,587.77001953125,150166,0.0,0.0,0.0
2026-04-06 09:44:00-04:00,587.7150268554688,587.9000244140625,587.47998046875,587.6998901367188,95435,0.0,0.0,0.0
2026-04-06 09:45:00-04:00,587.6799926757812,588.6849975585938,587.6599731445312,588.5070190429688,225296,0.0,0.0,0.0
2026-04-06 09:46:00-04:00,588.5050048828125,589.02001953125,588.2650146484375,588.5150146484375,223129,0.0,0.0,0.0
2026-04-06 09:47:00-04:00,588.510009765625,588.7999877929688,588.0,588.6890258789062,143731,0.0,0.0,0.0
2026-04-06 09:48:00-04:00,588.72998046875,588.7800903320312,588.2999877929688,588.609375,98071,0.0,0.0,0.0
2026-04-06 09:49:00-04:00,588.625,588.9600219726562,588.4600219726562,588.5,122285,0.0,0.0,0.0
2026-04-06 09:50:00-04:00,588.5499877929688,588.9299926757812,588.3800048828125,588.9299926757812,129011,0.0,0.0,0.0
2026-04-06 09:51:00-04:00,588.9400024414062,589.5999755859375,588.8400268554688,589.22998046875,214123,0.0,0.0,0.0
2026-04-06 09:52:00-04:00,589.2750244140625,589.4949951171875,588.9000244140625,589.010009765625,170342,0.0,0.0,0.0
2026-04-06 09:53:00-04:00,589.0,589.3200073242188,588.5999755859375,589.25,219600,0.0,0.0,0.0
2026-04-06 09:54:00-04:00,589.239990234375,589.4600219726562,588.9000244140625,588.9000244140625,112567,0.0,0.0,0.0
2026-04-06 09:55:00-04:00,588.9299926757812,589.2100219726562,588.510009765625,588.5700073242188,133436,0.0,0.0,0.0
2026-04-06 09:56:00-04:00,588.5800170898438,589.1849975585938,588.47998046875,589.1099853515625,113797,0.0,0.0,0.0
2026-04-06 09:57:00-04:00,589.1323852539062,589.3699951171875,589.0501098632812,589.1400146484375,96051,0.0,0.0,0.0
2026-04-06 09:58:00-04:00,589.1500244140625,589.280029296875,588.77001953125,589.0900268554688,92763,0.0,0.0,0.0
2026-04-06 09:59:00-04:00,589.135009765625,589.6599731445312,589.010009765625,589.5501098632812,130426,0.0,0.0,0.0
2026-04-06 10:00:00-04:00,589.5599975585938,590.6099853515625,588.6799926757812,589.34228515625,310531,0.0,0.0,0.0
2026-04-06 10:01:00-04:00,589.3400268554688,589.39501953125,588.4299926757812,588.559814453125,264163,0.0,0.0,0.0
2026-04-06 10:02:00-04:00,588.5349731445312,588.8499145507812,588.219970703125,588.3400268554688,133567,0.0,0.0,0.0
2026-04-06 10:03:00-04:00,588.3250122070312,588.5050048828125,587.739990234375,587.760009765625,146070,0.0,0.0,0.0
2026-04-06 10:04:00-04:00,587.8200073242188,587.969970703125,586.7000122070312,586.8049926757812,264368,0.0,0.0,0.0
2026-04-06 10:05:00-04:00,586.77001953125,587.219970703125,586.530029296875,586.5950927734375,299165,0.0,0.0,0.0
2026-04-06 10:06:00-04:00,586.5800170898438,586.969970703125,586.3200073242188,586.9000244140625,180265,0.0,0.0,0.0
2026-04-06 10:07:00-04:00,586.9500122070312,587.0999755859375,586.6199951171875,586.6616821289062,243595,0.0,0.0,0.0
2026-04-06 10:08:00-04:00,586.7000122070312,587.0900268554688,586.5999755859375,586.9550170898438,90250,0.0,0.0,0.0
2026-04-06 10:09:00-04:00,586.9401245117188,587.4400024414062,586.9401245117188,587.4000244140625,123059,0.0,0.0,0.0
2026-04-06 10:10:00-04:00,587.3699951171875,587.614990234375,586.489990234375,586.6500244140625,122075,0.0,0.0,0.0
2026-04-06 10:11:00-04:00,586.6500244140625,587.8099975585938,586.6099853515625,587.6699829101562,139707,0.0,0.0,0.0
2026-04-06 10:12:00-04:00,587.6732177734375,587.9199829101562,587.47998046875,587.6199951171875,174479,0.0,0.0,0.0
2026-04-06 10:13:00-04:00,587.6099853515625,588.0499877929688,587.3300170898438,587.905029296875,123517,0.0,0.0,0.0
2026-04-06 10:14:00-04:00,587.8510131835938,588.3099975585938,587.75,588.2150268554688,109633,0.0,0.0,0.0
2026-04-06 10:15:00-04:00,588.260009765625,588.7000122070312,588.1599731445312,588.6898803710938,166216,0.0,0.0,0.0
2026-04-06 10:16:00-04:00,588.6799926757812,588.7999877929688,588.3599853515625,588.6099853515625,105254,0.0,0.0,0.0
2026-04-06 10:17:00-04:00,588.5499877929688,588.6199951171875,588.25,588.3699951171875,102982,0.0,0.0,0.0
2026-04-06 10:18:00-04:00,588.3400268554688,588.4000244140625,587.9400024414062,588.2550048828125,101384,0.0,0.0,0.0
2026-04-06 10:19:00-04:00,588.239990234375,588.75,588.1599731445312,588.5900268554688,69170,0.0,0.0,0.0
2026-04-06 10:20:00-04:00,588.5999755859375,588.9400024414062,588.4600830078125,588.610107421875,76791,0.0,0.0,0.0
2026-04-06 10:21:00-04:00,588.5399780273438,589.1500244140625,588.4199829101562,589.010009765625,64989,0.0,0.0,0.0
2026-04-06 10:22:00-04:00,589.0050048828125,589.030029296875,588.75,588.780029296875,74707,0.0,0.0,0.0
2026-04-06 10:23:00-04:00,588.780029296875,589.0,588.5700073242188,589.0,43615,0.0,0.0,0.0
2026-04-06 10:24:00-04:00,588.989990234375,588.989990234375,588.6099853515625,588.7999877929688,71879,0.0,0.0,0.0
2026-04-06 10:25:00-04:00,588.780029296875,588.8699951171875,588.1699829101562,588.260009765625,76226,0.0,0.0,0.0
2026-04-06 10:26:00-04:00,588.3250122070312,588.64990234375,588.1300048828125,588.5999755859375,137787,0.0,0.0,0.0
2026-04-06 10:27:00-04:00,588.5399780273438,588.9199829101562,588.4500122070312,588.614990234375,72205,0.0,0.0,0.0
2026-04-06 10:28:00-04:00,588.5999755859375,588.9299926757812,588.3499755859375,588.8699951171875,151210,0.0,0.0,0.0
2026-04-06 10:29:00-04:00,588.7999877929688,588.844970703125,588.4400024414062,588.52001953125,36476,0.0,0.0,0.0
2026-04-06 10:30:00-04:00,588.510009765625,589.0700073242188,588.498779296875,589.030029296875,50774,0.0,0.0,0.0
2026-04-06 10:31:00-04:00,588.9849853515625,589.1300048828125,588.8499755859375,589.0,83216,0.0,0.0,0.0
2026-04-06 10:32:00-04:00,589.010009765625,589.1199951171875,588.231689453125,588.5700073242188,93317,0.0,0.0,0.0
2026-04-06 10:33:00-04:00,588.6049194335938,588.7100219726562,588.2650146484375,588.2650146484375,258613,0.0,0.0,0.0
2026-04-06 10:34:00-04:00,588.2899780273438,588.6300048828125,588.2849731445312,588.530029296875,100468,0.0,0.0,0.0
2026-04-06 10:35:00-04:00,588.5700073242188,588.9199829101562,588.3699951171875,588.4400024414062,135382,0.0,0.0,0.0
2026-04-06 10:36:00-04:00,588.469970703125,588.6300048828125,588.072021484375,588.2000122070312,97981,0.0,0.0,0.0
2026-04-06 10:37:00-04:00,588.22998046875,588.4299926757812,588.030029296875,588.2100219726562,64352,0.0,0.0,0.0
2026-04-06 10:38:00-04:00,588.1699829101562,588.72998046875,586.9099731445312,586.9799194335938,272190,0.0,0.0,0.0
2026-04-06 10:39:00-04:00,586.9500122070312,587.47998046875,586.6712036132812,587.0899047851562,201705,0.0,0.0,0.0
2026-04-06 10:40:00-04:00,587.0399780273438,588.0549926757812,587.0050048828125,587.9400024414062,203351,0.0,0.0,0.0
2026-04-06 10:41:00-04:00,587.9550170898438,588.1099853515625,587.4099731445312,587.6500244140625,200764,0.0,0.0,0.0
2026-04-06 10:42:00-04:00,587.7000122070312,587.8599243164062,587.3499755859375,587.389892578125,149342,0.0,0.0,0.0
2026-04-06 10:43:00-04:00,587.3800048828125,587.5999755859375,587.1400146484375,587.5499877929688,101297,0.0,0.0,0.0
2026-04-06 10:44:00-04:00,587.5499877929688,587.8399047851562,587.260009765625,587.3798828125,94044,0.0,0.0,0.0
2026-04-06 10:45:00-04:00,587.3300170898438,587.3300170898438,586.8200073242188,587.219970703125,105099,0.0,0.0,0.0
2026-04-06 10:46:00-04:00,587.1801147460938,587.4000244140625,586.9000244140625,587.0599975585938,72205,0.0,0.0,0.0
2026-04-06 10:47:00-04:00,587.0700073242188,587.10009765625,586.6400146484375,586.7849731445312,76535,0.0,0.0,0.0
2026-04-06 10:48:00-04:00,586.8099975585938,586.889892578125,586.3499755859375,586.375,83996,0.0,0.0,0.0
2026-04-06 10:49:00-04:00,586.3900146484375,586.498779296875,586.0800170898438,586.27001953125,195161,0.0,0.0,0.0
2026-04-06 10:50:00-04:00,586.3200073242188,586.6500244140625,586.2899780273438,586.4598999023438,101943,0.0,0.0,0.0
2026-04-06 10:51:00-04:00,586.4299926757812,586.75,586.3300170898438,586.64501953125,247034,0.0,0.0,0.0
2026-04-06 10:52:00-04:00,586.6400146484375,586.9600219726562,586.5704956054688,586.9199829101562,61805,0.0,0.0,0.0
2026-04-06 10:53:00-04:00,586.905029296875,587.2000122070312,586.8800048828125,586.89501953125,59364,0.0,0.0,0.0
2026-04-06 10:54:00-04:00,586.8800048828125,586.9650268554688,586.5599975585938,586.9199829101562,62284,0.0,0.0,0.0
2026-04-06 10:55:00-04:00,586.9199829101562,587.1300048828125,586.52001953125,587.0283813476562,88176,0.0,0.0,0.0
2026-04-06 10:56:00-04:00,587.0701293945312,587.3400268554688,587.0,587.25,114479,0.0,0.0,0.0
2026-04-06 10:57:00-04:00,587.2559814453125,587.6099853515625,587.2000122070312,587.280029296875,102778,0.0,0.0,0.0
2026-04-06 10:58:00-04:00,587.2999877929688,587.5999755859375,587.251220703125,587.5850219726562,85502,0.0,0.0,0.0
2026-04-06 10:59:00-04:00,587.5850219726562,587.6286010742188,587.0001220703125,587.1400146484375,72003,0.0,0.0,0.0
2026-04-06 11:00:00-04:00,587.1500244140625,587.4400024414062,587.1099853515625,587.4099731445312,44599,0.0,0.0,0.0
2026-04-06 11:01:00-04:00,587.4099731445312,587.719970703125,587.4000244140625,587.7100219726562,94801,0.0,0.0,0.0
2026-04-06 11:02:00-04:00,587.7255859375,587.8900146484375,587.405029296875,587.5150146484375,50336,0.0,0.0,0.0
2026-04-06 11:03:00-04:00,587.493896484375,587.493896484375,586.9400024414062,587.0100708007812,67166,0.0,0.0,0.0
2026-04-06 11:04:00-04:00,587.0800170898438,587.4199829101562,586.8200073242188,587.3499755859375,113265,0.0,0.0,0.0
2026-04-06 11:05:00-04:00,587.3300170898438,587.6198120117188,587.2100219726562,587.385009765625,66510,0.0,0.0,0.0
2026-04-06 11:06:00-04:00,587.4199829101562,587.4818115234375,587.0449829101562,587.0999755859375,80562,0.0,0.0,0.0
2026-04-06 11:07:00-04:00,587.1199951171875,587.7000122070312,586.8519897460938,587.6500244140625,143266,0.0,0.0,0.0
2026-04-06 11:08:00-04:00,587.6400146484375,587.75,587.4600219726562,587.6500244140625,44428,0.0,0.0,0.0
2026-04-06 11:09:00-04:00,587.6500244140625,587.7000122070312,587.3400268554688,587.5599975585938,59176,0.0,0.0,0.0
2026-04-06 11:10:00-04:00,587.5399780273438,587.5399780273438,586.969970703125,587.1400146484375,73920,0.0,0.0,0.0
2026-04-06 11:11:00-04:00,587.1099853515625,587.25,586.9299926757812,587.1500244140625,83896,0.0,0.0,0.0
2026-04-06 11:12:00-04:00,587.1900024414062,587.219970703125,586.9600219726562,587.1021118164062,64211,0.0,0.0,0.0
2026-04-06 11:13:00-04:00,587.0311889648438,587.5595092773438,587.030029296875,587.2150268554688,57560,0.0,0.0,0.0
2026-04-06 11:14:00-04:00,587.1500244140625,587.3599853515625,586.830078125,587.3150024414062,89476,0.0,0.0,0.0
2026-04-06 11:15:00-04:00,587.2650146484375,587.5,587.085205078125,587.0900268554688,44979,0.0,0.0,0.0
2026-04-06 11:16:00-04:00,587.114990234375,587.27001953125,586.9000244140625,587.125,70150,0.0,0.0,0.0
2026-04-06 11:17:00-04:00,587.130126953125,587.5499877929688,587.0349731445312,587.3800048828125,32630,0.0,0.0,0.0
2026-04-06 11:18:00-04:00,587.375,587.530029296875,587.2000732421875,587.2001953125,37447,0.0,0.0,0.0
2026-04-06 11:19:00-04:00,587.1699829101562,587.2000122070312,586.9600219726562,587.0999755859375,33186,0.0,0.0,0.0
2026-04-06 11:20:00-04:00,587.1699829101562,587.3300170898438,586.9500122070312,587.0999755859375,74418,0.0,0.0,0.0
2026-04-06 11:21:00-04:00,587.0399780273438,587.1799926757812,586.8300170898438,587.1799926757812,54069,0.0,0.0,0.0
2026-04-06 11:22:00-04:00,587.1749877929688,587.3798828125,587.0650024414062,587.2000122070312,37977,0.0,0.0,0.0
2026-04-06 11:23:00-04:00,587.1950073242188,587.2791137695312,586.75,586.8699951171875,41267,0.0,0.0,0.0
2026-04-06 11:24:00-04:00,586.8583984375,586.8800048828125,586.5900268554688,586.7199096679688,50981,0.0,0.0,0.0
2026-04-06 11:25:00-04:00,586.6699829101562,586.677490234375,586.219970703125,586.4400024414062,68770,0.0,0.0,0.0
2026-04-06 11:26:00-04:00,586.4500122070312,586.7000122070312,586.4492797851562,586.5449829101562,33544,0.0,0.0,0.0
2026-04-06 11:27:00-04:00,586.5599975585938,586.9099731445312,586.5399780273438,586.7949829101562,32343,0.0,0.0,0.0
2026-04-06 11:28:00-04:00,586.8300170898438,586.8300170898438,586.3900146484375,586.6898803710938,36889,0.0,0.0,0.0
2026-04-06 11:29:00-04:00,586.6649780273438,586.8599853515625,586.530029296875,586.5399780273438,40856,0.0,0.0,0.0
2026-04-06 11:30:00-04:00,586.5399780273438,586.6300048828125,586.4199829101562,586.4317016601562,40618,0.0,0.0,0.0
2026-04-06 11:31:00-04:00,586.4199829101562,586.6599731445312,586.3499755859375,586.385009765625,40092,0.0,0.0,0.0
2026-04-06 11:32:00-04:00,586.3900146484375,586.510009765625,586.1201171875,586.1799926757812,113401,0.0,0.0,0.0
2026-04-06 11:33:00-04:00,586.1616821289062,586.4099731445312,585.8699951171875,586.3300170898438,120413,0.0,0.0,0.0
2026-04-06 11:34:00-04:00,586.3400268554688,586.47998046875,586.239990234375,586.344970703125,59543,0.0,0.0,0.0
2026-04-06 11:35:00-04:00,586.344970703125,586.6400146484375,586.2000122070312,586.5150146484375,154472,0.0,0.0,0.0
2026-04-06 11:36:00-04:00,586.5200805664062,586.5200805664062,586.0599975585938,586.1199951171875,48874,0.0,0.0,0.0
2026-04-06 11:37:00-04:00,586.1300048828125,586.239990234375,585.8900146484375,586.2000122070312,135737,0.0,0.0,0.0
2026-04-06 11:38:00-04:00,586.2050170898438,586.3599853515625,586.1199951171875,586.2100219726562,115733,0.0,0.0,0.0
2026-04-06 11:39:00-04:00,586.239990234375,586.6799926757812,586.2100219726562,586.6199951171875,76376,0.0,0.0,0.0
2026-04-06 11:40:00-04:00,586.5700073242188,586.7977905273438,586.510009765625,586.7537841796875,46444,0.0,0.0,0.0
2026-04-06 11:41:00-04:00,586.7406005859375,586.7999877929688,586.3599853515625,586.5604858398438,25814,0.0,0.0,0.0
2026-04-06 11:42:00-04:00,586.5499877929688,586.9299926757812,586.510009765625,586.7899780273438,30260,0.0,0.0,0.0
2026-04-06 11:43:00-04:00,586.760009765625,586.8350219726562,586.5900268554688,586.6538696289062,26650,0.0,0.0,0.0
2026-04-06 11:44:00-04:00,586.64501953125,586.8499755859375,586.5499877929688,586.8300170898438,24255,0.0,0.0,0.0
2026-04-06 11:45:00-04:00,586.8250122070312,586.8499145507812,586.6599731445312,586.760009765625,15875,0.0,0.0,0.0
2026-04-06 11:46:00-04:00,586.7750244140625,587.0700073242188,586.7750244140625,587.0399780273438,90492,0.0,0.0,0.0
2026-04-06 11:47:00-04:00,587.1500244140625,587.2150268554688,587.1063232421875,587.1696166992188,9774,0.0,0.0,0.0
2026-04-06 11:48:00-04:00,587.1868286132812,587.2999877929688,587.0700073242188,587.1119995117188,225476,0.0,0.0,0.0
2026-04-06 11:49:00-04:00,587.135986328125,587.1693115234375,586.9949951171875,587.1300048828125,157326,0.0,0.0,0.0
2026-04-06 11:50:00-04:00,587.0800170898438,587.5,586.969970703125,587.47998046875,61388,0.0,0.0,0.0
2026-04-06 11:51:00-04:00,587.52001953125,587.5399780273438,587.3499755859375,587.4844970703125,30403,0.0,0.0,0.0
2026-04-06 11:52:00-04:00,587.469970703125,587.655029296875,587.340087890625,587.6301879882812,44812,0.0,0.0,0.0
2026-04-06 11:53:00-04:00,587.6199951171875,587.75,587.5700073242188,587.6300048828125,57598,0.0,0.0,0.0
2026-04-06 11:54:00-04:00,587.6300048828125,587.7000122070312,587.4600219726562,587.6099853515625,38694,0.0,0.0,0.0
2026-04-06 11:55:00-04:00,587.5900268554688,587.619873046875,587.3900146484375,587.4000244140625,39624,0.0,0.0,0.0
2026-04-06 11:56:00-04:00,587.4299926757812,587.489990234375,587.1300048828125,587.3200073242188,144900,0.0,0.0,0.0
2026-04-06 11:57:00-04:00,587.3150024414062,587.4400024414062,587.2000122070312,587.340087890625,36855,0.0,0.0,0.0
2026-04-06 11:58:00-04:00,587.4400024414062,587.5,587.3400268554688,587.4401245117188,20670,0.0,0.0,0.0
2026-04-06 11:59:00-04:00,587.4400024414062,587.5800170898438,587.4199829101562,587.530029296875,22569,0.0,0.0,0.0
2026-04-06 12:00:00-04:00,587.5549926757812,587.6599731445312,587.39501953125,587.47998046875,31775,0.0,0.0,0.0
2026-04-06 12:01:00-04:00,587.4749755859375,587.5999755859375,587.4400024414062,587.5449829101562,26144,0.0,0.0,0.0
2026-04-06 12:02:00-04:00,587.530029296875,587.530029296875,586.989990234375,587.1500244140625,68286,0.0,0.0,0.0
2026-04-06 12:03:00-04:00,587.1699829101562,587.2899780273438,587.1317138671875,587.2249755859375,13795,0.0,0.0,0.0
2026-04-06 12:04:00-04:00,587.1699829101562,587.1900024414062,586.9299926757812,586.9400024414062,33925,0.0,0.0,0.0
2026-04-06 12:05:00-04:00,586.9199829101562,587.0700073242188,586.9199829101562,587.010009765625,13335,0.0,0.0,0.0
2026-04-06 12:06:00-04:00,587.2401123046875,587.25,587.0098876953125,587.0250244140625,86631,0.0,0.0,0.0
2026-04-06 12:07:00-04:00,587.0086059570312,587.1104736328125,586.9099731445312,587.0159301757812,52318,0.0,0.0,0.0
2026-04-06 12:08:00-04:00,587.0191040039062,587.0800170898438,586.72998046875,586.760009765625,41706,0.0,0.0,0.0
2026-04-06 12:09:00-04:00,586.7550048828125,586.9100952148438,586.6699829101562,586.6701049804688,43108,0.0,0.0,0.0
2026-04-06 12:10:00-04:00,586.6898803710938,586.8048095703125,586.5900268554688,586.7598876953125,32278,0.0,0.0,0.0
2026-04-06 12:11:00-04:00,586.760009765625,586.9500122070312,586.655029296875,586.8900146484375,45885,0.0,0.0,0.0
2026-04-06 12:12:00-04:00,586.9099731445312,587.0700073242188,586.8099975585938,586.969970703125,20176,0.0,0.0,0.0
2026-04-06 12:13:00-04:00,586.9199829101562,587.0700073242188,586.8900146484375,586.9000244140625,29900,0.0,0.0,0.0
2026-04-06 12:14:00-04:00,586.9199829101562,587.1699829101562,586.8400268554688,587.0886840820312,69697,0.0,0.0,0.0
2026-04-06 12:15:00-04:00,587.0900268554688,587.298828125,586.8699951171875,586.9000244140625,87745,0.0,0.0,0.0
2026-04-06 12:16:00-04:00,586.868408203125,587.1500244140625,586.8250122070312,587.1240844726562,32627,0.0,0.0,0.0
2026-04-06 12:17:00-04:00,587.119873046875,587.1500244140625,587.02001953125,587.0599975585938,40155,0.0,0.0,0.0
2026-04-06 12:18:00-04:00,587.0449829101562,587.0499877929688,586.9000244140625,586.9808959960938,25193,0.0,0.0,0.0
2026-04-06 12:19:00-04:00,587.0098876953125,587.110107421875,586.8508911132812,587.0098876953125,14268,0.0,0.0,0.0
2026-04-06 12:20:00-04:00,586.9899291992188,587.2000122070312,586.8800048828125,587.1799926757812,20628,0.0,0.0,0.0
2026-04-06 12:21:00-04:00,587.2100219726562,587.3800048828125,587.1799926757812,587.2523193359375,44691,0.0,0.0,0.0
2026-04-06 12:22:00-04:00,587.2000122070312,587.2000122070312,586.97998046875,587.0,4560,0.0,0.0,0.0
2026-04-06 12:23:00-04:00,586.97998046875,587.0499877929688,586.8699951171875,586.989990234375,27146,0.0,0.0,0.0
2026-04-06 12:24:00-04:00,587.010009765625,587.25,587.010009765625,587.1849975585938,22870,0.0,0.0,0.0
2026-04-06 12:25:00-04:00,587.1500244140625,587.375,587.1500244140625,587.375,16770,0.0,0.0,0.0
2026-04-06 12:26:00-04:00,587.3400268554688,587.4099731445312,587.239990234375,587.2899780273438,140754,0.0,0.0,0.0
2026-04-06 12:27:00-04:00,587.260009765625,587.309814453125,587.1599731445312,587.2896728515625,122484,0.0,0.0,0.0
2026-04-06 12:28:00-04:00,587.2600708007812,587.4949951171875,587.2374877929688,587.4600219726562,49174,0.0,0.0,0.0
2026-04-06 12:29:00-04:00,587.47998046875,587.530029296875,587.2744750976562,587.2744750976562,50719,0.0,0.0,0.0
2026-04-06 12:30:00-04:00,587.280029296875,587.3480224609375,587.0800170898438,587.10009765625,29754,0.0,0.0,0.0
2026-04-06 12:31:00-04:00,587.0900268554688,587.3150024414062,587.0399780273438,587.301025390625,28435,0.0,0.0,0.0
2026-04-06 12:32:00-04:00,587.3200073242188,587.5549926757812,587.2999877929688,587.530029296875,59644,0.0,0.0,0.0
2026-04-06 12:33:00-04:00,587.5349731445312,587.5650024414062,587.3200073242188,587.3800048828125,69143,0.0,0.0,0.0
2026-04-06 12:34:00-04:00,587.3800048828125,587.6099853515625,587.3599853515625,587.5800170898438,91143,0.0,0.0,0.0
2026-04-06 12:35:00-04:00,587.5850219726562,587.7000122070312,587.5401000976562,587.6699829101562,82841,0.0,0.0,0.0
2026-04-06 12:36:00-04:00,587.656494140625,587.75,587.5399780273438,587.6649780273438,0,0.0,0.0,0.0
2026-04-06 12:37:00-04:00,587.6649780273438,587.989990234375,587.6199951171875,587.8400268554688,123717,0.0,0.0,0.0
2026-04-06 12:38:00-04:00,587.83251953125,588.0999755859375,587.7999877929688,587.7999877929688,71397,0.0,0.0,0.0
2026-04-06 12:39:00-04:00,587.8099975585938,587.8300170898438,587.6599731445312,587.6599731445312,36784,0.0,0.0,0.0
2026-04-06 12:40:00-04:00,587.6900024414062,587.7269897460938,587.469970703125,587.6950073242188,34358,0.0,0.0,0.0
2026-04-06 12:41:00-04:00,587.6900024414062,587.8499755859375,587.5599975585938,587.7901000976562,50671,0.0,0.0,0.0
2026-04-06 12:42:00-04:00,587.780029296875,587.8489990234375,587.6599731445312,587.6849975585938,19510,0.0,0.0,0.0
2026-04-06 12:43:00-04:00,587.6950073242188,587.7407836914062,587.6099853515625,587.7100219726562,16278,0.0,0.0,0.0
2026-04-06 12:44:00-04:00,587.7000122070312,587.8701171875,587.6849975585938,587.8200073242188,17448,0.0,0.0,0.0
2026-04-06 12:45:00-04:00,587.8099975585938,587.9000244140625,587.7700805664062,587.8099975585938,19187,0.0,0.0,0.0
2026-04-06 12:46:00-04:00,587.8049926757812,587.9149780273438,587.7100219726562,587.9099731445312,31681,0.0,0.0,0.0
2026-04-06 12:47:00-04:00,587.9199829101562,588.0526123046875,587.844970703125,587.8900146484375,37238,0.0,0.0,0.0
2026-04-06 12:48:00-04:00,587.8900146484375,588.0291137695312,587.8250122070312,587.9500122070312,16798,0.0,0.0,0.0
2026-04-06 12:49:00-04:00,587.9110717773438,587.97998046875,587.8099975585938,587.9299926757812,18150,0.0,0.0,0.0
2026-04-06 12:50:00-04:00,587.9598999023438,588.02001953125,587.7899780273438,587.7933959960938,20280,0.0,0.0,0.0
2026-04-06 12:51:00-04:00,587.7899780273438,587.7899780273438,587.5750122070312,587.635009765625,36646,0.0,0.0,0.0
2026-04-06 12:52:00-04:00,587.6353759765625,587.6400146484375,587.489990234375,587.5399780273438,39407,0.0,0.0,0.0
2026-04-06 12:53:00-04:00,587.5501098632812,587.5999755859375,587.489990234375,587.5501708984375,31724,0.0,0.0,0.0
2026-04-06 12:54:00-04:00,587.5679931640625,587.6799926757812,587.1699829101562,587.52001953125,131644,0.0,0.0,0.0
2026-04-06 12:55:00-04:00,587.5250244140625,587.6400146484375,587.25,587.4099731445312,95971,0.0,0.0,0.0
2026-04-06 12:56:00-04:00,587.405029296875,587.405029296875,587.0891723632812,587.1900024414062,76361,0.0,0.0,0.0
2026-04-06 12:57:00-04:00,587.2000122070312,587.3499145507812,587.1400146484375,587.1400146484375,39928,0.0,0.0,0.0
2026-04-06 12:58:00-04:00,587.1400146484375,587.280029296875,587.0599975585938,587.218017578125,25885,0.0,0.0,0.0
2026-04-06 12:59:00-04:00,587.1900024414062,587.3099975585938,587.1439819335938,587.2100219726562,15274,0.0,0.0,0.0
2026-04-06 13:00:00-04:00,587.2091064453125,587.2799072265625,586.8200073242188,586.8599853515625,144800,0.0,0.0,0.0
2026-04-06 13:01:00-04:00,586.8800048828125,587.0233764648438,586.5499877929688,586.5800170898438,156906,0.0,0.0,0.0
2026-04-06 13:02:00-04:00,586.5700073242188,586.5800170898438,586.010009765625,586.1298828125,103499,0.0,0.0,0.0
2026-04-06 13:03:00-04:00,586.1300048828125,586.3499755859375,585.97998046875,586.3499755859375,94144,0.0,0.0,0.0
2026-04-06 13:04:00-04:00,586.3400268554688,586.6500244140625,586.3099975585938,586.489990234375,56094,0.0,0.0,0.0
2026-04-06 13:05:00-04:00,586.489990234375,586.5499877929688,586.2794189453125,586.3499755859375,54513,0.0,0.0,0.0
2026-04-06 13:06:00-04:00,586.3319702148438,586.4099731445312,586.1400146484375,586.1799926757812,52905,0.0,0.0,0.0
2026-04-06 13:07:00-04:00,586.1400146484375,586.4400024414062,586.1199951171875,586.3599853515625,77035,0.0,0.0,0.0
2026-04-06 13:08:00-04:00,586.3699951171875,586.719970703125,586.3699951171875,586.5800170898438,40883,0.0,0.0,0.0
2026-04-06 13:09:00-04:00,586.5900268554688,586.7899780273438,586.3599853515625,586.4749755859375,49423,0.0,0.0,0.0
2026-04-06 13:10:00-04:00,586.5,586.5399780273438,585.8900146484375,586.1500244140625,66852,0.0,0.0,0.0
2026-04-06 13:11:00-04:00,586.2100219726562,586.2100219726562,585.9650268554688,586.0999755859375,67600,0.0,0.0,0.0
2026-04-06 13:12:00-04:00,586.0800170898438,586.1680908203125,585.4500122070312,585.47998046875,651379,0.0,0.0,0.0
2026-04-06 13:13:00-04:00,585.0449829101562,585.0700073242188,584.780029296875,584.7999877929688,17439,0.0,0.0,0.0
2026-04-06 13:14:00-04:00,584.8099975585938,585.4099731445312,584.6900024414062,585.260009765625,142762,0.0,0.0,0.0
2026-04-06 13:15:00-04:00,585.25,585.5499877929688,585.0449829101562,585.1099853515625,108491,0.0,0.0,0.0
2026-04-06 13:16:00-04:00,585.155029296875,585.4550170898438,585.0999755859375,585.3900146484375,69061,0.0,0.0,0.0
2026-04-06 13:17:00-04:00,585.385009765625,585.9550170898438,585.385009765625,585.6099853515625,80164,0.0,0.0,0.0
2026-04-06 13:18:00-04:00,585.5800170898438,585.6148071289062,585.2899780273438,585.5499877929688,67269,0.0,0.0,0.0
2026-04-06 13:19:00-04:00,585.52001953125,585.8800048828125,585.47998046875,585.8250122070312,46305,0.0,0.0,0.0
2026-04-06 13:20:00-04:00,585.7899780273438,585.7899780273438,585.3599853515625,585.4000244140625,84001,0.0,0.0,0.0
2026-04-06 13:21:00-04:00,585.4000244140625,585.8699951171875,585.3400268554688,585.7901000976562,45260,0.0,0.0,0.0
2026-04-06 13:22:00-04:00,585.72998046875,586.3499755859375,585.680908203125,586.27197265625,90887,0.0,0.0,0.0
2026-04-06 13:23:00-04:00,586.25,586.6699829101562,586.1799926757812,586.47998046875,82154,0.0,0.0,0.0
2026-04-06 13:24:00-04:00,586.469970703125,586.7999877929688,586.4450073242188,586.77001953125,40917,0.0,0.0,0.0
2026-04-06 13:25:00-04:00,586.77001953125,586.9500122070312,586.5900268554688,586.9400024414062,68843,0.0,0.0,0.0
2026-04-06 13:26:00-04:00,586.9400024414062,586.9600219726562,586.6400146484375,586.7899780273438,65705,0.0,0.0,0.0
2026-04-06 13:27:00-04:00,586.780029296875,587.1799926757812,586.72998046875,587.030029296875,95108,0.0,0.0,0.0
2026-04-06 13:28:00-04:00,587.0,587.1900024414062,586.9099731445312,587.1799926757812,89731,0.0,0.0,0.0
2026-04-06 13:29:00-04:00,587.1649780273438,587.280029296875,587.0999755859375,587.1500244140625,55328,0.0,0.0,0.0
2026-04-06 13:30:00-04:00,587.1599731445312,587.1900024414062,586.9500122070312,587.0700073242188,56246,0.0,0.0,0.0
2026-04-06 13:31:00-04:00,587.0599975585938,587.5399780273438,587.02001953125,587.4249877929688,77518,0.0,0.0,0.0
2026-04-06 13:32:00-04:00,587.4550170898438,587.5399169921875,587.27001953125,587.2999877929688,66209,0.0,0.0,0.0
2026-04-06 13:33:00-04:00,587.3099975585938,587.3179931640625,587.0900268554688,587.2949829101562,59986,0.0,0.0,0.0
2026-04-06 13:34:00-04:00,587.2899780273438,587.7899780273438,587.0399780273438,587.260009765625,141911,0.0,0.0,0.0
2026-04-06 13:35:00-04:00,587.2141723632812,587.3900146484375,587.1699829101562,587.2899780273438,41160,0.0,0.0,0.0
2026-04-06 13:36:00-04:00,587.2899780273438,587.5195922851562,587.27001953125,587.489990234375,31798,0.0,0.0,0.0
2026-04-06 13:37:00-04:00,587.4844970703125,587.5,587.0548706054688,587.0900268554688,26426,0.0,0.0,0.0
2026-04-06 13:38:00-04:00,587.0999145507812,587.1400146484375,586.8599853515625,587.0499877929688,74453,0.0,0.0,0.0
2026-04-06 13:39:00-04:00,587.0800170898438,587.1998901367188,586.8400268554688,586.9998779296875,43079,0.0,0.0,0.0
2026-04-06 13:40:00-04:00,586.8800048828125,587.010009765625,586.7999877929688,586.890380859375,70134,0.0,0.0,0.0
2026-04-06 13:41:00-04:00,586.8900146484375,586.8900146484375,586.5599975585938,586.6749877929688,121470,0.0,0.0,0.0
2026-04-06 13:42:00-04:00,586.6900024414062,586.75,586.5900268554688,586.72998046875,42189,0.0,0.0,0.0
2026-04-06 13:43:00-04:00,586.5499877929688,586.7899780273438,586.5499877929688,586.75,63284,0.0,0.0,0.0
2026-04-06 13:44:00-04:00,586.72998046875,586.9099731445312,586.6599731445312,586.8040161132812,52728,0.0,0.0,0.0
2026-04-06 13:45:00-04:00,586.780029296875,586.7999877929688,586.610107421875,586.6519775390625,53674,0.0,0.0,0.0
2026-04-06 13:46:00-04:00,586.630126953125,586.718994140625,586.4500122070312,586.5499877929688,41089,0.0,0.0,0.0
2026-04-06 13:47:00-04:00,586.5418090820312,586.5418090820312,586.2949829101562,586.3699951171875,59098,0.0,0.0,0.0
2026-04-06 13:48:00-04:00,586.3599853515625,586.4500122070312,586.3300170898438,586.3699951171875,40092,0.0,0.0,0.0
2026-04-06 13:49:00-04:00,586.3599853515625,586.6199951171875,586.3499755859375,586.5501098632812,40963,0.0,0.0,0.0
2026-04-06 13:50:00-04:00,586.5700073242188,586.6500244140625,586.3699951171875,586.4249877929688,34488,0.0,0.0,0.0
2026-04-06 13:51:00-04:00,586.4299926757812,586.530029296875,586.2999877929688,586.489990234375,36761,0.0,0.0,0.0
2026-04-06 13:52:00-04:00,586.5070190429688,586.5900268554688,586.4299926757812,586.456298828125,38844,0.0,0.0,0.0
2026-04-06 13:53:00-04:00,586.4299926757812,586.45361328125,586.2100219726562,586.2796020507812,39502,0.0,0.0,0.0
2026-04-06 13:54:00-04:00,586.298095703125,586.3400268554688,586.1300048828125,586.3200073242188,26019,0.0,0.0,0.0
2026-04-06 13:55:00-04:00,586.3499755859375,586.5399780273438,586.2899780273438,586.4400024414062,28358,0.0,0.0,0.0
2026-04-06 13:56:00-04:00,586.4400024414062,586.4550170898438,586.280029296875,586.3900146484375,27920,0.0,0.0,0.0
2026-04-06 13:57:00-04:00,586.3900146484375,586.4500122070312,586.1300048828125,586.1599731445312,42830,0.0,0.0,0.0
2026-04-06 13:58:00-04:00,586.1500244140625,586.219970703125,586.0800170898438,586.1599731445312,51156,0.0,0.0,0.0
2026-04-06 13:59:00-04:00,586.1400146484375,586.25,586.0800170898438,586.0999755859375,29832,0.0,0.0,0.0
2026-04-06 14:00:00-04:00,586.135009765625,586.2000122070312,586.0100708007812,586.0900268554688,40710,0.0,0.0,0.0
2026-04-06 14:01:00-04:00,586.1220703125,586.239990234375,586.010009765625,586.0499877929688,58504,0.0,0.0,0.0
2026-04-06 14:02:00-04:00,586.0252075195312,586.1500244140625,585.9199829101562,586.0,142060,0.0,0.0,0.0
2026-04-06 14:03:00-04:00,586.0701293945312,586.14208984375,585.8800048828125,585.9099731445312,36740,0.0,0.0,0.0
2026-04-06 14:04:00-04:00,585.9000244140625,586.1099853515625,585.7100219726562,585.7999877929688,98673,0.0,0.0,0.0
2026-04-06 14:05:00-04:00,585.780029296875,586.1199951171875,585.780029296875,586.0537109375,67827,0.0,0.0,0.0
2026-04-06 14:06:00-04:00,586.0250244140625,586.1500244140625,585.9199829101562,586.0299072265625,44307,0.0,0.0,0.0
2026-04-06 14:07:00-04:00,586.0499877929688,586.3599853515625,586.0200805664062,586.2100219726562,83862,0.0,0.0,0.0
2026-04-06 14:08:00-04:00,586.22998046875,586.25,585.9600219726562,586.0975952148438,55007,0.0,0.0,0.0
2026-04-06 14:09:00-04:00,586.0701293945312,586.4398803710938,586.0701293945312,586.3701171875,73503,0.0,0.0,0.0
2026-04-06 14:10:00-04:00,586.3800048828125,587.1300048828125,586.3599853515625,587.0399780273438,127692,0.0,0.0,0.0
2026-04-06 14:11:00-04:00,587.0,587.6099853515625,586.9000244140625,587.22998046875,109873,0.0,0.0,0.0
2026-04-06 14:12:00-04:00,587.239990234375,587.280029296875,586.97998046875,587.1699829101562,42608,0.0,0.0,0.0
2026-04-06 14:13:00-04:00,587.1740112304688,587.3300170898438,586.989990234375,587.1500244140625,36437,0.0,0.0,0.0
2026-04-06 14:14:00-04:00,587.1599731445312,587.25,586.8599853515625,587.0900268554688,76469,0.0,0.0,0.0
2026-04-06 14:15:00-04:00,587.0499877929688,587.3400268554688,587.0499877929688,587.3400268554688,43219,0.0,0.0,0.0
2026-04-06 14:16:00-04:00,587.3300170898438,587.47998046875,587.1510009765625,587.39501953125,66540,0.0,0.0,0.0
2026-04-06 14:17:00-04:00,587.3599853515625,587.5700073242188,587.2800903320312,587.48779296875,31200,0.0,0.0,0.0
2026-04-06 14:18:00-04:00,587.5,587.77001953125,587.469970703125,587.6799926757812,155861,0.0,0.0,0.0
2026-04-06 14:19:00-04:00,587.6900024414062,587.9000244140625,587.6201171875,587.7775268554688,139460,0.0,0.0,0.0
2026-04-06 14:20:00-04:00,587.77001953125,587.8099975585938,587.5999755859375,587.610107421875,76112,0.0,0.0,0.0
2026-04-06 14:21:00-04:00,587.614990234375,587.9450073242188,587.52001953125,587.9149780273438,83511,0.0,0.0,0.0
2026-04-06 14:22:00-04:00,587.905029296875,587.9299926757812,587.7249755859375,587.8776245117188,199532,0.0,0.0,0.0
2026-04-06 14:23:00-04:00,587.8300170898438,588.0599975585938,587.75,588.010009765625,67150,0.0,0.0,0.0
2026-04-06 14:24:00-04:00,588.0399169921875,588.4949951171875,587.9600219726562,588.2100219726562,96083,0.0,0.0,0.0
2026-04-06 14:25:00-04:00,588.22998046875,588.239990234375,588.0700073242188,588.0800170898438,104941,0.0,0.0,0.0
2026-04-06 14:26:00-04:00,587.969970703125,587.9949951171875,587.75,587.75,36955,0.0,0.0,0.0
2026-04-06 14:27:00-04:00,587.739990234375,588.3099975585938,587.6599731445312,588.2249755859375,83876,0.0,0.0,0.0
2026-04-06 14:28:00-04:00,588.219970703125,588.4010009765625,588.0399780273438,588.0650024414062,104397,0.0,0.0,0.0
2026-04-06 14:29:00-04:00,588.0599975585938,588.0850219726562,587.9000244140625,587.97998046875,31215,0.0,0.0,0.0
2026-04-06 14:30:00-04:00,587.97998046875,588.344970703125,587.97998046875,588.1300048828125,65492,0.0,0.0,0.0
2026-04-06 14:31:00-04:00,588.1099853515625,588.1900024414062,588.0,588.1199951171875,47957,0.0,0.0,0.0
2026-04-06 14:32:00-04:00,588.1300048828125,588.1749877929688,587.739990234375,588.02001953125,69628,0.0,0.0,0.0
2026-04-06 14:33:00-04:00,588.0150146484375,588.02001953125,587.7999877929688,587.7999877929688,24696,0.0,0.0,0.0
2026-04-06 14:34:00-04:00,587.8099975585938,587.8399047851562,587.5399780273438,587.77001953125,85730,0.0,0.0,0.0
2026-04-06 14:35:00-04:00,587.77001953125,588.010009765625,587.7650146484375,588.0,29795,0.0,0.0,0.0
2026-04-06 14:36:00-04:00,588.010009765625,588.02001953125,587.8300170898438,587.8599853515625,31987,0.0,0.0,0.0
2026-04-06 14:37:00-04:00,587.8400268554688,587.9000244140625,587.72998046875,587.9000244140625,29764,0.0,0.0,0.0
2026-04-06 14:38:00-04:00,587.889892578125,587.9699096679688,587.8400268554688,587.9299926757812,14860,0.0,0.0,0.0
2026-04-06 14:39:00-04:00,587.9299926757812,587.969970703125,587.7150268554688,587.7150268554688,33631,0.0,0.0,0.0
2026-04-06 14:40:00-04:00,587.72998046875,587.7977905273438,587.6246948242188,587.6400146484375,37180,0.0,0.0,0.0
2026-04-06 14:41:00-04:00,587.6400146484375,587.77001953125,587.6201782226562,587.7650146484375,64256,0.0,0.0,0.0
2026-04-06 14:42:00-04:00,587.77001953125,587.8699951171875,587.72998046875,587.739990234375,35928,0.0,0.0,0.0
2026-04-06 14:43:00-04:00,587.77001953125,587.8099975585938,587.6400146484375,587.75,33680,0.0,0.0,0.0
2026-04-06 14:44:00-04:00,587.7899780273438,587.8800048828125,587.6599731445312,587.8399047851562,17648,0.0,0.0,0.0
2026-04-06 14:45:00-04:00,587.8800048828125,588.1599731445312,587.864990234375,587.9450073242188,25305,0.0,0.0,0.0
2026-04-06 14:46:00-04:00,587.9500122070312,588.0599975585938,587.8099975585938,587.9199829101562,39821,0.0,0.0,0.0
2026-04-06 14:47:00-04:00,587.909912109375,588.0150146484375,587.8602294921875,587.905029296875,16754,0.0,0.0,0.0
2026-04-06 14:48:00-04:00,587.9000244140625,587.97998046875,587.739990234375,587.97802734375,36626,0.0,0.0,0.0
2026-04-06 14:49:00-04:00,587.97998046875,587.9882202148438,587.8499755859375,587.9500732421875,17838,0.0,0.0,0.0
2026-04-06 14:50:00-04:00,587.9749755859375,588.0999755859375,587.969970703125,588.0399780273438,46278,0.0,0.0,0.0
2026-04-06 14:51:00-04:00,588.0800170898438,588.1199951171875,587.9299926757812,587.9299926757812,28828,0.0,0.0,0.0
2026-04-06 14:52:00-04:00,587.9400024414062,588.0599975585938,587.9400024414062,588.0399780273438,26010,0.0,0.0,0.0
2026-04-06 14:53:00-04:00,588.030029296875,588.0900268554688,588.0101928710938,588.0549926757812,34899,0.0,0.0,0.0
2026-04-06 14:54:00-04:00,588.0579833984375,588.25,588.0579833984375,588.1400146484375,36649,0.0,0.0,0.0
2026-04-06 14:55:00-04:00,588.1300048828125,588.2562255859375,588.0900268554688,588.126708984375,30541,0.0,0.0,0.0
2026-04-06 14:56:00-04:00,588.139892578125,588.1994018554688,588.0700073242188,588.1699829101562,52119,0.0,0.0,0.0
2026-04-06 14:57:00-04:00,588.1699829101562,588.2453002929688,588.0900268554688,588.1199951171875,25293,0.0,0.0,0.0
2026-04-06 14:58:00-04:00,588.1199951171875,588.22998046875,588.1199951171875,588.1701049804688,54808,0.0,0.0,0.0
2026-04-06 14:59:00-04:00,588.1900024414062,588.260009765625,588.1699829101562,588.2000122070312,28346,0.0,0.0,0.0
2026-04-06 15:00:00-04:00,588.22998046875,588.2698974609375,588.0399780273438,588.2100219726562,58736,0.0,0.0,0.0
2026-04-06 15:01:00-04:00,588.239990234375,588.2849731445312,588.2000122070312,588.25,25460,0.0,0.0,0.0
2026-04-06 15:02:00-04:00,588.2449951171875,588.260009765625,588.0499877929688,588.1799926757812,25329,0.0,0.0,0.0
2026-04-06 15:03:00-04:00,588.1799926757812,588.2100219726562,587.989990234375,588.2000122070312,24607,0.0,0.0,0.0
2026-04-06 15:04:00-04:00,588.208984375,588.2390747070312,588.0900268554688,588.2390747070312,31750,0.0,0.0,0.0
2026-04-06 15:05:00-04:00,588.219970703125,588.280029296875,588.10498046875,588.1815795898438,24913,0.0,0.0,0.0
2026-04-06 15:06:00-04:00,588.1699829101562,588.2098999023438,588.0499877929688,588.0900268554688,135438,0.0,0.0,0.0
2026-04-06 15:07:00-04:00,588.0800170898438,588.0900268554688,587.9600219726562,588.0599975585938,32305,0.0,0.0,0.0
2026-04-06 15:08:00-04:00,588.0499877929688,588.0800170898438,587.8300170898438,587.9249877929688,51018,0.0,0.0,0.0
2026-04-06 15:09:00-04:00,587.9249877929688,587.9749755859375,587.8499755859375,587.8800048828125,40729,0.0,0.0,0.0
2026-04-06 15:10:00-04:00,587.8699951171875,587.8800048828125,587.7550048828125,587.780029296875,48176,0.0,0.0,0.0
2026-04-06 15:11:00-04:00,587.8200073242188,587.9199829101562,587.7100219726562,587.89501953125,60263,0.0,0.0,0.0
2026-04-06 15:12:00-04:00,587.885009765625,587.9199829101562,587.7501220703125,587.8319702148438,38509,0.0,0.0,0.0
2026-04-06 15:13:00-04:00,587.8400268554688,588.0800170898438,587.8300170898438,587.97998046875,55358,0.0,0.0,0.0
2026-04-06 15:14:00-04:00,587.969970703125,588.0599975585938,587.9456787109375,588.0501098632812,34020,0.0,0.0,0.0
2026-04-06 15:15:00-04:00,588.0499877929688,588.1400146484375,587.9949951171875,588.0850219726562,26629,0.0,0.0,0.0
2026-04-06 15:16:00-04:00,588.0908813476562,588.0999755859375,587.8400268554688,587.9201049804688,36329,0.0,0.0,0.0
2026-04-06 15:17:00-04:00,587.9400024414062,587.9498901367188,587.8590087890625,587.9199829101562,34026,0.0,0.0,0.0
2026-04-06 15:18:00-04:00,587.885009765625,587.9801025390625,587.7755737304688,587.9749755859375,38993,0.0,0.0,0.0
2026-04-06 15:19:00-04:00,587.9749755859375,588.030029296875,587.8900146484375,587.9299926757812,24938,0.0,0.0,0.0
2026-04-06 15:20:00-04:00,587.9550170898438,588.02001953125,587.9400024414062,588.0,14060,0.0,0.0,0.0
2026-04-06 15:21:00-04:00,588.0050048828125,588.14501953125,587.9600219726562,588.0700073242188,50516,0.0,0.0,0.0
2026-04-06 15:22:00-04:00,588.0598754882812,588.0598754882812,587.8599853515625,587.9000244140625,43560,0.0,0.0,0.0
2026-04-06 15:23:00-04:00,587.9000854492188,587.969970703125,587.8250122070312,587.905029296875,24299,0.0,0.0,0.0
2026-04-06 15:24:00-04:00,587.905029296875,587.922119140625,587.8300170898438,587.9199829101562,25582,0.0,0.0,0.0
2026-04-06 15:25:00-04:00,587.9199829101562,588.0,587.844970703125,587.989990234375,27824,0.0,0.0,0.0
2026-04-06 15:26:00-04:00,587.9901123046875,588.0700073242188,587.9000244140625,587.9500122070312,43136,0.0,0.0,0.0
2026-04-06 15:27:00-04:00,587.9400024414062,588.010009765625,587.8499755859375,587.8499755859375,29979,0.0,0.0,0.0
2026-04-06 15:28:00-04:00,587.8499755859375,587.9400024414062,587.8300170898438,587.9400024414062,42451,0.0,0.0,0.0
2026-04-06 15:29:00-04:00,587.9299926757812,588.0,587.8499755859375,587.85498046875,30711,0.0,0.0,0.0
2026-04-06 15:30:00-04:00,587.85498046875,587.9400024414062,587.7899780273438,587.8900146484375,102551,0.0,0.0,0.0
2026-04-06 15:31:00-04:00,587.885009765625,587.885009765625,587.7600708007812,587.7899780273438,28824,0.0,0.0,0.0
2026-04-06 15:32:00-04:00,587.7849731445312,587.9199829101562,587.77001953125,587.9199829101562,40042,0.0,0.0,0.0
2026-04-06 15:33:00-04:00,587.9199829101562,588.0900268554688,587.9099731445312,588.0900268554688,57911,0.0,0.0,0.0
2026-04-06 15:34:00-04:00,588.0850219726562,588.1099853515625,588.0,588.0100708007812,38963,0.0,0.0,0.0
2026-04-06 15:35:00-04:00,588.0189208984375,588.1196899414062,588.0189208984375,588.0399780273438,38398,0.0,0.0,0.0
2026-04-06 15:36:00-04:00,588.030029296875,588.1599731445312,587.9517211914062,587.9901123046875,42866,0.0,0.0,0.0
2026-04-06 15:37:00-04:00,588.0,588.0700073242188,587.9700927734375,588.0698852539062,169930,0.0,0.0,0.0
2026-04-06 15:38:00-04:00,588.0499877929688,588.0499877929688,587.9199829101562,588.0250244140625,20588,0.0,0.0,0.0
2026-04-06 15:39:00-04:00,588.02001953125,588.0900268554688,588.02001953125,588.030029296875,19029,0.0,0.0,0.0
2026-04-06 15:40:00-04:00,588.02001953125,588.0999755859375,587.9600219726562,587.969970703125,34644,0.0,0.0,0.0
2026-04-06 15:41:00-04:00,587.9650268554688,587.9899291992188,587.6400146484375,587.7050170898438,67457,0.0,0.0,0.0
2026-04-06 15:42:00-04:00,587.7000122070312,587.847900390625,587.6701049804688,587.8250122070312,48507,0.0,0.0,0.0
2026-04-06 15:43:00-04:00,587.8300170898438,587.9199829101562,587.8200073242188,587.8300170898438,37074,0.0,0.0,0.0
2026-04-06 15:44:00-04:00,587.8300170898438,588.0999755859375,587.8297119140625,588.0499877929688,100223,0.0,0.0,0.0
2026-04-06 15:45:00-04:00,588.010009765625,588.2899780273438,587.97998046875,588.2449951171875,98252,0.0,0.0,0.0
2026-04-06 15:46:00-04:00,588.239990234375,588.2498779296875,588.0850219726562,588.1799926757812,74538,0.0,0.0,0.0
2026-04-06 15:47:00-04:00,588.1649780273438,588.25,588.10009765625,588.119873046875,52814,0.0,0.0,0.0
2026-04-06 15:48:00-04:00,588.1400146484375,588.2899780273438,588.0900268554688,588.280029296875,53483,0.0,0.0,0.0
2026-04-06 15:49:00-04:00,588.27001953125,588.5700073242188,588.22998046875,588.5449829101562,89488,0.0,0.0,0.0
2026-04-06 15:50:00-04:00,588.5499877929688,588.8300170898438,588.2999877929688,588.4000244140625,180294,0.0,0.0,0.0
2026-04-06 15:51:00-04:00,588.417724609375,588.4500122070312,588.2706909179688,588.4000244140625,237927,0.0,0.0,0.0
2026-04-06 15:52:00-04:00,588.3900146484375,588.4400024414062,588.1300048828125,588.1300048828125,57704,0.0,0.0,0.0
2026-04-06 15:53:00-04:00,588.1400146484375,588.3300170898438,588.0900268554688,588.2899780273438,81865,0.0,0.0,0.0
2026-04-06 15:54:00-04:00,588.260009765625,588.27001953125,588.0700073242188,588.135009765625,60020,0.0,0.0,0.0
2026-04-06 15:55:00-04:00,587.9199829101562,588.0598754882812,587.9199829101562,587.9600219726562,323324,0.0,0.0,0.0
2026-04-06 15:56:00-04:00,587.9600219726562,588.1099853515625,587.8900146484375,587.9299926757812,128168,0.0,0.0,0.0
2026-04-06 15:57:00-04:00,587.9349975585938,588.1599731445312,587.9000244140625,588.1400146484375,68491,0.0,0.0,0.0
2026-04-06 15:58:00-04:00,588.1489868164062,588.3499755859375,588.14501953125,588.3499755859375,112487,0.0,0.0,0.0
2026-04-06 15:59:00-04:00,588.3400268554688,588.6500244140625,588.2000122070312,588.530029296875,443171,0.0,0.0,0.0
2026-04-07 09:30:00-04:00,586.0800170898438,586.0800170898438,585.7849731445312,585.8400268554688,2933685,0.0,0.0,0.0
2026-04-07 09:31:00-04:00,585.7999877929688,585.9600219726562,584.5499877929688,584.905029296875,144363,0.0,0.0,0.0
2026-04-07 09:32:00-04:00,584.9099731445312,585.5050048828125,584.8200073242188,585.0999755859375,119267,0.0,0.0,0.0
2026-04-07 09:33:00-04:00,585.0700073242188,585.3800048828125,584.7600708007812,585.1400146484375,136669,0.0,0.0,0.0
2026-04-07 09:34:00-04:00,585.2725219726562,585.4749755859375,585.030029296875,585.1599731445312,130305,0.0,0.0,0.0
2026-04-07 09:35:00-04:00,585.1300048828125,585.2000122070312,584.6599731445312,585.02001953125,160666,0.0,0.0,0.0
2026-04-07 09:36:00-04:00,585.010009765625,585.97998046875,585.0,585.6298828125,134861,0.0,0.0,0.0
2026-04-07 09:37:00-04:00,585.635009765625,586.0900268554688,585.6199951171875,585.7000122070312,130239,0.0,0.0,0.0
2026-04-07 09:38:00-04:00,585.7100219726562,586.030029296875,585.375,585.4000244140625,136128,0.0,0.0,0.0
2026-04-07 09:39:00-04:00,585.3800048828125,585.5499877929688,584.7100219726562,584.9099731445312,129462,0.0,0.0,0.0
2026-04-07 09:40:00-04:00,584.9099731445312,585.4000244140625,584.5399780273438,584.5700073242188,180910,0.0,0.0,0.0
2026-04-07 09:41:00-04:00,584.5601196289062,584.8699951171875,584.3480834960938,584.5250244140625,235600,0.0,0.0,0.0
2026-04-07 09:42:00-04:00,584.6900024414062,585.0700073242188,584.6199951171875,584.9199829101562,89959,0.0,0.0,0.0
2026-04-07 09:43:00-04:00,584.8900146484375,585.364990234375,584.760009765625,584.760009765625,85094,0.0,0.0,0.0
2026-04-07 09:44:00-04:00,584.780029296875,584.7901000976562,584.4188232421875,584.5449829101562,71304,0.0,0.0,0.0
2026-04-07 09:45:00-04:00,584.5599975585938,584.697998046875,584.0599975585938,584.3900146484375,158166,0.0,0.0,0.0
2026-04-07 09:46:00-04:00,584.3900146484375,584.5349731445312,584.0800170898438,584.2100219726562,106263,0.0,0.0,0.0
2026-04-07 09:47:00-04:00,584.2249755859375,584.260009765625,583.510986328125,583.6400146484375,189225,0.0,0.0,0.0
2026-04-07 09:48:00-04:00,583.6300048828125,583.8900146484375,583.3599853515625,583.5399780273438,199296,0.0,0.0,0.0
2026-04-07 09:49:00-04:00,583.5599975585938,583.989990234375,583.5599975585938,583.8099975585938,159334,0.0,0.0,0.0
2026-04-07 09:50:00-04:00,583.7899780273438,583.8800048828125,583.4299926757812,583.5349731445312,102016,0.0,0.0,0.0
2026-04-07 09:51:00-04:00,583.5499877929688,583.97998046875,583.3400268554688,583.6599731445312,81327,0.0,0.0,0.0
2026-04-07 09:52:00-04:00,583.6201171875,584.1300048828125,583.6199951171875,584.0599975585938,146811,0.0,0.0,0.0
2026-04-07 09:53:00-04:00,584.0499877929688,584.1901245117188,583.610107421875,584.1901245117188,169696,0.0,0.0,0.0
2026-04-07 09:54:00-04:00,584.1900024414062,584.6799926757812,584.1599731445312,584.5750122070312,129584,0.0,0.0,0.0
2026-04-07 09:55:00-04:00,584.5382080078125,584.7578125,584.2100219726562,584.4580078125,87768,0.0,0.0,0.0
2026-04-07 09:56:00-04:00,584.510009765625,584.510009765625,583.469970703125,583.7000122070312,81818,0.0,0.0,0.0
2026-04-07 09:57:00-04:00,583.7117919921875,583.8300170898438,583.260009765625,583.3566284179688,120569,0.0,0.0,0.0
2026-04-07 09:58:00-04:00,583.380126953125,583.57958984375,583.1190185546875,583.3200073242188,98400,0.0,0.0,0.0
2026-04-07 09:59:00-04:00,583.3200073242188,583.4099731445312,582.6599731445312,582.6900024414062,117023,0.0,0.0,0.0
2026-04-07 10:00:00-04:00,582.6699829101562,582.9099731445312,582.0599975585938,582.3099975585938,238713,0.0,0.0,0.0
2026-04-07 10:01:00-04:00,582.3001098632812,582.4000244140625,581.8800048828125,582.0399780273438,140037,0.0,0.0,0.0
2026-04-07 10:02:00-04:00,582.1199951171875,582.239990234375,581.739990234375,582.1099853515625,231885,0.0,0.0,0.0
2026-04-07 10:03:00-04:00,582.1599731445312,582.260009765625,581.791015625,581.875,139724,0.0,0.0,0.0
2026-04-07 10:04:00-04:00,581.8900146484375,582.0,581.52001953125,581.6900024414062,105692,0.0,0.0,0.0
2026-04-07 10:05:00-04:00,581.7100219726562,581.719970703125,581.280029296875,581.3300170898438,112788,0.0,0.0,0.0
2026-04-07 10:06:00-04:00,581.2999877929688,581.2999877929688,580.1199951171875,580.1649780273438,360919,0.0,0.0,0.0
2026-04-07 10:07:00-04:00,580.1300048828125,580.8200073242188,580.0900268554688,580.14501953125,449786,0.0,0.0,0.0
2026-04-07 10:08:00-04:00,580.1500244140625,580.3200073242188,579.6900024414062,579.7849731445312,226824,0.0,0.0,0.0
2026-04-07 10:09:00-04:00,579.77001953125,580.2899780273438,579.75,580.2899780273438,185294,0.0,0.0,0.0
2026-04-07 10:10:00-04:00,580.2750244140625,580.7000122070312,580.25,580.5800170898438,204588,0.0,0.0,0.0
2026-04-07 10:11:00-04:00,580.5900268554688,580.8599853515625,580.2050170898438,580.4550170898438,155595,0.0,0.0,0.0
2026-04-07 10:12:00-04:00,580.5189208984375,580.8300170898438,580.3200073242188,580.3599853515625,143771,0.0,0.0,0.0
2026-04-07 10:13:00-04:00,580.3400268554688,580.5900268554688,580.1500244140625,580.375,179127,0.0,0.0,0.0
2026-04-07 10:14:00-04:00,580.3685913085938,580.7899780273438,580.35498046875,580.6699829101562,153136,0.0,0.0,0.0
2026-04-07 10:15:00-04:00,580.655029296875,581.010009765625,580.5601196289062,580.969970703125,167583,0.0,0.0,0.0
2026-04-07 10:16:00-04:00,580.9400024414062,581.469970703125,580.9099731445312,581.0399780273438,157449,0.0,0.0,0.0
2026-04-07 10:17:00-04:00,581.0250244140625,581.1599731445312,580.7050170898438,580.9743041992188,124863,0.0,0.0,0.0
2026-04-07 10:18:00-04:00,580.9199829101562,581.1799926757812,580.7650146484375,580.9450073242188,117548,0.0,0.0,0.0
2026-04-07 10:19:00-04:00,580.9476928710938,581.1900024414062,580.6708984375,581.1300048828125,71065,0.0,0.0,0.0
2026-04-07 10:20:00-04:00,581.2000122070312,581.760009765625,581.080078125,581.4450073242188,117756,0.0,0.0,0.0
2026-04-07 10:21:00-04:00,581.4000244140625,582.388916015625,581.3817138671875,582.2349853515625,181115,0.0,0.0,0.0
2026-04-07 10:22:00-04:00,582.2000122070312,582.4791870117188,581.9700927734375,582.044677734375,119920,0.0,0.0,0.0
2026-04-07 10:23:00-04:00,581.97998046875,582.8201293945312,581.8800048828125,582.7050170898438,172509,0.0,0.0,0.0
2026-04-07 10:24:00-04:00,582.6900024414062,582.969970703125,582.5399780273438,582.6699829101562,170410,0.0,0.0,0.0
2026-04-07 10:25:00-04:00,582.6849975585938,582.7100219726562,582.4500122070312,582.5999755859375,120137,0.0,0.0,0.0
2026-04-07 10:26:00-04:00,582.5800170898438,582.5900268554688,582.2100219726562,582.510009765625,115680,0.0,0.0,0.0
2026-04-07 10:27:00-04:00,582.5,582.5,581.760009765625,581.9000244140625,152986,0.0,0.0,0.0
2026-04-07 10:28:00-04:00,581.8800048828125,581.9500122070312,581.6300048828125,581.719970703125,129157,0.0,0.0,0.0
2026-04-07 10:29:00-04:00,581.739990234375,582.5720825195312,581.7301025390625,582.3735961914062,115171,0.0,0.0,0.0
2026-04-07 10:30:00-04:00,582.4299926757812,582.6500244140625,582.0900268554688,582.0900268554688,119219,0.0,0.0,0.0
2026-04-07 10:31:00-04:00,582.0800170898438,582.2000122070312,581.7999877929688,582.0800170898438,70791,0.0,0.0,0.0
2026-04-07 10:32:00-04:00,582.1199951171875,582.3400268554688,581.8800048828125,581.9000244140625,47669,0.0,0.0,0.0
2026-04-07 10:33:00-04:00,581.844482421875,583.239990234375,581.8400268554688,583.0800170898438,162038,0.0,0.0,0.0
2026-04-07 10:34:00-04:00,583.0599975585938,583.0599975585938,582.4400024414062,582.5,94060,0.0,0.0,0.0
2026-04-07 10:35:00-04:00,582.481201171875,582.5800170898438,581.8900146484375,582.2999267578125,115280,0.0,0.0,0.0
2026-04-07 10:36:00-04:00,582.2899780273438,582.6199951171875,581.9434204101562,582.340087890625,57375,0.0,0.0,0.0
2026-04-07 10:37:00-04:00,582.3499755859375,582.5999755859375,582.0599975585938,582.4298706054688,77113,0.0,0.0,0.0
2026-04-07 10:38:00-04:00,582.4299926757812,582.47998046875,582.0999755859375,582.2999877929688,73678,0.0,0.0,0.0
2026-04-07 10:39:00-04:00,582.2899780273438,582.2899780273438,581.5999755859375,581.9400024414062,129534,0.0,0.0,0.0
2026-04-07 10:40:00-04:00,581.9237060546875,582.1500244140625,581.77001953125,581.7799072265625,56180,0.0,0.0,0.0
2026-04-07 10:41:00-04:00,581.780029296875,582.030029296875,581.636474609375,581.8104858398438,52493,0.0,0.0,0.0
2026-04-07 10:42:00-04:00,581.780029296875,581.8599853515625,581.4299926757812,581.5401000976562,85627,0.0,0.0,0.0
2026-04-07 10:43:00-04:00,581.5250244140625,581.6400146484375,581.2202758789062,581.25,53248,0.0,0.0,0.0
2026-04-07 10:44:00-04:00,581.260009765625,581.9099731445312,581.260009765625,581.5700073242188,73968,0.0,0.0,0.0
2026-04-07 10:45:00-04:00,581.5700073242188,581.780029296875,581.360107421875,581.5250244140625,74597,0.0,0.0,0.0
2026-04-07 10:46:00-04:00,581.5700073242188,582.739990234375,581.52001953125,581.97998046875,192767,0.0,0.0,0.0
2026-04-07 10:47:00-04:00,581.969970703125,581.989990234375,581.719970703125,581.8099975585938,111830,0.0,0.0,0.0
2026-04-07 10:48:00-04:00,581.77001953125,581.8599853515625,581.4705200195312,581.530029296875,77961,0.0,0.0,0.0
2026-04-07 10:49:00-04:00,581.52001953125,581.9998168945312,581.52001953125,581.6900024414062,56686,0.0,0.0,0.0
2026-04-07 10:50:00-04:00,581.6699829101562,581.780029296875,581.2999877929688,581.3200073242188,168343,0.0,0.0,0.0
2026-04-07 10:51:00-04:00,581.344970703125,581.594970703125,581.0,581.0599975585938,143984,0.0,0.0,0.0
2026-04-07 10:52:00-04:00,581.0599975585938,581.239990234375,580.9600219726562,581.1900024414062,64633,0.0,0.0,0.0
2026-04-07 10:53:00-04:00,581.2000122070312,581.780029296875,581.1602783203125,581.4849853515625,83399,0.0,0.0,0.0
2026-04-07 10:54:00-04:00,581.4500122070312,581.4600219726562,581.239990234375,581.3499755859375,46152,0.0,0.0,0.0
2026-04-07 10:55:00-04:00,581.3400268554688,581.3400268554688,580.8900146484375,580.9487915039062,89339,0.0,0.0,0.0
2026-04-07 10:56:00-04:00,580.989990234375,581.14501953125,580.7899780273438,580.981201171875,60207,0.0,0.0,0.0
2026-04-07 10:57:00-04:00,581.0,581.0999755859375,580.7000122070312,581.0499267578125,65479,0.0,0.0,0.0
2026-04-07 10:58:00-04:00,581.0499877929688,581.239990234375,580.3699951171875,580.4400024414062,157626,0.0,0.0,0.0
2026-04-07 10:59:00-04:00,580.4400024414062,580.5599975585938,579.97998046875,580.0250244140625,150280,0.0,0.0,0.0
2026-04-07 11:00:00-04:00,580.030029296875,580.0750122070312,579.4500732421875,579.7650146484375,221990,0.0,0.0,0.0
2026-04-07 11:01:00-04:00,579.760009765625,579.864990234375,579.5349731445312,579.7999877929688,96006,0.0,0.0,0.0
2026-04-07 11:02:00-04:00,579.7999877929688,580.1699829101562,579.1849975585938,579.4400024414062,195531,0.0,0.0,0.0
2026-04-07 11:03:00-04:00,579.4249877929688,579.5700073242188,579.3001098632812,579.4600219726562,79224,0.0,0.0,0.0
2026-04-07 11:04:00-04:00,579.4600219726562,579.5800170898438,579.1199951171875,579.24951171875,80972,0.0,0.0,0.0
2026-04-07 11:05:00-04:00,578.739990234375,578.7698974609375,578.4600219726562,578.5599975585938,225603,0.0,0.0,0.0
2026-04-07 11:06:00-04:00,578.5499877929688,578.8300170898438,578.4099731445312,578.719970703125,101904,0.0,0.0,0.0
2026-04-07 11:07:00-04:00,578.7349853515625,579.0499877929688,578.72998046875,578.885009765625,109983,0.0,0.0,0.0
2026-04-07 11:08:00-04:00,578.89990234375,579.0007934570312,578.6400146484375,578.6950073242188,199318,0.0,0.0,0.0
2026-04-07 11:09:00-04:00,578.7141723632812,579.0198974609375,578.7000122070312,579.0198974609375,61471,0.0,0.0,0.0
2026-04-07 11:10:00-04:00,579.010009765625,579.7999877929688,579.010009765625,579.5800170898438,175730,0.0,0.0,0.0
2026-04-07 11:11:00-04:00,579.5650024414062,580.260009765625,579.489990234375,580.0347290039062,207128,0.0,0.0,0.0
2026-04-07 11:12:00-04:00,580.0200805664062,580.1099853515625,579.9099731445312,579.969970703125,159041,0.0,0.0,0.0
2026-04-07 11:13:00-04:00,579.9600219726562,579.97998046875,579.6799926757812,579.8400268554688,56581,0.0,0.0,0.0
2026-04-07 11:14:00-04:00,579.8499755859375,579.9500122070312,579.6599731445312,579.9000244140625,66034,0.0,0.0,0.0
2026-04-07 11:15:00-04:00,579.9500122070312,581.7899780273438,579.75,581.510009765625,264867,0.0,0.0,0.0
2026-04-07 11:16:00-04:00,581.47998046875,581.8800048828125,580.739990234375,580.7899780273438,324575,0.0,0.0,0.0
2026-04-07 11:17:00-04:00,580.8300170898438,580.9299926757812,580.5399780273438,580.8599853515625,73194,0.0,0.0,0.0
2026-04-07 11:18:00-04:00,580.8499755859375,581.1400146484375,580.5700073242188,580.625,94404,0.0,0.0,0.0
2026-04-07 11:19:00-04:00,580.6699829101562,581.02001953125,580.5399780273438,580.989990234375,73661,0.0,0.0,0.0
2026-04-07 11:20:00-04:00,580.9749755859375,581.030029296875,580.72998046875,580.8511962890625,34527,0.0,0.0,0.0
2026-04-07 11:21:00-04:00,580.8499755859375,580.905029296875,580.5,580.7650146484375,58845,0.0,0.0,0.0
2026-04-07 11:22:00-04:00,580.760009765625,581.0499877929688,580.580078125,580.9299926757812,41009,0.0,0.0,0.0
2026-04-07 11:23:00-04:00,580.9199829101562,580.9400024414062,580.5501098632812,580.8200073242188,48350,0.0,0.0,0.0
2026-04-07 11:24:00-04:00,580.8300170898438,580.9400024414062,580.4099731445312,580.4556884765625,36757,0.0,0.0,0.0
2026-04-07 11:25:00-04:00,580.4500122070312,581.0079956054688,580.4299926757812,580.8599853515625,62319,0.0,0.0,0.0
2026-04-07 11:26:00-04:00,580.8400268554688,581.0999755859375,580.6699829101562,581.0800170898438,31529,0.0,0.0,0.0
2026-04-07 11:27:00-04:00,581.0399780273438,581.0499877929688,580.77001953125,581.0499877929688,23524,0.0,0.0,0.0
2026-04-07 11:28:00-04:00,581.0230102539062,581.27001953125,580.8001098632812,580.97998046875,53036,0.0,0.0,0.0
2026-04-07 11:29:00-04:00,580.97998046875,581.4600219726562,580.8399047851562,581.3900146484375,83732,0.0,0.0,0.0
2026-04-07 11:30:00-04:00,581.3800048828125,581.5399780273438,581.2100219726562,581.219970703125,54739,0.0,0.0,0.0
2026-04-07 11:31:00-04:00,581.219970703125,581.4000244140625,580.9299926757812,581.4000244140625,79636,0.0,0.0,0.0
2026-04-07 11:32:00-04:00,581.3699951171875,581.6099853515625,581.219970703125,581.5499877929688,57623,0.0,0.0,0.0
2026-04-07 11:33:00-04:00,581.5399780273438,581.7000122070312,581.3300170898438,581.5900268554688,52379,0.0,0.0,0.0
2026-04-07 11:34:00-04:00,581.6400146484375,581.7999877929688,581.5499877929688,581.5700073242188,58795,0.0,0.0,0.0
2026-04-07 11:35:00-04:00,581.510009765625,581.8800048828125,581.489990234375,581.6677856445312,86933,0.0,0.0,0.0
2026-04-07 11:36:00-04:00,581.6699829101562,582.0499877929688,581.6500244140625,582.02001953125,53148,0.0,0.0,0.0
2026-04-07 11:37:00-04:00,582.0150146484375,582.0349731445312,581.0700073242188,581.530029296875,218452,0.0,0.0,0.0
2026-04-07 11:38:00-04:00,581.510009765625,581.6400146484375,581.3250122070312,581.4199829101562,51990,0.0,0.0,0.0
2026-04-07 11:39:00-04:00,581.4400024414062,581.4400024414062,580.9515991210938,581.2000122070312,78049,0.0,0.0,0.0
2026-04-07 11:40:00-04:00,581.1799926757812,581.3200073242188,581.014892578125,581.1500244140625,133377,0.0,0.0,0.0
2026-04-07 11:41:00-04:00,581.1599731445312,581.260009765625,580.8300170898438,580.9600219726562,34516,0.0,0.0,0.0
2026-04-07 11:42:00-04:00,580.9500122070312,581.1179809570312,580.8599853515625,581.0700073242188,43430,0.0,0.0,0.0
2026-04-07 11:43:00-04:00,581.0900268554688,581.364990234375,581.0900268554688,581.2999877929688,39320,0.0,0.0,0.0
2026-04-07 11:44:00-04:00,581.3900146484375,581.5050048828125,581.0,581.1099853515625,29920,0.0,0.0,0.0
2026-04-07 11:45:00-04:00,581.1300048828125,581.2811889648438,581.0800170898438,581.279296875,19118,0.0,0.0,0.0
2026-04-07 11:46:00-04:00,581.2600708007812,581.752685546875,581.219970703125,581.6500244140625,40470,0.0,0.0,0.0
2026-04-07 11:47:00-04:00,581.6201782226562,581.7249755859375,581.4000244140625,581.4299926757812,30147,0.0,0.0,0.0
2026-04-07 11:48:00-04:00,581.4000244140625,581.5,581.22998046875,581.489990234375,18269,0.0,0.0,0.0
2026-04-07 11:49:00-04:00,581.47998046875,581.7022094726562,581.4400024414062,581.6580810546875,27340,0.0,0.0,0.0
2026-04-07 11:50:00-04:00,581.77001953125,581.8699951171875,581.4000244140625,581.489990234375,64950,0.0,0.0,0.0
2026-04-07 11:51:00-04:00,581.4752807617188,581.5899047851562,581.2899780273438,581.3699951171875,23106,0.0,0.0,0.0
2026-04-07 11:52:00-04:00,581.3499755859375,581.489990234375,581.22998046875,581.469970703125,18201,0.0,0.0,0.0
2026-04-07 11:53:00-04:00,581.4500122070312,581.7249755859375,581.4500122070312,581.6749877929688,19644,0.0,0.0,0.0
2026-04-07 11:54:00-04:00,581.7000122070312,581.9600219726562,581.6500854492188,581.8599853515625,62619,0.0,0.0,0.0
2026-04-07 11:55:00-04:00,581.8300170898438,582.97998046875,581.77001953125,582.344970703125,228058,0.0,0.0,0.0
2026-04-07 11:56:00-04:00,582.3499755859375,582.364990234375,581.9500122070312,582.0700073242188,65234,0.0,0.0,0.0
2026-04-07 11:57:00-04:00,582.0900268554688,582.219970703125,581.97998046875,582.0850219726562,36991,0.0,0.0,0.0
2026-04-07 11:58:00-04:00,582.1099243164062,582.260009765625,581.9700927734375,582.2100219726562,18348,0.0,0.0,0.0
2026-04-07 11:59:00-04:00,582.2100219726562,582.4600219726562,582.1799926757812,582.4000244140625,61912,0.0,0.0,0.0
2026-04-07 12:00:00-04:00,582.4550170898438,582.7901000976562,582.3599853515625,582.6699829101562,51795,0.0,0.0,0.0
2026-04-07 12:01:00-04:00,582.6699829101562,582.7999877929688,582.4299926757812,582.7100219726562,109755,0.0,0.0,0.0
2026-04-07 12:02:00-04:00,582.719970703125,584.4600219726562,582.719970703125,584.3499755859375,225779,0.0,0.0,0.0
2026-04-07 12:03:00-04:00,584.3599853515625,585.5399780273438,584.27001953125,584.4500122070312,337604,0.0,0.0,0.0
2026-04-07 12:04:00-04:00,584.4600219726562,584.6699829101562,584.0599975585938,584.0800170898438,214261,0.0,0.0,0.0
2026-04-07 12:05:00-04:00,584.0599975585938,584.219970703125,583.75,583.9600219726562,137586,0.0,0.0,0.0
2026-04-07 12:06:00-04:00,583.989990234375,584.3250122070312,583.780029296875,584.1951293945312,109465,0.0,0.0,0.0
2026-04-07 12:07:00-04:00,584.3145141601562,584.3200073242188,583.739990234375,583.760009765625,73869,0.0,0.0,0.0
2026-04-07 12:08:00-04:00,583.6900024414062,583.72998046875,583.3300170898438,583.5639038085938,88863,0.0,0.0,0.0
2026-04-07 12:09:00-04:00,583.5399780273438,583.5599975585938,583.3001098632812,583.3250122070312,36068,0.0,0.0,0.0
2026-04-07 12:10:00-04:00,583.3499145507812,583.6400146484375,583.25,583.3499755859375,96685,0.0,0.0,0.0
2026-04-07 12:11:00-04:00,583.4099731445312,583.760009765625,583.280029296875,583.719970703125,42379,0.0,0.0,0.0
2026-04-07 12:12:00-04:00,583.6699829101562,583.875,583.52001953125,583.72998046875,70906,0.0,0.0,0.0
2026-04-07 12:13:00-04:00,583.7349853515625,583.9000244140625,583.5900268554688,583.6599731445312,36695,0.0,0.0,0.0
2026-04-07 12:14:00-04:00,583.7100219726562,583.9199829101562,583.5650024414062,583.6300048828125,48338,0.0,0.0,0.0
2026-04-07 12:15:00-04:00,583.6300048828125,584.0599975585938,583.3599853515625,584.0599975585938,67141,0.0,0.0,0.0
2026-04-07 12:16:00-04:00,584.02001953125,584.1699829101562,583.9199829101562,584.0999755859375,54394,0.0,0.0,0.0
2026-04-07 12:17:00-04:00,584.0999755859375,584.0999755859375,583.6599731445312,583.6649780273438,62677,0.0,0.0,0.0
2026-04-07 12:18:00-04:00,583.6950073242188,583.8699951171875,583.5599975585938,583.77001953125,38484,0.0,0.0,0.0
2026-04-07 12:19:00-04:00,583.77001953125,583.8298950195312,583.614990234375,583.719970703125,26411,0.0,0.0,0.0
2026-04-07 12:20:00-04:00,583.7100219726562,583.760009765625,583.469970703125,583.72998046875,134614,0.0,0.0,0.0
2026-04-07 12:21:00-04:00,583.7349853515625,584.0399780273438,583.7318725585938,583.93017578125,41053,0.0,0.0,0.0
2026-04-07 12:22:00-04:00,583.9400024414062,584.0900268554688,583.8599853515625,583.9801025390625,59703,0.0,0.0,0.0
2026-04-07 12:23:00-04:00,583.9849853515625,585.280029296875,583.8300170898438,584.260009765625,340183,0.0,0.0,0.0
2026-04-07 12:24:00-04:00,584.280029296875,584.5499877929688,584.0,584.4901123046875,119704,0.0,0.0,0.0
2026-04-07 12:25:00-04:00,584.4500122070312,584.7100219726562,584.219970703125,584.3499755859375,87636,0.0,0.0,0.0
2026-04-07 12:26:00-04:00,584.3699951171875,584.510009765625,584.1799926757812,584.5,78684,0.0,0.0,0.0
2026-04-07 12:27:00-04:00,584.510009765625,584.8400268554688,584.4500122070312,584.6599731445312,68467,0.0,0.0,0.0
2026-04-07 12:28:00-04:00,584.77001953125,585.0260009765625,584.27001953125,584.4199829101562,87262,0.0,0.0,0.0
2026-04-07 12:29:00-04:00,584.4600219726562,584.6199951171875,584.3400268554688,584.4000244140625,30094,0.0,0.0,0.0
2026-04-07 12:30:00-04:00,584.3800048828125,584.548095703125,584.2000122070312,584.469970703125,35895,0.0,0.0,0.0
2026-04-07 12:31:00-04:00,584.4520874023438,584.719970703125,584.1500244140625,584.6799926757812,44104,0.0,0.0,0.0
2026-04-07 12:32:00-04:00,584.739990234375,584.77001953125,584.4400024414062,584.4500122070312,47166,0.0,0.0,0.0
2026-04-07 12:33:00-04:00,584.5,584.72998046875,584.4299926757812,584.6900024414062,28478,0.0,0.0,0.0
2026-04-07 12:34:00-04:00,584.6799926757812,584.780029296875,584.5700073242188,584.75,47059,0.0,0.0,0.0
2026-04-07 12:35:00-04:00,584.7686157226562,584.8800048828125,584.6400146484375,584.697509765625,31065,0.0,0.0,0.0
2026-04-07 12:36:00-04:00,584.6900024414062,584.739990234375,584.4099731445312,584.6099853515625,40355,0.0,0.0,0.0
2026-04-07 12:37:00-04:00,584.6199951171875,584.6799926757812,584.3699951171875,584.4901123046875,32343,0.0,0.0,0.0
2026-04-07 12:38:00-04:00,584.510009765625,584.5700073242188,584.280029296875,584.31201171875,32560,0.0,0.0,0.0
2026-04-07 12:39:00-04:00,584.3200073242188,584.35009765625,584.0435180664062,584.3104858398438,77781,0.0,0.0,0.0
2026-04-07 12:40:00-04:00,584.3300170898438,584.510009765625,584.1599731445312,584.3118896484375,40020,0.0,0.0,0.0
2026-04-07 12:41:00-04:00,584.4000244140625,584.8350219726562,584.4000244140625,584.510009765625,69180,0.0,0.0,0.0
2026-04-07 12:42:00-04:00,584.4901123046875,584.72998046875,584.4600219726562,584.5900268554688,38149,0.0,0.0,0.0
2026-04-07 12:43:00-04:00,584.5900268554688,584.5900268554688,584.2999877929688,584.3900146484375,50666,0.0,0.0,0.0
2026-04-07 12:44:00-04:00,584.4000244140625,584.7750244140625,584.3200073242188,584.75,65699,0.0,0.0,0.0
2026-04-07 12:45:00-04:00,584.780029296875,585.1300048828125,584.7349853515625,585.1099853515625,68850,0.0,0.0,0.0
2026-04-07 12:46:00-04:00,585.139892578125,585.4199829101562,585.010009765625,585.3800048828125,49012,0.0,0.0,0.0
2026-04-07 12:47:00-04:00,585.4000244140625,585.4099731445312,585.1099853515625,585.3900146484375,94285,0.0,0.0,0.0
2026-04-07 12:48:00-04:00,585.3900146484375,585.6199951171875,585.3001098632812,585.3001098632812,74486,0.0,0.0,0.0
2026-04-07 12:49:00-04:00,585.3350219726562,585.3350219726562,585.1400146484375,585.1506958007812,43272,0.0,0.0,0.0
2026-04-07 12:50:00-04:00,585.1500244140625,585.3599853515625,584.9600219726562,585.3599243164062,31251,0.0,0.0,0.0
2026-04-07 12:51:00-04:00,585.3300170898438,585.3800048828125,585.27001953125,585.3150024414062,50223,0.0,0.0,0.0
2026-04-07 12:52:00-04:00,585.2899780273438,585.4199829101562,585.1217041015625,585.35009765625,45235,0.0,0.0,0.0
2026-04-07 12:53:00-04:00,585.35009765625,585.4000244140625,585.239990234375,585.3200073242188,48297,0.0,0.0,0.0
2026-04-07 12:54:00-04:00,585.344970703125,585.4498901367188,585.1199951171875,585.219970703125,47548,0.0,0.0,0.0
2026-04-07 12:55:00-04:00,585.2150268554688,585.2150268554688,584.9603881835938,585.030029296875,50826,0.0,0.0,0.0
2026-04-07 12:56:00-04:00,585.02001953125,585.02001953125,584.7227172851562,584.7227172851562,71255,0.0,0.0,0.0
2026-04-07 12:57:00-04:00,584.72998046875,584.9400024414062,584.6599731445312,584.77001953125,71069,0.0,0.0,0.0
2026-04-07 12:58:00-04:00,584.7999877929688,584.969970703125,584.7000122070312,584.9600219726562,34615,0.0,0.0,0.0
2026-04-07 12:59:00-04:00,584.9539794921875,584.9539794921875,584.6199951171875,584.6900024414062,41332,0.0,0.0,0.0
2026-04-07 13:00:00-04:00,584.6799926757812,585.5,584.4000244140625,584.9550170898438,220360,0.0,0.0,0.0
2026-04-07 13:01:00-04:00,584.97998046875,585.1099853515625,584.6400146484375,584.8200073242188,103398,0.0,0.0,0.0
2026-04-07 13:02:00-04:00,584.8250122070312,585.1400146484375,584.7999877929688,585.1300048828125,45406,0.0,0.0,0.0
2026-04-07 13:03:00-04:00,585.1300048828125,585.4199829101562,585.0599975585938,585.3510131835938,43085,0.0,0.0,0.0
2026-04-07 13:04:00-04:00,585.3300170898438,585.469970703125,585.1400146484375,585.1900024414062,51242,0.0,0.0,0.0
2026-04-07 13:05:00-04:00,585.1699829101562,585.2999877929688,584.97998046875,585.0900268554688,39574,0.0,0.0,0.0
2026-04-07 13:06:00-04:00,585.0900268554688,585.364990234375,584.9400024414062,585.219970703125,27774,0.0,0.0,0.0
2026-04-07 13:07:00-04:00,585.22998046875,585.239990234375,584.9199829101562,585.0449829101562,27426,0.0,0.0,0.0
2026-04-07 13:08:00-04:00,585.0499877929688,585.1500244140625,584.97998046875,585.0399780273438,83433,0.0,0.0,0.0
2026-04-07 13:09:00-04:00,585.0399780273438,585.0399780273438,584.9000244140625,584.97998046875,30228,0.0,0.0,0.0
2026-04-07 13:10:00-04:00,584.9500122070312,585.1156005859375,584.7999877929688,585.0900268554688,32882,0.0,0.0,0.0
2026-04-07 13:11:00-04:00,585.02001953125,585.02001953125,584.7899780273438,584.8400268554688,38105,0.0,0.0,0.0
2026-04-07 13:12:00-04:00,584.8400268554688,585.0800170898438,584.77001953125,584.989990234375,26382,0.0,0.0,0.0
2026-04-07 13:13:00-04:00,585.010009765625,585.0999755859375,584.7100219726562,584.75,24224,0.0,0.0,0.0
2026-04-07 13:14:00-04:00,584.7349853515625,584.7498779296875,584.5800170898438,584.6699829101562,47237,0.0,0.0,0.0
2026-04-07 13:15:00-04:00,584.6400146484375,584.7899780273438,584.4199829101562,584.7899780273438,80379,0.0,0.0,0.0
2026-04-07 13:16:00-04:00,584.780029296875,584.9199829101562,584.3599853515625,584.3900146484375,45757,0.0,0.0,0.0
2026-04-07 13:17:00-04:00,584.4099731445312,584.5499877929688,584.3300170898438,584.405029296875,543029,0.0,0.0,0.0
2026-04-07 13:18:00-04:00,584.405029296875,584.489990234375,584.2899780273438,584.385009765625,31346,0.0,0.0,0.0
2026-04-07 13:19:00-04:00,584.3699951171875,584.5598754882812,584.3253784179688,584.4802856445312,31606,0.0,0.0,0.0
2026-04-07 13:20:00-04:00,584.5050048828125,584.52001953125,584.0,584.0150146484375,113671,0.0,0.0,0.0
2026-04-07 13:21:00-04:00,584.010009765625,584.0599975585938,583.9000244140625,583.9600830078125,60161,0.0,0.0,0.0
2026-04-07 13:22:00-04:00,583.9849853515625,584.231689453125,583.9600219726562,584.1099853515625,47538,0.0,0.0,0.0
2026-04-07 13:23:00-04:00,584.1500244140625,584.405029296875,584.0532836914062,584.302001953125,46087,0.0,0.0,0.0
2026-04-07 13:24:00-04:00,584.3200073242188,584.4500122070312,584.27001953125,584.2750244140625,39954,0.0,0.0,0.0
2026-04-07 13:25:00-04:00,584.2899780273438,584.2949829101562,583.9000244140625,584.1400146484375,49939,0.0,0.0,0.0
2026-04-07 13:26:00-04:00,584.1799926757812,584.5180053710938,584.1799926757812,584.4199829101562,68891,0.0,0.0,0.0
2026-04-07 13:27:00-04:00,584.3900146484375,584.3900146484375,584.260009765625,584.3527221679688,18090,0.0,0.0,0.0
2026-04-07 13:28:00-04:00,584.3099975585938,584.3099975585938,584.0800170898438,584.1799926757812,57216,0.0,0.0,0.0
2026-04-07 13:29:00-04:00,584.1500244140625,584.3677978515625,584.1099853515625,584.3200073242188,34527,0.0,0.0,0.0
2026-04-07 13:30:00-04:00,584.3400268554688,584.6300048828125,584.260009765625,584.260009765625,52160,0.0,0.0,0.0
2026-04-07 13:31:00-04:00,584.27001953125,584.5,584.2108154296875,584.4600219726562,84808,0.0,0.0,0.0
2026-04-07 13:32:00-04:00,584.4400024414062,585.030029296875,584.4299926757812,584.9550170898438,112071,0.0,0.0,0.0
2026-04-07 13:33:00-04:00,584.9500122070312,585.013671875,584.8234252929688,584.989990234375,32747,0.0,0.0,0.0
2026-04-07 13:34:00-04:00,584.97998046875,585.409912109375,584.9299926757812,585.3200073242188,60266,0.0,0.0,0.0
2026-04-07 13:35:00-04:00,585.3499755859375,586.3400268554688,585.3350219726562,586.1699829101562,185760,0.0,0.0,0.0
2026-04-07 13:36:00-04:00,586.1749877929688,586.97998046875,585.9199829101562,586.5252075195312,171431,0.0,0.0,0.0
2026-04-07 13:37:00-04:00,586.510009765625,586.6199951171875,586.3300170898438,586.4299926757812,95725,0.0,0.0,0.0
2026-04-07 13:38:00-04:00,586.3599853515625,586.47998046875,586.0599975585938,586.1300048828125,68444,0.0,0.0,0.0
2026-04-07 13:39:00-04:00,586.1300048828125,586.2999877929688,585.9400024414062,586.0499877929688,68008,0.0,0.0,0.0
2026-04-07 13:40:00-04:00,586.0549926757812,586.0800170898438,585.5,585.5499877929688,97230,0.0,0.0,0.0
2026-04-07 13:41:00-04:00,585.5850219726562,585.8300170898438,585.5850219726562,585.7899780273438,74940,0.0,0.0,0.0
2026-04-07 13:42:00-04:00,585.780029296875,585.9099731445312,585.5900268554688,585.6400146484375,84551,0.0,0.0,0.0
2026-04-07 13:43:00-04:00,585.6011962890625,585.6199951171875,585.3300170898438,585.4450073242188,86346,0.0,0.0,0.0
2026-04-07 13:44:00-04:00,585.4301147460938,585.4301147460938,585.2318115234375,585.3599853515625,70820,0.0,0.0,0.0
2026-04-07 13:45:00-04:00,585.3499755859375,585.4500122070312,585.0225219726562,585.0598754882812,91279,0.0,0.0,0.0
2026-04-07 13:46:00-04:00,585.0499877929688,585.4199829101562,585.0399780273438,585.280029296875,55955,0.0,0.0,0.0
2026-04-07 13:47:00-04:00,585.280029296875,585.47998046875,585.280029296875,585.4299926757812,45869,0.0,0.0,0.0
2026-04-07 13:48:00-04:00,585.4299926757812,585.4400024414062,585.114990234375,585.219970703125,57641,0.0,0.0,0.0
2026-04-07 13:49:00-04:00,585.1900024414062,585.4979858398438,585.1500244140625,585.4550170898438,21270,0.0,0.0,0.0
2026-04-07 13:50:00-04:00,585.469970703125,585.6300048828125,585.3400268554688,585.419921875,66864,0.0,0.0,0.0
2026-04-07 13:51:00-04:00,585.4000854492188,585.7000122070312,585.3900146484375,585.6599731445312,65253,0.0,0.0,0.0
2026-04-07 13:52:00-04:00,585.6500854492188,585.7899780273438,585.6300048828125,585.7125244140625,88030,0.0,0.0,0.0
2026-04-07 13:53:00-04:00,585.6901245117188,585.919921875,585.6901245117188,585.77001953125,37317,0.0,0.0,0.0
2026-04-07 13:54:00-04:00,585.760498046875,585.760498046875,585.4733276367188,585.6002197265625,65952,0.0,0.0,0.0
2026-04-07 13:55:00-04:00,585.5750122070312,585.6500244140625,585.3800048828125,585.4600219726562,72789,0.0,0.0,0.0
2026-04-07 13:56:00-04:00,585.47998046875,585.510009765625,585.3699951171875,585.4500122070312,28749,0.0,0.0,0.0
2026-04-07 13:57:00-04:00,585.4400024414062,585.4591064453125,585.010009765625,585.2999877929688,66127,0.0,0.0,0.0
2026-04-07 13:58:00-04:00,585.2750854492188,585.3895263671875,585.1699829101562,585.2349853515625,24390,0.0,0.0,0.0
2026-04-07 13:59:00-04:00,585.2349853515625,585.2899780273438,585.1500244140625,585.22998046875,14432,0.0,0.0,0.0
2026-04-07 14:00:00-04:00,585.25,585.460693359375,585.2000122070312,585.4000244140625,46342,0.0,0.0,0.0
2026-04-07 14:01:00-04:00,585.3800048828125,585.47119140625,585.3099975585938,585.3300170898438,22895,0.0,0.0,0.0
2026-04-07 14:02:00-04:00,585.35498046875,585.4708862304688,585.1900024414062,585.4149780273438,35550,0.0,0.0,0.0
2026-04-07 14:03:00-04:00,585.4099731445312,585.5,585.25,585.4749755859375,16134,0.0,0.0,0.0
2026-04-07 14:04:00-04:00,585.5,585.5399169921875,585.0499877929688,585.1099853515625,28792,0.0,0.0,0.0
2026-04-07 14:05:00-04:00,585.1199951171875,585.1298828125,584.9299926757812,585.0800170898438,59631,0.0,0.0,0.0
2026-04-07 14:06:00-04:00,585.0800170898438,585.0900268554688,584.7999267578125,584.9525146484375,28687,0.0,0.0,0.0
2026-04-07 14:07:00-04:00,584.969970703125,585.0250244140625,584.6300048828125,584.75,31518,0.0,0.0,0.0
2026-04-07 14:08:00-04:00,584.7650146484375,584.9400024414062,584.719970703125,584.8800048828125,38002,0.0,0.0,0.0
2026-04-07 14:09:00-04:00,584.8795776367188,584.9500122070312,584.8300170898438,584.8300170898438,51652,0.0,0.0,0.0
2026-04-07 14:10:00-04:00,584.8400268554688,584.88623046875,584.6199951171875,584.6599731445312,49391,0.0,0.0,0.0
2026-04-07 14:11:00-04:00,584.6599731445312,584.75,584.5800170898438,584.7291870117188,34511,0.0,0.0,0.0
2026-04-07 14:12:00-04:00,584.7498779296875,584.8673706054688,584.6799926757812,584.7100219726562,152851,0.0,0.0,0.0
2026-04-07 14:13:00-04:00,584.7000122070312,584.9500122070312,584.6671752929688,584.9500122070312,41918,0.0,0.0,0.0
2026-04-07 14:14:00-04:00,584.9301147460938,585.0,584.8499755859375,584.8800048828125,45238,0.0,0.0,0.0
2026-04-07 14:15:00-04:00,584.8599853515625,584.9199829101562,584.7899780273438,584.8599243164062,28520,0.0,0.0,0.0
2026-04-07 14:16:00-04:00,584.830078125,584.9500122070312,584.739990234375,584.8800048828125,34715,0.0,0.0,0.0
2026-04-07 14:17:00-04:00,584.9400024414062,585.010009765625,584.7899780273438,584.8751220703125,18433,0.0,0.0,0.0
2026-04-07 14:18:00-04:00,584.8394165039062,585.0399780273438,584.7623291015625,585.0399780273438,17638,0.0,0.0,0.0
2026-04-07 14:19:00-04:00,585.0250244140625,585.2492065429688,584.9299926757812,585.1400756835938,52219,0.0,0.0,0.0
2026-04-07 14:20:00-04:00,585.0999755859375,585.239990234375,584.9122924804688,584.9652099609375,26360,0.0,0.0,0.0
2026-04-07 14:21:00-04:00,584.989990234375,584.989990234375,584.7800903320312,584.9199829101562,43452,0.0,0.0,0.0
2026-04-07 14:22:00-04:00,584.9119262695312,585.2009887695312,584.8800048828125,585.0850219726562,54512,0.0,0.0,0.0
2026-04-07 14:23:00-04:00,585.076416015625,585.1199951171875,584.6201171875,584.7100219726562,63776,0.0,0.0,0.0
2026-04-07 14:24:00-04:00,584.6939697265625,584.6987915039062,584.35498046875,584.4500122070312,92098,0.0,0.0,0.0
2026-04-07 14:25:00-04:00,584.47998046875,584.6378173828125,584.3499755859375,584.4600219726562,38548,0.0,0.0,0.0
2026-04-07 14:26:00-04:00,584.4398803710938,584.6099853515625,584.2999877929688,584.5700073242188,59259,0.0,0.0,0.0
2026-04-07 14:27:00-04:00,584.5399780273438,584.72998046875,584.489990234375,584.5001831054688,37961,0.0,0.0,0.0
2026-04-07 14:28:00-04:00,584.5399780273438,584.6699829101562,584.489990234375,584.5250244140625,51967,0.0,0.0,0.0
2026-04-07 14:29:00-04:00,584.510009765625,584.625,584.4000854492188,584.469970703125,37610,0.0,0.0,0.0
2026-04-07 14:30:00-04:00,584.45068359375,584.5999755859375,584.3300170898438,584.4099731445312,30676,0.0,0.0,0.0
2026-04-07 14:31:00-04:00,584.4500122070312,584.469970703125,584.239990234375,584.3201293945312,34561,0.0,0.0,0.0
2026-04-07 14:32:00-04:00,584.344970703125,584.510009765625,584.2999877929688,584.4500122070312,13402,0.0,0.0,0.0
2026-04-07 14:33:00-04:00,584.4500122070312,584.5599975585938,584.3300170898438,584.530029296875,24103,0.0,0.0,0.0
2026-04-07 14:34:00-04:00,584.530029296875,584.7100219726562,584.513916015625,584.52001953125,45847,0.0,0.0,0.0
2026-04-07 14:35:00-04:00,584.510009765625,584.6199951171875,584.4199829101562,584.47998046875,45988,0.0,0.0,0.0
2026-04-07 14:36:00-04:00,584.4495849609375,584.5800170898438,584.3165283203125,584.5800170898438,27664,0.0,0.0,0.0
2026-04-07 14:37:00-04:00,584.6099853515625,584.6099853515625,584.25,584.280029296875,34445,0.0,0.0,0.0
2026-04-07 14:38:00-04:00,584.29638671875,584.3099975585938,584.1900024414062,584.27001953125,23546,0.0,0.0,0.0
2026-04-07 14:39:00-04:00,584.2100219726562,584.3300170898438,584.147705078125,584.3099975585938,20991,0.0,0.0,0.0
2026-04-07 14:40:00-04:00,584.3300170898438,584.3699951171875,583.8400268554688,583.9299926757812,119309,0.0,0.0,0.0
2026-04-07 14:41:00-04:00,583.969970703125,584.0399780273438,583.60498046875,583.6798706054688,67933,0.0,0.0,0.0
2026-04-07 14:42:00-04:00,583.6500244140625,583.8800048828125,583.5700073242188,583.7000122070312,51329,0.0,0.0,0.0
2026-04-07 14:43:00-04:00,583.7449951171875,583.8400268554688,583.510009765625,583.7899780273438,189489,0.0,0.0,0.0
2026-04-07 14:44:00-04:00,583.8099975585938,583.97998046875,583.739990234375,583.8150024414062,53186,0.0,0.0,0.0
2026-04-07 14:45:00-04:00,583.8101196289062,583.8300170898438,583.239990234375,583.6099853515625,86103,0.0,0.0,0.0
2026-04-07 14:46:00-04:00,583.5999145507812,583.8400268554688,583.5700073242188,583.77001953125,46261,0.0,0.0,0.0
2026-04-07 14:47:00-04:00,583.77001953125,583.889892578125,583.4992065429688,583.4992065429688,24098,0.0,0.0,0.0
2026-04-07 14:48:00-04:00,583.489990234375,583.5,583.2899780273438,583.3800048828125,34261,0.0,0.0,0.0
2026-04-07 14:49:00-04:00,583.3928833007812,583.4199829101562,583.2750244140625,583.3499755859375,24796,0.0,0.0,0.0
2026-04-07 14:50:00-04:00,583.3400268554688,583.4000244140625,583.239990234375,583.2899780273438,34723,0.0,0.0,0.0
2026-04-07 14:51:00-04:00,583.3150024414062,583.369873046875,583.0999755859375,583.2550048828125,50943,0.0,0.0,0.0
2026-04-07 14:52:00-04:00,583.25,583.280029296875,582.97998046875,583.0599975585938,77953,0.0,0.0,0.0
2026-04-07 14:53:00-04:00,583.05322265625,583.1699829101562,582.7100219726562,582.77001953125,65336,0.0,0.0,0.0
2026-04-07 14:54:00-04:00,582.760009765625,582.760009765625,582.3099975585938,582.5399780273438,364941,0.0,0.0,0.0
2026-04-07 14:55:00-04:00,582.5300903320312,582.5900268554688,581.6599731445312,581.7349853515625,254760,0.0,0.0,0.0
2026-04-07 14:56:00-04:00,581.75,582.030029296875,581.6699829101562,582.0,125107,0.0,0.0,0.0
2026-04-07 14:57:00-04:00,581.9600219726562,582.3400268554688,581.9600219726562,582.219970703125,276914,0.0,0.0,0.0
2026-04-07 14:58:00-04:00,582.2293090820312,582.530029296875,582.1300048828125,582.260009765625,69106,0.0,0.0,0.0
2026-04-07 14:59:00-04:00,582.25,582.3660278320312,582.080078125,582.260009765625,52351,0.0,0.0,0.0
2026-04-07 15:00:00-04:00,582.22998046875,582.27001953125,582.010009765625,582.1199951171875,78278,0.0,0.0,0.0
2026-04-07 15:01:00-04:00,582.139892578125,582.260009765625,582.0,582.1599731445312,45734,0.0,0.0,0.0
2026-04-07 15:02:00-04:00,582.1699829101562,582.780029296875,582.1699829101562,582.7125854492188,100358,0.0,0.0,0.0
2026-04-07 15:03:00-04:00,582.7100219726562,582.9099731445312,582.5399780273438,582.5549926757812,78662,0.0,0.0,0.0
2026-04-07 15:04:00-04:00,582.5399780273438,582.5701293945312,582.4299926757812,582.52001953125,75030,0.0,0.0,0.0
2026-04-07 15:05:00-04:00,582.52001953125,582.52001953125,582.1300048828125,582.1900024414062,102056,0.0,0.0,0.0
2026-04-07 15:06:00-04:00,582.2100219726562,582.2899780273438,581.9199829101562,582.1500244140625,101116,0.0,0.0,0.0
2026-04-07 15:07:00-04:00,582.1400146484375,582.1699829101562,581.8300170898438,581.9299926757812,101129,0.0,0.0,0.0
2026-04-07 15:08:00-04:00,581.9400024414062,582.9600219726562,581.8300170898438,582.3599853515625,282273,0.0,0.0,0.0
2026-04-07 15:09:00-04:00,582.3699951171875,582.4299926757812,582.2349853515625,582.3099975585938,102732,0.0,0.0,0.0
2026-04-07 15:10:00-04:00,582.27001953125,582.8300170898438,582.260009765625,582.6300048828125,104935,0.0,0.0,0.0
2026-04-07 15:11:00-04:00,582.6300048828125,583.0,582.6199951171875,582.7899780273438,177539,0.0,0.0,0.0
2026-04-07 15:12:00-04:00,582.719970703125,582.9276123046875,582.6799926757812,582.7899780273438,398930,0.0,0.0,0.0
2026-04-07 15:13:00-04:00,582.7949829101562,582.885009765625,582.6300048828125,582.8699951171875,61063,0.0,0.0,0.0
2026-04-07 15:14:00-04:00,582.85498046875,583.0750122070312,582.8400268554688,583.0098876953125,171803,0.0,0.0,0.0
2026-04-07 15:15:00-04:00,583.010009765625,583.281982421875,582.8499755859375,583.22998046875,97597,0.0,0.0,0.0
2026-04-07 15:16:00-04:00,583.239990234375,583.77001953125,583.219970703125,583.4180297851562,141090,0.0,0.0,0.0
2026-04-07 15:17:00-04:00,583.3900146484375,583.77001953125,583.3800048828125,583.6300048828125,77723,0.0,0.0,0.0
2026-04-07 15:18:00-04:00,583.60498046875,585.1400146484375,583.5499877929688,584.9099731445312,242256,0.0,0.0,0.0
2026-04-07 15:19:00-04:00,584.9201049804688,586.3099975585938,584.6900024414062,585.8900146484375,370047,0.0,0.0,0.0
2026-04-07 15:20:00-04:00,585.8400268554688,586.9400024414062,585.5999755859375,586.005615234375,467456,0.0,0.0,0.0
2026-04-07 15:21:00-04:00,586.02001953125,586.1199951171875,585.1199951171875,585.3399047851562,224164,0.0,0.0,0.0
2026-04-07 15:22:00-04:00,585.3400268554688,585.719970703125,585.1799926757812,585.5999755859375,109481,0.0,0.0,0.0
2026-04-07 15:23:00-04:00,585.6099243164062,585.6099243164062,584.739990234375,584.75,299917,0.0,0.0,0.0
2026-04-07 15:24:00-04:00,584.780029296875,585.26708984375,584.5399780273438,585.239990234375,209788,0.0,0.0,0.0
2026-04-07 15:25:00-04:00,585.1900024414062,585.280029296875,584.710693359375,584.97998046875,167911,0.0,0.0,0.0
2026-04-07 15:26:00-04:00,585.02001953125,585.1400146484375,584.3699951171875,584.6400146484375,144277,0.0,0.0,0.0
2026-04-07 15:27:00-04:00,584.6599731445312,585.0399780273438,584.5,584.969970703125,81107,0.0,0.0,0.0
2026-04-07 15:28:00-04:00,585.0,585.302001953125,584.8499755859375,585.280029296875,173802,0.0,0.0,0.0
2026-04-07 15:29:00-04:00,585.2999267578125,585.2999267578125,584.8936767578125,585.0499877929688,106638,0.0,0.0,0.0
2026-04-07 15:30:00-04:00,584.9600219726562,585.1099853515625,584.739990234375,584.9915161132812,67835,0.0,0.0,0.0
2026-04-07 15:31:00-04:00,585.0250244140625,585.0599975585938,584.739990234375,584.8377075195312,57513,0.0,0.0,0.0
2026-04-07 15:32:00-04:00,584.8400268554688,585.1900024414062,584.780029296875,584.969970703125,57963,0.0,0.0,0.0
2026-04-07 15:33:00-04:00,584.9400024414062,585.0700073242188,584.780029296875,584.9400024414062,122154,0.0,0.0,0.0
2026-04-07 15:34:00-04:00,584.8900146484375,585.119873046875,584.8699951171875,584.9199829101562,44234,0.0,0.0,0.0
2026-04-07 15:35:00-04:00,584.9000244140625,584.9600219726562,584.4199829101562,584.5900268554688,104708,0.0,0.0,0.0
2026-04-07 15:36:00-04:00,584.5900268554688,584.8200073242188,584.510009765625,584.6799926757812,53994,0.0,0.0,0.0
2026-04-07 15:37:00-04:00,584.7100219726562,584.8800048828125,584.47998046875,584.6900024414062,62367,0.0,0.0,0.0
2026-04-07 15:38:00-04:00,584.719970703125,584.8800048828125,584.5800170898438,584.6599731445312,51923,0.0,0.0,0.0
2026-04-07 15:39:00-04:00,584.6699829101562,584.8300170898438,584.580078125,584.7000732421875,44962,0.0,0.0,0.0
2026-04-07 15:40:00-04:00,584.7000122070312,585.1599731445312,584.5599975585938,585.094970703125,104543,0.0,0.0,0.0
2026-04-07 15:41:00-04:00,585.0800170898438,585.2999877929688,585.0299072265625,585.1751098632812,98593,0.0,0.0,0.0
2026-04-07 15:42:00-04:00,585.1801147460938,585.219970703125,584.97998046875,585.030029296875,43540,0.0,0.0,0.0
2026-04-07 15:43:00-04:00,585.02001953125,585.239990234375,584.989990234375,585.0349731445312,44126,0.0,0.0,0.0
2026-04-07 15:44:00-04:00,585.0001220703125,586.0150146484375,584.9199829101562,585.6077880859375,190243,0.0,0.0,0.0
2026-04-07 15:45:00-04:00,585.5900268554688,587.969970703125,585.1901245117188,587.8099975585938,476285,0.0,0.0,0.0
2026-04-07 15:46:00-04:00,587.6950073242188,588.0,586.530029296875,587.2899780273438,543938,0.0,0.0,0.0
2026-04-07 15:47:00-04:00,587.1849975585938,587.2999877929688,586.530029296875,587.219970703125,216064,0.0,0.0,0.0
2026-04-07 15:48:00-04:00,587.239990234375,587.5999755859375,586.9299926757812,587.0599975585938,237846,0.0,0.0,0.0
2026-04-07 15:49:00-04:00,587.0217895507812,587.3400268554688,586.4199829101562,586.6300048828125,172685,0.0,0.0,0.0
2026-04-07 15:50:00-04:00,586.719970703125,587.4180297851562,586.719970703125,587.3099975585938,232836,0.0,0.0,0.0
2026-04-07 15:51:00-04:00,587.3200073242188,587.8400268554688,587.2000122070312,587.6900024414062,171564,0.0,0.0,0.0
2026-04-07 15:52:00-04:00,587.7000122070312,588.0,587.4099731445312,587.47998046875,216897,0.0,0.0,0.0
2026-04-07 15:53:00-04:00,587.469970703125,587.6900024414062,587.3499755859375,587.5349731445312,239808,0.0,0.0,0.0
2026-04-07 15:54:00-04:00,587.5150146484375,587.6799926757812,587.0800170898438,587.619873046875,262929,0.0,0.0,0.0
2026-04-07 15:55:00-04:00,587.5700073242188,588.1799926757812,587.5700073242188,587.969970703125,204722,0.0,0.0,0.0
2026-04-07 15:56:00-04:00,587.9710083007812,588.3499755859375,587.9400024414062,588.280029296875,195554,0.0,0.0,0.0
2026-04-07 15:57:00-04:00,588.2949829101562,588.2949829101562,587.8200073242188,588.030029296875,217775,0.0,0.0,0.0
2026-04-07 15:58:00-04:00,588.030029296875,588.1300048828125,587.8699951171875,588.02001953125,263688,0.0,0.0,0.0
2026-04-07 15:59:00-04:00,588.0,588.97998046875,587.9600219726562,588.719970703125,686515,0.0,0.0,0.0
2026-04-08 09:30:00-04:00,608.7100219726562,609.8800048828125,608.1699829101562,608.2999877929688,5173096,0.0,0.0,0.0
2026-04-08 09:31:00-04:00,608.2899780273438,608.5299072265625,607.1300048828125,607.239990234375,534522,0.0,0.0,0.0
2026-04-08 09:32:00-04:00,607.2100219726562,607.6699829101562,607.1599731445312,607.52001953125,545979,0.0,0.0,0.0
2026-04-08 09:33:00-04:00,607.5150146484375,607.739990234375,607.0700073242188,607.5650024414062,316944,0.0,0.0,0.0
2026-04-08 09:34:00-04:00,607.5811157226562,608.0,607.47998046875,607.75,270427,0.0,0.0,0.0
2026-04-08 09:35:00-04:00,607.72998046875,608.0277709960938,607.3300170898438,607.969970703125,278933,0.0,0.0,0.0
2026-04-08 09:36:00-04:00,607.97998046875,608.2000122070312,607.6699829101562,607.8699951171875,334041,0.0,0.0,0.0
2026-04-08 09:37:00-04:00,607.8327026367188,607.9650268554688,607.3300170898438,607.5,229258,0.0,0.0,0.0
2026-04-08 09:38:00-04:00,607.5307006835938,607.5307006835938,606.9099731445312,607.4099731445312,272877,0.0,0.0,0.0
2026-04-08 09:39:00-04:00,607.3499755859375,607.4000244140625,606.5499877929688,606.8187255859375,285597,0.0,0.0,0.0
2026-04-08 09:40:00-04:00,606.8200073242188,606.9628295898438,606.4600219726562,606.739990234375,492752,0.0,0.0,0.0
2026-04-08 09:41:00-04:00,606.75,606.8400268554688,606.0800170898438,606.3300170898438,642211,0.0,0.0,0.0
2026-04-08 09:42:00-04:00,606.3200073242188,606.9650268554688,606.0399780273438,606.0900268554688,445490,0.0,0.0,0.0
2026-04-08 09:43:00-04:00,606.0999755859375,606.47998046875,606.0,606.4199829101562,273829,0.0,0.0,0.0
2026-04-08 09:44:00-04:00,606.4299926757812,606.8300170898438,606.2200927734375,606.2349853515625,198446,0.0,0.0,0.0
2026-04-08 09:45:00-04:00,606.219970703125,606.6400146484375,606.1500244140625,606.510009765625,288493,0.0,0.0,0.0
2026-04-08 09:46:00-04:00,606.510009765625,607.4500122070312,606.27001953125,607.4000244140625,293536,0.0,0.0,0.0
2026-04-08 09:47:00-04:00,607.3900146484375,607.719970703125,607.2650146484375,607.510009765625,340261,0.0,0.0,0.0
2026-04-08 09:48:00-04:00,607.5050048828125,607.7000122070312,606.719970703125,607.3599853515625,400772,0.0,0.0,0.0
2026-04-08 09:49:00-04:00,607.344970703125,607.5599975585938,607.22998046875,607.530029296875,148900,0.0,0.0,0.0
2026-04-08 09:50:00-04:00,607.52001953125,607.52001953125,606.8200073242188,606.9349975585938,243363,0.0,0.0,0.0
2026-04-08 09:51:00-04:00,606.9299926757812,606.9400024414062,605.5499877929688,605.8900146484375,353548,0.0,0.0,0.0
2026-04-08 09:52:00-04:00,605.9099731445312,606.3599243164062,605.8300170898438,606.1199951171875,491052,0.0,0.0,0.0
2026-04-08 09:53:00-04:00,606.118408203125,606.2567138671875,605.780029296875,605.9550170898438,233863,0.0,0.0,0.0
2026-04-08 09:54:00-04:00,605.9400024414062,606.1699829101562,605.6434936523438,605.77001953125,245582,0.0,0.0,0.0
2026-04-08 09:55:00-04:00,605.72998046875,606.29931640625,605.5900268554688,605.9099731445312,399409,0.0,0.0,0.0
2026-04-08 09:56:00-04:00,605.9199829101562,606.239990234375,605.8599853515625,605.9249877929688,411622,0.0,0.0,0.0
2026-04-08 09:57:00-04:00,605.9199829101562,606.2100219726562,605.7105102539062,605.75,219615,0.0,0.0,0.0
2026-04-08 09:58:00-04:00,605.7899780273438,605.8800048828125,605.4099731445312,605.7999877929688,260931,0.0,0.0,0.0
2026-04-08 09:59:00-04:00,605.7899780273438,606.1900024414062,605.780029296875,605.780029296875,401314,0.0,0.0,0.0
2026-04-08 10:00:00-04:00,605.77001953125,606.3300170898438,605.7000122070312,605.8499755859375,178866,0.0,0.0,0.0
2026-04-08 10:01:00-04:00,605.8699951171875,606.0,605.6611938476562,605.8699951171875,178012,0.0,0.0,0.0
2026-04-08 10:02:00-04:00,605.8599853515625,606.0449829101562,605.6900024414062,605.97998046875,166350,0.0,0.0,0.0
2026-04-08 10:03:00-04:00,606.010009765625,606.0499877929688,605.5900268554688,605.75,143917,0.0,0.0,0.0
2026-04-08 10:04:00-04:00,605.760009765625,606.0894165039062,605.6300048828125,605.9359741210938,133677,0.0,0.0,0.0
2026-04-08 10:05:00-04:00,605.9600219726562,606.0969848632812,605.7899780273438,606.0509033203125,117770,0.0,0.0,0.0
2026-04-08 10:06:00-04:00,606.0900268554688,606.1099853515625,605.2999877929688,605.8800048828125,337183,0.0,0.0,0.0
2026-04-08 10:07:00-04:00,605.8800048828125,606.010009765625,605.635009765625,605.75,200540,0.0,0.0,0.0
2026-04-08 10:08:00-04:00,605.7550048828125,606.02001953125,604.8599853515625,605.27001953125,597716,0.0,0.0,0.0
2026-04-08 10:09:00-04:00,605.2899780273438,605.75,605.1900024414062,605.6751708984375,197753,0.0,0.0,0.0
2026-04-08 10:10:00-04:00,605.6900024414062,605.969970703125,605.5700073242188,605.5700073242188,151659,0.0,0.0,0.0
2026-04-08 10:11:00-04:00,605.5900268554688,605.8900146484375,605.2149047851562,605.8375244140625,546177,0.0,0.0,0.0
2026-04-08 10:12:00-04:00,605.8400268554688,605.8699951171875,605.52001953125,605.6671752929688,235975,0.0,0.0,0.0
2026-04-08 10:13:00-04:00,605.7100219726562,605.9299926757812,605.5308227539062,605.801513671875,110845,0.0,0.0,0.0
2026-04-08 10:14:00-04:00,605.8300170898438,605.9400024414062,605.640625,605.6751708984375,115211,0.0,0.0,0.0
2026-04-08 10:15:00-04:00,605.6900024414062,605.9600219726562,605.580078125,605.77001953125,149193,0.0,0.0,0.0
2026-04-08 10:16:00-04:00,605.8099975585938,605.8699951171875,605.6400146484375,605.8599853515625,74080,0.0,0.0,0.0
2026-04-08 10:17:00-04:00,605.8699951171875,606.0499877929688,605.72998046875,605.8001098632812,118882,0.0,0.0,0.0
2026-04-08 10:18:00-04:00,605.8300170898438,606.0599975585938,605.3800048828125,605.4500122070312,186482,0.0,0.0,0.0
2026-04-08 10:19:00-04:00,605.469970703125,605.5499877929688,605.0599975585938,605.35498046875,406408,0.0,0.0,0.0
2026-04-08 10:20:00-04:00,605.3699951171875,605.780029296875,605.260009765625,605.4949951171875,131853,0.0,0.0,0.0
2026-04-08 10:21:00-04:00,605.489990234375,605.8162231445312,605.4099731445312,605.635009765625,88491,0.0,0.0,0.0
2026-04-08 10:22:00-04:00,605.635009765625,606.030029296875,605.5999755859375,605.9299926757812,87768,0.0,0.0,0.0
2026-04-08 10:23:00-04:00,605.9199829101562,605.9400024414062,605.5700073242188,605.6170043945312,73272,0.0,0.0,0.0
2026-04-08 10:24:00-04:00,605.6300048828125,605.8499755859375,605.6199951171875,605.7100219726562,126202,0.0,0.0,0.0
2026-04-08 10:25:00-04:00,605.7100219726562,605.760009765625,605.1799926757812,605.3350219726562,165972,0.0,0.0,0.0
2026-04-08 10:26:00-04:00,605.3300170898438,605.5598754882812,605.2100219726562,605.5598754882812,75637,0.0,0.0,0.0
2026-04-08 10:27:00-04:00,605.5399780273438,605.6900024414062,605.2999877929688,605.6500244140625,59476,0.0,0.0,0.0
2026-04-08 10:28:00-04:00,605.6799926757812,605.7249755859375,605.239990234375,605.3499755859375,82325,0.0,0.0,0.0
2026-04-08 10:29:00-04:00,605.4199829101562,605.47998046875,605.0800170898438,605.1500244140625,265712,0.0,0.0,0.0
2026-04-08 10:30:00-04:00,605.2000122070312,605.4299926757812,604.8300170898438,605.2000732421875,100135,0.0,0.0,0.0
2026-04-08 10:31:00-04:00,605.22998046875,605.4299926757812,604.5599975585938,605.114990234375,288507,0.0,0.0,0.0
2026-04-08 10:32:00-04:00,605.1300048828125,605.3599853515625,604.72998046875,604.7899780273438,104817,0.0,0.0,0.0
2026-04-08 10:33:00-04:00,604.77001953125,605.1199951171875,604.6799926757812,605.02001953125,117941,0.0,0.0,0.0
2026-04-08 10:34:00-04:00,605.030029296875,605.219970703125,604.7899780273438,605.0449829101562,79992,0.0,0.0,0.0
2026-04-08 10:35:00-04:00,605.0560913085938,605.239990234375,604.614990234375,604.72998046875,385238,0.0,0.0,0.0
2026-04-08 10:36:00-04:00,604.7598876953125,604.8699951171875,604.52001953125,604.739990234375,139401,0.0,0.0,0.0
2026-04-08 10:37:00-04:00,604.75,605.3200073242188,604.719970703125,605.239990234375,134570,0.0,0.0,0.0
2026-04-08 10:38:00-04:00,605.239990234375,605.27001953125,604.8900146484375,604.9110107421875,125041,0.0,0.0,0.0
2026-04-08 10:39:00-04:00,604.9400024414062,605.0499877929688,604.75,604.9249877929688,78560,0.0,0.0,0.0
2026-04-08 10:40:00-04:00,604.9199829101562,605.1649780273438,604.8499755859375,604.9301147460938,85767,0.0,0.0,0.0
2026-04-08 10:41:00-04:00,604.9598999023438,605.239990234375,604.780029296875,604.8599853515625,102984,0.0,0.0,0.0
2026-04-08 10:42:00-04:00,604.8300170898438,605.1300048828125,604.5650024414062,605.0900268554688,79014,0.0,0.0,0.0
2026-04-08 10:43:00-04:00,605.1898803710938,605.2999877929688,604.7000122070312,604.8200073242188,86132,0.0,0.0,0.0
2026-04-08 10:44:00-04:00,604.8699951171875,604.9299926757812,604.5399780273438,604.6199951171875,201419,0.0,0.0,0.0
2026-04-08 10:45:00-04:00,604.6300048828125,604.760009765625,604.4500122070312,604.4500732421875,224641,0.0,0.0,0.0
2026-04-08 10:46:00-04:00,604.4611206054688,604.6599731445312,604.1500244140625,604.2000122070312,166758,0.0,0.0,0.0
2026-04-08 10:47:00-04:00,604.1900024414062,604.2000122070312,603.8599853515625,604.1400146484375,304359,0.0,0.0,0.0
2026-04-08 10:48:00-04:00,604.1599731445312,604.6199951171875,604.1300048828125,604.52001953125,215101,0.0,0.0,0.0
2026-04-08 10:49:00-04:00,604.5399780273438,604.719970703125,604.3499755859375,604.5800170898438,119136,0.0,0.0,0.0
2026-04-08 10:50:00-04:00,604.5999755859375,604.7000122070312,604.3300170898438,604.510009765625,81395,0.0,0.0,0.0
2026-04-08 10:51:00-04:00,604.5800170898438,604.6400146484375,604.0206909179688,604.0206909179688,96305,0.0,0.0,0.0
2026-04-08 10:52:00-04:00,604.0599975585938,604.1199951171875,603.780029296875,603.8699951171875,112899,0.0,0.0,0.0
2026-04-08 10:53:00-04:00,603.885009765625,603.885009765625,603.5700073242188,603.780029296875,129901,0.0,0.0,0.0
2026-04-08 10:54:00-04:00,603.7650146484375,604.1699829101562,603.6900024414062,604.010009765625,80623,0.0,0.0,0.0
2026-04-08 10:55:00-04:00,603.989990234375,603.989990234375,603.0,603.030029296875,164801,0.0,0.0,0.0
2026-04-08 10:56:00-04:00,603.0399780273438,603.1500244140625,602.1300048828125,602.419921875,368876,0.0,0.0,0.0
2026-04-08 10:57:00-04:00,602.4000854492188,603.260009765625,602.3699951171875,603.2150268554688,413176,0.0,0.0,0.0
2026-04-08 10:58:00-04:00,603.219970703125,603.5700073242188,603.219970703125,603.5599975585938,249826,0.0,0.0,0.0
2026-04-08 10:59:00-04:00,603.5700073242188,603.7899780273438,603.4600219726562,603.6900024414062,143046,0.0,0.0,0.0
2026-04-08 11:00:00-04:00,603.7100219726562,604.0599975585938,603.6500244140625,603.8400268554688,174594,0.0,0.0,0.0
2026-04-08 11:01:00-04:00,603.8599853515625,604.3656005859375,603.8400268554688,604.3425903320312,165800,0.0,0.0,0.0
2026-04-08 11:02:00-04:00,604.3699951171875,604.469970703125,604.1799926757812,604.4100952148438,155582,0.0,0.0,0.0
2026-04-08 11:03:00-04:00,604.4600219726562,604.9199829101562,604.3400268554688,604.6600952148438,98191,0.0,0.0,0.0
2026-04-08 11:04:00-04:00,604.6798706054688,604.6799926757812,604.3099975585938,604.530029296875,199669,0.0,0.0,0.0
2026-04-08 11:05:00-04:00,604.4949951171875,604.6799926757812,604.4400024414062,604.5299072265625,60874,0.0,0.0,0.0
2026-04-08 11:06:00-04:00,604.530029296875,604.6199951171875,604.3472290039062,604.52001953125,74147,0.0,0.0,0.0
2026-04-08 11:07:00-04:00,604.5,604.7100219726562,604.2000122070312,604.4157104492188,76863,0.0,0.0,0.0
2026-04-08 11:08:00-04:00,604.4299926757812,604.4600219726562,604.0700073242188,604.1599731445312,87337,0.0,0.0,0.0
2026-04-08 11:09:00-04:00,604.1749877929688,604.1799926757812,603.6099853515625,603.6099853515625,368413,0.0,0.0,0.0
2026-04-08 11:10:00-04:00,603.6199951171875,603.70849609375,603.35009765625,603.6798706054688,105127,0.0,0.0,0.0
2026-04-08 11:11:00-04:00,603.6694946289062,604.1300048828125,603.47998046875,603.8900146484375,116915,0.0,0.0,0.0
2026-04-08 11:12:00-04:00,603.8800048828125,604.25,603.7020263671875,604.22998046875,82813,0.0,0.0,0.0
2026-04-08 11:13:00-04:00,604.239990234375,604.52001953125,604.1300048828125,604.3800048828125,79806,0.0,0.0,0.0
2026-04-08 11:14:00-04:00,604.3403930664062,604.4998779296875,603.9099731445312,604.4000244140625,84093,0.0,0.0,0.0
2026-04-08 11:15:00-04:00,604.4000244140625,604.4500122070312,604.0499877929688,604.4107055664062,82692,0.0,0.0,0.0
2026-04-08 11:16:00-04:00,604.4099731445312,604.6400756835938,604.2200927734375,604.6090087890625,49929,0.0,0.0,0.0
2026-04-08 11:17:00-04:00,604.5850219726562,604.659912109375,604.239990234375,604.339111328125,61167,0.0,0.0,0.0
2026-04-08 11:18:00-04:00,604.3400268554688,604.4149780273438,603.969970703125,604.280029296875,52054,0.0,0.0,0.0
2026-04-08 11:19:00-04:00,604.280029296875,604.7667236328125,604.1699829101562,604.7150268554688,111473,0.0,0.0,0.0
2026-04-08 11:20:00-04:00,604.7100219726562,604.7899780273438,604.510009765625,604.6300048828125,104018,0.0,0.0,0.0
2026-04-08 11:21:00-04:00,604.6409301757812,604.6500244140625,604.2100219726562,604.47998046875,56202,0.0,0.0,0.0
2026-04-08 11:22:00-04:00,604.4849853515625,604.6699829101562,604.35009765625,604.469970703125,33929,0.0,0.0,0.0
2026-04-08 11:23:00-04:00,604.4595947265625,604.5,604.1500244140625,604.4500122070312,63847,0.0,0.0,0.0
2026-04-08 11:24:00-04:00,604.4849853515625,604.5798950195312,604.3400268554688,604.5449829101562,54914,0.0,0.0,0.0
2026-04-08 11:25:00-04:00,604.5599975585938,604.5700073242188,604.2600708007812,604.489990234375,68314,0.0,0.0,0.0
2026-04-08 11:26:00-04:00,604.4600219726562,604.530029296875,604.1199951171875,604.489990234375,61533,0.0,0.0,0.0
2026-04-08 11:27:00-04:00,604.530029296875,604.5999755859375,604.2081909179688,604.3599853515625,62222,0.0,0.0,0.0
2026-04-08 11:28:00-04:00,604.3800048828125,604.5,604.280029296875,604.4550170898438,64709,0.0,0.0,0.0
2026-04-08 11:29:00-04:00,604.4500122070312,604.4500122070312,604.0999755859375,604.1699829101562,228166,0.0,0.0,0.0
2026-04-08 11:30:00-04:00,604.2100219726562,604.4099731445312,604.1199951171875,604.3200073242188,99544,0.0,0.0,0.0
2026-04-08 11:31:00-04:00,604.3099975585938,604.3499755859375,604.0800170898438,604.1901245117188,47007,0.0,0.0,0.0
2026-04-08 11:32:00-04:00,604.1799926757812,604.6400146484375,604.0,604.5499877929688,96767,0.0,0.0,0.0
2026-04-08 11:33:00-04:00,604.5250244140625,604.6900024414062,604.4199829101562,604.5701293945312,173205,0.0,0.0,0.0
2026-04-08 11:34:00-04:00,604.5750122070312,604.8099975585938,604.5399780273438,604.780029296875,93868,0.0,0.0,0.0
2026-04-08 11:35:00-04:00,604.780029296875,605.0499877929688,604.780029296875,604.8400268554688,176722,0.0,0.0,0.0
2026-04-08 11:36:00-04:00,604.8300170898438,605.1799926757812,604.6201171875,605.1300048828125,155720,0.0,0.0,0.0
2026-04-08 11:37:00-04:00,605.1199951171875,605.2999877929688,604.9849853515625,605.22998046875,132143,0.0,0.0,0.0
2026-04-08 11:38:00-04:00,605.25,605.3699951171875,605.1400146484375,605.25,126955,0.0,0.0,0.0
2026-04-08 11:39:00-04:00,605.25,605.3300170898438,605.1400146484375,605.25,279360,0.0,0.0,0.0
2026-04-08 11:40:00-04:00,605.22998046875,605.239990234375,604.8400268554688,604.9550170898438,94480,0.0,0.0,0.0
2026-04-08 11:41:00-04:00,604.9437255859375,605.1694946289062,604.719970703125,605.1300048828125,77044,0.0,0.0,0.0
2026-04-08 11:42:00-04:00,605.1199951171875,605.2000122070312,605.0499877929688,605.2000122070312,153439,0.0,0.0,0.0
2026-04-08 11:43:00-04:00,605.2050170898438,605.27001953125,605.0399780273438,605.1900024414062,46168,0.0,0.0,0.0
2026-04-08 11:44:00-04:00,605.2000122070312,605.2849731445312,605.0900268554688,605.27001953125,62889,0.0,0.0,0.0
2026-04-08 11:45:00-04:00,605.2849731445312,605.5496215820312,605.280029296875,605.4149780273438,73994,0.0,0.0,0.0
2026-04-08 11:46:00-04:00,605.4000244140625,605.6900024414062,605.375,605.6199951171875,91873,0.0,0.0,0.0
2026-04-08 11:47:00-04:00,605.6199951171875,605.8037719726562,605.5700073242188,605.72998046875,244505,0.0,0.0,0.0
2026-04-08 11:48:00-04:00,605.7100219726562,605.75,605.5599975585938,605.6699829101562,112547,0.0,0.0,0.0
2026-04-08 11:49:00-04:00,605.6799926757812,605.8599853515625,605.6599731445312,605.7999877929688,91167,0.0,0.0,0.0
2026-04-08 11:50:00-04:00,605.8098754882812,605.9400024414062,605.760009765625,605.85009765625,167239,0.0,0.0,0.0
2026-04-08 11:51:00-04:00,605.8400268554688,605.9000244140625,605.75,605.8800048828125,68998,0.0,0.0,0.0
2026-04-08 11:52:00-04:00,605.8900146484375,605.9400024414062,605.77001953125,605.8499755859375,83119,0.0,0.0,0.0
2026-04-08 11:53:00-04:00,605.8499755859375,605.989990234375,605.8400268554688,605.9199829101562,79123,0.0,0.0,0.0
2026-04-08 11:54:00-04:00,605.9299926757812,605.9500122070312,605.739990234375,605.8099975585938,82675,0.0,0.0,0.0
2026-04-08 11:55:00-04:00,605.7999877929688,605.8900146484375,605.760009765625,605.8699951171875,64656,0.0,0.0,0.0
2026-04-08 11:56:00-04:00,605.875,605.9500122070312,605.8400268554688,605.8800048828125,66685,0.0,0.0,0.0
2026-04-08 11:57:00-04:00,605.8699951171875,606.0399780273438,605.7899780273438,605.9600219726562,73830,0.0,0.0,0.0
2026-04-08 11:58:00-04:00,605.989990234375,606.010009765625,605.8699951171875,605.967529296875,82252,0.0,0.0,0.0
2026-04-08 11:59:00-04:00,605.9650268554688,605.969970703125,605.719970703125,605.7899780273438,95390,0.0,0.0,0.0
2026-04-08 12:00:00-04:00,605.780029296875,606.1400146484375,605.760009765625,606.0999755859375,118162,0.0,0.0,0.0
2026-04-08 12:01:00-04:00,606.094970703125,606.364990234375,606.0499877929688,606.35498046875,138650,0.0,0.0,0.0
2026-04-08 12:02:00-04:00,606.3419799804688,606.4199829101562,606.2899780273438,606.3988037109375,284008,0.0,0.0,0.0
2026-04-08 12:03:00-04:00,606.3699951171875,606.7000122070312,606.364990234375,606.6199951171875,88275,0.0,0.0,0.0
2026-04-08 12:04:00-04:00,606.6300048828125,606.6701049804688,606.0700073242188,606.3350219726562,102527,0.0,0.0,0.0
2026-04-08 12:05:00-04:00,606.3400268554688,606.4199829101562,606.25,606.2999877929688,60702,0.0,0.0,0.0
2026-04-08 12:06:00-04:00,606.2999877929688,606.4099731445312,606.1500244140625,606.3599853515625,58720,0.0,0.0,0.0
2026-04-08 12:07:00-04:00,606.361572265625,606.393798828125,606.1708984375,606.239990234375,51505,0.0,0.0,0.0
2026-04-08 12:08:00-04:00,606.22998046875,606.280029296875,606.109619140625,606.25,45847,0.0,0.0,0.0
2026-04-08 12:09:00-04:00,606.22998046875,606.2999877929688,606.1599731445312,606.2100219726562,28759,0.0,0.0,0.0
2026-04-08 12:10:00-04:00,606.2100219726562,606.219970703125,606.1099853515625,606.1599731445312,30270,0.0,0.0,0.0
2026-04-08 12:11:00-04:00,606.1799926757812,606.3280029296875,606.1099853515625,606.3200073242188,53142,0.0,0.0,0.0
2026-04-08 12:12:00-04:00,606.3231811523438,606.3826293945312,606.1300048828125,606.1688232421875,48047,0.0,0.0,0.0
2026-04-08 12:13:00-04:00,606.1777954101562,606.2999877929688,606.02001953125,606.2990112304688,82929,0.0,0.0,0.0
2026-04-08 12:14:00-04:00,606.280029296875,606.3300170898438,605.8400268554688,605.8599853515625,119923,0.0,0.0,0.0
2026-04-08 12:15:00-04:00,605.8599853515625,606.030029296875,605.6699829101562,605.7800903320312,108896,0.0,0.0,0.0
2026-04-08 12:16:00-04:00,605.8049926757812,605.8499755859375,605.6751708984375,605.6799926757812,111321,0.0,0.0,0.0
2026-04-08 12:17:00-04:00,605.6500244140625,605.7249755859375,605.4500122070312,605.52001953125,89542,0.0,0.0,0.0
2026-04-08 12:18:00-04:00,605.5,605.7150268554688,605.4600219726562,605.6834106445312,61922,0.0,0.0,0.0
2026-04-08 12:19:00-04:00,605.6599731445312,605.8699951171875,605.4099731445312,605.7802734375,72501,0.0,0.0,0.0
2026-04-08 12:20:00-04:00,605.7899780273438,605.8800048828125,605.5700073242188,605.5798950195312,131970,0.0,0.0,0.0
2026-04-08 12:21:00-04:00,605.6099853515625,606.1099853515625,605.5599975585938,605.8599853515625,62139,0.0,0.0,0.0
2026-04-08 12:22:00-04:00,605.8599853515625,605.8599853515625,605.6500244140625,605.8200073242188,50910,0.0,0.0,0.0
2026-04-08 12:23:00-04:00,605.8599853515625,606.02001953125,605.8300170898438,605.9099731445312,43121,0.0,0.0,0.0
2026-04-08 12:24:00-04:00,605.9580078125,606.0599975585938,605.9299926757812,606.010009765625,22845,0.0,0.0,0.0
2026-04-08 12:25:00-04:00,606.010009765625,606.030029296875,605.7899780273438,605.885009765625,50195,0.0,0.0,0.0
2026-04-08 12:26:00-04:00,605.9000244140625,606.1900024414062,605.8599853515625,606.0700073242188,274523,0.0,0.0,0.0
2026-04-08 12:27:00-04:00,606.0700073242188,606.1400146484375,606.0,606.1199951171875,46610,0.0,0.0,0.0
2026-04-08 12:28:00-04:00,606.1199951171875,606.1699829101562,605.9400024414062,606.1699829101562,137636,0.0,0.0,0.0
2026-04-08 12:29:00-04:00,606.1699829101562,606.280029296875,606.1300048828125,606.2000122070312,59140,0.0,0.0,0.0
2026-04-08 12:30:00-04:00,606.2100219726562,606.3499755859375,606.0499877929688,606.1400146484375,47002,0.0,0.0,0.0
2026-04-08 12:31:00-04:00,606.1599731445312,606.3200073242188,606.1500244140625,606.1799926757812,34922,0.0,0.0,0.0
2026-04-08 12:32:00-04:00,606.2100219726562,606.47998046875,606.2100219726562,606.4500122070312,44403,0.0,0.0,0.0
2026-04-08 12:33:00-04:00,606.469482421875,606.6199951171875,606.4500122070312,606.5424194335938,47567,0.0,0.0,0.0
2026-04-08 12:34:00-04:00,606.5399780273438,606.583984375,606.3400268554688,606.583984375,35295,0.0,0.0,0.0
2026-04-08 12:35:00-04:00,606.5609130859375,606.6500244140625,606.5050048828125,606.5999755859375,44400,0.0,0.0,0.0
2026-04-08 12:36:00-04:00,606.594970703125,606.719970703125,606.530029296875,606.6019287109375,120852,0.0,0.0,0.0
2026-04-08 12:37:00-04:00,606.6099853515625,606.780029296875,606.489990234375,606.73779296875,70099,0.0,0.0,0.0
2026-04-08 12:38:00-04:00,606.7401123046875,606.7899169921875,606.5,606.6900024414062,81664,0.0,0.0,0.0
2026-04-08 12:39:00-04:00,606.6900024414062,606.783203125,606.6649780273438,606.7603149414062,30673,0.0,0.0,0.0
2026-04-08 12:40:00-04:00,606.77001953125,606.9761962890625,606.75,606.9600219726562,78951,0.0,0.0,0.0
2026-04-08 12:41:00-04:00,606.9500122070312,607.2169799804688,606.9500122070312,607.2000122070312,108534,0.0,0.0,0.0
2026-04-08 12:42:00-04:00,607.1799926757812,607.2349853515625,607.093505859375,607.0999755859375,85681,0.0,0.0,0.0
2026-04-08 12:43:00-04:00,607.10498046875,607.10498046875,606.9400024414062,606.989990234375,100952,0.0,0.0,0.0
2026-04-08 12:44:00-04:00,606.9849853515625,607.1599731445312,606.97998046875,607.0900268554688,61257,0.0,0.0,0.0
2026-04-08 12:45:00-04:00,607.0800170898438,607.2000122070312,607.030029296875,607.1199951171875,48415,0.0,0.0,0.0
2026-04-08 12:46:00-04:00,607.1199951171875,607.2899780273438,607.0999755859375,607.1702880859375,59427,0.0,0.0,0.0
2026-04-08 12:47:00-04:00,607.1749877929688,607.2598876953125,607.090087890625,607.2000122070312,45040,0.0,0.0,0.0
2026-04-08 12:48:00-04:00,607.239990234375,607.3900146484375,607.1699829101562,607.3699951171875,273326,0.0,0.0,0.0
2026-04-08 12:49:00-04:00,607.375,607.4199829101562,607.2719116210938,607.2901000976562,31601,0.0,0.0,0.0
2026-04-08 12:50:00-04:00,607.2999877929688,607.4000244140625,607.260009765625,607.3676147460938,95886,0.0,0.0,0.0
2026-04-08 12:51:00-04:00,607.3699951171875,607.4500122070312,607.3200073242188,607.4099731445312,34315,0.0,0.0,0.0
2026-04-08 12:52:00-04:00,607.4299926757812,607.5,607.3800048828125,607.385009765625,53241,0.0,0.0,0.0
2026-04-08 12:53:00-04:00,607.3900146484375,607.4299926757812,607.27001953125,607.39501953125,71631,0.0,0.0,0.0
2026-04-08 12:54:00-04:00,607.4099731445312,607.489990234375,607.3900146484375,607.4600219726562,40577,0.0,0.0,0.0
2026-04-08 12:55:00-04:00,607.469970703125,607.6998901367188,607.469970703125,607.6400146484375,69199,0.0,0.0,0.0
2026-04-08 12:56:00-04:00,607.64501953125,607.697998046875,607.531982421875,607.6400146484375,62261,0.0,0.0,0.0
2026-04-08 12:57:00-04:00,607.6599731445312,607.7050170898438,607.5701293945312,607.6400146484375,51903,0.0,0.0,0.0
2026-04-08 12:58:00-04:00,607.6400146484375,607.64501953125,607.469970703125,607.469970703125,56484,0.0,0.0,0.0
2026-04-08 12:59:00-04:00,607.469970703125,607.4749755859375,607.25,607.3499755859375,111221,0.0,0.0,0.0
2026-04-08 13:00:00-04:00,607.3499755859375,607.469970703125,607.3148803710938,607.4500122070312,33724,0.0,0.0,0.0
2026-04-08 13:01:00-04:00,607.4622802734375,607.6500244140625,607.4500732421875,607.6500244140625,51488,0.0,0.0,0.0
2026-04-08 13:02:00-04:00,607.6599731445312,607.6900024414062,607.47998046875,607.5499877929688,165961,0.0,0.0,0.0
2026-04-08 13:03:00-04:00,607.530029296875,607.5900268554688,607.4099731445312,607.4299926757812,45906,0.0,0.0,0.0
2026-04-08 13:04:00-04:00,607.4299926757812,607.4400024414062,607.2550048828125,607.280029296875,60889,0.0,0.0,0.0
2026-04-08 13:05:00-04:00,607.2899780273438,607.3099975585938,607.0900268554688,607.1500244140625,91400,0.0,0.0,0.0
2026-04-08 13:06:00-04:00,607.1799926757812,607.1948852539062,607.030029296875,607.0900268554688,50581,0.0,0.0,0.0
2026-04-08 13:07:00-04:00,607.0900268554688,607.1300048828125,606.9099731445312,607.0800170898438,33980,0.0,0.0,0.0
2026-04-08 13:08:00-04:00,607.0499877929688,607.2100219726562,606.9600219726562,606.9700927734375,44265,0.0,0.0,0.0
2026-04-08 13:09:00-04:00,606.9749755859375,607.0,606.8599853515625,606.9600219726562,46897,0.0,0.0,0.0
2026-04-08 13:10:00-04:00,606.9498901367188,607.118896484375,606.8900146484375,607.010009765625,52056,0.0,0.0,0.0
2026-04-08 13:11:00-04:00,607.010009765625,607.125,606.844970703125,606.989990234375,82806,0.0,0.0,0.0
2026-04-08 13:12:00-04:00,607.0,607.0698852539062,606.7999877929688,606.8150024414062,40462,0.0,0.0,0.0
2026-04-08 13:13:00-04:00,606.8148193359375,606.978515625,606.7999877929688,606.8900146484375,32793,0.0,0.0,0.0
2026-04-08 13:14:00-04:00,606.8800048828125,606.9500122070312,606.8099975585938,606.9000244140625,19340,0.0,0.0,0.0
2026-04-08 13:15:00-04:00,606.89501953125,607.0499267578125,606.8599853515625,606.8900146484375,29612,0.0,0.0,0.0
2026-04-08 13:16:00-04:00,606.8699951171875,606.8699951171875,606.6901245117188,606.7999877929688,56631,0.0,0.0,0.0
2026-04-08 13:17:00-04:00,606.7949829101562,606.7949829101562,606.4849853515625,606.6099853515625,152081,0.0,0.0,0.0
2026-04-08 13:18:00-04:00,606.6199951171875,606.7828979492188,606.5,606.5900268554688,125444,0.0,0.0,0.0
2026-04-08 13:19:00-04:00,606.5798950195312,606.6599731445312,606.4600219726562,606.6199951171875,49508,0.0,0.0,0.0
2026-04-08 13:20:00-04:00,606.6099853515625,606.719970703125,606.47998046875,606.5700073242188,112459,0.0,0.0,0.0
2026-04-08 13:21:00-04:00,606.5999755859375,606.8300170898438,606.469970703125,606.5399780273438,104529,0.0,0.0,0.0
2026-04-08 13:22:00-04:00,606.5401000976562,606.5599975585938,606.030029296875,606.3800048828125,180100,0.0,0.0,0.0
2026-04-08 13:23:00-04:00,606.4299926757812,606.5800170898438,606.1099853515625,606.2899780273438,57161,0.0,0.0,0.0
2026-04-08 13:24:00-04:00,606.2999877929688,606.3300170898438,606.0609130859375,606.1599731445312,36706,0.0,0.0,0.0
2026-04-08 13:25:00-04:00,606.1799926757812,606.3300170898438,606.0300903320312,606.2399291992188,52353,0.0,0.0,0.0
2026-04-08 13:26:00-04:00,606.219970703125,606.3422241210938,606.0900268554688,606.1099853515625,222960,0.0,0.0,0.0
2026-04-08 13:27:00-04:00,606.1300048828125,606.219970703125,605.6600952148438,605.9000244140625,246199,0.0,0.0,0.0
2026-04-08 13:28:00-04:00,605.8699951171875,606.0900268554688,605.8200073242188,606.010009765625,78689,0.0,0.0,0.0
2026-04-08 13:29:00-04:00,605.989990234375,606.0499877929688,605.8319702148438,605.89501953125,55739,0.0,0.0,0.0
2026-04-08 13:30:00-04:00,605.8800048828125,606.1599731445312,605.85302734375,605.969970703125,86536,0.0,0.0,0.0
2026-04-08 13:31:00-04:00,606.0198974609375,606.2999877929688,606.0,606.1649780273438,59285,0.0,0.0,0.0
2026-04-08 13:32:00-04:00,606.2100219726562,606.260009765625,606.114990234375,606.1400146484375,40608,0.0,0.0,0.0
2026-04-08 13:33:00-04:00,606.0900268554688,606.1099853515625,605.8400268554688,605.8900146484375,38794,0.0,0.0,0.0
2026-04-08 13:34:00-04:00,605.9099731445312,606.0700073242188,605.8378295898438,606.0599975585938,35054,0.0,0.0,0.0
2026-04-08 13:35:00-04:00,606.0598754882812,606.0798950195312,605.8400268554688,605.9000244140625,40570,0.0,0.0,0.0
2026-04-08 13:36:00-04:00,605.880126953125,606.2999877929688,605.8800048828125,606.2000732421875,100371,0.0,0.0,0.0
2026-04-08 13:37:00-04:00,606.22998046875,606.2349853515625,605.4949951171875,605.780029296875,195617,0.0,0.0,0.0
2026-04-08 13:38:00-04:00,605.8250122070312,606.0599975585938,605.802490234375,605.8599853515625,88670,0.0,0.0,0.0
2026-04-08 13:39:00-04:00,605.8599853515625,606.0900268554688,605.8499755859375,606.02001953125,46430,0.0,0.0,0.0
2026-04-08 13:40:00-04:00,605.9957275390625,606.1300048828125,605.9600219726562,606.0399780273438,34158,0.0,0.0,0.0
2026-04-08 13:41:00-04:00,606.0546875,606.22998046875,605.8800048828125,605.989990234375,121470,0.0,0.0,0.0
2026-04-08 13:42:00-04:00,606.0449829101562,606.0700073242188,605.9099731445312,606.0700073242188,53606,0.0,0.0,0.0
2026-04-08 13:43:00-04:00,606.0599975585938,606.25,606.030029296875,606.1599731445312,112991,0.0,0.0,0.0
2026-04-08 13:44:00-04:00,606.1400146484375,606.280029296875,606.1300048828125,606.1699829101562,45479,0.0,0.0,0.0
2026-04-08 13:45:00-04:00,606.1599731445312,606.22998046875,606.0499877929688,606.1500244140625,32957,0.0,0.0,0.0
2026-04-08 13:46:00-04:00,606.1851196289062,606.3275756835938,606.1400756835938,606.1500854492188,36875,0.0,0.0,0.0
2026-04-08 13:47:00-04:00,606.1500244140625,606.22998046875,606.0,606.0098876953125,46996,0.0,0.0,0.0
2026-04-08 13:48:00-04:00,606.0,606.1300048828125,606.0,606.0900268554688,141735,0.0,0.0,0.0
2026-04-08 13:49:00-04:00,606.094970703125,606.1799926757812,606.0,606.0499877929688,37244,0.0,0.0,0.0
2026-04-08 13:50:00-04:00,606.0700073242188,606.1699829101562,606.0499877929688,606.0999145507812,43746,0.0,0.0,0.0
2026-04-08 13:51:00-04:00,606.0999755859375,606.2100219726562,606.0599975585938,606.1400146484375,45317,0.0,0.0,0.0
2026-04-08 13:52:00-04:00,606.1400146484375,606.1900024414062,606.030029296875,606.1900024414062,20853,0.0,0.0,0.0
2026-04-08 13:53:00-04:00,606.1751708984375,606.22998046875,606.114990234375,606.125,13024,0.0,0.0,0.0
2026-04-08 13:54:00-04:00,606.10009765625,606.1390991210938,606.0050048828125,606.0399780273438,337508,0.0,0.0,0.0
2026-04-08 13:55:00-04:00,606.02001953125,606.1300048828125,605.9650268554688,606.0499877929688,265218,0.0,0.0,0.0
2026-04-08 13:56:00-04:00,606.0399780273438,606.1300048828125,606.0272827148438,606.0900268554688,173534,0.0,0.0,0.0
2026-04-08 13:57:00-04:00,606.0549926757812,606.1500244140625,605.9600219726562,606.1199951171875,46345,0.0,0.0,0.0
2026-04-08 13:58:00-04:00,606.1199951171875,606.219970703125,606.0599975585938,606.2100219726562,38438,0.0,0.0,0.0
2026-04-08 13:59:00-04:00,606.1688232421875,606.219970703125,606.1400756835938,606.2039184570312,27092,0.0,0.0,0.0
2026-04-08 14:00:00-04:00,606.2000122070312,606.280029296875,605.8388061523438,606.1751098632812,114672,0.0,0.0,0.0
2026-04-08 14:01:00-04:00,606.1599731445312,606.6099853515625,606.1599731445312,606.5499877929688,77169,0.0,0.0,0.0
2026-04-08 14:02:00-04:00,606.5,606.6300048828125,606.4600830078125,606.5900268554688,66601,0.0,0.0,0.0
2026-04-08 14:03:00-04:00,606.5650024414062,606.6699829101562,606.5499877929688,606.6500244140625,45728,0.0,0.0,0.0
2026-04-08 14:04:00-04:00,606.6400146484375,606.8049926757812,606.5900268554688,606.8049926757812,337334,0.0,0.0,0.0
2026-04-08 14:05:00-04:00,606.7899780273438,606.9500122070312,606.6900024414062,606.8900146484375,93446,0.0,0.0,0.0
2026-04-08 14:06:00-04:00,606.9000244140625,606.9199829101562,606.7310180664062,606.8049926757812,45321,0.0,0.0,0.0
2026-04-08 14:07:00-04:00,606.7999877929688,607.0,606.7949829101562,606.9849853515625,69663,0.0,0.0,0.0
2026-04-08 14:08:00-04:00,606.97998046875,607.0399780273438,606.9400024414062,607.010009765625,250952,0.0,0.0,0.0
2026-04-08 14:09:00-04:00,607.010009765625,607.0999755859375,606.969970703125,607.0599975585938,50850,0.0,0.0,0.0
2026-04-08 14:10:00-04:00,607.0700073242188,607.0999755859375,606.9199829101562,607.0549926757812,216678,0.0,0.0,0.0
2026-04-08 14:11:00-04:00,607.0574951171875,607.0700073242188,606.8800048828125,607.010009765625,55274,0.0,0.0,0.0
2026-04-08 14:12:00-04:00,606.9913940429688,607.0700073242188,606.9099731445312,606.9100952148438,132843,0.0,0.0,0.0
2026-04-08 14:13:00-04:00,606.9149780273438,606.9400024414062,606.6900024414062,606.9299926757812,86716,0.0,0.0,0.0
2026-04-08 14:14:00-04:00,606.9199829101562,606.97998046875,606.7841186523438,606.8499755859375,26901,0.0,0.0,0.0
2026-04-08 14:15:00-04:00,606.8419799804688,606.97998046875,606.8419799804688,606.89501953125,53543,0.0,0.0,0.0
2026-04-08 14:16:00-04:00,606.9299926757812,607.0599975585938,606.9149780273438,607.0399780273438,36534,0.0,0.0,0.0
2026-04-08 14:17:00-04:00,607.0700073242188,607.0900268554688,606.6500244140625,606.760009765625,67637,0.0,0.0,0.0
2026-04-08 14:18:00-04:00,606.77001953125,606.8200073242188,605.3300170898438,605.8099975585938,246792,0.0,0.0,0.0
2026-04-08 14:19:00-04:00,605.8200073242188,605.8800048828125,604.72998046875,605.25,292016,0.0,0.0,0.0
2026-04-08 14:20:00-04:00,605.1599731445312,605.6500244140625,605.02001953125,605.2000122070312,433681,0.0,0.0,0.0
2026-04-08 14:21:00-04:00,605.219970703125,605.6099853515625,605.1699829101562,605.5549926757812,144611,0.0,0.0,0.0
2026-04-08 14:22:00-04:00,605.5349731445312,605.8499755859375,605.27001953125,605.3699951171875,123401,0.0,0.0,0.0
2026-04-08 14:23:00-04:00,605.4099731445312,605.7100219726562,605.3800048828125,605.6300048828125,85509,0.0,0.0,0.0
2026-04-08 14:24:00-04:00,605.5700073242188,605.77001953125,605.4099731445312,605.469970703125,150929,0.0,0.0,0.0
2026-04-08 14:25:00-04:00,605.4600219726562,605.5499877929688,605.1110229492188,605.22998046875,194798,0.0,0.0,0.0
2026-04-08 14:26:00-04:00,605.2100219726562,605.7000122070312,605.1300048828125,605.6599731445312,168530,0.0,0.0,0.0
2026-04-08 14:27:00-04:00,605.6500244140625,605.719970703125,605.3400268554688,605.4000244140625,87680,0.0,0.0,0.0
2026-04-08 14:28:00-04:00,605.4400024414062,605.6099853515625,605.3554077148438,605.5142822265625,134048,0.0,0.0,0.0
2026-04-08 14:29:00-04:00,605.52001953125,605.52001953125,605.1799926757812,605.239990234375,113577,0.0,0.0,0.0
2026-04-08 14:30:00-04:00,605.219970703125,605.5999755859375,605.201904296875,605.4600219726562,69839,0.0,0.0,0.0
2026-04-08 14:31:00-04:00,605.469970703125,605.6599731445312,605.3800048828125,605.5,33778,0.0,0.0,0.0
2026-04-08 14:32:00-04:00,605.5250244140625,605.6384887695312,605.3499755859375,605.4149780273438,36398,0.0,0.0,0.0
2026-04-08 14:33:00-04:00,605.4400024414062,605.4400024414062,605.1500244140625,605.27001953125,87788,0.0,0.0,0.0
2026-04-08 14:34:00-04:00,605.3135986328125,605.4199829101562,605.1799926757812,605.3400268554688,57194,0.0,0.0,0.0
2026-04-08 14:35:00-04:00,605.3499755859375,605.5499877929688,605.3200073242188,605.3599853515625,66326,0.0,0.0,0.0
2026-04-08 14:36:00-04:00,605.3599853515625,605.4299926757812,605.239990234375,605.4000244140625,64086,0.0,0.0,0.0
2026-04-08 14:37:00-04:00,605.4099731445312,605.4099731445312,605.2000122070312,605.2899780273438,65511,0.0,0.0,0.0
2026-04-08 14:38:00-04:00,605.27001953125,605.3200073242188,605.2000122070312,605.280029296875,53131,0.0,0.0,0.0
2026-04-08 14:39:00-04:00,605.260009765625,605.260009765625,604.9000244140625,604.9400024414062,71289,0.0,0.0,0.0
2026-04-08 14:40:00-04:00,604.9450073242188,604.9450073242188,604.6082153320312,604.6701049804688,61595,0.0,0.0,0.0
2026-04-08 14:41:00-04:00,604.7000122070312,604.7449951171875,604.5499877929688,604.5999755859375,95463,0.0,0.0,0.0
2026-04-08 14:42:00-04:00,604.6099853515625,604.9099731445312,604.5,604.6699829101562,130082,0.0,0.0,0.0
2026-04-08 14:43:00-04:00,604.6900024414062,604.8372802734375,604.4500122070312,604.489990234375,203671,0.0,0.0,0.0
2026-04-08 14:44:00-04:00,604.4957275390625,604.6500244140625,604.239990234375,604.3298950195312,136992,0.0,0.0,0.0
2026-04-08 14:45:00-04:00,604.3200073242188,604.3800048828125,604.1021728515625,604.35498046875,110289,0.0,0.0,0.0
2026-04-08 14:46:00-04:00,604.3300170898438,604.6300048828125,604.3060302734375,604.3800048828125,113462,0.0,0.0,0.0
2026-04-08 14:47:00-04:00,604.364990234375,604.5700073242188,604.3200073242188,604.35009765625,41708,0.0,0.0,0.0
2026-04-08 14:48:00-04:00,604.3599853515625,604.3699951171875,604.1600952148438,604.20068359375,65370,0.0,0.0,0.0
2026-04-08 14:49:00-04:00,604.219970703125,604.219970703125,603.9400024414062,603.9550170898438,174930,0.0,0.0,0.0
2026-04-08 14:50:00-04:00,603.969970703125,604.1400146484375,603.7999877929688,604.0999755859375,117312,0.0,0.0,0.0
2026-04-08 14:51:00-04:00,604.1199951171875,604.1699829101562,603.8900146484375,603.9600830078125,116751,0.0,0.0,0.0
2026-04-08 14:52:00-04:00,603.9550170898438,604.219970703125,603.85498046875,603.85498046875,82248,0.0,0.0,0.0
2026-04-08 14:53:00-04:00,603.85498046875,603.9299926757812,603.780029296875,603.822509765625,84490,0.0,0.0,0.0
2026-04-08 14:54:00-04:00,603.8300170898438,603.97998046875,603.780029296875,603.780029296875,155129,0.0,0.0,0.0
2026-04-08 14:55:00-04:00,603.760009765625,603.77197265625,603.3800048828125,603.5399780273438,89803,0.0,0.0,0.0
2026-04-08 14:56:00-04:00,603.52001953125,603.5399780273438,603.2449951171875,603.3699951171875,119243,0.0,0.0,0.0
2026-04-08 14:57:00-04:00,603.3800048828125,603.489990234375,603.1500244140625,603.1799926757812,224261,0.0,0.0,0.0
2026-04-08 14:58:00-04:00,603.1699829101562,603.239990234375,602.9511108398438,602.9998779296875,169591,0.0,0.0,0.0
2026-04-08 14:59:00-04:00,602.97998046875,603.0750122070312,602.6699829101562,602.7852783203125,202445,0.0,0.0,0.0
2026-04-08 15:00:00-04:00,602.72998046875,602.9578247070312,602.5681762695312,602.6199951171875,82235,0.0,0.0,0.0
2026-04-08 15:01:00-04:00,602.6400146484375,603.1199951171875,602.5599975585938,603.0850219726562,368116,0.0,0.0,0.0
2026-04-08 15:02:00-04:00,603.0800170898438,603.4299926757812,603.0800170898438,603.1199951171875,160083,0.0,0.0,0.0
2026-04-08 15:03:00-04:00,603.1400146484375,603.3400268554688,603.0999755859375,603.2000122070312,169634,0.0,0.0,0.0
2026-04-08 15:04:00-04:00,603.2100219726562,603.2349853515625,602.9000244140625,603.0800170898438,76789,0.0,0.0,0.0
2026-04-08 15:05:00-04:00,603.0900268554688,603.1699829101562,603.0200805664062,603.0499877929688,47195,0.0,0.0,0.0
2026-04-08 15:06:00-04:00,603.0700073242188,603.0900268554688,602.8300170898438,603.0900268554688,45739,0.0,0.0,0.0
2026-04-08 15:07:00-04:00,603.0999755859375,603.3699951171875,603.0599975585938,603.3665771484375,111164,0.0,0.0,0.0
2026-04-08 15:08:00-04:00,603.3300170898438,603.6400146484375,603.280517578125,603.4699096679688,170510,0.0,0.0,0.0
2026-04-08 15:09:00-04:00,603.4600219726562,603.4749755859375,603.3099975585938,603.3900146484375,74673,0.0,0.0,0.0
2026-04-08 15:10:00-04:00,603.4199829101562,603.77001953125,603.4099731445312,603.7150268554688,138973,0.0,0.0,0.0
2026-04-08 15:11:00-04:00,603.7100219726562,604.1500244140625,603.7100219726562,604.125,265062,0.0,0.0,0.0
2026-04-08 15:12:00-04:00,604.1199951171875,604.1875,603.950927734375,604.1400146484375,115061,0.0,0.0,0.0
2026-04-08 15:13:00-04:00,604.1300048828125,604.2000122070312,604.02001953125,604.1699829101562,117055,0.0,0.0,0.0
2026-04-08 15:14:00-04:00,604.1500244140625,604.2100219726562,603.9249877929688,604.1199951171875,182192,0.0,0.0,0.0
2026-04-08 15:15:00-04:00,604.1099853515625,604.219970703125,604.0499877929688,604.0582885742188,76690,0.0,0.0,0.0
2026-04-08 15:16:00-04:00,604.0399780273438,604.0693969726562,603.8200073242188,603.8900146484375,48529,0.0,0.0,0.0
2026-04-08 15:17:00-04:00,603.8400268554688,603.8400268554688,603.5106811523438,603.6099853515625,77248,0.0,0.0,0.0
2026-04-08 15:18:00-04:00,603.6199951171875,603.6400146484375,603.410888671875,603.469970703125,84468,0.0,0.0,0.0
2026-04-08 15:19:00-04:00,603.489990234375,603.5800170898438,603.239990234375,603.4400024414062,54406,0.0,0.0,0.0
2026-04-08 15:20:00-04:00,603.4500122070312,603.4500122070312,603.260009765625,603.260009765625,45806,0.0,0.0,0.0
2026-04-08 15:21:00-04:00,603.2899780273438,603.3900146484375,603.1900024414062,603.2349853515625,88690,0.0,0.0,0.0
2026-04-08 15:22:00-04:00,603.2249755859375,603.2349853515625,602.97998046875,603.0449829101562,73756,0.0,0.0,0.0
2026-04-08 15:23:00-04:00,603.030029296875,603.22998046875,602.9000244140625,603.2100219726562,264242,0.0,0.0,0.0
2026-04-08 15:24:00-04:00,603.219970703125,603.4176025390625,603.14501953125,603.2000122070312,191637,0.0,0.0,0.0
2026-04-08 15:25:00-04:00,603.25,603.5800170898438,603.25,603.4000244140625,222523,0.0,0.0,0.0
2026-04-08 15:26:00-04:00,603.4000244140625,603.510009765625,603.22998046875,603.2459716796875,118945,0.0,0.0,0.0
2026-04-08 15:27:00-04:00,603.239990234375,603.280029296875,603.010009765625,603.030029296875,68961,0.0,0.0,0.0
2026-04-08 15:28:00-04:00,603.02001953125,603.0349731445312,602.8800048828125,602.9400024414062,96769,0.0,0.0,0.0
2026-04-08 15:29:00-04:00,602.9500122070312,603.02001953125,602.8629760742188,602.9400024414062,64226,0.0,0.0,0.0
2026-04-08 15:30:00-04:00,602.885009765625,603.4899291992188,602.885009765625,603.4199829101562,135975,0.0,0.0,0.0
2026-04-08 15:31:00-04:00,603.4600219726562,603.719970703125,603.4545288085938,603.6199951171875,125097,0.0,0.0,0.0
2026-04-08 15:32:00-04:00,603.5800170898438,603.8200073242188,603.5,603.77001953125,223216,0.0,0.0,0.0
2026-04-08 15:33:00-04:00,603.75,603.7650146484375,603.5599975585938,603.6500854492188,71125,0.0,0.0,0.0
2026-04-08 15:34:00-04:00,603.6430053710938,603.8283081054688,603.510009765625,603.7999877929688,77512,0.0,0.0,0.0
2026-04-08 15:35:00-04:00,603.8099975585938,604.1500244140625,603.8099975585938,603.9000244140625,416090,0.0,0.0,0.0
2026-04-08 15:36:00-04:00,603.885009765625,604.3499755859375,603.8400268554688,604.1201782226562,126552,0.0,0.0,0.0
2026-04-08 15:37:00-04:00,604.1300048828125,604.2999877929688,604.0700073242188,604.1500244140625,127262,0.0,0.0,0.0
2026-04-08 15:38:00-04:00,604.1300048828125,604.2249755859375,603.75,603.7999877929688,188395,0.0,0.0,0.0
2026-04-08 15:39:00-04:00,603.8087768554688,604.1099853515625,603.7899169921875,604.1079711914062,107923,0.0,0.0,0.0
2026-04-08 15:40:00-04:00,604.0700073242188,604.0850219726562,603.8699951171875,603.969970703125,81560,0.0,0.0,0.0
2026-04-08 15:41:00-04:00,603.9899291992188,603.9899291992188,603.5900268554688,603.5900268554688,199457,0.0,0.0,0.0
2026-04-08 15:42:00-04:00,603.6099853515625,603.8599853515625,603.6099853515625,603.8400268554688,45656,0.0,0.0,0.0
2026-04-08 15:43:00-04:00,603.8599853515625,604.1174926757812,603.8599243164062,604.1099853515625,64349,0.0,0.0,0.0
2026-04-08 15:44:00-04:00,604.1199951171875,604.3200073242188,604.0700073242188,604.2650146484375,70282,0.0,0.0,0.0
2026-04-08 15:45:00-04:00,604.25,604.6799926757812,604.22998046875,604.6599731445312,289702,0.0,0.0,0.0
2026-04-08 15:46:00-04:00,604.6599731445312,604.7999877929688,604.5900268554688,604.5999755859375,363078,0.0,0.0,0.0
2026-04-08 15:47:00-04:00,604.5900268554688,604.8200073242188,604.52001953125,604.80029296875,137732,0.0,0.0,0.0
2026-04-08 15:48:00-04:00,604.7999877929688,604.8499755859375,604.6300048828125,604.6900024414062,72822,0.0,0.0,0.0
2026-04-08 15:49:00-04:00,604.6801147460938,604.8300170898438,604.6300048828125,604.780029296875,96433,0.0,0.0,0.0
2026-04-08 15:50:00-04:00,604.780029296875,605.0900268554688,604.77001953125,605.0050048828125,256460,0.0,0.0,0.0
2026-04-08 15:51:00-04:00,605.010009765625,605.0549926757812,604.780029296875,604.7999877929688,142507,0.0,0.0,0.0
2026-04-08 15:52:00-04:00,604.7899780273438,604.97998046875,604.7000122070312,604.7949829101562,155026,0.0,0.0,0.0
2026-04-08 15:53:00-04:00,604.7899780273438,605.0999755859375,604.6199951171875,605.0599975585938,130324,0.0,0.0,0.0
2026-04-08 15:54:00-04:00,605.0499877929688,605.1199951171875,604.8300170898438,604.909912109375,191421,0.0,0.0,0.0
2026-04-08 15:55:00-04:00,604.9099731445312,605.1199951171875,604.7100219726562,604.8599853515625,224174,0.0,0.0,0.0
2026-04-08 15:56:00-04:00,604.875,605.02001953125,604.7899780273438,604.9600219726562,112057,0.0,0.0,0.0
2026-04-08 15:57:00-04:00,604.9650268554688,605.1599731445312,604.9099731445312,605.1300048828125,154615,0.0,0.0,0.0
2026-04-08 15:58:00-04:00,605.125,605.22998046875,605.030029296875,605.2100219726562,312668,0.0,0.0,0.0
2026-04-08 15:59:00-04:00,605.2100219726562,606.1300048828125,605.2000122070312,605.9199829101562,1389155,0.0,0.0,0.0
2026-04-09 09:30:00-04:00,606.0399780273438,606.4199829101562,605.6599731445312,605.7999877929688,2047517,0.0,0.0,0.0
2026-04-09 09:31:00-04:00,605.7999877929688,606.0900268554688,605.3200073242188,606.0399780273438,154515,0.0,0.0,0.0
2026-04-09 09:32:00-04:00,606.169189453125,606.1699829101562,605.1199951171875,605.155029296875,110278,0.0,0.0,0.0
2026-04-09 09:33:00-04:00,605.1300048828125,605.3275146484375,604.8800048828125,605.1300048828125,119034,0.0,0.0,0.0
2026-04-09 09:34:00-04:00,605.1300048828125,605.219970703125,604.469970703125,604.6199951171875,164168,0.0,0.0,0.0
2026-04-09 09:35:00-04:00,604.6400146484375,605.0499877929688,604.510009765625,604.6500244140625,153332,0.0,0.0,0.0
2026-04-09 09:36:00-04:00,604.6749877929688,605.459716796875,604.5599975585938,605.3798828125,117570,0.0,0.0,0.0
2026-04-09 09:37:00-04:00,605.3300170898438,605.6799926757812,605.1900024414062,605.2100219726562,94377,0.0,0.0,0.0
2026-04-09 09:38:00-04:00,605.1699829101562,605.6300048828125,605.0908813476562,605.469970703125,76494,0.0,0.0,0.0
2026-04-09 09:39:00-04:00,605.489990234375,605.8400268554688,605.3400268554688,605.510009765625,88930,0.0,0.0,0.0
2026-04-09 09:40:00-04:00,605.5050048828125,605.5050048828125,605.0499877929688,605.3040161132812,70823,0.0,0.0,0.0
2026-04-09 09:41:00-04:00,605.2734985351562,605.8862915039062,605.2734985351562,605.7899780273438,75402,0.0,0.0,0.0
2026-04-09 09:42:00-04:00,605.8099975585938,606.1199951171875,605.627685546875,606.0700073242188,110664,0.0,0.0,0.0
2026-04-09 09:43:00-04:00,606.0999755859375,606.6400146484375,606.02001953125,606.5,188746,0.0,0.0,0.0
2026-04-09 09:44:00-04:00,606.489990234375,606.489990234375,606.1900024414062,606.4400024414062,102849,0.0,0.0,0.0
2026-04-09 09:45:00-04:00,606.4600219726562,606.6699829101562,606.090087890625,606.3298950195312,191633,0.0,0.0,0.0
2026-04-09 09:46:00-04:00,606.3200073242188,606.4199829101562,606.1199951171875,606.239990234375,67945,0.0,0.0,0.0
2026-04-09 09:47:00-04:00,606.2000122070312,606.2000122070312,605.7302856445312,605.7899169921875,102490,0.0,0.0,0.0
2026-04-09 09:48:00-04:00,605.75,605.9099731445312,605.4500122070312,605.830078125,145139,0.0,0.0,0.0
2026-04-09 09:49:00-04:00,605.7999877929688,606.02001953125,605.6599731445312,605.869873046875,103305,0.0,0.0,0.0
2026-04-09 09:50:00-04:00,605.7301025390625,605.7501831054688,605.2000122070312,605.219970703125,123872,0.0,0.0,0.0
2026-04-09 09:51:00-04:00,605.2100219726562,605.2999877929688,604.6599731445312,604.8599853515625,183533,0.0,0.0,0.0
2026-04-09 09:52:00-04:00,604.8499755859375,605.0900268554688,604.6875,604.7000122070312,156826,0.0,0.0,0.0
2026-04-09 09:53:00-04:00,604.7000122070312,604.8499755859375,604.3300170898438,604.630126953125,189132,0.0,0.0,0.0
2026-04-09 09:54:00-04:00,604.5900268554688,604.8300170898438,604.4400024414062,604.4749755859375,118453,0.0,0.0,0.0
2026-04-09 09:55:00-04:00,604.4619750976562,604.6220092773438,604.260009765625,604.52001953125,107911,0.0,0.0,0.0
2026-04-09 09:56:00-04:00,604.510009765625,604.5250244140625,604.1199951171875,604.3699951171875,121790,0.0,0.0,0.0
2026-04-09 09:57:00-04:00,604.364990234375,604.9299926757812,604.364990234375,604.7899780273438,207940,0.0,0.0,0.0
2026-04-09 09:58:00-04:00,604.8250122070312,604.905029296875,604.5499877929688,604.5999755859375,152131,0.0,0.0,0.0
2026-04-09 09:59:00-04:00,604.5800170898438,604.8200073242188,604.5399780273438,604.6849975585938,57357,0.0,0.0,0.0
2026-04-09 10:00:00-04:00,604.760009765625,604.8499755859375,604.3250122070312,604.4600219726562,161865,0.0,0.0,0.0
2026-04-09 10:01:00-04:00,604.4299926757812,604.530029296875,604.2000732421875,604.52001953125,99367,0.0,0.0,0.0
2026-04-09 10:02:00-04:00,604.52001953125,604.6500244140625,604.3800048828125,604.5230712890625,103668,0.0,0.0,0.0
2026-04-09 10:03:00-04:00,604.5399780273438,604.7999877929688,604.25,604.760009765625,64921,0.0,0.0,0.0
2026-04-09 10:04:00-04:00,604.760009765625,605.030029296875,604.7000122070312,604.8496704101562,133496,0.0,0.0,0.0
2026-04-09 10:05:00-04:00,604.8001098632812,605.3250122070312,604.7849731445312,605.25,83527,0.0,0.0,0.0
2026-04-09 10:06:00-04:00,605.1300048828125,605.1599731445312,604.6900024414062,604.739990234375,94673,0.0,0.0,0.0
2026-04-09 10:07:00-04:00,604.7000122070312,604.8300170898438,604.52001953125,604.5700073242188,87452,0.0,0.0,0.0
2026-04-09 10:08:00-04:00,604.5601196289062,604.77001953125,604.4199829101562,604.7349853515625,77530,0.0,0.0,0.0
2026-04-09 10:09:00-04:00,604.72998046875,604.8499755859375,604.3300170898438,604.3566284179688,59886,0.0,0.0,0.0
2026-04-09 10:10:00-04:00,604.3200073242188,604.5399780273438,604.0399780273438,604.3350219726562,90053,0.0,0.0,0.0
2026-04-09 10:11:00-04:00,604.3499755859375,604.4000244140625,604.02001953125,604.389892578125,66846,0.0,0.0,0.0
2026-04-09 10:12:00-04:00,604.4199829101562,605.1199951171875,604.3800048828125,604.9500122070312,96962,0.0,0.0,0.0
2026-04-09 10:13:00-04:00,604.9249877929688,605.010009765625,604.4199829101562,604.4199829101562,82867,0.0,0.0,0.0
2026-04-09 10:14:00-04:00,604.4000854492188,604.4299926757812,604.2150268554688,604.27001953125,61419,0.0,0.0,0.0
2026-04-09 10:15:00-04:00,604.2100219726562,604.27001953125,603.9000244140625,603.9000244140625,131384,0.0,0.0,0.0
2026-04-09 10:16:00-04:00,603.8699951171875,603.97998046875,603.6300048828125,603.864990234375,138148,0.0,0.0,0.0
2026-04-09 10:17:00-04:00,603.8699951171875,604.0499877929688,603.7000122070312,603.7349853515625,190398,0.0,0.0,0.0
2026-04-09 10:18:00-04:00,603.7449951171875,603.75,603.52001953125,603.530029296875,119769,0.0,0.0,0.0
2026-04-09 10:19:00-04:00,603.52001953125,603.6995239257812,603.3900146484375,603.6995239257812,150600,0.0,0.0,0.0
2026-04-09 10:20:00-04:00,603.6900024414062,603.9500122070312,603.5499877929688,603.864990234375,96566,0.0,0.0,0.0
2026-04-09 10:21:00-04:00,603.8699951171875,603.97998046875,603.6099853515625,603.77001953125,172629,0.0,0.0,0.0
2026-04-09 10:22:00-04:00,603.760009765625,603.7750244140625,603.540771484375,603.72998046875,75831,0.0,0.0,0.0
2026-04-09 10:23:00-04:00,603.7501220703125,604.0999755859375,603.7501220703125,604.030029296875,82171,0.0,0.0,0.0
2026-04-09 10:24:00-04:00,604.030029296875,604.1599731445312,603.8549194335938,603.9400024414062,58170,0.0,0.0,0.0
2026-04-09 10:25:00-04:00,603.9299926757812,603.9400024414062,603.530029296875,603.5800170898438,110450,0.0,0.0,0.0
2026-04-09 10:26:00-04:00,603.5700073242188,603.6300048828125,603.1900024414062,603.280029296875,89014,0.0,0.0,0.0
2026-04-09 10:27:00-04:00,603.2899780273438,603.37939453125,603.0900268554688,603.239990234375,115086,0.0,0.0,0.0
2026-04-09 10:28:00-04:00,603.22998046875,603.469970703125,603.0999755859375,603.3699951171875,95739,0.0,0.0,0.0
2026-04-09 10:29:00-04:00,603.3400268554688,603.5700073242188,603.1466064453125,603.5349731445312,77371,0.0,0.0,0.0
2026-04-09 10:30:00-04:00,603.5250244140625,603.6705932617188,603.280029296875,603.4299926757812,140853,0.0,0.0,0.0
2026-04-09 10:31:00-04:00,603.47998046875,603.47998046875,603.1900024414062,603.2949829101562,107065,0.0,0.0,0.0
2026-04-09 10:32:00-04:00,603.2760009765625,603.3798828125,603.1599731445312,603.1901245117188,89627,0.0,0.0,0.0
2026-04-09 10:33:00-04:00,603.1400146484375,603.4000244140625,603.0499877929688,603.22998046875,95790,0.0,0.0,0.0
2026-04-09 10:34:00-04:00,603.2301025390625,603.4299926757812,603.1400146484375,603.4000244140625,48688,0.0,0.0,0.0
2026-04-09 10:35:00-04:00,603.4099731445312,603.489990234375,603.219970703125,603.3900756835938,47084,0.0,0.0,0.0
2026-04-09 10:36:00-04:00,603.4000244140625,603.4000244140625,603.030029296875,603.0399780273438,107153,0.0,0.0,0.0
2026-04-09 10:37:00-04:00,603.0499877929688,603.5900268554688,603.0399780273438,603.5111083984375,66850,0.0,0.0,0.0
2026-04-09 10:38:00-04:00,603.4857788085938,603.52001953125,603.2349853515625,603.25,87929,0.0,0.0,0.0
2026-04-09 10:39:00-04:00,603.239990234375,603.6799926757812,603.239990234375,603.6099853515625,67033,0.0,0.0,0.0
2026-04-09 10:40:00-04:00,603.5999755859375,603.8900146484375,603.469970703125,603.5700073242188,78783,0.0,0.0,0.0
2026-04-09 10:41:00-04:00,603.6199951171875,603.7050170898438,603.4500122070312,603.510009765625,85738,0.0,0.0,0.0
2026-04-09 10:42:00-04:00,603.5399780273438,603.6749877929688,603.4500122070312,603.6701049804688,62928,0.0,0.0,0.0
2026-04-09 10:43:00-04:00,603.6799926757812,603.9299926757812,603.6400146484375,603.7650146484375,40786,0.0,0.0,0.0
2026-04-09 10:44:00-04:00,603.7474975585938,603.8200073242188,603.5800170898438,603.6699829101562,49881,0.0,0.0,0.0
2026-04-09 10:45:00-04:00,603.6500244140625,604.2899780273438,603.64990234375,604.239990234375,78961,0.0,0.0,0.0
2026-04-09 10:46:00-04:00,604.2296752929688,604.239990234375,603.9580078125,604.0599975585938,43501,0.0,0.0,0.0
2026-04-09 10:47:00-04:00,604.0499877929688,604.260009765625,604.0499877929688,604.094970703125,43978,0.0,0.0,0.0
2026-04-09 10:48:00-04:00,604.094970703125,604.4199829101562,604.094970703125,604.2698974609375,46291,0.0,0.0,0.0
2026-04-09 10:49:00-04:00,604.260009765625,604.3200073242188,604.0900268554688,604.260009765625,81949,0.0,0.0,0.0
2026-04-09 10:50:00-04:00,604.260009765625,604.6199951171875,604.1699829101562,604.4500122070312,105096,0.0,0.0,0.0
2026-04-09 10:51:00-04:00,604.4550170898438,604.719970703125,604.3699951171875,604.4299926757812,85254,0.0,0.0,0.0
2026-04-09 10:52:00-04:00,604.4500122070312,604.6500244140625,604.4450073242188,604.6500244140625,55560,0.0,0.0,0.0
2026-04-09 10:53:00-04:00,604.6400146484375,604.8900146484375,604.5911865234375,604.8900146484375,56831,0.0,0.0,0.0
2026-04-09 10:54:00-04:00,604.9000244140625,604.905029296875,604.780029296875,604.8499755859375,68666,0.0,0.0,0.0
2026-04-09 10:55:00-04:00,604.8499755859375,605.25,604.719970703125,605.0950927734375,108733,0.0,0.0,0.0
2026-04-09 10:56:00-04:00,605.1300048828125,605.1300048828125,604.72998046875,604.739990234375,96330,0.0,0.0,0.0
2026-04-09 10:57:00-04:00,604.77001953125,604.7752075195312,604.5800170898438,604.7000122070312,46671,0.0,0.0,0.0
2026-04-09 10:58:00-04:00,604.7050170898438,604.9268798828125,604.6799926757812,604.9199829101562,49042,0.0,0.0,0.0
2026-04-09 10:59:00-04:00,604.969970703125,604.989990234375,604.780029296875,604.9749755859375,30395,0.0,0.0,0.0
2026-04-09 11:00:00-04:00,604.9199829101562,605.0399780273438,604.77001953125,605.0198974609375,78415,0.0,0.0,0.0
2026-04-09 11:01:00-04:00,604.9600219726562,605.0,604.75,604.864990234375,93610,0.0,0.0,0.0
2026-04-09 11:02:00-04:00,604.9000244140625,605.0,604.6300048828125,604.8400268554688,45776,0.0,0.0,0.0
2026-04-09 11:03:00-04:00,604.8400268554688,604.9747924804688,604.6500244140625,604.6500244140625,30886,0.0,0.0,0.0
2026-04-09 11:04:00-04:00,604.6500244140625,604.7299194335938,604.38671875,604.7100219726562,87630,0.0,0.0,0.0
2026-04-09 11:05:00-04:00,604.7412719726562,604.8400268554688,604.5800170898438,604.7899780273438,35852,0.0,0.0,0.0
2026-04-09 11:06:00-04:00,604.781005859375,604.8400268554688,604.6500244140625,604.6500244140625,36665,0.0,0.0,0.0
2026-04-09 11:07:00-04:00,604.6300048828125,604.7999877929688,604.530029296875,604.5399780273438,34149,0.0,0.0,0.0
2026-04-09 11:08:00-04:00,604.52001953125,604.659912109375,604.3790283203125,604.6199951171875,30007,0.0,0.0,0.0
2026-04-09 11:09:00-04:00,604.5900268554688,604.7659301757812,604.5800170898438,604.6387939453125,22045,0.0,0.0,0.0
2026-04-09 11:10:00-04:00,604.6099853515625,604.97998046875,604.6005249023438,604.8900146484375,73757,0.0,0.0,0.0
2026-04-09 11:11:00-04:00,604.8900146484375,604.9500122070312,604.7374877929688,604.8499755859375,47548,0.0,0.0,0.0
2026-04-09 11:12:00-04:00,604.8499755859375,605.4180297851562,604.780029296875,605.3311767578125,90746,0.0,0.0,0.0
2026-04-09 11:13:00-04:00,605.3599853515625,605.6500244140625,605.260009765625,605.5399780273438,80295,0.0,0.0,0.0
2026-04-09 11:14:00-04:00,605.5700073242188,605.8800048828125,605.510009765625,605.77001953125,99295,0.0,0.0,0.0
2026-04-09 11:15:00-04:00,605.7427978515625,606.260009765625,605.7427978515625,606.2000122070312,261294,0.0,0.0,0.0
2026-04-09 11:16:00-04:00,606.1699829101562,606.3099975585938,605.9299926757812,605.9697875976562,104937,0.0,0.0,0.0
2026-04-09 11:17:00-04:00,605.9550170898438,606.1300048828125,605.8200073242188,606.114990234375,71581,0.0,0.0,0.0
2026-04-09 11:18:00-04:00,606.1199951171875,606.22998046875,605.9749755859375,606.22998046875,83020,0.0,0.0,0.0
2026-04-09 11:19:00-04:00,606.22998046875,606.4401245117188,606.1785888671875,606.364990234375,162315,0.0,0.0,0.0
2026-04-09 11:20:00-04:00,606.3599853515625,606.510009765625,606.2000122070312,606.2000122070312,96520,0.0,0.0,0.0
2026-04-09 11:21:00-04:00,606.2100219726562,606.3499755859375,605.9199829101562,606.0050048828125,87433,0.0,0.0,0.0
2026-04-09 11:22:00-04:00,605.969970703125,606.2000122070312,605.9099731445312,606.1799926757812,52852,0.0,0.0,0.0
2026-04-09 11:23:00-04:00,606.1500244140625,606.1950073242188,605.93017578125,605.9749755859375,40515,0.0,0.0,0.0
2026-04-09 11:24:00-04:00,605.969970703125,606.1900024414062,605.9099731445312,606.1599731445312,51957,0.0,0.0,0.0
2026-04-09 11:25:00-04:00,606.1300048828125,606.1300048828125,605.9099731445312,606.0401000976562,47825,0.0,0.0,0.0
2026-04-09 11:26:00-04:00,606.0499877929688,606.0499877929688,605.780029296875,605.7899780273438,56737,0.0,0.0,0.0
2026-04-09 11:27:00-04:00,605.7999877929688,605.7999877929688,605.3499755859375,605.3900146484375,90147,0.0,0.0,0.0
2026-04-09 11:28:00-04:00,605.3900146484375,605.530029296875,605.27001953125,605.47998046875,102528,0.0,0.0,0.0
2026-04-09 11:29:00-04:00,605.489990234375,605.489990234375,605.3499755859375,605.3699951171875,69608,0.0,0.0,0.0
2026-04-09 11:30:00-04:00,605.3300170898438,605.5700073242188,605.15087890625,605.5399780273438,55339,0.0,0.0,0.0
2026-04-09 11:31:00-04:00,605.5499267578125,605.655029296875,605.469970703125,605.614990234375,35967,0.0,0.0,0.0
2026-04-09 11:32:00-04:00,605.5999755859375,607.4400024414062,605.5900268554688,607.0001220703125,346461,0.0,0.0,0.0
2026-04-09 11:33:00-04:00,607.010009765625,607.6900024414062,606.75,607.25,518906,0.0,0.0,0.0
2026-04-09 11:34:00-04:00,607.1699829101562,607.219970703125,606.6900024414062,606.9500732421875,136425,0.0,0.0,0.0
2026-04-09 11:35:00-04:00,606.9349975585938,607.2000122070312,606.9000244140625,606.969970703125,92151,0.0,0.0,0.0
2026-04-09 11:36:00-04:00,607.030029296875,607.4500122070312,606.8800048828125,607.260009765625,80177,0.0,0.0,0.0
2026-04-09 11:37:00-04:00,607.239990234375,607.4000244140625,606.9400024414062,607.1199951171875,114743,0.0,0.0,0.0
2026-04-09 11:38:00-04:00,607.0800170898438,607.0999755859375,606.1599731445312,606.3399047851562,180762,0.0,0.0,0.0
2026-04-09 11:39:00-04:00,606.3400268554688,606.75,606.2899780273438,606.6500244140625,73103,0.0,0.0,0.0
2026-04-09 11:40:00-04:00,606.6199951171875,607.25,606.6199951171875,607.0800170898438,136732,0.0,0.0,0.0
2026-04-09 11:41:00-04:00,607.0540161132812,607.3499755859375,606.9199829101562,607.2899780273438,45450,0.0,0.0,0.0
2026-04-09 11:42:00-04:00,607.2620239257812,607.4000244140625,607.1300048828125,607.219970703125,77733,0.0,0.0,0.0
2026-04-09 11:43:00-04:00,607.2150268554688,607.4299926757812,607.1699829101562,607.323974609375,64276,0.0,0.0,0.0
2026-04-09 11:44:00-04:00,607.3099975585938,607.3400268554688,606.9199829101562,607.030029296875,83706,0.0,0.0,0.0
2026-04-09 11:45:00-04:00,607.0300903320312,607.1010131835938,606.6199951171875,607.0501098632812,82802,0.0,0.0,0.0
2026-04-09 11:46:00-04:00,607.0499877929688,607.389892578125,607.0499877929688,607.3192749023438,74871,0.0,0.0,0.0
2026-04-09 11:47:00-04:00,607.3099975585938,607.7899780273438,607.280029296875,607.7550048828125,100029,0.0,0.0,0.0
2026-04-09 11:48:00-04:00,607.7550048828125,608.27001953125,607.75,608.1400146484375,149221,0.0,0.0,0.0
2026-04-09 11:49:00-04:00,608.1599731445312,608.1799926757812,607.6300048828125,607.6300048828125,111423,0.0,0.0,0.0
2026-04-09 11:50:00-04:00,607.6199951171875,607.77001953125,607.5,607.6599731445312,86070,0.0,0.0,0.0
2026-04-09 11:51:00-04:00,607.6500244140625,607.8499755859375,607.6300048828125,607.8099975585938,60962,0.0,0.0,0.0
2026-04-09 11:52:00-04:00,607.8400268554688,608.1099853515625,607.760009765625,608.0900268554688,58096,0.0,0.0,0.0
2026-04-09 11:53:00-04:00,608.0399780273438,608.25,607.9500122070312,608.1500244140625,81417,0.0,0.0,0.0
2026-04-09 11:54:00-04:00,608.1900024414062,608.2999877929688,608.0601196289062,608.2650146484375,131611,0.0,0.0,0.0
2026-04-09 11:55:00-04:00,608.260009765625,608.760009765625,608.22998046875,608.64501953125,253352,0.0,0.0,0.0
2026-04-09 11:56:00-04:00,608.6696166992188,608.75,608.52001953125,608.6099853515625,85558,0.0,0.0,0.0
2026-04-09 11:57:00-04:00,608.5599975585938,608.5700073242188,608.3499755859375,608.3599853515625,100558,0.0,0.0,0.0
2026-04-09 11:58:00-04:00,608.3699951171875,608.5701293945312,608.3099975585938,608.5549926757812,88980,0.0,0.0,0.0
2026-04-09 11:59:00-04:00,608.5399780273438,608.5900268554688,608.4299926757812,608.5700073242188,63027,0.0,0.0,0.0
2026-04-09 12:00:00-04:00,608.5700073242188,608.7999877929688,608.5399780273438,608.7501220703125,133723,0.0,0.0,0.0
2026-04-09 12:01:00-04:00,608.7750244140625,609.3800048828125,608.739990234375,609.2650146484375,199407,0.0,0.0,0.0
2026-04-09 12:02:00-04:00,609.25,609.7849731445312,609.239990234375,609.6799926757812,246568,0.0,0.0,0.0
2026-04-09 12:03:00-04:00,609.6400146484375,610.3599853515625,609.6099853515625,610.1699829101562,247720,0.0,0.0,0.0
2026-04-09 12:04:00-04:00,610.1300048828125,610.1300048828125,609.6099853515625,609.708984375,176186,0.0,0.0,0.0
2026-04-09 12:05:00-04:00,609.6900024414062,609.719970703125,609.4299926757812,609.4306030273438,126855,0.0,0.0,0.0
2026-04-09 12:06:00-04:00,609.4099731445312,609.52001953125,609.27001953125,609.3699951171875,97373,0.0,0.0,0.0
2026-04-09 12:07:00-04:00,609.385009765625,609.7374877929688,609.385009765625,609.6400146484375,94314,0.0,0.0,0.0
2026-04-09 12:08:00-04:00,609.6300048828125,609.969970703125,609.5700073242188,609.9550170898438,127594,0.0,0.0,0.0
2026-04-09 12:09:00-04:00,609.9650268554688,610.0,609.4299926757812,609.4500122070312,119439,0.0,0.0,0.0
2026-04-09 12:10:00-04:00,609.4500122070312,609.72998046875,609.3699951171875,609.719970703125,170753,0.0,0.0,0.0
2026-04-09 12:11:00-04:00,609.7249755859375,609.7999877929688,609.47998046875,609.5499877929688,85702,0.0,0.0,0.0
2026-04-09 12:12:00-04:00,609.5399780273438,609.77001953125,609.5,609.510009765625,53586,0.0,0.0,0.0
2026-04-09 12:13:00-04:00,609.5250244140625,609.719970703125,609.2000122070312,609.280029296875,99968,0.0,0.0,0.0
2026-04-09 12:14:00-04:00,609.2490234375,609.2490234375,609.0,609.0,68640,0.0,0.0,0.0
2026-04-09 12:15:00-04:00,609.0399780273438,609.22998046875,608.9000244140625,609.1799926757812,125411,0.0,0.0,0.0
2026-04-09 12:16:00-04:00,609.1898803710938,609.6649780273438,609.1898803710938,609.6500244140625,96858,0.0,0.0,0.0
2026-04-09 12:17:00-04:00,609.6599731445312,609.7899780273438,609.5200805664062,609.60498046875,80413,0.0,0.0,0.0
2026-04-09 12:18:00-04:00,609.60498046875,609.7598876953125,609.530029296875,609.6298828125,68125,0.0,0.0,0.0
2026-04-09 12:19:00-04:00,609.6021728515625,609.7899780273438,609.598876953125,609.7288818359375,42020,0.0,0.0,0.0
2026-04-09 12:20:00-04:00,609.739990234375,609.8300170898438,609.5006713867188,609.530029296875,49137,0.0,0.0,0.0
2026-04-09 12:21:00-04:00,609.530029296875,609.5399780273438,609.1849975585938,609.3099975585938,80119,0.0,0.0,0.0
2026-04-09 12:22:00-04:00,609.3200073242188,609.469970703125,609.2750244140625,609.375,26211,0.0,0.0,0.0
2026-04-09 12:23:00-04:00,609.3099975585938,609.489990234375,609.22119140625,609.2449951171875,36231,0.0,0.0,0.0
2026-04-09 12:24:00-04:00,609.240478515625,609.364990234375,609.1611938476562,609.2000122070312,55189,0.0,0.0,0.0
2026-04-09 12:25:00-04:00,609.1900024414062,609.3198852539062,609.0,609.2304077148438,58125,0.0,0.0,0.0
2026-04-09 12:26:00-04:00,609.22998046875,609.260009765625,609.0800170898438,609.1199951171875,68285,0.0,0.0,0.0
2026-04-09 12:27:00-04:00,609.155029296875,609.3200073242188,609.1199951171875,609.280029296875,71018,0.0,0.0,0.0
2026-04-09 12:28:00-04:00,609.280029296875,609.3200073242188,609.0599975585938,609.2650146484375,62405,0.0,0.0,0.0
2026-04-09 12:29:00-04:00,609.2901000976562,609.3900146484375,609.1300048828125,609.1900024414062,64417,0.0,0.0,0.0
2026-04-09 12:30:00-04:00,609.2000122070312,609.280029296875,608.969970703125,609.1488037109375,59597,0.0,0.0,0.0
2026-04-09 12:31:00-04:00,609.1300048828125,609.27001953125,609.0999755859375,609.1405029296875,83795,0.0,0.0,0.0
2026-04-09 12:32:00-04:00,609.1599731445312,609.1749877929688,608.8599853515625,608.8701171875,98785,0.0,0.0,0.0
2026-04-09 12:33:00-04:00,608.8400268554688,608.8800048828125,608.6799926757812,608.8599853515625,98912,0.0,0.0,0.0
2026-04-09 12:34:00-04:00,608.8400268554688,608.9345703125,608.77001953125,608.844970703125,53312,0.0,0.0,0.0
2026-04-09 12:35:00-04:00,608.8350219726562,608.8599853515625,608.6199951171875,608.7100219726562,29376,0.0,0.0,0.0
2026-04-09 12:36:00-04:00,608.7183227539062,608.77001953125,608.52001953125,608.6649780273438,73527,0.0,0.0,0.0
2026-04-09 12:37:00-04:00,608.6599731445312,608.8099975585938,608.5900268554688,608.7999877929688,52729,0.0,0.0,0.0
2026-04-09 12:38:00-04:00,608.8049926757812,608.8292846679688,608.3900146484375,608.5250854492188,87950,0.0,0.0,0.0
2026-04-09 12:39:00-04:00,608.52001953125,608.530029296875,608.2100219726562,608.4600830078125,57117,0.0,0.0,0.0
2026-04-09 12:40:00-04:00,608.4598999023438,608.469970703125,608.219970703125,608.280029296875,50278,0.0,0.0,0.0
2026-04-09 12:41:00-04:00,608.3300170898438,608.3699951171875,608.0498046875,608.0800170898438,60557,0.0,0.0,0.0
2026-04-09 12:42:00-04:00,608.0892944335938,608.47998046875,608.0701904296875,608.4400024414062,85062,0.0,0.0,0.0
2026-04-09 12:43:00-04:00,608.4199829101562,608.489990234375,608.27001953125,608.4149780273438,53978,0.0,0.0,0.0
2026-04-09 12:44:00-04:00,608.4000854492188,608.4600219726562,608.3350219726562,608.3800048828125,60631,0.0,0.0,0.0
2026-04-09 12:45:00-04:00,608.3499755859375,608.3499755859375,608.1199951171875,608.17919921875,45276,0.0,0.0,0.0
2026-04-09 12:46:00-04:00,608.1489868164062,608.3400268554688,608.10498046875,608.1500244140625,40901,0.0,0.0,0.0
2026-04-09 12:47:00-04:00,608.1699829101562,608.22998046875,607.9110107421875,608.1749877929688,71360,0.0,0.0,0.0
2026-04-09 12:48:00-04:00,608.1599731445312,608.1699829101562,607.986572265625,608.030029296875,51119,0.0,0.0,0.0
2026-04-09 12:49:00-04:00,608.030029296875,608.1799926757812,607.989990234375,608.1099243164062,28104,0.0,0.0,0.0
2026-04-09 12:50:00-04:00,608.110107421875,608.52001953125,608.110107421875,608.489990234375,97515,0.0,0.0,0.0
2026-04-09 12:51:00-04:00,608.4201049804688,608.9000244140625,608.4199829101562,608.8499145507812,82538,0.0,0.0,0.0
2026-04-09 12:52:00-04:00,608.8400268554688,609.1099853515625,608.8150024414062,608.9100952148438,193824,0.0,0.0,0.0
2026-04-09 12:53:00-04:00,608.9400024414062,608.969970703125,608.8499755859375,608.9349975585938,56016,0.0,0.0,0.0
2026-04-09 12:54:00-04:00,608.9299926757812,608.9876098632812,608.8200073242188,608.8911743164062,26794,0.0,0.0,0.0
2026-04-09 12:55:00-04:00,608.9140014648438,609.0,608.7017822265625,608.7498779296875,31522,0.0,0.0,0.0
2026-04-09 12:56:00-04:00,608.7600708007812,608.8200073242188,608.5499877929688,608.72998046875,45067,0.0,0.0,0.0
2026-04-09 12:57:00-04:00,608.6900024414062,608.7999877929688,608.6400146484375,608.6400146484375,17730,0.0,0.0,0.0
2026-04-09 12:58:00-04:00,608.6199951171875,608.72998046875,608.5900268554688,608.72998046875,35974,0.0,0.0,0.0
2026-04-09 12:59:00-04:00,608.7098999023438,608.72998046875,608.6199951171875,608.7100830078125,16047,0.0,0.0,0.0
2026-04-09 13:00:00-04:00,608.72998046875,608.885009765625,608.530029296875,608.7150268554688,86818,0.0,0.0,0.0
2026-04-09 13:01:00-04:00,608.719970703125,608.9188232421875,608.7100219726562,608.7999877929688,31241,0.0,0.0,0.0
2026-04-09 13:02:00-04:00,608.760009765625,608.77001953125,608.530029296875,608.6849975585938,35948,0.0,0.0,0.0
2026-04-09 13:03:00-04:00,608.6849975585938,608.9199829101562,608.6699829101562,608.9199829101562,30245,0.0,0.0,0.0
2026-04-09 13:04:00-04:00,608.9299926757812,609.030029296875,608.8908081054688,609.0150146484375,25627,0.0,0.0,0.0
2026-04-09 13:05:00-04:00,609.0499877929688,609.0599975585938,608.8400268554688,608.889892578125,35013,0.0,0.0,0.0
2026-04-09 13:06:00-04:00,608.8800048828125,609.3297119140625,608.8800048828125,609.3200073242188,58282,0.0,0.0,0.0
2026-04-09 13:07:00-04:00,609.2999877929688,609.4299926757812,609.219970703125,609.3099975585938,57084,0.0,0.0,0.0
2026-04-09 13:08:00-04:00,609.3200073242188,609.5599975585938,609.3200073242188,609.5349731445312,53013,0.0,0.0,0.0
2026-04-09 13:09:00-04:00,609.52001953125,609.6599731445312,609.380126953125,609.4000244140625,78087,0.0,0.0,0.0
2026-04-09 13:10:00-04:00,609.4199829101562,609.4600219726562,609.260009765625,609.4500122070312,60269,0.0,0.0,0.0
2026-04-09 13:11:00-04:00,609.4598999023438,609.7091064453125,609.4450073242188,609.7091064453125,32924,0.0,0.0,0.0
2026-04-09 13:12:00-04:00,609.6799926757812,609.6799926757812,609.5499877929688,609.6099853515625,68302,0.0,0.0,0.0
2026-04-09 13:13:00-04:00,609.6099853515625,609.8200073242188,609.5,609.52001953125,85880,0.0,0.0,0.0
2026-04-09 13:14:00-04:00,609.52001953125,609.530029296875,609.3200073242188,609.469970703125,52537,0.0,0.0,0.0
2026-04-09 13:15:00-04:00,609.4600219726562,609.8298950195312,609.4000244140625,609.7100219726562,51395,0.0,0.0,0.0
2026-04-09 13:16:00-04:00,609.7100219726562,609.809326171875,609.60498046875,609.7098999023438,53520,0.0,0.0,0.0
2026-04-09 13:17:00-04:00,609.7000122070312,609.9000244140625,609.6799926757812,609.8701171875,36508,0.0,0.0,0.0
2026-04-09 13:18:00-04:00,609.8599853515625,609.8900146484375,609.722412109375,609.844970703125,76781,0.0,0.0,0.0
2026-04-09 13:19:00-04:00,609.8350219726562,610.0800170898438,609.7999877929688,609.831787109375,95397,0.0,0.0,0.0
2026-04-09 13:20:00-04:00,609.864990234375,609.9500122070312,609.7639770507812,609.7639770507812,25035,0.0,0.0,0.0
2026-04-09 13:21:00-04:00,609.77001953125,609.8099975585938,609.6199951171875,609.7293701171875,60467,0.0,0.0,0.0
2026-04-09 13:22:00-04:00,609.72998046875,609.739990234375,609.52001953125,609.594970703125,54744,0.0,0.0,0.0
2026-04-09 13:23:00-04:00,609.6099853515625,609.7542114257812,609.52001953125,609.7211303710938,62392,0.0,0.0,0.0
2026-04-09 13:24:00-04:00,609.719970703125,609.719970703125,609.530029296875,609.594970703125,34570,0.0,0.0,0.0
2026-04-09 13:25:00-04:00,609.6099853515625,609.6867065429688,609.4299926757812,609.5999755859375,28282,0.0,0.0,0.0
2026-04-09 13:26:00-04:00,609.6099853515625,609.6199951171875,609.3300170898438,609.389892578125,59016,0.0,0.0,0.0
2026-04-09 13:27:00-04:00,609.3900146484375,609.4730224609375,609.3250122070312,609.4299926757812,36465,0.0,0.0,0.0
2026-04-09 13:28:00-04:00,609.4500122070312,609.6099853515625,609.4299926757812,609.5869750976562,52905,0.0,0.0,0.0
2026-04-09 13:29:00-04:00,609.5599975585938,609.5599975585938,609.3350219726562,609.3701171875,37617,0.0,0.0,0.0
2026-04-09 13:30:00-04:00,609.3699951171875,609.3699951171875,608.77001953125,608.9000244140625,230451,0.0,0.0,0.0
2026-04-09 13:31:00-04:00,608.9149780273438,608.9359130859375,608.5601196289062,608.780029296875,49454,0.0,0.0,0.0
2026-04-09 13:32:00-04:00,608.7999877929688,609.280029296875,608.7999877929688,609.1400146484375,68850,0.0,0.0,0.0
2026-04-09 13:33:00-04:00,609.1400146484375,609.236572265625,609.1199951171875,609.14990234375,28100,0.0,0.0,0.0
2026-04-09 13:34:00-04:00,609.1500244140625,609.2150268554688,609.0899047851562,609.125,248813,0.0,0.0,0.0
2026-04-09 13:35:00-04:00,609.1300048828125,609.510009765625,609.1104125976562,609.447998046875,97068,0.0,0.0,0.0
2026-04-09 13:36:00-04:00,609.4600219726562,609.594970703125,609.3900146484375,609.5499877929688,73867,0.0,0.0,0.0
2026-04-09 13:37:00-04:00,609.5590209960938,609.77001953125,609.5250244140625,609.7000122070312,60799,0.0,0.0,0.0
2026-04-09 13:38:00-04:00,609.6900024414062,610.1199951171875,609.6799926757812,610.0800170898438,75288,0.0,0.0,0.0
2026-04-09 13:39:00-04:00,610.0899047851562,610.1199951171875,609.9241943359375,610.0089721679688,71005,0.0,0.0,0.0
2026-04-09 13:40:00-04:00,610.0050048828125,610.1599731445312,609.9600219726562,610.0800170898438,61817,0.0,0.0,0.0
2026-04-09 13:41:00-04:00,610.0650024414062,610.0700073242188,609.8900146484375,609.97998046875,40304,0.0,0.0,0.0
2026-04-09 13:42:00-04:00,609.9550170898438,609.9600219726562,609.7100219726562,609.8350219726562,74573,0.0,0.0,0.0
2026-04-09 13:43:00-04:00,609.8250122070312,609.948486328125,609.7899780273438,609.8400268554688,82393,0.0,0.0,0.0
2026-04-09 13:44:00-04:00,609.8400268554688,609.8400268554688,609.489990234375,609.630126953125,78029,0.0,0.0,0.0
2026-04-09 13:45:00-04:00,609.655029296875,609.8300170898438,609.655029296875,609.739990234375,51680,0.0,0.0,0.0
2026-04-09 13:46:00-04:00,609.7098999023438,609.7650146484375,609.5999755859375,609.6500244140625,61599,0.0,0.0,0.0
2026-04-09 13:47:00-04:00,609.6599731445312,609.6900024414062,609.5999755859375,609.6400146484375,33123,0.0,0.0,0.0
2026-04-09 13:48:00-04:00,609.65380859375,609.7949829101562,609.510009765625,609.77001953125,77176,0.0,0.0,0.0
2026-04-09 13:49:00-04:00,609.7899169921875,609.8800048828125,609.72998046875,609.7999877929688,33264,0.0,0.0,0.0
2026-04-09 13:50:00-04:00,609.77001953125,609.7799072265625,609.4639892578125,609.4697875976562,54905,0.0,0.0,0.0
2026-04-09 13:51:00-04:00,609.5089111328125,609.510009765625,609.239990234375,609.3099975585938,46795,0.0,0.0,0.0
2026-04-09 13:52:00-04:00,609.2999877929688,609.489990234375,609.2901000976562,609.405029296875,82598,0.0,0.0,0.0
2026-04-09 13:53:00-04:00,609.405029296875,609.6300048828125,609.4000854492188,609.4550170898438,29569,0.0,0.0,0.0
2026-04-09 13:54:00-04:00,609.489990234375,609.5599975585938,609.4500122070312,609.52001953125,15654,0.0,0.0,0.0
2026-04-09 13:55:00-04:00,609.52001953125,609.52001953125,609.3200073242188,609.35009765625,24129,0.0,0.0,0.0
2026-04-09 13:56:00-04:00,609.3499755859375,609.469970703125,609.3200073242188,609.3300170898438,29327,0.0,0.0,0.0
2026-04-09 13:57:00-04:00,609.280029296875,609.4199829101562,609.27001953125,609.3400268554688,11482,0.0,0.0,0.0
2026-04-09 13:58:00-04:00,609.3200073242188,609.43798828125,609.3150024414062,609.375,20947,0.0,0.0,0.0
2026-04-09 13:59:00-04:00,609.3800048828125,609.4600219726562,609.3400268554688,609.4450073242188,31967,0.0,0.0,0.0
2026-04-09 14:00:00-04:00,609.4600219726562,609.5650024414062,609.3699951171875,609.3798828125,39165,0.0,0.0,0.0
2026-04-09 14:01:00-04:00,609.3800048828125,609.4099731445312,609.0900268554688,609.1199951171875,55679,0.0,0.0,0.0
2026-04-09 14:02:00-04:00,609.125,609.219970703125,608.5999755859375,608.6599731445312,188308,0.0,0.0,0.0
2026-04-09 14:03:00-04:00,608.7000122070312,608.89990234375,608.27001953125,608.27001953125,143906,0.0,0.0,0.0
2026-04-09 14:04:00-04:00,608.3300170898438,608.3300170898438,607.6500244140625,607.969970703125,197321,0.0,0.0,0.0
2026-04-09 14:05:00-04:00,608.1199951171875,608.5260009765625,608.0800170898438,608.4400024414062,261651,0.0,0.0,0.0
2026-04-09 14:06:00-04:00,608.4400024414062,608.6400146484375,608.2750244140625,608.4400024414062,68049,0.0,0.0,0.0
2026-04-09 14:07:00-04:00,608.4600219726562,608.5,608.2000122070312,608.2800903320312,80929,0.0,0.0,0.0
2026-04-09 14:08:00-04:00,608.2899780273438,608.3800048828125,608.1199951171875,608.1900024414062,63379,0.0,0.0,0.0
2026-04-09 14:09:00-04:00,608.1619873046875,608.4550170898438,608.010009765625,608.4349975585938,71561,0.0,0.0,0.0
2026-04-09 14:10:00-04:00,608.4682006835938,608.5899047851562,608.3300170898438,608.3703002929688,56623,0.0,0.0,0.0
2026-04-09 14:11:00-04:00,608.3900146484375,608.489990234375,608.2000122070312,608.3143920898438,41081,0.0,0.0,0.0
2026-04-09 14:12:00-04:00,608.2999877929688,608.3400268554688,608.0800170898438,608.2100219726562,39601,0.0,0.0,0.0
2026-04-09 14:13:00-04:00,608.1699829101562,608.25,608.0399780273438,608.0399780273438,46109,0.0,0.0,0.0
2026-04-09 14:14:00-04:00,608.0399780273438,608.280029296875,607.9600219726562,608.25,73827,0.0,0.0,0.0
2026-04-09 14:15:00-04:00,608.2000122070312,608.3289794921875,608.1099853515625,608.1199951171875,51130,0.0,0.0,0.0
2026-04-09 14:16:00-04:00,608.1199951171875,608.3499755859375,608.0599975585938,608.3200073242188,29452,0.0,0.0,0.0
2026-04-09 14:17:00-04:00,608.3300170898438,608.5700073242188,608.3079833984375,608.4600219726562,36350,0.0,0.0,0.0
2026-04-09 14:18:00-04:00,608.4600219726562,608.639892578125,608.3076782226562,608.3284912109375,34806,0.0,0.0,0.0
2026-04-09 14:19:00-04:00,608.3150024414062,608.344970703125,608.1699829101562,608.3099975585938,37632,0.0,0.0,0.0
2026-04-09 14:20:00-04:00,608.3049926757812,608.4899291992188,608.3001098632812,608.3621826171875,29007,0.0,0.0,0.0
2026-04-09 14:21:00-04:00,608.3900146484375,608.4498901367188,608.1300048828125,608.1300048828125,30183,0.0,0.0,0.0
2026-04-09 14:22:00-04:00,608.1500244140625,608.1900024414062,607.97998046875,608.0250244140625,33122,0.0,0.0,0.0
2026-04-09 14:23:00-04:00,608.0,608.0800170898438,607.6799926757812,607.7100219726562,134409,0.0,0.0,0.0
2026-04-09 14:24:00-04:00,607.6901245117188,607.9299926757812,607.6500244140625,607.8099975585938,78963,0.0,0.0,0.0
2026-04-09 14:25:00-04:00,607.8300170898438,608.02001953125,607.5599975585938,607.760009765625,152066,0.0,0.0,0.0
2026-04-09 14:26:00-04:00,607.8300170898438,608.0499877929688,607.7249755859375,607.8599853515625,70490,0.0,0.0,0.0
2026-04-09 14:27:00-04:00,607.8499755859375,607.9450073242188,607.7799072265625,607.9301147460938,19579,0.0,0.0,0.0
2026-04-09 14:28:00-04:00,607.9500122070312,608.1799926757812,607.9149780273438,608.0,35102,0.0,0.0,0.0
2026-04-09 14:29:00-04:00,607.9500122070312,607.9998779296875,607.830078125,607.9237060546875,31572,0.0,0.0,0.0
2026-04-09 14:30:00-04:00,607.9299926757812,608.1500244140625,607.7319946289062,607.780029296875,33276,0.0,0.0,0.0
2026-04-09 14:31:00-04:00,607.77001953125,607.8599853515625,607.7100219726562,607.844970703125,40943,0.0,0.0,0.0
2026-04-09 14:32:00-04:00,607.8499755859375,608.0499877929688,607.75,607.875,22932,0.0,0.0,0.0
2026-04-09 14:33:00-04:00,607.8599853515625,607.8699951171875,607.530029296875,607.739990234375,44949,0.0,0.0,0.0
2026-04-09 14:34:00-04:00,607.72998046875,607.7611083984375,607.6199951171875,607.7611083984375,28669,0.0,0.0,0.0
2026-04-09 14:35:00-04:00,607.75,608.0399780273438,607.6799926757812,607.9400024414062,48862,0.0,0.0,0.0
2026-04-09 14:36:00-04:00,607.9199829101562,608.010009765625,607.780029296875,607.7844848632812,17846,0.0,0.0,0.0
2026-04-09 14:37:00-04:00,607.7999877929688,608.0349731445312,607.780029296875,607.969970703125,23832,0.0,0.0,0.0
2026-04-09 14:38:00-04:00,608.0499877929688,608.155029296875,608.0499877929688,608.0499877929688,41318,0.0,0.0,0.0
2026-04-09 14:39:00-04:00,608.0499877929688,608.6300048828125,608.0449829101562,608.54931640625,100053,0.0,0.0,0.0
2026-04-09 14:40:00-04:00,608.5166015625,608.539794921875,608.2938842773438,608.2999877929688,53585,0.0,0.0,0.0
2026-04-09 14:41:00-04:00,608.3250122070312,608.4340209960938,608.2318725585938,608.3900146484375,33763,0.0,0.0,0.0
2026-04-09 14:42:00-04:00,608.3800048828125,608.6400146484375,608.35009765625,608.5540771484375,58148,0.0,0.0,0.0
2026-04-09 14:43:00-04:00,608.469970703125,608.4898071289062,608.0499877929688,608.0999755859375,71785,0.0,0.0,0.0
2026-04-09 14:44:00-04:00,608.0900268554688,608.1799926757812,607.989990234375,608.1300048828125,68313,0.0,0.0,0.0
2026-04-09 14:45:00-04:00,608.0802001953125,608.364990234375,608.0599975585938,608.3499755859375,40968,0.0,0.0,0.0
2026-04-09 14:46:00-04:00,608.3599853515625,608.4500122070312,608.260009765625,608.280029296875,46147,0.0,0.0,0.0
2026-04-09 14:47:00-04:00,608.2550048828125,608.4498901367188,608.1699829101562,608.380126953125,24196,0.0,0.0,0.0
2026-04-09 14:48:00-04:00,608.3900146484375,608.4149780273438,608.3049926757812,608.3049926757812,19962,0.0,0.0,0.0
2026-04-09 14:49:00-04:00,608.3049926757812,608.4199829101562,608.19091796875,608.4099731445312,81909,0.0,0.0,0.0
2026-04-09 14:50:00-04:00,608.4099731445312,608.4600219726562,608.1799926757812,608.2100219726562,37276,0.0,0.0,0.0
2026-04-09 14:51:00-04:00,608.2000122070312,608.22998046875,607.921875,608.0,125347,0.0,0.0,0.0
2026-04-09 14:52:00-04:00,608.022705078125,608.1361083984375,607.9650268554688,607.9849853515625,27089,0.0,0.0,0.0
2026-04-09 14:53:00-04:00,607.97998046875,608.3200073242188,607.969970703125,608.1199951171875,34959,0.0,0.0,0.0
2026-04-09 14:54:00-04:00,608.1300048828125,608.2550048828125,608.010009765625,608.239990234375,21459,0.0,0.0,0.0
2026-04-09 14:55:00-04:00,608.3099975585938,608.4600219726562,608.27001953125,608.3800048828125,51214,0.0,0.0,0.0
2026-04-09 14:56:00-04:00,608.3699951171875,608.4500122070312,608.3400268554688,608.4500122070312,49034,0.0,0.0,0.0
2026-04-09 14:57:00-04:00,608.4199829101562,608.4349975585938,608.2800903320312,608.2800903320312,20649,0.0,0.0,0.0
2026-04-09 14:58:00-04:00,608.2899780273438,608.5700073242188,608.2899780273438,608.5050048828125,34567,0.0,0.0,0.0
2026-04-09 14:59:00-04:00,608.50830078125,608.5700073242188,608.330078125,608.369873046875,22501,0.0,0.0,0.0
2026-04-09 15:00:00-04:00,608.3599853515625,608.4600219726562,608.27001953125,608.4044799804688,40233,0.0,0.0,0.0
2026-04-09 15:01:00-04:00,608.4500732421875,608.7899780273438,608.4500732421875,608.7650146484375,48803,0.0,0.0,0.0
2026-04-09 15:02:00-04:00,608.7750244140625,609.1199951171875,608.7108764648438,608.9600219726562,82674,0.0,0.0,0.0
2026-04-09 15:03:00-04:00,608.9500122070312,608.9600219726562,608.8408813476562,608.9450073242188,46778,0.0,0.0,0.0
2026-04-09 15:04:00-04:00,608.9500122070312,609.0,608.927001953125,608.9749755859375,16692,0.0,0.0,0.0
2026-04-09 15:05:00-04:00,608.969970703125,608.969970703125,608.780029296875,608.9149780273438,40569,0.0,0.0,0.0
2026-04-09 15:06:00-04:00,608.9299926757812,608.969970703125,608.7000122070312,608.7000732421875,40159,0.0,0.0,0.0
2026-04-09 15:07:00-04:00,608.719970703125,608.9199829101562,608.6699829101562,608.9000244140625,31935,0.0,0.0,0.0
2026-04-09 15:08:00-04:00,608.882080078125,609.0499877929688,608.875,609.0449829101562,90684,0.0,0.0,0.0
2026-04-09 15:09:00-04:00,609.0399780273438,609.3339233398438,609.0399780273438,609.3099975585938,100881,0.0,0.0,0.0
2026-04-09 15:10:00-04:00,609.3201293945312,609.510009765625,609.2600708007812,609.4600219726562,200627,0.0,0.0,0.0
2026-04-09 15:11:00-04:00,609.4321899414062,609.469970703125,609.4000244140625,609.4099731445312,61949,0.0,0.0,0.0
2026-04-09 15:12:00-04:00,609.4199829101562,609.5700073242188,609.4099731445312,609.5499877929688,108594,0.0,0.0,0.0
2026-04-09 15:13:00-04:00,609.5499877929688,609.55517578125,609.4566040039062,609.47998046875,37439,0.0,0.0,0.0
2026-04-09 15:14:00-04:00,609.4600219726562,609.4600219726562,609.2899780273438,609.3400268554688,53381,0.0,0.0,0.0
2026-04-09 15:15:00-04:00,609.3400268554688,609.52001953125,609.3400268554688,609.3699951171875,36104,0.0,0.0,0.0
2026-04-09 15:16:00-04:00,609.4000244140625,609.47998046875,609.27001953125,609.2899780273438,51804,0.0,0.0,0.0
2026-04-09 15:17:00-04:00,609.3104248046875,609.3300170898438,609.1300048828125,609.2208862304688,55345,0.0,0.0,0.0
2026-04-09 15:18:00-04:00,609.2349853515625,609.239990234375,608.9801025390625,609.0999755859375,39671,0.0,0.0,0.0
2026-04-09 15:19:00-04:00,609.0800170898438,609.1500244140625,609.0167236328125,609.0750122070312,18997,0.0,0.0,0.0
2026-04-09 15:20:00-04:00,609.0900268554688,609.219970703125,609.0399780273438,609.110107421875,24155,0.0,0.0,0.0
2026-04-09 15:21:00-04:00,609.1199951171875,609.1599731445312,609.010009765625,609.0700073242188,41869,0.0,0.0,0.0
2026-04-09 15:22:00-04:00,609.0599975585938,609.1699829101562,608.9400024414062,609.1099853515625,211111,0.0,0.0,0.0
2026-04-09 15:23:00-04:00,609.0900268554688,609.2492065429688,609.0449829101562,609.130126953125,45622,0.0,0.0,0.0
2026-04-09 15:24:00-04:00,609.1500244140625,609.280029296875,609.0999755859375,609.25,48636,0.0,0.0,0.0
2026-04-09 15:25:00-04:00,609.22998046875,609.4470825195312,609.22802734375,609.3701171875,110052,0.0,0.0,0.0
2026-04-09 15:26:00-04:00,609.3800048828125,609.4577026367188,609.280029296875,609.4500122070312,171808,0.0,0.0,0.0
2026-04-09 15:27:00-04:00,609.4600219726562,609.469970703125,609.3400268554688,609.4400024414062,36285,0.0,0.0,0.0
2026-04-09 15:28:00-04:00,609.4349975585938,609.5,609.3300170898438,609.4299926757812,33679,0.0,0.0,0.0
2026-04-09 15:29:00-04:00,609.4249877929688,609.47998046875,609.27001953125,609.3800048828125,33938,0.0,0.0,0.0
2026-04-09 15:30:00-04:00,609.3900146484375,609.77001953125,609.3499755859375,609.7100219726562,85296,0.0,0.0,0.0
2026-04-09 15:31:00-04:00,609.739990234375,609.9099731445312,609.719970703125,609.8997192382812,110508,0.0,0.0,0.0
2026-04-09 15:32:00-04:00,609.9000244140625,610.1199951171875,609.8900146484375,610.0449829101562,152965,0.0,0.0,0.0
2026-04-09 15:33:00-04:00,610.0499877929688,610.135009765625,609.8699951171875,609.9298706054688,141614,0.0,0.0,0.0
2026-04-09 15:34:00-04:00,609.9000244140625,609.9199829101562,609.7899780273438,609.8900146484375,144401,0.0,0.0,0.0
2026-04-09 15:35:00-04:00,609.8900146484375,609.9301147460938,609.719970703125,609.8319702148438,84054,0.0,0.0,0.0
2026-04-09 15:36:00-04:00,609.8099975585938,609.8800048828125,609.7100219726562,609.8300170898438,60859,0.0,0.0,0.0
2026-04-09 15:37:00-04:00,609.8200073242188,609.989990234375,609.8099975585938,609.969970703125,59644,0.0,0.0,0.0
2026-04-09 15:38:00-04:00,609.989990234375,610.1300048828125,609.9849853515625,610.0,79109,0.0,0.0,0.0
2026-04-09 15:39:00-04:00,610.0,610.0100708007812,609.844970703125,609.9299926757812,33959,0.0,0.0,0.0
2026-04-09 15:40:00-04:00,609.9100952148438,609.9299926757812,609.739990234375,609.8900146484375,52103,0.0,0.0,0.0
2026-04-09 15:41:00-04:00,609.8800048828125,609.9345092773438,609.5900268554688,609.72998046875,80594,0.0,0.0,0.0
2026-04-09 15:42:00-04:00,609.72998046875,609.8800048828125,609.6599731445312,609.875,58575,0.0,0.0,0.0
2026-04-09 15:43:00-04:00,609.8800048828125,609.97998046875,609.8095703125,609.8599853515625,53814,0.0,0.0,0.0
2026-04-09 15:44:00-04:00,609.864990234375,610.0,609.864990234375,609.969970703125,80584,0.0,0.0,0.0
2026-04-09 15:45:00-04:00,609.97998046875,610.030029296875,609.8300170898438,609.8814086914062,116117,0.0,0.0,0.0
2026-04-09 15:46:00-04:00,609.889892578125,610.0800170898438,609.8099975585938,610.0800170898438,94876,0.0,0.0,0.0
2026-04-09 15:47:00-04:00,610.0881958007812,610.25,610.0800170898438,610.2100219726562,127638,0.0,0.0,0.0
2026-04-09 15:48:00-04:00,610.1950073242188,610.25,609.989990234375,610.1599731445312,159685,0.0,0.0,0.0
2026-04-09 15:49:00-04:00,610.1599731445312,610.1599731445312,609.9099731445312,610.0,388540,0.0,0.0,0.0
2026-04-09 15:50:00-04:00,610.010009765625,610.469970703125,609.9500122070312,610.3800048828125,180776,0.0,0.0,0.0
2026-04-09 15:51:00-04:00,610.3699951171875,610.3699951171875,610.2000122070312,610.25,83610,0.0,0.0,0.0
2026-04-09 15:52:00-04:00,610.2498779296875,610.5,610.1903076171875,610.4949951171875,155845,0.0,0.0,0.0
2026-04-09 15:53:00-04:00,610.5,610.5,610.1400146484375,610.1600952148438,127255,0.0,0.0,0.0
2026-04-09 15:54:00-04:00,610.1599731445312,610.469970703125,610.0700073242188,610.4400024414062,166393,0.0,0.0,0.0
2026-04-09 15:55:00-04:00,610.4500122070312,610.4500122070312,609.9099731445312,610.0,182694,0.0,0.0,0.0
2026-04-09 15:56:00-04:00,610.0,610.1599731445312,609.8900146484375,610.0700073242188,121649,0.0,0.0,0.0
2026-04-09 15:57:00-04:00,610.0499877929688,610.0999755859375,609.969970703125,609.9968872070312,163159,0.0,0.0,0.0
2026-04-09 15:58:00-04:00,609.9949951171875,610.1400146484375,609.969970703125,610.0900268554688,188097,0.0,0.0,0.0
2026-04-09 15:59:00-04:00,610.0800170898438,610.2100219726562,610.010009765625,610.0800170898438,759938,0.0,0.0,0.0
2026-04-10 09:30:00-04:00,611.8499755859375,612.489990234375,611.7100219726562,612.1224975585938,2469561,0.0,0.0,0.0
2026-04-10 09:31:00-04:00,612.1599731445312,612.869873046875,612.1300048828125,612.7401123046875,204914,0.0,0.0,0.0
2026-04-10 09:32:00-04:00,612.780029296875,612.9296875,612.4500122070312,612.8499755859375,139748,0.0,0.0,0.0
2026-04-10 09:33:00-04:00,612.844970703125,613.1099853515625,612.5800170898438,613.0299072265625,130377,0.0,0.0,0.0
2026-04-10 09:34:00-04:00,612.969970703125,612.969970703125,612.27001953125,612.3099975585938,161254,0.0,0.0,0.0
2026-04-10 09:35:00-04:00,612.3200073242188,612.3800048828125,611.75,611.77001953125,163909,0.0,0.0,0.0
2026-04-10 09:36:00-04:00,611.799072265625,612.1300048828125,611.75,612.0650024414062,135097,0.0,0.0,0.0
2026-04-10 09:37:00-04:00,612.1099853515625,612.6796875,611.97998046875,612.6594848632812,100112,0.0,0.0,0.0
2026-04-10 09:38:00-04:00,612.5989990234375,612.819091796875,612.0800170898438,612.1500244140625,104534,0.0,0.0,0.0
2026-04-10 09:39:00-04:00,612.1199951171875,612.1575927734375,611.489990234375,611.6300048828125,140410,0.0,0.0,0.0
2026-04-10 09:40:00-04:00,611.5999755859375,611.8099975585938,611.25,611.760009765625,102109,0.0,0.0,0.0
2026-04-10 09:41:00-04:00,611.77197265625,612.1699829101562,611.7000122070312,612.1699829101562,84728,0.0,0.0,0.0
2026-04-10 09:42:00-04:00,612.1961059570312,612.3399047851562,611.8812866210938,611.8812866210938,57922,0.0,0.0,0.0
2026-04-10 09:43:00-04:00,611.9000244140625,611.968994140625,611.5999755859375,611.5999755859375,76932,0.0,0.0,0.0
2026-04-10 09:44:00-04:00,611.5800170898438,612.02001953125,611.5200805664062,612.010009765625,55978,0.0,0.0,0.0
2026-04-10 09:45:00-04:00,612.0291748046875,612.4500122070312,612.010009765625,612.2249755859375,82674,0.0,0.0,0.0
2026-04-10 09:46:00-04:00,612.2100219726562,612.280029296875,612.02001953125,612.260009765625,80320,0.0,0.0,0.0
2026-04-10 09:47:00-04:00,612.25,612.5374755859375,612.1199951171875,612.510009765625,94424,0.0,0.0,0.0
2026-04-10 09:48:00-04:00,612.530029296875,612.739990234375,612.2901000976562,612.375,365180,0.0,0.0,0.0
2026-04-10 09:49:00-04:00,612.4000244140625,612.5,611.9400024414062,611.9600219726562,148479,0.0,0.0,0.0
2026-04-10 09:50:00-04:00,611.9600219726562,612.0700073242188,611.469970703125,611.510009765625,145151,0.0,0.0,0.0
2026-04-10 09:51:00-04:00,611.5150146484375,611.9099731445312,611.4719848632812,611.9099731445312,69396,0.0,0.0,0.0
2026-04-10 09:52:00-04:00,611.9400024414062,612.4550170898438,611.9000244140625,612.280029296875,73019,0.0,0.0,0.0
2026-04-10 09:53:00-04:00,612.2789916992188,612.52001953125,612.1699829101562,612.1799926757812,72931,0.0,0.0,0.0
2026-04-10 09:54:00-04:00,612.1920166015625,612.4400024414062,612.1400146484375,612.39501953125,53030,0.0,0.0,0.0
2026-04-10 09:55:00-04:00,612.3800048828125,612.4190063476562,612.1900024414062,612.2899780273438,78633,0.0,0.0,0.0
2026-04-10 09:56:00-04:00,612.3200073242188,612.3200073242188,612.0399780273438,612.0800170898438,60084,0.0,0.0,0.0
2026-04-10 09:57:00-04:00,612.0700073242188,612.3933715820312,611.97998046875,612.1008911132812,69385,0.0,0.0,0.0
2026-04-10 09:58:00-04:00,612.1300048828125,612.1699829101562,611.8699951171875,611.9949951171875,53021,0.0,0.0,0.0
2026-04-10 09:59:00-04:00,612.010009765625,612.0900268554688,611.6900024414062,611.8699951171875,42075,0.0,0.0,0.0
2026-04-10 10:00:00-04:00,611.8599853515625,611.9600219726562,611.4199829101562,611.4799194335938,120872,0.0,0.0,0.0
2026-04-10 10:01:00-04:00,611.489990234375,611.5499877929688,611.0800170898438,611.1199951171875,120810,0.0,0.0,0.0
2026-04-10 10:02:00-04:00,611.1300048828125,611.6599731445312,611.1199951171875,611.2899780273438,120719,0.0,0.0,0.0
2026-04-10 10:03:00-04:00,611.280029296875,611.4600219726562,611.0800170898438,611.2100219726562,68020,0.0,0.0,0.0
2026-04-10 10:04:00-04:00,611.2249755859375,611.409912109375,611.1500244140625,611.219970703125,75072,0.0,0.0,0.0
2026-04-10 10:05:00-04:00,611.2000122070312,611.489990234375,611.0599975585938,611.3599853515625,77474,0.0,0.0,0.0
2026-04-10 10:06:00-04:00,611.3574829101562,611.3574829101562,611.1599731445312,611.239990234375,63800,0.0,0.0,0.0
2026-04-10 10:07:00-04:00,611.25,611.25,610.7999877929688,611.0449829101562,112501,0.0,0.0,0.0
2026-04-10 10:08:00-04:00,611.0800170898438,611.3900146484375,611.0,611.298828125,69993,0.0,0.0,0.0
2026-04-10 10:09:00-04:00,611.260009765625,611.2999877929688,611.02001953125,611.1099853515625,79958,0.0,0.0,0.0
2026-04-10 10:10:00-04:00,611.1199951171875,611.1900024414062,610.75,610.75,123093,0.0,0.0,0.0
2026-04-10 10:11:00-04:00,610.760009765625,610.9298706054688,610.6599731445312,610.880615234375,170190,0.0,0.0,0.0
2026-04-10 10:12:00-04:00,610.8900146484375,611.3499755859375,610.8400268554688,611.3101196289062,113497,0.0,0.0,0.0
2026-04-10 10:13:00-04:00,611.3300170898438,611.8599853515625,611.27001953125,611.7449951171875,177028,0.0,0.0,0.0
2026-04-10 10:14:00-04:00,611.7449951171875,612.0700073242188,611.5900268554688,611.9849853515625,136860,0.0,0.0,0.0
2026-04-10 10:15:00-04:00,611.969970703125,612.1900024414062,611.9600219726562,612.155029296875,171334,0.0,0.0,0.0
2026-04-10 10:16:00-04:00,612.1599731445312,612.227294921875,611.905029296875,611.9400024414062,102683,0.0,0.0,0.0
2026-04-10 10:17:00-04:00,611.9299926757812,612.1400146484375,611.72998046875,612.0050048828125,96690,0.0,0.0,0.0
2026-04-10 10:18:00-04:00,612.0,612.1199951171875,611.9207763671875,612.0250244140625,65515,0.0,0.0,0.0
2026-04-10 10:19:00-04:00,612.0399780273438,612.3049926757812,611.8499755859375,612.27001953125,85052,0.0,0.0,0.0
2026-04-10 10:20:00-04:00,612.260009765625,612.3599853515625,612.0900268554688,612.27001953125,83986,0.0,0.0,0.0
2026-04-10 10:21:00-04:00,612.2650146484375,612.2650146484375,611.9349975585938,612.1599731445312,73238,0.0,0.0,0.0
2026-04-10 10:22:00-04:00,612.1699829101562,612.25,612.1400146484375,612.1900024414062,72082,0.0,0.0,0.0
2026-04-10 10:23:00-04:00,612.1799926757812,612.3900146484375,612.1630249023438,612.3701171875,143485,0.0,0.0,0.0
2026-04-10 10:24:00-04:00,612.3800048828125,612.4896850585938,612.239990234375,612.4500122070312,71744,0.0,0.0,0.0
2026-04-10 10:25:00-04:00,612.4349975585938,612.6699829101562,612.3399047851562,612.5850219726562,73947,0.0,0.0,0.0
2026-04-10 10:26:00-04:00,612.5599975585938,612.6699829101562,612.4099731445312,612.530029296875,74877,0.0,0.0,0.0
2026-04-10 10:27:00-04:00,612.5449829101562,612.5599975585938,612.22998046875,612.3800048828125,85544,0.0,0.0,0.0
2026-04-10 10:28:00-04:00,612.3699951171875,612.3800048828125,612.1599731445312,612.3800048828125,140755,0.0,0.0,0.0
2026-04-10 10:29:00-04:00,612.3300170898438,612.4600219726562,612.280029296875,612.4199829101562,37016,0.0,0.0,0.0
2026-04-10 10:30:00-04:00,612.4299926757812,612.7550048828125,612.3599853515625,612.72998046875,72410,0.0,0.0,0.0
2026-04-10 10:31:00-04:00,612.739990234375,612.909912109375,612.6199951171875,612.6849975585938,123312,0.0,0.0,0.0
2026-04-10 10:32:00-04:00,612.6799926757812,613.1699829101562,612.6599731445312,612.8699951171875,237130,0.0,0.0,0.0
2026-04-10 10:33:00-04:00,612.8699951171875,613.0919799804688,612.7899780273438,612.905029296875,90582,0.0,0.0,0.0
2026-04-10 10:34:00-04:00,612.919921875,613.2100219726562,612.6500244140625,612.739990234375,287014,0.0,0.0,0.0
2026-04-10 10:35:00-04:00,612.7449951171875,612.9099731445312,612.572021484375,612.72998046875,72735,0.0,0.0,0.0
2026-04-10 10:36:00-04:00,612.72998046875,612.7999877929688,612.5900268554688,612.7750244140625,64868,0.0,0.0,0.0
2026-04-10 10:37:00-04:00,612.7620239257812,612.7620239257812,612.3900146484375,612.5,79659,0.0,0.0,0.0
2026-04-10 10:38:00-04:00,612.4949951171875,612.9600219726562,612.47998046875,612.9600219726562,46991,0.0,0.0,0.0
2026-04-10 10:39:00-04:00,612.9600219726562,612.9600219726562,612.52001953125,612.530029296875,60699,0.0,0.0,0.0
2026-04-10 10:40:00-04:00,612.5399780273438,612.6699829101562,612.5,612.530029296875,64127,0.0,0.0,0.0
2026-04-10 10:41:00-04:00,612.52001953125,612.77001953125,612.5150146484375,612.6500244140625,44804,0.0,0.0,0.0
2026-04-10 10:42:00-04:00,612.6500244140625,612.75,611.5903930664062,611.739990234375,240722,0.0,0.0,0.0
2026-04-10 10:43:00-04:00,611.72998046875,612.3499755859375,611.603515625,612.0549926757812,126898,0.0,0.0,0.0
2026-04-10 10:44:00-04:00,612.0399780273438,612.2899780273438,611.8699951171875,611.9099731445312,70912,0.0,0.0,0.0
2026-04-10 10:45:00-04:00,611.9149780273438,612.1900024414062,611.7849731445312,612.1649780273438,95758,0.0,0.0,0.0
2026-04-10 10:46:00-04:00,612.1599731445312,612.369873046875,612.0900268554688,612.239990234375,95721,0.0,0.0,0.0
2026-04-10 10:47:00-04:00,612.239990234375,612.4600219726562,612.1400146484375,612.4400024414062,83181,0.0,0.0,0.0
2026-04-10 10:48:00-04:00,612.4299926757812,612.4299926757812,611.9400024414062,612.130126953125,105847,0.0,0.0,0.0
2026-04-10 10:49:00-04:00,612.1300048828125,612.1599731445312,611.768798828125,611.85498046875,84749,0.0,0.0,0.0
2026-04-10 10:50:00-04:00,611.85498046875,612.3150024414062,611.85498046875,612.2000122070312,102824,0.0,0.0,0.0
2026-04-10 10:51:00-04:00,612.2136840820312,612.4000244140625,612.1900024414062,612.344970703125,40265,0.0,0.0,0.0
2026-04-10 10:52:00-04:00,612.3400268554688,612.6599731445312,612.280029296875,612.4550170898438,116722,0.0,0.0,0.0
2026-04-10 10:53:00-04:00,612.4600219726562,612.4600219726562,612.1300048828125,612.1500244140625,59767,0.0,0.0,0.0
2026-04-10 10:54:00-04:00,612.1400146484375,612.1400146484375,611.8900146484375,611.9500122070312,128126,0.0,0.0,0.0
2026-04-10 10:55:00-04:00,611.9600219726562,612.0499877929688,611.7000122070312,612.0499877929688,77561,0.0,0.0,0.0
2026-04-10 10:56:00-04:00,612.010009765625,612.4100952148438,612.010009765625,612.3900756835938,64211,0.0,0.0,0.0
2026-04-10 10:57:00-04:00,612.4400024414062,612.719970703125,612.347900390625,612.6500244140625,52572,0.0,0.0,0.0
2026-04-10 10:58:00-04:00,612.6109008789062,612.8599853515625,612.5800170898438,612.7000122070312,49466,0.0,0.0,0.0
2026-04-10 10:59:00-04:00,612.6900024414062,612.719970703125,612.530029296875,612.6699829101562,48701,0.0,0.0,0.0
2026-04-10 11:00:00-04:00,612.6699829101562,612.8200073242188,612.4400024414062,612.4400024414062,53947,0.0,0.0,0.0
2026-04-10 11:01:00-04:00,612.4500122070312,612.72998046875,612.4500122070312,612.6300048828125,39395,0.0,0.0,0.0
2026-04-10 11:02:00-04:00,612.64990234375,612.7000122070312,612.489990234375,612.5999755859375,32407,0.0,0.0,0.0
2026-04-10 11:03:00-04:00,612.5700073242188,612.6740112304688,612.469970703125,612.510009765625,39342,0.0,0.0,0.0
2026-04-10 11:04:00-04:00,612.52001953125,612.5700073242188,612.3499755859375,612.3699951171875,36971,0.0,0.0,0.0
2026-04-10 11:05:00-04:00,612.385009765625,612.469970703125,612.3151245117188,612.3699951171875,33479,0.0,0.0,0.0
2026-04-10 11:06:00-04:00,612.3599853515625,612.5599975585938,612.1199951171875,612.489990234375,51272,0.0,0.0,0.0
2026-04-10 11:07:00-04:00,612.5,612.6599731445312,612.3099975585938,612.5399780273438,33278,0.0,0.0,0.0
2026-04-10 11:08:00-04:00,612.5700073242188,612.7999877929688,612.5499877929688,612.75,40664,0.0,0.0,0.0
2026-04-10 11:09:00-04:00,612.739990234375,612.909912109375,612.6599731445312,612.760009765625,118906,0.0,0.0,0.0
2026-04-10 11:10:00-04:00,612.739990234375,612.864990234375,612.5599975585938,612.5599975585938,59067,0.0,0.0,0.0
2026-04-10 11:11:00-04:00,612.5900268554688,612.8499755859375,612.5650024414062,612.8308715820312,69187,0.0,0.0,0.0
2026-04-10 11:12:00-04:00,612.844970703125,613.0399780273438,612.8400268554688,612.989990234375,106952,0.0,0.0,0.0
2026-04-10 11:13:00-04:00,613.030029296875,613.0401000976562,612.8699951171875,612.8699951171875,74564,0.0,0.0,0.0
2026-04-10 11:14:00-04:00,612.860107421875,613.1500244140625,612.860107421875,613.0999755859375,72749,0.0,0.0,0.0
2026-04-10 11:15:00-04:00,613.1099853515625,613.3900146484375,613.1099853515625,613.3499755859375,89432,0.0,0.0,0.0
2026-04-10 11:16:00-04:00,613.3200073242188,613.3200073242188,613.1400756835938,613.239990234375,55065,0.0,0.0,0.0
2026-04-10 11:17:00-04:00,613.27001953125,613.3049926757812,613.1199951171875,613.260009765625,74582,0.0,0.0,0.0
2026-04-10 11:18:00-04:00,613.280029296875,613.3900146484375,613.1749877929688,613.2999877929688,70327,0.0,0.0,0.0
2026-04-10 11:19:00-04:00,613.2899780273438,613.3099975585938,613.0399780273438,613.119873046875,56607,0.0,0.0,0.0
2026-04-10 11:20:00-04:00,613.1199951171875,613.2000122070312,613.0399780273438,613.1990966796875,25669,0.0,0.0,0.0
2026-04-10 11:21:00-04:00,613.1799926757812,613.280029296875,613.110107421875,613.239990234375,22657,0.0,0.0,0.0
2026-04-10 11:22:00-04:00,613.22998046875,613.3499755859375,613.1199951171875,613.2550048828125,35086,0.0,0.0,0.0
2026-04-10 11:23:00-04:00,613.27001953125,613.5800170898438,613.2000122070312,613.5700073242188,72222,0.0,0.0,0.0
2026-04-10 11:24:00-04:00,613.5700073242188,613.6699829101562,613.4400024414062,613.5999755859375,58329,0.0,0.0,0.0
2026-04-10 11:25:00-04:00,613.5499877929688,613.5499877929688,613.2119750976562,613.22998046875,70815,0.0,0.0,0.0
2026-04-10 11:26:00-04:00,613.2249755859375,613.2249755859375,612.8499755859375,612.9099731445312,256997,0.0,0.0,0.0
2026-04-10 11:27:00-04:00,612.9298706054688,612.9600219726562,612.8099975585938,612.9400024414062,33421,0.0,0.0,0.0
2026-04-10 11:28:00-04:00,612.9600219726562,613.02001953125,612.780029296875,612.97998046875,42041,0.0,0.0,0.0
2026-04-10 11:29:00-04:00,613.0,613.0098876953125,612.5,612.5999145507812,96626,0.0,0.0,0.0
2026-04-10 11:30:00-04:00,612.635009765625,612.8099975585938,612.5499877929688,612.5599975585938,73860,0.0,0.0,0.0
2026-04-10 11:31:00-04:00,612.5399780273438,612.6799926757812,612.3270263671875,612.3800048828125,58898,0.0,0.0,0.0
2026-04-10 11:32:00-04:00,612.4400024414062,612.47998046875,612.0900268554688,612.2050170898438,61319,0.0,0.0,0.0
2026-04-10 11:33:00-04:00,612.2098999023438,612.3300170898438,612.125,612.1599731445312,52033,0.0,0.0,0.0
2026-04-10 11:34:00-04:00,612.1599731445312,612.3200073242188,612.010009765625,612.25,72386,0.0,0.0,0.0
2026-04-10 11:35:00-04:00,612.27001953125,612.375,612.10498046875,612.1303100585938,55265,0.0,0.0,0.0
2026-04-10 11:36:00-04:00,612.1300048828125,612.2799072265625,612.0700073242188,612.1599731445312,35398,0.0,0.0,0.0
2026-04-10 11:37:00-04:00,612.1699829101562,612.2188720703125,611.8499755859375,611.9400024414062,55816,0.0,0.0,0.0
2026-04-10 11:38:00-04:00,611.9400024414062,611.9598999023438,611.6799926757812,611.7802124023438,85128,0.0,0.0,0.0
2026-04-10 11:39:00-04:00,611.8359985351562,611.8449096679688,611.4400024414062,611.5,80118,0.0,0.0,0.0
2026-04-10 11:40:00-04:00,611.530029296875,611.5399780273438,611.1300048828125,611.227783203125,197780,0.0,0.0,0.0
2026-04-10 11:41:00-04:00,611.239990234375,611.52490234375,611.1900024414062,611.519775390625,93359,0.0,0.0,0.0
2026-04-10 11:42:00-04:00,611.530029296875,611.6300048828125,611.2100219726562,611.3099975585938,71181,0.0,0.0,0.0
2026-04-10 11:43:00-04:00,611.2899780273438,611.5,611.280029296875,611.4199829101562,52054,0.0,0.0,0.0
2026-04-10 11:44:00-04:00,611.4299926757812,611.6500244140625,611.3699951171875,611.5599975585938,64960,0.0,0.0,0.0
2026-04-10 11:45:00-04:00,611.5700073242188,611.8099975585938,611.5,611.655029296875,114480,0.0,0.0,0.0
2026-04-10 11:46:00-04:00,611.6599731445312,611.7000122070312,611.530029296875,611.5599975585938,46765,0.0,0.0,0.0
2026-04-10 11:47:00-04:00,611.5599975585938,611.6649780273438,611.4299926757812,611.6099853515625,33839,0.0,0.0,0.0
2026-04-10 11:48:00-04:00,611.6199951171875,611.6599731445312,611.2100219726562,611.2999877929688,42228,0.0,0.0,0.0
2026-04-10 11:49:00-04:00,611.280029296875,611.4099731445312,611.25,611.4003295898438,36811,0.0,0.0,0.0
2026-04-10 11:50:00-04:00,611.4099731445312,611.5700073242188,611.27001953125,611.3099975585938,48829,0.0,0.0,0.0
2026-04-10 11:51:00-04:00,611.3699951171875,611.4299926757812,611.2050170898438,611.3087768554688,58808,0.0,0.0,0.0
2026-04-10 11:52:00-04:00,611.2999877929688,611.4000244140625,611.2000122070312,611.3200073242188,60176,0.0,0.0,0.0
2026-04-10 11:53:00-04:00,611.2949829101562,611.2999877929688,611.0,611.0659790039062,48331,0.0,0.0,0.0
2026-04-10 11:54:00-04:00,611.02001953125,611.2999267578125,610.9000244140625,610.9400024414062,72721,0.0,0.0,0.0
2026-04-10 11:55:00-04:00,610.9299926757812,610.9616088867188,610.6199951171875,610.8200073242188,98189,0.0,0.0,0.0
2026-04-10 11:56:00-04:00,610.7999877929688,610.8200073242188,610.4650268554688,610.5075073242188,205091,0.0,0.0,0.0
2026-04-10 11:57:00-04:00,610.4802856445312,610.530029296875,610.1400146484375,610.3200073242188,113663,0.0,0.0,0.0
2026-04-10 11:58:00-04:00,610.3499755859375,610.6400146484375,610.3101196289062,610.52001953125,107730,0.0,0.0,0.0
2026-04-10 11:59:00-04:00,610.510009765625,610.5999755859375,610.4000244140625,610.5999755859375,59213,0.0,0.0,0.0
2026-04-10 12:00:00-04:00,610.6099853515625,610.6843872070312,610.3800048828125,610.4299926757812,83028,0.0,0.0,0.0
2026-04-10 12:01:00-04:00,610.4249877929688,610.5,610.219970703125,610.2506103515625,49375,0.0,0.0,0.0
2026-04-10 12:02:00-04:00,610.260009765625,610.72998046875,610.2349853515625,610.5999755859375,94646,0.0,0.0,0.0
2026-04-10 12:03:00-04:00,610.6099853515625,610.734375,610.5,610.6099853515625,66520,0.0,0.0,0.0
2026-04-10 12:04:00-04:00,610.6099853515625,610.6099853515625,610.4099731445312,610.419921875,63890,0.0,0.0,0.0
2026-04-10 12:05:00-04:00,610.4199829101562,610.7000122070312,610.3800048828125,610.5599975585938,41186,0.0,0.0,0.0
2026-04-10 12:06:00-04:00,610.5399780273438,610.6199951171875,610.4500122070312,610.4949951171875,24869,0.0,0.0,0.0
2026-04-10 12:07:00-04:00,610.469970703125,610.5499877929688,610.3150024414062,610.5200805664062,39496,0.0,0.0,0.0
2026-04-10 12:08:00-04:00,610.52001953125,610.72998046875,610.510009765625,610.619384765625,53826,0.0,0.0,0.0
2026-04-10 12:09:00-04:00,610.6199951171875,610.7000122070312,610.5,610.5419921875,273832,0.0,0.0,0.0
2026-04-10 12:10:00-04:00,610.5449829101562,611.02001953125,610.530029296875,611.010009765625,135267,0.0,0.0,0.0
2026-04-10 12:11:00-04:00,611.0,611.1599731445312,610.9302978515625,611.0999755859375,64805,0.0,0.0,0.0
2026-04-10 12:12:00-04:00,611.0999755859375,611.219970703125,611.0399780273438,611.0999755859375,665708,0.0,0.0,0.0
2026-04-10 12:13:00-04:00,611.0900268554688,611.4600219726562,611.0850219726562,611.4600219726562,124081,0.0,0.0,0.0
2026-04-10 12:14:00-04:00,611.4500122070312,611.489990234375,611.280029296875,611.2899780273438,48950,0.0,0.0,0.0
2026-04-10 12:15:00-04:00,611.2899780273438,611.3400268554688,611.1900024414062,611.3250122070312,59890,0.0,0.0,0.0
2026-04-10 12:16:00-04:00,611.3300170898438,611.47998046875,611.2800903320312,611.4400024414062,38163,0.0,0.0,0.0
2026-04-10 12:17:00-04:00,611.4600219726562,611.4949951171875,611.1699829101562,611.2471923828125,48970,0.0,0.0,0.0
2026-04-10 12:18:00-04:00,611.260009765625,611.2999877929688,611.1599731445312,611.2999877929688,307699,0.0,0.0,0.0
2026-04-10 12:19:00-04:00,611.3092041015625,611.3092041015625,611.0800170898438,611.2000122070312,53177,0.0,0.0,0.0
2026-04-10 12:20:00-04:00,611.219970703125,611.2498779296875,610.7449951171875,610.7899780273438,55151,0.0,0.0,0.0
2026-04-10 12:21:00-04:00,610.8049926757812,610.905029296875,610.77001953125,610.8150024414062,24750,0.0,0.0,0.0
2026-04-10 12:22:00-04:00,610.7901000976562,611.1199951171875,610.77001953125,611.0850219726562,30520,0.0,0.0,0.0
2026-04-10 12:23:00-04:00,611.0479736328125,611.2479858398438,611.010009765625,611.1799926757812,46772,0.0,0.0,0.0
2026-04-10 12:24:00-04:00,611.1699829101562,611.3001098632812,611.030029296875,611.2896728515625,34026,0.0,0.0,0.0
2026-04-10 12:25:00-04:00,611.280029296875,611.2899780273438,610.9400024414062,611.030029296875,30661,0.0,0.0,0.0
2026-04-10 12:26:00-04:00,611.031982421875,611.0692749023438,610.8900146484375,610.9000244140625,29622,0.0,0.0,0.0
2026-04-10 12:27:00-04:00,610.9099731445312,610.9500122070312,610.8599853515625,610.8800048828125,38505,0.0,0.0,0.0
2026-04-10 12:28:00-04:00,610.9000244140625,611.0700073242188,610.760009765625,610.969970703125,83034,0.0,0.0,0.0
2026-04-10 12:29:00-04:00,610.93701171875,611.0900268554688,610.8400268554688,610.8599243164062,63073,0.0,0.0,0.0
2026-04-10 12:30:00-04:00,610.85009765625,611.0499877929688,610.8300170898438,610.875,44703,0.0,0.0,0.0
2026-04-10 12:31:00-04:00,610.8499755859375,610.9299926757812,610.7000122070312,610.9149780273438,40531,0.0,0.0,0.0
2026-04-10 12:32:00-04:00,610.9149780273438,611.0399169921875,610.510009765625,610.5900268554688,56379,0.0,0.0,0.0
2026-04-10 12:33:00-04:00,610.5900268554688,610.6699829101562,610.4299926757812,610.5391845703125,45931,0.0,0.0,0.0
2026-04-10 12:34:00-04:00,610.5299072265625,610.6871948242188,610.4299926757812,610.60009765625,43806,0.0,0.0,0.0
2026-04-10 12:35:00-04:00,610.6400146484375,610.6599731445312,610.4100952148438,610.52001953125,40158,0.0,0.0,0.0
2026-04-10 12:36:00-04:00,610.530029296875,610.530029296875,610.2949829101562,610.3021240234375,22265,0.0,0.0,0.0
2026-04-10 12:37:00-04:00,610.3200073242188,610.530029296875,610.239990234375,610.4749755859375,38527,0.0,0.0,0.0
2026-04-10 12:38:00-04:00,610.4500122070312,610.5009765625,610.25,610.2600708007812,21158,0.0,0.0,0.0
2026-04-10 12:39:00-04:00,610.25,610.3300170898438,610.1799926757812,610.25,26646,0.0,0.0,0.0
2026-04-10 12:40:00-04:00,610.2750244140625,610.3399047851562,609.9400024414062,609.9450073242188,47214,0.0,0.0,0.0
2026-04-10 12:41:00-04:00,609.9500122070312,609.97998046875,609.760009765625,609.8400268554688,65072,0.0,0.0,0.0
2026-04-10 12:42:00-04:00,609.8392944335938,610.0,609.75,609.8400268554688,56444,0.0,0.0,0.0
2026-04-10 12:43:00-04:00,609.840087890625,610.018798828125,609.763916015625,609.763916015625,76225,0.0,0.0,0.0
2026-04-10 12:44:00-04:00,609.760009765625,609.8200073242188,609.5800170898438,609.6810913085938,69283,0.0,0.0,0.0
2026-04-10 12:45:00-04:00,609.7050170898438,609.969970703125,609.7000122070312,609.8499755859375,61386,0.0,0.0,0.0
2026-04-10 12:46:00-04:00,609.8200073242188,610.094970703125,609.6599731445312,610.0700073242188,61847,0.0,0.0,0.0
2026-04-10 12:47:00-04:00,610.0999755859375,610.1900024414062,610.0150146484375,610.0900268554688,57827,0.0,0.0,0.0
2026-04-10 12:48:00-04:00,610.0,610.239990234375,609.9822998046875,610.16259765625,51573,0.0,0.0,0.0
2026-04-10 12:49:00-04:00,610.1400146484375,610.239990234375,610.1099853515625,610.239990234375,47906,0.0,0.0,0.0
2026-04-10 12:50:00-04:00,610.2310180664062,610.530029296875,610.2310180664062,610.3499755859375,174274,0.0,0.0,0.0
2026-04-10 12:51:00-04:00,610.3499755859375,610.4600219726562,610.02001953125,610.243408203125,131456,0.0,0.0,0.0
2026-04-10 12:52:00-04:00,610.2550048828125,610.3300170898438,610.1400146484375,610.1900024414062,36644,0.0,0.0,0.0
2026-04-10 12:53:00-04:00,610.2000122070312,610.75,610.2000122070312,610.6300048828125,79795,0.0,0.0,0.0
2026-04-10 12:54:00-04:00,610.6199951171875,610.6199951171875,610.4998779296875,610.57470703125,22271,0.0,0.0,0.0
2026-04-10 12:55:00-04:00,610.5900268554688,610.6300048828125,610.47998046875,610.6279907226562,27932,0.0,0.0,0.0
2026-04-10 12:56:00-04:00,610.5900268554688,610.590087890625,610.4299926757812,610.530029296875,24600,0.0,0.0,0.0
2026-04-10 12:57:00-04:00,610.5399780273438,610.6500244140625,610.4000854492188,610.5,29232,0.0,0.0,0.0
2026-04-10 12:58:00-04:00,610.489990234375,610.510009765625,610.3800048828125,610.4600219726562,25864,0.0,0.0,0.0
2026-04-10 12:59:00-04:00,610.5,610.6300048828125,610.4600219726562,610.6199951171875,25969,0.0,0.0,0.0
2026-04-10 13:00:00-04:00,610.6300048828125,610.6400146484375,610.2802734375,610.3699951171875,46894,0.0,0.0,0.0
2026-04-10 13:01:00-04:00,610.3400268554688,610.5,610.22998046875,610.260009765625,42214,0.0,0.0,0.0
2026-04-10 13:02:00-04:00,610.260009765625,610.3300170898438,609.9949951171875,610.119873046875,42195,0.0,0.0,0.0
2026-04-10 13:03:00-04:00,610.1229858398438,610.280029296875,610.0399780273438,610.1099853515625,33965,0.0,0.0,0.0
2026-04-10 13:04:00-04:00,610.10498046875,610.1300048828125,609.8599853515625,609.885009765625,21445,0.0,0.0,0.0
2026-04-10 13:05:00-04:00,609.905029296875,610.0499877929688,609.8300170898438,609.8748168945312,24499,0.0,0.0,0.0
2026-04-10 13:06:00-04:00,609.8701171875,609.8900146484375,609.77001953125,609.8380126953125,17234,0.0,0.0,0.0
2026-04-10 13:07:00-04:00,609.8350219726562,609.9600219726562,609.7200927734375,609.9600219726562,25197,0.0,0.0,0.0
2026-04-10 13:08:00-04:00,609.9500122070312,610.188720703125,609.9299926757812,610.067626953125,41924,0.0,0.0,0.0
2026-04-10 13:09:00-04:00,610.0800170898438,610.169921875,610.0549926757812,610.1300048828125,27284,0.0,0.0,0.0
2026-04-10 13:10:00-04:00,610.1099853515625,610.1400146484375,609.8900146484375,609.8900146484375,40678,0.0,0.0,0.0
2026-04-10 13:11:00-04:00,609.8800048828125,610.0399780273438,609.8499755859375,609.9199829101562,26620,0.0,0.0,0.0
2026-04-10 13:12:00-04:00,609.9400024414062,610.1799926757812,609.919921875,610.1300048828125,22300,0.0,0.0,0.0
2026-04-10 13:13:00-04:00,610.125,610.3150024414062,610.1199951171875,610.2006225585938,51663,0.0,0.0,0.0
2026-04-10 13:14:00-04:00,610.2100219726562,610.2650146484375,610.1099853515625,610.2000122070312,25541,0.0,0.0,0.0
2026-04-10 13:15:00-04:00,610.2100219726562,610.3499145507812,610.0100708007812,610.030029296875,31976,0.0,0.0,0.0
2026-04-10 13:16:00-04:00,610.0598754882812,610.2100219726562,609.9600219726562,610.155029296875,27662,0.0,0.0,0.0
2026-04-10 13:17:00-04:00,610.159912109375,610.2999877929688,610.159912109375,610.1799926757812,23461,0.0,0.0,0.0
2026-04-10 13:18:00-04:00,610.1699829101562,610.3400268554688,610.1599731445312,610.2999877929688,27891,0.0,0.0,0.0
2026-04-10 13:19:00-04:00,610.3621826171875,610.4000244140625,610.1900024414062,610.2750244140625,16686,0.0,0.0,0.0
2026-04-10 13:20:00-04:00,610.2949829101562,610.2949829101562,610.0599975585938,610.0911865234375,22806,0.0,0.0,0.0
2026-04-10 13:21:00-04:00,610.0700073242188,610.2150268554688,610.030029296875,610.1099853515625,12880,0.0,0.0,0.0
2026-04-10 13:22:00-04:00,610.1099853515625,610.1099853515625,609.72998046875,609.7902221679688,36631,0.0,0.0,0.0
2026-04-10 13:23:00-04:00,609.7999877929688,610.10302734375,609.7899780273438,610.0900268554688,38301,0.0,0.0,0.0
2026-04-10 13:24:00-04:00,610.0999755859375,610.0999755859375,609.9600219726562,609.9949951171875,26179,0.0,0.0,0.0
2026-04-10 13:25:00-04:00,610.010009765625,610.0499877929688,609.88330078125,610.030029296875,16507,0.0,0.0,0.0
2026-04-10 13:26:00-04:00,610.0999755859375,610.3099975585938,610.0999755859375,610.2000122070312,31187,0.0,0.0,0.0
2026-04-10 13:27:00-04:00,610.2000122070312,610.3099975585938,610.010009765625,610.030029296875,25476,0.0,0.0,0.0
2026-04-10 13:28:00-04:00,610.039794921875,610.039794921875,609.7999877929688,609.9000244140625,45878,0.0,0.0,0.0
2026-04-10 13:29:00-04:00,609.8800048828125,609.969970703125,609.8200073242188,609.8599853515625,21587,0.0,0.0,0.0
2026-04-10 13:30:00-04:00,609.844970703125,609.8699951171875,609.6099853515625,609.8699951171875,52550,0.0,0.0,0.0
2026-04-10 13:31:00-04:00,609.8800048828125,610.0399780273438,609.840087890625,609.8800048828125,26402,0.0,0.0,0.0
2026-04-10 13:32:00-04:00,609.8900146484375,610.2000122070312,609.880126953125,610.1799926757812,28640,0.0,0.0,0.0
2026-04-10 13:33:00-04:00,610.1699829101562,610.1799926757812,609.989990234375,609.989990234375,24081,0.0,0.0,0.0
2026-04-10 13:34:00-04:00,610.010009765625,610.02001953125,609.8400268554688,609.9390869140625,22374,0.0,0.0,0.0
2026-04-10 13:35:00-04:00,609.9099731445312,610.0750122070312,609.905029296875,609.9598999023438,23637,0.0,0.0,0.0
2026-04-10 13:36:00-04:00,609.9550170898438,609.9550170898438,609.8201904296875,609.8699951171875,21439,0.0,0.0,0.0
2026-04-10 13:37:00-04:00,609.8300170898438,609.875,609.72998046875,609.8200073242188,33666,0.0,0.0,0.0
2026-04-10 13:38:00-04:00,609.8099975585938,610.0,609.7689208984375,610.0,30432,0.0,0.0,0.0
2026-04-10 13:39:00-04:00,610.0,610.1099853515625,609.9299926757812,610.0399780273438,30985,0.0,0.0,0.0
2026-04-10 13:40:00-04:00,610.0349731445312,610.1199951171875,609.9000244140625,609.9199829101562,28460,0.0,0.0,0.0
2026-04-10 13:41:00-04:00,609.9099731445312,610.0599975585938,609.8599853515625,610.02001953125,34322,0.0,0.0,0.0
2026-04-10 13:42:00-04:00,610.010009765625,610.2050170898438,609.9010009765625,610.2050170898438,82168,0.0,0.0,0.0
2026-04-10 13:43:00-04:00,610.2050170898438,610.3900146484375,610.1950073242188,610.3150024414062,68211,0.0,0.0,0.0
2026-04-10 13:44:00-04:00,610.3099975585938,610.4000244140625,610.219970703125,610.344970703125,28084,0.0,0.0,0.0
2026-04-10 13:45:00-04:00,610.3499755859375,610.4400024414062,610.2899780273438,610.3900146484375,51973,0.0,0.0,0.0
2026-04-10 13:46:00-04:00,610.3800048828125,610.4199829101562,610.260009765625,610.3099975585938,37715,0.0,0.0,0.0
2026-04-10 13:47:00-04:00,610.2949829101562,610.3900146484375,610.239990234375,610.3200073242188,21497,0.0,0.0,0.0
2026-04-10 13:48:00-04:00,610.3200073242188,610.3800048828125,610.2100219726562,610.3198852539062,24525,0.0,0.0,0.0
2026-04-10 13:49:00-04:00,610.3300170898438,610.4000244140625,610.25,610.3499755859375,32958,0.0,0.0,0.0
2026-04-10 13:50:00-04:00,610.3198852539062,610.6199951171875,610.3198852539062,610.60498046875,51768,0.0,0.0,0.0
2026-04-10 13:51:00-04:00,610.5999755859375,610.6099853515625,610.4400024414062,610.5549926757812,27250,0.0,0.0,0.0
2026-04-10 13:52:00-04:00,610.5599975585938,610.72998046875,610.5599975585938,610.72998046875,52381,0.0,0.0,0.0
2026-04-10 13:53:00-04:00,610.719970703125,610.7899780273438,610.6400146484375,610.780029296875,30936,0.0,0.0,0.0
2026-04-10 13:54:00-04:00,610.7849731445312,610.8499755859375,610.739990234375,610.8150024414062,50997,0.0,0.0,0.0
2026-04-10 13:55:00-04:00,610.8150024414062,610.85498046875,610.6799926757812,610.6900024414062,51388,0.0,0.0,0.0
2026-04-10 13:56:00-04:00,610.6912231445312,610.780029296875,610.6704711914062,610.7650146484375,19474,0.0,0.0,0.0
2026-04-10 13:57:00-04:00,610.77001953125,610.8200073242188,610.719970703125,610.8200073242188,12285,0.0,0.0,0.0
2026-04-10 13:58:00-04:00,610.8200073242188,610.8489990234375,610.7449951171875,610.780029296875,17618,0.0,0.0,0.0
2026-04-10 13:59:00-04:00,610.7899780273438,610.8250122070312,610.6599731445312,610.780029296875,20111,0.0,0.0,0.0
2026-04-10 14:00:00-04:00,610.780029296875,610.8200073242188,610.6500244140625,610.7550048828125,27632,0.0,0.0,0.0
2026-04-10 14:01:00-04:00,610.77001953125,610.77001953125,610.6500244140625,610.6500244140625,22685,0.0,0.0,0.0
2026-04-10 14:02:00-04:00,610.6599731445312,610.7291259765625,610.530029296875,610.530029296875,56163,0.0,0.0,0.0
2026-04-10 14:03:00-04:00,610.530029296875,610.5750122070312,610.4400024414062,610.4949951171875,34610,0.0,0.0,0.0
2026-04-10 14:04:00-04:00,610.530029296875,610.5399780273438,610.2249755859375,610.2575073242188,60471,0.0,0.0,0.0
2026-04-10 14:05:00-04:00,610.25,610.3300170898438,610.0700073242188,610.267822265625,61149,0.0,0.0,0.0
2026-04-10 14:06:00-04:00,610.2650146484375,610.3499755859375,610.2098999023438,610.2100219726562,34502,0.0,0.0,0.0
2026-04-10 14:07:00-04:00,610.25,610.280029296875,610.0399780273438,610.0800170898438,47810,0.0,0.0,0.0
2026-04-10 14:08:00-04:00,610.0599975585938,610.2999877929688,610.0,610.2999877929688,34136,0.0,0.0,0.0
2026-04-10 14:09:00-04:00,610.3099975585938,610.3300170898438,610.1699829101562,610.1699829101562,18630,0.0,0.0,0.0
2026-04-10 14:10:00-04:00,610.1799926757812,610.2550048828125,610.1170043945312,610.2550048828125,23147,0.0,0.0,0.0
2026-04-10 14:11:00-04:00,610.2850952148438,610.510009765625,610.2750244140625,610.4400024414062,39164,0.0,0.0,0.0
2026-04-10 14:12:00-04:00,610.4400024414062,610.47998046875,610.3499755859375,610.3900146484375,29191,0.0,0.0,0.0
2026-04-10 14:13:00-04:00,610.3699951171875,610.4550170898438,610.2401123046875,610.27001953125,30203,0.0,0.0,0.0
2026-04-10 14:14:00-04:00,610.280029296875,610.4099731445312,610.280029296875,610.3900146484375,21924,0.0,0.0,0.0
2026-04-10 14:15:00-04:00,610.409912109375,610.5800170898438,610.3900146484375,610.4949951171875,30778,0.0,0.0,0.0
2026-04-10 14:16:00-04:00,610.4849853515625,610.6099853515625,610.4310302734375,610.5599975585938,39986,0.0,0.0,0.0
2026-04-10 14:17:00-04:00,610.5700073242188,610.6699829101562,610.4744262695312,610.659912109375,26119,0.0,0.0,0.0
2026-04-10 14:18:00-04:00,610.6599731445312,610.7100219726562,610.6099853515625,610.7000122070312,20178,0.0,0.0,0.0
2026-04-10 14:19:00-04:00,610.7000122070312,610.7899780273438,610.6599731445312,610.75,34913,0.0,0.0,0.0
2026-04-10 14:20:00-04:00,610.760009765625,610.9199829101562,610.6799926757812,610.885009765625,22859,0.0,0.0,0.0
2026-04-10 14:21:00-04:00,610.9000244140625,610.9849853515625,610.780029296875,610.8900146484375,106446,0.0,0.0,0.0
2026-04-10 14:22:00-04:00,610.9000854492188,610.9036865234375,610.739990234375,610.77001953125,42535,0.0,0.0,0.0
2026-04-10 14:23:00-04:00,610.7899780273438,610.9600219726562,610.7899780273438,610.8800048828125,49981,0.0,0.0,0.0
2026-04-10 14:24:00-04:00,610.8800048828125,610.9000244140625,610.7301025390625,610.7899780273438,20401,0.0,0.0,0.0
2026-04-10 14:25:00-04:00,610.788330078125,610.7966918945312,610.6900024414062,610.75,25334,0.0,0.0,0.0
2026-04-10 14:26:00-04:00,610.719970703125,610.760009765625,610.5499877929688,610.6400146484375,36948,0.0,0.0,0.0
2026-04-10 14:27:00-04:00,610.5999755859375,610.6599731445312,610.5399780273438,610.6599731445312,32101,0.0,0.0,0.0
2026-04-10 14:28:00-04:00,610.7000122070312,610.780029296875,610.6099853515625,610.72998046875,35844,0.0,0.0,0.0
2026-04-10 14:29:00-04:00,610.7100219726562,610.7100219726562,610.5900268554688,610.64501953125,26144,0.0,0.0,0.0
2026-04-10 14:30:00-04:00,610.6500244140625,610.72802734375,610.5399780273438,610.6099853515625,45183,0.0,0.0,0.0
2026-04-10 14:31:00-04:00,610.5999755859375,610.655029296875,610.4099731445312,610.4500122070312,25158,0.0,0.0,0.0
2026-04-10 14:32:00-04:00,610.4600219726562,610.5449829101562,610.4149780273438,610.4600830078125,43111,0.0,0.0,0.0
2026-04-10 14:33:00-04:00,610.5,610.5499267578125,610.4600219726562,610.5050048828125,22487,0.0,0.0,0.0
2026-04-10 14:34:00-04:00,610.5,610.5700073242188,610.4299926757812,610.4450073242188,40900,0.0,0.0,0.0
2026-04-10 14:35:00-04:00,610.4400024414062,610.530029296875,610.3300170898438,610.3800048828125,32798,0.0,0.0,0.0
2026-04-10 14:36:00-04:00,610.3900756835938,610.5,610.2999877929688,610.3975830078125,54095,0.0,0.0,0.0
2026-04-10 14:37:00-04:00,610.4099731445312,610.5800170898438,610.4099731445312,610.5001220703125,49568,0.0,0.0,0.0
2026-04-10 14:38:00-04:00,610.5,610.5700073242188,610.4000244140625,610.5,31228,0.0,0.0,0.0
2026-04-10 14:39:00-04:00,610.5079956054688,610.5440063476562,610.3900756835938,610.4099731445312,28902,0.0,0.0,0.0
2026-04-10 14:40:00-04:00,610.4066162109375,610.4700927734375,610.380126953125,610.4000244140625,16064,0.0,0.0,0.0
2026-04-10 14:41:00-04:00,610.4099731445312,610.4099731445312,610.135009765625,610.2000122070312,60645,0.0,0.0,0.0
2026-04-10 14:42:00-04:00,610.2100219726562,610.2100219726562,610.0900268554688,610.1199951171875,27907,0.0,0.0,0.0
2026-04-10 14:43:00-04:00,610.114990234375,610.1599731445312,610.0,610.1599731445312,20994,0.0,0.0,0.0
2026-04-10 14:44:00-04:00,610.1699829101562,610.2449951171875,610.1599731445312,610.1900024414062,44878,0.0,0.0,0.0
2026-04-10 14:45:00-04:00,610.1799926757812,610.219970703125,610.1099853515625,610.1699829101562,35844,0.0,0.0,0.0
2026-04-10 14:46:00-04:00,610.1699829101562,610.2498779296875,610.1199951171875,610.2199096679688,21862,0.0,0.0,0.0
2026-04-10 14:47:00-04:00,610.2050170898438,610.2050170898438,610.1400146484375,610.1699829101562,19761,0.0,0.0,0.0
2026-04-10 14:48:00-04:00,610.1599731445312,610.1799926757812,610.1300048828125,610.1400146484375,11618,0.0,0.0,0.0
2026-04-10 14:49:00-04:00,610.1400146484375,610.260009765625,610.135009765625,610.1849975585938,19008,0.0,0.0,0.0
2026-04-10 14:50:00-04:00,610.1699829101562,610.2860107421875,610.1500244140625,610.2000122070312,26614,0.0,0.0,0.0
2026-04-10 14:51:00-04:00,610.2050170898438,610.22998046875,610.135009765625,610.2249755859375,20150,0.0,0.0,0.0
2026-04-10 14:52:00-04:00,610.239990234375,610.3499755859375,610.2050170898438,610.3300170898438,63211,0.0,0.0,0.0
2026-04-10 14:53:00-04:00,610.3350219726562,610.4000244140625,610.3099975585938,610.3200073242188,27951,0.0,0.0,0.0
2026-04-10 14:54:00-04:00,610.3048706054688,610.4299926757812,610.2899780273438,610.4249877929688,22197,0.0,0.0,0.0
2026-04-10 14:55:00-04:00,610.4299926757812,610.4400024414062,610.3300170898438,610.3499755859375,12952,0.0,0.0,0.0
2026-04-10 14:56:00-04:00,610.3599853515625,610.3800048828125,610.2899780273438,610.3699951171875,20228,0.0,0.0,0.0
2026-04-10 14:57:00-04:00,610.375,610.4299926757812,610.3400268554688,610.4089965820312,16763,0.0,0.0,0.0
2026-04-10 14:58:00-04:00,610.4000854492188,610.510009765625,610.39501953125,610.469970703125,24651,0.0,0.0,0.0
2026-04-10 14:59:00-04:00,610.4650268554688,610.5499877929688,610.4650268554688,610.510498046875,22972,0.0,0.0,0.0
2026-04-10 15:00:00-04:00,610.52001953125,610.7357177734375,610.4843139648438,610.6950073242188,40791,0.0,0.0,0.0
2026-04-10 15:01:00-04:00,610.719970703125,610.8200073242188,610.719970703125,610.7550048828125,523478,0.0,0.0,0.0
2026-04-10 15:02:00-04:00,610.77001953125,610.8699951171875,610.719970703125,610.7949829101562,45025,0.0,0.0,0.0
2026-04-10 15:03:00-04:00,610.7899780273438,610.8499755859375,610.7600708007812,610.7999877929688,31279,0.0,0.0,0.0
2026-04-10 15:04:00-04:00,610.7899780273438,610.8300170898438,610.672607421875,610.8049926757812,64177,0.0,0.0,0.0
2026-04-10 15:05:00-04:00,610.8049926757812,610.9299926757812,610.8049926757812,610.9299926757812,70555,0.0,0.0,0.0
2026-04-10 15:06:00-04:00,610.9299926757812,610.969970703125,610.7700805664062,610.9299926757812,82663,0.0,0.0,0.0
2026-04-10 15:07:00-04:00,610.9299926757812,610.9600219726562,610.8200073242188,610.8250122070312,65925,0.0,0.0,0.0
2026-04-10 15:08:00-04:00,610.8250122070312,610.9299926757812,610.8200073242188,610.9099731445312,49342,0.0,0.0,0.0
2026-04-10 15:09:00-04:00,610.8900146484375,610.9099731445312,610.7999877929688,610.8499755859375,41876,0.0,0.0,0.0
2026-04-10 15:10:00-04:00,610.85498046875,610.9400024414062,610.8297119140625,610.9299926757812,26887,0.0,0.0,0.0
2026-04-10 15:11:00-04:00,610.9299926757812,611.0,610.8699951171875,610.9849853515625,83867,0.0,0.0,0.0
2026-04-10 15:12:00-04:00,610.989990234375,611.1663208007812,610.989990234375,611.159912109375,89462,0.0,0.0,0.0
2026-04-10 15:13:00-04:00,611.155029296875,611.2449951171875,611.135009765625,611.218017578125,61203,0.0,0.0,0.0
2026-04-10 15:14:00-04:00,611.2100219726562,611.3200073242188,611.1799926757812,611.2949829101562,39829,0.0,0.0,0.0
2026-04-10 15:15:00-04:00,611.2999877929688,611.2999877929688,611.0900268554688,611.1500244140625,129548,0.0,0.0,0.0
2026-04-10 15:16:00-04:00,611.1400146484375,611.260009765625,611.0599975585938,611.25,56172,0.0,0.0,0.0
2026-04-10 15:17:00-04:00,611.239990234375,611.260009765625,611.1400146484375,611.219970703125,49146,0.0,0.0,0.0
2026-04-10 15:18:00-04:00,611.219970703125,611.339111328125,611.219970703125,611.3121948242188,63211,0.0,0.0,0.0
2026-04-10 15:19:00-04:00,611.3150024414062,611.3699951171875,611.3049926757812,611.3499755859375,44023,0.0,0.0,0.0
2026-04-10 15:20:00-04:00,611.35498046875,611.47998046875,611.1900024414062,611.25,88493,0.0,0.0,0.0
2026-04-10 15:21:00-04:00,611.2550048828125,611.2849731445312,611.1599731445312,611.239990234375,59747,0.0,0.0,0.0
2026-04-10 15:22:00-04:00,611.2349853515625,611.2999877929688,611.1599731445312,611.25,120246,0.0,0.0,0.0
2026-04-10 15:23:00-04:00,611.25,611.4500122070312,611.2449951171875,611.4400024414062,84548,0.0,0.0,0.0
2026-04-10 15:24:00-04:00,611.4301147460938,611.4600219726562,611.279296875,611.280029296875,72456,0.0,0.0,0.0
2026-04-10 15:25:00-04:00,611.27001953125,611.2999877929688,611.1199951171875,611.2249755859375,61195,0.0,0.0,0.0
2026-04-10 15:26:00-04:00,611.219970703125,611.219970703125,611.0900268554688,611.1599731445312,183725,0.0,0.0,0.0
2026-04-10 15:27:00-04:00,611.1599731445312,611.280029296875,611.0900268554688,611.2249755859375,44467,0.0,0.0,0.0
2026-04-10 15:28:00-04:00,611.22998046875,611.3200073242188,611.219970703125,611.25,38397,0.0,0.0,0.0
2026-04-10 15:29:00-04:00,611.25,611.3599853515625,611.25,611.3200073242188,37105,0.0,0.0,0.0
2026-04-10 15:30:00-04:00,611.3099975585938,611.3099975585938,610.97998046875,610.989990234375,46721,0.0,0.0,0.0
2026-04-10 15:31:00-04:00,611.0012817382812,611.22998046875,610.989990234375,611.1300048828125,43115,0.0,0.0,0.0
2026-04-10 15:32:00-04:00,611.1099853515625,611.1799926757812,611.030029296875,611.0800170898438,35833,0.0,0.0,0.0
2026-04-10 15:33:00-04:00,611.0750122070312,611.1099853515625,610.989990234375,611.0599975585938,146361,0.0,0.0,0.0
2026-04-10 15:34:00-04:00,611.0700073242188,611.0780029296875,611.0,611.010009765625,57043,0.0,0.0,0.0
2026-04-10 15:35:00-04:00,611.0150146484375,611.030029296875,610.909912109375,610.9500122070312,67527,0.0,0.0,0.0
2026-04-10 15:36:00-04:00,610.9400024414062,611.1199951171875,610.8400268554688,610.89501953125,53287,0.0,0.0,0.0
2026-04-10 15:37:00-04:00,610.8900146484375,610.9199829101562,610.760009765625,610.7899780273438,81885,0.0,0.0,0.0
2026-04-10 15:38:00-04:00,610.780029296875,610.9299926757812,610.7020263671875,610.8596801757812,68800,0.0,0.0,0.0
2026-04-10 15:39:00-04:00,610.8499755859375,610.8613891601562,610.6199951171875,610.739990234375,56329,0.0,0.0,0.0
2026-04-10 15:40:00-04:00,610.739990234375,610.7899780273438,610.5449829101562,610.5900268554688,81159,0.0,0.0,0.0
2026-04-10 15:41:00-04:00,610.5850219726562,610.614990234375,610.52001953125,610.5499877929688,60112,0.0,0.0,0.0
2026-04-10 15:42:00-04:00,610.5399780273438,610.6099853515625,610.510009765625,610.5250244140625,91768,0.0,0.0,0.0
2026-04-10 15:43:00-04:00,610.530029296875,610.7449951171875,610.4600219726562,610.72998046875,117026,0.0,0.0,0.0
2026-04-10 15:44:00-04:00,610.72998046875,611.030029296875,610.72998046875,610.885009765625,106876,0.0,0.0,0.0
2026-04-10 15:45:00-04:00,610.8699951171875,611.0700073242188,610.8699951171875,611.030029296875,96136,0.0,0.0,0.0
2026-04-10 15:46:00-04:00,611.031005859375,611.031005859375,610.7100219726562,610.739990234375,191524,0.0,0.0,0.0
2026-04-10 15:47:00-04:00,610.7301025390625,610.8499755859375,610.7301025390625,610.75,165854,0.0,0.0,0.0
2026-04-10 15:48:00-04:00,610.75,610.75,610.5499877929688,610.5700073242188,172124,0.0,0.0,0.0
2026-04-10 15:49:00-04:00,610.5700073242188,610.7100219726562,610.5349731445312,610.7100219726562,86630,0.0,0.0,0.0
2026-04-10 15:50:00-04:00,610.719970703125,611.0599975585938,610.52001953125,610.9000244140625,161466,0.0,0.0,0.0
2026-04-10 15:51:00-04:00,610.9199829101562,610.9199829101562,610.72998046875,610.89501953125,84831,0.0,0.0,0.0
2026-04-10 15:52:00-04:00,610.89501953125,610.9000244140625,610.6099243164062,610.6849975585938,132348,0.0,0.0,0.0
2026-04-10 15:53:00-04:00,610.6799926757812,610.739990234375,610.635009765625,610.6649780273438,115641,0.0,0.0,0.0
2026-04-10 15:54:00-04:00,610.6699829101562,610.8200073242188,610.655029296875,610.7000122070312,129099,0.0,0.0,0.0
2026-04-10 15:55:00-04:00,610.7100219726562,610.760009765625,610.4600219726562,610.6599731445312,139608,0.0,0.0,0.0
2026-04-10 15:56:00-04:00,610.6599731445312,610.7100219726562,610.52001953125,610.6497802734375,82628,0.0,0.0,0.0
2026-04-10 15:57:00-04:00,610.648681640625,610.9500122070312,610.6400146484375,610.8900146484375,538921,0.0,0.0,0.0
2026-04-10 15:58:00-04:00,610.9000244140625,611.0499877929688,610.7899780273438,611.030029296875,822887,0.0,0.0,0.0
2026-04-10 15:59:00-04:00,611.030029296875,611.1699829101562,610.7100219726562,611.02001953125,898153,0.0,0.0,0.0
2026-04-13 09:30:00-04:00,609.5599975585938,609.9500122070312,609.4299926757812,609.7849731445312,2119469,0.0,0.0,0.0
2026-04-13 09:31:00-04:00,609.77001953125,609.7899780273438,609.3800048828125,609.6082153320312,148276,0.0,0.0,0.0
2026-04-13 09:32:00-04:00,609.6199951171875,609.6749877929688,609.1300048828125,609.1799926757812,153481,0.0,0.0,0.0
2026-04-13 09:33:00-04:00,609.1300048828125,609.594970703125,609.010009765625,609.5900268554688,216258,0.0,0.0,0.0
2026-04-13 09:34:00-04:00,609.5700073242188,609.8099975585938,609.4285278320312,609.5900268554688,160870,0.0,0.0,0.0
2026-04-13 09:35:00-04:00,609.5900268554688,609.5900268554688,609.0499877929688,609.2349853515625,157940,0.0,0.0,0.0
2026-04-13 09:36:00-04:00,609.239990234375,609.3150024414062,608.5499877929688,608.6199951171875,137794,0.0,0.0,0.0
2026-04-13 09:37:00-04:00,608.6199951171875,609.10498046875,608.4650268554688,608.85498046875,115611,0.0,0.0,0.0
2026-04-13 09:38:00-04:00,608.9299926757812,609.1500244140625,608.8499755859375,608.97998046875,84908,0.0,0.0,0.0
2026-04-13 09:39:00-04:00,609.0,609.1199951171875,608.85009765625,609.0399780273438,69582,0.0,0.0,0.0
2026-04-13 09:40:00-04:00,608.9500122070312,609.0599975585938,608.7999877929688,608.875,72594,0.0,0.0,0.0
2026-04-13 09:41:00-04:00,608.864990234375,608.969970703125,608.7041015625,608.8800048828125,43296,0.0,0.0,0.0
2026-04-13 09:42:00-04:00,608.8519897460938,609.4199829101562,608.8099975585938,609.0449829101562,107372,0.0,0.0,0.0
2026-04-13 09:43:00-04:00,609.02001953125,609.3300170898438,608.875,609.1107177734375,62998,0.0,0.0,0.0
2026-04-13 09:44:00-04:00,609.0999755859375,609.0999755859375,608.5750122070312,608.6300048828125,99621,0.0,0.0,0.0
2026-04-13 09:45:00-04:00,608.6300048828125,608.6859130859375,608.280029296875,608.3699951171875,116525,0.0,0.0,0.0
2026-04-13 09:46:00-04:00,608.3400268554688,608.739990234375,608.2899780273438,608.5599975585938,101135,0.0,0.0,0.0
2026-04-13 09:47:00-04:00,608.5501098632812,608.6599731445312,608.2100219726562,608.2630004882812,87030,0.0,0.0,0.0
2026-04-13 09:48:00-04:00,608.25,609.7999877929688,608.1099853515625,609.4290161132812,205542,0.0,0.0,0.0
2026-04-13 09:49:00-04:00,609.3599853515625,610.9099731445312,609.3400268554688,610.760009765625,322983,0.0,0.0,0.0
2026-04-13 09:50:00-04:00,610.7374877929688,611.4099731445312,610.6799926757812,611.2550048828125,247758,0.0,0.0,0.0
2026-04-13 09:51:00-04:00,611.22998046875,611.280029296875,610.2100219726562,610.2999877929688,265611,0.0,0.0,0.0
2026-04-13 09:52:00-04:00,610.280029296875,610.4199829101562,609.9299926757812,610.1500244140625,152038,0.0,0.0,0.0
2026-04-13 09:53:00-04:00,610.1199951171875,610.22998046875,609.7849731445312,610.1099853515625,172511,0.0,0.0,0.0
2026-04-13 09:54:00-04:00,610.0850219726562,610.7899780273438,610.0599975585938,610.7849731445312,162407,0.0,0.0,0.0
2026-04-13 09:55:00-04:00,610.8099975585938,610.9500122070312,610.4199829101562,610.5999755859375,132629,0.0,0.0,0.0
2026-04-13 09:56:00-04:00,610.594970703125,610.9400024414062,610.5200805664062,610.885009765625,123970,0.0,0.0,0.0
2026-04-13 09:57:00-04:00,610.885009765625,610.9965209960938,610.6503295898438,610.8099975585938,71464,0.0,0.0,0.0
2026-04-13 09:58:00-04:00,610.8099975585938,611.1599731445312,610.7000122070312,611.0993041992188,101788,0.0,0.0,0.0
2026-04-13 09:59:00-04:00,611.0999755859375,611.6900024414062,610.9600219726562,611.6400146484375,195269,0.0,0.0,0.0
2026-04-13 10:00:00-04:00,611.6099853515625,612.0399780273438,611.5250244140625,611.989990234375,174357,0.0,0.0,0.0
2026-04-13 10:01:00-04:00,611.97998046875,612.0800170898438,611.5693969726562,611.5700073242188,218195,0.0,0.0,0.0
2026-04-13 10:02:00-04:00,611.5700073242188,611.7100219726562,611.3400268554688,611.5250244140625,198624,0.0,0.0,0.0
2026-04-13 10:03:00-04:00,611.530029296875,611.5689697265625,611.1900024414062,611.4099731445312,218780,0.0,0.0,0.0
2026-04-13 10:04:00-04:00,611.4400024414062,611.9500122070312,611.4201049804688,611.875,125629,0.0,0.0,0.0
2026-04-13 10:05:00-04:00,611.8499755859375,612.0399780273438,611.6699829101562,611.9299926757812,169806,0.0,0.0,0.0
2026-04-13 10:06:00-04:00,611.9400024414062,612.1099853515625,611.739990234375,611.9249877929688,122665,0.0,0.0,0.0
2026-04-13 10:07:00-04:00,611.969970703125,612.25,611.77001953125,611.8499755859375,107578,0.0,0.0,0.0
2026-04-13 10:08:00-04:00,611.8599853515625,611.875,611.5399780273438,611.6701049804688,113373,0.0,0.0,0.0
2026-04-13 10:09:00-04:00,611.6511840820312,611.7650146484375,611.4600830078125,611.719970703125,58226,0.0,0.0,0.0
2026-04-13 10:10:00-04:00,611.6599731445312,611.6699829101562,611.3499755859375,611.47998046875,81172,0.0,0.0,0.0
2026-04-13 10:11:00-04:00,611.5,611.5800170898438,611.2700805664062,611.364990234375,43280,0.0,0.0,0.0
2026-04-13 10:12:00-04:00,611.3599853515625,611.4099731445312,611.0800170898438,611.0800170898438,49891,0.0,0.0,0.0
2026-04-13 10:13:00-04:00,611.1099853515625,611.2050170898438,610.8800048828125,610.9824829101562,53341,0.0,0.0,0.0
2026-04-13 10:14:00-04:00,610.969970703125,611.1749877929688,610.8800048828125,611.0261840820312,77295,0.0,0.0,0.0
2026-04-13 10:15:00-04:00,611.0,611.0399780273438,610.511474609375,610.5509033203125,102221,0.0,0.0,0.0
2026-04-13 10:16:00-04:00,610.5499877929688,610.739990234375,610.489990234375,610.5172729492188,49218,0.0,0.0,0.0
2026-04-13 10:17:00-04:00,610.5399780273438,610.6599731445312,610.319091796875,610.3338012695312,75489,0.0,0.0,0.0
2026-04-13 10:18:00-04:00,610.3300170898438,610.469970703125,610.3001098632812,610.3281860351562,71275,0.0,0.0,0.0
2026-04-13 10:19:00-04:00,610.2999877929688,610.8099975585938,610.2999877929688,610.780029296875,58448,0.0,0.0,0.0
2026-04-13 10:20:00-04:00,610.7899780273438,610.969970703125,610.6599731445312,610.8012084960938,74441,0.0,0.0,0.0
2026-04-13 10:21:00-04:00,610.8007202148438,611.2725219726562,610.7000122070312,611.219970703125,57052,0.0,0.0,0.0
2026-04-13 10:22:00-04:00,611.2100219726562,611.4199829101562,611.1195068359375,611.1380004882812,75348,0.0,0.0,0.0
2026-04-13 10:23:00-04:00,611.0999755859375,611.3300170898438,610.1699829101562,610.8900146484375,114211,0.0,0.0,0.0
2026-04-13 10:24:00-04:00,610.9000244140625,611.3499755859375,610.8599853515625,611.3150024414062,45250,0.0,0.0,0.0
2026-04-13 10:25:00-04:00,611.3599853515625,611.3900146484375,611.0463256835938,611.27001953125,52495,0.0,0.0,0.0
2026-04-13 10:26:00-04:00,611.3099975585938,611.3300170898438,611.1008911132812,611.1300048828125,30972,0.0,0.0,0.0
2026-04-13 10:27:00-04:00,611.1099853515625,611.280029296875,610.97998046875,611.125,64033,0.0,0.0,0.0
2026-04-13 10:28:00-04:00,611.1500244140625,611.1600952148438,610.9600219726562,611.0808715820312,39517,0.0,0.0,0.0
2026-04-13 10:29:00-04:00,611.0949096679688,611.4000244140625,611.010009765625,611.3380126953125,31584,0.0,0.0,0.0
2026-04-13 10:30:00-04:00,611.375,611.3800048828125,611.1849975585938,611.2999877929688,30214,0.0,0.0,0.0
2026-04-13 10:31:00-04:00,611.2999267578125,611.6300048828125,611.27001953125,611.6300048828125,48574,0.0,0.0,0.0
2026-04-13 10:32:00-04:00,611.5999755859375,611.719970703125,611.2305908203125,611.302490234375,86324,0.0,0.0,0.0
2026-04-13 10:33:00-04:00,611.2949829101562,611.5399169921875,611.260009765625,611.4249877929688,54244,0.0,0.0,0.0
2026-04-13 10:34:00-04:00,611.4299926757812,611.6799926757812,611.39501953125,611.5700073242188,36816,0.0,0.0,0.0
2026-04-13 10:35:00-04:00,611.5800170898438,611.5800170898438,611.280029296875,611.3300170898438,49204,0.0,0.0,0.0
2026-04-13 10:36:00-04:00,611.3200073242188,611.3300170898438,611.125,611.1500244140625,41680,0.0,0.0,0.0
2026-04-13 10:37:00-04:00,611.127685546875,611.127685546875,610.9400024414062,611.0750122070312,49377,0.0,0.0,0.0
2026-04-13 10:38:00-04:00,611.1199951171875,611.2899169921875,611.0203247070312,611.2249755859375,48715,0.0,0.0,0.0
2026-04-13 10:39:00-04:00,611.219970703125,611.27001953125,610.97998046875,611.219970703125,32966,0.0,0.0,0.0
2026-04-13 10:40:00-04:00,611.22998046875,611.4299926757812,611.1799926757812,611.3134765625,33051,0.0,0.0,0.0
2026-04-13 10:41:00-04:00,611.2999877929688,611.375,611.219970703125,611.2899780273438,23801,0.0,0.0,0.0
2026-04-13 10:42:00-04:00,611.2850952148438,611.47998046875,611.280029296875,611.4400024414062,34239,0.0,0.0,0.0
2026-04-13 10:43:00-04:00,611.489990234375,611.6599731445312,611.4249877929688,611.4299926757812,41533,0.0,0.0,0.0
2026-04-13 10:44:00-04:00,611.4301147460938,611.9199829101562,611.4301147460938,611.8699951171875,80450,0.0,0.0,0.0
2026-04-13 10:45:00-04:00,611.9099731445312,611.9194946289062,611.77978515625,611.8800048828125,56407,0.0,0.0,0.0
2026-04-13 10:46:00-04:00,611.89990234375,611.89990234375,611.6599731445312,611.7349853515625,75482,0.0,0.0,0.0
2026-04-13 10:47:00-04:00,611.7166748046875,611.780029296875,611.4949951171875,611.4949951171875,196899,0.0,0.0,0.0
2026-04-13 10:48:00-04:00,611.5,611.530029296875,611.3200073242188,611.3900146484375,64504,0.0,0.0,0.0
2026-04-13 10:49:00-04:00,611.4500122070312,611.510009765625,611.3699951171875,611.4749755859375,29675,0.0,0.0,0.0
2026-04-13 10:50:00-04:00,611.489990234375,611.6699829101562,611.3499755859375,611.5599975585938,46121,0.0,0.0,0.0
2026-04-13 10:51:00-04:00,611.5399780273438,611.77001953125,611.3900756835938,611.72998046875,29039,0.0,0.0,0.0
2026-04-13 10:52:00-04:00,611.7349853515625,612.030029296875,611.719970703125,611.9400024414062,63980,0.0,0.0,0.0
2026-04-13 10:53:00-04:00,611.9299926757812,612.1699829101562,611.8699951171875,612.125,79354,0.0,0.0,0.0
2026-04-13 10:54:00-04:00,612.10009765625,612.3699951171875,612.0800170898438,612.1900024414062,79937,0.0,0.0,0.0
2026-04-13 10:55:00-04:00,612.1599731445312,612.1799926757812,611.9400024414062,612.0910034179688,94934,0.0,0.0,0.0
2026-04-13 10:56:00-04:00,612.0902099609375,612.239990234375,612.0599975585938,612.239990234375,44008,0.0,0.0,0.0
2026-04-13 10:57:00-04:00,612.239990234375,612.5499877929688,612.239990234375,612.530029296875,73831,0.0,0.0,0.0
2026-04-13 10:58:00-04:00,612.510009765625,612.8800048828125,612.489990234375,612.8499145507812,179346,0.0,0.0,0.0
2026-04-13 10:59:00-04:00,612.844970703125,612.8499755859375,612.6599731445312,612.7100219726562,114308,0.0,0.0,0.0
2026-04-13 11:00:00-04:00,612.7100219726562,612.7249755859375,611.75,611.9000244140625,160036,0.0,0.0,0.0
2026-04-13 11:01:00-04:00,611.9099731445312,612.2899780273438,611.9099731445312,612.1798706054688,57352,0.0,0.0,0.0
2026-04-13 11:02:00-04:00,612.1699829101562,612.1749877929688,611.8800048828125,611.89501953125,36042,0.0,0.0,0.0
2026-04-13 11:03:00-04:00,611.8900146484375,611.989990234375,611.8150024414062,611.9000244140625,22028,0.0,0.0,0.0
2026-04-13 11:04:00-04:00,611.8300170898438,611.9299926757812,611.6799926757812,611.7249755859375,46479,0.0,0.0,0.0
2026-04-13 11:05:00-04:00,611.719970703125,611.9398803710938,611.6300048828125,611.7000122070312,33489,0.0,0.0,0.0
2026-04-13 11:06:00-04:00,611.72998046875,611.89599609375,611.655029296875,611.8499755859375,23238,0.0,0.0,0.0
2026-04-13 11:07:00-04:00,611.8699951171875,612.1699829101562,611.8572998046875,612.0910034179688,39649,0.0,0.0,0.0
2026-04-13 11:08:00-04:00,612.0701293945312,612.0999755859375,611.7000122070312,611.8350219726562,52078,0.0,0.0,0.0
2026-04-13 11:09:00-04:00,611.8250122070312,612.2899780273438,611.8099975585938,612.1749877929688,52767,0.0,0.0,0.0
2026-04-13 11:10:00-04:00,612.1799926757812,612.1867065429688,611.989990234375,612.1300048828125,43617,0.0,0.0,0.0
2026-04-13 11:11:00-04:00,612.1900024414062,612.6699829101562,612.1300048828125,612.625,62145,0.0,0.0,0.0
2026-04-13 11:12:00-04:00,612.6199951171875,612.6799926757812,612.5,612.594970703125,45472,0.0,0.0,0.0
2026-04-13 11:13:00-04:00,612.5700073242188,612.5700073242188,612.2999877929688,612.3300170898438,73551,0.0,0.0,0.0
2026-04-13 11:14:00-04:00,612.3300170898438,612.3400268554688,612.1900024414062,612.2100219726562,28056,0.0,0.0,0.0
2026-04-13 11:15:00-04:00,612.2349853515625,612.4299926757812,612.1347045898438,612.1347045898438,28219,0.0,0.0,0.0
2026-04-13 11:16:00-04:00,612.1201171875,612.260009765625,612.0900268554688,612.25,44658,0.0,0.0,0.0
2026-04-13 11:17:00-04:00,612.22998046875,612.22998046875,612.010009765625,612.1400146484375,31393,0.0,0.0,0.0
2026-04-13 11:18:00-04:00,612.114990234375,612.1599731445312,611.969970703125,612.0399780273438,53489,0.0,0.0,0.0
2026-04-13 11:19:00-04:00,612.0599975585938,612.1300048828125,611.8400268554688,611.8699951171875,28959,0.0,0.0,0.0
2026-04-13 11:20:00-04:00,611.9000244140625,612.3400268554688,611.876708984375,612.22998046875,41556,0.0,0.0,0.0
2026-04-13 11:21:00-04:00,612.22998046875,612.4199829101562,612.1900024414062,612.2999877929688,49174,0.0,0.0,0.0
2026-04-13 11:22:00-04:00,612.25,612.3300170898438,612.1300048828125,612.2550048828125,34318,0.0,0.0,0.0
2026-04-13 11:23:00-04:00,612.1699829101562,612.22998046875,612.090087890625,612.1699829101562,19283,0.0,0.0,0.0
2026-04-13 11:24:00-04:00,612.1898803710938,612.239990234375,611.9099731445312,611.9550170898438,31937,0.0,0.0,0.0
2026-04-13 11:25:00-04:00,611.9201049804688,612.0,611.739990234375,612.0,76863,0.0,0.0,0.0
2026-04-13 11:26:00-04:00,612.0150146484375,612.0150146484375,611.719970703125,611.8300170898438,29193,0.0,0.0,0.0
2026-04-13 11:27:00-04:00,611.8300170898438,611.9299926757812,611.7349853515625,611.9299926757812,15749,0.0,0.0,0.0
2026-04-13 11:28:00-04:00,611.9600219726562,612.1799926757812,611.9400024414062,612.0,62278,0.0,0.0,0.0
2026-04-13 11:29:00-04:00,611.9500122070312,612.010009765625,611.77001953125,611.7999267578125,29529,0.0,0.0,0.0
2026-04-13 11:30:00-04:00,611.760009765625,611.8099975585938,611.6599731445312,611.7100219726562,39028,0.0,0.0,0.0
2026-04-13 11:31:00-04:00,611.719970703125,611.719970703125,611.4500122070312,611.580078125,86111,0.0,0.0,0.0
2026-04-13 11:32:00-04:00,611.5900268554688,611.8298950195312,611.5900268554688,611.6400146484375,25653,0.0,0.0,0.0
2026-04-13 11:33:00-04:00,611.6500244140625,611.89990234375,611.6500244140625,611.8599853515625,20757,0.0,0.0,0.0
2026-04-13 11:34:00-04:00,611.869873046875,611.869873046875,611.6599731445312,611.739990234375,19888,0.0,0.0,0.0
2026-04-13 11:35:00-04:00,611.7999877929688,611.889892578125,611.7050170898438,611.780029296875,28986,0.0,0.0,0.0
2026-04-13 11:36:00-04:00,611.7899780273438,612.0,611.6300048828125,611.969970703125,34256,0.0,0.0,0.0
2026-04-13 11:37:00-04:00,611.9600219726562,612.2799072265625,611.9500122070312,612.25,52462,0.0,0.0,0.0
2026-04-13 11:38:00-04:00,612.219970703125,612.780029296875,612.02001953125,612.260009765625,71031,0.0,0.0,0.0
2026-04-13 11:39:00-04:00,612.280029296875,612.5399780273438,612.22998046875,612.4249877929688,50188,0.0,0.0,0.0
2026-04-13 11:40:00-04:00,612.4515991210938,612.530029296875,612.2202758789062,612.4702758789062,23827,0.0,0.0,0.0
2026-04-13 11:41:00-04:00,612.4464721679688,612.510009765625,612.3400268554688,612.3599853515625,32906,0.0,0.0,0.0
2026-04-13 11:42:00-04:00,612.364990234375,612.3800048828125,611.989990234375,611.989990234375,56556,0.0,0.0,0.0
2026-04-13 11:43:00-04:00,612.010009765625,612.019775390625,611.8200073242188,612.019775390625,22665,0.0,0.0,0.0
2026-04-13 11:44:00-04:00,612.030029296875,612.0999755859375,611.9500732421875,611.9528198242188,24257,0.0,0.0,0.0
2026-04-13 11:45:00-04:00,611.9500122070312,611.97998046875,611.8099975585938,611.9248046875,35195,0.0,0.0,0.0
2026-04-13 11:46:00-04:00,611.9199829101562,612.122802734375,611.9199829101562,612.0775756835938,42792,0.0,0.0,0.0
2026-04-13 11:47:00-04:00,612.0900268554688,612.1400146484375,611.9500122070312,612.030029296875,27949,0.0,0.0,0.0
2026-04-13 11:48:00-04:00,611.9949951171875,612.030029296875,611.8499755859375,611.864013671875,33644,0.0,0.0,0.0
2026-04-13 11:49:00-04:00,611.864990234375,611.97998046875,611.7697143554688,611.969970703125,43869,0.0,0.0,0.0
2026-04-13 11:50:00-04:00,611.9600219726562,611.9799194335938,611.7999877929688,611.9398803710938,27078,0.0,0.0,0.0
2026-04-13 11:51:00-04:00,611.9450073242188,611.9498901367188,611.72998046875,611.7399291992188,21426,0.0,0.0,0.0
2026-04-13 11:52:00-04:00,611.72998046875,611.844970703125,611.6799926757812,611.7899780273438,20869,0.0,0.0,0.0
2026-04-13 11:53:00-04:00,611.8400268554688,611.8400268554688,611.6900024414062,611.8049926757812,21955,0.0,0.0,0.0
2026-04-13 11:54:00-04:00,611.8001098632812,611.8099975585938,611.5700073242188,611.5899047851562,38364,0.0,0.0,0.0
2026-04-13 11:55:00-04:00,611.5399780273438,611.74951171875,611.5399780273438,611.6998901367188,19502,0.0,0.0,0.0
2026-04-13 11:56:00-04:00,611.655029296875,611.8599853515625,611.6221923828125,611.6300048828125,20547,0.0,0.0,0.0
2026-04-13 11:57:00-04:00,611.6157836914062,611.669921875,611.4199829101562,611.5900268554688,26746,0.0,0.0,0.0
2026-04-13 11:58:00-04:00,611.5875854492188,611.75,611.572021484375,611.739990234375,36010,0.0,0.0,0.0
2026-04-13 11:59:00-04:00,611.7098999023438,611.739990234375,611.6500244140625,611.6900024414062,12755,0.0,0.0,0.0
2026-04-13 12:00:00-04:00,611.6950073242188,611.8350219726562,611.5430297851562,611.5499877929688,35000,0.0,0.0,0.0
2026-04-13 12:01:00-04:00,611.5399780273438,611.5599975585938,611.2899780273438,611.39501953125,45213,0.0,0.0,0.0
2026-04-13 12:02:00-04:00,611.3900146484375,611.3967895507812,611.1300048828125,611.138671875,170185,0.0,0.0,0.0
2026-04-13 12:03:00-04:00,611.1400146484375,611.27001953125,611.130126953125,611.22998046875,77758,0.0,0.0,0.0
2026-04-13 12:04:00-04:00,611.20751953125,611.3309936523438,611.2000122070312,611.3292846679688,50896,0.0,0.0,0.0
2026-04-13 12:05:00-04:00,611.3200073242188,611.34912109375,611.0700073242188,611.1799926757812,49827,0.0,0.0,0.0
2026-04-13 12:06:00-04:00,611.2000122070312,612.52001953125,611.1849975585938,612.1199951171875,314764,0.0,0.0,0.0
2026-04-13 12:07:00-04:00,612.0999755859375,612.1199951171875,611.6077270507812,611.7230224609375,71669,0.0,0.0,0.0
2026-04-13 12:08:00-04:00,611.7368774414062,611.8300170898438,611.5900268554688,611.6849975585938,28572,0.0,0.0,0.0
2026-04-13 12:09:00-04:00,611.7000122070312,612.010009765625,611.6734008789062,611.8300170898438,31693,0.0,0.0,0.0
2026-04-13 12:10:00-04:00,611.7999877929688,611.9299926757812,611.75,611.8699951171875,37325,0.0,0.0,0.0
2026-04-13 12:11:00-04:00,611.8599853515625,612.155029296875,611.8200073242188,612.030029296875,38294,0.0,0.0,0.0
2026-04-13 12:12:00-04:00,612.02001953125,612.0999145507812,611.864990234375,611.864990234375,30233,0.0,0.0,0.0
2026-04-13 12:13:00-04:00,611.869873046875,611.8699951171875,611.6799926757812,611.8400268554688,27213,0.0,0.0,0.0
2026-04-13 12:14:00-04:00,611.8499755859375,611.936279296875,611.8150024414062,611.8400268554688,9209,0.0,0.0,0.0
2026-04-13 12:15:00-04:00,611.8350219726562,611.9500122070312,611.6199951171875,611.7286987304688,28210,0.0,0.0,0.0
2026-04-13 12:16:00-04:00,611.7100219726562,611.9099731445312,611.6900024414062,611.9000244140625,14728,0.0,0.0,0.0
2026-04-13 12:17:00-04:00,611.9400024414062,612.0,611.8099975585938,611.989990234375,30407,0.0,0.0,0.0
2026-04-13 12:18:00-04:00,612.010009765625,612.27001953125,611.851806640625,612.27001953125,20664,0.0,0.0,0.0
2026-04-13 12:19:00-04:00,612.25,612.2689819335938,612.1599731445312,612.1749877929688,50610,0.0,0.0,0.0
2026-04-13 12:20:00-04:00,612.1749877929688,612.9000244140625,612.1749877929688,612.25,116705,0.0,0.0,0.0
2026-04-13 12:21:00-04:00,612.2401123046875,612.6599731445312,612.2100219726562,612.614990234375,52247,0.0,0.0,0.0
2026-04-13 12:22:00-04:00,612.6099853515625,612.6373291015625,612.4500122070312,612.4959716796875,20472,0.0,0.0,0.0
2026-04-13 12:23:00-04:00,612.489990234375,612.7000122070312,612.39501953125,612.5911865234375,43028,0.0,0.0,0.0
2026-04-13 12:24:00-04:00,612.614990234375,612.8099975585938,612.60009765625,612.780029296875,48058,0.0,0.0,0.0
2026-04-13 12:25:00-04:00,612.7999877929688,613.0700073242188,612.77001953125,613.0700073242188,94960,0.0,0.0,0.0
2026-04-13 12:26:00-04:00,613.010009765625,613.0399780273438,612.7440185546875,612.7548217773438,72367,0.0,0.0,0.0
2026-04-13 12:27:00-04:00,612.7650146484375,612.9885864257812,612.7238159179688,612.9600219726562,58632,0.0,0.0,0.0
2026-04-13 12:28:00-04:00,612.980224609375,613.25,612.8699951171875,613.2000122070312,61435,0.0,0.0,0.0
2026-04-13 12:29:00-04:00,613.1849975585938,613.760009765625,613.1400756835938,613.489990234375,139745,0.0,0.0,0.0
2026-04-13 12:30:00-04:00,613.5,613.6300048828125,613.3699951171875,613.6300048828125,91122,0.0,0.0,0.0
2026-04-13 12:31:00-04:00,613.6300048828125,613.739990234375,613.4550170898438,613.5999755859375,136254,0.0,0.0,0.0
2026-04-13 12:32:00-04:00,613.5700073242188,613.5900268554688,613.1699829101562,613.22998046875,49213,0.0,0.0,0.0
2026-04-13 12:33:00-04:00,613.2100219726562,614.0900268554688,613.1699829101562,613.4199829101562,139393,0.0,0.0,0.0
2026-04-13 12:34:00-04:00,613.4099731445312,613.510009765625,613.2999877929688,613.4194946289062,42607,0.0,0.0,0.0
2026-04-13 12:35:00-04:00,613.4249877929688,614.4199829101562,613.3861083984375,614.0250244140625,110106,0.0,0.0,0.0
2026-04-13 12:36:00-04:00,614.0,614.0075073242188,613.6699829101562,613.6699829101562,71051,0.0,0.0,0.0
2026-04-13 12:37:00-04:00,613.64501953125,613.719970703125,613.5599975585938,613.6099853515625,61882,0.0,0.0,0.0
2026-04-13 12:38:00-04:00,613.6199951171875,613.6900024414062,613.5,613.5,31046,0.0,0.0,0.0
2026-04-13 12:39:00-04:00,613.4500122070312,613.780029296875,613.4199829101562,613.530029296875,63802,0.0,0.0,0.0
2026-04-13 12:40:00-04:00,613.510009765625,613.8200073242188,613.2899780273438,613.4500122070312,108451,0.0,0.0,0.0
2026-04-13 12:41:00-04:00,613.4500122070312,613.6300048828125,612.8499755859375,613.0289916992188,123618,0.0,0.0,0.0
2026-04-13 12:42:00-04:00,613.0800170898438,613.0800170898438,612.5700073242188,612.85498046875,83811,0.0,0.0,0.0
2026-04-13 12:43:00-04:00,612.864990234375,613.530029296875,612.760009765625,613.4550170898438,90693,0.0,0.0,0.0
2026-04-13 12:44:00-04:00,613.4874877929688,613.7100219726562,613.4099731445312,613.419921875,110642,0.0,0.0,0.0
2026-04-13 12:45:00-04:00,613.3699951171875,613.4400024414062,613.2501220703125,613.389892578125,45570,0.0,0.0,0.0
2026-04-13 12:46:00-04:00,613.4000244140625,613.530029296875,613.2999877929688,613.3900146484375,33472,0.0,0.0,0.0
2026-04-13 12:47:00-04:00,613.3499755859375,614.22998046875,613.3499755859375,613.9996948242188,94846,0.0,0.0,0.0
2026-04-13 12:48:00-04:00,613.9500122070312,614.1500244140625,613.8699951171875,613.9349975585938,1727902,0.0,0.0,0.0
2026-04-13 12:49:00-04:00,613.9199829101562,614.0499877929688,613.8699951171875,613.9149780273438,40604,0.0,0.0,0.0
2026-04-13 12:50:00-04:00,613.9299926757812,614.530029296875,613.9299926757812,614.4799194335938,131034,0.0,0.0,0.0
2026-04-13 12:51:00-04:00,614.4500122070312,614.7100219726562,614.2249755859375,614.2249755859375,99976,0.0,0.0,0.0
2026-04-13 12:52:00-04:00,614.219970703125,614.239990234375,613.989990234375,614.010009765625,59185,0.0,0.0,0.0
2026-04-13 12:53:00-04:00,614.0150146484375,614.02001953125,613.72998046875,613.7756958007812,67473,0.0,0.0,0.0
2026-04-13 12:54:00-04:00,613.8098754882812,613.9500122070312,613.7800903320312,613.9000244140625,60521,0.0,0.0,0.0
2026-04-13 12:55:00-04:00,613.8508911132812,613.8699951171875,613.5999755859375,613.72998046875,51999,0.0,0.0,0.0
2026-04-13 12:56:00-04:00,613.7150268554688,613.9298706054688,613.7150268554688,613.9201049804688,43646,0.0,0.0,0.0
2026-04-13 12:57:00-04:00,613.9500122070312,613.969970703125,613.8200073242188,613.9600219726562,36508,0.0,0.0,0.0
2026-04-13 12:58:00-04:00,613.9299926757812,614.1801147460938,613.875,614.1799926757812,50597,0.0,0.0,0.0
2026-04-13 12:59:00-04:00,614.1900024414062,614.27001953125,614.14501953125,614.14501953125,30490,0.0,0.0,0.0
2026-04-13 13:00:00-04:00,614.1699829101562,614.3400268554688,614.1351928710938,614.1400146484375,47013,0.0,0.0,0.0
2026-04-13 13:01:00-04:00,614.1300048828125,614.239990234375,614.0,614.2100219726562,36514,0.0,0.0,0.0
2026-04-13 13:02:00-04:00,614.239990234375,614.3800048828125,614.1900024414062,614.3502197265625,49195,0.0,0.0,0.0
2026-04-13 13:03:00-04:00,614.3499755859375,614.4099731445312,614.22998046875,614.22998046875,52055,0.0,0.0,0.0
2026-04-13 13:04:00-04:00,614.2297973632812,614.3499755859375,614.1699829101562,614.3099975585938,48933,0.0,0.0,0.0
2026-04-13 13:05:00-04:00,614.2899780273438,614.4199829101562,614.2100219726562,614.2172241210938,51787,0.0,0.0,0.0
2026-04-13 13:06:00-04:00,614.2000122070312,614.2899780273438,614.0499877929688,614.0549926757812,40692,0.0,0.0,0.0
2026-04-13 13:07:00-04:00,614.0549926757812,614.155029296875,613.9650268554688,614.0549926757812,43194,0.0,0.0,0.0
2026-04-13 13:08:00-04:00,614.0,614.0,613.8200073242188,613.9500122070312,47094,0.0,0.0,0.0
2026-04-13 13:09:00-04:00,613.9199829101562,614.0499877929688,613.8350219726562,614.0399780273438,23086,0.0,0.0,0.0
2026-04-13 13:10:00-04:00,614.0017700195312,614.1900024414062,613.97998046875,614.1400146484375,39814,0.0,0.0,0.0
2026-04-13 13:11:00-04:00,614.1599731445312,614.2399291992188,614.1099853515625,614.1900024414062,17255,0.0,0.0,0.0
2026-04-13 13:12:00-04:00,614.1699829101562,614.1699829101562,614.0485229492188,614.0800170898438,15759,0.0,0.0,0.0
2026-04-13 13:13:00-04:00,614.0701293945312,614.1300048828125,614.0401000976562,614.0999755859375,15310,0.0,0.0,0.0
2026-04-13 13:14:00-04:00,614.0900268554688,614.2249755859375,614.0700073242188,614.2000122070312,28830,0.0,0.0,0.0
2026-04-13 13:15:00-04:00,614.2150268554688,614.3800048828125,614.1500854492188,614.3599853515625,43971,0.0,0.0,0.0
2026-04-13 13:16:00-04:00,614.3699951171875,614.4400024414062,614.2899780273438,614.2899780273438,42832,0.0,0.0,0.0
2026-04-13 13:17:00-04:00,614.3001098632812,614.3599853515625,614.2949829101562,614.3049926757812,20818,0.0,0.0,0.0
2026-04-13 13:18:00-04:00,614.3599853515625,614.7100219726562,614.3599853515625,614.6799926757812,81735,0.0,0.0,0.0
2026-04-13 13:19:00-04:00,614.6672973632812,614.8251953125,614.5399780273438,614.6336059570312,141676,0.0,0.0,0.0
2026-04-13 13:20:00-04:00,614.6099853515625,614.6099853515625,614.3699951171875,614.4401245117188,64630,0.0,0.0,0.0
2026-04-13 13:21:00-04:00,614.4450073242188,614.5800170898438,614.3701171875,614.5499877929688,241574,0.0,0.0,0.0
2026-04-13 13:22:00-04:00,614.530029296875,614.5399780273438,614.385009765625,614.4199829101562,129005,0.0,0.0,0.0
2026-04-13 13:23:00-04:00,614.4199829101562,614.5499877929688,614.4199829101562,614.5,35703,0.0,0.0,0.0
2026-04-13 13:24:00-04:00,614.4949951171875,614.4949951171875,614.3499755859375,614.3699951171875,21138,0.0,0.0,0.0
2026-04-13 13:25:00-04:00,614.3800048828125,614.469970703125,614.3599853515625,614.4400024414062,28198,0.0,0.0,0.0
2026-04-13 13:26:00-04:00,614.4400024414062,614.5399780273438,614.4000244140625,614.489990234375,29978,0.0,0.0,0.0
2026-04-13 13:27:00-04:00,614.4849853515625,614.5795288085938,614.4301147460938,614.5250244140625,36366,0.0,0.0,0.0
2026-04-13 13:28:00-04:00,614.5198974609375,614.6099853515625,614.4801025390625,614.5549926757812,21741,0.0,0.0,0.0
2026-04-13 13:29:00-04:00,614.5399780273438,614.614990234375,614.489990234375,614.5999755859375,17862,0.0,0.0,0.0
2026-04-13 13:30:00-04:00,614.5900268554688,614.780029296875,614.5900268554688,614.6697998046875,63229,0.0,0.0,0.0
2026-04-13 13:31:00-04:00,614.6699829101562,614.7901000976562,614.6199951171875,614.6199951171875,70487,0.0,0.0,0.0
2026-04-13 13:32:00-04:00,614.6300048828125,614.6729736328125,614.5399780273438,614.6400146484375,45448,0.0,0.0,0.0
2026-04-13 13:33:00-04:00,614.6599731445312,614.7000122070312,614.4600219726562,614.5234985351562,34299,0.0,0.0,0.0
2026-04-13 13:34:00-04:00,614.4400024414062,614.530029296875,614.4299926757812,614.4650268554688,19767,0.0,0.0,0.0
2026-04-13 13:35:00-04:00,614.4600219726562,614.47998046875,614.3560180664062,614.405029296875,27856,0.0,0.0,0.0
2026-04-13 13:36:00-04:00,614.4249877929688,614.5399780273438,614.385009765625,614.39501953125,25292,0.0,0.0,0.0
2026-04-13 13:37:00-04:00,614.3499755859375,614.6199951171875,614.27001953125,614.530029296875,51372,0.0,0.0,0.0
2026-04-13 13:38:00-04:00,614.5,614.5900268554688,614.5,614.5650024414062,29739,0.0,0.0,0.0
2026-04-13 13:39:00-04:00,614.5798950195312,614.6400146484375,614.510009765625,614.5372924804688,52459,0.0,0.0,0.0
2026-04-13 13:40:00-04:00,614.510009765625,614.5980224609375,614.4500122070312,614.4749755859375,34734,0.0,0.0,0.0
2026-04-13 13:41:00-04:00,614.47998046875,614.5800170898438,614.4600219726562,614.5499877929688,38090,0.0,0.0,0.0
2026-04-13 13:42:00-04:00,614.5800170898438,614.6300048828125,614.4700927734375,614.5499877929688,67348,0.0,0.0,0.0
2026-04-13 13:43:00-04:00,614.5399780273438,614.6099853515625,614.47998046875,614.6099853515625,15948,0.0,0.0,0.0
2026-04-13 13:44:00-04:00,614.5499877929688,614.5650024414062,614.3607177734375,614.4000244140625,25567,0.0,0.0,0.0
2026-04-13 13:45:00-04:00,614.3800048828125,614.3900146484375,614.1500244140625,614.2396240234375,30099,0.0,0.0,0.0
2026-04-13 13:46:00-04:00,614.2150268554688,614.2849731445312,614.1699829101562,614.239990234375,16332,0.0,0.0,0.0
2026-04-13 13:47:00-04:00,614.239990234375,614.27001953125,614.1400146484375,614.1541137695312,67146,0.0,0.0,0.0
2026-04-13 13:48:00-04:00,614.1500244140625,614.2899780273438,614.1400146484375,614.1799926757812,37880,0.0,0.0,0.0
2026-04-13 13:49:00-04:00,614.1875,614.2597045898438,614.1199951171875,614.1300048828125,12175,0.0,0.0,0.0
2026-04-13 13:50:00-04:00,614.1199951171875,614.1599731445312,613.864990234375,613.864990234375,45524,0.0,0.0,0.0
2026-04-13 13:51:00-04:00,613.8795776367188,614.0700073242188,613.8699951171875,613.97998046875,40683,0.0,0.0,0.0
2026-04-13 13:52:00-04:00,614.0,614.093994140625,613.9400024414062,614.02001953125,68035,0.0,0.0,0.0
2026-04-13 13:53:00-04:00,614.030029296875,614.239990234375,614.0112915039062,614.1300048828125,41022,0.0,0.0,0.0
2026-04-13 13:54:00-04:00,614.1099853515625,614.1799926757812,614.010009765625,614.1099853515625,29583,0.0,0.0,0.0
2026-04-13 13:55:00-04:00,614.1099853515625,614.2894897460938,614.0701293945312,614.2650146484375,30625,0.0,0.0,0.0
2026-04-13 13:56:00-04:00,614.280029296875,614.280029296875,614.0599975585938,614.1199951171875,26786,0.0,0.0,0.0
2026-04-13 13:57:00-04:00,614.1300048828125,614.1400146484375,614.0499877929688,614.0828247070312,16239,0.0,0.0,0.0
2026-04-13 13:58:00-04:00,614.0850219726562,614.1199951171875,614.030029296875,614.0349731445312,22489,0.0,0.0,0.0
2026-04-13 13:59:00-04:00,614.0399780273438,614.1099853515625,613.9749755859375,613.9949951171875,19570,0.0,0.0,0.0
2026-04-13 14:00:00-04:00,614.0050048828125,614.2579956054688,614.0020141601562,614.2274780273438,56342,0.0,0.0,0.0
2026-04-13 14:01:00-04:00,614.22998046875,614.260009765625,614.1201171875,614.1699829101562,32090,0.0,0.0,0.0
2026-04-13 14:02:00-04:00,614.1820068359375,614.4299926757812,614.1600952148438,614.375,48642,0.0,0.0,0.0
2026-04-13 14:03:00-04:00,614.3800048828125,614.4299926757812,614.3099975585938,614.4268188476562,30579,0.0,0.0,0.0
2026-04-13 14:04:00-04:00,614.4199829101562,614.4500122070312,614.3099975585938,614.3099975585938,36839,0.0,0.0,0.0
2026-04-13 14:05:00-04:00,614.3099975585938,614.3599853515625,614.280029296875,614.2800903320312,22635,0.0,0.0,0.0
2026-04-13 14:06:00-04:00,614.2899780273438,614.2999877929688,614.2100219726562,614.2650146484375,14899,0.0,0.0,0.0
2026-04-13 14:07:00-04:00,614.27001953125,614.348876953125,614.2691040039062,614.3350219726562,38176,0.0,0.0,0.0
2026-04-13 14:08:00-04:00,614.3350219726562,614.469970703125,614.3200073242188,614.405029296875,45814,0.0,0.0,0.0
2026-04-13 14:09:00-04:00,614.3800048828125,614.4400024414062,614.3300170898438,614.4013061523438,27967,0.0,0.0,0.0
2026-04-13 14:10:00-04:00,614.4000244140625,614.489990234375,614.3806762695312,614.4000244140625,24596,0.0,0.0,0.0
2026-04-13 14:11:00-04:00,614.4000244140625,614.4699096679688,614.3400268554688,614.360107421875,16376,0.0,0.0,0.0
2026-04-13 14:12:00-04:00,614.364990234375,614.4000244140625,614.3099975585938,614.3300170898438,12779,0.0,0.0,0.0
2026-04-13 14:13:00-04:00,614.3250122070312,614.3400268554688,614.25,614.2999877929688,28996,0.0,0.0,0.0
2026-04-13 14:14:00-04:00,614.2899780273438,614.3599243164062,614.27001953125,614.2800903320312,19814,0.0,0.0,0.0
2026-04-13 14:15:00-04:00,614.2899169921875,614.3300170898438,614.2100219726562,614.3200073242188,17456,0.0,0.0,0.0
2026-04-13 14:16:00-04:00,614.2999877929688,614.3200073242188,614.219970703125,614.239990234375,15992,0.0,0.0,0.0
2026-04-13 14:17:00-04:00,614.239990234375,614.2750244140625,614.1799926757812,614.2000122070312,19062,0.0,0.0,0.0
2026-04-13 14:18:00-04:00,614.1799926757812,614.219970703125,614.0900268554688,614.0974731445312,23669,0.0,0.0,0.0
2026-04-13 14:19:00-04:00,614.10498046875,614.1699829101562,614.0900268554688,614.0900268554688,20012,0.0,0.0,0.0
2026-04-13 14:20:00-04:00,614.0599975585938,614.1099853515625,613.9500122070312,614.0700073242188,53744,0.0,0.0,0.0
2026-04-13 14:21:00-04:00,614.0700073242188,614.1699829101562,614.0100708007812,614.1146240234375,64883,0.0,0.0,0.0
2026-04-13 14:22:00-04:00,614.1179809570312,614.159912109375,614.0549926757812,614.1099853515625,32779,0.0,0.0,0.0
2026-04-13 14:23:00-04:00,614.10498046875,614.10498046875,614.0499877929688,614.0599975585938,16333,0.0,0.0,0.0
2026-04-13 14:24:00-04:00,614.0599975585938,614.0700073242188,613.9199829101562,613.9400024414062,37253,0.0,0.0,0.0
2026-04-13 14:25:00-04:00,613.9500122070312,613.9949951171875,613.8699951171875,613.9949951171875,37985,0.0,0.0,0.0
2026-04-13 14:26:00-04:00,613.989990234375,614.0,613.8900146484375,613.8900146484375,19816,0.0,0.0,0.0
2026-04-13 14:27:00-04:00,613.8900146484375,613.89697265625,613.8099975585938,613.8300170898438,49430,0.0,0.0,0.0
2026-04-13 14:28:00-04:00,613.8300170898438,614.0599975585938,613.8300170898438,613.9315185546875,26601,0.0,0.0,0.0
2026-04-13 14:29:00-04:00,613.9000244140625,613.989990234375,613.8400268554688,613.8900146484375,21027,0.0,0.0,0.0
2026-04-13 14:30:00-04:00,613.8800048828125,613.9949951171875,613.8300170898438,613.9949951171875,33301,0.0,0.0,0.0
2026-04-13 14:31:00-04:00,614.0,614.0900268554688,613.9600219726562,614.0399780273438,29141,0.0,0.0,0.0
2026-04-13 14:32:00-04:00,614.030029296875,614.1079711914062,614.0150146484375,614.0750122070312,47382,0.0,0.0,0.0
2026-04-13 14:33:00-04:00,614.0750122070312,614.1400146484375,614.0650024414062,614.0700073242188,17757,0.0,0.0,0.0
2026-04-13 14:34:00-04:00,614.0714111328125,614.1701049804688,614.0714111328125,614.1699829101562,31624,0.0,0.0,0.0
2026-04-13 14:35:00-04:00,614.1741943359375,614.260009765625,614.1099853515625,614.260009765625,35916,0.0,0.0,0.0
2026-04-13 14:36:00-04:00,614.219970703125,614.3800048828125,614.2000122070312,614.3350219726562,34964,0.0,0.0,0.0
2026-04-13 14:37:00-04:00,614.3200073242188,614.3800048828125,614.2999877929688,614.3800048828125,25665,0.0,0.0,0.0
2026-04-13 14:38:00-04:00,614.3201293945312,614.3499755859375,614.22998046875,614.3400268554688,18315,0.0,0.0,0.0
2026-04-13 14:39:00-04:00,614.3499755859375,614.3800048828125,614.3276977539062,614.3400268554688,24551,0.0,0.0,0.0
2026-04-13 14:40:00-04:00,614.3499755859375,614.3800048828125,614.27001953125,614.2899780273438,26523,0.0,0.0,0.0
2026-04-13 14:41:00-04:00,614.2899780273438,614.3699951171875,614.219970703125,614.3298950195312,20062,0.0,0.0,0.0
2026-04-13 14:42:00-04:00,614.3099975585938,614.3800048828125,614.25,614.375,126125,0.0,0.0,0.0
2026-04-13 14:43:00-04:00,614.3701171875,614.4249877929688,614.35498046875,614.3800048828125,20839,0.0,0.0,0.0
2026-04-13 14:44:00-04:00,614.3800048828125,614.489990234375,614.3599243164062,614.4600219726562,39288,0.0,0.0,0.0
2026-04-13 14:45:00-04:00,614.469970703125,614.8099975585938,614.469970703125,614.739990234375,89194,0.0,0.0,0.0
2026-04-13 14:46:00-04:00,614.760009765625,614.8499755859375,614.719970703125,614.739990234375,45534,0.0,0.0,0.0
2026-04-13 14:47:00-04:00,614.75,614.7750244140625,614.6699829101562,614.7150268554688,26436,0.0,0.0,0.0
2026-04-13 14:48:00-04:00,614.719970703125,614.8300170898438,614.7050170898438,614.77001953125,52393,0.0,0.0,0.0
2026-04-13 14:49:00-04:00,614.77001953125,614.8099975585938,614.7100219726562,614.7449951171875,40478,0.0,0.0,0.0
2026-04-13 14:50:00-04:00,614.7449951171875,614.75,614.6199951171875,614.6701049804688,68557,0.0,0.0,0.0
2026-04-13 14:51:00-04:00,614.6900024414062,614.8900146484375,614.6199951171875,614.8099975585938,46867,0.0,0.0,0.0
2026-04-13 14:52:00-04:00,614.8400268554688,615.030029296875,614.8101806640625,614.989990234375,81610,0.0,0.0,0.0
2026-04-13 14:53:00-04:00,615.0,615.010009765625,614.9149780273438,614.9550170898438,50026,0.0,0.0,0.0
2026-04-13 14:54:00-04:00,614.9400024414062,615.0999755859375,614.8599853515625,615.0900268554688,83311,0.0,0.0,0.0
2026-04-13 14:55:00-04:00,615.0700073242188,615.1900024414062,615.030029296875,615.1699829101562,65990,0.0,0.0,0.0
2026-04-13 14:56:00-04:00,615.1599731445312,615.2000122070312,615.0800170898438,615.0999755859375,21160,0.0,0.0,0.0
2026-04-13 14:57:00-04:00,615.090087890625,615.0999755859375,614.97998046875,615.0300903320312,26035,0.0,0.0,0.0
2026-04-13 14:58:00-04:00,615.030029296875,615.0900268554688,614.9810180664062,614.9899291992188,30201,0.0,0.0,0.0
2026-04-13 14:59:00-04:00,614.9849853515625,615.010009765625,614.9400024414062,614.97998046875,98673,0.0,0.0,0.0
2026-04-13 15:00:00-04:00,614.97998046875,615.1300048828125,614.9600219726562,615.1099853515625,45589,0.0,0.0,0.0
2026-04-13 15:01:00-04:00,615.0900268554688,615.1900024414062,615.0850219726562,615.1799926757812,42171,0.0,0.0,0.0
2026-04-13 15:02:00-04:00,615.1799926757812,615.1799926757812,615.027587890625,615.027587890625,31705,0.0,0.0,0.0
2026-04-13 15:03:00-04:00,615.02001953125,615.119873046875,615.0,615.0900268554688,21102,0.0,0.0,0.0
2026-04-13 15:04:00-04:00,615.0999755859375,615.0999755859375,614.9901123046875,614.9949951171875,20911,0.0,0.0,0.0
2026-04-13 15:05:00-04:00,615.010009765625,615.02001953125,614.8400268554688,614.9349975585938,55563,0.0,0.0,0.0
2026-04-13 15:06:00-04:00,614.9299926757812,614.9299926757812,614.8101196289062,614.8300170898438,20481,0.0,0.0,0.0
2026-04-13 15:07:00-04:00,614.8499755859375,614.9000244140625,614.7711791992188,614.8300170898438,24361,0.0,0.0,0.0
2026-04-13 15:08:00-04:00,614.8101196289062,614.9500122070312,614.8101196289062,614.9099731445312,33164,0.0,0.0,0.0
2026-04-13 15:09:00-04:00,614.9199829101562,614.9600219726562,614.9000854492188,614.9400024414062,21855,0.0,0.0,0.0
2026-04-13 15:10:00-04:00,614.9600219726562,614.9600219726562,614.8699951171875,614.9016723632812,18696,0.0,0.0,0.0
2026-04-13 15:11:00-04:00,614.8900146484375,614.8900146484375,614.6599731445312,614.739990234375,39193,0.0,0.0,0.0
2026-04-13 15:12:00-04:00,614.7349853515625,614.7899780273438,614.72998046875,614.72998046875,30499,0.0,0.0,0.0
2026-04-13 15:13:00-04:00,614.6900024414062,614.780029296875,614.6599731445312,614.6900024414062,17251,0.0,0.0,0.0
2026-04-13 15:14:00-04:00,614.6707153320312,614.8300170898438,614.6707153320312,614.8099975585938,18328,0.0,0.0,0.0
2026-04-13 15:15:00-04:00,614.8099975585938,614.8699951171875,614.7401123046875,614.8699951171875,28864,0.0,0.0,0.0
2026-04-13 15:16:00-04:00,614.8558959960938,614.989990234375,614.8300170898438,614.9749755859375,39359,0.0,0.0,0.0
2026-04-13 15:17:00-04:00,614.9500122070312,615.0800170898438,614.9500122070312,615.0599975585938,46382,0.0,0.0,0.0
2026-04-13 15:18:00-04:00,615.0599975585938,615.1900024414062,615.0599975585938,615.1851196289062,48071,0.0,0.0,0.0
2026-04-13 15:19:00-04:00,615.1799926757812,615.2100219726562,615.0900268554688,615.1400756835938,55342,0.0,0.0,0.0
2026-04-13 15:20:00-04:00,615.1500244140625,615.1500244140625,615.0650024414062,615.0800170898438,21858,0.0,0.0,0.0
2026-04-13 15:21:00-04:00,615.0800170898438,615.1699829101562,615.0700073242188,615.1506958007812,38712,0.0,0.0,0.0
2026-04-13 15:22:00-04:00,615.1599731445312,615.3099975585938,615.135009765625,615.27001953125,94542,0.0,0.0,0.0
2026-04-13 15:23:00-04:00,615.27001953125,615.3599853515625,615.22998046875,615.3286743164062,46101,0.0,0.0,0.0
2026-04-13 15:24:00-04:00,615.3200073242188,615.3300170898438,615.265625,615.3049926757812,41226,0.0,0.0,0.0
2026-04-13 15:25:00-04:00,615.2901000976562,615.3900146484375,615.27001953125,615.3400268554688,60789,0.0,0.0,0.0
2026-04-13 15:26:00-04:00,615.3200073242188,615.3800048828125,615.3099975585938,615.3400268554688,19271,0.0,0.0,0.0
2026-04-13 15:27:00-04:00,615.3400268554688,615.3599853515625,615.2899780273438,615.3400268554688,33018,0.0,0.0,0.0
2026-04-13 15:28:00-04:00,615.3300170898438,615.375,615.3099975585938,615.3101196289062,28354,0.0,0.0,0.0
2026-04-13 15:29:00-04:00,615.3099975585938,615.344970703125,615.27001953125,615.344970703125,33296,0.0,0.0,0.0
2026-04-13 15:30:00-04:00,615.3300170898438,615.3300170898438,615.1591186523438,615.219970703125,60945,0.0,0.0,0.0
2026-04-13 15:31:00-04:00,615.2050170898438,615.6900024414062,615.2000122070312,615.614990234375,116405,0.0,0.0,0.0
2026-04-13 15:32:00-04:00,615.6099853515625,615.77001953125,615.6099853515625,615.760009765625,73836,0.0,0.0,0.0
2026-04-13 15:33:00-04:00,615.760009765625,615.8350219726562,615.719970703125,615.75,56268,0.0,0.0,0.0
2026-04-13 15:34:00-04:00,615.760009765625,615.760009765625,615.6599731445312,615.7000122070312,61898,0.0,0.0,0.0
2026-04-13 15:35:00-04:00,615.6950073242188,615.7750244140625,615.5399780273438,615.72998046875,66019,0.0,0.0,0.0
2026-04-13 15:36:00-04:00,615.7249755859375,615.9699096679688,615.7100219726562,615.8599853515625,69252,0.0,0.0,0.0
2026-04-13 15:37:00-04:00,615.8699951171875,615.8699951171875,615.7100219726562,615.7150268554688,86598,0.0,0.0,0.0
2026-04-13 15:38:00-04:00,615.7100830078125,615.7150268554688,615.52001953125,615.6300048828125,126705,0.0,0.0,0.0
2026-04-13 15:39:00-04:00,615.6199951171875,615.6599731445312,615.5700073242188,615.5700073242188,85205,0.0,0.0,0.0
2026-04-13 15:40:00-04:00,615.5700073242188,615.64501953125,615.4600219726562,615.5,62555,0.0,0.0,0.0
2026-04-13 15:41:00-04:00,615.489990234375,615.5499877929688,615.3599853515625,615.4249877929688,52792,0.0,0.0,0.0
2026-04-13 15:42:00-04:00,615.4199829101562,615.4199829101562,615.3099975585938,615.409912109375,72091,0.0,0.0,0.0
2026-04-13 15:43:00-04:00,615.405029296875,615.4299926757812,615.3499755859375,615.3599243164062,55449,0.0,0.0,0.0
2026-04-13 15:44:00-04:00,615.3499755859375,615.5499877929688,615.3499755859375,615.5,56124,0.0,0.0,0.0
2026-04-13 15:45:00-04:00,615.47998046875,615.5700073242188,615.3499755859375,615.39501953125,117369,0.0,0.0,0.0
2026-04-13 15:46:00-04:00,615.4298706054688,615.47998046875,615.3900146484375,615.4249877929688,67478,0.0,0.0,0.0
2026-04-13 15:47:00-04:00,615.4249877929688,615.469970703125,615.2899780273438,615.3800048828125,51712,0.0,0.0,0.0
2026-04-13 15:48:00-04:00,615.3800048828125,615.469970703125,615.344970703125,615.4099731445312,121023,0.0,0.0,0.0
2026-04-13 15:49:00-04:00,615.4099731445312,615.6599731445312,615.4099731445312,615.6599731445312,101221,0.0,0.0,0.0
2026-04-13 15:50:00-04:00,615.6699829101562,616.6599731445312,615.6300048828125,616.6300048828125,385563,0.0,0.0,0.0
2026-04-13 15:51:00-04:00,616.6400146484375,616.739990234375,616.4000244140625,616.6199951171875,158718,0.0,0.0,0.0
2026-04-13 15:52:00-04:00,616.6300048828125,616.760009765625,616.5399780273438,616.5399780273438,303191,0.0,0.0,0.0
2026-04-13 15:53:00-04:00,616.5399780273438,616.9000244140625,616.4500122070312,616.780029296875,157294,0.0,0.0,0.0
2026-04-13 15:54:00-04:00,616.780029296875,617.0900268554688,616.719970703125,616.9000244140625,191184,0.0,0.0,0.0
2026-04-13 15:55:00-04:00,616.9099731445312,617.3499755859375,616.9099731445312,617.1749877929688,261007,0.0,0.0,0.0
2026-04-13 15:56:00-04:00,617.1799926757812,617.489990234375,617.1199951171875,617.4099731445312,228279,0.0,0.0,0.0
2026-04-13 15:57:00-04:00,617.405029296875,617.510009765625,617.2899780273438,617.4420166015625,387533,0.0,0.0,0.0
2026-04-13 15:58:00-04:00,617.4400024414062,617.4650268554688,617.260009765625,617.364990234375,228098,0.0,0.0,0.0
2026-04-13 15:59:00-04:00,617.364990234375,617.9600219726562,617.2899780273438,617.3200073242188,1137235,0.0,0.0,0.0
