datetime,open,high,low,close,volume,dividends,stock splits
2026-01-15 09:30:00-05:00,9.732000350952148,9.803999900817871,9.604999542236328,9.755999565124512,184783,0.0,0.0
2026-01-15 09:35:00-05:00,9.779999732971191,9.786999702453613,9.670000076293945,9.689000129699707,88180,0.0,0.0
2026-01-15 09:40:00-05:00,9.6899995803833,9.720000267028809,9.649999618530273,9.651399612426758,93796,0.0,0.0
2026-01-15 09:45:00-05:00,9.662799835205078,9.734199523925781,9.65999984741211,9.734199523925781,37147,0.0,0.0
2026-01-15 09:50:00-05:00,9.734999656677246,9.770000457763672,9.700300216674805,9.760000228881836,52828,0.0,0.0
2026-01-15 09:55:00-05:00,9.755000114440918,9.789999961853027,9.735199928283691,9.779999732971191,30894,0.0,0.0
2026-01-15 10:00:00-05:00,9.779899597167969,9.960000038146973,9.765000343322754,9.940099716186523,139666,0.0,0.0
2026-01-15 10:05:00-05:00,9.9350004196167,10.039899826049805,9.9350004196167,10.029999732971191,174875,0.0,0.0
2026-01-15 10:10:00-05:00,10.029999732971191,10.039999961853027,9.90999984741211,9.944999694824219,153472,0.0,0.0
2026-01-15 10:15:00-05:00,9.9399995803833,9.990099906921387,9.9350004196167,9.990099906921387,46103,0.0,0.0
2026-01-15 10:20:00-05:00,10.0,10.050000190734863,9.979999542236328,10.035799980163574,86283,0.0,0.0
2026-01-15 10:25:00-05:00,10.035200119018555,10.039999961853027,9.979999542236328,9.989999771118164,53540,0.0,0.0
2026-01-15 10:30:00-05:00,9.989999771118164,9.989999771118164,9.930000305175781,9.960100173950195,61841,0.0,0.0
2026-01-15 10:35:00-05:00,9.960100173950195,10.050000190734863,9.944999694824219,10.0,50182,0.0,0.0
2026-01-15 10:40:00-05:00,9.994999885559082,10.0,9.960000038146973,9.979100227355957,29654,0.0,0.0
2026-01-15 10:45:00-05:00,9.975000381469727,9.994999885559082,9.970000267028809,9.979999542236328,21200,0.0,0.0
2026-01-15 10:50:00-05:00,9.98449993133545,10.020000457763672,9.959400177001953,9.984999656677246,45219,0.0,0.0
2026-01-15 10:55:00-05:00,10.0,10.03499984741211,9.994999885559082,10.029999732971191,29037,0.0,0.0
2026-01-15 11:00:00-05:00,10.029999732971191,10.069999694824219,10.020000457763672,10.0600004196167,40343,0.0,0.0
2026-01-15 11:05:00-05:00,10.057000160217285,10.128000259399414,10.001299858093262,10.010000228881836,90135,0.0,0.0
2026-01-15 11:10:00-05:00,10.0,10.029999732971191,9.949999809265137,9.979999542236328,42432,0.0,0.0
2026-01-15 11:15:00-05:00,9.975000381469727,10.0,9.940999984741211,9.979999542236328,44751,0.0,0.0
2026-01-15 11:20:00-05:00,9.96399974822998,10.029999732971191,9.944999694824219,10.020000457763672,68008,0.0,0.0
2026-01-15 11:25:00-05:00,10.020000457763672,10.050000190734863,10.005000114440918,10.010000228881836,31860,0.0,0.0
2026-01-15 11:30:00-05:00,10.010000228881836,10.020000457763672,10.0,10.010000228881836,10087,0.0,0.0
2026-01-15 11:35:00-05:00,10.024999618530273,10.024999618530273,9.979999542236328,10.000100135803223,31098,0.0,0.0
2026-01-15 11:40:00-05:00,10.005000114440918,10.005000114440918,9.949999809265137,9.960100173950195,23195,0.0,0.0
2026-01-15 11:45:00-05:00,9.960100173950195,10.0,9.949999809265137,9.989999771118164,34853,0.0,0.0
2026-01-15 11:50:00-05:00,9.98490047454834,9.989999771118164,9.961000442504883,9.975000381469727,18782,0.0,0.0
2026-01-15 11:55:00-05:00,9.970000267028809,9.970000267028809,9.9399995803833,9.954999923706055,13620,0.0,0.0
2026-01-15 12:00:00-05:00,9.960000038146973,9.965100288391113,9.949999809265137,9.949999809265137,16295,0.0,0.0
2026-01-15 12:05:00-05:00,9.949999809265137,9.949999809265137,9.920100212097168,9.930000305175781,80934,0.0,0.0
2026-01-15 12:10:00-05:00,9.930000305175781,9.935500144958496,9.869999885559082,9.869999885559082,50415,0.0,0.0
2026-01-15 12:15:00-05:00,9.880000114440918,9.929900169372559,9.864999771118164,9.920000076293945,26471,0.0,0.0
2026-01-15 12:20:00-05:00,9.920000076293945,9.920000076293945,9.890000343322754,9.90719985961914,25559,0.0,0.0
2026-01-15 12:25:00-05:00,9.899999618530273,9.919500350952148,9.890000343322754,9.90999984741211,12471,0.0,0.0
2026-01-15 12:30:00-05:00,9.90999984741211,9.9350004196167,9.900099754333496,9.90999984741211,11722,0.0,0.0
2026-01-15 12:35:00-05:00,9.90999984741211,9.9399995803833,9.90999984741211,9.90999984741211,8209,0.0,0.0
2026-01-15 12:40:00-05:00,9.90999984741211,9.914999961853027,9.899999618530273,9.904999732971191,8802,0.0,0.0
2026-01-15 12:45:00-05:00,9.904999732971191,9.925000190734863,9.899999618530273,9.925000190734863,9161,0.0,0.0
2026-01-15 12:50:00-05:00,9.920000076293945,9.930000305175781,9.890000343322754,9.89169979095459,29328,0.0,0.0
2026-01-15 12:55:00-05:00,9.895000457763672,9.899900436401367,9.880000114440918,9.880000114440918,10492,0.0,0.0
2026-01-15 13:00:00-05:00,9.885000228881836,9.890000343322754,9.850000381469727,9.864999771118164,41992,0.0,0.0
2026-01-15 13:05:00-05:00,9.859999656677246,9.86989974975586,9.850000381469727,9.86989974975586,6599,0.0,0.0
2026-01-15 13:10:00-05:00,9.869999885559082,9.880000114440918,9.829999923706055,9.84000015258789,10168,0.0,0.0
2026-01-15 13:15:00-05:00,9.84000015258789,9.84000015258789,9.820099830627441,9.829999923706055,15489,0.0,0.0
2026-01-15 13:20:00-05:00,9.835000038146973,9.859999656677246,9.829999923706055,9.854999542236328,12689,0.0,0.0
2026-01-15 13:25:00-05:00,9.85990047454834,9.859999656677246,9.849900245666504,9.859999656677246,11062,0.0,0.0
2026-01-15 13:30:00-05:00,9.859999656677246,9.869999885559082,9.850000381469727,9.850000381469727,5063,0.0,0.0
2026-01-15 13:35:00-05:00,9.859999656677246,9.864999771118164,9.854999542236328,9.854999542236328,10252,0.0,0.0
2026-01-15 13:40:00-05:00,9.850000381469727,9.875499725341797,9.841300010681152,9.871000289916992,9797,0.0,0.0
2026-01-15 13:45:00-05:00,9.869999885559082,9.890000343322754,9.860099792480469,9.879300117492676,18594,0.0,0.0
2026-01-15 13:50:00-05:00,9.880000114440918,9.899999618530273,9.869999885559082,9.884900093078613,17041,0.0,0.0
2026-01-15 13:55:00-05:00,9.888799667358398,9.90719985961914,9.885000228881836,9.885000228881836,20715,0.0,0.0
2026-01-15 14:00:00-05:00,9.880000114440918,9.880000114440918,9.842000007629395,9.859999656677246,17337,0.0,0.0
2026-01-15 14:05:00-05:00,9.850000381469727,9.925000190734863,9.850000381469727,9.899999618530273,27482,0.0,0.0
2026-01-15 14:10:00-05:00,9.890000343322754,9.899999618530273,9.880000114440918,9.899700164794922,4769,0.0,0.0
2026-01-15 14:15:00-05:00,9.90999984741211,9.960000038146973,9.904399871826172,9.90999984741211,23734,0.0,0.0
2026-01-15 14:20:00-05:00,9.915599822998047,9.920000076293945,9.859999656677246,9.859999656677246,17752,0.0,0.0
2026-01-15 14:25:00-05:00,9.859999656677246,9.904999732971191,9.850099563598633,9.904999732971191,16645,0.0,0.0
2026-01-15 14:30:00-05:00,9.90999984741211,9.920000076293945,9.8100004196167,9.811699867248535,27126,0.0,0.0
2026-01-15 14:35:00-05:00,9.8100004196167,9.82800006866455,9.803000450134277,9.819100379943848,24862,0.0,0.0
2026-01-15 14:40:00-05:00,9.818499565124512,9.835000038146973,9.8149995803833,9.829999923706055,5430,0.0,0.0
2026-01-15 14:45:00-05:00,9.832300186157227,9.862700462341309,9.829999923706055,9.862700462341309,12475,0.0,0.0
2026-01-15 14:50:00-05:00,9.86989974975586,9.895000457763672,9.859999656677246,9.860799789428711,9313,0.0,0.0
2026-01-15 14:55:00-05:00,9.856599807739258,9.949999809265137,9.856599807739258,9.930000305175781,24508,0.0,0.0
2026-01-15 15:00:00-05:00,9.930000305175781,9.930000305175781,9.850000381469727,9.890000343322754,16781,0.0,0.0
2026-01-15 15:05:00-05:00,9.890000343322754,9.890000343322754,9.829999923706055,9.84000015258789,9338,0.0,0.0
2026-01-15 15:10:00-05:00,9.845000267028809,9.870699882507324,9.829999923706055,9.868300437927246,11208,0.0,0.0
2026-01-15 15:15:00-05:00,9.850000381469727,9.859999656677246,9.820099830627441,9.824999809265137,16798,0.0,0.0
2026-01-15 15:20:00-05:00,9.824999809265137,9.850000381469727,9.800000190734863,9.809900283813477,42990,0.0,0.0
2026-01-15 15:25:00-05:00,9.800000190734863,9.81980037689209,9.760000228881836,9.765000343322754,28362,0.0,0.0
2026-01-15 15:30:00-05:00,9.765000343322754,9.779999732971191,9.75,9.770899772644043,1085002,0.0,0.0
2026-01-15 15:35:00-05:00,9.774399757385254,9.8100004196167,9.770000457763672,9.790200233459473,0,0.0,0.0
2026-01-15 15:40:00-05:00,9.789999961853027,9.800000190734863,9.760000228881836,9.779999732971191,25823,0.0,0.0
2026-01-15 15:45:00-05:00,9.770000457763672,9.779999732971191,9.739999771118164,9.744199752807617,56999,0.0,0.0
2026-01-15 15:50:00-05:00,9.739999771118164,9.739999771118164,9.699999809265137,9.710000038146973,80551,0.0,0.0
2026-01-15 15:55:00-05:00,9.710000038146973,9.755000114440918,9.6899995803833,9.720000267028809,205151,0.0,0.0
2026-01-16 09:30:00-05:00,9.609999656677246,9.679900169372559,9.390000343322754,9.4399995803833,242155,0.0,0.0
2026-01-16 09:35:00-05:00,9.460000038146973,9.470000267028809,9.380999565124512,9.40999984741211,93371,0.0,0.0
2026-01-16 09:40:00-05:00,9.414999961853027,9.449999809265137,9.40999984741211,9.4399995803833,56594,0.0,0.0
2026-01-16 09:45:00-05:00,9.4399995803833,9.501399993896484,9.430000305175781,9.484999656677246,46993,0.0,0.0
2026-01-16 09:50:00-05:00,9.489999771118164,9.550000190734863,9.489999771118164,9.520099639892578,31956,0.0,0.0
2026-01-16 09:55:00-05:00,9.52180004119873,9.5600004196167,9.520099639892578,9.539999961853027,20901,0.0,0.0
2026-01-16 10:00:00-05:00,9.550000190734863,9.57859992980957,9.520000457763672,9.569999694824219,27725,0.0,0.0
2026-01-16 10:05:00-05:00,9.569999694824219,9.609800338745117,9.554800033569336,9.590100288391113,59958,0.0,0.0
2026-01-16 10:10:00-05:00,9.595000267028809,9.619999885559082,9.5600004196167,9.59000015258789,34660,0.0,0.0
2026-01-16 10:15:00-05:00,9.59000015258789,9.600000381469727,9.503999710083008,9.503999710083008,28434,0.0,0.0
2026-01-16 10:20:00-05:00,9.510000228881836,9.550000190734863,9.5,9.540300369262695,29366,0.0,0.0
2026-01-16 10:25:00-05:00,9.54010009765625,9.559900283813477,9.539999961853027,9.539999961853027,11676,0.0,0.0
2026-01-16 10:30:00-05:00,9.539999961853027,9.569999694824219,9.510000228881836,9.510000228881836,33988,0.0,0.0
2026-01-16 10:35:00-05:00,9.515000343322754,9.515000343322754,9.484999656677246,9.505000114440918,16879,0.0,0.0
2026-01-16 10:40:00-05:00,9.505000114440918,9.505000114440918,9.460000038146973,9.460000038146973,25934,0.0,0.0
2026-01-16 10:45:00-05:00,9.469900131225586,9.469900131225586,9.449999809265137,9.45009994506836,30090,0.0,0.0
2026-01-16 10:50:00-05:00,9.460000038146973,9.500100135803223,9.454999923706055,9.500100135803223,18474,0.0,0.0
2026-01-16 10:55:00-05:00,9.5,9.524999618530273,9.5,9.524999618530273,18721,0.0,0.0
2026-01-16 11:00:00-05:00,9.520099639892578,9.529999732971191,9.510000228881836,9.515000343322754,5736,0.0,0.0
2026-01-16 11:05:00-05:00,9.512999534606934,9.512999534606934,9.490099906921387,9.494999885559082,9689,0.0,0.0
2026-01-16 11:10:00-05:00,9.489999771118164,9.5108003616333,9.479999542236328,9.494500160217285,15991,0.0,0.0
2026-01-16 11:15:00-05:00,9.484999656677246,9.510000228881836,9.475000381469727,9.510000228881836,15164,0.0,0.0
2026-01-16 11:20:00-05:00,9.510000228881836,9.529999732971191,9.5,9.524999618530273,13560,0.0,0.0
2026-01-16 11:25:00-05:00,9.515000343322754,9.520000457763672,9.510000228881836,9.510000228881836,7713,0.0,0.0
2026-01-16 11:30:00-05:00,9.515000343322754,9.520000457763672,9.501899719238281,9.501899719238281,5460,0.0,0.0
2026-01-16 11:35:00-05:00,9.505000114440918,9.53499984741211,9.500300407409668,9.53499984741211,11871,0.0,0.0
2026-01-16 11:40:00-05:00,9.53499984741211,9.5600004196167,9.529999732971191,9.530099868774414,30591,0.0,0.0
2026-01-16 11:45:00-05:00,9.529999732971191,9.550000190734863,9.523500442504883,9.545000076293945,7243,0.0,0.0
2026-01-16 11:50:00-05:00,9.541399955749512,9.545100212097168,9.537400245666504,9.537400245666504,3777,0.0,0.0
2026-01-16 11:55:00-05:00,9.539999961853027,9.54170036315918,9.529999732971191,9.539999961853027,6022,0.0,0.0
2026-01-16 12:00:00-05:00,9.53219985961914,9.539999961853027,9.531000137329102,9.539899826049805,6143,0.0,0.0
2026-01-16 12:05:00-05:00,9.545000076293945,9.550000190734863,9.520000457763672,9.527000427246094,11663,0.0,0.0
2026-01-16 12:10:00-05:00,9.524999618530273,9.524999618530273,9.492799758911133,9.505000114440918,13838,0.0,0.0
2026-01-16 12:15:00-05:00,9.489999771118164,9.494999885559082,9.483699798583984,9.487799644470215,8434,0.0,0.0
2026-01-16 12:20:00-05:00,9.483499526977539,9.483499526977539,9.46969985961914,9.479999542236328,10516,0.0,0.0
2026-01-16 12:25:00-05:00,9.46500015258789,9.472999572753906,9.460000038146973,9.460000038146973,7187,0.0,0.0
2026-01-16 12:30:00-05:00,9.460100173950195,9.475000381469727,9.460000038146973,9.475000381469727,15445,0.0,0.0
2026-01-16 12:35:00-05:00,9.479999542236328,9.489999771118164,9.479999542236328,9.484999656677246,7978,0.0,0.0
2026-01-16 12:40:00-05:00,9.484399795532227,9.5,9.479999542236328,9.482399940490723,8600,0.0,0.0
2026-01-16 12:45:00-05:00,9.484999656677246,9.489999771118164,9.479999542236328,9.484999656677246,4658,0.0,0.0
2026-01-16 12:50:00-05:00,9.48009967803955,9.484999656677246,9.475000381469727,9.484999656677246,5501,0.0,0.0
2026-01-16 12:55:00-05:00,9.489999771118164,9.5,9.484999656677246,9.489999771118164,16203,0.0,0.0
2026-01-16 13:00:00-05:00,9.484999656677246,9.494999885559082,9.48449993133545,9.494999885559082,6553,0.0,0.0
2026-01-16 13:05:00-05:00,9.5,9.508500099182129,9.489999771118164,9.50100040435791,8545,0.0,0.0
2026-01-16 13:10:00-05:00,9.505000114440918,9.510000228881836,9.494999885559082,9.505000114440918,9972,0.0,0.0
2026-01-16 13:15:00-05:00,9.494999885559082,9.5,9.494999885559082,9.499199867248535,6579,0.0,0.0
2026-01-16 13:20:00-05:00,9.499899864196777,9.5,9.484999656677246,9.49940013885498,16788,0.0,0.0
2026-01-16 13:25:00-05:00,9.494999885559082,9.499899864196777,9.490099906921387,9.494999885559082,13961,0.0,0.0
2026-01-16 13:30:00-05:00,9.499899864196777,9.50979995727539,9.489999771118164,9.505000114440918,15371,0.0,0.0
2026-01-16 13:35:00-05:00,9.505000114440918,9.517999649047852,9.494999885559082,9.515000343322754,5394,0.0,0.0
2026-01-16 13:40:00-05:00,9.514200210571289,9.515000343322754,9.484999656677246,9.496999740600586,12155,0.0,0.0
2026-01-16 13:45:00-05:00,9.489999771118164,9.494999885559082,9.479999542236328,9.48270034790039,23832,0.0,0.0
2026-01-16 13:50:00-05:00,9.489899635314941,9.491000175476074,9.470000267028809,9.484999656677246,23929,0.0,0.0
2026-01-16 13:55:00-05:00,9.479999542236328,9.494999885559082,9.479999542236328,9.488499641418457,6279,0.0,0.0
2026-01-16 14:00:00-05:00,9.5,9.510000228881836,9.471799850463867,9.505000114440918,24967,0.0,0.0
2026-01-16 14:05:00-05:00,9.505000114440918,9.505000114440918,9.489999771118164,9.49020004272461,8218,0.0,0.0
2026-01-16 14:10:00-05:00,9.489999771118164,9.496199607849121,9.484999656677246,9.49120044708252,6857,0.0,0.0
2026-01-16 14:15:00-05:00,9.494999885559082,9.499899864196777,9.489999771118164,9.494999885559082,9765,0.0,0.0
2026-01-16 14:20:00-05:00,9.5,9.508999824523926,9.498499870300293,9.5,19961,0.0,0.0
2026-01-16 14:25:00-05:00,9.494999885559082,9.495400428771973,9.470000267028809,9.475000381469727,14260,0.0,0.0
2026-01-16 14:30:00-05:00,9.479999542236328,9.524999618530273,9.479999542236328,9.524999618530273,11692,0.0,0.0
2026-01-16 14:35:00-05:00,9.524999618530273,9.524999618530273,9.494999885559082,9.505000114440918,12732,0.0,0.0
2026-01-16 14:40:00-05:00,9.505000114440918,9.510000228881836,9.489999771118164,9.505000114440918,10963,0.0,0.0
2026-01-16 14:45:00-05:00,9.505000114440918,9.505000114440918,9.48449993133545,9.484999656677246,16920,0.0,0.0
2026-01-16 14:50:00-05:00,9.489999771118164,9.494999885559082,9.479999542236328,9.489899635314941,18121,0.0,0.0
2026-01-16 14:55:00-05:00,9.485400199890137,9.485400199890137,9.470000267028809,9.479999542236328,19841,0.0,0.0
2026-01-16 15:00:00-05:00,9.470000267028809,9.520000457763672,9.454999923706055,9.505000114440918,35976,0.0,0.0
2026-01-16 15:05:00-05:00,9.505000114440918,9.505000114440918,9.45460033416748,9.470000267028809,33716,0.0,0.0
2026-01-16 15:10:00-05:00,9.46500015258789,9.469900131225586,9.449999809265137,9.45009994506836,13048,0.0,0.0
2026-01-16 15:15:00-05:00,9.449999809265137,9.454999923706055,9.420000076293945,9.43589973449707,77291,0.0,0.0
2026-01-16 15:20:00-05:00,9.438199996948242,9.445799827575684,9.431900024414062,9.4350004196167,12340,0.0,0.0
2026-01-16 15:25:00-05:00,9.4350004196167,9.4350004196167,9.40999984741211,9.414999961853027,25598,0.0,0.0
2026-01-16 15:30:00-05:00,9.40999984741211,9.40999984741211,9.359999656677246,9.359999656677246,50481,0.0,0.0
2026-01-16 15:35:00-05:00,9.364999771118164,9.395000457763672,9.364500045776367,9.390000343322754,55975,0.0,0.0
2026-01-16 15:40:00-05:00,9.389300346374512,9.409000396728516,9.38010025024414,9.390000343322754,32565,0.0,0.0
2026-01-16 15:45:00-05:00,9.390000343322754,9.399999618530273,9.380000114440918,9.395000457763672,46844,0.0,0.0
2026-01-16 15:50:00-05:00,9.399999618530273,9.420000076293945,9.380000114440918,9.414999961853027,26850,0.0,0.0
2026-01-16 15:55:00-05:00,9.414999961853027,9.470000267028809,9.414999961853027,9.460000038146973,120625,0.0,0.0
2026-01-20 09:30:00-05:00,9.0,9.149999618530273,8.880000114440918,9.09000015258789,796352,0.0,0.0
2026-01-20 09:35:00-05:00,9.076000213623047,9.079999923706055,8.970000267028809,9.055000305175781,112355,0.0,0.0
2026-01-20 09:40:00-05:00,9.04539966583252,9.074999809265137,9.005000114440918,9.0600004196167,45850,0.0,0.0
2026-01-20 09:45:00-05:00,9.055000305175781,9.055000305175781,8.949999809265137,9.0,111039,0.0,0.0
2026-01-20 09:50:00-05:00,9.001399993896484,9.038999557495117,8.964599609375,8.966500282287598,64389,0.0,0.0
2026-01-20 09:55:00-05:00,8.967499732971191,8.989999771118164,8.930000305175781,8.9350004196167,59388,0.0,0.0
2026-01-20 10:00:00-05:00,8.930100440979004,8.9399995803833,8.869999885559082,8.880000114440918,147185,0.0,0.0
2026-01-20 10:05:00-05:00,8.875,8.880000114440918,8.850000381469727,8.854999542236328,110124,0.0,0.0
2026-01-20 10:10:00-05:00,8.854999542236328,8.859999656677246,8.84000015258789,8.849300384521484,662679,0.0,0.0
2026-01-20 10:15:00-05:00,8.848999977111816,8.869999885559082,8.819999694824219,8.824999809265137,0,0.0,0.0
2026-01-20 10:20:00-05:00,8.820099830627441,8.909899711608887,8.819999694824219,8.890000343322754,135629,0.0,0.0
2026-01-20 10:25:00-05:00,8.885000228881836,8.897000312805176,8.860099792480469,8.879199981689453,67935,0.0,0.0
2026-01-20 10:30:00-05:00,8.879899978637695,8.9399995803833,8.864999771118164,8.930000305175781,73575,0.0,0.0
2026-01-20 10:35:00-05:00,8.928199768066406,8.930000305175781,8.900099754333496,8.904999732971191,41415,0.0,0.0
2026-01-20 10:40:00-05:00,8.904999732971191,8.920000076293945,8.895000457763672,8.910099983215332,73710,0.0,0.0
2026-01-20 10:45:00-05:00,8.90999984741211,8.930000305175781,8.904999732971191,8.904999732971191,59215,0.0,0.0
2026-01-20 10:50:00-05:00,8.904999732971191,8.919899940490723,8.899999618530273,8.904999732971191,35619,0.0,0.0
2026-01-20 10:55:00-05:00,8.899999618530273,8.944999694824219,8.894599914550781,8.933699607849121,52173,0.0,0.0
2026-01-20 11:00:00-05:00,8.931900024414062,8.9399995803833,8.899999618530273,8.90820026397705,21552,0.0,0.0
2026-01-20 11:05:00-05:00,8.904999732971191,8.907400131225586,8.880000114440918,8.889900207519531,48730,0.0,0.0
2026-01-20 11:10:00-05:00,8.88070011138916,8.895000457763672,8.850000381469727,8.857799530029297,44003,0.0,0.0
2026-01-20 11:15:00-05:00,8.854999542236328,8.880000114440918,8.850000381469727,8.864999771118164,35304,0.0,0.0
2026-01-20 11:20:00-05:00,8.86620044708252,8.869999885559082,8.859999656677246,8.86620044708252,38849,0.0,0.0
2026-01-20 11:25:00-05:00,8.864999771118164,8.875,8.850000381469727,8.875,38245,0.0,0.0
2026-01-20 11:30:00-05:00,8.875,8.899999618530273,8.869999885559082,8.899999618530273,29253,0.0,0.0
2026-01-20 11:35:00-05:00,8.904999732971191,8.960000038146973,8.904999732971191,8.954999923706055,56842,0.0,0.0
2026-01-20 11:40:00-05:00,8.94219970703125,8.94219970703125,8.90999984741211,8.91450023651123,30732,0.0,0.0
2026-01-20 11:45:00-05:00,8.920000076293945,8.9399995803833,8.914999961853027,8.925000190734863,28476,0.0,0.0
2026-01-20 11:50:00-05:00,8.920999526977539,8.925000190734863,8.90999984741211,8.914999961853027,16411,0.0,0.0
2026-01-20 11:55:00-05:00,8.91759967803955,8.91759967803955,8.890000343322754,8.909899711608887,31402,0.0,0.0
2026-01-20 12:00:00-05:00,8.909899711608887,8.930000305175781,8.904999732971191,8.90999984741211,21680,0.0,0.0
2026-01-20 12:05:00-05:00,8.90999984741211,8.9399995803833,8.90999984741211,8.930000305175781,35146,0.0,0.0
2026-01-20 12:10:00-05:00,8.925000190734863,8.938599586486816,8.914999961853027,8.933300018310547,10378,0.0,0.0
2026-01-20 12:15:00-05:00,8.930100440979004,8.960000038146973,8.930100440979004,8.944999694824219,105990,0.0,0.0
2026-01-20 12:20:00-05:00,8.9399995803833,8.9399995803833,8.90999984741211,8.925399780273438,28085,0.0,0.0
2026-01-20 12:25:00-05:00,8.925000190734863,8.930000305175781,8.90999984741211,8.928999900817871,18753,0.0,0.0
2026-01-20 12:30:00-05:00,8.920499801635742,8.925800323486328,8.859999656677246,8.860099792480469,40062,0.0,0.0
2026-01-20 12:35:00-05:00,8.859999656677246,8.869999885559082,8.850000381469727,8.854599952697754,22486,0.0,0.0
2026-01-20 12:40:00-05:00,8.859999656677246,8.880000114440918,8.859999656677246,8.859999656677246,42848,0.0,0.0
2026-01-20 12:45:00-05:00,8.859999656677246,8.869999885559082,8.854999542236328,8.864999771118164,23908,0.0,0.0
2026-01-20 12:50:00-05:00,8.869999885559082,8.87969970703125,8.859999656677246,8.8725004196167,935627,0.0,0.0
2026-01-20 12:55:00-05:00,8.875,8.880000114440918,8.864999771118164,8.86989974975586,0,0.0,0.0
2026-01-20 13:00:00-05:00,8.866299629211426,8.869999885559082,8.831000328063965,8.835000038146973,36126,0.0,0.0
2026-01-20 13:05:00-05:00,8.836099624633789,8.850000381469727,8.829999923706055,8.850000381469727,34011,0.0,0.0
2026-01-20 13:10:00-05:00,8.84000015258789,8.859999656677246,8.829999923706055,8.850700378417969,37249,0.0,0.0
2026-01-20 13:15:00-05:00,8.850099563598633,8.859999656677246,8.829999923706055,8.835000038146973,29267,0.0,0.0
2026-01-20 13:20:00-05:00,8.829999923706055,8.84000015258789,8.819999694824219,8.829999923706055,1015537,0.0,0.0
2026-01-20 13:25:00-05:00,8.839900016784668,8.839900016784668,8.819999694824219,8.820099830627441,0,0.0,0.0
2026-01-20 13:30:00-05:00,8.819999694824219,8.829000473022461,8.729999542236328,8.740099906921387,168992,0.0,0.0
2026-01-20 13:35:00-05:00,8.741399765014648,8.760000228881836,8.720000267028809,8.74899959564209,56351,0.0,0.0
2026-01-20 13:40:00-05:00,8.740099906921387,8.76200008392334,8.739999771118164,8.745400428771973,39496,0.0,0.0
2026-01-20 13:45:00-05:00,8.75,8.75,8.720000267028809,8.729900360107422,28378,0.0,0.0
2026-01-20 13:50:00-05:00,8.720100402832031,8.720100402832031,8.699999809265137,8.704999923706055,52251,0.0,0.0
2026-01-20 13:55:00-05:00,8.704999923706055,8.729999542236328,8.699999809265137,8.72089958190918,46435,0.0,0.0
2026-01-20 14:00:00-05:00,8.729999542236328,8.739999771118164,8.720000267028809,8.734999656677246,31131,0.0,0.0
2026-01-20 14:05:00-05:00,8.729999542236328,8.75,8.729999542236328,8.75,28227,0.0,0.0
2026-01-20 14:10:00-05:00,8.739999771118164,8.760000228881836,8.739999771118164,8.756199836730957,16902,0.0,0.0
2026-01-20 14:15:00-05:00,8.760000228881836,8.760000228881836,8.734600067138672,8.739999771118164,12011,0.0,0.0
2026-01-20 14:20:00-05:00,8.739999771118164,8.747599601745605,8.729999542236328,8.734600067138672,21104,0.0,0.0
2026-01-20 14:25:00-05:00,8.734999656677246,8.75,8.729999542236328,8.745400428771973,28094,0.0,0.0
2026-01-20 14:30:00-05:00,8.748499870300293,8.748499870300293,8.670000076293945,8.680000305175781,66195,0.0,0.0
2026-01-20 14:35:00-05:00,8.6850004196167,8.720000267028809,8.680000305175781,8.708999633789062,48572,0.0,0.0
2026-01-20 14:40:00-05:00,8.709699630737305,8.729999542236328,8.699999809265137,8.729999542236328,15597,0.0,0.0
2026-01-20 14:45:00-05:00,8.729999542236328,8.75,8.729999542236328,8.745400428771973,69403,0.0,0.0
2026-01-20 14:50:00-05:00,8.740099906921387,8.78499984741211,8.729999542236328,8.770000457763672,22644,0.0,0.0
2026-01-20 14:55:00-05:00,8.765000343322754,8.789999961853027,8.739999771118164,8.78499984741211,18476,0.0,0.0
2026-01-20 15:00:00-05:00,8.770000457763672,8.770000457763672,8.734999656677246,8.755000114440918,20287,0.0,0.0
2026-01-20 15:05:00-05:00,8.760000228881836,8.76609992980957,8.75,8.76099967956543,6590,0.0,0.0
2026-01-20 15:10:00-05:00,8.770000457763672,8.779999732971191,8.75,8.754199981689453,30442,0.0,0.0
2026-01-20 15:15:00-05:00,8.755000114440918,8.779999732971191,8.739999771118164,8.770999908447266,17665,0.0,0.0
2026-01-20 15:20:00-05:00,8.77970027923584,8.779999732971191,8.744999885559082,8.74899959564209,21348,0.0,0.0
2026-01-20 15:25:00-05:00,8.744999885559082,8.779999732971191,8.739999771118164,8.755000114440918,14920,0.0,0.0
2026-01-20 15:30:00-05:00,8.758999824523926,8.770000457763672,8.739999771118164,8.744999885559082,27356,0.0,0.0
2026-01-20 15:35:00-05:00,8.748499870300293,8.760000228881836,8.729999542236328,8.734999656677246,33722,0.0,0.0
2026-01-20 15:40:00-05:00,8.739800453186035,8.739999771118164,8.720000267028809,8.734999656677246,32454,0.0,0.0
2026-01-20 15:45:00-05:00,8.732799530029297,8.75,8.725000381469727,8.744999885559082,29068,0.0,0.0
2026-01-20 15:50:00-05:00,8.739999771118164,8.765000343322754,8.729999542236328,8.75,76196,0.0,0.0
2026-01-20 15:55:00-05:00,8.744999885559082,8.774999618530273,8.739999771118164,8.744999885559082,1604359,0.0,0.0
2026-01-21 09:30:00-05:00,8.75,8.970000267028809,8.75,8.930000305175781,278283,0.0,0.0
2026-01-21 09:35:00-05:00,8.920000076293945,8.949999809265137,8.869999885559082,8.930000305175781,60400,0.0,0.0
2026-01-21 09:40:00-05:00,8.9350004196167,8.949600219726562,8.859999656677246,8.91469955444336,69824,0.0,0.0
2026-01-21 09:45:00-05:00,8.90999984741211,8.918499946594238,8.88010025024414,8.891400337219238,24194,0.0,0.0
2026-01-21 09:50:00-05:00,8.899999618530273,8.899999618530273,8.829999923706055,8.829999923706055,36414,0.0,0.0
2026-01-21 09:55:00-05:00,8.835000038146973,8.850000381469727,8.80519962310791,8.80519962310791,24769,0.0,0.0
2026-01-21 10:00:00-05:00,8.819999694824219,8.84000015258789,8.75,8.770000457763672,80155,0.0,0.0
2026-01-21 10:05:00-05:00,8.770000457763672,8.800000190734863,8.770000457763672,8.770000457763672,19121,0.0,0.0
2026-01-21 10:10:00-05:00,8.775799751281738,8.824999809265137,8.764599800109863,8.810999870300293,76461,0.0,0.0
2026-01-21 10:15:00-05:00,8.8100004196167,8.829999923706055,8.789999961853027,8.819999694824219,21400,0.0,0.0
2026-01-21 10:20:00-05:00,8.819899559020996,8.819999694824219,8.800000190734863,8.8149995803833,28866,0.0,0.0
2026-01-21 10:25:00-05:00,8.810799598693848,8.824999809265137,8.760000228881836,8.781399726867676,25718,0.0,0.0
2026-01-21 10:30:00-05:00,8.786299705505371,8.854999542236328,8.78499984741211,8.8100004196167,62344,0.0,0.0
2026-01-21 10:35:00-05:00,8.8149995803833,8.850099563598633,8.8149995803833,8.845000267028809,30494,0.0,0.0
2026-01-21 10:40:00-05:00,8.845000267028809,8.868599891662598,8.835000038146973,8.854999542236328,15624,0.0,0.0
2026-01-21 10:45:00-05:00,8.854999542236328,8.859999656677246,8.835399627685547,8.848600387573242,20577,0.0,0.0
2026-01-21 10:50:00-05:00,8.847299575805664,8.869999885559082,8.84000015258789,8.864999771118164,19551,0.0,0.0
2026-01-21 10:55:00-05:00,8.859999656677246,8.924599647521973,8.859999656677246,8.924599647521973,22372,0.0,0.0
2026-01-21 11:00:00-05:00,8.925000190734863,8.944999694824219,8.890000343322754,8.905099868774414,43409,0.0,0.0
2026-01-21 11:05:00-05:00,8.895000457763672,8.90999984741211,8.891500473022461,8.895000457763672,7781,0.0,0.0
2026-01-21 11:10:00-05:00,8.89799976348877,8.89799976348877,8.870100021362305,8.877300262451172,14257,0.0,0.0
2026-01-21 11:15:00-05:00,8.879899978637695,8.879899978637695,8.850000381469727,8.854999542236328,10461,0.0,0.0
2026-01-21 11:20:00-05:00,8.854999542236328,8.854999542236328,8.835000038146973,8.844599723815918,9880,0.0,0.0
2026-01-21 11:25:00-05:00,8.850000381469727,8.850000381469727,8.829999923706055,8.845000267028809,19042,0.0,0.0
2026-01-21 11:30:00-05:00,8.847299575805664,8.850000381469727,8.829999923706055,8.850000381469727,19775,0.0,0.0
2026-01-21 11:35:00-05:00,8.845000267028809,8.845000267028809,8.760000228881836,8.760000228881836,30609,0.0,0.0
2026-01-21 11:40:00-05:00,8.760000228881836,8.760000228881836,8.720000267028809,8.725000381469727,50126,0.0,0.0
2026-01-21 11:45:00-05:00,8.723699569702148,8.74899959564209,8.713299751281738,8.741100311279297,16493,0.0,0.0
2026-01-21 11:50:00-05:00,8.739999771118164,8.745400428771973,8.71500015258789,8.739999771118164,17432,0.0,0.0
2026-01-21 11:55:00-05:00,8.735099792480469,8.735899925231934,8.6899995803833,8.699999809265137,11756,0.0,0.0
2026-01-21 12:00:00-05:00,8.703300476074219,8.720000267028809,8.680000305175781,8.684599876403809,20054,0.0,0.0
2026-01-21 12:05:00-05:00,8.6850004196167,8.6850004196167,8.63010025024414,8.63010025024414,39803,0.0,0.0
2026-01-21 12:10:00-05:00,8.630000114440918,8.640000343322754,8.610199928283691,8.630000114440918,29517,0.0,0.0
2026-01-21 12:15:00-05:00,8.614999771118164,8.670000076293945,8.614999771118164,8.65999984741211,41788,0.0,0.0
2026-01-21 12:20:00-05:00,8.649999618530273,8.670000076293945,8.629899978637695,8.649999618530273,22744,0.0,0.0
2026-01-21 12:25:00-05:00,8.659199714660645,8.66819953918457,8.654999732971191,8.66819953918457,15269,0.0,0.0
2026-01-21 12:30:00-05:00,8.65999984741211,8.65999984741211,8.614999771118164,8.619999885559082,20241,0.0,0.0
2026-01-21 12:35:00-05:00,8.630000114440918,8.649999618530273,8.620100021362305,8.645000457763672,13998,0.0,0.0
2026-01-21 12:40:00-05:00,8.645000457763672,8.65999984741211,8.640000343322754,8.650099754333496,7959,0.0,0.0
2026-01-21 12:45:00-05:00,8.65999984741211,8.668999671936035,8.619999885559082,8.667799949645996,36365,0.0,0.0
2026-01-21 12:50:00-05:00,8.668399810791016,8.6899995803833,8.660099983215332,8.680999755859375,6187,0.0,0.0
2026-01-21 12:55:00-05:00,8.680100440979004,8.694999694824219,8.67140007019043,8.6850004196167,6111,0.0,0.0
2026-01-21 13:00:00-05:00,8.680000305175781,8.680000305175781,8.630000114440918,8.634499549865723,9726,0.0,0.0
2026-01-21 13:05:00-05:00,8.636300086975098,8.649900436401367,8.635000228881836,8.635000228881836,5219,0.0,0.0
2026-01-21 13:10:00-05:00,8.635000228881836,8.670000076293945,8.63010025024414,8.640000343322754,25410,0.0,0.0
2026-01-21 13:15:00-05:00,8.64900016784668,8.649700164794922,8.635000228881836,8.635000228881836,5118,0.0,0.0
2026-01-21 13:20:00-05:00,8.635000228881836,8.640000343322754,8.619999885559082,8.625,18655,0.0,0.0
2026-01-21 13:25:00-05:00,8.625,8.645000457763672,8.619999885559082,8.635000228881836,10005,0.0,0.0
2026-01-21 13:30:00-05:00,8.640000343322754,8.654999732971191,8.640000343322754,8.640000343322754,11093,0.0,0.0
2026-01-21 13:35:00-05:00,8.645099639892578,8.645099639892578,8.625,8.634499549865723,17600,0.0,0.0
2026-01-21 13:40:00-05:00,8.635000228881836,8.638799667358398,8.619999885559082,8.625,4739,0.0,0.0
2026-01-21 13:45:00-05:00,8.625,8.645000457763672,8.614999771118164,8.645000457763672,11306,0.0,0.0
2026-01-21 13:50:00-05:00,8.645000457763672,8.699299812316895,8.64009952545166,8.670000076293945,58910,0.0,0.0
2026-01-21 13:55:00-05:00,8.661199569702148,8.729999542236328,8.661199569702148,8.680000305175781,18560,0.0,0.0
2026-01-21 14:00:00-05:00,8.6850004196167,8.6850004196167,8.64900016784668,8.64900016784668,41744,0.0,0.0
2026-01-21 14:05:00-05:00,8.647100448608398,8.647100448608398,8.619999885559082,8.619999885559082,64941,0.0,0.0
2026-01-21 14:10:00-05:00,8.625,8.626299858093262,8.619999885559082,8.625,5304,0.0,0.0
2026-01-21 14:15:00-05:00,8.619999885559082,8.63860034942627,8.610099792480469,8.635000228881836,17470,0.0,0.0
2026-01-21 14:20:00-05:00,8.635000228881836,8.635000228881836,8.621399879455566,8.630000114440918,10833,0.0,0.0
2026-01-21 14:25:00-05:00,8.630000114440918,8.779999732971191,8.621199607849121,8.753999710083008,51543,0.0,0.0
2026-01-21 14:30:00-05:00,8.75,8.800000190734863,8.729999542236328,8.800000190734863,59050,0.0,0.0
2026-01-21 14:35:00-05:00,8.800000190734863,8.809900283813477,8.770099639892578,8.780099868774414,14090,0.0,0.0
2026-01-21 14:40:00-05:00,8.782400131225586,8.800000190734863,8.741000175476074,8.800000190734863,31387,0.0,0.0
2026-01-21 14:45:00-05:00,8.789999961853027,8.79010009765625,8.760000228881836,8.779999732971191,18582,0.0,0.0
2026-01-21 14:50:00-05:00,8.779999732971191,8.779999732971191,8.73009967803955,8.765000343322754,16111,0.0,0.0
2026-01-21 14:55:00-05:00,8.774999618530273,8.779999732971191,8.760000228881836,8.779999732971191,12361,0.0,0.0
2026-01-21 15:00:00-05:00,8.774999618530273,8.774999618530273,8.739999771118164,8.74899959564209,18964,0.0,0.0
2026-01-21 15:05:00-05:00,8.74899959564209,8.779999732971191,8.744999885559082,8.770000457763672,39915,0.0,0.0
2026-01-21 15:10:00-05:00,8.760000228881836,8.760000228881836,8.729999542236328,8.73900032043457,9814,0.0,0.0
2026-01-21 15:15:00-05:00,8.729999542236328,8.734999656677246,8.700200080871582,8.70989990234375,13356,0.0,0.0
2026-01-21 15:20:00-05:00,8.704999923706055,8.704999923706055,8.67020034790039,8.68019962310791,35999,0.0,0.0
2026-01-21 15:25:00-05:00,8.680000305175781,8.680000305175781,8.640000343322754,8.640000343322754,23275,0.0,0.0
2026-01-21 15:30:00-05:00,8.635000228881836,8.666600227355957,8.619999885559082,8.65999984741211,40904,0.0,0.0
2026-01-21 15:35:00-05:00,8.654999732971191,8.680000305175781,8.654600143432617,8.678999900817871,20559,0.0,0.0
2026-01-21 15:40:00-05:00,8.675000190734863,8.680000305175781,8.654999732971191,8.654999732971191,25639,0.0,0.0
2026-01-21 15:45:00-05:00,8.654999732971191,8.670000076293945,8.649999618530273,8.649999618530273,28770,0.0,0.0
2026-01-21 15:50:00-05:00,8.649999618530273,8.65999984741211,8.640000343322754,8.649299621582031,49319,0.0,0.0
2026-01-21 15:55:00-05:00,8.645000457763672,8.6899995803833,8.630000114440918,8.6850004196167,104253,0.0,0.0
2026-01-22 09:30:00-05:00,8.789999961853027,8.989999771118164,8.770000457763672,8.920100212097168,221602,0.0,0.0
2026-01-22 09:35:00-05:00,8.930000305175781,9.15999984741211,8.900199890136719,9.099900245666504,249960,0.0,0.0
2026-01-22 09:40:00-05:00,9.095000267028809,9.164999961853027,9.050000190734863,9.140000343322754,116972,0.0,0.0
2026-01-22 09:45:00-05:00,9.145000457763672,9.180000305175781,9.075499534606934,9.100000381469727,106286,0.0,0.0
2026-01-22 09:50:00-05:00,9.100000381469727,9.170000076293945,9.09000015258789,9.144599914550781,70090,0.0,0.0
2026-01-22 09:55:00-05:00,9.145000457763672,9.15999984741211,9.079999923706055,9.085800170898438,72780,0.0,0.0
2026-01-22 10:00:00-05:00,9.071000099182129,9.079999923706055,9.020000457763672,9.062999725341797,65968,0.0,0.0
2026-01-22 10:05:00-05:00,9.058600425720215,9.060099601745605,9.001999855041504,9.020999908447266,32419,0.0,0.0
2026-01-22 10:10:00-05:00,9.029999732971191,9.050000190734863,8.989999771118164,9.029999732971191,41223,0.0,0.0
2026-01-22 10:15:00-05:00,9.03499984741211,9.04800033569336,9.010700225830078,9.010700225830078,26767,0.0,0.0
2026-01-22 10:20:00-05:00,9.014599800109863,9.019700050354004,8.975000381469727,8.979999542236328,36307,0.0,0.0
2026-01-22 10:25:00-05:00,8.979900360107422,9.010000228881836,8.960000038146973,9.010000228881836,31505,0.0,0.0
2026-01-22 10:30:00-05:00,9.010000228881836,9.140000343322754,9.010000228881836,9.12279987335205,55209,0.0,0.0
2026-01-22 10:35:00-05:00,9.126799583435059,9.129899978637695,9.050299644470215,9.079999923706055,26080,0.0,0.0
2026-01-22 10:40:00-05:00,9.084400177001953,9.109999656677246,9.065799713134766,9.069999694824219,49441,0.0,0.0
2026-01-22 10:45:00-05:00,9.074999809265137,9.119999885559082,9.069999694824219,9.119999885559082,15430,0.0,0.0
2026-01-22 10:50:00-05:00,9.119999885559082,9.119999885559082,9.079999923706055,9.114999771118164,27089,0.0,0.0
2026-01-22 10:55:00-05:00,9.114999771118164,9.130000114440918,9.109999656677246,9.11299991607666,15427,0.0,0.0
2026-01-22 11:00:00-05:00,9.119999885559082,9.130000114440918,9.100099563598633,9.120499610900879,19569,0.0,0.0
2026-01-22 11:05:00-05:00,9.121600151062012,9.125,9.10099983215332,9.115400314331055,19755,0.0,0.0
2026-01-22 11:10:00-05:00,9.11299991607666,9.125399589538574,9.09000015258789,9.109999656677246,32989,0.0,0.0
2026-01-22 11:15:00-05:00,9.11989974975586,9.125,9.100099563598633,9.1141996383667,20434,0.0,0.0
2026-01-22 11:20:00-05:00,9.114999771118164,9.114999771118164,9.100000381469727,9.101900100708008,6215,0.0,0.0
2026-01-22 11:25:00-05:00,9.100000381469727,9.10990047454834,9.090100288391113,9.10990047454834,16458,0.0,0.0
2026-01-22 11:30:00-05:00,9.109999656677246,9.144200325012207,9.100000381469727,9.104499816894531,29104,0.0,0.0
2026-01-22 11:35:00-05:00,9.104999542236328,9.104999542236328,9.085000038146973,9.104999542236328,15234,0.0,0.0
2026-01-22 11:40:00-05:00,9.109999656677246,9.135000228881836,9.104999542236328,9.135000228881836,8476,0.0,0.0
2026-01-22 11:45:00-05:00,9.132399559020996,9.132399559020996,9.09000015258789,9.107500076293945,11542,0.0,0.0
2026-01-22 11:50:00-05:00,9.100000381469727,9.109999656677246,9.09000015258789,9.097100257873535,11018,0.0,0.0
2026-01-22 11:55:00-05:00,9.100000381469727,9.104999542236328,9.09000015258789,9.100000381469727,7896,0.0,0.0
2026-01-22 12:00:00-05:00,9.079999923706055,9.09000015258789,9.029999732971191,9.04069995880127,28032,0.0,0.0
2026-01-22 12:05:00-05:00,9.0600004196167,9.095000267028809,9.0600004196167,9.085000038146973,10056,0.0,0.0
2026-01-22 12:10:00-05:00,9.085000038146973,9.09000015258789,9.079000473022461,9.09000015258789,5757,0.0,0.0
2026-01-22 12:15:00-05:00,9.085000038146973,9.109999656677246,9.085000038146973,9.095000267028809,5534,0.0,0.0
2026-01-22 12:20:00-05:00,9.099499702453613,9.099499702453613,9.09000015258789,9.09000015258789,10990,0.0,0.0
2026-01-22 12:25:00-05:00,9.09000015258789,9.09000015258789,9.050000190734863,9.0600004196167,11754,0.0,0.0
2026-01-22 12:30:00-05:00,9.053999900817871,9.0600004196167,9.050999641418457,9.058300018310547,12441,0.0,0.0
2026-01-22 12:35:00-05:00,9.059900283813477,9.0600004196167,9.050100326538086,9.050100326538086,3906,0.0,0.0
2026-01-22 12:40:00-05:00,9.0600004196167,9.104999542236328,9.050000190734863,9.092499732971191,25275,0.0,0.0
2026-01-22 12:45:00-05:00,9.100000381469727,9.164999961853027,9.085000038146973,9.135000228881836,44693,0.0,0.0
2026-01-22 12:50:00-05:00,9.140000343322754,9.149999618530273,9.125,9.149999618530273,22437,0.0,0.0
2026-01-22 12:55:00-05:00,9.15999984741211,9.179800033569336,9.142000198364258,9.170999526977539,16270,0.0,0.0
2026-01-22 13:00:00-05:00,9.180000305175781,9.1899995803833,9.170000076293945,9.170000076293945,24927,0.0,0.0
2026-01-22 13:05:00-05:00,9.170000076293945,9.1850004196167,9.15999984741211,9.15999984741211,9830,0.0,0.0
2026-01-22 13:10:00-05:00,9.154999732971191,9.154999732971191,9.13010025024414,9.13010025024414,7881,0.0,0.0
2026-01-22 13:15:00-05:00,9.140000343322754,9.149999618530273,9.140000343322754,9.145000457763672,5518,0.0,0.0
2026-01-22 13:20:00-05:00,9.149999618530273,9.149999618530273,9.119999885559082,9.131400108337402,13292,0.0,0.0
2026-01-22 13:25:00-05:00,9.130000114440918,9.135000228881836,9.130000114440918,9.13010025024414,2490,0.0,0.0
2026-01-22 13:30:00-05:00,9.131600379943848,9.149999618530273,9.131600379943848,9.140000343322754,9484,0.0,0.0
2026-01-22 13:35:00-05:00,9.131999969482422,9.154999732971191,9.131999969482422,9.149999618530273,6887,0.0,0.0
2026-01-22 13:40:00-05:00,9.149999618530273,9.199999809265137,9.149999618530273,9.15999984741211,55562,0.0,0.0
2026-01-22 13:45:00-05:00,9.160300254821777,9.185799598693848,9.151300430297852,9.1850004196167,20380,0.0,0.0
2026-01-22 13:50:00-05:00,9.1850004196167,9.19540023803711,9.179900169372559,9.194999694824219,11380,0.0,0.0
2026-01-22 13:55:00-05:00,9.191399574279785,9.289999961853027,9.1899995803833,9.279999732971191,57930,0.0,0.0
2026-01-22 14:00:00-05:00,9.279999732971191,9.279999732971191,9.229999542236328,9.275099754333496,32927,0.0,0.0
2026-01-22 14:05:00-05:00,9.270000457763672,9.300000190734863,9.262800216674805,9.271400451660156,21028,0.0,0.0
2026-01-22 14:10:00-05:00,9.270000457763672,9.279999732971191,9.234999656677246,9.234999656677246,26700,0.0,0.0
2026-01-22 14:15:00-05:00,9.23069953918457,9.259900093078613,9.220000267028809,9.255000114440918,10755,0.0,0.0
2026-01-22 14:20:00-05:00,9.253100395202637,9.260000228881836,9.229999542236328,9.260000228881836,12252,0.0,0.0
2026-01-22 14:25:00-05:00,9.241399765014648,9.260000228881836,9.241399765014648,9.25,3239,0.0,0.0
2026-01-22 14:30:00-05:00,9.258199691772461,9.258199691772461,9.244999885559082,9.25,8730,0.0,0.0
2026-01-22 14:35:00-05:00,9.240099906921387,9.260000228881836,9.240099906921387,9.25,19442,0.0,0.0
2026-01-22 14:40:00-05:00,9.25,9.25,9.220000267028809,9.239999771118164,19270,0.0,0.0
2026-01-22 14:45:00-05:00,9.241000175476074,9.255000114440918,9.220100402832031,9.220100402832031,10763,0.0,0.0
2026-01-22 14:50:00-05:00,9.229700088500977,9.244999885559082,9.220000267028809,9.235799789428711,10849,0.0,0.0
2026-01-22 14:55:00-05:00,9.234999656677246,9.234999656677246,9.210100173950195,9.225000381469727,12153,0.0,0.0
2026-01-22 15:00:00-05:00,9.220000267028809,9.229900360107422,9.180000305175781,9.21500015258789,31548,0.0,0.0
2026-01-22 15:05:00-05:00,9.211199760437012,9.227999687194824,9.192000389099121,9.199999809265137,19021,0.0,0.0
2026-01-22 15:10:00-05:00,9.204999923706055,9.229999542236328,9.204999923706055,9.229999542236328,5578,0.0,0.0
2026-01-22 15:15:00-05:00,9.225799560546875,9.225799560546875,9.199999809265137,9.199999809265137,6374,0.0,0.0
2026-01-22 15:20:00-05:00,9.204999923706055,9.210000038146973,9.1899995803833,9.199999809265137,12472,0.0,0.0
2026-01-22 15:25:00-05:00,9.199999809265137,9.199999809265137,9.1850004196167,9.1899995803833,23389,0.0,0.0
2026-01-22 15:30:00-05:00,9.185799598693848,9.189000129699707,9.162199974060059,9.164999961853027,11684,0.0,0.0
2026-01-22 15:35:00-05:00,9.15999984741211,9.181500434875488,9.140199661254883,9.140199661254883,31246,0.0,0.0
2026-01-22 15:40:00-05:00,9.14009952545166,9.157500267028809,9.140000343322754,9.144599914550781,21456,0.0,0.0
2026-01-22 15:45:00-05:00,9.145000457763672,9.15999984741211,9.145000457763672,9.149999618530273,20790,0.0,0.0
2026-01-22 15:50:00-05:00,9.145000457763672,9.15999984741211,9.140000343322754,9.140000343322754,21858,0.0,0.0
2026-01-22 15:55:00-05:00,9.140000343322754,9.149999618530273,9.09000015258789,9.140000343322754,133614,0.0,0.0
2026-01-23 09:30:00-05:00,9.0,9.119999885559082,8.949999809265137,9.029999732971191,219682,0.0,0.0
2026-01-23 09:35:00-05:00,9.029999732971191,9.073800086975098,9.024999618530273,9.029999732971191,24862,0.0,0.0
2026-01-23 09:40:00-05:00,9.022700309753418,9.022700309753418,8.970000267028809,9.0,56386,0.0,0.0
2026-01-23 09:45:00-05:00,9.010000228881836,9.010000228881836,8.964500427246094,8.984999656677246,52434,0.0,0.0
2026-01-23 09:50:00-05:00,8.979999542236328,8.979999542236328,8.920000076293945,8.949999809265137,45919,0.0,0.0
2026-01-23 09:55:00-05:00,8.949999809265137,8.970100402832031,8.920499801635742,8.920499801635742,29756,0.0,0.0
2026-01-23 10:00:00-05:00,8.930000305175781,8.961000442504883,8.920000076293945,8.9399995803833,36643,0.0,0.0
2026-01-23 10:05:00-05:00,8.937999725341797,8.949999809265137,8.920000076293945,8.944999694824219,24339,0.0,0.0
2026-01-23 10:10:00-05:00,8.944999694824219,8.96500015258789,8.940099716186523,8.944999694824219,22719,0.0,0.0
2026-01-23 10:15:00-05:00,8.949999809265137,8.95989990234375,8.9350004196167,8.9350004196167,41708,0.0,0.0
2026-01-23 10:20:00-05:00,8.934599876403809,9.01990032196045,8.930000305175781,9.01990032196045,35470,0.0,0.0
2026-01-23 10:25:00-05:00,9.01200008392334,9.024999618530273,9.000100135803223,9.020000457763672,13801,0.0,0.0
2026-01-23 10:30:00-05:00,9.027600288391113,9.029999732971191,9.012499809265137,9.0201997756958,8914,0.0,0.0
2026-01-23 10:35:00-05:00,9.021100044250488,9.050000190734863,9.010100364685059,9.03499984741211,45539,0.0,0.0
2026-01-23 10:40:00-05:00,9.039999961853027,9.039999961853027,9.026300430297852,9.027299880981445,9328,0.0,0.0
2026-01-23 10:45:00-05:00,9.029999732971191,9.048999786376953,9.020000457763672,9.029999732971191,14613,0.0,0.0
2026-01-23 10:50:00-05:00,9.03969955444336,9.041000366210938,9.031000137329102,9.041000366210938,6343,0.0,0.0
2026-01-23 10:55:00-05:00,9.048299789428711,9.050000190734863,9.029999732971191,9.03499984741211,31459,0.0,0.0
2026-01-23 11:00:00-05:00,9.03499984741211,9.03499984741211,9.020000457763672,9.020000457763672,14410,0.0,0.0
2026-01-23 11:05:00-05:00,9.020999908447266,9.024999618530273,9.0,9.015000343322754,46481,0.0,0.0
2026-01-23 11:10:00-05:00,9.013299942016602,9.024999618530273,9.010000228881836,9.024999618530273,15074,0.0,0.0
2026-01-23 11:15:00-05:00,9.027999877929688,9.029899597167969,9.005000114440918,9.015000343322754,15874,0.0,0.0
2026-01-23 11:20:00-05:00,9.01990032196045,9.01990032196045,9.00100040435791,9.010000228881836,10300,0.0,0.0
2026-01-23 11:25:00-05:00,9.01990032196045,9.020000457763672,9.010000228881836,9.015000343322754,6263,0.0,0.0
2026-01-23 11:30:00-05:00,9.010000228881836,9.013299942016602,8.989999771118164,9.005000114440918,27950,0.0,0.0
2026-01-23 11:35:00-05:00,9.005000114440918,9.035499572753906,9.0,9.03499984741211,16518,0.0,0.0
2026-01-23 11:40:00-05:00,9.03499984741211,9.050000190734863,9.029999732971191,9.045000076293945,9905,0.0,0.0
2026-01-23 11:45:00-05:00,9.04990005493164,9.0600004196167,9.045000076293945,9.055500030517578,9477,0.0,0.0
2026-01-23 11:50:00-05:00,9.055999755859375,9.0649995803833,9.051400184631348,9.055000305175781,10754,0.0,0.0
2026-01-23 11:55:00-05:00,9.050100326538086,9.050100326538086,9.029999732971191,9.045000076293945,24348,0.0,0.0
2026-01-23 12:00:00-05:00,9.049799919128418,9.058300018310547,9.045000076293945,9.055000305175781,10204,0.0,0.0
2026-01-23 12:05:00-05:00,9.055000305175781,9.061200141906738,9.050000190734863,9.055000305175781,16581,0.0,0.0
2026-01-23 12:10:00-05:00,9.055000305175781,9.069999694824219,9.055000305175781,9.0649995803833,35626,0.0,0.0
2026-01-23 12:15:00-05:00,9.060999870300293,9.140000343322754,9.045000076293945,9.135000228881836,87547,0.0,0.0
2026-01-23 12:20:00-05:00,9.13010025024414,9.170000076293945,9.119999885559082,9.125,463117,0.0,0.0
2026-01-23 12:25:00-05:00,9.123200416564941,9.160099983215332,9.123200416564941,9.160099983215332,0,0.0,0.0
2026-01-23 12:30:00-05:00,9.164999961853027,9.177000045776367,9.119999885559082,9.175000190734863,14584,0.0,0.0
2026-01-23 12:35:00-05:00,9.170999526977539,9.298999786376953,9.170999526977539,9.229999542236328,58556,0.0,0.0
2026-01-23 12:40:00-05:00,9.225000381469727,9.25,9.199899673461914,9.201700210571289,17069,0.0,0.0
2026-01-23 12:45:00-05:00,9.194000244140625,9.199899673461914,9.180000305175781,9.198800086975098,14589,0.0,0.0
2026-01-23 12:50:00-05:00,9.1899995803833,9.1899995803833,9.154999732971191,9.154999732971191,11171,0.0,0.0
2026-01-23 12:55:00-05:00,9.15999984741211,9.166199684143066,9.109999656677246,9.145000457763672,9856,0.0,0.0
2026-01-23 13:00:00-05:00,9.145000457763672,9.170000076293945,9.145000457763672,9.170000076293945,13951,0.0,0.0
2026-01-23 13:05:00-05:00,9.1850004196167,9.210000038146973,9.180000305175781,9.210000038146973,13164,0.0,0.0
2026-01-23 13:10:00-05:00,9.199999809265137,9.199999809265137,9.149999618530273,9.149999618530273,7979,0.0,0.0
2026-01-23 13:15:00-05:00,9.149999618530273,9.159899711608887,9.135000228881836,9.149999618530273,8533,0.0,0.0
2026-01-23 13:20:00-05:00,9.145000457763672,9.15999984741211,9.140000343322754,9.149999618530273,2498,0.0,0.0
2026-01-23 13:25:00-05:00,9.149999618530273,9.180000305175781,9.149999618530273,9.158300399780273,8755,0.0,0.0
2026-01-23 13:30:00-05:00,9.15999984741211,9.15999984741211,9.079999923706055,9.09000015258789,23680,0.0,0.0
2026-01-23 13:35:00-05:00,9.09000015258789,9.119999885559082,9.089699745178223,9.114999771118164,20117,0.0,0.0
2026-01-23 13:40:00-05:00,9.109999656677246,9.114299774169922,9.079999923706055,9.080900192260742,22047,0.0,0.0
2026-01-23 13:45:00-05:00,9.085000038146973,9.100000381469727,9.0649995803833,9.0649995803833,25732,0.0,0.0
2026-01-23 13:50:00-05:00,9.069999694824219,9.069999694824219,9.055000305175781,9.055000305175781,10834,0.0,0.0
2026-01-23 13:55:00-05:00,9.055000305175781,9.085000038146973,9.055000305175781,9.080100059509277,23600,0.0,0.0
2026-01-23 14:00:00-05:00,9.084199905395508,9.084199905395508,9.050000190734863,9.060099601745605,24914,0.0,0.0
2026-01-23 14:05:00-05:00,9.069999694824219,9.079999923706055,9.050999641418457,9.074999809265137,8208,0.0,0.0
2026-01-23 14:10:00-05:00,9.074999809265137,9.079899787902832,9.0600004196167,9.0600004196167,3684,0.0,0.0
2026-01-23 14:15:00-05:00,9.07129955291748,9.07129955291748,9.069999694824219,9.069999694824219,1701,0.0,0.0
2026-01-23 14:20:00-05:00,9.079999923706055,9.09000015258789,9.079999923706055,9.079999923706055,4159,0.0,0.0
2026-01-23 14:25:00-05:00,9.079899787902832,9.100000381469727,9.074999809265137,9.100000381469727,8630,0.0,0.0
2026-01-23 14:30:00-05:00,9.079999923706055,9.09000015258789,9.069999694824219,9.069999694824219,11516,0.0,0.0
2026-01-23 14:35:00-05:00,9.079999923706055,9.109999656677246,9.074999809265137,9.074999809265137,11209,0.0,0.0
2026-01-23 14:40:00-05:00,9.079999923706055,9.079999923706055,9.074600219726562,9.07759952545166,17856,0.0,0.0
2026-01-23 14:45:00-05:00,9.074999809265137,9.079999923706055,9.069999694824219,9.074999809265137,9109,0.0,0.0
2026-01-23 14:50:00-05:00,9.074999809265137,9.119999885559082,9.074999809265137,9.079999923706055,15278,0.0,0.0
2026-01-23 14:55:00-05:00,9.070099830627441,9.100000381469727,9.070099830627441,9.095000267028809,20134,0.0,0.0
2026-01-23 15:00:00-05:00,9.09000015258789,9.09000015258789,9.045000076293945,9.0649995803833,15839,0.0,0.0
2026-01-23 15:05:00-05:00,9.065299987792969,9.069999694824219,9.050100326538086,9.069999694824219,7194,0.0,0.0
2026-01-23 15:10:00-05:00,9.068599700927734,9.079999923706055,9.050100326538086,9.069999694824219,13952,0.0,0.0
2026-01-23 15:15:00-05:00,9.068599700927734,9.069999694824219,9.060199737548828,9.060199737548828,4023,0.0,0.0
2026-01-23 15:20:00-05:00,9.0600004196167,9.074999809265137,9.050100326538086,9.074999809265137,15334,0.0,0.0
2026-01-23 15:25:00-05:00,9.060099601745605,9.079999923706055,9.060099601745605,9.074999809265137,19225,0.0,0.0
2026-01-23 15:30:00-05:00,9.0600004196167,9.0600004196167,9.029999732971191,9.050000190734863,28310,0.0,0.0
2026-01-23 15:35:00-05:00,9.050000190734863,9.0600004196167,9.039999961853027,9.0600004196167,12721,0.0,0.0
2026-01-23 15:40:00-05:00,9.0600004196167,9.09000015258789,9.0600004196167,9.09000015258789,15511,0.0,0.0
2026-01-23 15:45:00-05:00,9.085000038146973,9.091500282287598,9.079999923706055,9.079999923706055,11317,0.0,0.0
2026-01-23 15:50:00-05:00,9.079999923706055,9.099900245666504,9.074999809265137,9.095000267028809,31297,0.0,0.0
2026-01-23 15:55:00-05:00,9.09000015258789,9.09000015258789,9.050000190734863,9.050000190734863,91951,0.0,0.0
2026-01-26 09:30:00-05:00,9.0,9.010000228881836,8.800000190734863,8.864999771118164,159475,0.0,0.0
2026-01-26 09:35:00-05:00,8.850000381469727,8.891500473022461,8.8125,8.815199851989746,76713,0.0,0.0
2026-01-26 09:40:00-05:00,8.84000015258789,8.880000114440918,8.829999923706055,8.869600296020508,54520,0.0,0.0
2026-01-26 09:45:00-05:00,8.859999656677246,8.885000228881836,8.850000381469727,8.865799903869629,45150,0.0,0.0
2026-01-26 09:50:00-05:00,8.854599952697754,8.854599952697754,8.800000190734863,8.805800437927246,48981,0.0,0.0
2026-01-26 09:55:00-05:00,8.8100004196167,8.8100004196167,8.779999732971191,8.789899826049805,32906,0.0,0.0
2026-01-26 10:00:00-05:00,8.78499984741211,8.8100004196167,8.779999732971191,8.789999961853027,26300,0.0,0.0
2026-01-26 10:05:00-05:00,8.800000190734863,8.819899559020996,8.779999732971191,8.779999732971191,23943,0.0,0.0
2026-01-26 10:10:00-05:00,8.788999557495117,8.79699993133545,8.770000457763672,8.774999618530273,13026,0.0,0.0
2026-01-26 10:15:00-05:00,8.779999732971191,8.800000190734863,8.770000457763672,8.79800033569336,62598,0.0,0.0
2026-01-26 10:20:00-05:00,8.789999961853027,8.789999961853027,8.760100364685059,8.760100364685059,76220,0.0,0.0
2026-01-26 10:25:00-05:00,8.76449966430664,8.774999618530273,8.760000228881836,8.765000343322754,39528,0.0,0.0
2026-01-26 10:30:00-05:00,8.765000343322754,8.779999732971191,8.765000343322754,8.779999732971191,30125,0.0,0.0
2026-01-26 10:35:00-05:00,8.78499984741211,8.789799690246582,8.75,8.755000114440918,29156,0.0,0.0
2026-01-26 10:40:00-05:00,8.755000114440918,8.758199691772461,8.729999542236328,8.75100040435791,31435,0.0,0.0
2026-01-26 10:45:00-05:00,8.758999824523926,8.789999961853027,8.75059986114502,8.780699729919434,22872,0.0,0.0
2026-01-26 10:50:00-05:00,8.789999961853027,8.805000305175781,8.789999961853027,8.800000190734863,13842,0.0,0.0
2026-01-26 10:55:00-05:00,8.79010009765625,8.800000190734863,8.770000457763672,8.800000190734863,10042,0.0,0.0
2026-01-26 11:00:00-05:00,8.796899795532227,8.800000190734863,8.780099868774414,8.789999961853027,8771,0.0,0.0
2026-01-26 11:05:00-05:00,8.795000076293945,8.8100004196167,8.770000457763672,8.788100242614746,20147,0.0,0.0
2026-01-26 11:10:00-05:00,8.78499984741211,8.788399696350098,8.760100364685059,8.765000343322754,11418,0.0,0.0
2026-01-26 11:15:00-05:00,8.760000228881836,8.76990032196045,8.729999542236328,8.734999656677246,55685,0.0,0.0
2026-01-26 11:20:00-05:00,8.739899635314941,8.759900093078613,8.729999542236328,8.759900093078613,19659,0.0,0.0
2026-01-26 11:25:00-05:00,8.755800247192383,8.770000457763672,8.75,8.76990032196045,24855,0.0,0.0
2026-01-26 11:30:00-05:00,8.765000343322754,8.770000457763672,8.75,8.760000228881836,9504,0.0,0.0
2026-01-26 11:35:00-05:00,8.750800132751465,8.760000228881836,8.739999771118164,8.739999771118164,25968,0.0,0.0
2026-01-26 11:40:00-05:00,8.744999885559082,8.759900093078613,8.729999542236328,8.744999885559082,14458,0.0,0.0
2026-01-26 11:45:00-05:00,8.744999885559082,8.75,8.739999771118164,8.75,20175,0.0,0.0
2026-01-26 11:50:00-05:00,8.744999885559082,8.758500099182129,8.740099906921387,8.755000114440918,12474,0.0,0.0
2026-01-26 11:55:00-05:00,8.755000114440918,8.759900093078613,8.739999771118164,8.740099906921387,8043,0.0,0.0
2026-01-26 12:00:00-05:00,8.746000289916992,8.75,8.739999771118164,8.744999885559082,6597,0.0,0.0
2026-01-26 12:05:00-05:00,8.749899864196777,8.75,8.739999771118164,8.74370002746582,6738,0.0,0.0
2026-01-26 12:10:00-05:00,8.744999885559082,8.760000228881836,8.729999542236328,8.75,9598,0.0,0.0
2026-01-26 12:15:00-05:00,8.739999771118164,8.75,8.739999771118164,8.740099906921387,10271,0.0,0.0
2026-01-26 12:20:00-05:00,8.744400024414062,8.758199691772461,8.739999771118164,8.75,19218,0.0,0.0
2026-01-26 12:25:00-05:00,8.744999885559082,8.76990032196045,8.744999885559082,8.750100135803223,7554,0.0,0.0
2026-01-26 12:30:00-05:00,8.750100135803223,8.789999961853027,8.750100135803223,8.789999961853027,28049,0.0,0.0
2026-01-26 12:35:00-05:00,8.780099868774414,8.800000190734863,8.77239990234375,8.800000190734863,19409,0.0,0.0
2026-01-26 12:40:00-05:00,8.791399955749512,8.795000076293945,8.774999618530273,8.774999618530273,14250,0.0,0.0
2026-01-26 12:45:00-05:00,8.779999732971191,8.779999732971191,8.770000457763672,8.772700309753418,20845,0.0,0.0
2026-01-26 12:50:00-05:00,8.770000457763672,8.779999732971191,8.76200008392334,8.779999732971191,10062,0.0,0.0
2026-01-26 12:55:00-05:00,8.789999961853027,8.789999961853027,8.764599800109863,8.769000053405762,5870,0.0,0.0
2026-01-26 13:00:00-05:00,8.76990032196045,8.772000312805176,8.760000228881836,8.770000457763672,8164,0.0,0.0
2026-01-26 13:05:00-05:00,8.760000228881836,8.760000228881836,8.734999656677246,8.75,36427,0.0,0.0
2026-01-26 13:10:00-05:00,8.75,8.760000228881836,8.75,8.755499839782715,7986,0.0,0.0
2026-01-26 13:15:00-05:00,8.759900093078613,8.779999732971191,8.75100040435791,8.77299976348877,13403,0.0,0.0
2026-01-26 13:20:00-05:00,8.770999908447266,8.779899597167969,8.761199951171875,8.769000053405762,11441,0.0,0.0
2026-01-26 13:25:00-05:00,8.767000198364258,8.774999618530273,8.76099967956543,8.774999618530273,27271,0.0,0.0
2026-01-26 13:30:00-05:00,8.77929973602295,8.800000190734863,8.770000457763672,8.770099639892578,25194,0.0,0.0
2026-01-26 13:35:00-05:00,8.770099639892578,8.770999908447266,8.770000457763672,8.770000457763672,2391,0.0,0.0
2026-01-26 13:40:00-05:00,8.760000228881836,8.772100448608398,8.760000228881836,8.765000343322754,8385,0.0,0.0
2026-01-26 13:45:00-05:00,8.761899948120117,8.779999732971191,8.760000228881836,8.770000457763672,8553,0.0,0.0
2026-01-26 13:50:00-05:00,8.779999732971191,8.779999732971191,8.760000228881836,8.778599739074707,2554,0.0,0.0
2026-01-26 13:55:00-05:00,8.774999618530273,8.779999732971191,8.770000457763672,8.779000282287598,2489,0.0,0.0
2026-01-26 14:00:00-05:00,8.774999618530273,8.779999732971191,8.770099639892578,8.779899597167969,11370,0.0,0.0
2026-01-26 14:05:00-05:00,8.77929973602295,8.78499984741211,8.770000457763672,8.779999732971191,12824,0.0,0.0
2026-01-26 14:10:00-05:00,8.779999732971191,8.789899826049805,8.770000457763672,8.770000457763672,10757,0.0,0.0
2026-01-26 14:15:00-05:00,8.77810001373291,8.77810001373291,8.760000228881836,8.76099967956543,7622,0.0,0.0
2026-01-26 14:20:00-05:00,8.760000228881836,8.761500358581543,8.75,8.755000114440918,15623,0.0,0.0
2026-01-26 14:25:00-05:00,8.75,8.753199577331543,8.739999771118164,8.744600296020508,23376,0.0,0.0
2026-01-26 14:30:00-05:00,8.744999885559082,8.760000228881836,8.729999542236328,8.739999771118164,24492,0.0,0.0
2026-01-26 14:35:00-05:00,8.734999656677246,8.739999771118164,8.710000038146973,8.729900360107422,47937,0.0,0.0
2026-01-26 14:40:00-05:00,8.720000267028809,8.734999656677246,8.710000038146973,8.710000038146973,49917,0.0,0.0
2026-01-26 14:45:00-05:00,8.710000038146973,8.719900131225586,8.699999809265137,8.719900131225586,16969,0.0,0.0
2026-01-26 14:50:00-05:00,8.710000038146973,8.719900131225586,8.710000038146973,8.714500427246094,14120,0.0,0.0
2026-01-26 14:55:00-05:00,8.71500015258789,8.719900131225586,8.699999809265137,8.704999923706055,45596,0.0,0.0
2026-01-26 15:00:00-05:00,8.699999809265137,8.710000038146973,8.680000305175781,8.704999923706055,67994,0.0,0.0
2026-01-26 15:05:00-05:00,8.710000038146973,8.719099998474121,8.699999809265137,8.708499908447266,13768,0.0,0.0
2026-01-26 15:10:00-05:00,8.710000038146973,8.710000038146973,8.70009994506836,8.704999923706055,13115,0.0,0.0
2026-01-26 15:15:00-05:00,8.70580005645752,8.72189998626709,8.699999809265137,8.72189998626709,35293,0.0,0.0
2026-01-26 15:20:00-05:00,8.720000267028809,8.739999771118164,8.711999893188477,8.734999656677246,11616,0.0,0.0
2026-01-26 15:25:00-05:00,8.734999656677246,8.739999771118164,8.729999542236328,8.729999542236328,7248,0.0,0.0
2026-01-26 15:30:00-05:00,8.734999656677246,8.739999771118164,8.729999542236328,8.734999656677246,4281,0.0,0.0
2026-01-26 15:35:00-05:00,8.734999656677246,8.75,8.729999542236328,8.744999885559082,8905,0.0,0.0
2026-01-26 15:40:00-05:00,8.744999885559082,8.75,8.739999771118164,8.75,5261,0.0,0.0
2026-01-26 15:45:00-05:00,8.744099617004395,8.760000228881836,8.739899635314941,8.739899635314941,23626,0.0,0.0
2026-01-26 15:50:00-05:00,8.729999542236328,8.739999771118164,8.710599899291992,8.711199760437012,35066,0.0,0.0
2026-01-26 15:55:00-05:00,8.71500015258789,8.739999771118164,8.71500015258789,8.729999542236328,61718,0.0,0.0
2026-01-27 09:30:00-05:00,8.729999542236328,8.75,8.65999984741211,8.699999809265137,107058,0.0,0.0
2026-01-27 09:35:00-05:00,8.720000267028809,8.739999771118164,8.635000228881836,8.640000343322754,93867,0.0,0.0
2026-01-27 09:40:00-05:00,8.645099639892578,8.649999618530273,8.609999656677246,8.640000343322754,155129,0.0,0.0
2026-01-27 09:45:00-05:00,8.630000114440918,8.635000228881836,8.550000190734863,8.5649995803833,202738,0.0,0.0
2026-01-27 09:50:00-05:00,8.569999694824219,8.569999694824219,8.53499984741211,8.545000076293945,60369,0.0,0.0
2026-01-27 09:55:00-05:00,8.539999961853027,8.539999961853027,8.40999984741211,8.420000076293945,196027,0.0,0.0
2026-01-27 10:00:00-05:00,8.420000076293945,8.5,8.399999618530273,8.489999771118164,142155,0.0,0.0
2026-01-27 10:05:00-05:00,8.479999542236328,8.5,8.46500015258789,8.494999885559082,57418,0.0,0.0
2026-01-27 10:10:00-05:00,8.494999885559082,8.51990032196045,8.490099906921387,8.490099906921387,18825,0.0,0.0
2026-01-27 10:15:00-05:00,8.489999771118164,8.5600004196167,8.489999771118164,8.555000305175781,35749,0.0,0.0
2026-01-27 10:20:00-05:00,8.560700416564941,8.569999694824219,8.555000305175781,8.5649995803833,35304,0.0,0.0
2026-01-27 10:25:00-05:00,8.563400268554688,8.563400268554688,8.520000457763672,8.529999732971191,16521,0.0,0.0
2026-01-27 10:30:00-05:00,8.528499603271484,8.529999732971191,8.510000228881836,8.515000343322754,9054,0.0,0.0
2026-01-27 10:35:00-05:00,8.515000343322754,8.529999732971191,8.500200271606445,8.500200271606445,11945,0.0,0.0
2026-01-27 10:40:00-05:00,8.505000114440918,8.518500328063965,8.479999542236328,8.48009967803955,34486,0.0,0.0
2026-01-27 10:45:00-05:00,8.48069953918457,8.493399620056152,8.479999542236328,8.479999542236328,40554,0.0,0.0
2026-01-27 10:50:00-05:00,8.48859977722168,8.5,8.470000267028809,8.470000267028809,39131,0.0,0.0
2026-01-27 10:55:00-05:00,8.475000381469727,8.5,8.470000267028809,8.5,29451,0.0,0.0
2026-01-27 11:00:00-05:00,8.494999885559082,8.517999649047852,8.490099906921387,8.517999649047852,15181,0.0,0.0
2026-01-27 11:05:00-05:00,8.520000457763672,8.5600004196167,8.520000457763672,8.54010009765625,25321,0.0,0.0
2026-01-27 11:10:00-05:00,8.531999588012695,8.539999961853027,8.515000343322754,8.536999702453613,18526,0.0,0.0
2026-01-27 11:15:00-05:00,8.531999588012695,8.550000190734863,8.529999732971191,8.545000076293945,12795,0.0,0.0
2026-01-27 11:20:00-05:00,8.54800033569336,8.5600004196167,8.534600257873535,8.53499984741211,17988,0.0,0.0
2026-01-27 11:25:00-05:00,8.53499984741211,8.539999961853027,8.520000457763672,8.539999961853027,38972,0.0,0.0
2026-01-27 11:30:00-05:00,8.534000396728516,8.550000190734863,8.531999588012695,8.545000076293945,9295,0.0,0.0
2026-01-27 11:35:00-05:00,8.545000076293945,8.549300193786621,8.53499984741211,8.541000366210938,25085,0.0,0.0
2026-01-27 11:40:00-05:00,8.545000076293945,8.545000076293945,8.521400451660156,8.529999732971191,14271,0.0,0.0
2026-01-27 11:45:00-05:00,8.529999732971191,8.555000305175781,8.529999732971191,8.555000305175781,11420,0.0,0.0
2026-01-27 11:50:00-05:00,8.552300453186035,8.552300453186035,8.520000457763672,8.520000457763672,12387,0.0,0.0
2026-01-27 11:55:00-05:00,8.520000457763672,8.520000457763672,8.5,8.510000228881836,25693,0.0,0.0
2026-01-27 12:00:00-05:00,8.505000114440918,8.520000457763672,8.505000114440918,8.510000228881836,20455,0.0,0.0
2026-01-27 12:05:00-05:00,8.510000228881836,8.510000228881836,8.5,8.509900093078613,12068,0.0,0.0
2026-01-27 12:10:00-05:00,8.510100364685059,8.51990032196045,8.489999771118164,8.5,9418,0.0,0.0
2026-01-27 12:15:00-05:00,8.5,8.5,8.470000267028809,8.475199699401855,10064,0.0,0.0
2026-01-27 12:20:00-05:00,8.470999717712402,8.479999542236328,8.470000267028809,8.479999542236328,22360,0.0,0.0
2026-01-27 12:25:00-05:00,8.470100402832031,8.479900360107422,8.470000267028809,8.475000381469727,8977,0.0,0.0
2026-01-27 12:30:00-05:00,8.470100402832031,8.475000381469727,8.460000038146973,8.460000038146973,7334,0.0,0.0
2026-01-27 12:35:00-05:00,8.46500015258789,8.470000267028809,8.460000038146973,8.46500015258789,16546,0.0,0.0
2026-01-27 12:40:00-05:00,8.467700004577637,8.467700004577637,8.430000305175781,8.4350004196167,59426,0.0,0.0
2026-01-27 12:45:00-05:00,8.4350004196167,8.449999809265137,8.4350004196167,8.449999809265137,26444,0.0,0.0
2026-01-27 12:50:00-05:00,8.4399995803833,8.449899673461914,8.430000305175781,8.435199737548828,16768,0.0,0.0
2026-01-27 12:55:00-05:00,8.430000305175781,8.454999923706055,8.430000305175781,8.45009994506836,14824,0.0,0.0
2026-01-27 13:00:00-05:00,8.454999923706055,8.460000038146973,8.430000305175781,8.4399995803833,8599,0.0,0.0
2026-01-27 13:05:00-05:00,8.4399995803833,8.4399995803833,8.430000305175781,8.4350004196167,14005,0.0,0.0
2026-01-27 13:10:00-05:00,8.4350004196167,8.460000038146973,8.4350004196167,8.449299812316895,28414,0.0,0.0
2026-01-27 13:15:00-05:00,8.449999809265137,8.45460033416748,8.4399995803833,8.444499969482422,10184,0.0,0.0
2026-01-27 13:20:00-05:00,8.44849967956543,8.449999809265137,8.4399995803833,8.440099716186523,21542,0.0,0.0
2026-01-27 13:25:00-05:00,8.440099716186523,8.444999694824219,8.430000305175781,8.440099716186523,18765,0.0,0.0
2026-01-27 13:30:00-05:00,8.4399995803833,8.449999809265137,8.438799858093262,8.441100120544434,26311,0.0,0.0
2026-01-27 13:35:00-05:00,8.444999694824219,8.449999809265137,8.4350004196167,8.449999809265137,28345,0.0,0.0
2026-01-27 13:40:00-05:00,8.444999694824219,8.470000267028809,8.444999694824219,8.458000183105469,21055,0.0,0.0
2026-01-27 13:45:00-05:00,8.454999923706055,8.460000038146973,8.449999809265137,8.45419979095459,5568,0.0,0.0
2026-01-27 13:50:00-05:00,8.460000038146973,8.460100173950195,8.449999809265137,8.460100173950195,8211,0.0,0.0
2026-01-27 13:55:00-05:00,8.469900131225586,8.470000267028809,8.461400032043457,8.461400032043457,4644,0.0,0.0
2026-01-27 14:00:00-05:00,8.460000038146973,8.479999542236328,8.460000038146973,8.460000038146973,23684,0.0,0.0
2026-01-27 14:05:00-05:00,8.464599609375,8.479999542236328,8.460000038146973,8.46500015258789,14624,0.0,0.0
2026-01-27 14:10:00-05:00,8.460000038146973,8.470000267028809,8.460000038146973,8.460000038146973,15635,0.0,0.0
2026-01-27 14:15:00-05:00,8.460000038146973,8.479900360107422,8.460000038146973,8.463199615478516,16437,0.0,0.0
2026-01-27 14:20:00-05:00,8.468600273132324,8.468600273132324,8.449999809265137,8.45009994506836,21989,0.0,0.0
2026-01-27 14:25:00-05:00,8.451000213623047,8.468999862670898,8.444999694824219,8.468999862670898,8005,0.0,0.0
2026-01-27 14:30:00-05:00,8.46560001373291,8.470000267028809,8.460000038146973,8.468600273132324,13114,0.0,0.0
2026-01-27 14:35:00-05:00,8.46500015258789,8.479000091552734,8.460000038146973,8.468299865722656,18777,0.0,0.0
2026-01-27 14:40:00-05:00,8.460000038146973,8.460000038146973,8.440199851989746,8.444999694824219,11633,0.0,0.0
2026-01-27 14:45:00-05:00,8.446000099182129,8.46500015258789,8.444600105285645,8.46500015258789,34484,0.0,0.0
2026-01-27 14:50:00-05:00,8.46500015258789,8.489999771118164,8.449999809265137,8.489999771118164,35262,0.0,0.0
2026-01-27 14:55:00-05:00,8.479999542236328,8.5,8.470000267028809,8.470000267028809,57075,0.0,0.0
2026-01-27 15:00:00-05:00,8.475000381469727,8.479000091552734,8.454999923706055,8.479000091552734,36045,0.0,0.0
2026-01-27 15:05:00-05:00,8.470000267028809,8.5,8.470000267028809,8.494999885559082,13359,0.0,0.0
2026-01-27 15:10:00-05:00,8.495400428771973,8.510000228881836,8.484999656677246,8.490099906921387,21400,0.0,0.0
2026-01-27 15:15:00-05:00,8.496000289916992,8.517999649047852,8.489999771118164,8.489999771118164,18838,0.0,0.0
2026-01-27 15:20:00-05:00,8.484999656677246,8.5,8.4753999710083,8.479999542236328,23573,0.0,0.0
2026-01-27 15:25:00-05:00,8.475000381469727,8.489999771118164,8.475000381469727,8.48069953918457,5607,0.0,0.0
2026-01-27 15:30:00-05:00,8.479999542236328,8.479999542236328,8.4399995803833,8.444999694824219,48167,0.0,0.0
2026-01-27 15:35:00-05:00,8.449999809265137,8.454999923706055,8.4399995803833,8.444999694824219,28379,0.0,0.0
2026-01-27 15:40:00-05:00,8.4399995803833,8.448599815368652,8.40999984741211,8.415800094604492,62154,0.0,0.0
2026-01-27 15:45:00-05:00,8.411499977111816,8.4399995803833,8.40999984741211,8.4350004196167,19329,0.0,0.0
2026-01-27 15:50:00-05:00,8.4350004196167,8.4399995803833,8.420000076293945,8.439900398254395,28061,0.0,0.0
2026-01-27 15:55:00-05:00,8.437999725341797,8.4399995803833,8.399999618530273,8.404999732971191,168710,0.0,0.0
2026-01-28 09:30:00-05:00,8.390000343322754,8.460000038146973,8.382100105285645,8.420000076293945,120956,0.0,0.0
2026-01-28 09:35:00-05:00,8.410400390625,8.430000305175781,8.361000061035156,8.369999885559082,41821,0.0,0.0
2026-01-28 09:40:00-05:00,8.364999771118164,8.390000343322754,8.360099792480469,8.375399589538574,34042,0.0,0.0
2026-01-28 09:45:00-05:00,8.369999885559082,8.369999885559082,8.319899559020996,8.329899787902832,81190,0.0,0.0
2026-01-28 09:50:00-05:00,8.326700210571289,8.329999923706055,8.300000190734863,8.300000190734863,67430,0.0,0.0
2026-01-28 09:55:00-05:00,8.300000190734863,8.309900283813477,8.279999732971191,8.295499801635742,44981,0.0,0.0
2026-01-28 10:00:00-05:00,8.295000076293945,8.295000076293945,8.25,8.255000114440918,56987,0.0,0.0
2026-01-28 10:05:00-05:00,8.260000228881836,8.270000457763672,8.25,8.264599800109863,48385,0.0,0.0
2026-01-28 10:10:00-05:00,8.265000343322754,8.265600204467773,8.229999542236328,8.258999824523926,49789,0.0,0.0
2026-01-28 10:15:00-05:00,8.257499694824219,8.270000457763672,8.229999542236328,8.244999885559082,81774,0.0,0.0
2026-01-28 10:20:00-05:00,8.249899864196777,8.260000228881836,8.229999542236328,8.25,28220,0.0,0.0
2026-01-28 10:25:00-05:00,8.239999771118164,8.25,8.220000267028809,8.229999542236328,59548,0.0,0.0
2026-01-28 10:30:00-05:00,8.234999656677246,8.25,8.229999542236328,8.239899635314941,24311,0.0,0.0
2026-01-28 10:35:00-05:00,8.23270034790039,8.25,8.229999542236328,8.244999885559082,24055,0.0,0.0
2026-01-28 10:40:00-05:00,8.25,8.265000343322754,8.239999771118164,8.265000343322754,47692,0.0,0.0
2026-01-28 10:45:00-05:00,8.267999649047852,8.270000457763672,8.25,8.257800102233887,55422,0.0,0.0
2026-01-28 10:50:00-05:00,8.250100135803223,8.260000228881836,8.244999885559082,8.259900093078613,18361,0.0,0.0
2026-01-28 10:55:00-05:00,8.255000114440918,8.270000457763672,8.220000267028809,8.220000267028809,57783,0.0,0.0
2026-01-28 11:00:00-05:00,8.21500015258789,8.220000267028809,8.180000305175781,8.20460033416748,44285,0.0,0.0
2026-01-28 11:05:00-05:00,8.199999809265137,8.206600189208984,8.170000076293945,8.1850004196167,87010,0.0,0.0
2026-01-28 11:10:00-05:00,8.1850004196167,8.1899995803833,8.170000076293945,8.175000190734863,27733,0.0,0.0
2026-01-28 11:15:00-05:00,8.170000076293945,8.178999900817871,8.130000114440918,8.131400108337402,60299,0.0,0.0
2026-01-28 11:20:00-05:00,8.130000114440918,8.130000114440918,8.100000381469727,8.11929988861084,82127,0.0,0.0
2026-01-28 11:25:00-05:00,8.114999771118164,8.119999885559082,8.100000381469727,8.109999656677246,29379,0.0,0.0
2026-01-28 11:30:00-05:00,8.104999542236328,8.10990047454834,8.069999694824219,8.09000015258789,39602,0.0,0.0
2026-01-28 11:35:00-05:00,8.09000015258789,8.099900245666504,8.08180046081543,8.08180046081543,26245,0.0,0.0
2026-01-28 11:40:00-05:00,8.081500053405762,8.100000381469727,8.069999694824219,8.090100288391113,42165,0.0,0.0
2026-01-28 11:45:00-05:00,8.095000267028809,8.10990047454834,8.085000038146973,8.095800399780273,21381,0.0,0.0
2026-01-28 11:50:00-05:00,8.09850025177002,8.289999961853027,8.090999603271484,8.21500015258789,172825,0.0,0.0
2026-01-28 11:55:00-05:00,8.20009994506836,8.220000267028809,8.100000381469727,8.109999656677246,124918,0.0,0.0
2026-01-28 12:00:00-05:00,8.100099563598633,8.15999984741211,8.079999923706055,8.154600143432617,112101,0.0,0.0
2026-01-28 12:05:00-05:00,8.149999618530273,8.159899711608887,8.14009952545166,8.145000457763672,11916,0.0,0.0
2026-01-28 12:10:00-05:00,8.140800476074219,8.160599708557129,8.134499549865723,8.160599708557129,26628,0.0,0.0
2026-01-28 12:15:00-05:00,8.164999961853027,8.164999961853027,8.130000114440918,8.135000228881836,50818,0.0,0.0
2026-01-28 12:20:00-05:00,8.135000228881836,8.140000343322754,8.119999885559082,8.125,10162,0.0,0.0
2026-01-28 12:25:00-05:00,8.125,8.135000228881836,8.120100021362305,8.126299858093262,21842,0.0,0.0
2026-01-28 12:30:00-05:00,8.126500129699707,8.130000114440918,8.09000015258789,8.09000015258789,38504,0.0,0.0
2026-01-28 12:35:00-05:00,8.098600387573242,8.255000114440918,8.09000015258789,8.180000305175781,155118,0.0,0.0
2026-01-28 12:40:00-05:00,8.180000305175781,8.25,8.149900436401367,8.170100212097168,112816,0.0,0.0
2026-01-28 12:45:00-05:00,8.175000190734863,8.175000190734863,8.130000114440918,8.130000114440918,20752,0.0,0.0
2026-01-28 12:50:00-05:00,8.135000228881836,8.135000228881836,8.100000381469727,8.130000114440918,31936,0.0,0.0
2026-01-28 12:55:00-05:00,8.130000114440918,8.149999618530273,8.090700149536133,8.095000267028809,38264,0.0,0.0
2026-01-28 13:00:00-05:00,8.095000267028809,8.095000267028809,8.069999694824219,8.074999809265137,67925,0.0,0.0
2026-01-28 13:05:00-05:00,8.070099830627441,8.079899787902832,8.010000228881836,8.021200180053711,104878,0.0,0.0
2026-01-28 13:10:00-05:00,8.020000457763672,8.039999961853027,8.020000457763672,8.029999732971191,54657,0.0,0.0
2026-01-28 13:15:00-05:00,8.03499984741211,8.050000190734863,8.029999732971191,8.039999961853027,37896,0.0,0.0
2026-01-28 13:20:00-05:00,8.029999732971191,8.045000076293945,8.010000228881836,8.020000457763672,68697,0.0,0.0
2026-01-28 13:25:00-05:00,8.01990032196045,8.024999618530273,7.989999771118164,8.020000457763672,190958,0.0,0.0
2026-01-28 13:30:00-05:00,8.010000228881836,8.045000076293945,7.989999771118164,7.989999771118164,69857,0.0,0.0
2026-01-28 13:35:00-05:00,7.999300003051758,8.018799781799316,7.985400199890137,8.015000343322754,54561,0.0,0.0
2026-01-28 13:40:00-05:00,8.01990032196045,8.020000457763672,7.989999771118164,8.010000228881836,38640,0.0,0.0
2026-01-28 13:45:00-05:00,8.004599571228027,8.010000228881836,7.989999771118164,7.989999771118164,75116,0.0,0.0
2026-01-28 13:50:00-05:00,7.989999771118164,7.989999771118164,7.949999809265137,7.96999979019165,55282,0.0,0.0
2026-01-28 13:55:00-05:00,7.975299835205078,7.985000133514404,7.949999809265137,7.949999809265137,50356,0.0,0.0
2026-01-28 14:00:00-05:00,7.959199905395508,7.96999979019165,7.920000076293945,7.936299800872803,61771,0.0,0.0
2026-01-28 14:05:00-05:00,7.934999942779541,7.960000038146973,7.928999900817871,7.94920015335083,43173,0.0,0.0
2026-01-28 14:10:00-05:00,7.958000183105469,7.969799995422363,7.940000057220459,7.965000152587891,37640,0.0,0.0
2026-01-28 14:15:00-05:00,7.965400218963623,7.96999979019165,7.95419979095459,7.95989990234375,28054,0.0,0.0
2026-01-28 14:20:00-05:00,7.954999923706055,7.966700077056885,7.940000057220459,7.960000038146973,38163,0.0,0.0
2026-01-28 14:25:00-05:00,7.959000110626221,7.980000019073486,7.869999885559082,7.869999885559082,76945,0.0,0.0
2026-01-28 14:30:00-05:00,7.871799945831299,7.954999923706055,7.820000171661377,7.909999847412109,169912,0.0,0.0
2026-01-28 14:35:00-05:00,7.900000095367432,7.929999828338623,7.880000114440918,7.928999900817871,70121,0.0,0.0
2026-01-28 14:40:00-05:00,7.925099849700928,7.949999809265137,7.920000076293945,7.940000057220459,58893,0.0,0.0
2026-01-28 14:45:00-05:00,7.938000202178955,7.994999885559082,7.929999828338623,7.960000038146973,68510,0.0,0.0
2026-01-28 14:50:00-05:00,7.96150016784668,8.0,7.960100173950195,7.980000019073486,52688,0.0,0.0
2026-01-28 14:55:00-05:00,7.96999979019165,7.989999771118164,7.945000171661377,7.945000171661377,35842,0.0,0.0
2026-01-28 15:00:00-05:00,7.945499897003174,7.980000019073486,7.934999942779541,7.965000152587891,40999,0.0,0.0
2026-01-28 15:05:00-05:00,7.959000110626221,7.960000038146973,7.945000171661377,7.960000038146973,26447,0.0,0.0
2026-01-28 15:10:00-05:00,7.957699775695801,7.96999979019165,7.945000171661377,7.948599815368652,22730,0.0,0.0
2026-01-28 15:15:00-05:00,7.944699764251709,7.96999979019165,7.929999828338623,7.932400226593018,39553,0.0,0.0
2026-01-28 15:20:00-05:00,7.940000057220459,7.940000057220459,7.920000076293945,7.929999828338623,63277,0.0,0.0
2026-01-28 15:25:00-05:00,7.925000190734863,7.929999828338623,7.885000228881836,7.890699863433838,41280,0.0,0.0
2026-01-28 15:30:00-05:00,7.894999980926514,7.909999847412109,7.889999866485596,7.894999980926514,1768327,0.0,0.0
2026-01-28 15:35:00-05:00,7.899899959564209,7.90500020980835,7.880000114440918,7.894999980926514,0,0.0,0.0
2026-01-28 15:40:00-05:00,7.889999866485596,7.907100200653076,7.860000133514404,7.880000114440918,52570,0.0,0.0
2026-01-28 15:45:00-05:00,7.875,7.88730001449585,7.849999904632568,7.851500034332275,49433,0.0,0.0
2026-01-28 15:50:00-05:00,7.855000019073486,7.864999771118164,7.84499979019165,7.856299877166748,73160,0.0,0.0
2026-01-28 15:55:00-05:00,7.855000019073486,7.869999885559082,7.840000152587891,7.84499979019165,158721,0.0,0.0
2026-01-29 09:30:00-05:00,7.75,7.820000171661377,7.610000133514404,7.639999866485596,241299,0.0,0.0
2026-01-29 09:35:00-05:00,7.639999866485596,7.860000133514404,7.639999866485596,7.829999923706055,107144,0.0,0.0
2026-01-29 09:40:00-05:00,7.829999923706055,7.843299865722656,7.760000228881836,7.775000095367432,56899,0.0,0.0
2026-01-29 09:45:00-05:00,7.769999980926514,7.769999980926514,7.699999809265137,7.720099925994873,68545,0.0,0.0
2026-01-29 09:50:00-05:00,7.730000019073486,7.739999771118164,7.699999809265137,7.710000038146973,52176,0.0,0.0
2026-01-29 09:55:00-05:00,7.710000038146973,7.715000152587891,7.635000228881836,7.650000095367432,33750,0.0,0.0
2026-01-29 10:00:00-05:00,7.650100231170654,7.6545000076293945,7.619999885559082,7.644999980926514,50851,0.0,0.0
2026-01-29 10:05:00-05:00,7.639999866485596,7.656400203704834,7.630000114440918,7.635000228881836,25313,0.0,0.0
2026-01-29 10:10:00-05:00,7.635000228881836,7.639900207519531,7.614999771118164,7.630000114440918,38556,0.0,0.0
2026-01-29 10:15:00-05:00,7.630000114440918,7.699999809265137,7.630000114440918,7.690000057220459,84584,0.0,0.0
2026-01-29 10:20:00-05:00,7.684999942779541,7.71999979019165,7.679999828338623,7.7129998207092285,43022,0.0,0.0
2026-01-29 10:25:00-05:00,7.71999979019165,7.729899883270264,7.687900066375732,7.689000129699707,22897,0.0,0.0
2026-01-29 10:30:00-05:00,7.682000160217285,7.698599815368652,7.650000095367432,7.670000076293945,35253,0.0,0.0
2026-01-29 10:35:00-05:00,7.6682000160217285,7.670000076293945,7.650000095367432,7.650000095367432,13933,0.0,0.0
2026-01-29 10:40:00-05:00,7.65500020980835,7.659999847412109,7.625,7.625,46130,0.0,0.0
2026-01-29 10:45:00-05:00,7.625,7.659999847412109,7.610000133514404,7.618500232696533,75534,0.0,0.0
2026-01-29 10:50:00-05:00,7.614200115203857,7.61899995803833,7.599999904632568,7.599999904632568,44147,0.0,0.0
2026-01-29 10:55:00-05:00,7.599899768829346,7.639999866485596,7.590000152587891,7.639999866485596,38065,0.0,0.0
2026-01-29 11:00:00-05:00,7.635000228881836,7.639999866485596,7.619999885559082,7.630000114440918,29033,0.0,0.0
2026-01-29 11:05:00-05:00,7.622000217437744,7.638599872589111,7.600900173187256,7.614999771118164,18979,0.0,0.0
2026-01-29 11:10:00-05:00,7.610000133514404,7.670000076293945,7.610000133514404,7.65500020980835,26969,0.0,0.0
2026-01-29 11:15:00-05:00,7.659999847412109,7.690000057220459,7.65500020980835,7.684999942779541,22217,0.0,0.0
2026-01-29 11:20:00-05:00,7.684999942779541,7.690000057220459,7.630000114440918,7.630000114440918,24063,0.0,0.0
2026-01-29 11:25:00-05:00,7.635000228881836,7.650000095367432,7.619999885559082,7.638999938964844,18028,0.0,0.0
2026-01-29 11:30:00-05:00,7.645699977874756,7.659999847412109,7.630000114440918,7.650000095367432,12091,0.0,0.0
2026-01-29 11:35:00-05:00,7.644999980926514,7.670000076293945,7.639999866485596,7.659999847412109,18655,0.0,0.0
2026-01-29 11:40:00-05:00,7.650100231170654,7.679999828338623,7.650100231170654,7.661300182342529,5996,0.0,0.0
2026-01-29 11:45:00-05:00,7.664999961853027,7.684999942779541,7.659999847412109,7.684999942779541,6776,0.0,0.0
2026-01-29 11:50:00-05:00,7.679999828338623,7.690000057220459,7.670000076293945,7.679999828338623,4736,0.0,0.0
2026-01-29 11:55:00-05:00,7.670100212097168,7.710000038146973,7.659999847412109,7.659999847412109,25233,0.0,0.0
2026-01-29 12:00:00-05:00,7.659900188446045,7.669899940490723,7.650000095367432,7.659999847412109,32378,0.0,0.0
2026-01-29 12:05:00-05:00,7.659999847412109,7.669899940490723,7.659999847412109,7.669000148773193,23651,0.0,0.0
2026-01-29 12:10:00-05:00,7.6691999435424805,7.684999942779541,7.660099983215332,7.670000076293945,11035,0.0,0.0
2026-01-29 12:15:00-05:00,7.679999828338623,7.730000019073486,7.679999828338623,7.724999904632568,30538,0.0,0.0
2026-01-29 12:20:00-05:00,7.724999904632568,7.730000019073486,7.710000038146973,7.720099925994873,16938,0.0,0.0
2026-01-29 12:25:00-05:00,7.720099925994873,7.720099925994873,7.710000038146973,7.710100173950195,15240,0.0,0.0
2026-01-29 12:30:00-05:00,7.710000038146973,7.710000038146973,7.684999942779541,7.689899921417236,11715,0.0,0.0
2026-01-29 12:35:00-05:00,7.689899921417236,7.704999923706055,7.689899921417236,7.704999923706055,7081,0.0,0.0
2026-01-29 12:40:00-05:00,7.704999923706055,7.735000133514404,7.695000171661377,7.704999923706055,31018,0.0,0.0
2026-01-29 12:45:00-05:00,7.699999809265137,7.71999979019165,7.699999809265137,7.710000038146973,13276,0.0,0.0
2026-01-29 12:50:00-05:00,7.710000038146973,7.715000152587891,7.699999809265137,7.699999809265137,14196,0.0,0.0
2026-01-29 12:55:00-05:00,7.690999984741211,7.699900150299072,7.684999942779541,7.689899921417236,5864,0.0,0.0
2026-01-29 13:00:00-05:00,7.681399822235107,7.697000026702881,7.640100002288818,7.651500225067139,26062,0.0,0.0
2026-01-29 13:05:00-05:00,7.651000022888184,7.679999828338623,7.651000022888184,7.670000076293945,18276,0.0,0.0
2026-01-29 13:10:00-05:00,7.688499927520752,7.690000057220459,7.670000076293945,7.684999942779541,8287,0.0,0.0
2026-01-29 13:15:00-05:00,7.695000171661377,7.695000171661377,7.659999847412109,7.679999828338623,26565,0.0,0.0
2026-01-29 13:20:00-05:00,7.679999828338623,7.679999828338623,7.670300006866455,7.679999828338623,4250,0.0,0.0
2026-01-29 13:25:00-05:00,7.679999828338623,7.690000057220459,7.679999828338623,7.684999942779541,10600,0.0,0.0
2026-01-29 13:30:00-05:00,7.689899921417236,7.689899921417236,7.650000095367432,7.658999919891357,22629,0.0,0.0
2026-01-29 13:35:00-05:00,7.659999847412109,7.670000076293945,7.659999847412109,7.670000076293945,7342,0.0,0.0
2026-01-29 13:40:00-05:00,7.664999961853027,7.679999828338623,7.659999847412109,7.675000190734863,18786,0.0,0.0
2026-01-29 13:45:00-05:00,7.676000118255615,7.676000118255615,7.658999919891357,7.659900188446045,5376,0.0,0.0
2026-01-29 13:50:00-05:00,7.664999961853027,7.669899940490723,7.639999866485596,7.639999866485596,9923,0.0,0.0
2026-01-29 13:55:00-05:00,7.650000095367432,7.665800094604492,7.650000095367432,7.650000095367432,5441,0.0,0.0
2026-01-29 14:00:00-05:00,7.647500038146973,7.664999961853027,7.639999866485596,7.664999961853027,8862,0.0,0.0
2026-01-29 14:05:00-05:00,7.659999847412109,7.679999828338623,7.65500020980835,7.675000190734863,8623,0.0,0.0
2026-01-29 14:10:00-05:00,7.675000190734863,7.679999828338623,7.670100212097168,7.679999828338623,8015,0.0,0.0
2026-01-29 14:15:00-05:00,7.671000003814697,7.690000057220459,7.670000076293945,7.675000190734863,20935,0.0,0.0
2026-01-29 14:20:00-05:00,7.675000190734863,7.679999828338623,7.659999847412109,7.670000076293945,4116,0.0,0.0
2026-01-29 14:25:00-05:00,7.670000076293945,7.670000076293945,7.660099983215332,7.666299819946289,9071,0.0,0.0
2026-01-29 14:30:00-05:00,7.659999847412109,7.659999847412109,7.59499979019165,7.599899768829346,29069,0.0,0.0
2026-01-29 14:35:00-05:00,7.590000152587891,7.610000133514404,7.579999923706055,7.590099811553955,139796,0.0,0.0
2026-01-29 14:40:00-05:00,7.599999904632568,7.614999771118164,7.59499979019165,7.605000019073486,40875,0.0,0.0
2026-01-29 14:45:00-05:00,7.609899997711182,7.614999771118164,7.599999904632568,7.610000133514404,7886,0.0,0.0
2026-01-29 14:50:00-05:00,7.609899997711182,7.609899997711182,7.590000152587891,7.590000152587891,2679,0.0,0.0
2026-01-29 14:55:00-05:00,7.599999904632568,7.610000133514404,7.559999942779541,7.559999942779541,12767,0.0,0.0
2026-01-29 15:00:00-05:00,7.559999942779541,7.579999923706055,7.559999942779541,7.571000099182129,51390,0.0,0.0
2026-01-29 15:05:00-05:00,7.574999809265137,7.599999904632568,7.570000171661377,7.59499979019165,45214,0.0,0.0
2026-01-29 15:10:00-05:00,7.585000038146973,7.609899997711182,7.559999942779541,7.565000057220459,35640,0.0,0.0
2026-01-29 15:15:00-05:00,7.576499938964844,7.579999923706055,7.561999797821045,7.565000057220459,18154,0.0,0.0
2026-01-29 15:20:00-05:00,7.564499855041504,7.579999923706055,7.5609002113342285,7.570000171661377,11684,0.0,0.0
2026-01-29 15:25:00-05:00,7.574999809265137,7.579999923706055,7.570000171661377,7.578700065612793,17618,0.0,0.0
2026-01-29 15:30:00-05:00,7.574999809265137,7.579999923706055,7.550000190734863,7.565000057220459,41709,0.0,0.0
2026-01-29 15:35:00-05:00,7.569900035858154,7.610000133514404,7.569900035858154,7.590000152587891,21675,0.0,0.0
2026-01-29 15:40:00-05:00,7.6092000007629395,7.630000114440918,7.599999904632568,7.623499870300293,18186,0.0,0.0
2026-01-29 15:45:00-05:00,7.630000114440918,7.635000228881836,7.610099792480469,7.619999885559082,34843,0.0,0.0
2026-01-29 15:50:00-05:00,7.619999885559082,7.630000114440918,7.613699913024902,7.625,22885,0.0,0.0
2026-01-29 15:55:00-05:00,7.625,7.639900207519531,7.599999904632568,7.619999885559082,85699,0.0,0.0
2026-01-30 09:30:00-05:00,7.519999980926514,7.630000114440918,7.5117998123168945,7.614999771118164,103447,0.0,0.0
2026-01-30 09:35:00-05:00,7.599899768829346,7.670000076293945,7.570000171661377,7.614999771118164,57316,0.0,0.0
2026-01-30 09:40:00-05:00,7.616499900817871,7.650000095367432,7.580100059509277,7.630000114440918,36474,0.0,0.0
2026-01-30 09:45:00-05:00,7.630000114440918,7.639999866485596,7.599999904632568,7.610000133514404,56102,0.0,0.0
2026-01-30 09:50:00-05:00,7.607500076293945,7.609899997711182,7.544600009918213,7.557499885559082,32434,0.0,0.0
2026-01-30 09:55:00-05:00,7.550000190734863,7.550000190734863,7.510000228881836,7.510000228881836,18185,0.0,0.0
2026-01-30 10:00:00-05:00,7.519999980926514,7.539899826049805,7.5,7.510000228881836,43740,0.0,0.0
2026-01-30 10:05:00-05:00,7.510000228881836,7.554999828338623,7.510000228881836,7.545000076293945,27830,0.0,0.0
2026-01-30 10:10:00-05:00,7.54010009765625,7.550000190734863,7.525000095367432,7.526299953460693,16810,0.0,0.0
2026-01-30 10:15:00-05:00,7.525000095367432,7.550000190734863,7.519999980926514,7.53410005569458,17138,0.0,0.0
2026-01-30 10:20:00-05:00,7.539999961853027,7.570099830627441,7.539999961853027,7.560999870300293,21489,0.0,0.0
2026-01-30 10:25:00-05:00,7.560100078582764,7.565000057220459,7.5329999923706055,7.534999847412109,11622,0.0,0.0
2026-01-30 10:30:00-05:00,7.539999961853027,7.559800148010254,7.534999847412109,7.559800148010254,9693,0.0,0.0
2026-01-30 10:35:00-05:00,7.559999942779541,7.640699863433838,7.550099849700928,7.630000114440918,41686,0.0,0.0
2026-01-30 10:40:00-05:00,7.630000114440918,7.640100002288818,7.610000133514404,7.630000114440918,23460,0.0,0.0
2026-01-30 10:45:00-05:00,7.6479997634887695,7.6479997634887695,7.619999885559082,7.639200210571289,16164,0.0,0.0
2026-01-30 10:50:00-05:00,7.635000228881836,7.635000228881836,7.600100040435791,7.610000133514404,19930,0.0,0.0
2026-01-30 10:55:00-05:00,7.619999885559082,7.630000114440918,7.599999904632568,7.599999904632568,23864,0.0,0.0
2026-01-30 11:00:00-05:00,7.598999977111816,7.6092000007629395,7.579999923706055,7.579999923706055,16624,0.0,0.0
2026-01-30 11:05:00-05:00,7.570000171661377,7.590000152587891,7.559999942779541,7.559999942779541,6756,0.0,0.0
2026-01-30 11:10:00-05:00,7.565000057220459,7.565000057220459,7.5507001876831055,7.559999942779541,13697,0.0,0.0
2026-01-30 11:15:00-05:00,7.559999942779541,7.559999942779541,7.531000137329102,7.534999847412109,15774,0.0,0.0
2026-01-30 11:20:00-05:00,7.539899826049805,7.539999961853027,7.526400089263916,7.538700103759766,17637,0.0,0.0
2026-01-30 11:25:00-05:00,7.53000020980835,7.539999961853027,7.53000020980835,7.534999847412109,11614,0.0,0.0
2026-01-30 11:30:00-05:00,7.539299964904785,7.545000076293945,7.530099868774414,7.545000076293945,7238,0.0,0.0
2026-01-30 11:35:00-05:00,7.545599937438965,7.550000190734863,7.534999847412109,7.539999961853027,13534,0.0,0.0
2026-01-30 11:40:00-05:00,7.534999847412109,7.549900054931641,7.53000020980835,7.539999961853027,15936,0.0,0.0
2026-01-30 11:45:00-05:00,7.53000020980835,7.53000020980835,7.514999866485596,7.514999866485596,8609,0.0,0.0
2026-01-30 11:50:00-05:00,7.513700008392334,7.519999980926514,7.5,7.509200096130371,16511,0.0,0.0
2026-01-30 11:55:00-05:00,7.505000114440918,7.514999866485596,7.5,7.509099960327148,18449,0.0,0.0
2026-01-30 12:00:00-05:00,7.505000114440918,7.53000020980835,7.5,7.519999980926514,27337,0.0,0.0
2026-01-30 12:05:00-05:00,7.519999980926514,7.526599884033203,7.519999980926514,7.519999980926514,9746,0.0,0.0
2026-01-30 12:10:00-05:00,7.526599884033203,7.529900074005127,7.510000228881836,7.519899845123291,11476,0.0,0.0
2026-01-30 12:15:00-05:00,7.51669979095459,7.53000020980835,7.510000228881836,7.519999980926514,10989,0.0,0.0
2026-01-30 12:20:00-05:00,7.519999980926514,7.559999942779541,7.510000228881836,7.559999942779541,14021,0.0,0.0
2026-01-30 12:25:00-05:00,7.554999828338623,7.559999942779541,7.550000190734863,7.559700012207031,9554,0.0,0.0
2026-01-30 12:30:00-05:00,7.559999942779541,7.559999942779541,7.519999980926514,7.519999980926514,6383,0.0,0.0
2026-01-30 12:35:00-05:00,7.514999866485596,7.525000095367432,7.514999866485596,7.518599987030029,48832,0.0,0.0
2026-01-30 12:40:00-05:00,7.514999866485596,7.519999980926514,7.5,7.5,11836,0.0,0.0
2026-01-30 12:45:00-05:00,7.506899833679199,7.514999866485596,7.5,7.510000228881836,25203,0.0,0.0
2026-01-30 12:50:00-05:00,7.514999866485596,7.519999980926514,7.5,7.5100998878479,7939,0.0,0.0
2026-01-30 12:55:00-05:00,7.51039981842041,7.514500141143799,7.480000019073486,7.480299949645996,41293,0.0,0.0
2026-01-30 13:00:00-05:00,7.480000019073486,7.494999885559082,7.46999979019165,7.489999771118164,30706,0.0,0.0
2026-01-30 13:05:00-05:00,7.491700172424316,7.5,7.480000019073486,7.489999771118164,14793,0.0,0.0
2026-01-30 13:10:00-05:00,7.480000019073486,7.480000019073486,7.46999979019165,7.474599838256836,13164,0.0,0.0
2026-01-30 13:15:00-05:00,7.476200103759766,7.479700088500977,7.460000038146973,7.468900203704834,15699,0.0,0.0
2026-01-30 13:20:00-05:00,7.465000152587891,7.465000152587891,7.449999809265137,7.465000152587891,71538,0.0,0.0
2026-01-30 13:25:00-05:00,7.465000152587891,7.489999771118164,7.465000152587891,7.485000133514404,15236,0.0,0.0
2026-01-30 13:30:00-05:00,7.480000019073486,7.480000019073486,7.449999809265137,7.449999809265137,20631,0.0,0.0
2026-01-30 13:35:00-05:00,7.458899974822998,7.458899974822998,7.449999809265137,7.449999809265137,39798,0.0,0.0
2026-01-30 13:40:00-05:00,7.451099872589111,7.460000038146973,7.449999809265137,7.449999809265137,12783,0.0,0.0
2026-01-30 13:45:00-05:00,7.454999923706055,7.480000019073486,7.449999809265137,7.480000019073486,21141,0.0,0.0
2026-01-30 13:50:00-05:00,7.46999979019165,7.490099906921387,7.460100173950195,7.480000019073486,24487,0.0,0.0
2026-01-30 13:55:00-05:00,7.474999904632568,7.507500171661377,7.46999979019165,7.494999885559082,20384,0.0,0.0
2026-01-30 14:00:00-05:00,7.491000175476074,7.534999847412109,7.491000175476074,7.531199932098389,13396,0.0,0.0
2026-01-30 14:05:00-05:00,7.534999847412109,7.550000190734863,7.525000095367432,7.540200233459473,11809,0.0,0.0
2026-01-30 14:10:00-05:00,7.539999961853027,7.545000076293945,7.5,7.519899845123291,22448,0.0,0.0
2026-01-30 14:15:00-05:00,7.510000228881836,7.53000020980835,7.510000228881836,7.520100116729736,7871,0.0,0.0
2026-01-30 14:20:00-05:00,7.520100116729736,7.539999961853027,7.514999866485596,7.514999866485596,14119,0.0,0.0
2026-01-30 14:25:00-05:00,7.514999866485596,7.525000095367432,7.5,7.5,26526,0.0,0.0
2026-01-30 14:30:00-05:00,7.494999885559082,7.5,7.449999809265137,7.465000152587891,20582,0.0,0.0
2026-01-30 14:35:00-05:00,7.468299865722656,7.474999904632568,7.460000038146973,7.465000152587891,7794,0.0,0.0
2026-01-30 14:40:00-05:00,7.460000038146973,7.474999904632568,7.450099945068359,7.460100173950195,13950,0.0,0.0
2026-01-30 14:45:00-05:00,7.460999965667725,7.460999965667725,7.449999809265137,7.460000038146973,75167,0.0,0.0
2026-01-30 14:50:00-05:00,7.46999979019165,7.488399982452393,7.46999979019165,7.48799991607666,19815,0.0,0.0
2026-01-30 14:55:00-05:00,7.489999771118164,7.489999771118164,7.460000038146973,7.4644999504089355,20178,0.0,0.0
2026-01-30 15:00:00-05:00,7.465000152587891,7.465000152587891,7.449999809265137,7.449999809265137,49682,0.0,0.0
2026-01-30 15:05:00-05:00,7.454999923706055,7.460000038146973,7.445000171661377,7.450699806213379,68149,0.0,0.0
2026-01-30 15:10:00-05:00,7.454999923706055,7.46999979019165,7.449999809265137,7.465000152587891,28168,0.0,0.0
2026-01-30 15:15:00-05:00,7.465000152587891,7.46999979019165,7.460000038146973,7.460000038146973,21204,0.0,0.0
2026-01-30 15:20:00-05:00,7.460000038146973,7.465000152587891,7.450099945068359,7.465000152587891,31233,0.0,0.0
2026-01-30 15:25:00-05:00,7.465199947357178,7.46999979019165,7.460000038146973,7.460100173950195,8948,0.0,0.0
2026-01-30 15:30:00-05:00,7.4604997634887695,7.46999979019165,7.460000038146973,7.465000152587891,26593,0.0,0.0
2026-01-30 15:35:00-05:00,7.465000152587891,7.465000152587891,7.454999923706055,7.465000152587891,27619,0.0,0.0
2026-01-30 15:40:00-05:00,7.465000152587891,7.46999979019165,7.460000038146973,7.460000038146973,11938,0.0,0.0
2026-01-30 15:45:00-05:00,7.465000152587891,7.480000019073486,7.460000038146973,7.465000152587891,29912,0.0,0.0
2026-01-30 15:50:00-05:00,7.46999979019165,7.46999979019165,7.449999809265137,7.449999809265137,29174,0.0,0.0
2026-01-30 15:55:00-05:00,7.454999923706055,7.46999979019165,7.449999809265137,7.450099945068359,87806,0.0,0.0
2026-02-02 09:30:00-05:00,7.440000057220459,7.585000038146973,7.400000095367432,7.539999961853027,206834,0.0,0.0
2026-02-02 09:35:00-05:00,7.514999866485596,7.650000095367432,7.5,7.606100082397461,60834,0.0,0.0
2026-02-02 09:40:00-05:00,7.599999904632568,7.610000133514404,7.5,7.513999938964844,53740,0.0,0.0
2026-02-02 09:45:00-05:00,7.5,7.514999866485596,7.440000057220459,7.4506001472473145,77592,0.0,0.0
2026-02-02 09:50:00-05:00,7.460000038146973,7.46999979019165,7.440000057220459,7.449999809265137,32810,0.0,0.0
2026-02-02 09:55:00-05:00,7.440000057220459,7.440000057220459,7.380099773406982,7.380099773406982,18438,0.0,0.0
2026-02-02 10:00:00-05:00,7.389999866485596,7.400000095367432,7.380000114440918,7.400000095367432,27148,0.0,0.0
2026-02-02 10:05:00-05:00,7.40500020980835,7.449999809265137,7.40500020980835,7.440100193023682,53001,0.0,0.0
2026-02-02 10:10:00-05:00,7.440000057220459,7.449999809265137,7.430699825286865,7.445000171661377,5997,0.0,0.0
2026-02-02 10:15:00-05:00,7.449900150299072,7.46999979019165,7.429999828338623,7.46999979019165,14754,0.0,0.0
2026-02-02 10:20:00-05:00,7.46999979019165,7.5,7.46999979019165,7.485000133514404,34943,0.0,0.0
2026-02-02 10:25:00-05:00,7.485000133514404,7.489999771118164,7.46999979019165,7.474999904632568,15103,0.0,0.0
2026-02-02 10:30:00-05:00,7.470099925994873,7.4857001304626465,7.450099945068359,7.480000019073486,14704,0.0,0.0
2026-02-02 10:35:00-05:00,7.489999771118164,7.5,7.484499931335449,7.5,25644,0.0,0.0
2026-02-02 10:40:00-05:00,7.490099906921387,7.5,7.489999771118164,7.5,9907,0.0,0.0
2026-02-02 10:45:00-05:00,7.494999885559082,7.5,7.485000133514404,7.494999885559082,33608,0.0,0.0
2026-02-02 10:50:00-05:00,7.494999885559082,7.525000095367432,7.489999771118164,7.510000228881836,99193,0.0,0.0
2026-02-02 10:55:00-05:00,7.499899864196777,7.499899864196777,7.489999771118164,7.494999885559082,13614,0.0,0.0
2026-02-02 11:00:00-05:00,7.5,7.5,7.46999979019165,7.480000019073486,21691,0.0,0.0
2026-02-02 11:05:00-05:00,7.473299980163574,7.519999980926514,7.449999809265137,7.519999980926514,42102,0.0,0.0
2026-02-02 11:10:00-05:00,7.514999866485596,7.514999866485596,7.494999885559082,7.494999885559082,7331,0.0,0.0
2026-02-02 11:15:00-05:00,7.496500015258789,7.510000228881836,7.490099906921387,7.508999824523926,10268,0.0,0.0
2026-02-02 11:20:00-05:00,7.5,7.507999897003174,7.5,7.505000114440918,4192,0.0,0.0
2026-02-02 11:25:00-05:00,7.505000114440918,7.510000228881836,7.494999885559082,7.510000228881836,8076,0.0,0.0
2026-02-02 11:30:00-05:00,7.500100135803223,7.505499839782715,7.485000133514404,7.485300064086914,7479,0.0,0.0
2026-02-02 11:35:00-05:00,7.485000133514404,7.489999771118164,7.46999979019165,7.480000019073486,11674,0.0,0.0
2026-02-02 11:40:00-05:00,7.480000019073486,7.480000019073486,7.449999809265137,7.45989990234375,24392,0.0,0.0
2026-02-02 11:45:00-05:00,7.454999923706055,7.454999923706055,7.429999828338623,7.429999828338623,26951,0.0,0.0
2026-02-02 11:50:00-05:00,7.429999828338623,7.436999797821045,7.429999828338623,7.431000232696533,9076,0.0,0.0
2026-02-02 11:55:00-05:00,7.430099964141846,7.449999809265137,7.430099964141846,7.441400051116943,9276,0.0,0.0
2026-02-02 12:00:00-05:00,7.440000057220459,7.479899883270264,7.434999942779541,7.479899883270264,13875,0.0,0.0
2026-02-02 12:05:00-05:00,7.480000019073486,7.496500015258789,7.46999979019165,7.485000133514404,14390,0.0,0.0
2026-02-02 12:10:00-05:00,7.480000019073486,7.498600006103516,7.480000019073486,7.494999885559082,7032,0.0,0.0
2026-02-02 12:15:00-05:00,7.494999885559082,7.5,7.489999771118164,7.5,33251,0.0,0.0
2026-02-02 12:20:00-05:00,7.509900093078613,7.519999980926514,7.508600234985352,7.514999866485596,2988,0.0,0.0
2026-02-02 12:25:00-05:00,7.514999866485596,7.519999980926514,7.510000228881836,7.514999866485596,12873,0.0,0.0
2026-02-02 12:30:00-05:00,7.5100998878479,7.519899845123291,7.510000228881836,7.516200065612793,6548,0.0,0.0
2026-02-02 12:35:00-05:00,7.514999866485596,7.519999980926514,7.494999885559082,7.494999885559082,11297,0.0,0.0
2026-02-02 12:40:00-05:00,7.489999771118164,7.499899864196777,7.489999771118164,7.494999885559082,6850,0.0,0.0
2026-02-02 12:45:00-05:00,7.494999885559082,7.5,7.489999771118164,7.489999771118164,2735,0.0,0.0
2026-02-02 12:50:00-05:00,7.494999885559082,7.505000114440918,7.489999771118164,7.5019001960754395,4144,0.0,0.0
2026-02-02 12:55:00-05:00,7.509900093078613,7.510000228881836,7.502200126647949,7.509900093078613,8206,0.0,0.0
2026-02-02 13:00:00-05:00,7.5,7.5055999755859375,7.489999771118164,7.489999771118164,5445,0.0,0.0
2026-02-02 13:05:00-05:00,7.485000133514404,7.4899001121521,7.480000019073486,7.485000133514404,8196,0.0,0.0
2026-02-02 13:10:00-05:00,7.485000133514404,7.4899001121521,7.474999904632568,7.474999904632568,5399,0.0,0.0
2026-02-02 13:15:00-05:00,7.470099925994873,7.474999904632568,7.46999979019165,7.474999904632568,3053,0.0,0.0
2026-02-02 13:20:00-05:00,7.470099925994873,7.480000019073486,7.46999979019165,7.474999904632568,7000,0.0,0.0
2026-02-02 13:25:00-05:00,7.470099925994873,7.474999904632568,7.465000152587891,7.474999904632568,9958,0.0,0.0
2026-02-02 13:30:00-05:00,7.474999904632568,7.489999771118164,7.474999904632568,7.485000133514404,2571,0.0,0.0
2026-02-02 13:35:00-05:00,7.481200218200684,7.494999885559082,7.481200218200684,7.494999885559082,17489,0.0,0.0
2026-02-02 13:40:00-05:00,7.494999885559082,7.509900093078613,7.491000175476074,7.494999885559082,10091,0.0,0.0
2026-02-02 13:45:00-05:00,7.490099906921387,7.519999980926514,7.490099906921387,7.519899845123291,10360,0.0,0.0
2026-02-02 13:50:00-05:00,7.510000228881836,7.510000228881836,7.491499900817871,7.5,7682,0.0,0.0
2026-02-02 13:55:00-05:00,7.492000102996826,7.509900093078613,7.489999771118164,7.489999771118164,16106,0.0,0.0
2026-02-02 14:00:00-05:00,7.489999771118164,7.5,7.485000133514404,7.492300033569336,7846,0.0,0.0
2026-02-02 14:05:00-05:00,7.5,7.509900093078613,7.480000019073486,7.480000019073486,6871,0.0,0.0
2026-02-02 14:10:00-05:00,7.474999904632568,7.494999885559082,7.473899841308594,7.482999801635742,9452,0.0,0.0
2026-02-02 14:15:00-05:00,7.489999771118164,7.489999771118164,7.440000057220459,7.440000057220459,23298,0.0,0.0
2026-02-02 14:20:00-05:00,7.440000057220459,7.480000019073486,7.425000190734863,7.474999904632568,18378,0.0,0.0
2026-02-02 14:25:00-05:00,7.474999904632568,7.474999904632568,7.474999904632568,7.474999904632568,1420,0.0,0.0
2026-02-02 14:30:00-05:00,7.474999904632568,7.476600170135498,7.434999942779541,7.457799911499023,25564,0.0,0.0
2026-02-02 14:35:00-05:00,7.449999809265137,7.46999979019165,7.449900150299072,7.469900131225586,11298,0.0,0.0
2026-02-02 14:40:00-05:00,7.46999979019165,7.485000133514404,7.46999979019165,7.485000133514404,3493,0.0,0.0
2026-02-02 14:45:00-05:00,7.485000133514404,7.489999771118164,7.480100154876709,7.485000133514404,5571,0.0,0.0
2026-02-02 14:50:00-05:00,7.485499858856201,7.494999885559082,7.485000133514404,7.494999885559082,22898,0.0,0.0
2026-02-02 14:55:00-05:00,7.491600036621094,7.509900093078613,7.400000095367432,7.409999847412109,49526,0.0,0.0
2026-02-02 15:00:00-05:00,7.414999961853027,7.4558000564575195,7.380000114440918,7.450099945068359,52629,0.0,0.0
2026-02-02 15:05:00-05:00,7.454999923706055,7.454999923706055,7.440899848937988,7.449999809265137,9545,0.0,0.0
2026-02-02 15:10:00-05:00,7.449999809265137,7.449999809265137,7.434999942779541,7.434999942779541,10246,0.0,0.0
2026-02-02 15:15:00-05:00,7.429999828338623,7.434999942779541,7.420000076293945,7.420100212097168,13443,0.0,0.0
2026-02-02 15:20:00-05:00,7.429999828338623,7.440000057220459,7.420100212097168,7.429999828338623,24781,0.0,0.0
2026-02-02 15:25:00-05:00,7.425000190734863,7.429999828338623,7.409999847412109,7.409999847412109,11354,0.0,0.0
2026-02-02 15:30:00-05:00,7.409999847412109,7.420000076293945,7.40500020980835,7.419899940490723,9664,0.0,0.0
2026-02-02 15:35:00-05:00,7.414999961853027,7.420000076293945,7.409999847412109,7.414999961853027,7330,0.0,0.0
2026-02-02 15:40:00-05:00,7.420000076293945,7.440000057220459,7.420000076293945,7.440000057220459,29824,0.0,0.0
2026-02-02 15:45:00-05:00,7.429999828338623,7.440000057220459,7.420000076293945,7.425000190734863,12803,0.0,0.0
2026-02-02 15:50:00-05:00,7.429999828338623,7.429999828338623,7.409999847412109,7.420000076293945,26022,0.0,0.0
2026-02-02 15:55:00-05:00,7.429999828338623,7.449999809265137,7.429999828338623,7.429999828338623,64759,0.0,0.0
2026-02-03 09:30:00-05:00,7.550000190734863,7.630000114440918,7.510000228881836,7.590000152587891,165671,0.0,0.0
2026-02-03 09:35:00-05:00,7.570000171661377,7.599599838256836,7.53000020980835,7.53000020980835,65343,0.0,0.0
2026-02-03 09:40:00-05:00,7.519999980926514,7.590000152587891,7.5,7.550000190734863,135539,0.0,0.0
2026-02-03 09:45:00-05:00,7.550000190734863,7.679900169372559,7.550000190734863,7.670000076293945,139111,0.0,0.0
2026-02-03 09:50:00-05:00,7.659999847412109,7.659999847412109,7.550000190734863,7.585000038146973,84861,0.0,0.0
2026-02-03 09:55:00-05:00,7.574999809265137,7.574999809265137,7.53000020980835,7.5406999588012695,49385,0.0,0.0
2026-02-03 10:00:00-05:00,7.545000076293945,7.570000171661377,7.534999847412109,7.565499782562256,36267,0.0,0.0
2026-02-03 10:05:00-05:00,7.559999942779541,7.570000171661377,7.525000095367432,7.528800010681152,16091,0.0,0.0
2026-02-03 10:10:00-05:00,7.53000020980835,7.554999828338623,7.510000228881836,7.550000190734863,48073,0.0,0.0
2026-02-03 10:15:00-05:00,7.554999828338623,7.639999866485596,7.554999828338623,7.625,29905,0.0,0.0
2026-02-03 10:20:00-05:00,7.625,7.73859977722168,7.625,7.715000152587891,63248,0.0,0.0
2026-02-03 10:25:00-05:00,7.710000038146973,7.800099849700928,7.690000057220459,7.784999847412109,82456,0.0,0.0
2026-02-03 10:30:00-05:00,7.78980016708374,7.809999942779541,7.750699996948242,7.750699996948242,54664,0.0,0.0
2026-02-03 10:35:00-05:00,7.75,7.755000114440918,7.715000152587891,7.730100154876709,43133,0.0,0.0
2026-02-03 10:40:00-05:00,7.739999771118164,7.764999866485596,7.730000019073486,7.764999866485596,41259,0.0,0.0
2026-02-03 10:45:00-05:00,7.7600998878479,7.800000190734863,7.760000228881836,7.764999866485596,40993,0.0,0.0
2026-02-03 10:50:00-05:00,7.764999866485596,7.79010009765625,7.764500141143799,7.789999961853027,8734,0.0,0.0
2026-02-03 10:55:00-05:00,7.795000076293945,7.840000152587891,7.789999961853027,7.839300155639648,18782,0.0,0.0
2026-02-03 11:00:00-05:00,7.840000152587891,7.849999904632568,7.769999980926514,7.770100116729736,26945,0.0,0.0
2026-02-03 11:05:00-05:00,7.779900074005127,7.78000020980835,7.75,7.755000114440918,12047,0.0,0.0
2026-02-03 11:10:00-05:00,7.759900093078613,7.784999847412109,7.75,7.784999847412109,18986,0.0,0.0
2026-02-03 11:15:00-05:00,7.784999847412109,7.784999847412109,7.760000228881836,7.78000020980835,14783,0.0,0.0
2026-02-03 11:20:00-05:00,7.78000020980835,7.78000020980835,7.75,7.755099773406982,26770,0.0,0.0
2026-02-03 11:25:00-05:00,7.759900093078613,7.784999847412109,7.754000186920166,7.754000186920166,18867,0.0,0.0
2026-02-03 11:30:00-05:00,7.75,7.78000020980835,7.739999771118164,7.78000020980835,11691,0.0,0.0
2026-02-03 11:35:00-05:00,7.78000020980835,7.800000190734863,7.78000020980835,7.800000190734863,17998,0.0,0.0
2026-02-03 11:40:00-05:00,7.804999828338623,7.843699932098389,7.804999828338623,7.809999942779541,25076,0.0,0.0
2026-02-03 11:45:00-05:00,7.814300060272217,7.839799880981445,7.800000190734863,7.827499866485596,19531,0.0,0.0
2026-02-03 11:50:00-05:00,7.824999809265137,7.840000152587891,7.810100078582764,7.820000171661377,14989,0.0,0.0
2026-02-03 11:55:00-05:00,7.828000068664551,7.840000152587891,7.809999942779541,7.824999809265137,7892,0.0,0.0
2026-02-03 12:00:00-05:00,7.824999809265137,7.869900226593018,7.820000171661377,7.850900173187256,15559,0.0,0.0
2026-02-03 12:05:00-05:00,7.850200176239014,7.855000019073486,7.829999923706055,7.831500053405762,26223,0.0,0.0
2026-02-03 12:10:00-05:00,7.839000225067139,7.839000225067139,7.75,7.775000095367432,32121,0.0,0.0
2026-02-03 12:15:00-05:00,7.769999980926514,7.789999961853027,7.764999866485596,7.780099868774414,17644,0.0,0.0
2026-02-03 12:20:00-05:00,7.784999847412109,7.784999847412109,7.77400016784668,7.775000095367432,6407,0.0,0.0
2026-02-03 12:25:00-05:00,7.775000095367432,7.775000095367432,7.744999885559082,7.747000217437744,19562,0.0,0.0
2026-02-03 12:30:00-05:00,7.739999771118164,7.755000114440918,7.710000038146973,7.710000038146973,14510,0.0,0.0
2026-02-03 12:35:00-05:00,7.699999809265137,7.710000038146973,7.650000095367432,7.664000034332275,39345,0.0,0.0
2026-02-03 12:40:00-05:00,7.664999961853027,7.665500164031982,7.631800174713135,7.631800174713135,16689,0.0,0.0
2026-02-03 12:45:00-05:00,7.6381001472473145,7.659999847412109,7.630000114440918,7.644999980926514,18018,0.0,0.0
2026-02-03 12:50:00-05:00,7.646599769592285,7.690000057220459,7.644999980926514,7.668600082397461,12580,0.0,0.0
2026-02-03 12:55:00-05:00,7.664999961853027,7.679999828338623,7.65500020980835,7.659999847412109,12457,0.0,0.0
2026-02-03 13:00:00-05:00,7.65500020980835,7.659900188446045,7.649899959564209,7.650199890136719,13119,0.0,0.0
2026-02-03 13:05:00-05:00,7.65500020980835,7.690000057220459,7.65500020980835,7.689899921417236,10586,0.0,0.0
2026-02-03 13:10:00-05:00,7.684000015258789,7.684000015258789,7.610000133514404,7.625,22320,0.0,0.0
2026-02-03 13:15:00-05:00,7.630000114440918,7.630000114440918,7.59499979019165,7.619900226593018,16382,0.0,0.0
2026-02-03 13:20:00-05:00,7.619999885559082,7.630099773406982,7.610000133514404,7.612100124359131,15558,0.0,0.0
2026-02-03 13:25:00-05:00,7.602499961853027,7.625100135803223,7.590099811553955,7.590099811553955,18104,0.0,0.0
2026-02-03 13:30:00-05:00,7.5929999351501465,7.59499979019165,7.579999923706055,7.59499979019165,8351,0.0,0.0
2026-02-03 13:35:00-05:00,7.590000152587891,7.59499979019165,7.562399864196777,7.585000038146973,4873,0.0,0.0
2026-02-03 13:40:00-05:00,7.579999923706055,7.585000038146973,7.561500072479248,7.5619001388549805,7965,0.0,0.0
2026-02-03 13:45:00-05:00,7.559999942779541,7.572000026702881,7.550000190734863,7.565000057220459,12092,0.0,0.0
2026-02-03 13:50:00-05:00,7.559999942779541,7.569900035858154,7.550000190734863,7.554999828338623,12361,0.0,0.0
2026-02-03 13:55:00-05:00,7.559999942779541,7.579999923706055,7.525000095367432,7.525000095367432,24450,0.0,0.0
2026-02-03 14:00:00-05:00,7.510000228881836,7.519899845123291,7.491799831390381,7.519899845123291,73508,0.0,0.0
2026-02-03 14:05:00-05:00,7.510000228881836,7.51669979095459,7.510000228881836,7.510700225830078,24250,0.0,0.0
2026-02-03 14:10:00-05:00,7.514999866485596,7.570000171661377,7.514999866485596,7.565000057220459,26173,0.0,0.0
2026-02-03 14:15:00-05:00,7.570000171661377,7.619999885559082,7.570000171661377,7.615799903869629,14313,0.0,0.0
2026-02-03 14:20:00-05:00,7.610099792480469,7.644999980926514,7.610000133514404,7.625,26101,0.0,0.0
2026-02-03 14:25:00-05:00,7.625,7.630000114440918,7.574999809265137,7.574999809265137,17248,0.0,0.0
2026-02-03 14:30:00-05:00,7.579999923706055,7.610000133514404,7.510000228881836,7.600100040435791,45846,0.0,0.0
2026-02-03 14:35:00-05:00,7.605000019073486,7.659999847412109,7.605000019073486,7.650000095367432,29724,0.0,0.0
2026-02-03 14:40:00-05:00,7.644999980926514,7.704999923706055,7.614999771118164,7.675000190734863,22908,0.0,0.0
2026-02-03 14:45:00-05:00,7.678999900817871,7.679999828338623,7.670000076293945,7.670000076293945,4598,0.0,0.0
2026-02-03 14:50:00-05:00,7.664999961853027,7.735000133514404,7.664999961853027,7.690000057220459,41862,0.0,0.0
2026-02-03 14:55:00-05:00,7.692999839782715,7.7357001304626465,7.692999839782715,7.724999904632568,27076,0.0,0.0
2026-02-03 15:00:00-05:00,7.710000038146973,7.739999771118164,7.704999923706055,7.730000019073486,16928,0.0,0.0
2026-02-03 15:05:00-05:00,7.730000019073486,7.735000133514404,7.715000152587891,7.735000133514404,18508,0.0,0.0
2026-02-03 15:10:00-05:00,7.739999771118164,7.753600120544434,7.739999771118164,7.744999885559082,11815,0.0,0.0
2026-02-03 15:15:00-05:00,7.744999885559082,7.789899826049805,7.730100154876709,7.78000020980835,22253,0.0,0.0
2026-02-03 15:20:00-05:00,7.769999980926514,7.78000020980835,7.760000228881836,7.769999980926514,17241,0.0,0.0
2026-02-03 15:25:00-05:00,7.78000020980835,7.78000020980835,7.739999771118164,7.739999771118164,8862,0.0,0.0
2026-02-03 15:30:00-05:00,7.739999771118164,7.769999980926514,7.730000019073486,7.764999866485596,17606,0.0,0.0
2026-02-03 15:35:00-05:00,7.769999980926514,7.769999980926514,7.75,7.750100135803223,10488,0.0,0.0
2026-02-03 15:40:00-05:00,7.755000114440918,7.755000114440918,7.730000019073486,7.730000019073486,21827,0.0,0.0
2026-02-03 15:45:00-05:00,7.739999771118164,7.739999771118164,7.690000057220459,7.715000152587891,46386,0.0,0.0
2026-02-03 15:50:00-05:00,7.710000038146973,7.7399001121521,7.710000038146973,7.735000133514404,34925,0.0,0.0
2026-02-03 15:55:00-05:00,7.739999771118164,7.789999961853027,7.739999771118164,7.775000095367432,82662,0.0,0.0
2026-02-04 09:30:00-05:00,7.789999961853027,7.829999923706055,7.669300079345703,7.811999797821045,130141,0.0,0.0
2026-02-04 09:35:00-05:00,7.800000190734863,7.980000019073486,7.760000228881836,7.96999979019165,109633,0.0,0.0
2026-02-04 09:40:00-05:00,7.970200061798096,8.025500297546387,7.940000057220459,7.94890022277832,134728,0.0,0.0
2026-02-04 09:45:00-05:00,7.929999828338623,7.939799785614014,7.880099773406982,7.929999828338623,50061,0.0,0.0
2026-02-04 09:50:00-05:00,7.928999900817871,7.929999828338623,7.78000020980835,7.789999961853027,35149,0.0,0.0
2026-02-04 09:55:00-05:00,7.784999847412109,7.784999847412109,7.670000076293945,7.686999797821045,38196,0.0,0.0
2026-02-04 10:00:00-05:00,7.690000057220459,7.744999885559082,7.670000076293945,7.739999771118164,78194,0.0,0.0
2026-02-04 10:05:00-05:00,7.735499858856201,7.760000228881836,7.699999809265137,7.75,38395,0.0,0.0
2026-02-04 10:10:00-05:00,7.760000228881836,7.789999961853027,7.730000019073486,7.730000019073486,43197,0.0,0.0
2026-02-04 10:15:00-05:00,7.735499858856201,7.73859977722168,7.659999847412109,7.669899940490723,48571,0.0,0.0
2026-02-04 10:20:00-05:00,7.670000076293945,7.699999809265137,7.639999866485596,7.695000171661377,56484,0.0,0.0
2026-02-04 10:25:00-05:00,7.695000171661377,7.706600189208984,7.65500020980835,7.659900188446045,23985,0.0,0.0
2026-02-04 10:30:00-05:00,7.659999847412109,7.665500164031982,7.610000133514404,7.611000061035156,30199,0.0,0.0
2026-02-04 10:35:00-05:00,7.619900226593018,7.690000057220459,7.590000152587891,7.650000095367432,57981,0.0,0.0
2026-02-04 10:40:00-05:00,7.635000228881836,7.699999809265137,7.619999885559082,7.699999809265137,31442,0.0,0.0
2026-02-04 10:45:00-05:00,7.704999923706055,7.704999923706055,7.650000095367432,7.679999828338623,14407,0.0,0.0
2026-02-04 10:50:00-05:00,7.690000057220459,7.699999809265137,7.684999942779541,7.699999809265137,7290,0.0,0.0
2026-02-04 10:55:00-05:00,7.704999923706055,7.735000133514404,7.679999828338623,7.684999942779541,36303,0.0,0.0
2026-02-04 11:00:00-05:00,7.699999809265137,7.730000019073486,7.670000076293945,7.684999942779541,22231,0.0,0.0
2026-02-04 11:05:00-05:00,7.690000057220459,7.699900150299072,7.670000076293945,7.675000190734863,10898,0.0,0.0
2026-02-04 11:10:00-05:00,7.675000190734863,7.71999979019165,7.675000190734863,7.715000152587891,11820,0.0,0.0
2026-02-04 11:15:00-05:00,7.71999979019165,7.71999979019165,7.690000057220459,7.695499897003174,8158,0.0,0.0
2026-02-04 11:20:00-05:00,7.699999809265137,7.699999809265137,7.639999866485596,7.650100231170654,27790,0.0,0.0
2026-02-04 11:25:00-05:00,7.650000095367432,7.690999984741211,7.639999866485596,7.690999984741211,31969,0.0,0.0
2026-02-04 11:30:00-05:00,7.690000057220459,7.699999809265137,7.659900188446045,7.659900188446045,13735,0.0,0.0
2026-02-04 11:35:00-05:00,7.65500020980835,7.65500020980835,7.599999904632568,7.605000019073486,24459,0.0,0.0
2026-02-04 11:40:00-05:00,7.599999904632568,7.601099967956543,7.539999961853027,7.550000190734863,33927,0.0,0.0
2026-02-04 11:45:00-05:00,7.550000190734863,7.554999828338623,7.519999980926514,7.534999847412109,47527,0.0,0.0
2026-02-04 11:50:00-05:00,7.550000190734863,7.574999809265137,7.525000095367432,7.570099830627441,38167,0.0,0.0
2026-02-04 11:55:00-05:00,7.590000152587891,7.599999904632568,7.585000038146973,7.597899913787842,18532,0.0,0.0
2026-02-04 12:00:00-05:00,7.579999923706055,7.5929999351501465,7.570099830627441,7.576099872589111,8983,0.0,0.0
2026-02-04 12:05:00-05:00,7.574999809265137,7.574999809265137,7.534999847412109,7.539999961853027,7886,0.0,0.0
2026-02-04 12:10:00-05:00,7.534999847412109,7.554999828338623,7.534999847412109,7.545000076293945,9898,0.0,0.0
2026-02-04 12:15:00-05:00,7.545000076293945,7.545000076293945,7.5,7.5,47057,0.0,0.0
2026-02-04 12:20:00-05:00,7.5,7.509900093078613,7.485000133514404,7.494999885559082,40092,0.0,0.0
2026-02-04 12:25:00-05:00,7.490300178527832,7.5,7.4120001792907715,7.463500022888184,47510,0.0,0.0
2026-02-04 12:30:00-05:00,7.465000152587891,7.46999979019165,7.434999942779541,7.445000171661377,22669,0.0,0.0
2026-02-04 12:35:00-05:00,7.445000171661377,7.449900150299072,7.414999961853027,7.431700229644775,42447,0.0,0.0
2026-02-04 12:40:00-05:00,7.429999828338623,7.440000057220459,7.421199798583984,7.434999942779541,26243,0.0,0.0
2026-02-04 12:45:00-05:00,7.440000057220459,7.445000171661377,7.409999847412109,7.419899940490723,14237,0.0,0.0
2026-02-04 12:50:00-05:00,7.409999847412109,7.409999847412109,7.389999866485596,7.401299953460693,19804,0.0,0.0
2026-02-04 12:55:00-05:00,7.406899929046631,7.409999847412109,7.400000095367432,7.409900188446045,17583,0.0,0.0
2026-02-04 13:00:00-05:00,7.40500020980835,7.40500020980835,7.360000133514404,7.394999980926514,14296,0.0,0.0
2026-02-04 13:05:00-05:00,7.39900016784668,7.415500164031982,7.385000228881836,7.389999866485596,72253,0.0,0.0
2026-02-04 13:10:00-05:00,7.385000228881836,7.389999866485596,7.369999885559082,7.389999866485596,20332,0.0,0.0
2026-02-04 13:15:00-05:00,7.394999980926514,7.409999847412109,7.370100021362305,7.370100021362305,22218,0.0,0.0
2026-02-04 13:20:00-05:00,7.375,7.400000095367432,7.369999885559082,7.389999866485596,15348,0.0,0.0
2026-02-04 13:25:00-05:00,7.400000095367432,7.458799839019775,7.400000095367432,7.440000057220459,25960,0.0,0.0
2026-02-04 13:30:00-05:00,7.434999942779541,7.434999942779541,7.400000095367432,7.412300109863281,28394,0.0,0.0
2026-02-04 13:35:00-05:00,7.40500020980835,7.425000190734863,7.400000095367432,7.425000190734863,15373,0.0,0.0
2026-02-04 13:40:00-05:00,7.420000076293945,7.449999809265137,7.420000076293945,7.439700126647949,15029,0.0,0.0
2026-02-04 13:45:00-05:00,7.425000190734863,7.429999828338623,7.409999847412109,7.4141998291015625,5552,0.0,0.0
2026-02-04 13:50:00-05:00,7.409999847412109,7.425000190734863,7.389999866485596,7.425000190734863,20853,0.0,0.0
2026-02-04 13:55:00-05:00,7.425000190734863,7.458600044250488,7.414999961853027,7.414999961853027,12322,0.0,0.0
2026-02-04 14:00:00-05:00,7.414999961853027,7.440000057220459,7.389999866485596,7.420000076293945,36173,0.0,0.0
2026-02-04 14:05:00-05:00,7.409999847412109,7.429999828338623,7.389999866485596,7.429999828338623,8006,0.0,0.0
2026-02-04 14:10:00-05:00,7.431000232696533,7.438799858093262,7.420000076293945,7.438799858093262,9833,0.0,0.0
2026-02-04 14:15:00-05:00,7.440000057220459,7.479899883270264,7.440000057220459,7.46019983291626,16101,0.0,0.0
2026-02-04 14:20:00-05:00,7.465000152587891,7.46999979019165,7.449999809265137,7.465000152587891,13225,0.0,0.0
2026-02-04 14:25:00-05:00,7.460999965667725,7.479899883270264,7.450099945068359,7.474999904632568,14967,0.0,0.0
2026-02-04 14:30:00-05:00,7.480000019073486,7.499899864196777,7.480000019073486,7.492099761962891,19217,0.0,0.0
2026-02-04 14:35:00-05:00,7.494999885559082,7.5,7.480000019073486,7.482500076293945,10706,0.0,0.0
2026-02-04 14:40:00-05:00,7.480000019073486,7.53000020980835,7.480000019073486,7.514999866485596,38969,0.0,0.0
2026-02-04 14:45:00-05:00,7.5100998878479,7.554999828338623,7.510000228881836,7.53000020980835,60859,0.0,0.0
2026-02-04 14:50:00-05:00,7.525000095367432,7.5854997634887695,7.519999980926514,7.579999923706055,37947,0.0,0.0
2026-02-04 14:55:00-05:00,7.579800128936768,7.610000133514404,7.574999809265137,7.590099811553955,38772,0.0,0.0
2026-02-04 15:00:00-05:00,7.590000152587891,7.605000019073486,7.570099830627441,7.590000152587891,32538,0.0,0.0
2026-02-04 15:05:00-05:00,7.590000152587891,7.590099811553955,7.565000057220459,7.570000171661377,6260,0.0,0.0
2026-02-04 15:10:00-05:00,7.574999809265137,7.579999923706055,7.539999961853027,7.554999828338623,17504,0.0,0.0
2026-02-04 15:15:00-05:00,7.559999942779541,7.579899787902832,7.554999828338623,7.566500186920166,13430,0.0,0.0
2026-02-04 15:20:00-05:00,7.559999942779541,7.559999942779541,7.514999866485596,7.514999866485596,27148,0.0,0.0
2026-02-04 15:25:00-05:00,7.505000114440918,7.510000228881836,7.480000019073486,7.480000019073486,33016,0.0,0.0
2026-02-04 15:30:00-05:00,7.480000019073486,7.499899864196777,7.480000019073486,7.499899864196777,10699,0.0,0.0
2026-02-04 15:35:00-05:00,7.494999885559082,7.525000095367432,7.489999771118164,7.514999866485596,46774,0.0,0.0
2026-02-04 15:40:00-05:00,7.510000228881836,7.53000020980835,7.510000228881836,7.519999980926514,42053,0.0,0.0
2026-02-04 15:45:00-05:00,7.520100116729736,7.579899787902832,7.510000228881836,7.574999809265137,65107,0.0,0.0
2026-02-04 15:50:00-05:00,7.574999809265137,7.590000152587891,7.550099849700928,7.585000038146973,130140,0.0,0.0
2026-02-04 15:55:00-05:00,7.585000038146973,7.610000133514404,7.579999923706055,7.610000133514404,138910,0.0,0.0
2026-02-05 09:30:00-05:00,7.429999828338623,7.46999979019165,7.324999809265137,7.339900016784668,134866,0.0,0.0
2026-02-05 09:35:00-05:00,7.360000133514404,7.436200141906738,7.340000152587891,7.375,32031,0.0,0.0
2026-02-05 09:40:00-05:00,7.375,7.409999847412109,7.300000190734863,7.380000114440918,41646,0.0,0.0
2026-02-05 09:45:00-05:00,7.380000114440918,7.380000114440918,7.320899963378906,7.320899963378906,49355,0.0,0.0
2026-02-05 09:50:00-05:00,7.320099830627441,7.341000080108643,7.309999942779541,7.329999923706055,34275,0.0,0.0
2026-02-05 09:55:00-05:00,7.329999923706055,7.3302001953125,7.269999980926514,7.289899826049805,35145,0.0,0.0
2026-02-05 10:00:00-05:00,7.28000020980835,7.28000020980835,7.184999942779541,7.199999809265137,120311,0.0,0.0
2026-02-05 10:05:00-05:00,7.195000171661377,7.195000171661377,7.119999885559082,7.149899959564209,79278,0.0,0.0
2026-02-05 10:10:00-05:00,7.150000095367432,7.15500020980835,7.099999904632568,7.110099792480469,62053,0.0,0.0
2026-02-05 10:15:00-05:00,7.110000133514404,7.210000038146973,7.099999904632568,7.190000057220459,53002,0.0,0.0
2026-02-05 10:20:00-05:00,7.190000057220459,7.230000019073486,7.159999847412109,7.164999961853027,38122,0.0,0.0
2026-02-05 10:25:00-05:00,7.164999961853027,7.192599773406982,7.130000114440918,7.135000228881836,34536,0.0,0.0
2026-02-05 10:30:00-05:00,7.139999866485596,7.150000095367432,7.111400127410889,7.118599891662598,27328,0.0,0.0
2026-02-05 10:35:00-05:00,7.114999771118164,7.170000076293945,7.110000133514404,7.164999961853027,29370,0.0,0.0
2026-02-05 10:40:00-05:00,7.164999961853027,7.230000019073486,7.164999961853027,7.1992998123168945,122340,0.0,0.0
2026-02-05 10:45:00-05:00,7.204999923706055,7.204999923706055,7.174200057983398,7.190100193023682,29213,0.0,0.0
2026-02-05 10:50:00-05:00,7.195000171661377,7.239999771118164,7.195000171661377,7.204999923706055,26133,0.0,0.0
2026-02-05 10:55:00-05:00,7.20989990234375,7.230000019073486,7.190000057220459,7.230000019073486,15134,0.0,0.0
2026-02-05 11:00:00-05:00,7.230000019073486,7.230000019073486,7.195000171661377,7.195000171661377,11463,0.0,0.0
2026-02-05 11:05:00-05:00,7.190000057220459,7.210000038146973,7.184999942779541,7.195000171661377,13548,0.0,0.0
2026-02-05 11:10:00-05:00,7.199999809265137,7.210000038146973,7.169899940490723,7.175000190734863,31218,0.0,0.0
2026-02-05 11:15:00-05:00,7.181000232696533,7.202000141143799,7.170000076293945,7.190000057220459,38832,0.0,0.0
2026-02-05 11:20:00-05:00,7.199999809265137,7.230000019073486,7.188499927520752,7.224999904632568,44149,0.0,0.0
2026-02-05 11:25:00-05:00,7.230000019073486,7.244999885559082,7.210000038146973,7.239999771118164,41296,0.0,0.0
2026-02-05 11:30:00-05:00,7.25,7.269999980926514,7.230000019073486,7.239999771118164,36285,0.0,0.0
2026-02-05 11:35:00-05:00,7.240099906921387,7.269999980926514,7.235000133514404,7.2399001121521,30921,0.0,0.0
2026-02-05 11:40:00-05:00,7.239999771118164,7.25,7.225800037384033,7.230000019073486,19247,0.0,0.0
2026-02-05 11:45:00-05:00,7.239999771118164,7.239999771118164,7.210000038146973,7.21999979019165,17551,0.0,0.0
2026-02-05 11:50:00-05:00,7.230000019073486,7.25,7.224899768829346,7.235000133514404,22596,0.0,0.0
2026-02-05 11:55:00-05:00,7.239999771118164,7.241600036621094,7.231400012969971,7.231400012969971,529404,0.0,0.0
2026-02-05 12:00:00-05:00,7.235000133514404,7.235000133514404,7.204999923706055,7.204999923706055,0,0.0,0.0
2026-02-05 12:05:00-05:00,7.206500053405762,7.21999979019165,7.190000057220459,7.199999809265137,36068,0.0,0.0
2026-02-05 12:10:00-05:00,7.20989990234375,7.210000038146973,7.199999809265137,7.210000038146973,35442,0.0,0.0
2026-02-05 12:15:00-05:00,7.208000183105469,7.20989990234375,7.192999839782715,7.192999839782715,5579,0.0,0.0
2026-02-05 12:20:00-05:00,7.199999809265137,7.239999771118164,7.170000076293945,7.239999771118164,35517,0.0,0.0
2026-02-05 12:25:00-05:00,7.2399001121521,7.25,7.2399001121521,7.2469000816345215,5924,0.0,0.0
2026-02-05 12:30:00-05:00,7.25,7.255000114440918,7.21999979019165,7.25,16610,0.0,0.0
2026-02-05 12:35:00-05:00,7.239999771118164,7.255000114440918,7.21999979019165,7.21999979019165,22897,0.0,0.0
2026-02-05 12:40:00-05:00,7.2210001945495605,7.309999942779541,7.21999979019165,7.232100009918213,75263,0.0,0.0
2026-02-05 12:45:00-05:00,7.235000133514404,7.24970006942749,7.21999979019165,7.230000019073486,44797,0.0,0.0
2026-02-05 12:50:00-05:00,7.21999979019165,7.21999979019165,7.210000038146973,7.215000152587891,4440,0.0,0.0
2026-02-05 12:55:00-05:00,7.210100173950195,7.212500095367432,7.190000057220459,7.190000057220459,25614,0.0,0.0
2026-02-05 13:00:00-05:00,7.198599815368652,7.199900150299072,7.159999847412109,7.159999847412109,11137,0.0,0.0
2026-02-05 13:05:00-05:00,7.159999847412109,7.1697998046875,7.142600059509277,7.144999980926514,12437,0.0,0.0
2026-02-05 13:10:00-05:00,7.149799823760986,7.159999847412109,7.130099773406982,7.150000095367432,29818,0.0,0.0
2026-02-05 13:15:00-05:00,7.144999980926514,7.144999980926514,7.119999885559082,7.130000114440918,11354,0.0,0.0
2026-02-05 13:20:00-05:00,7.129899978637695,7.129899978637695,7.099999904632568,7.110000133514404,35368,0.0,0.0
2026-02-05 13:25:00-05:00,7.105000019073486,7.121399879455566,7.100100040435791,7.119900226593018,8930,0.0,0.0
2026-02-05 13:30:00-05:00,7.119999885559082,7.13700008392334,7.110000133514404,7.114099979400635,11950,0.0,0.0
2026-02-05 13:35:00-05:00,7.11929988861084,7.125,7.099999904632568,7.125,14896,0.0,0.0
2026-02-05 13:40:00-05:00,7.119999885559082,7.139999866485596,7.110000133514404,7.130000114440918,26581,0.0,0.0
2026-02-05 13:45:00-05:00,7.119999885559082,7.129899978637695,7.110099792480469,7.116199970245361,17905,0.0,0.0
2026-02-05 13:50:00-05:00,7.114999771118164,7.114999771118164,7.097899913787842,7.105000019073486,21664,0.0,0.0
2026-02-05 13:55:00-05:00,7.099999904632568,7.150000095367432,7.099999904632568,7.130099773406982,14226,0.0,0.0
2026-02-05 14:00:00-05:00,7.130000114440918,7.159999847412109,7.119999885559082,7.159900188446045,5546,0.0,0.0
2026-02-05 14:05:00-05:00,7.159999847412109,7.170000076293945,7.14139986038208,7.144400119781494,15573,0.0,0.0
2026-02-05 14:10:00-05:00,7.150000095367432,7.1707000732421875,7.150000095367432,7.164999961853027,7880,0.0,0.0
2026-02-05 14:15:00-05:00,7.164999961853027,7.189300060272217,7.159999847412109,7.181000232696533,9553,0.0,0.0
2026-02-05 14:20:00-05:00,7.179999828338623,7.190000057220459,7.159999847412109,7.159999847412109,14195,0.0,0.0
2026-02-05 14:25:00-05:00,7.159999847412109,7.164999961853027,7.151000022888184,7.158999919891357,13492,0.0,0.0
2026-02-05 14:30:00-05:00,7.15500020980835,7.15500020980835,7.128399848937988,7.130099773406982,14247,0.0,0.0
2026-02-05 14:35:00-05:00,7.139999866485596,7.144999980926514,7.110000133514404,7.110000133514404,16470,0.0,0.0
2026-02-05 14:40:00-05:00,7.119999885559082,7.119999885559082,7.099999904632568,7.110099792480469,8320,0.0,0.0
2026-02-05 14:45:00-05:00,7.117000102996826,7.117000102996826,7.099999904632568,7.110000133514404,8733,0.0,0.0
2026-02-05 14:50:00-05:00,7.10699987411499,7.109899997711182,7.09499979019165,7.1020002365112305,49434,0.0,0.0
2026-02-05 14:55:00-05:00,7.09499979019165,7.151199817657471,7.09499979019165,7.150700092315674,19066,0.0,0.0
2026-02-05 15:00:00-05:00,7.159999847412109,7.175000190734863,7.150000095367432,7.164999961853027,34826,0.0,0.0
2026-02-05 15:05:00-05:00,7.160099983215332,7.175000190734863,7.15500020980835,7.159999847412109,71923,0.0,0.0
2026-02-05 15:10:00-05:00,7.159999847412109,7.164999961853027,7.150000095367432,7.1519999504089355,22633,0.0,0.0
2026-02-05 15:15:00-05:00,7.150000095367432,7.150000095367432,7.110000133514404,7.123899936676025,25468,0.0,0.0
2026-02-05 15:20:00-05:00,7.130000114440918,7.130000114440918,7.110000133514404,7.129899978637695,27348,0.0,0.0
2026-02-05 15:25:00-05:00,7.120200157165527,7.125,7.079999923706055,7.085000038146973,30559,0.0,0.0
2026-02-05 15:30:00-05:00,7.085000038146973,7.085000038146973,7.03000020980835,7.050000190734863,44821,0.0,0.0
2026-02-05 15:35:00-05:00,7.045000076293945,7.050000190734863,7.03000020980835,7.03000020980835,27452,0.0,0.0
2026-02-05 15:40:00-05:00,7.039999961853027,7.059899806976318,7.03000020980835,7.034999847412109,27607,0.0,0.0
2026-02-05 15:45:00-05:00,7.031099796295166,7.034999847412109,7.010000228881836,7.014999866485596,33832,0.0,0.0
2026-02-05 15:50:00-05:00,7.010000228881836,7.010000228881836,6.965000152587891,6.9899001121521,83346,0.0,0.0
2026-02-05 15:55:00-05:00,6.989999771118164,7.059999942779541,6.989999771118164,7.059999942779541,97021,0.0,0.0
2026-02-06 09:30:00-05:00,7.199999809265137,7.449999809265137,7.199999809265137,7.385000228881836,173140,0.0,0.0
2026-02-06 09:35:00-05:00,7.380000114440918,7.400000095367432,7.329999923706055,7.380000114440918,58605,0.0,0.0
2026-02-06 09:40:00-05:00,7.360000133514404,7.380000114440918,7.320000171661377,7.380000114440918,56967,0.0,0.0
2026-02-06 09:45:00-05:00,7.369999885559082,7.369999885559082,7.289999961853027,7.29010009765625,37882,0.0,0.0
2026-02-06 09:50:00-05:00,7.300099849700928,7.300099849700928,7.21999979019165,7.2399001121521,33052,0.0,0.0
2026-02-06 09:55:00-05:00,7.21999979019165,7.21999979019165,7.164999961853027,7.170000076293945,29392,0.0,0.0
2026-02-06 10:00:00-05:00,7.177199840545654,7.204999923706055,7.159999847412109,7.199900150299072,30915,0.0,0.0
2026-02-06 10:05:00-05:00,7.190000057220459,7.210000038146973,7.1743998527526855,7.210000038146973,45866,0.0,0.0
2026-02-06 10:10:00-05:00,7.210000038146973,7.279900074005127,7.210000038146973,7.269999980926514,35744,0.0,0.0
2026-02-06 10:15:00-05:00,7.255000114440918,7.320000171661377,7.255000114440918,7.313199996948242,34193,0.0,0.0
2026-02-06 10:20:00-05:00,7.310699939727783,7.329999923706055,7.269999980926514,7.284999847412109,25939,0.0,0.0
2026-02-06 10:25:00-05:00,7.295000076293945,7.309999942779541,7.265999794006348,7.29010009765625,44072,0.0,0.0
2026-02-06 10:30:00-05:00,7.28000020980835,7.319900035858154,7.2789998054504395,7.315000057220459,18978,0.0,0.0
2026-02-06 10:35:00-05:00,7.320000171661377,7.340000152587891,7.320000171661377,7.340000152587891,25736,0.0,0.0
2026-02-06 10:40:00-05:00,7.339900016784668,7.379899978637695,7.335000038146973,7.379899978637695,19825,0.0,0.0
2026-02-06 10:45:00-05:00,7.369999885559082,7.375,7.360000133514404,7.364999771118164,26806,0.0,0.0
2026-02-06 10:50:00-05:00,7.360000133514404,7.360000133514404,7.329999923706055,7.329999923706055,30218,0.0,0.0
2026-02-06 10:55:00-05:00,7.335000038146973,7.414999961853027,7.335000038146973,7.394999980926514,63205,0.0,0.0
2026-02-06 11:00:00-05:00,7.400000095367432,7.409900188446045,7.389999866485596,7.390100002288818,26663,0.0,0.0
2026-02-06 11:05:00-05:00,7.40500020980835,7.434999942779541,7.400000095367432,7.419899940490723,23752,0.0,0.0
2026-02-06 11:10:00-05:00,7.414999961853027,7.429999828338623,7.410099983215332,7.429999828338623,6178,0.0,0.0
2026-02-06 11:15:00-05:00,7.425000190734863,7.449999809265137,7.420000076293945,7.429900169372559,27223,0.0,0.0
2026-02-06 11:20:00-05:00,7.425000190734863,7.429999828338623,7.4120001792907715,7.414999961853027,29053,0.0,0.0
2026-02-06 11:25:00-05:00,7.414999961853027,7.420000076293945,7.400000095367432,7.41349983215332,22218,0.0,0.0
2026-02-06 11:30:00-05:00,7.412499904632568,7.434999942779541,7.409999847412109,7.434999942779541,21302,0.0,0.0
2026-02-06 11:35:00-05:00,7.439899921417236,7.465000152587891,7.429999828338623,7.460000038146973,22177,0.0,0.0
2026-02-06 11:40:00-05:00,7.45989990234375,7.46999979019165,7.449999809265137,7.461299896240234,11387,0.0,0.0
2026-02-06 11:45:00-05:00,7.468200206756592,7.46999979019165,7.449999809265137,7.465000152587891,9373,0.0,0.0
2026-02-06 11:50:00-05:00,7.465000152587891,7.498600006103516,7.449999809265137,7.489999771118164,42757,0.0,0.0
2026-02-06 11:55:00-05:00,7.480000019073486,7.53000020980835,7.474999904632568,7.480000019073486,48899,0.0,0.0
2026-02-06 12:00:00-05:00,7.474999904632568,7.525000095367432,7.472300052642822,7.5100998878479,25741,0.0,0.0
2026-02-06 12:05:00-05:00,7.541200160980225,7.550099849700928,7.539999961853027,7.545000076293945,20550,0.0,0.0
2026-02-06 12:10:00-05:00,7.54010009765625,7.557499885559082,7.519999980926514,7.519999980926514,9085,0.0,0.0
2026-02-06 12:15:00-05:00,7.514999866485596,7.514999866485596,7.489999771118164,7.502999782562256,34035,0.0,0.0
2026-02-06 12:20:00-05:00,7.505000114440918,7.509900093078613,7.494500160217285,7.494999885559082,14268,0.0,0.0
2026-02-06 12:25:00-05:00,7.5,7.5100998878479,7.489999771118164,7.5100998878479,12565,0.0,0.0
2026-02-06 12:30:00-05:00,7.519999980926514,7.519999980926514,7.500100135803223,7.506499767303467,17357,0.0,0.0
2026-02-06 12:35:00-05:00,7.505000114440918,7.543499946594238,7.505000114440918,7.53000020980835,22345,0.0,0.0
2026-02-06 12:40:00-05:00,7.536399841308594,7.54610013961792,7.53000020980835,7.53000020980835,5729,0.0,0.0
2026-02-06 12:45:00-05:00,7.536300182342529,7.541200160980225,7.519999980926514,7.519999980926514,5480,0.0,0.0
2026-02-06 12:50:00-05:00,7.525000095367432,7.550000190734863,7.521999835968018,7.53000020980835,15813,0.0,0.0
2026-02-06 12:55:00-05:00,7.534999847412109,7.534999847412109,7.510000228881836,7.510700225830078,24567,0.0,0.0
2026-02-06 13:00:00-05:00,7.514999866485596,7.519999980926514,7.480000019073486,7.491199970245361,53756,0.0,0.0
2026-02-06 13:05:00-05:00,7.494999885559082,7.499899864196777,7.482399940490723,7.499899864196777,3955,0.0,0.0
2026-02-06 13:10:00-05:00,7.505000114440918,7.510000228881836,7.5,7.5,7617,0.0,0.0
2026-02-06 13:15:00-05:00,7.491399765014648,7.5,7.489999771118164,7.490099906921387,15968,0.0,0.0
2026-02-06 13:20:00-05:00,7.494999885559082,7.499899864196777,7.485000133514404,7.485000133514404,7983,0.0,0.0
2026-02-06 13:25:00-05:00,7.485000133514404,7.485000133514404,7.453499794006348,7.480000019073486,41965,0.0,0.0
2026-02-06 13:30:00-05:00,7.480000019073486,7.485000133514404,7.449999809265137,7.465000152587891,30013,0.0,0.0
2026-02-06 13:35:00-05:00,7.465000152587891,7.490099906921387,7.460000038146973,7.489999771118164,10793,0.0,0.0
2026-02-06 13:40:00-05:00,7.489799976348877,7.494999885559082,7.485000133514404,7.494999885559082,2448,0.0,0.0
2026-02-06 13:45:00-05:00,7.494999885559082,7.519999980926514,7.494999885559082,7.505199909210205,15822,0.0,0.0
2026-02-06 13:50:00-05:00,7.508299827575684,7.508299827575684,7.485000133514404,7.498700141906738,9094,0.0,0.0
2026-02-06 13:55:00-05:00,7.494999885559082,7.5,7.480000019073486,7.489699840545654,8789,0.0,0.0
2026-02-06 14:00:00-05:00,7.489999771118164,7.505000114440918,7.485000133514404,7.505000114440918,7963,0.0,0.0
2026-02-06 14:05:00-05:00,7.510000228881836,7.54010009765625,7.499899864196777,7.54010009765625,17854,0.0,0.0
2026-02-06 14:10:00-05:00,7.549900054931641,7.559899806976318,7.54010009765625,7.554999828338623,6037,0.0,0.0
2026-02-06 14:15:00-05:00,7.554999828338623,7.554999828338623,7.539999961853027,7.540200233459473,7349,0.0,0.0
2026-02-06 14:20:00-05:00,7.550000190734863,7.569900035858154,7.539999961853027,7.569900035858154,16266,0.0,0.0
2026-02-06 14:25:00-05:00,7.570000171661377,7.570000171661377,7.534999847412109,7.554999828338623,21564,0.0,0.0
2026-02-06 14:30:00-05:00,7.550000190734863,7.570000171661377,7.519999980926514,7.550099849700928,19129,0.0,0.0
2026-02-06 14:35:00-05:00,7.551400184631348,7.570000171661377,7.550000190734863,7.570000171661377,38638,0.0,0.0
2026-02-06 14:40:00-05:00,7.570000171661377,7.599999904632568,7.570000171661377,7.574999809265137,26689,0.0,0.0
2026-02-06 14:45:00-05:00,7.570000171661377,7.650000095367432,7.570000171661377,7.639900207519531,61869,0.0,0.0
2026-02-06 14:50:00-05:00,7.630000114440918,7.644000053405762,7.610000133514404,7.635000228881836,39781,0.0,0.0
2026-02-06 14:55:00-05:00,7.644999980926514,7.644999980926514,7.625,7.625,8683,0.0,0.0
2026-02-06 15:00:00-05:00,7.630000114440918,7.630000114440918,7.561399936676025,7.610000133514404,34516,0.0,0.0
2026-02-06 15:05:00-05:00,7.610000133514404,7.630000114440918,7.599999904632568,7.599999904632568,33940,0.0,0.0
2026-02-06 15:10:00-05:00,7.590000152587891,7.619999885559082,7.585000038146973,7.614999771118164,41506,0.0,0.0
2026-02-06 15:15:00-05:00,7.614999771118164,7.614999771118164,7.5802998542785645,7.5802998542785645,5613,0.0,0.0
2026-02-06 15:20:00-05:00,7.585000038146973,7.605000019073486,7.576099872589111,7.576099872589111,21874,0.0,0.0
2026-02-06 15:25:00-05:00,7.57450008392334,7.585000038146973,7.561200141906738,7.585000038146973,18901,0.0,0.0
2026-02-06 15:30:00-05:00,7.579999923706055,7.579999923706055,7.5335001945495605,7.564499855041504,38760,0.0,0.0
2026-02-06 15:35:00-05:00,7.569300174713135,7.59499979019165,7.563799858093262,7.591400146484375,25041,0.0,0.0
2026-02-06 15:40:00-05:00,7.59499979019165,7.611000061035156,7.590000152587891,7.590099811553955,19801,0.0,0.0
2026-02-06 15:45:00-05:00,7.59499979019165,7.609899997711182,7.590000152587891,7.590000152587891,18602,0.0,0.0
2026-02-06 15:50:00-05:00,7.590000152587891,7.610000133514404,7.5802998542785645,7.600100040435791,30445,0.0,0.0
2026-02-06 15:55:00-05:00,7.610000133514404,7.610000133514404,7.559999942779541,7.579999923706055,143315,0.0,0.0
2026-02-09 09:30:00-05:00,7.489999771118164,7.610000133514404,7.460000038146973,7.579999923706055,169795,0.0,0.0
2026-02-09 09:35:00-05:00,7.539999961853027,7.599999904632568,7.519999980926514,7.579999923706055,12278,0.0,0.0
2026-02-09 09:40:00-05:00,7.590000152587891,7.599999904632568,7.489999771118164,7.489999771118164,67678,0.0,0.0
2026-02-09 09:45:00-05:00,7.5,7.539999961853027,7.46999979019165,7.474999904632568,26122,0.0,0.0
2026-02-09 09:50:00-05:00,7.474999904632568,7.489999771118164,7.46999979019165,7.480000019073486,15368,0.0,0.0
2026-02-09 09:55:00-05:00,7.480000019073486,7.480000019073486,7.434899806976318,7.440000057220459,60538,0.0,0.0
2026-02-09 10:00:00-05:00,7.445000171661377,7.519999980926514,7.420000076293945,7.510000228881836,34782,0.0,0.0
2026-02-09 10:05:00-05:00,7.519999980926514,7.534999847412109,7.46999979019165,7.46999979019165,34262,0.0,0.0
2026-02-09 10:10:00-05:00,7.480000019073486,7.539999961853027,7.480000019073486,7.534999847412109,33247,0.0,0.0
2026-02-09 10:15:00-05:00,7.539999961853027,7.559999942779541,7.53000020980835,7.534200191497803,9461,0.0,0.0
2026-02-09 10:20:00-05:00,7.550000190734863,7.550000190734863,7.519999980926514,7.525000095367432,5774,0.0,0.0
2026-02-09 10:25:00-05:00,7.532299995422363,7.53879976272583,7.519999980926514,7.53000020980835,5389,0.0,0.0
2026-02-09 10:30:00-05:00,7.526800155639648,7.539999961853027,7.514999866485596,7.519999980926514,5053,0.0,0.0
2026-02-09 10:35:00-05:00,7.53000020980835,7.54010009765625,7.514999866485596,7.534999847412109,22445,0.0,0.0
2026-02-09 10:40:00-05:00,7.539999961853027,7.583499908447266,7.539999961853027,7.579999923706055,10174,0.0,0.0
2026-02-09 10:45:00-05:00,7.574999809265137,7.574999809265137,7.539999961853027,7.572500228881836,16302,0.0,0.0
2026-02-09 10:50:00-05:00,7.579999923706055,7.585000038146973,7.574999809265137,7.580100059509277,2949,0.0,0.0
2026-02-09 10:55:00-05:00,7.580100059509277,7.59499979019165,7.570000171661377,7.579999923706055,11747,0.0,0.0
2026-02-09 11:00:00-05:00,7.585000038146973,7.585000038146973,7.570099830627441,7.570099830627441,2668,0.0,0.0
2026-02-09 11:05:00-05:00,7.570700168609619,7.574999809265137,7.570000171661377,7.571000099182129,4046,0.0,0.0
2026-02-09 11:10:00-05:00,7.570000171661377,7.599999904632568,7.565000057220459,7.590099811553955,13129,0.0,0.0
2026-02-09 11:15:00-05:00,7.59499979019165,7.610000133514404,7.591000080108643,7.605000019073486,18540,0.0,0.0
2026-02-09 11:20:00-05:00,7.599999904632568,7.605000019073486,7.599999904632568,7.599999904632568,2696,0.0,0.0
2026-02-09 11:25:00-05:00,7.599999904632568,7.599999904632568,7.590000152587891,7.597899913787842,6585,0.0,0.0
2026-02-09 11:30:00-05:00,7.590000152587891,7.599999904632568,7.574999809265137,7.580100059509277,14117,0.0,0.0
2026-02-09 11:35:00-05:00,7.590000152587891,7.59499979019165,7.580100059509277,7.590000152587891,5260,0.0,0.0
2026-02-09 11:40:00-05:00,7.585000038146973,7.608500003814697,7.585000038146973,7.603499889373779,5845,0.0,0.0
2026-02-09 11:45:00-05:00,7.605000019073486,7.610000133514404,7.561399936676025,7.567299842834473,23326,0.0,0.0
2026-02-09 11:50:00-05:00,7.559999942779541,7.599999904632568,7.550000190734863,7.599999904632568,7551,0.0,0.0
2026-02-09 11:55:00-05:00,7.599999904632568,7.609899997711182,7.59499979019165,7.59499979019165,5035,0.0,0.0
2026-02-09 12:00:00-05:00,7.590400218963623,7.619900226593018,7.590400218963623,7.610000133514404,3491,0.0,0.0
2026-02-09 12:05:00-05:00,7.605000019073486,7.614999771118164,7.599999904632568,7.605000019073486,2644,0.0,0.0
2026-02-09 12:10:00-05:00,7.610000133514404,7.610000133514404,7.599999904632568,7.599999904632568,4779,0.0,0.0
2026-02-09 12:15:00-05:00,7.605000019073486,7.605000019073486,7.599999904632568,7.605000019073486,977,0.0,0.0
2026-02-09 12:20:00-05:00,7.600100040435791,7.603000164031982,7.590099811553955,7.59499979019165,7256,0.0,0.0
2026-02-09 12:25:00-05:00,7.590099811553955,7.590099811553955,7.565000057220459,7.565000057220459,20560,0.0,0.0
2026-02-09 12:30:00-05:00,7.566500186920166,7.580999851226807,7.559999942779541,7.576200008392334,11025,0.0,0.0
2026-02-09 12:35:00-05:00,7.579999923706055,7.590000152587891,7.579999923706055,7.590000152587891,3601,0.0,0.0
2026-02-09 12:40:00-05:00,7.590000152587891,7.609899997711182,7.585000038146973,7.609899997711182,13271,0.0,0.0
2026-02-09 12:45:00-05:00,7.601600170135498,7.619900226593018,7.601600170135498,7.610000133514404,18978,0.0,0.0
2026-02-09 12:50:00-05:00,7.610000133514404,7.610000133514404,7.593500137329102,7.599999904632568,31029,0.0,0.0
2026-02-09 12:55:00-05:00,7.619999885559082,7.620100021362305,7.613500118255615,7.618500232696533,9327,0.0,0.0
2026-02-09 13:00:00-05:00,7.619800090789795,7.648900032043457,7.619800090789795,7.648900032043457,7992,0.0,0.0
2026-02-09 13:05:00-05:00,7.644999980926514,7.670000076293945,7.644999980926514,7.666100025177002,14866,0.0,0.0
2026-02-09 13:10:00-05:00,7.670000076293945,7.670000076293945,7.65500020980835,7.65500020980835,11259,0.0,0.0
2026-02-09 13:15:00-05:00,7.651299953460693,7.690000057220459,7.651299953460693,7.690000057220459,34739,0.0,0.0
2026-02-09 13:20:00-05:00,7.684999942779541,7.689899921417236,7.590000152587891,7.630000114440918,81147,0.0,0.0
2026-02-09 13:25:00-05:00,7.619999885559082,7.644999980926514,7.614999771118164,7.630000114440918,495385,0.0,0.0
2026-02-09 13:30:00-05:00,7.630000114440918,7.650000095367432,7.619999885559082,7.650000095367432,0,0.0,0.0
2026-02-09 13:35:00-05:00,7.65500020980835,7.668000221252441,7.644999980926514,7.650000095367432,44588,0.0,0.0
2026-02-09 13:40:00-05:00,7.650000095367432,7.65500020980835,7.639999866485596,7.644999980926514,10002,0.0,0.0
2026-02-09 13:45:00-05:00,7.639999866485596,7.639999866485596,7.630099773406982,7.630099773406982,3203,0.0,0.0
2026-02-09 13:50:00-05:00,7.630000114440918,7.647600173950195,7.610000133514404,7.640900135040283,8692,0.0,0.0
2026-02-09 13:55:00-05:00,7.642399787902832,7.664999961853027,7.639999866485596,7.659900188446045,4264,0.0,0.0
2026-02-09 14:00:00-05:00,7.659999847412109,7.71999979019165,7.659999847412109,7.719900131225586,20601,0.0,0.0
2026-02-09 14:05:00-05:00,7.715000152587891,7.719900131225586,7.690000057220459,7.70989990234375,14497,0.0,0.0
2026-02-09 14:10:00-05:00,7.70989990234375,7.71999979019165,7.699999809265137,7.699999809265137,33623,0.0,0.0
2026-02-09 14:15:00-05:00,7.699999809265137,7.730000019073486,7.699999809265137,7.720099925994873,13022,0.0,0.0
2026-02-09 14:20:00-05:00,7.730000019073486,7.739999771118164,7.723800182342529,7.736299991607666,5161,0.0,0.0
2026-02-09 14:25:00-05:00,7.739299774169922,7.75,7.739299774169922,7.749300003051758,6485,0.0,0.0
2026-02-09 14:30:00-05:00,7.739999771118164,7.75600004196167,7.739999771118164,7.755000114440918,4023,0.0,0.0
2026-02-09 14:35:00-05:00,7.757199764251709,7.784999847412109,7.730000019073486,7.730000019073486,23353,0.0,0.0
2026-02-09 14:40:00-05:00,7.730000019073486,7.749899864196777,7.730000019073486,7.735099792480469,13130,0.0,0.0
2026-02-09 14:45:00-05:00,7.7399001121521,7.7399001121521,7.729000091552734,7.729000091552734,7913,0.0,0.0
2026-02-09 14:50:00-05:00,7.730000019073486,7.739999771118164,7.71999979019165,7.729899883270264,13597,0.0,0.0
2026-02-09 14:55:00-05:00,7.724999904632568,7.739999771118164,7.71999979019165,7.730000019073486,15982,0.0,0.0
2026-02-09 15:00:00-05:00,7.724999904632568,7.724999904632568,7.701399803161621,7.7129998207092285,27761,0.0,0.0
2026-02-09 15:05:00-05:00,7.7179999351501465,7.724999904632568,7.710000038146973,7.724999904632568,11910,0.0,0.0
2026-02-09 15:10:00-05:00,7.71999979019165,7.729899883270264,7.684999942779541,7.689000129699707,63076,0.0,0.0
2026-02-09 15:15:00-05:00,7.679999828338623,7.690000057220459,7.679999828338623,7.690000057220459,12705,0.0,0.0
2026-02-09 15:20:00-05:00,7.684999942779541,7.70989990234375,7.679999828338623,7.699900150299072,43477,0.0,0.0
2026-02-09 15:25:00-05:00,7.690000057220459,7.71999979019165,7.690000057220459,7.71999979019165,19295,0.0,0.0
2026-02-09 15:30:00-05:00,7.710000038146973,7.715000152587891,7.690000057220459,7.704999923706055,22799,0.0,0.0
2026-02-09 15:35:00-05:00,7.699999809265137,7.707900047302246,7.690000057220459,7.700099945068359,25085,0.0,0.0
2026-02-09 15:40:00-05:00,7.699999809265137,7.7042999267578125,7.690000057220459,7.695000171661377,14631,0.0,0.0
2026-02-09 15:45:00-05:00,7.692999839782715,7.695000171661377,7.679999828338623,7.681000232696533,26345,0.0,0.0
2026-02-09 15:50:00-05:00,7.679999828338623,7.699100017547607,7.679999828338623,7.679999828338623,23035,0.0,0.0
2026-02-09 15:55:00-05:00,7.679999828338623,7.70989990234375,7.679999828338623,7.699999809265137,85073,0.0,0.0
2026-02-10 09:30:00-05:00,7.699999809265137,7.75,7.599999904632568,7.75,43755,0.0,0.0
2026-02-10 09:35:00-05:00,7.756499767303467,7.820000171661377,7.707799911499023,7.723800182342529,59208,0.0,0.0
2026-02-10 09:40:00-05:00,7.730000019073486,7.739999771118164,7.670000076293945,7.71999979019165,46091,0.0,0.0
2026-02-10 09:45:00-05:00,7.707399845123291,7.710000038146973,7.679999828338623,7.710000038146973,14647,0.0,0.0
2026-02-10 09:50:00-05:00,7.730000019073486,7.769999980926514,7.71999979019165,7.739999771118164,24102,0.0,0.0
2026-02-10 09:55:00-05:00,7.739999771118164,7.78000020980835,7.739999771118164,7.764999866485596,29433,0.0,0.0
2026-02-10 10:00:00-05:00,7.760000228881836,7.784999847412109,7.755000114440918,7.760000228881836,24522,0.0,0.0
2026-02-10 10:05:00-05:00,7.775000095367432,7.860000133514404,7.775000095367432,7.84499979019165,27718,0.0,0.0
2026-02-10 10:10:00-05:00,7.84499979019165,7.880000114440918,7.84499979019165,7.879700183868408,35894,0.0,0.0
2026-02-10 10:15:00-05:00,7.875,7.960000038146973,7.869999885559082,7.929999828338623,43073,0.0,0.0
2026-02-10 10:20:00-05:00,7.929999828338623,7.949999809265137,7.914999961853027,7.920000076293945,37364,0.0,0.0
2026-02-10 10:25:00-05:00,7.909999847412109,7.940000057220459,7.900300025939941,7.940000057220459,14858,0.0,0.0
2026-02-10 10:30:00-05:00,7.940000057220459,8.020000457763672,7.934500217437744,7.994999885559082,50467,0.0,0.0
2026-02-10 10:35:00-05:00,7.989999771118164,8.109999656677246,7.980000019073486,8.095000267028809,70398,0.0,0.0
2026-02-10 10:40:00-05:00,8.100000381469727,8.119999885559082,8.065500259399414,8.109999656677246,82317,0.0,0.0
2026-02-10 10:45:00-05:00,8.109999656677246,8.199999809265137,8.093700408935547,8.194999694824219,99651,0.0,0.0
2026-02-10 10:50:00-05:00,8.191399574279785,8.199899673461914,8.100099563598633,8.11400032043457,106665,0.0,0.0
2026-02-10 10:55:00-05:00,8.119999885559082,8.210000038146973,8.104999542236328,8.189800262451172,61392,0.0,0.0
2026-02-10 11:00:00-05:00,8.1899995803833,8.207900047302246,8.150099754333496,8.159899711608887,39721,0.0,0.0
2026-02-10 11:05:00-05:00,8.149999618530273,8.170000076293945,8.135000228881836,8.140000343322754,27199,0.0,0.0
2026-02-10 11:10:00-05:00,8.149999618530273,8.305000305175781,8.149999618530273,8.210000038146973,89916,0.0,0.0
2026-02-10 11:15:00-05:00,8.210000038146973,8.229999542236328,8.182600021362305,8.204999923706055,34439,0.0,0.0
2026-02-10 11:20:00-05:00,8.199999809265137,8.25,8.199999809265137,8.244999885559082,29113,0.0,0.0
2026-02-10 11:25:00-05:00,8.243900299072266,8.268199920654297,8.220000267028809,8.255000114440918,24757,0.0,0.0
2026-02-10 11:30:00-05:00,8.25730037689209,8.25730037689209,8.15999984741211,8.160099983215332,63385,0.0,0.0
2026-02-10 11:35:00-05:00,8.172800064086914,8.180000305175781,8.130000114440918,8.149999618530273,26247,0.0,0.0
2026-02-10 11:40:00-05:00,8.15250015258789,8.168600082397461,8.145000457763672,8.15999984741211,13499,0.0,0.0
2026-02-10 11:45:00-05:00,8.164999961853027,8.1899995803833,8.164999961853027,8.1850004196167,17078,0.0,0.0
2026-02-10 11:50:00-05:00,8.1850004196167,8.210000038146973,8.1850004196167,8.199999809265137,33439,0.0,0.0
2026-02-10 11:55:00-05:00,8.180000305175781,8.199899673461914,8.144100189208984,8.144100189208984,19697,0.0,0.0
2026-02-10 12:00:00-05:00,8.141400337219238,8.149999618530273,8.09000015258789,8.095000267028809,45966,0.0,0.0
2026-02-10 12:05:00-05:00,8.104999542236328,8.126500129699707,8.098699569702148,8.119999885559082,21288,0.0,0.0
2026-02-10 12:10:00-05:00,8.114999771118164,8.119999885559082,8.069999694824219,8.09000015258789,40359,0.0,0.0
2026-02-10 12:15:00-05:00,8.095000267028809,8.119999885559082,8.095000267028809,8.114999771118164,4766,0.0,0.0
2026-02-10 12:20:00-05:00,8.116999626159668,8.116999626159668,8.095000267028809,8.104299545288086,14327,0.0,0.0
2026-02-10 12:25:00-05:00,8.100000381469727,8.102999687194824,8.050000190734863,8.055000305175781,40724,0.0,0.0
2026-02-10 12:30:00-05:00,8.0600004196167,8.093000411987305,8.0600004196167,8.09000015258789,14555,0.0,0.0
2026-02-10 12:35:00-05:00,8.09000015258789,8.100000381469727,8.079999923706055,8.085000038146973,13824,0.0,0.0
2026-02-10 12:40:00-05:00,8.086999893188477,8.099900245666504,8.086999893188477,8.09000015258789,6551,0.0,0.0
2026-02-10 12:45:00-05:00,8.097000122070312,8.169899940490723,8.095000267028809,8.169899940490723,32658,0.0,0.0
2026-02-10 12:50:00-05:00,8.168100357055664,8.168100357055664,8.150099754333496,8.154999732971191,8901,0.0,0.0
2026-02-10 12:55:00-05:00,8.154999732971191,8.154999732971191,8.114999771118164,8.119999885559082,17046,0.0,0.0
2026-02-10 13:00:00-05:00,8.11970043182373,8.11970043182373,8.079999923706055,8.095000267028809,42871,0.0,0.0
2026-02-10 13:05:00-05:00,8.079999923706055,8.08810043334961,8.07450008392334,8.074999809265137,8562,0.0,0.0
2026-02-10 13:10:00-05:00,8.079999923706055,8.080900192260742,7.980000019073486,7.980000019073486,28612,0.0,0.0
2026-02-10 13:15:00-05:00,7.989999771118164,8.0,7.980000019073486,7.98859977722168,21737,0.0,0.0
2026-02-10 13:20:00-05:00,7.985000133514404,7.989999771118164,7.949999809265137,7.980000019073486,10994,0.0,0.0
2026-02-10 13:25:00-05:00,7.960000038146973,7.965000152587891,7.940000057220459,7.949900150299072,13675,0.0,0.0
2026-02-10 13:30:00-05:00,7.945000171661377,7.9456000328063965,7.923900127410889,7.929999828338623,7656,0.0,0.0
2026-02-10 13:35:00-05:00,7.934999942779541,7.945000171661377,7.934999942779541,7.940000057220459,7108,0.0,0.0
2026-02-10 13:40:00-05:00,7.945000171661377,7.949999809265137,7.934999942779541,7.945000171661377,4464,0.0,0.0
2026-02-10 13:45:00-05:00,7.945000171661377,7.945000171661377,7.909999847412109,7.916500091552734,12834,0.0,0.0
2026-02-10 13:50:00-05:00,7.918700218200684,7.918700218200684,7.869999885559082,7.869999885559082,18008,0.0,0.0
2026-02-10 13:55:00-05:00,7.875,7.894800186157227,7.864999771118164,7.889999866485596,11694,0.0,0.0
2026-02-10 14:00:00-05:00,7.885000228881836,7.900000095367432,7.885000228881836,7.8993000984191895,4879,0.0,0.0
2026-02-10 14:05:00-05:00,7.899899959564209,7.925000190734863,7.894999980926514,7.920000076293945,15713,0.0,0.0
2026-02-10 14:10:00-05:00,7.909999847412109,7.919899940490723,7.909999847412109,7.914999961853027,1779,0.0,0.0
2026-02-10 14:15:00-05:00,7.909999847412109,7.909999847412109,7.900000095367432,7.909999847412109,5047,0.0,0.0
2026-02-10 14:20:00-05:00,7.909999847412109,7.927999973297119,7.909999847412109,7.925000190734863,3754,0.0,0.0
2026-02-10 14:25:00-05:00,7.925000190734863,7.925000190734863,7.914999961853027,7.925000190734863,5593,0.0,0.0
2026-02-10 14:30:00-05:00,7.929999828338623,7.940000057220459,7.925000190734863,7.934999942779541,5580,0.0,0.0
2026-02-10 14:35:00-05:00,7.934999942779541,7.949900150299072,7.934999942779541,7.945000171661377,17700,0.0,0.0
2026-02-10 14:40:00-05:00,7.945000171661377,7.960000038146973,7.945000171661377,7.960000038146973,8654,0.0,0.0
2026-02-10 14:45:00-05:00,7.954999923706055,7.960000038146973,7.949999809265137,7.949999809265137,3814,0.0,0.0
2026-02-10 14:50:00-05:00,7.94920015335083,7.949999809265137,7.940000057220459,7.940000057220459,2289,0.0,0.0
2026-02-10 14:55:00-05:00,7.934999942779541,7.939899921417236,7.920000076293945,7.925000190734863,5621,0.0,0.0
2026-02-10 15:00:00-05:00,7.925000190734863,7.940000057220459,7.920000076293945,7.934999942779541,9427,0.0,0.0
2026-02-10 15:05:00-05:00,7.939899921417236,7.940000057220459,7.920000076293945,7.929999828338623,8284,0.0,0.0
2026-02-10 15:10:00-05:00,7.934999942779541,7.940000057220459,7.914999961853027,7.914999961853027,13840,0.0,0.0
2026-02-10 15:15:00-05:00,7.909999847412109,7.911499977111816,7.900000095367432,7.90500020980835,7976,0.0,0.0
2026-02-10 15:20:00-05:00,7.900000095367432,7.901000022888184,7.880099773406982,7.885000228881836,16521,0.0,0.0
2026-02-10 15:25:00-05:00,7.885000228881836,7.885000228881836,7.829999923706055,7.829999923706055,28470,0.0,0.0
2026-02-10 15:30:00-05:00,7.835000038146973,7.84499979019165,7.829999923706055,7.829999923706055,27809,0.0,0.0
2026-02-10 15:35:00-05:00,7.829999923706055,7.835000038146973,7.829999923706055,7.835000038146973,47619,0.0,0.0
2026-02-10 15:40:00-05:00,7.835000038146973,7.849899768829346,7.829999923706055,7.835000038146973,38472,0.0,0.0
2026-02-10 15:45:00-05:00,7.835000038146973,7.849999904632568,7.834000110626221,7.84499979019165,19392,0.0,0.0
2026-02-10 15:50:00-05:00,7.840000152587891,7.84499979019165,7.829999923706055,7.835000038146973,34466,0.0,0.0
2026-02-10 15:55:00-05:00,7.829999923706055,7.840000152587891,7.809999942779541,7.835000038146973,100697,0.0,0.0
2026-02-11 09:30:00-05:00,7.860000133514404,7.880000114440918,7.760000228881836,7.760000228881836,127913,0.0,0.0
2026-02-11 09:35:00-05:00,7.764999866485596,7.764999866485596,7.710000038146973,7.714900016784668,41241,0.0,0.0
2026-02-11 09:40:00-05:00,7.710000038146973,7.730000019073486,7.700099945068359,7.709799766540527,28505,0.0,0.0
2026-02-11 09:45:00-05:00,7.699999809265137,7.710000038146973,7.590000152587891,7.599999904632568,172713,0.0,0.0
2026-02-11 09:50:00-05:00,7.59499979019165,7.610000133514404,7.585000038146973,7.605000019073486,0,0.0,0.0
2026-02-11 09:55:00-05:00,7.609899997711182,7.610000133514404,7.550000190734863,7.569699764251709,58328,0.0,0.0
2026-02-11 10:00:00-05:00,7.565000057220459,7.570000171661377,7.545000076293945,7.569900035858154,32452,0.0,0.0
2026-02-11 10:05:00-05:00,7.559999942779541,7.579899787902832,7.554999828338623,7.561600208282471,38142,0.0,0.0
2026-02-11 10:10:00-05:00,7.559999942779541,7.579999923706055,7.539999961853027,7.574999809265137,34004,0.0,0.0
2026-02-11 10:15:00-05:00,7.570000171661377,7.610000133514404,7.570000171661377,7.605000019073486,42348,0.0,0.0
2026-02-11 10:20:00-05:00,7.599999904632568,7.625,7.590000152587891,7.605000019073486,36947,0.0,0.0
2026-02-11 10:25:00-05:00,7.605000019073486,7.610000133514404,7.570000171661377,7.599999904632568,23526,0.0,0.0
2026-02-11 10:30:00-05:00,7.59499979019165,7.625,7.590099811553955,7.610000133514404,17739,0.0,0.0
2026-02-11 10:35:00-05:00,7.605000019073486,7.638199806213379,7.590000152587891,7.610000133514404,24350,0.0,0.0
2026-02-11 10:40:00-05:00,7.619999885559082,7.644999980926514,7.619999885559082,7.630000114440918,60115,0.0,0.0
2026-02-11 10:45:00-05:00,7.630000114440918,7.630000114440918,7.585000038146973,7.590000152587891,34981,0.0,0.0
2026-02-11 10:50:00-05:00,7.590000152587891,7.605000019073486,7.579999923706055,7.589900016784668,46118,0.0,0.0
2026-02-11 10:55:00-05:00,7.591000080108643,7.599899768829346,7.579999923706055,7.597499847412109,26864,0.0,0.0
2026-02-11 11:00:00-05:00,7.599899768829346,7.599999904632568,7.583000183105469,7.599899768829346,16772,0.0,0.0
2026-02-11 11:05:00-05:00,7.592299938201904,7.599899768829346,7.5802001953125,7.590000152587891,8271,0.0,0.0
2026-02-11 11:10:00-05:00,7.590000152587891,7.59499979019165,7.579999923706055,7.590000152587891,15832,0.0,0.0
2026-02-11 11:15:00-05:00,7.5971999168396,7.599999904632568,7.590000152587891,7.59499979019165,27537,0.0,0.0
2026-02-11 11:20:00-05:00,7.59499979019165,7.599999904632568,7.579999923706055,7.585000038146973,16114,0.0,0.0
2026-02-11 11:25:00-05:00,7.590000152587891,7.590000152587891,7.550000190734863,7.550000190734863,43419,0.0,0.0
2026-02-11 11:30:00-05:00,7.554999828338623,7.579999923706055,7.539999961853027,7.574999809265137,15010,0.0,0.0
2026-02-11 11:35:00-05:00,7.574999809265137,7.590000152587891,7.570000171661377,7.590000152587891,11491,0.0,0.0
2026-02-11 11:40:00-05:00,7.590000152587891,7.614999771118164,7.585000038146973,7.610000133514404,15571,0.0,0.0
2026-02-11 11:45:00-05:00,7.609899997711182,7.609899997711182,7.585000038146973,7.585000038146973,3101,0.0,0.0
2026-02-11 11:50:00-05:00,7.590000152587891,7.635000228881836,7.590000152587891,7.626299858093262,29678,0.0,0.0
2026-02-11 11:55:00-05:00,7.619999885559082,7.625,7.570000171661377,7.570000171661377,44377,0.0,0.0
2026-02-11 12:00:00-05:00,7.574999809265137,7.578199863433838,7.570000171661377,7.570000171661377,8859,0.0,0.0
2026-02-11 12:05:00-05:00,7.565000057220459,7.565999984741211,7.550000190734863,7.554999828338623,16038,0.0,0.0
2026-02-11 12:10:00-05:00,7.554999828338623,7.554999828338623,7.539999961853027,7.545000076293945,16861,0.0,0.0
2026-02-11 12:15:00-05:00,7.546500205993652,7.569900035858154,7.546500205993652,7.559999942779541,2926,0.0,0.0
2026-02-11 12:20:00-05:00,7.559999942779541,7.569900035858154,7.550000190734863,7.565000057220459,47875,0.0,0.0
2026-02-11 12:25:00-05:00,7.569699764251709,7.590000152587891,7.569699764251709,7.574999809265137,11790,0.0,0.0
2026-02-11 12:30:00-05:00,7.570000171661377,7.570000171661377,7.554200172424316,7.554999828338623,14576,0.0,0.0
2026-02-11 12:35:00-05:00,7.554999828338623,7.559999942779541,7.550000190734863,7.559999942779541,33086,0.0,0.0
2026-02-11 12:40:00-05:00,7.554999828338623,7.558499813079834,7.550000190734863,7.558499813079834,9504,0.0,0.0
2026-02-11 12:45:00-05:00,7.550099849700928,7.554999828338623,7.550000190734863,7.554999828338623,7882,0.0,0.0
2026-02-11 12:50:00-05:00,7.550000190734863,7.550000190734863,7.525000095367432,7.5269999504089355,19143,0.0,0.0
2026-02-11 12:55:00-05:00,7.525000095367432,7.525000095367432,7.489999771118164,7.494999885559082,44144,0.0,0.0
2026-02-11 13:00:00-05:00,7.490099906921387,7.499899864196777,7.471499919891357,7.494999885559082,12911,0.0,0.0
2026-02-11 13:05:00-05:00,7.489999771118164,7.489999771118164,7.480100154876709,7.485000133514404,4994,0.0,0.0
2026-02-11 13:10:00-05:00,7.480000019073486,7.485000133514404,7.449999809265137,7.46999979019165,29952,0.0,0.0
2026-02-11 13:15:00-05:00,7.465000152587891,7.489999771118164,7.465000152587891,7.489999771118164,5355,0.0,0.0
2026-02-11 13:20:00-05:00,7.4893999099731445,7.4899001121521,7.480000019073486,7.485000133514404,3182,0.0,0.0
2026-02-11 13:25:00-05:00,7.480100154876709,7.497300148010254,7.480100154876709,7.494999885559082,2411,0.0,0.0
2026-02-11 13:30:00-05:00,7.494999885559082,7.494999885559082,7.480000019073486,7.4899001121521,7092,0.0,0.0
2026-02-11 13:35:00-05:00,7.480000019073486,7.505000114440918,7.474999904632568,7.5,12103,0.0,0.0
2026-02-11 13:40:00-05:00,7.505000114440918,7.510000228881836,7.494999885559082,7.505000114440918,19924,0.0,0.0
2026-02-11 13:45:00-05:00,7.510000228881836,7.519999980926514,7.503399848937988,7.51140022277832,5673,0.0,0.0
2026-02-11 13:50:00-05:00,7.510000228881836,7.510000228881836,7.472499847412109,7.480000019073486,37851,0.0,0.0
2026-02-11 13:55:00-05:00,7.480000019073486,7.488500118255615,7.480000019073486,7.485000133514404,2183,0.0,0.0
2026-02-11 14:00:00-05:00,7.480000019073486,7.485000133514404,7.474999904632568,7.485000133514404,2503,0.0,0.0
2026-02-11 14:05:00-05:00,7.485000133514404,7.514999866485596,7.485000133514404,7.5,14829,0.0,0.0
2026-02-11 14:10:00-05:00,7.505000114440918,7.526000022888184,7.501200199127197,7.520100116729736,4533,0.0,0.0
2026-02-11 14:15:00-05:00,7.525000095367432,7.579999923706055,7.525000095367432,7.579899787902832,18385,0.0,0.0
2026-02-11 14:20:00-05:00,7.574999809265137,7.574999809265137,7.545000076293945,7.554999828338623,13599,0.0,0.0
2026-02-11 14:25:00-05:00,7.550099849700928,7.550099849700928,7.550000190734863,7.550000190734863,7007,0.0,0.0
2026-02-11 14:30:00-05:00,7.550000190734863,7.550000190734863,7.519999980926514,7.543499946594238,11795,0.0,0.0
2026-02-11 14:35:00-05:00,7.545000076293945,7.549699783325195,7.534999847412109,7.534999847412109,4393,0.0,0.0
2026-02-11 14:40:00-05:00,7.534999847412109,7.559999942779541,7.534999847412109,7.554999828338623,12391,0.0,0.0
2026-02-11 14:45:00-05:00,7.554999828338623,7.554999828338623,7.527200222015381,7.545000076293945,6452,0.0,0.0
2026-02-11 14:50:00-05:00,7.545000076293945,7.570000171661377,7.545000076293945,7.554999828338623,14187,0.0,0.0
2026-02-11 14:55:00-05:00,7.554999828338623,7.559999942779541,7.550000190734863,7.559999942779541,3728,0.0,0.0
2026-02-11 15:00:00-05:00,7.550000190734863,7.574999809265137,7.534999847412109,7.574999809265137,17981,0.0,0.0
2026-02-11 15:05:00-05:00,7.579999923706055,7.579999923706055,7.559999942779541,7.559999942779541,11168,0.0,0.0
2026-02-11 15:10:00-05:00,7.570000171661377,7.579999923706055,7.561100006103516,7.570000171661377,12174,0.0,0.0
2026-02-11 15:15:00-05:00,7.574999809265137,7.574999809265137,7.559999942779541,7.565000057220459,11067,0.0,0.0
2026-02-11 15:20:00-05:00,7.565000057220459,7.565000057220459,7.565000057220459,7.565000057220459,6351,0.0,0.0
2026-02-11 15:25:00-05:00,7.5630998611450195,7.56879997253418,7.539999961853027,7.545000076293945,8515,0.0,0.0
2026-02-11 15:30:00-05:00,7.545000076293945,7.545000076293945,7.53000020980835,7.534999847412109,16365,0.0,0.0
2026-02-11 15:35:00-05:00,7.5370001792907715,7.550000190734863,7.53000020980835,7.54010009765625,13248,0.0,0.0
2026-02-11 15:40:00-05:00,7.554999828338623,7.565000057220459,7.545000076293945,7.545000076293945,12356,0.0,0.0
2026-02-11 15:45:00-05:00,7.54010009765625,7.550000190734863,7.539999961853027,7.550000190734863,15073,0.0,0.0
2026-02-11 15:50:00-05:00,7.550000190734863,7.59499979019165,7.550000190734863,7.59499979019165,29611,0.0,0.0
2026-02-11 15:55:00-05:00,7.59499979019165,7.635000228881836,7.5920000076293945,7.630000114440918,116356,0.0,0.0
2026-02-12 09:30:00-05:00,7.650000095367432,7.835000038146973,7.635000228881836,7.769999980926514,77950,0.0,0.0
2026-02-12 09:35:00-05:00,7.779900074005127,7.779900074005127,7.647799968719482,7.698999881744385,37823,0.0,0.0
2026-02-12 09:40:00-05:00,7.704999923706055,7.710100173950195,7.605000019073486,7.605000019073486,35431,0.0,0.0
2026-02-12 09:45:00-05:00,7.614999771118164,7.614999771118164,7.539999961853027,7.54640007019043,35890,0.0,0.0
2026-02-12 09:50:00-05:00,7.550000190734863,7.579999923706055,7.550000190734863,7.57289981842041,20542,0.0,0.0
2026-02-12 09:55:00-05:00,7.59499979019165,7.59499979019165,7.539999961853027,7.550000190734863,8153,0.0,0.0
2026-02-12 10:00:00-05:00,7.550000190734863,7.579999923706055,7.545000076293945,7.578700065612793,11543,0.0,0.0
2026-02-12 10:05:00-05:00,7.574999809265137,7.619999885559082,7.565000057220459,7.607399940490723,16582,0.0,0.0
2026-02-12 10:10:00-05:00,7.608799934387207,7.619999885559082,7.59499979019165,7.6153998374938965,27988,0.0,0.0
2026-02-12 10:15:00-05:00,7.619999885559082,7.630099773406982,7.614999771118164,7.625,16993,0.0,0.0
2026-02-12 10:20:00-05:00,7.630000114440918,7.679999828338623,7.619999885559082,7.664999961853027,8993,0.0,0.0
2026-02-12 10:25:00-05:00,7.664999961853027,7.739999771118164,7.664999961853027,7.694499969482422,29308,0.0,0.0
2026-02-12 10:30:00-05:00,7.695000171661377,7.699999809265137,7.65500020980835,7.676499843597412,30344,0.0,0.0
2026-02-12 10:35:00-05:00,7.673399925231934,7.675000190734863,7.630000114440918,7.637899875640869,25103,0.0,0.0
2026-02-12 10:40:00-05:00,7.639999866485596,7.730000019073486,7.630000114440918,7.730000019073486,35860,0.0,0.0
2026-02-12 10:45:00-05:00,7.737500190734863,7.737500190734863,7.710000038146973,7.730000019073486,21620,0.0,0.0
2026-02-12 10:50:00-05:00,7.730000019073486,7.735000133514404,7.671000003814697,7.671000003814697,24788,0.0,0.0
2026-02-12 10:55:00-05:00,7.659999847412109,7.704999923706055,7.659999847412109,7.684999942779541,46018,0.0,0.0
2026-02-12 11:00:00-05:00,7.684999942779541,7.699999809265137,7.675000190734863,7.675000190734863,22148,0.0,0.0
2026-02-12 11:05:00-05:00,7.671199798583984,7.684999942779541,7.659999847412109,7.664999961853027,15311,0.0,0.0
2026-02-12 11:10:00-05:00,7.664999961853027,7.666399955749512,7.610099792480469,7.610099792480469,53299,0.0,0.0
2026-02-12 11:15:00-05:00,7.610000133514404,7.619999885559082,7.580100059509277,7.590000152587891,29939,0.0,0.0
2026-02-12 11:20:00-05:00,7.590000152587891,7.590099811553955,7.559999942779541,7.590000152587891,20866,0.0,0.0
2026-02-12 11:25:00-05:00,7.579999923706055,7.580100059509277,7.550000190734863,7.559899806976318,22045,0.0,0.0
2026-02-12 11:30:00-05:00,7.550000190734863,7.5578999519348145,7.5370001792907715,7.5370001792907715,18836,0.0,0.0
2026-02-12 11:35:00-05:00,7.53000020980835,7.557199954986572,7.53000020980835,7.551400184631348,17410,0.0,0.0
2026-02-12 11:40:00-05:00,7.550000190734863,7.559999942779541,7.53000020980835,7.551400184631348,26757,0.0,0.0
2026-02-12 11:45:00-05:00,7.548999786376953,7.559999942779541,7.510000228881836,7.54010009765625,16754,0.0,0.0
2026-02-12 11:50:00-05:00,7.539999961853027,7.539999961853027,7.525000095367432,7.53000020980835,22312,0.0,0.0
2026-02-12 11:55:00-05:00,7.53000020980835,7.554999828338623,7.53000020980835,7.550000190734863,9753,0.0,0.0
2026-02-12 12:00:00-05:00,7.539999961853027,7.545000076293945,7.520299911499023,7.539999961853027,4384,0.0,0.0
2026-02-12 12:05:00-05:00,7.53000020980835,7.550000190734863,7.521399974822998,7.541100025177002,3990,0.0,0.0
2026-02-12 12:10:00-05:00,7.559999942779541,7.559999942779541,7.53000020980835,7.53000020980835,6591,0.0,0.0
2026-02-12 12:15:00-05:00,7.519999980926514,7.519999980926514,7.490099906921387,7.490099906921387,11197,0.0,0.0
2026-02-12 12:20:00-05:00,7.5,7.54010009765625,7.5,7.534999847412109,13619,0.0,0.0
2026-02-12 12:25:00-05:00,7.539999961853027,7.54010009765625,7.509900093078613,7.519999980926514,10649,0.0,0.0
2026-02-12 12:30:00-05:00,7.510000228881836,7.519999980926514,7.505000114440918,7.514999866485596,5243,0.0,0.0
2026-02-12 12:35:00-05:00,7.519999980926514,7.550000190734863,7.519999980926514,7.534999847412109,17450,0.0,0.0
2026-02-12 12:40:00-05:00,7.539999961853027,7.539999961853027,7.53000020980835,7.53980016708374,4752,0.0,0.0
2026-02-12 12:45:00-05:00,7.539999961853027,7.539999961853027,7.486499786376953,7.486499786376953,7464,0.0,0.0
2026-02-12 12:50:00-05:00,7.486499786376953,7.505000114440918,7.486499786376953,7.5,8701,0.0,0.0
2026-02-12 12:55:00-05:00,7.500100135803223,7.500100135803223,7.440000057220459,7.440000057220459,15440,0.0,0.0
2026-02-12 13:00:00-05:00,7.440000057220459,7.465000152587891,7.409999847412109,7.450099945068359,21444,0.0,0.0
2026-02-12 13:05:00-05:00,7.469900131225586,7.494999885559082,7.460000038146973,7.489999771118164,12486,0.0,0.0
2026-02-12 13:10:00-05:00,7.485000133514404,7.494999885559082,7.480100154876709,7.491399765014648,4205,0.0,0.0
2026-02-12 13:15:00-05:00,7.489999771118164,7.489999771118164,7.465000152587891,7.465000152587891,6005,0.0,0.0
2026-02-12 13:20:00-05:00,7.465000152587891,7.494999885559082,7.465000152587891,7.494999885559082,6828,0.0,0.0
2026-02-12 13:25:00-05:00,7.489999771118164,7.525000095367432,7.420000076293945,7.460000038146973,31400,0.0,0.0
2026-02-12 13:30:00-05:00,7.454999923706055,7.480000019073486,7.449999809265137,7.465000152587891,5600,0.0,0.0
2026-02-12 13:35:00-05:00,7.460299968719482,7.494999885559082,7.460299968719482,7.489999771118164,2856,0.0,0.0
2026-02-12 13:40:00-05:00,7.484000205993652,7.489999771118164,7.46999979019165,7.480100154876709,4443,0.0,0.0
2026-02-12 13:45:00-05:00,7.480000019073486,7.5,7.480000019073486,7.485000133514404,12000,0.0,0.0
2026-02-12 13:50:00-05:00,7.485000133514404,7.495100021362305,7.47130012512207,7.495100021362305,2019,0.0,0.0
2026-02-12 13:55:00-05:00,7.493000030517578,7.493000030517578,7.434999942779541,7.449999809265137,14271,0.0,0.0
2026-02-12 14:00:00-05:00,7.449999809265137,7.460000038146973,7.440000057220459,7.440000057220459,8170,0.0,0.0
2026-02-12 14:05:00-05:00,7.447000026702881,7.465000152587891,7.447000026702881,7.454999923706055,8063,0.0,0.0
2026-02-12 14:10:00-05:00,7.449999809265137,7.465000152587891,7.440000057220459,7.460000038146973,5279,0.0,0.0
2026-02-12 14:15:00-05:00,7.460000038146973,7.480000019073486,7.460000038146973,7.480000019073486,10034,0.0,0.0
2026-02-12 14:20:00-05:00,7.474999904632568,7.474999904632568,7.4721999168396,7.474999904632568,1006,0.0,0.0
2026-02-12 14:25:00-05:00,7.46999979019165,7.46999979019165,7.434999942779541,7.449999809265137,7029,0.0,0.0
2026-02-12 14:30:00-05:00,7.449999809265137,7.474999904632568,7.440000057220459,7.46999979019165,6966,0.0,0.0
2026-02-12 14:35:00-05:00,7.480000019073486,7.493500232696533,7.476900100708008,7.485000133514404,3313,0.0,0.0
2026-02-12 14:40:00-05:00,7.485000133514404,7.5,7.480000019073486,7.480400085449219,11605,0.0,0.0
2026-02-12 14:45:00-05:00,7.494999885559082,7.5,7.485000133514404,7.496500015258789,5003,0.0,0.0
2026-02-12 14:50:00-05:00,7.495500087738037,7.505000114440918,7.489999771118164,7.5,3672,0.0,0.0
2026-02-12 14:55:00-05:00,7.500100135803223,7.514999866485596,7.460000038146973,7.460000038146973,16769,0.0,0.0
2026-02-12 15:00:00-05:00,7.465000152587891,7.489999771118164,7.465000152587891,7.489999771118164,13429,0.0,0.0
2026-02-12 15:05:00-05:00,7.493500232696533,7.498499870300293,7.485000133514404,7.485000133514404,2623,0.0,0.0
2026-02-12 15:10:00-05:00,7.480000019073486,7.485000133514404,7.46999979019165,7.46999979019165,3619,0.0,0.0
2026-02-12 15:15:00-05:00,7.4710001945495605,7.4710001945495605,7.460000038146973,7.46999979019165,5259,0.0,0.0
2026-02-12 15:20:00-05:00,7.463900089263916,7.463900089263916,7.450099945068359,7.460000038146973,1658,0.0,0.0
2026-02-12 15:25:00-05:00,7.454999923706055,7.460000038146973,7.449999809265137,7.454999923706055,3839,0.0,0.0
2026-02-12 15:30:00-05:00,7.451600074768066,7.465000152587891,7.445000171661377,7.465000152587891,6741,0.0,0.0
2026-02-12 15:35:00-05:00,7.454999923706055,7.46999979019165,7.454999923706055,7.46999979019165,5181,0.0,0.0
2026-02-12 15:40:00-05:00,7.484499931335449,7.494999885559082,7.484499931335449,7.485000133514404,5943,0.0,0.0
2026-02-12 15:45:00-05:00,7.480000019073486,7.480000019073486,7.429999828338623,7.434999942779541,19325,0.0,0.0
2026-02-12 15:50:00-05:00,7.425000190734863,7.449999809265137,7.420000076293945,7.449900150299072,21872,0.0,0.0
2026-02-12 15:55:00-05:00,7.449999809265137,7.485000133514404,7.449999809265137,7.485000133514404,47740,0.0,0.0
2026-02-13 09:30:00-05:00,7.519999980926514,7.670000076293945,7.510000228881836,7.534999847412109,107195,0.0,0.0
2026-02-13 09:35:00-05:00,7.519999980926514,7.557600021362305,7.494999885559082,7.510000228881836,45078,0.0,0.0
2026-02-13 09:40:00-05:00,7.5,7.53000020980835,7.485000133514404,7.53000020980835,44244,0.0,0.0
2026-02-13 09:45:00-05:00,7.539999961853027,7.590000152587891,7.535999774932861,7.538000106811523,37775,0.0,0.0
2026-02-13 09:50:00-05:00,7.530099868774414,7.539999961853027,7.509900093078613,7.510000228881836,19168,0.0,0.0
2026-02-13 09:55:00-05:00,7.502799987792969,7.554500102996826,7.502799987792969,7.524400234222412,12145,0.0,0.0
2026-02-13 10:00:00-05:00,7.53000020980835,7.559999942779541,7.519999980926514,7.552999973297119,50245,0.0,0.0
2026-02-13 10:05:00-05:00,7.550000190734863,7.559899806976318,7.510000228881836,7.545000076293945,48688,0.0,0.0
2026-02-13 10:10:00-05:00,7.545000076293945,7.554999828338623,7.510000228881836,7.514999866485596,13632,0.0,0.0
2026-02-13 10:15:00-05:00,7.519999980926514,7.550000190734863,7.514999866485596,7.514999866485596,10276,0.0,0.0
2026-02-13 10:20:00-05:00,7.53000020980835,7.553500175476074,7.505000114440918,7.545000076293945,31868,0.0,0.0
2026-02-13 10:25:00-05:00,7.550000190734863,7.590000152587891,7.543499946594238,7.579999923706055,34564,0.0,0.0
2026-02-13 10:30:00-05:00,7.585000038146973,7.599999904632568,7.572999954223633,7.59499979019165,16243,0.0,0.0
2026-02-13 10:35:00-05:00,7.599999904632568,7.617599964141846,7.550000190734863,7.565000057220459,16139,0.0,0.0
2026-02-13 10:40:00-05:00,7.565000057220459,7.590099811553955,7.565000057220459,7.570000171661377,38114,0.0,0.0
2026-02-13 10:45:00-05:00,7.565000057220459,7.570000171661377,7.525000095367432,7.53000020980835,26714,0.0,0.0
2026-02-13 10:50:00-05:00,7.534999847412109,7.75,7.531499862670898,7.649899959564209,186420,0.0,0.0
2026-02-13 10:55:00-05:00,7.646999835968018,7.650000095367432,7.610000133514404,7.630000114440918,18445,0.0,0.0
2026-02-13 11:00:00-05:00,7.639999866485596,7.650000095367432,7.619900226593018,7.630000114440918,21423,0.0,0.0
2026-02-13 11:05:00-05:00,7.630000114440918,7.675000190734863,7.629899978637695,7.664999961853027,31522,0.0,0.0
2026-02-13 11:10:00-05:00,7.659999847412109,7.670000076293945,7.619999885559082,7.659999847412109,24743,0.0,0.0
2026-02-13 11:15:00-05:00,7.659999847412109,7.695000171661377,7.659999847412109,7.664999961853027,21233,0.0,0.0
2026-02-13 11:20:00-05:00,7.670000076293945,7.679100036621094,7.650000095367432,7.670000076293945,10760,0.0,0.0
2026-02-13 11:25:00-05:00,7.675000190734863,7.690000057220459,7.670000076293945,7.690000057220459,6065,0.0,0.0
2026-02-13 11:30:00-05:00,7.699999809265137,7.699999809265137,7.659999847412109,7.684999942779541,14705,0.0,0.0
2026-02-13 11:35:00-05:00,7.684999942779541,7.699900150299072,7.670000076293945,7.684999942779541,10664,0.0,0.0
2026-02-13 11:40:00-05:00,7.679999828338623,7.689799785614014,7.670000076293945,7.670100212097168,12400,0.0,0.0
2026-02-13 11:45:00-05:00,7.675000190734863,7.676000118255615,7.640100002288818,7.650000095367432,18764,0.0,0.0
2026-02-13 11:50:00-05:00,7.650000095367432,7.675000190734863,7.650000095367432,7.675000190734863,5810,0.0,0.0
2026-02-13 11:55:00-05:00,7.6722002029418945,7.679999828338623,7.639999866485596,7.675000190734863,34095,0.0,0.0
2026-02-13 12:00:00-05:00,7.670000076293945,7.684999942779541,7.670000076293945,7.684999942779541,7550,0.0,0.0
2026-02-13 12:05:00-05:00,7.679999828338623,7.680099964141846,7.659999847412109,7.659999847412109,3417,0.0,0.0
2026-02-13 12:10:00-05:00,7.659999847412109,7.664999961853027,7.659999847412109,7.659999847412109,5663,0.0,0.0
2026-02-13 12:15:00-05:00,7.659999847412109,7.670000076293945,7.650000095367432,7.657599925994873,6166,0.0,0.0
2026-02-13 12:20:00-05:00,7.659999847412109,7.680099964141846,7.659999847412109,7.679999828338623,4373,0.0,0.0
2026-02-13 12:25:00-05:00,7.670000076293945,7.678299903869629,7.659999847412109,7.670000076293945,3625,0.0,0.0
2026-02-13 12:30:00-05:00,7.670000076293945,7.675000190734863,7.670000076293945,7.675000190734863,1238,0.0,0.0
2026-02-13 12:35:00-05:00,7.679999828338623,7.690000057220459,7.670100212097168,7.690000057220459,8573,0.0,0.0
2026-02-13 12:40:00-05:00,7.690000057220459,7.695799827575684,7.684999942779541,7.686999797821045,7501,0.0,0.0
2026-02-13 12:45:00-05:00,7.688600063323975,7.710000038146973,7.676799774169922,7.700099945068359,16691,0.0,0.0
2026-02-13 12:50:00-05:00,7.704400062561035,7.715000152587891,7.6992998123168945,7.710000038146973,11488,0.0,0.0
2026-02-13 12:55:00-05:00,7.699999809265137,7.704999923706055,7.684999942779541,7.690000057220459,5386,0.0,0.0
2026-02-13 13:00:00-05:00,7.695000171661377,7.699999809265137,7.659999847412109,7.678599834442139,7454,0.0,0.0
2026-02-13 13:05:00-05:00,7.670100212097168,7.695000171661377,7.659999847412109,7.690000057220459,11360,0.0,0.0
2026-02-13 13:10:00-05:00,7.695000171661377,7.699999809265137,7.690000057220459,7.691999912261963,8022,0.0,0.0
2026-02-13 13:15:00-05:00,7.695000171661377,7.710000038146973,7.659999847412109,7.675000190734863,28727,0.0,0.0
2026-02-13 13:20:00-05:00,7.675000190734863,7.690000057220459,7.675000190734863,7.690000057220459,3044,0.0,0.0
2026-02-13 13:25:00-05:00,7.679999828338623,7.679999828338623,7.590000152587891,7.610000133514404,46341,0.0,0.0
2026-02-13 13:30:00-05:00,7.610000133514404,7.659999847412109,7.610000133514404,7.65500020980835,14131,0.0,0.0
2026-02-13 13:35:00-05:00,7.659999847412109,7.675000190734863,7.639999866485596,7.672599792480469,5867,0.0,0.0
2026-02-13 13:40:00-05:00,7.670000076293945,7.690000057220459,7.670000076293945,7.681000232696533,7135,0.0,0.0
2026-02-13 13:45:00-05:00,7.690000057220459,7.704999923706055,7.684999942779541,7.695000171661377,10215,0.0,0.0
2026-02-13 13:50:00-05:00,7.690000057220459,7.699999809265137,7.675000190734863,7.695000171661377,18705,0.0,0.0
2026-02-13 13:55:00-05:00,7.699999809265137,7.699999809265137,7.664999961853027,7.664999961853027,10638,0.0,0.0
2026-02-13 14:00:00-05:00,7.669899940490723,7.684999942779541,7.659999847412109,7.680099964141846,33275,0.0,0.0
2026-02-13 14:05:00-05:00,7.675000190734863,7.699900150299072,7.675000190734863,7.695000171661377,5708,0.0,0.0
2026-02-13 14:10:00-05:00,7.699999809265137,7.7093000411987305,7.65500020980835,7.670000076293945,16244,0.0,0.0
2026-02-13 14:15:00-05:00,7.679999828338623,7.679999828338623,7.650000095367432,7.650000095367432,26256,0.0,0.0
2026-02-13 14:20:00-05:00,7.650000095367432,7.650199890136719,7.619999885559082,7.630000114440918,19098,0.0,0.0
2026-02-13 14:25:00-05:00,7.630099773406982,7.630099773406982,7.570000171661377,7.570000171661377,20347,0.0,0.0
2026-02-13 14:30:00-05:00,7.559999942779541,7.599899768829346,7.559999942779541,7.59499979019165,21281,0.0,0.0
2026-02-13 14:35:00-05:00,7.5980000495910645,7.599999904632568,7.580100059509277,7.580100059509277,9091,0.0,0.0
2026-02-13 14:40:00-05:00,7.590000152587891,7.598599910736084,7.579999923706055,7.587699890136719,5729,0.0,0.0
2026-02-13 14:45:00-05:00,7.587800025939941,7.59499979019165,7.587800025939941,7.590000152587891,2578,0.0,0.0
2026-02-13 14:50:00-05:00,7.579999923706055,7.585000038146973,7.559999942779541,7.569399833679199,3452,0.0,0.0
2026-02-13 14:55:00-05:00,7.559999942779541,7.559999942779541,7.519999980926514,7.539999961853027,30762,0.0,0.0
2026-02-13 15:00:00-05:00,7.539999961853027,7.554999828338623,7.539999961853027,7.554999828338623,8750,0.0,0.0
2026-02-13 15:05:00-05:00,7.554999828338623,7.559999942779541,7.550000190734863,7.550000190734863,7598,0.0,0.0
2026-02-13 15:10:00-05:00,7.554999828338623,7.554999828338623,7.519999980926514,7.519999980926514,18586,0.0,0.0
2026-02-13 15:15:00-05:00,7.510000228881836,7.53000020980835,7.501500129699707,7.529900074005127,14315,0.0,0.0
2026-02-13 15:20:00-05:00,7.525000095367432,7.527200222015381,7.5,7.5,19047,0.0,0.0
2026-02-13 15:25:00-05:00,7.5,7.5,7.440000057220459,7.440000057220459,41319,0.0,0.0
2026-02-13 15:30:00-05:00,7.440100193023682,7.465000152587891,7.440000057220459,7.465000152587891,39100,0.0,0.0
2026-02-13 15:35:00-05:00,7.465000152587891,7.474999904632568,7.454999923706055,7.470099925994873,12526,0.0,0.0
2026-02-13 15:40:00-05:00,7.471399784088135,7.480000019073486,7.460000038146973,7.465000152587891,20594,0.0,0.0
2026-02-13 15:45:00-05:00,7.465000152587891,7.485000133514404,7.449999809265137,7.485000133514404,23538,0.0,0.0
2026-02-13 15:50:00-05:00,7.480000019073486,7.5,7.474999904632568,7.489999771118164,26905,0.0,0.0
2026-02-13 15:55:00-05:00,7.5,7.510000228881836,7.485000133514404,7.509799957275391,104801,0.0,0.0
2026-02-17 09:30:00-05:00,7.460000038146973,7.599899768829346,7.460000038146973,7.559999942779541,87310,0.0,0.0
2026-02-17 09:35:00-05:00,7.550000190734863,7.579999923706055,7.519999980926514,7.519999980926514,49304,0.0,0.0
2026-02-17 09:40:00-05:00,7.519999980926514,7.519999980926514,7.465000152587891,7.465000152587891,42627,0.0,0.0
2026-02-17 09:45:00-05:00,7.460100173950195,7.469799995422363,7.414999961853027,7.446499824523926,51391,0.0,0.0
2026-02-17 09:50:00-05:00,7.449999809265137,7.449999809265137,7.349999904632568,7.350100040435791,54160,0.0,0.0
2026-02-17 09:55:00-05:00,7.349999904632568,7.389599800109863,7.320000171661377,7.329999923706055,32996,0.0,0.0
2026-02-17 10:00:00-05:00,7.329999923706055,7.360000133514404,7.329999923706055,7.335000038146973,46371,0.0,0.0
2026-02-17 10:05:00-05:00,7.329999923706055,7.340000152587891,7.309999942779541,7.319499969482422,29967,0.0,0.0
2026-02-17 10:10:00-05:00,7.324999809265137,7.329999923706055,7.280099868774414,7.284999847412109,34987,0.0,0.0
2026-02-17 10:15:00-05:00,7.284999847412109,7.340000152587891,7.281400203704834,7.335000038146973,12178,0.0,0.0
2026-02-17 10:20:00-05:00,7.33050012588501,7.339700222015381,7.28000020980835,7.28000020980835,30560,0.0,0.0
2026-02-17 10:25:00-05:00,7.284999847412109,7.299900054931641,7.260000228881836,7.28000020980835,24735,0.0,0.0
2026-02-17 10:30:00-05:00,7.280099868774414,7.289999961853027,7.270100116729736,7.281099796295166,24674,0.0,0.0
2026-02-17 10:35:00-05:00,7.289999961853027,7.315199851989746,7.289999961853027,7.300000190734863,9686,0.0,0.0
2026-02-17 10:40:00-05:00,7.300000190734863,7.320000171661377,7.300000190734863,7.320000171661377,6468,0.0,0.0
2026-02-17 10:45:00-05:00,7.329999923706055,7.34499979019165,7.320000171661377,7.340000152587891,14962,0.0,0.0
2026-02-17 10:50:00-05:00,7.335000038146973,7.34499979019165,7.335000038146973,7.340099811553955,6500,0.0,0.0
2026-02-17 10:55:00-05:00,7.340000152587891,7.364999771118164,7.340000152587891,7.364999771118164,6521,0.0,0.0
2026-02-17 11:00:00-05:00,7.369999885559082,7.389900207519531,7.349999904632568,7.366000175476074,12673,0.0,0.0
2026-02-17 11:05:00-05:00,7.360099792480469,7.400000095367432,7.360099792480469,7.400000095367432,9178,0.0,0.0
2026-02-17 11:10:00-05:00,7.394999980926514,7.428500175476074,7.389999866485596,7.420000076293945,14807,0.0,0.0
2026-02-17 11:15:00-05:00,7.419899940490723,7.454999923706055,7.401000022888184,7.449999809265137,10217,0.0,0.0
2026-02-17 11:20:00-05:00,7.435999870300293,7.445000171661377,7.429999828338623,7.445000171661377,8896,0.0,0.0
2026-02-17 11:25:00-05:00,7.445000171661377,7.454999923706055,7.420000076293945,7.429999828338623,41005,0.0,0.0
2026-02-17 11:30:00-05:00,7.414999961853027,7.414999961853027,7.383900165557861,7.400000095367432,13297,0.0,0.0
2026-02-17 11:35:00-05:00,7.400000095367432,7.420300006866455,7.394999980926514,7.40500020980835,23719,0.0,0.0
2026-02-17 11:40:00-05:00,7.400000095367432,7.414999961853027,7.394999980926514,7.400000095367432,2852,0.0,0.0
2026-02-17 11:45:00-05:00,7.40500020980835,7.409900188446045,7.385000228881836,7.385000228881836,5571,0.0,0.0
2026-02-17 11:50:00-05:00,7.375,7.393499851226807,7.375,7.389999866485596,9850,0.0,0.0
2026-02-17 11:55:00-05:00,7.394999980926514,7.409999847412109,7.369999885559082,7.389999866485596,46816,0.0,0.0
2026-02-17 12:00:00-05:00,7.389999866485596,7.389999866485596,7.360000133514404,7.360000133514404,7612,0.0,0.0
2026-02-17 12:05:00-05:00,7.364999771118164,7.375,7.335000038146973,7.335000038146973,12846,0.0,0.0
2026-02-17 12:10:00-05:00,7.340000152587891,7.340000152587891,7.315000057220459,7.324999809265137,11240,0.0,0.0
2026-02-17 12:15:00-05:00,7.329999923706055,7.364999771118164,7.324999809265137,7.329999923706055,18465,0.0,0.0
2026-02-17 12:20:00-05:00,7.320099830627441,7.324999809265137,7.289999961853027,7.310100078582764,57086,0.0,0.0
2026-02-17 12:25:00-05:00,7.304999828338623,7.315000057220459,7.300000190734863,7.300000190734863,11840,0.0,0.0
2026-02-17 12:30:00-05:00,7.309999942779541,7.310999870300293,7.284999847412109,7.300000190734863,25611,0.0,0.0
2026-02-17 12:35:00-05:00,7.289999961853027,7.300000190734863,7.28000020980835,7.295000076293945,17823,0.0,0.0
2026-02-17 12:40:00-05:00,7.289999961853027,7.289999961853027,7.269999980926514,7.269999980926514,7384,0.0,0.0
2026-02-17 12:45:00-05:00,7.264999866485596,7.28000020980835,7.255000114440918,7.275000095367432,7907,0.0,0.0
2026-02-17 12:50:00-05:00,7.275000095367432,7.289899826049805,7.269999980926514,7.28000020980835,6128,0.0,0.0
2026-02-17 12:55:00-05:00,7.289999961853027,7.329999923706055,7.289999961853027,7.327899932861328,16784,0.0,0.0
2026-02-17 13:00:00-05:00,7.320000171661377,7.324999809265137,7.304999828338623,7.320000171661377,7345,0.0,0.0
2026-02-17 13:05:00-05:00,7.315000057220459,7.324999809265137,7.315000057220459,7.320000171661377,8811,0.0,0.0
2026-02-17 13:10:00-05:00,7.309999942779541,7.320000171661377,7.300000190734863,7.309999942779541,8537,0.0,0.0
2026-02-17 13:15:00-05:00,7.304999828338623,7.304999828338623,7.289999961853027,7.294000148773193,9397,0.0,0.0
2026-02-17 13:20:00-05:00,7.300000190734863,7.339900016784668,7.300000190734863,7.319300174713135,13384,0.0,0.0
2026-02-17 13:25:00-05:00,7.315000057220459,7.330100059509277,7.315000057220459,7.330100059509277,8505,0.0,0.0
2026-02-17 13:30:00-05:00,7.329999923706055,7.335000038146973,7.329999923706055,7.33459997177124,2627,0.0,0.0
2026-02-17 13:35:00-05:00,7.335000038146973,7.3892998695373535,7.329999923706055,7.3892998695373535,23785,0.0,0.0
2026-02-17 13:40:00-05:00,7.38700008392334,7.429900169372559,7.385000228881836,7.426799774169922,17515,0.0,0.0
2026-02-17 13:45:00-05:00,7.429999828338623,7.454999923706055,7.420000076293945,7.445000171661377,16531,0.0,0.0
2026-02-17 13:50:00-05:00,7.448200225830078,7.489999771118164,7.430099964141846,7.4899001121521,52168,0.0,0.0
2026-02-17 13:55:00-05:00,7.485000133514404,7.539999961853027,7.480199813842773,7.525000095367432,65586,0.0,0.0
2026-02-17 14:00:00-05:00,7.525000095367432,7.525000095367432,7.489999771118164,7.492599964141846,20781,0.0,0.0
2026-02-17 14:05:00-05:00,7.489999771118164,7.494999885559082,7.474999904632568,7.480000019073486,22430,0.0,0.0
2026-02-17 14:10:00-05:00,7.489999771118164,7.5,7.480000019073486,7.5,8918,0.0,0.0
2026-02-17 14:15:00-05:00,7.510000228881836,7.516200065612793,7.5,7.5,6375,0.0,0.0
2026-02-17 14:20:00-05:00,7.505000114440918,7.538000106811523,7.500100135803223,7.534999847412109,27776,0.0,0.0
2026-02-17 14:25:00-05:00,7.53000020980835,7.534999847412109,7.489999771118164,7.509900093078613,13235,0.0,0.0
2026-02-17 14:30:00-05:00,7.5100998878479,7.519999980926514,7.5,7.5106000900268555,5770,0.0,0.0
2026-02-17 14:35:00-05:00,7.519999980926514,7.54010009765625,7.519999980926514,7.54010009765625,9954,0.0,0.0
2026-02-17 14:40:00-05:00,7.539999961853027,7.539999961853027,7.525000095367432,7.539999961853027,4577,0.0,0.0
2026-02-17 14:45:00-05:00,7.531300067901611,7.537099838256836,7.480000019073486,7.505000114440918,27346,0.0,0.0
2026-02-17 14:50:00-05:00,7.50029993057251,7.510000228881836,7.46999979019165,7.485000133514404,24858,0.0,0.0
2026-02-17 14:55:00-05:00,7.489999771118164,7.509900093078613,7.489999771118164,7.494999885559082,5492,0.0,0.0
2026-02-17 15:00:00-05:00,7.494999885559082,7.525000095367432,7.480000019073486,7.514999866485596,11106,0.0,0.0
2026-02-17 15:05:00-05:00,7.514999866485596,7.514999866485596,7.505000114440918,7.510000228881836,3688,0.0,0.0
2026-02-17 15:10:00-05:00,7.510000228881836,7.514999866485596,7.489999771118164,7.494999885559082,14601,0.0,0.0
2026-02-17 15:15:00-05:00,7.494999885559082,7.494999885559082,7.46999979019165,7.489999771118164,38160,0.0,0.0
2026-02-17 15:20:00-05:00,7.494999885559082,7.494999885559082,7.480000019073486,7.480000019073486,19591,0.0,0.0
2026-02-17 15:25:00-05:00,7.480000019073486,7.489200115203857,7.449999809265137,7.489200115203857,9668,0.0,0.0
2026-02-17 15:30:00-05:00,7.480000019073486,7.525000095367432,7.480000019073486,7.514999866485596,13372,0.0,0.0
2026-02-17 15:35:00-05:00,7.514999866485596,7.515699863433838,7.510000228881836,7.514999866485596,6666,0.0,0.0
2026-02-17 15:40:00-05:00,7.514999866485596,7.549900054931641,7.514999866485596,7.549900054931641,19002,0.0,0.0
2026-02-17 15:45:00-05:00,7.545000076293945,7.545000076293945,7.519999980926514,7.525000095367432,35848,0.0,0.0
2026-02-17 15:50:00-05:00,7.525000095367432,7.525000095367432,7.510000228881836,7.520100116729736,41480,0.0,0.0
2026-02-17 15:55:00-05:00,7.525000095367432,7.525000095367432,7.5,7.505000114440918,59489,0.0,0.0
2026-02-18 09:30:00-05:00,7.400000095367432,7.499899864196777,7.389999866485596,7.414999961853027,105551,0.0,0.0
2026-02-18 09:35:00-05:00,7.400000095367432,7.4781999588012695,7.389999866485596,7.460000038146973,33195,0.0,0.0
2026-02-18 09:40:00-05:00,7.460000038146973,7.480000019073486,7.429999828338623,7.429999828338623,39001,0.0,0.0
2026-02-18 09:45:00-05:00,7.428599834442139,7.454999923706055,7.329999923706055,7.360000133514404,53699,0.0,0.0
2026-02-18 09:50:00-05:00,7.360000133514404,7.449999809265137,7.34499979019165,7.449999809265137,46872,0.0,0.0
2026-02-18 09:55:00-05:00,7.461699962615967,7.499899864196777,7.440100193023682,7.480000019073486,43572,0.0,0.0
2026-02-18 10:00:00-05:00,7.485000133514404,7.559999942779541,7.485000133514404,7.554999828338623,64312,0.0,0.0
2026-02-18 10:05:00-05:00,7.559999942779541,7.59499979019165,7.54010009765625,7.585400104522705,56159,0.0,0.0
2026-02-18 10:10:00-05:00,7.588600158691406,7.625,7.550000190734863,7.625,46758,0.0,0.0
2026-02-18 10:15:00-05:00,7.625,7.695000171661377,7.619999885559082,7.661499977111816,41033,0.0,0.0
2026-02-18 10:20:00-05:00,7.670000076293945,7.78000020980835,7.659999847412109,7.769999980926514,110255,0.0,0.0
2026-02-18 10:25:00-05:00,7.764999866485596,7.820000171661377,7.75,7.804999828338623,84209,0.0,0.0
2026-02-18 10:30:00-05:00,7.804999828338623,7.824999809265137,7.789999961853027,7.815000057220459,72597,0.0,0.0
2026-02-18 10:35:00-05:00,7.810299873352051,7.880000114440918,7.804999828338623,7.860000133514404,52692,0.0,0.0
2026-02-18 10:40:00-05:00,7.868299961090088,7.8790998458862305,7.853400230407715,7.875,27892,0.0,0.0
2026-02-18 10:45:00-05:00,7.871600151062012,7.887800216674805,7.829999923706055,7.840000152587891,28848,0.0,0.0
2026-02-18 10:50:00-05:00,7.839300155639648,7.840000152587891,7.800000190734863,7.804999828338623,64430,0.0,0.0
2026-02-18 10:55:00-05:00,7.804999828338623,7.824999809265137,7.800000190734863,7.82450008392334,11403,0.0,0.0
2026-02-18 11:00:00-05:00,7.820000171661377,7.835000038146973,7.780300140380859,7.795000076293945,27848,0.0,0.0
2026-02-18 11:05:00-05:00,7.796500205993652,7.820000171661377,7.796500205993652,7.815000057220459,27344,0.0,0.0
2026-02-18 11:10:00-05:00,7.815000057220459,7.849999904632568,7.815000057220459,7.830100059509277,27787,0.0,0.0
2026-02-18 11:15:00-05:00,7.849999904632568,7.860000133514404,7.84250020980835,7.849999904632568,44623,0.0,0.0
2026-02-18 11:20:00-05:00,7.855000019073486,7.860000133514404,7.849999904632568,7.852499961853027,7580,0.0,0.0
2026-02-18 11:25:00-05:00,7.849999904632568,7.849999904632568,7.820000171661377,7.829999923706055,13569,0.0,0.0
2026-02-18 11:30:00-05:00,7.834499835968018,7.835000038146973,7.810100078582764,7.815000057220459,12262,0.0,0.0
2026-02-18 11:35:00-05:00,7.809999942779541,7.824999809265137,7.809999942779541,7.820000171661377,12671,0.0,0.0
2026-02-18 11:40:00-05:00,7.815000057220459,7.815000057220459,7.800000190734863,7.800000190734863,5922,0.0,0.0
2026-02-18 11:45:00-05:00,7.804999828338623,7.809899806976318,7.784999847412109,7.784999847412109,18067,0.0,0.0
2026-02-18 11:50:00-05:00,7.78000020980835,7.789999961853027,7.7600998878479,7.769999980926514,27702,0.0,0.0
2026-02-18 11:55:00-05:00,7.7600998878479,7.764999866485596,7.73199987411499,7.744999885559082,19316,0.0,0.0
2026-02-18 12:00:00-05:00,7.749800205230713,7.760000228881836,7.744999885559082,7.749899864196777,7724,0.0,0.0
2026-02-18 12:05:00-05:00,7.75,7.78000020980835,7.75,7.769999980926514,11421,0.0,0.0
2026-02-18 12:10:00-05:00,7.774199962615967,7.775000095367432,7.739999771118164,7.755499839782715,10345,0.0,0.0
2026-02-18 12:15:00-05:00,7.758299827575684,7.764999866485596,7.75,7.764999866485596,5559,0.0,0.0
2026-02-18 12:20:00-05:00,7.764999866485596,7.771299839019775,7.763500213623047,7.771299839019775,4918,0.0,0.0
2026-02-18 12:25:00-05:00,7.770100116729736,7.770100116729736,7.755000114440918,7.755000114440918,8404,0.0,0.0
2026-02-18 12:30:00-05:00,7.752500057220459,7.760000228881836,7.744999885559082,7.75,9564,0.0,0.0
2026-02-18 12:35:00-05:00,7.749000072479248,7.749000072479248,7.71999979019165,7.731800079345703,17709,0.0,0.0
2026-02-18 12:40:00-05:00,7.735000133514404,7.739999771118164,7.71999979019165,7.721399784088135,6709,0.0,0.0
2026-02-18 12:45:00-05:00,7.724999904632568,7.724999904632568,7.680099964141846,7.699999809265137,500037,0.0,0.0
2026-02-18 12:50:00-05:00,7.699900150299072,7.736999988555908,7.696599960327148,7.735000133514404,0,0.0,0.0
2026-02-18 12:55:00-05:00,7.730100154876709,7.744999885559082,7.724999904632568,7.724999904632568,6927,0.0,0.0
2026-02-18 13:00:00-05:00,7.719900131225586,7.730000019073486,7.710000038146973,7.730000019073486,11050,0.0,0.0
2026-02-18 13:05:00-05:00,7.730100154876709,7.735000133514404,7.71999979019165,7.71999979019165,6562,0.0,0.0
2026-02-18 13:10:00-05:00,7.715000152587891,7.724999904632568,7.699999809265137,7.704999923706055,16073,0.0,0.0
2026-02-18 13:15:00-05:00,7.699999809265137,7.704999923706055,7.670000076293945,7.67140007019043,15953,0.0,0.0
2026-02-18 13:20:00-05:00,7.675000190734863,7.675000190734863,7.635000228881836,7.635000228881836,14149,0.0,0.0
2026-02-18 13:25:00-05:00,7.639900207519531,7.65500020980835,7.625,7.65500020980835,48930,0.0,0.0
2026-02-18 13:30:00-05:00,7.657599925994873,7.659900188446045,7.650000095367432,7.65500020980835,2784,0.0,0.0
2026-02-18 13:35:00-05:00,7.659900188446045,7.670000076293945,7.650000095367432,7.650000095367432,16407,0.0,0.0
2026-02-18 13:40:00-05:00,7.650000095367432,7.659999847412109,7.625,7.644999980926514,10158,0.0,0.0
2026-02-18 13:45:00-05:00,7.644999980926514,7.670000076293945,7.644999980926514,7.670000076293945,6508,0.0,0.0
2026-02-18 13:50:00-05:00,7.664999961853027,7.690000057220459,7.659999847412109,7.684999942779541,11268,0.0,0.0
2026-02-18 13:55:00-05:00,7.683000087738037,7.689300060272217,7.657899856567383,7.659999847412109,5462,0.0,0.0
2026-02-18 14:00:00-05:00,7.659999847412109,7.677999973297119,7.65500020980835,7.670000076293945,14623,0.0,0.0
2026-02-18 14:05:00-05:00,7.679900169372559,7.679900169372559,7.6620001792907715,7.667699813842773,9511,0.0,0.0
2026-02-18 14:10:00-05:00,7.664999961853027,7.664999961853027,7.650000095367432,7.650000095367432,18346,0.0,0.0
2026-02-18 14:15:00-05:00,7.65500020980835,7.65500020980835,7.635000228881836,7.649899959564209,3509,0.0,0.0
2026-02-18 14:20:00-05:00,7.640100002288818,7.65500020980835,7.630000114440918,7.65500020980835,23673,0.0,0.0
2026-02-18 14:25:00-05:00,7.650000095367432,7.659999847412109,7.630000114440918,7.635000228881836,13152,0.0,0.0
2026-02-18 14:30:00-05:00,7.635000228881836,7.635000228881836,7.610000133514404,7.618000030517578,41806,0.0,0.0
2026-02-18 14:35:00-05:00,7.614999771118164,7.614999771118164,7.519999980926514,7.551400184631348,73921,0.0,0.0
2026-02-18 14:40:00-05:00,7.559599876403809,7.565000057220459,7.548999786376953,7.550000190734863,8817,0.0,0.0
2026-02-18 14:45:00-05:00,7.550000190734863,7.570000171661377,7.539999961853027,7.569900035858154,16983,0.0,0.0
2026-02-18 14:50:00-05:00,7.565000057220459,7.565000057220459,7.534999847412109,7.550000190734863,15921,0.0,0.0
2026-02-18 14:55:00-05:00,7.559299945831299,7.559299945831299,7.53000020980835,7.550000190734863,20624,0.0,0.0
2026-02-18 15:00:00-05:00,7.545000076293945,7.588500022888184,7.545000076293945,7.585000038146973,5758,0.0,0.0
2026-02-18 15:05:00-05:00,7.5879998207092285,7.589900016784668,7.554999828338623,7.569900035858154,12310,0.0,0.0
2026-02-18 15:10:00-05:00,7.565000057220459,7.579899787902832,7.539999961853027,7.539999961853027,13225,0.0,0.0
2026-02-18 15:15:00-05:00,7.545000076293945,7.559999942779541,7.539999961853027,7.559800148010254,4863,0.0,0.0
2026-02-18 15:20:00-05:00,7.550000190734863,7.554999828338623,7.534999847412109,7.545000076293945,7530,0.0,0.0
2026-02-18 15:25:00-05:00,7.54610013961792,7.559999942779541,7.54610013961792,7.549900054931641,23070,0.0,0.0
2026-02-18 15:30:00-05:00,7.539999961853027,7.565000057220459,7.53000020980835,7.565000057220459,10636,0.0,0.0
2026-02-18 15:35:00-05:00,7.565000057220459,7.579999923706055,7.559999942779541,7.579999923706055,52006,0.0,0.0
2026-02-18 15:40:00-05:00,7.579999923706055,7.590000152587891,7.565000057220459,7.590000152587891,14024,0.0,0.0
2026-02-18 15:45:00-05:00,7.585000038146973,7.59499979019165,7.572000026702881,7.591000080108643,23059,0.0,0.0
2026-02-18 15:50:00-05:00,7.59499979019165,7.59499979019165,7.579999923706055,7.579999923706055,11162,0.0,0.0
2026-02-18 15:55:00-05:00,7.590000152587891,7.590000152587891,7.572800159454346,7.585000038146973,31654,0.0,0.0
2026-02-19 09:30:00-05:00,7.519999980926514,7.539899826049805,7.440000057220459,7.460000038146973,68667,0.0,0.0
2026-02-19 09:35:00-05:00,7.460000038146973,7.499899864196777,7.429999828338623,7.498000144958496,50124,0.0,0.0
2026-02-19 09:40:00-05:00,7.489999771118164,7.509900093078613,7.449999809265137,7.4878997802734375,32022,0.0,0.0
2026-02-19 09:45:00-05:00,7.480000019073486,7.4899001121521,7.440000057220459,7.449900150299072,45691,0.0,0.0
2026-02-19 09:50:00-05:00,7.447299957275391,7.505000114440918,7.445000171661377,7.495800018310547,19652,0.0,0.0
2026-02-19 09:55:00-05:00,7.5,7.537199974060059,7.5,7.519999980926514,19554,0.0,0.0
2026-02-19 10:00:00-05:00,7.53000020980835,7.599899768829346,7.519999980926514,7.590099811553955,36012,0.0,0.0
2026-02-19 10:05:00-05:00,7.590099811553955,7.599899768829346,7.534999847412109,7.539999961853027,31964,0.0,0.0
2026-02-19 10:10:00-05:00,7.539999961853027,7.56689977645874,7.510000228881836,7.510000228881836,7112,0.0,0.0
2026-02-19 10:15:00-05:00,7.514999866485596,7.534999847412109,7.481200218200684,7.5,22686,0.0,0.0
2026-02-19 10:20:00-05:00,7.5,7.52810001373291,7.494999885559082,7.52810001373291,10355,0.0,0.0
2026-02-19 10:25:00-05:00,7.519999980926514,7.519999980926514,7.494999885559082,7.514999866485596,9141,0.0,0.0
2026-02-19 10:30:00-05:00,7.510000228881836,7.554999828338623,7.505000114440918,7.550099849700928,23111,0.0,0.0
2026-02-19 10:35:00-05:00,7.559999942779541,7.590000152587891,7.559999942779541,7.559999942779541,16152,0.0,0.0
2026-02-19 10:40:00-05:00,7.559999942779541,7.570000171661377,7.550000190734863,7.559999942779541,8324,0.0,0.0
2026-02-19 10:45:00-05:00,7.559999942779541,7.565000057220459,7.539999961853027,7.545000076293945,19563,0.0,0.0
2026-02-19 10:50:00-05:00,7.545000076293945,7.545000076293945,7.514999866485596,7.519999980926514,10392,0.0,0.0
2026-02-19 10:55:00-05:00,7.517899990081787,7.554999828338623,7.517899990081787,7.550000190734863,16163,0.0,0.0
2026-02-19 11:00:00-05:00,7.550000190734863,7.559999942779541,7.545000076293945,7.550000190734863,19493,0.0,0.0
2026-02-19 11:05:00-05:00,7.550000190734863,7.554999828338623,7.530600070953369,7.539999961853027,4829,0.0,0.0
2026-02-19 11:10:00-05:00,7.549300193786621,7.549300193786621,7.53000020980835,7.539999961853027,5237,0.0,0.0
2026-02-19 11:15:00-05:00,7.545000076293945,7.574999809265137,7.545000076293945,7.569900035858154,11621,0.0,0.0
2026-02-19 11:20:00-05:00,7.570000171661377,7.579999923706055,7.565000057220459,7.565000057220459,11702,0.0,0.0
2026-02-19 11:25:00-05:00,7.565000057220459,7.565000057220459,7.545000076293945,7.545000076293945,2358,0.0,0.0
2026-02-19 11:30:00-05:00,7.550000190734863,7.585000038146973,7.550000190734863,7.579999923706055,11145,0.0,0.0
2026-02-19 11:35:00-05:00,7.585100173950195,7.585100173950195,7.570000171661377,7.580100059509277,20355,0.0,0.0
2026-02-19 11:40:00-05:00,7.579999923706055,7.579999923706055,7.545000076293945,7.545000076293945,6901,0.0,0.0
2026-02-19 11:45:00-05:00,7.546999931335449,7.550000190734863,7.539999961853027,7.545000076293945,9279,0.0,0.0
2026-02-19 11:50:00-05:00,7.545000076293945,7.554999828338623,7.539999961853027,7.554999828338623,15611,0.0,0.0
2026-02-19 11:55:00-05:00,7.565000057220459,7.570000171661377,7.539999961853027,7.548799991607666,4352,0.0,0.0
2026-02-19 12:00:00-05:00,7.545000076293945,7.546999931335449,7.534999847412109,7.545000076293945,3728,0.0,0.0
2026-02-19 12:05:00-05:00,7.550000190734863,7.570000171661377,7.539999961853027,7.560100078582764,13662,0.0,0.0
2026-02-19 12:10:00-05:00,7.559999942779541,7.565000057220459,7.559999942779541,7.559999942779541,1580,0.0,0.0
2026-02-19 12:15:00-05:00,7.565000057220459,7.583499908447266,7.553199768066406,7.583499908447266,7514,0.0,0.0
2026-02-19 12:20:00-05:00,7.585000038146973,7.614999771118164,7.585000038146973,7.614999771118164,11981,0.0,0.0
2026-02-19 12:25:00-05:00,7.619999885559082,7.679999828338623,7.619999885559082,7.659999847412109,25107,0.0,0.0
2026-02-19 12:30:00-05:00,7.65500020980835,7.710000038146973,7.645999908447266,7.695000171661377,22645,0.0,0.0
2026-02-19 12:35:00-05:00,7.7093000411987305,7.7093000411987305,7.670000076293945,7.685699939727783,15006,0.0,0.0
2026-02-19 12:40:00-05:00,7.690000057220459,7.695000171661377,7.639999866485596,7.639999866485596,20916,0.0,0.0
2026-02-19 12:45:00-05:00,7.650000095367432,7.650000095367432,7.610000133514404,7.630000114440918,12581,0.0,0.0
2026-02-19 12:50:00-05:00,7.630000114440918,7.635000228881836,7.599999904632568,7.599999904632568,14019,0.0,0.0
2026-02-19 12:55:00-05:00,7.610000133514404,7.619999885559082,7.5914998054504395,7.594900131225586,14363,0.0,0.0
2026-02-19 13:00:00-05:00,7.599999904632568,7.6107001304626465,7.59499979019165,7.605000019073486,8305,0.0,0.0
2026-02-19 13:05:00-05:00,7.605000019073486,7.619999885559082,7.605000019073486,7.619999885559082,8555,0.0,0.0
2026-02-19 13:10:00-05:00,7.614999771118164,7.630000114440918,7.610000133514404,7.625,7189,0.0,0.0
2026-02-19 13:15:00-05:00,7.619999885559082,7.625,7.610000133514404,7.610000133514404,4173,0.0,0.0
2026-02-19 13:20:00-05:00,7.599999904632568,7.610000133514404,7.585000038146973,7.610000133514404,7257,0.0,0.0
2026-02-19 13:25:00-05:00,7.614999771118164,7.637800216674805,7.614999771118164,7.625,4074,0.0,0.0
2026-02-19 13:30:00-05:00,7.625,7.639900207519531,7.625,7.625,3177,0.0,0.0
2026-02-19 13:35:00-05:00,7.630000114440918,7.644999980926514,7.619999885559082,7.644999980926514,6020,0.0,0.0
2026-02-19 13:40:00-05:00,7.639999866485596,7.659999847412109,7.635000228881836,7.659999847412109,5169,0.0,0.0
2026-02-19 13:45:00-05:00,7.659999847412109,7.679999828338623,7.650000095367432,7.650000095367432,24459,0.0,0.0
2026-02-19 13:50:00-05:00,7.650000095367432,7.65500020980835,7.639999866485596,7.65500020980835,8380,0.0,0.0
2026-02-19 13:55:00-05:00,7.65500020980835,7.664999961853027,7.644999980926514,7.664999961853027,4113,0.0,0.0
2026-02-19 14:00:00-05:00,7.661799907684326,7.664999961853027,7.650000095367432,7.65500020980835,4720,0.0,0.0
2026-02-19 14:05:00-05:00,7.65500020980835,7.659999847412109,7.644999980926514,7.659999847412109,12908,0.0,0.0
2026-02-19 14:10:00-05:00,7.650000095367432,7.670000076293945,7.619999885559082,7.660099983215332,21165,0.0,0.0
2026-02-19 14:15:00-05:00,7.661499977111816,7.669000148773193,7.660099983215332,7.669000148773193,6220,0.0,0.0
2026-02-19 14:20:00-05:00,7.678899765014648,7.678899765014648,7.670100212097168,7.675000190734863,4829,0.0,0.0
2026-02-19 14:25:00-05:00,7.679900169372559,7.679900169372559,7.610000133514404,7.625,23290,0.0,0.0
2026-02-19 14:30:00-05:00,7.625,7.649899959564209,7.625,7.649899959564209,13620,0.0,0.0
2026-02-19 14:35:00-05:00,7.639999866485596,7.644999980926514,7.610099792480469,7.619999885559082,9912,0.0,0.0
2026-02-19 14:40:00-05:00,7.619999885559082,7.635000228881836,7.619999885559082,7.632299900054932,3221,0.0,0.0
2026-02-19 14:45:00-05:00,7.630099773406982,7.635000228881836,7.619999885559082,7.630199909210205,15011,0.0,0.0
2026-02-19 14:50:00-05:00,7.635000228881836,7.65500020980835,7.619999885559082,7.650100231170654,8337,0.0,0.0
2026-02-19 14:55:00-05:00,7.65500020980835,7.664999961853027,7.630000114440918,7.639999866485596,16673,0.0,0.0
2026-02-19 15:00:00-05:00,7.650000095367432,7.704999923706055,7.650000095367432,7.700099945068359,45523,0.0,0.0
2026-02-19 15:05:00-05:00,7.695000171661377,7.699999809265137,7.675000190734863,7.675000190734863,19396,0.0,0.0
2026-02-19 15:10:00-05:00,7.680200099945068,7.699999809265137,7.675000190734863,7.695000171661377,9993,0.0,0.0
2026-02-19 15:15:00-05:00,7.690000057220459,7.735000133514404,7.684999942779541,7.733500003814697,15752,0.0,0.0
2026-02-19 15:20:00-05:00,7.735000133514404,7.789999961853027,7.724999904632568,7.769999980926514,39626,0.0,0.0
2026-02-19 15:25:00-05:00,7.764999866485596,7.764999866485596,7.71999979019165,7.724999904632568,11657,0.0,0.0
2026-02-19 15:30:00-05:00,7.71999979019165,7.760000228881836,7.699999809265137,7.744999885559082,24061,0.0,0.0
2026-02-19 15:35:00-05:00,7.750100135803223,7.784999847412109,7.75,7.784999847412109,22011,0.0,0.0
2026-02-19 15:40:00-05:00,7.784999847412109,7.880000114440918,7.769999980926514,7.875,75338,0.0,0.0
2026-02-19 15:45:00-05:00,7.879899978637695,7.900000095367432,7.875,7.875,58366,0.0,0.0
2026-02-19 15:50:00-05:00,7.880000114440918,7.900000095367432,7.860000133514404,7.875,147080,0.0,0.0
2026-02-19 15:55:00-05:00,7.880000114440918,7.90500020980835,7.869999885559082,7.889999866485596,129469,0.0,0.0
2026-02-20 09:30:00-05:00,7.840000152587891,7.925000190734863,7.804999828338623,7.916500091552734,64731,0.0,0.0
2026-02-20 09:35:00-05:00,7.909999847412109,7.949999809265137,7.849999904632568,7.864999771118164,34370,0.0,0.0
2026-02-20 09:40:00-05:00,7.864999771118164,7.877999782562256,7.79010009765625,7.809999942779541,21314,0.0,0.0
2026-02-20 09:45:00-05:00,7.820000171661377,7.820000171661377,7.78000020980835,7.797999858856201,19258,0.0,0.0
2026-02-20 09:50:00-05:00,7.772500038146973,7.829999923706055,7.772500038146973,7.775000095367432,15147,0.0,0.0
2026-02-20 09:55:00-05:00,7.775000095367432,7.789999961853027,7.75,7.78000020980835,8928,0.0,0.0
2026-02-20 10:00:00-05:00,7.795000076293945,7.960000038146973,7.789999961853027,7.949999809265137,87710,0.0,0.0
2026-02-20 10:05:00-05:00,7.909999847412109,7.909999847412109,7.860000133514404,7.860000133514404,21506,0.0,0.0
2026-02-20 10:10:00-05:00,7.860000133514404,7.879899978637695,7.824999809265137,7.824999809265137,16978,0.0,0.0
2026-02-20 10:15:00-05:00,7.824999809265137,7.840000152587891,7.780099868774414,7.838099956512451,14569,0.0,0.0
2026-02-20 10:20:00-05:00,7.829999923706055,7.864999771118164,7.829999923706055,7.855000019073486,22145,0.0,0.0
2026-02-20 10:25:00-05:00,7.855000019073486,7.909999847412109,7.855000019073486,7.880000114440918,16137,0.0,0.0
2026-02-20 10:30:00-05:00,7.880000114440918,7.894999980926514,7.849899768829346,7.869999885559082,19682,0.0,0.0
2026-02-20 10:35:00-05:00,7.870699882507324,7.875,7.840000152587891,7.852499961853027,11040,0.0,0.0
2026-02-20 10:40:00-05:00,7.849999904632568,7.849999904632568,7.789999961853027,7.828999996185303,21831,0.0,0.0
2026-02-20 10:45:00-05:00,7.824999809265137,7.860000133514404,7.809999942779541,7.849999904632568,7427,0.0,0.0
2026-02-20 10:50:00-05:00,7.840000152587891,7.860000133514404,7.840000152587891,7.850100040435791,16024,0.0,0.0
2026-02-20 10:55:00-05:00,7.860000133514404,7.869699954986572,7.852399826049805,7.864999771118164,11801,0.0,0.0
2026-02-20 11:00:00-05:00,7.869999885559082,7.889999866485596,7.84499979019165,7.88040018081665,13150,0.0,0.0
2026-02-20 11:05:00-05:00,7.875,7.894999980926514,7.860000133514404,7.885000228881836,10235,0.0,0.0
2026-02-20 11:10:00-05:00,7.885000228881836,7.920000076293945,7.873499870300293,7.894999980926514,18693,0.0,0.0
2026-02-20 11:15:00-05:00,7.894999980926514,7.894999980926514,7.849999904632568,7.864999771118164,6841,0.0,0.0
2026-02-20 11:20:00-05:00,7.869999885559082,7.869999885559082,7.850100040435791,7.855000019073486,8578,0.0,0.0
2026-02-20 11:25:00-05:00,7.855000019073486,7.864999771118164,7.840000152587891,7.840000152587891,13132,0.0,0.0
2026-02-20 11:30:00-05:00,7.824999809265137,7.835000038146973,7.810100078582764,7.816500186920166,6791,0.0,0.0
2026-02-20 11:35:00-05:00,7.815000057220459,7.824999809265137,7.815000057220459,7.824999809265137,3957,0.0,0.0
2026-02-20 11:40:00-05:00,7.824999809265137,7.824999809265137,7.795000076293945,7.800000190734863,21701,0.0,0.0
2026-02-20 11:45:00-05:00,7.789999961853027,7.809999942779541,7.789999961853027,7.804999828338623,17280,0.0,0.0
2026-02-20 11:50:00-05:00,7.804999828338623,7.815000057220459,7.800099849700928,7.815000057220459,8490,0.0,0.0
2026-02-20 11:55:00-05:00,7.815000057220459,7.815000057220459,7.775000095367432,7.775000095367432,16101,0.0,0.0
2026-02-20 12:00:00-05:00,7.78000020980835,7.789999961853027,7.775300025939941,7.775300025939941,4240,0.0,0.0
2026-02-20 12:05:00-05:00,7.773499965667725,7.784999847412109,7.75,7.755000114440918,9226,0.0,0.0
2026-02-20 12:10:00-05:00,7.756400108337402,7.773499965667725,7.75,7.769999980926514,19455,0.0,0.0
2026-02-20 12:15:00-05:00,7.769999980926514,7.769999980926514,7.720399856567383,7.729899883270264,36731,0.0,0.0
2026-02-20 12:20:00-05:00,7.727499961853027,7.729899883270264,7.684999942779541,7.684999942779541,39731,0.0,0.0
2026-02-20 12:25:00-05:00,7.690000057220459,7.698800086975098,7.675000190734863,7.690000057220459,19014,0.0,0.0
2026-02-20 12:30:00-05:00,7.684999942779541,7.70989990234375,7.684999942779541,7.695000171661377,8999,0.0,0.0
2026-02-20 12:35:00-05:00,7.699999809265137,7.71999979019165,7.679999828338623,7.71999979019165,16692,0.0,0.0
2026-02-20 12:40:00-05:00,7.71999979019165,7.71999979019165,7.670000076293945,7.675000190734863,39733,0.0,0.0
2026-02-20 12:45:00-05:00,7.670000076293945,7.690100193023682,7.65500020980835,7.690000057220459,47419,0.0,0.0
2026-02-20 12:50:00-05:00,7.699900150299072,7.710000038146973,7.695000171661377,7.695000171661377,14092,0.0,0.0
2026-02-20 12:55:00-05:00,7.690000057220459,7.699999809265137,7.675000190734863,7.695000171661377,6394,0.0,0.0
2026-02-20 13:00:00-05:00,7.690000057220459,7.755000114440918,7.684999942779541,7.750100135803223,29606,0.0,0.0
2026-02-20 13:05:00-05:00,7.755000114440918,7.78000020980835,7.755000114440918,7.775000095367432,25053,0.0,0.0
2026-02-20 13:10:00-05:00,7.769999980926514,7.784999847412109,7.764500141143799,7.769999980926514,22036,0.0,0.0
2026-02-20 13:15:00-05:00,7.769999980926514,7.784999847412109,7.760000228881836,7.784999847412109,9488,0.0,0.0
2026-02-20 13:20:00-05:00,7.78000020980835,7.78000020980835,7.744999885559082,7.755000114440918,19373,0.0,0.0
2026-02-20 13:25:00-05:00,7.752099990844727,7.760000228881836,7.71999979019165,7.724999904632568,9867,0.0,0.0
2026-02-20 13:30:00-05:00,7.71999979019165,7.787799835205078,7.695000171661377,7.769999980926514,16638,0.0,0.0
2026-02-20 13:35:00-05:00,7.770100116729736,7.7779998779296875,7.730000019073486,7.769999980926514,16143,0.0,0.0
2026-02-20 13:40:00-05:00,7.775000095367432,7.804999828338623,7.769999980926514,7.804999828338623,9897,0.0,0.0
2026-02-20 13:45:00-05:00,7.804999828338623,7.835000038146973,7.784999847412109,7.784999847412109,15884,0.0,0.0
2026-02-20 13:50:00-05:00,7.784999847412109,7.7906999588012695,7.764999866485596,7.7906999588012695,11151,0.0,0.0
2026-02-20 13:55:00-05:00,7.795000076293945,7.804999828338623,7.795000076293945,7.801400184631348,2474,0.0,0.0
2026-02-20 14:00:00-05:00,7.804999828338623,7.80620002746582,7.764999866485596,7.78000020980835,13481,0.0,0.0
2026-02-20 14:05:00-05:00,7.78000020980835,7.784999847412109,7.760000228881836,7.784999847412109,3795,0.0,0.0
2026-02-20 14:10:00-05:00,7.784999847412109,7.789299964904785,7.760200023651123,7.760200023651123,5003,0.0,0.0
2026-02-20 14:15:00-05:00,7.760200023651123,7.775000095367432,7.744999885559082,7.744999885559082,13953,0.0,0.0
2026-02-20 14:20:00-05:00,7.744999885559082,7.744999885559082,7.71999979019165,7.724999904632568,4077,0.0,0.0
2026-02-20 14:25:00-05:00,7.71999979019165,7.71999979019165,7.670000076293945,7.670000076293945,31465,0.0,0.0
2026-02-20 14:30:00-05:00,7.675000190734863,7.704999923706055,7.670100212097168,7.704999923706055,23727,0.0,0.0
2026-02-20 14:35:00-05:00,7.70989990234375,7.75,7.684999942779541,7.739999771118164,32491,0.0,0.0
2026-02-20 14:40:00-05:00,7.739999771118164,7.760000228881836,7.730000019073486,7.759900093078613,21364,0.0,0.0
2026-02-20 14:45:00-05:00,7.760000228881836,7.829999923706055,7.760000228881836,7.809999942779541,24468,0.0,0.0
2026-02-20 14:50:00-05:00,7.809999942779541,7.820000171661377,7.755000114440918,7.755000114440918,46091,0.0,0.0
2026-02-20 14:55:00-05:00,7.755000114440918,7.760000228881836,7.695000171661377,7.704999923706055,22583,0.0,0.0
2026-02-20 15:00:00-05:00,7.703400135040283,7.760000228881836,7.700699806213379,7.755000114440918,36610,0.0,0.0
2026-02-20 15:05:00-05:00,7.760000228881836,7.800000190734863,7.760000228881836,7.795000076293945,19297,0.0,0.0
2026-02-20 15:10:00-05:00,7.800000190734863,7.800000190734863,7.769999980926514,7.789999961853027,17364,0.0,0.0
2026-02-20 15:15:00-05:00,7.775000095367432,7.784999847412109,7.760000228881836,7.779900074005127,8844,0.0,0.0
2026-02-20 15:20:00-05:00,7.775000095367432,7.815000057220459,7.769999980926514,7.795000076293945,11679,0.0,0.0
2026-02-20 15:25:00-05:00,7.795000076293945,7.820000171661377,7.78000020980835,7.784999847412109,21479,0.0,0.0
2026-02-20 15:30:00-05:00,7.784999847412109,7.789999961853027,7.772200107574463,7.789999961853027,11634,0.0,0.0
2026-02-20 15:35:00-05:00,7.784999847412109,7.815000057220459,7.769999980926514,7.804999828338623,28973,0.0,0.0
2026-02-20 15:40:00-05:00,7.807300090789795,7.820000171661377,7.800000190734863,7.804999828338623,25858,0.0,0.0
2026-02-20 15:45:00-05:00,7.804999828338623,7.820000171661377,7.764999866485596,7.764999866485596,39782,0.0,0.0
2026-02-20 15:50:00-05:00,7.769999980926514,7.795000076293945,7.7600998878479,7.784999847412109,43874,0.0,0.0
2026-02-20 15:55:00-05:00,7.784999847412109,7.800000190734863,7.739999771118164,7.760000228881836,153426,0.0,0.0
2026-02-23 09:30:00-05:00,7.659999847412109,7.659999847412109,7.539999961853027,7.619999885559082,65575,0.0,0.0
2026-02-23 09:35:00-05:00,7.619999885559082,7.668000221252441,7.579999923706055,7.590000152587891,45761,0.0,0.0
2026-02-23 09:40:00-05:00,7.590000152587891,7.590000152587891,7.525000095367432,7.570000171661377,129388,0.0,0.0
2026-02-23 09:45:00-05:00,7.559999942779541,7.570000171661377,7.5,7.53000020980835,7911,0.0,0.0
2026-02-23 09:50:00-05:00,7.53000020980835,7.568999767303467,7.514999866485596,7.525000095367432,63381,0.0,0.0
2026-02-23 09:55:00-05:00,7.525000095367432,7.525000095367432,7.480000019073486,7.510000228881836,189635,0.0,0.0
2026-02-23 10:00:00-05:00,7.505000114440918,7.550000190734863,7.485000133514404,7.485000133514404,0,0.0,0.0
2026-02-23 10:05:00-05:00,7.480000019073486,7.5,7.465000152587891,7.5,27657,0.0,0.0
2026-02-23 10:10:00-05:00,7.5,7.550000190734863,7.5,7.53000020980835,27368,0.0,0.0
2026-02-23 10:15:00-05:00,7.525000095367432,7.525000095367432,7.489999771118164,7.510000228881836,32472,0.0,0.0
2026-02-23 10:20:00-05:00,7.512899875640869,7.5721001625061035,7.512899875640869,7.568299770355225,15237,0.0,0.0
2026-02-23 10:25:00-05:00,7.5619001388549805,7.579999923706055,7.550000190734863,7.550000190734863,27240,0.0,0.0
2026-02-23 10:30:00-05:00,7.559999942779541,7.614999771118164,7.550000190734863,7.600100040435791,26230,0.0,0.0
2026-02-23 10:35:00-05:00,7.599999904632568,7.625,7.59499979019165,7.605000019073486,12631,0.0,0.0
2026-02-23 10:40:00-05:00,7.601099967956543,7.616099834442139,7.582300186157227,7.605000019073486,14603,0.0,0.0
2026-02-23 10:45:00-05:00,7.599999904632568,7.6128997802734375,7.590000152587891,7.590000152587891,10245,0.0,0.0
2026-02-23 10:50:00-05:00,7.585000038146973,7.59499979019165,7.519999980926514,7.519999980926514,39419,0.0,0.0
2026-02-23 10:55:00-05:00,7.510000228881836,7.510000228881836,7.474999904632568,7.485000133514404,45934,0.0,0.0
2026-02-23 11:00:00-05:00,7.489799976348877,7.497000217437744,7.480000019073486,7.489999771118164,44289,0.0,0.0
2026-02-23 11:05:00-05:00,7.485000133514404,7.5,7.46999979019165,7.485000133514404,31166,0.0,0.0
2026-02-23 11:10:00-05:00,7.485000133514404,7.499899864196777,7.454999923706055,7.454999923706055,69321,0.0,0.0
2026-02-23 11:15:00-05:00,7.454999923706055,7.460000038146973,7.440000057220459,7.454999923706055,43743,0.0,0.0
2026-02-23 11:20:00-05:00,7.454999923706055,7.534999847412109,7.449999809265137,7.4670000076293945,110904,0.0,0.0
2026-02-23 11:25:00-05:00,7.46999979019165,7.599999904632568,7.460100173950195,7.559999942779541,122368,0.0,0.0
2026-02-23 11:30:00-05:00,7.550000190734863,7.610000133514404,7.534999847412109,7.550000190734863,55380,0.0,0.0
2026-02-23 11:35:00-05:00,7.545000076293945,7.559999942779541,7.539999961853027,7.545000076293945,22739,0.0,0.0
2026-02-23 11:40:00-05:00,7.545000076293945,7.570000171661377,7.539999961853027,7.545000076293945,23991,0.0,0.0
2026-02-23 11:45:00-05:00,7.545000076293945,7.545000076293945,7.496799945831299,7.510000228881836,42991,0.0,0.0
2026-02-23 11:50:00-05:00,7.519999980926514,7.539899826049805,7.494999885559082,7.525000095367432,46761,0.0,0.0
2026-02-23 11:55:00-05:00,7.5289998054504395,7.53000020980835,7.510000228881836,7.514999866485596,28203,0.0,0.0
2026-02-23 12:00:00-05:00,7.5192999839782715,7.559999942779541,7.514999866485596,7.559999942779541,49141,0.0,0.0
2026-02-23 12:05:00-05:00,7.565000057220459,7.579899787902832,7.559999942779541,7.570000171661377,39273,0.0,0.0
2026-02-23 12:10:00-05:00,7.560299873352051,7.574999809265137,7.559999942779541,7.559999942779541,11336,0.0,0.0
2026-02-23 12:15:00-05:00,7.565000057220459,7.567800045013428,7.5406999588012695,7.550000190734863,6185,0.0,0.0
2026-02-23 12:20:00-05:00,7.542699813842773,7.550000190734863,7.539999961853027,7.545000076293945,12158,0.0,0.0
2026-02-23 12:25:00-05:00,7.545000076293945,7.545000076293945,7.510000228881836,7.518899917602539,15626,0.0,0.0
2026-02-23 12:30:00-05:00,7.514999866485596,7.514999866485596,7.5,7.510000228881836,14916,0.0,0.0
2026-02-23 12:35:00-05:00,7.514999866485596,7.514999866485596,7.494999885559082,7.505000114440918,35040,0.0,0.0
2026-02-23 12:40:00-05:00,7.5,7.505000114440918,7.465000152587891,7.465000152587891,85861,0.0,0.0
2026-02-23 12:45:00-05:00,7.460000038146973,7.46999979019165,7.440000057220459,7.456500053405762,36147,0.0,0.0
2026-02-23 12:50:00-05:00,7.460000038146973,7.480000019073486,7.440000057220459,7.475500106811523,12436,0.0,0.0
2026-02-23 12:55:00-05:00,7.474999904632568,7.505000114440918,7.474999904632568,7.5,5012,0.0,0.0
2026-02-23 13:00:00-05:00,7.505000114440918,7.519999980926514,7.505000114440918,7.519999980926514,1583,0.0,0.0
2026-02-23 13:05:00-05:00,7.53000020980835,7.534999847412109,7.519999980926514,7.534999847412109,4503,0.0,0.0
2026-02-23 13:10:00-05:00,7.532400131225586,7.565000057220459,7.532400131225586,7.561699867248535,5799,0.0,0.0
2026-02-23 13:15:00-05:00,7.559999942779541,7.589900016784668,7.559999942779541,7.574999809265137,26406,0.0,0.0
2026-02-23 13:20:00-05:00,7.579999923706055,7.590000152587891,7.570000171661377,7.581399917602539,6485,0.0,0.0
2026-02-23 13:25:00-05:00,7.579999923706055,7.599999904632568,7.574999809265137,7.590000152587891,13081,0.0,0.0
2026-02-23 13:30:00-05:00,7.579999923706055,7.590099811553955,7.570199966430664,7.590099811553955,11845,0.0,0.0
2026-02-23 13:35:00-05:00,7.614999771118164,7.614999771118164,7.542200088500977,7.545000076293945,63773,0.0,0.0
2026-02-23 13:40:00-05:00,7.545000076293945,7.579999923706055,7.545000076293945,7.560100078582764,26508,0.0,0.0
2026-02-23 13:45:00-05:00,7.570000171661377,7.570000171661377,7.559999942779541,7.570000171661377,4786,0.0,0.0
2026-02-23 13:50:00-05:00,7.570000171661377,7.570000171661377,7.55019998550415,7.55019998550415,2758,0.0,0.0
2026-02-23 13:55:00-05:00,7.550000190734863,7.550000190734863,7.531099796295166,7.5366997718811035,3677,0.0,0.0
2026-02-23 14:00:00-05:00,7.534999847412109,7.549900054931641,7.534999847412109,7.54010009765625,3971,0.0,0.0
2026-02-23 14:05:00-05:00,7.545000076293945,7.559999942779541,7.545000076293945,7.550000190734863,6764,0.0,0.0
2026-02-23 14:10:00-05:00,7.550000190734863,7.554999828338623,7.539999961853027,7.539999961853027,3480,0.0,0.0
2026-02-23 14:15:00-05:00,7.539999961853027,7.549900054931641,7.53000020980835,7.53000020980835,601287,0.0,0.0
2026-02-23 14:20:00-05:00,7.534999847412109,7.534999847412109,7.525000095367432,7.525000095367432,0,0.0,0.0
2026-02-23 14:25:00-05:00,7.525000095367432,7.525000095367432,7.514999866485596,7.519999980926514,9104,0.0,0.0
2026-02-23 14:30:00-05:00,7.525000095367432,7.554999828338623,7.525000095367432,7.550000190734863,4586,0.0,0.0
2026-02-23 14:35:00-05:00,7.550000190734863,7.554999828338623,7.545000076293945,7.545000076293945,4377,0.0,0.0
2026-02-23 14:40:00-05:00,7.539999961853027,7.545000076293945,7.525000095367432,7.534999847412109,10339,0.0,0.0
2026-02-23 14:45:00-05:00,7.534999847412109,7.550000190734863,7.534999847412109,7.545000076293945,2368,0.0,0.0
2026-02-23 14:50:00-05:00,7.550000190734863,7.574999809265137,7.539999961853027,7.574999809265137,19573,0.0,0.0
2026-02-23 14:55:00-05:00,7.570000171661377,7.590000152587891,7.550000190734863,7.550000190734863,30938,0.0,0.0
2026-02-23 15:00:00-05:00,7.545000076293945,7.565000057220459,7.545000076293945,7.545000076293945,10044,0.0,0.0
2026-02-23 15:05:00-05:00,7.549900054931641,7.549900054931641,7.53000020980835,7.545000076293945,11600,0.0,0.0
2026-02-23 15:10:00-05:00,7.545000076293945,7.545000076293945,7.510000228881836,7.510000228881836,9709,0.0,0.0
2026-02-23 15:15:00-05:00,7.514999866485596,7.525000095367432,7.504499912261963,7.504499912261963,12874,0.0,0.0
2026-02-23 15:20:00-05:00,7.509900093078613,7.509900093078613,7.494999885559082,7.494999885559082,656734,0.0,0.0
2026-02-23 15:25:00-05:00,7.5,7.510000228881836,7.494800090789795,7.505000114440918,0,0.0,0.0
2026-02-23 15:30:00-05:00,7.505000114440918,7.570000171661377,7.505000114440918,7.565000057220459,19977,0.0,0.0
2026-02-23 15:35:00-05:00,7.560100078582764,7.569900035858154,7.554999828338623,7.569900035858154,12345,0.0,0.0
2026-02-23 15:40:00-05:00,7.570000171661377,7.574999809265137,7.561399936676025,7.574999809265137,10741,0.0,0.0
2026-02-23 15:45:00-05:00,7.570000171661377,7.570099830627441,7.519999980926514,7.539999961853027,36361,0.0,0.0
2026-02-23 15:50:00-05:00,7.539999961853027,7.559999942779541,7.532299995422363,7.554999828338623,7694,0.0,0.0
2026-02-23 15:55:00-05:00,7.554999828338623,7.570000171661377,7.539999961853027,7.554999828338623,42333,0.0,0.0
2026-02-24 09:30:00-05:00,7.510000228881836,7.699999809265137,7.510000228881836,7.660099983215332,45791,0.0,0.0
2026-02-24 09:35:00-05:00,7.659999847412109,7.664999961853027,7.610000133514404,7.630000114440918,24150,0.0,0.0
2026-02-24 09:40:00-05:00,7.639999866485596,7.670000076293945,7.619999885559082,7.659999847412109,19158,0.0,0.0
2026-02-24 09:45:00-05:00,7.664999961853027,7.739999771118164,7.640100002288818,7.706099987030029,32351,0.0,0.0
2026-02-24 09:50:00-05:00,7.7093000411987305,7.760000228881836,7.7042999267578125,7.71999979019165,67128,0.0,0.0
2026-02-24 09:55:00-05:00,7.715000152587891,7.715000152587891,7.670000076293945,7.682000160217285,46604,0.0,0.0
2026-02-24 10:00:00-05:00,7.690000057220459,7.840000152587891,7.684999942779541,7.838600158691406,68070,0.0,0.0
2026-02-24 10:05:00-05:00,7.835000038146973,7.835000038146973,7.800000190734863,7.815000057220459,37189,0.0,0.0
2026-02-24 10:10:00-05:00,7.815000057220459,7.835000038146973,7.804999828338623,7.835000038146973,33619,0.0,0.0
2026-02-24 10:15:00-05:00,7.835000038146973,7.859000205993652,7.830100059509277,7.859000205993652,27478,0.0,0.0
2026-02-24 10:20:00-05:00,7.860000133514404,7.864999771118164,7.820199966430664,7.840000152587891,20927,0.0,0.0
2026-02-24 10:25:00-05:00,7.835100173950195,7.894999980926514,7.829999923706055,7.889999866485596,21842,0.0,0.0
2026-02-24 10:30:00-05:00,7.890100002288818,7.914999961853027,7.840000152587891,7.8429999351501465,42577,0.0,0.0
2026-02-24 10:35:00-05:00,7.84499979019165,7.84499979019165,7.769999980926514,7.769999980926514,21929,0.0,0.0
2026-02-24 10:40:00-05:00,7.769999980926514,7.795000076293945,7.769999980926514,7.795000076293945,9644,0.0,0.0
2026-02-24 10:45:00-05:00,7.789999961853027,7.804999828338623,7.78000020980835,7.800000190734863,307842,0.0,0.0
2026-02-24 10:50:00-05:00,7.804999828338623,7.809800148010254,7.79010009765625,7.79010009765625,0,0.0,0.0
2026-02-24 10:55:00-05:00,7.800000190734863,7.849999904632568,7.800000190734863,7.849899768829346,13986,0.0,0.0
2026-02-24 11:00:00-05:00,7.840000152587891,7.864999771118164,7.840000152587891,7.853499889373779,3764,0.0,0.0
2026-02-24 11:05:00-05:00,7.852499961853027,7.855000019073486,7.826499938964844,7.835000038146973,297124,0.0,0.0
2026-02-24 11:10:00-05:00,7.840000152587891,7.855000019073486,7.824999809265137,7.855000019073486,0,0.0,0.0
2026-02-24 11:15:00-05:00,7.855000019073486,7.860000133514404,7.820300102233887,7.849999904632568,61929,0.0,0.0
2026-02-24 11:20:00-05:00,7.855000019073486,7.889999866485596,7.824999809265137,7.824999809265137,24154,0.0,0.0
2026-02-24 11:25:00-05:00,7.829999923706055,7.829999923706055,7.809999942779541,7.809999942779541,8041,0.0,0.0
2026-02-24 11:30:00-05:00,7.809999942779541,7.809999942779541,7.775000095367432,7.784999847412109,13469,0.0,0.0
2026-02-24 11:35:00-05:00,7.789999961853027,7.809999942779541,7.789999961853027,7.7906999588012695,7168,0.0,0.0
2026-02-24 11:40:00-05:00,7.795000076293945,7.820000171661377,7.793000221252441,7.820000171661377,6121,0.0,0.0
2026-02-24 11:45:00-05:00,7.821000099182129,7.833399772644043,7.809999942779541,7.829899787902832,12509,0.0,0.0
2026-02-24 11:50:00-05:00,7.824999809265137,7.84499979019165,7.809999942779541,7.809999942779541,11191,0.0,0.0
2026-02-24 11:55:00-05:00,7.815000057220459,7.815000057220459,7.809999942779541,7.809999942779541,2163,0.0,0.0
2026-02-24 12:00:00-05:00,7.809999942779541,7.828999996185303,7.809999942779541,7.828999996185303,2385,0.0,0.0
2026-02-24 12:05:00-05:00,7.829999923706055,7.829999923706055,7.809999942779541,7.820000171661377,5512,0.0,0.0
2026-02-24 12:10:00-05:00,7.831900119781494,7.835000038146973,7.820000171661377,7.820099830627441,10428,0.0,0.0
2026-02-24 12:15:00-05:00,7.820000171661377,7.849999904632568,7.820000171661377,7.840099811553955,28325,0.0,0.0
2026-02-24 12:20:00-05:00,7.846099853515625,7.855000019073486,7.844200134277344,7.855000019073486,2874,0.0,0.0
2026-02-24 12:25:00-05:00,7.849999904632568,7.849999904632568,7.829999923706055,7.829999923706055,3479,0.0,0.0
2026-02-24 12:30:00-05:00,7.828000068664551,7.84499979019165,7.828000068664551,7.84499979019165,404660,0.0,0.0
2026-02-24 12:35:00-05:00,7.84499979019165,7.894999980926514,7.84499979019165,7.894999980926514,0,0.0,0.0
2026-02-24 12:40:00-05:00,7.881400108337402,7.929999828338623,7.880199909210205,7.909999847412109,32565,0.0,0.0
2026-02-24 12:45:00-05:00,7.900000095367432,7.900000095367432,7.880000114440918,7.880000114440918,15930,0.0,0.0
2026-02-24 12:50:00-05:00,7.880000114440918,7.889999866485596,7.880000114440918,7.885000228881836,3419,0.0,0.0
2026-02-24 12:55:00-05:00,7.885000228881836,7.900000095367432,7.88100004196167,7.885000228881836,18651,0.0,0.0
2026-02-24 13:00:00-05:00,7.880000114440918,7.880000114440918,7.855000019073486,7.862400054931641,7546,0.0,0.0
2026-02-24 13:05:00-05:00,7.860000133514404,7.864999771118164,7.855000019073486,7.860000133514404,468269,0.0,0.0
2026-02-24 13:10:00-05:00,7.853000164031982,7.853000164031982,7.840000152587891,7.840000152587891,0,0.0,0.0
2026-02-24 13:15:00-05:00,7.840099811553955,7.860000133514404,7.840000152587891,7.860000133514404,1925,0.0,0.0
2026-02-24 13:20:00-05:00,7.855000019073486,7.864999771118164,7.855000019073486,7.864999771118164,2186,0.0,0.0
2026-02-24 13:25:00-05:00,7.864999771118164,7.864999771118164,7.849999904632568,7.864999771118164,2374,0.0,0.0
2026-02-24 13:30:00-05:00,7.875,7.900000095367432,7.875,7.875,14456,0.0,0.0
2026-02-24 13:35:00-05:00,7.880000114440918,7.894999980926514,7.880000114440918,7.894999980926514,5827,0.0,0.0
2026-02-24 13:40:00-05:00,7.900000095367432,7.900000095367432,7.889999866485596,7.894999980926514,7437,0.0,0.0
2026-02-24 13:45:00-05:00,7.894999980926514,7.900100231170654,7.885000228881836,7.900100231170654,2216,0.0,0.0
2026-02-24 13:50:00-05:00,7.90500020980835,7.920000076293945,7.894999980926514,7.920000076293945,7926,0.0,0.0
2026-02-24 13:55:00-05:00,7.914000034332275,7.925000190734863,7.909999847412109,7.925000190734863,13485,0.0,0.0
2026-02-24 14:00:00-05:00,7.920000076293945,7.965000152587891,7.914999961853027,7.941400051116943,546547,0.0,0.0
2026-02-24 14:05:00-05:00,7.948500156402588,7.96999979019165,7.940000057220459,7.949999809265137,0,0.0,0.0
2026-02-24 14:10:00-05:00,7.945000171661377,7.960000038146973,7.934999942779541,7.949999809265137,10379,0.0,0.0
2026-02-24 14:15:00-05:00,7.947500228881836,7.949999809265137,7.900000095367432,7.920000076293945,22800,0.0,0.0
2026-02-24 14:20:00-05:00,7.914999961853027,7.920000076293945,7.90500020980835,7.914999961853027,8398,0.0,0.0
2026-02-24 14:25:00-05:00,7.914999961853027,7.929900169372559,7.90500020980835,7.90500020980835,12777,0.0,0.0
2026-02-24 14:30:00-05:00,7.909999847412109,7.914999961853027,7.909999847412109,7.914999961853027,2723,0.0,0.0
2026-02-24 14:35:00-05:00,7.914999961853027,7.925000190734863,7.904600143432617,7.925000190734863,7710,0.0,0.0
2026-02-24 14:40:00-05:00,7.925000190734863,7.926499843597412,7.880000114440918,7.889999866485596,34907,0.0,0.0
2026-02-24 14:45:00-05:00,7.885000228881836,7.889999866485596,7.869999885559082,7.885000228881836,9111,0.0,0.0
2026-02-24 14:50:00-05:00,7.883399963378906,7.909999847412109,7.883399963378906,7.9029998779296875,16452,0.0,0.0
2026-02-24 14:55:00-05:00,7.900000095367432,7.909999847412109,7.894999980926514,7.8993000984191895,17532,0.0,0.0
2026-02-24 15:00:00-05:00,7.894999980926514,7.9475998878479,7.894999980926514,7.925000190734863,7070,0.0,0.0
2026-02-24 15:05:00-05:00,7.929900169372559,7.939899921417236,7.90500020980835,7.90500020980835,21883,0.0,0.0
2026-02-24 15:10:00-05:00,7.900000095367432,7.900000095367432,7.880099773406982,7.889999866485596,17911,0.0,0.0
2026-02-24 15:15:00-05:00,7.885000228881836,7.909999847412109,7.880099773406982,7.909999847412109,6596,0.0,0.0
2026-02-24 15:20:00-05:00,7.909999847412109,7.909999847412109,7.875,7.880099773406982,13045,0.0,0.0
2026-02-24 15:25:00-05:00,7.880099773406982,7.881400108337402,7.864999771118164,7.864999771118164,7585,0.0,0.0
2026-02-24 15:30:00-05:00,7.860000133514404,7.869900226593018,7.855000019073486,7.864999771118164,13191,0.0,0.0
2026-02-24 15:35:00-05:00,7.864999771118164,7.889999866485596,7.855000019073486,7.889999866485596,18678,0.0,0.0
2026-02-24 15:40:00-05:00,7.894999980926514,7.894999980926514,7.869999885559082,7.885000228881836,21772,0.0,0.0
2026-02-24 15:45:00-05:00,7.885000228881836,7.889999866485596,7.880000114440918,7.885000228881836,22501,0.0,0.0
2026-02-24 15:50:00-05:00,7.889999866485596,7.90500020980835,7.882999897003174,7.894999980926514,32071,0.0,0.0
2026-02-24 15:55:00-05:00,7.894999980926514,7.920000076293945,7.889999866485596,7.909999847412109,75831,0.0,0.0
2026-02-25 09:30:00-05:00,8.0,8.09000015258789,7.980000019073486,8.055000305175781,66349,0.0,0.0
2026-02-25 09:35:00-05:00,8.026000022888184,8.03499984741211,7.940000057220459,7.985000133514404,22896,0.0,0.0
2026-02-25 09:40:00-05:00,7.960000038146973,7.989999771118164,7.934999942779541,7.960000038146973,30640,0.0,0.0
2026-02-25 09:45:00-05:00,7.96999979019165,8.0,7.940000057220459,7.96999979019165,34546,0.0,0.0
2026-02-25 09:50:00-05:00,7.96999979019165,7.980000019073486,7.940000057220459,7.949999809265137,26291,0.0,0.0
2026-02-25 09:55:00-05:00,7.954999923706055,7.954999923706055,7.920100212097168,7.920100212097168,11085,0.0,0.0
2026-02-25 10:00:00-05:00,7.920000076293945,7.989200115203857,7.919899940490723,7.98859977722168,36940,0.0,0.0
2026-02-25 10:05:00-05:00,7.980000019073486,7.980000019073486,7.956999778747559,7.956999778747559,7027,0.0,0.0
2026-02-25 10:10:00-05:00,7.96999979019165,7.980000019073486,7.965000152587891,7.974999904632568,6434,0.0,0.0
2026-02-25 10:15:00-05:00,7.978000164031982,8.01990032196045,7.974999904632568,7.974999904632568,25557,0.0,0.0
2026-02-25 10:20:00-05:00,7.974999904632568,7.97790002822876,7.940000057220459,7.967299938201904,128286,0.0,0.0
2026-02-25 10:25:00-05:00,7.965000152587891,7.965000152587891,7.923500061035156,7.923500061035156,0,0.0,0.0
2026-02-25 10:30:00-05:00,7.920000076293945,7.925000190734863,7.889999866485596,7.889999866485596,35317,0.0,0.0
2026-02-25 10:35:00-05:00,7.894999980926514,7.900000095367432,7.869999885559082,7.880000114440918,9880,0.0,0.0
2026-02-25 10:40:00-05:00,7.869999885559082,7.889999866485596,7.860799789428711,7.889999866485596,10013,0.0,0.0
2026-02-25 10:45:00-05:00,7.880099773406982,7.940000057220459,7.880099773406982,7.925000190734863,18387,0.0,0.0
2026-02-25 10:50:00-05:00,7.921500205993652,7.925000190734863,7.90500020980835,7.90500020980835,8717,0.0,0.0
2026-02-25 10:55:00-05:00,7.90500020980835,7.920100212097168,7.900000095367432,7.9004998207092285,13897,0.0,0.0
2026-02-25 11:00:00-05:00,7.90369987487793,7.929999828338623,7.880000114440918,7.889900207519531,25345,0.0,0.0
2026-02-25 11:05:00-05:00,7.888199806213379,7.919899940490723,7.885000228881836,7.900000095367432,18053,0.0,0.0
2026-02-25 11:10:00-05:00,7.894999980926514,7.90500020980835,7.894999980926514,7.894999980926514,6825,0.0,0.0
2026-02-25 11:15:00-05:00,7.894999980926514,7.909999847412109,7.889999866485596,7.894999980926514,11896,0.0,0.0
2026-02-25 11:20:00-05:00,7.894999980926514,7.925000190734863,7.889999866485596,7.925000190734863,16221,0.0,0.0
2026-02-25 11:25:00-05:00,7.925000190734863,7.929699897766113,7.909999847412109,7.914999961853027,5142,0.0,0.0
2026-02-25 11:30:00-05:00,7.914999961853027,7.929999828338623,7.914999961853027,7.923500061035156,7462,0.0,0.0
2026-02-25 11:35:00-05:00,7.920000076293945,7.935500144958496,7.920000076293945,7.934999942779541,6517,0.0,0.0
2026-02-25 11:40:00-05:00,7.934999942779541,7.949999809265137,7.934999942779541,7.947500228881836,8754,0.0,0.0
2026-02-25 11:45:00-05:00,7.949999809265137,7.954999923706055,7.909999847412109,7.909999847412109,41407,0.0,0.0
2026-02-25 11:50:00-05:00,7.916900157928467,7.920000076293945,7.914999961853027,7.920000076293945,4178,0.0,0.0
2026-02-25 11:55:00-05:00,7.929999828338623,7.929999828338623,7.920000076293945,7.920000076293945,2929,0.0,0.0
2026-02-25 12:00:00-05:00,7.925000190734863,7.945000171661377,7.920100212097168,7.924499988555908,216586,0.0,0.0
2026-02-25 12:05:00-05:00,7.925000190734863,7.940000057220459,7.914999961853027,7.940000057220459,0,0.0,0.0
2026-02-25 12:10:00-05:00,7.939899921417236,7.939899921417236,7.929999828338623,7.929999828338623,5213,0.0,0.0
2026-02-25 12:15:00-05:00,7.920100212097168,7.925000190734863,7.900000095367432,7.914999961853027,19631,0.0,0.0
2026-02-25 12:20:00-05:00,7.914999961853027,7.914999961853027,7.90500020980835,7.90500020980835,9108,0.0,0.0
2026-02-25 12:25:00-05:00,7.90500020980835,7.950099945068359,7.90500020980835,7.949999809265137,29782,0.0,0.0
2026-02-25 12:30:00-05:00,7.954999923706055,7.954999923706055,7.929999828338623,7.938000202178955,10643,0.0,0.0
2026-02-25 12:35:00-05:00,7.934999942779541,7.945000171661377,7.934999942779541,7.934999942779541,3317,0.0,0.0
2026-02-25 12:40:00-05:00,7.936200141906738,7.945000171661377,7.929999828338623,7.934999942779541,12744,0.0,0.0
2026-02-25 12:45:00-05:00,7.934999942779541,7.934999942779541,7.920100212097168,7.934999942779541,9279,0.0,0.0
2026-02-25 12:50:00-05:00,7.940000057220459,7.940000057220459,7.929999828338623,7.934999942779541,2579,0.0,0.0
2026-02-25 12:55:00-05:00,7.934999942779541,7.940000057220459,7.929999828338623,7.940000057220459,2437,0.0,0.0
2026-02-25 13:00:00-05:00,7.940000057220459,7.948400020599365,7.9085001945495605,7.9085001945495605,32603,0.0,0.0
2026-02-25 13:05:00-05:00,7.909999847412109,7.909999847412109,7.90500020980835,7.909999847412109,6248,0.0,0.0
2026-02-25 13:10:00-05:00,7.910099983215332,7.920000076293945,7.910099983215332,7.914999961853027,6375,0.0,0.0
2026-02-25 13:15:00-05:00,7.914999961853027,7.914999961853027,7.889999866485596,7.889999866485596,4346,0.0,0.0
2026-02-25 13:20:00-05:00,7.894999980926514,7.894999980926514,7.860000133514404,7.864999771118164,327151,0.0,0.0
2026-02-25 13:25:00-05:00,7.860000133514404,7.860000133514404,7.853000164031982,7.855000019073486,0,0.0,0.0
2026-02-25 13:30:00-05:00,7.860000133514404,7.880000114440918,7.855000019073486,7.870299816131592,333597,0.0,0.0
2026-02-25 13:35:00-05:00,7.869999885559082,7.869999885559082,7.860099792480469,7.860099792480469,0,0.0,0.0
2026-02-25 13:40:00-05:00,7.864999771118164,7.869999885559082,7.860000133514404,7.860099792480469,3154,0.0,0.0
2026-02-25 13:45:00-05:00,7.864999771118164,7.864999771118164,7.849999904632568,7.864999771118164,29269,0.0,0.0
2026-02-25 13:50:00-05:00,7.864999771118164,7.879899978637695,7.864999771118164,7.870699882507324,8787,0.0,0.0
2026-02-25 13:55:00-05:00,7.876100063323975,7.876100063323975,7.860000133514404,7.864999771118164,4897,0.0,0.0
2026-02-25 14:00:00-05:00,7.861000061035156,7.864999771118164,7.860000133514404,7.864999771118164,2849,0.0,0.0
2026-02-25 14:05:00-05:00,7.864999771118164,7.869999885559082,7.860099792480469,7.869999885559082,17623,0.0,0.0
2026-02-25 14:10:00-05:00,7.870100021362305,7.875,7.861599922180176,7.861599922180176,1810,0.0,0.0
2026-02-25 14:15:00-05:00,7.869900226593018,7.875,7.864999771118164,7.864999771118164,4252,0.0,0.0
2026-02-25 14:20:00-05:00,7.869999885559082,7.875,7.864999771118164,7.869999885559082,5565,0.0,0.0
2026-02-25 14:25:00-05:00,7.880000114440918,7.880000114440918,7.865799903869629,7.876200199127197,3908,0.0,0.0
2026-02-25 14:30:00-05:00,7.880000114440918,7.90500020980835,7.880000114440918,7.90500020980835,11289,0.0,0.0
2026-02-25 14:35:00-05:00,7.900000095367432,7.914999961853027,7.900000095367432,7.910099983215332,2845,0.0,0.0
2026-02-25 14:40:00-05:00,7.914999961853027,7.934999942779541,7.914999961853027,7.934999942779541,396850,0.0,0.0
2026-02-25 14:45:00-05:00,7.929999828338623,7.934999942779541,7.925000190734863,7.929999828338623,0,0.0,0.0
2026-02-25 14:50:00-05:00,7.934000015258789,7.934999942779541,7.925000190734863,7.934999942779541,24491,0.0,0.0
2026-02-25 14:55:00-05:00,7.934999942779541,7.934999942779541,7.920000076293945,7.925000190734863,10769,0.0,0.0
2026-02-25 15:00:00-05:00,7.929999828338623,7.929999828338623,7.914999961853027,7.914999961853027,13456,0.0,0.0
2026-02-25 15:05:00-05:00,7.914999961853027,7.914999961853027,7.90500020980835,7.914999961853027,5630,0.0,0.0
2026-02-25 15:10:00-05:00,7.909999847412109,7.916299819946289,7.891600131988525,7.90500020980835,9477,0.0,0.0
2026-02-25 15:15:00-05:00,7.90500020980835,7.914999961853027,7.894999980926514,7.914999961853027,6492,0.0,0.0
2026-02-25 15:20:00-05:00,7.9131999015808105,7.919899940490723,7.90500020980835,7.910099983215332,7459,0.0,0.0
2026-02-25 15:25:00-05:00,7.909999847412109,7.909999847412109,7.869999885559082,7.869999885559082,17781,0.0,0.0
2026-02-25 15:30:00-05:00,7.875,7.885000228881836,7.873499870300293,7.885000228881836,10679,0.0,0.0
2026-02-25 15:35:00-05:00,7.880000114440918,7.880000114440918,7.860099792480469,7.864999771118164,15956,0.0,0.0
2026-02-25 15:40:00-05:00,7.864500045776367,7.864999771118164,7.840000152587891,7.84499979019165,26024,0.0,0.0
2026-02-25 15:45:00-05:00,7.849999904632568,7.849999904632568,7.809999942779541,7.815000057220459,35269,0.0,0.0
2026-02-25 15:50:00-05:00,7.815000057220459,7.8165998458862305,7.795000076293945,7.809999942779541,29623,0.0,0.0
2026-02-25 15:55:00-05:00,7.815000057220459,7.835000038146973,7.809999942779541,7.835000038146973,56493,0.0,0.0
2026-02-26 09:30:00-05:00,7.789999961853027,7.880000114440918,7.760000228881836,7.869999885559082,42922,0.0,0.0
2026-02-26 09:35:00-05:00,7.869999885559082,7.885000228881836,7.824999809265137,7.84499979019165,23623,0.0,0.0
2026-02-26 09:40:00-05:00,7.824999809265137,7.892000198364258,7.810100078582764,7.872000217437744,78099,0.0,0.0
2026-02-26 09:45:00-05:00,7.870100021362305,7.879899978637695,7.820000171661377,7.879899978637695,0,0.0,0.0
2026-02-26 09:50:00-05:00,7.869999885559082,7.900000095367432,7.855000019073486,7.880099773406982,50979,0.0,0.0
2026-02-26 09:55:00-05:00,7.885000228881836,7.920000076293945,7.885000228881836,7.900000095367432,45167,0.0,0.0
2026-02-26 10:00:00-05:00,7.900000095367432,7.909999847412109,7.869999885559082,7.900000095367432,36145,0.0,0.0
2026-02-26 10:05:00-05:00,7.885000228881836,7.900100231170654,7.869999885559082,7.887800216674805,17413,0.0,0.0
2026-02-26 10:10:00-05:00,7.889999866485596,7.909999847412109,7.869999885559082,7.875,29481,0.0,0.0
2026-02-26 10:15:00-05:00,7.864999771118164,7.869900226593018,7.804999828338623,7.835000038146973,84692,0.0,0.0
2026-02-26 10:20:00-05:00,7.84499979019165,7.885000228881836,7.820000171661377,7.875,46319,0.0,0.0
2026-02-26 10:25:00-05:00,7.869999885559082,7.881999969482422,7.829899787902832,7.840000152587891,13527,0.0,0.0
2026-02-26 10:30:00-05:00,7.840000152587891,7.869999885559082,7.829899787902832,7.840000152587891,10061,0.0,0.0
2026-02-26 10:35:00-05:00,7.868599891662598,7.929999828338623,7.868599891662598,7.929999828338623,40889,0.0,0.0
2026-02-26 10:40:00-05:00,7.929999828338623,7.949999809265137,7.920100212097168,7.941999912261963,39646,0.0,0.0
2026-02-26 10:45:00-05:00,7.949999809265137,7.985000133514404,7.949999809265137,7.965000152587891,29760,0.0,0.0
2026-02-26 10:50:00-05:00,7.965000152587891,7.980000019073486,7.960000038146973,7.980000019073486,12228,0.0,0.0
2026-02-26 10:55:00-05:00,7.985000133514404,8.0,7.974999904632568,7.985000133514404,231526,0.0,0.0
2026-02-26 11:00:00-05:00,7.985000133514404,7.989999771118164,7.974999904632568,7.980100154876709,0,0.0,0.0
2026-02-26 11:05:00-05:00,7.985000133514404,8.01990032196045,7.980100154876709,8.01990032196045,24670,0.0,0.0
2026-02-26 11:10:00-05:00,8.02299976348877,8.029999732971191,7.96999979019165,7.974999904632568,49811,0.0,0.0
2026-02-26 11:15:00-05:00,7.974999904632568,7.980000019073486,7.949999809265137,7.960000038146973,20110,0.0,0.0
2026-02-26 11:20:00-05:00,7.958000183105469,7.958000183105469,7.929999828338623,7.929999828338623,16877,0.0,0.0
2026-02-26 11:25:00-05:00,7.930699825286865,7.960000038146973,7.930699825286865,7.960000038146973,3752,0.0,0.0
2026-02-26 11:30:00-05:00,7.960000038146973,7.960000038146973,7.949999809265137,7.949999809265137,14457,0.0,0.0
2026-02-26 11:35:00-05:00,7.945000171661377,7.945000171661377,7.914999961853027,7.915299892425537,4145,0.0,0.0
2026-02-26 11:40:00-05:00,7.909999847412109,7.945000171661377,7.869999885559082,7.920100212097168,42680,0.0,0.0
2026-02-26 11:45:00-05:00,7.909999847412109,7.914999961853027,7.885000228881836,7.900000095367432,318374,0.0,0.0
2026-02-26 11:50:00-05:00,7.909999847412109,7.925000190734863,7.909999847412109,7.914999961853027,0,0.0,0.0
2026-02-26 11:55:00-05:00,7.9079999923706055,7.9079999923706055,7.880000114440918,7.885000228881836,5134,0.0,0.0
2026-02-26 12:00:00-05:00,7.880099773406982,7.920000076293945,7.880099773406982,7.913099765777588,14233,0.0,0.0
2026-02-26 12:05:00-05:00,7.920000076293945,7.925000190734863,7.914999961853027,7.9197998046875,3613,0.0,0.0
2026-02-26 12:10:00-05:00,7.920000076293945,7.949999809265137,7.900000095367432,7.900000095367432,340187,0.0,0.0
2026-02-26 12:15:00-05:00,7.90500020980835,7.914999961853027,7.900000095367432,7.90500020980835,0,0.0,0.0
2026-02-26 12:20:00-05:00,7.901100158691406,7.901100158691406,7.875,7.875,22521,0.0,0.0
2026-02-26 12:25:00-05:00,7.878900051116943,7.878900051116943,7.849999904632568,7.849999904632568,8831,0.0,0.0
2026-02-26 12:30:00-05:00,7.840000152587891,7.880000114440918,7.835000038146973,7.875,370349,0.0,0.0
2026-02-26 12:35:00-05:00,7.849999904632568,7.849999904632568,7.840000152587891,7.84499979019165,0,0.0,0.0
2026-02-26 12:40:00-05:00,7.84499979019165,7.849999904632568,7.836299896240234,7.836299896240234,12222,0.0,0.0
2026-02-26 12:45:00-05:00,7.840000152587891,7.840000152587891,7.800000190734863,7.804999828338623,25995,0.0,0.0
2026-02-26 12:50:00-05:00,7.804999828338623,7.849999904632568,7.804999828338623,7.849999904632568,13156,0.0,0.0
2026-02-26 12:55:00-05:00,7.840000152587891,7.840000152587891,7.824999809265137,7.829999923706055,23103,0.0,0.0
2026-02-26 13:00:00-05:00,7.829999923706055,7.840000152587891,7.800000190734863,7.804999828338623,20660,0.0,0.0
2026-02-26 13:05:00-05:00,7.809999942779541,7.829999923706055,7.795000076293945,7.829999923706055,17682,0.0,0.0
2026-02-26 13:10:00-05:00,7.839000225067139,7.84499979019165,7.839000225067139,7.842199802398682,3801,0.0,0.0
2026-02-26 13:15:00-05:00,7.840000152587891,7.855000019073486,7.840000152587891,7.849999904632568,4293,0.0,0.0
2026-02-26 13:20:00-05:00,7.849999904632568,7.849999904632568,7.824999809265137,7.824999809265137,2335,0.0,0.0
2026-02-26 13:25:00-05:00,7.840000152587891,7.840000152587891,7.829999923706055,7.829999923706055,1987,0.0,0.0
2026-02-26 13:30:00-05:00,7.813399791717529,7.859899997711182,7.813399791717529,7.859899997711182,16109,0.0,0.0
2026-02-26 13:35:00-05:00,7.860000133514404,7.869999885559082,7.860000133514404,7.864999771118164,2131,0.0,0.0
2026-02-26 13:40:00-05:00,7.869999885559082,7.869999885559082,7.849999904632568,7.860000133514404,14913,0.0,0.0
2026-02-26 13:45:00-05:00,7.869999885559082,7.870200157165527,7.849999904632568,7.855000019073486,2500,0.0,0.0
2026-02-26 13:50:00-05:00,7.860000133514404,7.880000114440918,7.860000133514404,7.880000114440918,2276,0.0,0.0
2026-02-26 13:55:00-05:00,7.875,7.880000114440918,7.860000133514404,7.860000133514404,1900,0.0,0.0
2026-02-26 14:00:00-05:00,7.860000133514404,7.869999885559082,7.860000133514404,7.869999885559082,1476,0.0,0.0
2026-02-26 14:05:00-05:00,7.875,7.880000114440918,7.869999885559082,7.870100021362305,6272,0.0,0.0
2026-02-26 14:10:00-05:00,7.880000114440918,7.885000228881836,7.869999885559082,7.885000228881836,13215,0.0,0.0
2026-02-26 14:15:00-05:00,7.900000095367432,7.929900169372559,7.889999866485596,7.889999866485596,22358,0.0,0.0
2026-02-26 14:20:00-05:00,7.895199775695801,7.925000190734863,7.895199775695801,7.914999961853027,16688,0.0,0.0
2026-02-26 14:25:00-05:00,7.909999847412109,7.909999847412109,7.871500015258789,7.875,8435,0.0,0.0
2026-02-26 14:30:00-05:00,7.869999885559082,7.920000076293945,7.864999771118164,7.914999961853027,12654,0.0,0.0
2026-02-26 14:35:00-05:00,7.914999961853027,7.920000076293945,7.90500020980835,7.920000076293945,2562,0.0,0.0
2026-02-26 14:40:00-05:00,7.919899940490723,7.920000076293945,7.90500020980835,7.909999847412109,5146,0.0,0.0
2026-02-26 14:45:00-05:00,7.9145002365112305,7.940000057220459,7.9145002365112305,7.939899921417236,4369,0.0,0.0
2026-02-26 14:50:00-05:00,7.929999828338623,7.934999942779541,7.920100212097168,7.925000190734863,488800,0.0,0.0
2026-02-26 14:55:00-05:00,7.925000190734863,7.934999942779541,7.90500020980835,7.909999847412109,0,0.0,0.0
2026-02-26 15:00:00-05:00,7.914999961853027,7.938199996948242,7.914999961853027,7.938199996948242,2972,0.0,0.0
2026-02-26 15:05:00-05:00,7.945000171661377,7.954999923706055,7.934999942779541,7.934999942779541,7932,0.0,0.0
2026-02-26 15:10:00-05:00,7.929999828338623,7.940000057220459,7.929999828338623,7.929999828338623,13813,0.0,0.0
2026-02-26 15:15:00-05:00,7.934999942779541,7.96999979019165,7.934999942779541,7.9654998779296875,6004,0.0,0.0
2026-02-26 15:20:00-05:00,7.96999979019165,8.005000114440918,7.96999979019165,8.005000114440918,15562,0.0,0.0
2026-02-26 15:25:00-05:00,8.005000114440918,8.009900093078613,7.989999771118164,7.989999771118164,5329,0.0,0.0
2026-02-26 15:30:00-05:00,7.989999771118164,8.005000114440918,7.989999771118164,8.000100135803223,7257,0.0,0.0
2026-02-26 15:35:00-05:00,8.005000114440918,8.029999732971191,8.005000114440918,8.010700225830078,27541,0.0,0.0
2026-02-26 15:40:00-05:00,8.020000457763672,8.020000457763672,7.974999904632568,7.974999904632568,24119,0.0,0.0
2026-02-26 15:45:00-05:00,7.974999904632568,8.005000114440918,7.96999979019165,8.005000114440918,16820,0.0,0.0
2026-02-26 15:50:00-05:00,8.005000114440918,8.020000457763672,8.002599716186523,8.011099815368652,13416,0.0,0.0
2026-02-26 15:55:00-05:00,8.015000343322754,8.020000457763672,7.985000133514404,7.985000133514404,109041,0.0,0.0
2026-02-27 09:30:00-05:00,7.809999942779541,7.889999866485596,7.809999942779541,7.849999904632568,70816,0.0,0.0
2026-02-27 09:35:00-05:00,7.859899997711182,7.859899997711182,7.800000190734863,7.829999923706055,40675,0.0,0.0
2026-02-27 09:40:00-05:00,7.820000171661377,7.84499979019165,7.769999980926514,7.840000152587891,66342,0.0,0.0
2026-02-27 09:45:00-05:00,7.820000171661377,7.839900016784668,7.787399768829346,7.819900035858154,23779,0.0,0.0
2026-02-27 09:50:00-05:00,7.819900035858154,7.880000114440918,7.809999942779541,7.875,19036,0.0,0.0
2026-02-27 09:55:00-05:00,7.890200138092041,7.890200138092041,7.829999923706055,7.84499979019165,28392,0.0,0.0
2026-02-27 10:00:00-05:00,7.849999904632568,7.860000133514404,7.820000171661377,7.824999809265137,24240,0.0,0.0
2026-02-27 10:05:00-05:00,7.824999809265137,7.860000133514404,7.824999809265137,7.849999904632568,15715,0.0,0.0
2026-02-27 10:10:00-05:00,7.855000019073486,7.889999866485596,7.855000019073486,7.885000228881836,59602,0.0,0.0
2026-02-27 10:15:00-05:00,7.885000228881836,7.920000076293945,7.880000114440918,7.914999961853027,43031,0.0,0.0
2026-02-27 10:20:00-05:00,7.925000190734863,7.949999809265137,7.920300006866455,7.934999942779541,20711,0.0,0.0
2026-02-27 10:25:00-05:00,7.929999828338623,7.929999828338623,7.909999847412109,7.909999847412109,6974,0.0,0.0
2026-02-27 10:30:00-05:00,7.909999847412109,7.927299976348877,7.894999980926514,7.927299976348877,13212,0.0,0.0
2026-02-27 10:35:00-05:00,7.929999828338623,7.949999809265137,7.929999828338623,7.940100193023682,16567,0.0,0.0
2026-02-27 10:40:00-05:00,7.940000057220459,7.945000171661377,7.920000076293945,7.945000171661377,7561,0.0,0.0
2026-02-27 10:45:00-05:00,7.945000171661377,7.94980001449585,7.910699844360352,7.920000076293945,5138,0.0,0.0
2026-02-27 10:50:00-05:00,7.920100212097168,7.925000190734863,7.909999847412109,7.925000190734863,10882,0.0,0.0
2026-02-27 10:55:00-05:00,7.925000190734863,7.939899921417236,7.920000076293945,7.934999942779541,5619,0.0,0.0
2026-02-27 11:00:00-05:00,7.934999942779541,7.954999923706055,7.914999961853027,7.929999828338623,30164,0.0,0.0
2026-02-27 11:05:00-05:00,7.920000076293945,7.920000076293945,7.890100002288818,7.890100002288818,24018,0.0,0.0
2026-02-27 11:10:00-05:00,7.889999866485596,7.899899959564209,7.885000228881836,7.885000228881836,23731,0.0,0.0
2026-02-27 11:15:00-05:00,7.885000228881836,7.934999942779541,7.885000228881836,7.914999961853027,33284,0.0,0.0
2026-02-27 11:20:00-05:00,7.909999847412109,7.914999961853027,7.90500020980835,7.914999961853027,4557,0.0,0.0
2026-02-27 11:25:00-05:00,7.920000076293945,7.929999828338623,7.914999961853027,7.923900127410889,5576,0.0,0.0
2026-02-27 11:30:00-05:00,7.934999942779541,7.945000171661377,7.929999828338623,7.945000171661377,4509,0.0,0.0
2026-02-27 11:35:00-05:00,7.940000057220459,7.940000057220459,7.920100212097168,7.929999828338623,13269,0.0,0.0
2026-02-27 11:40:00-05:00,7.929999828338623,7.940000057220459,7.919899940490723,7.940000057220459,4996,0.0,0.0
2026-02-27 11:45:00-05:00,7.940000057220459,7.954999923706055,7.940000057220459,7.949999809265137,15479,0.0,0.0
2026-02-27 11:50:00-05:00,7.954500198364258,7.965000152587891,7.954500198364258,7.954999923706055,5038,0.0,0.0
2026-02-27 11:55:00-05:00,7.960000038146973,7.960000038146973,7.954999923706055,7.954999923706055,4347,0.0,0.0
2026-02-27 12:00:00-05:00,7.960000038146973,7.985000133514404,7.960000038146973,7.980000019073486,9490,0.0,0.0
2026-02-27 12:05:00-05:00,7.989999771118164,8.010000228881836,7.989999771118164,8.0,283718,0.0,0.0
2026-02-27 12:10:00-05:00,8.005000114440918,8.005000114440918,7.970099925994873,7.970099925994873,0,0.0,0.0
2026-02-27 12:15:00-05:00,7.974999904632568,7.974999904632568,7.954999923706055,7.954999923706055,4069,0.0,0.0
2026-02-27 12:20:00-05:00,7.954999923706055,7.954999923706055,7.914999961853027,7.925000190734863,30301,0.0,0.0
2026-02-27 12:25:00-05:00,7.925000190734863,7.929999828338623,7.914999961853027,7.914999961853027,5134,0.0,0.0
2026-02-27 12:30:00-05:00,7.914999961853027,7.945000171661377,7.914999961853027,7.940100193023682,5783,0.0,0.0
2026-02-27 12:35:00-05:00,7.945000171661377,7.959199905395508,7.940000057220459,7.945000171661377,3047,0.0,0.0
2026-02-27 12:40:00-05:00,7.9359002113342285,7.9359002113342285,7.920899868011475,7.920899868011475,290788,0.0,0.0
2026-02-27 12:45:00-05:00,7.920000076293945,7.925000190734863,7.914999961853027,7.925000190734863,0,0.0,0.0
2026-02-27 12:50:00-05:00,7.927999973297119,7.939899921417236,7.914999961853027,7.934999942779541,31183,0.0,0.0
2026-02-27 12:55:00-05:00,7.934999942779541,7.936299800872803,7.929999828338623,7.934999942779541,9796,0.0,0.0
2026-02-27 13:00:00-05:00,7.934999942779541,7.934999942779541,7.932300090789795,7.932300090789795,3094,0.0,0.0
2026-02-27 13:05:00-05:00,7.934999942779541,7.934999942779541,7.914999961853027,7.914999961853027,13533,0.0,0.0
2026-02-27 13:10:00-05:00,7.909999847412109,7.920000076293945,7.900000095367432,7.90500020980835,23824,0.0,0.0
2026-02-27 13:15:00-05:00,7.90500020980835,7.909999847412109,7.875,7.875,30964,0.0,0.0
2026-02-27 13:20:00-05:00,7.875,7.875,7.775000095367432,7.795000076293945,92738,0.0,0.0
2026-02-27 13:25:00-05:00,7.800000190734863,7.824999809265137,7.789999961853027,7.815000057220459,19761,0.0,0.0
2026-02-27 13:30:00-05:00,7.811600208282471,7.82859992980957,7.811600208282471,7.815000057220459,11316,0.0,0.0
2026-02-27 13:35:00-05:00,7.820000171661377,7.824999809265137,7.800000190734863,7.800000190734863,23139,0.0,0.0
2026-02-27 13:40:00-05:00,7.804999828338623,7.828999996185303,7.804999828338623,7.820000171661377,11510,0.0,0.0
2026-02-27 13:45:00-05:00,7.824999809265137,7.824999809265137,7.815000057220459,7.821400165557861,4476,0.0,0.0
2026-02-27 13:50:00-05:00,7.824999809265137,7.835000038146973,7.820000171661377,7.829999923706055,9402,0.0,0.0
2026-02-27 13:55:00-05:00,7.824999809265137,7.835000038146973,7.800000190734863,7.809999942779541,29877,0.0,0.0
2026-02-27 14:00:00-05:00,7.809999942779541,7.824999809265137,7.800000190734863,7.810100078582764,16965,0.0,0.0
2026-02-27 14:05:00-05:00,7.800099849700928,7.824999809265137,7.795000076293945,7.804999828338623,19403,0.0,0.0
2026-02-27 14:10:00-05:00,7.804999828338623,7.804999828338623,7.795000076293945,7.800000190734863,5259,0.0,0.0
2026-02-27 14:15:00-05:00,7.804999828338623,7.8059000968933105,7.799300193786621,7.805500030517578,11590,0.0,0.0
2026-02-27 14:20:00-05:00,7.804999828338623,7.809999942779541,7.795000076293945,7.809999942779541,3293,0.0,0.0
2026-02-27 14:25:00-05:00,7.809999942779541,7.825099945068359,7.800000190734863,7.804999828338623,17152,0.0,0.0
2026-02-27 14:30:00-05:00,7.804999828338623,7.820000171661377,7.800000190734863,7.800000190734863,9485,0.0,0.0
2026-02-27 14:35:00-05:00,7.800000190734863,7.804999828338623,7.795000076293945,7.795000076293945,20095,0.0,0.0
2026-02-27 14:40:00-05:00,7.795000076293945,7.795000076293945,7.775000095367432,7.775000095367432,31706,0.0,0.0
2026-02-27 14:45:00-05:00,7.775000095367432,7.800000190734863,7.770100116729736,7.795000076293945,16576,0.0,0.0
2026-02-27 14:50:00-05:00,7.792099952697754,7.815000057220459,7.792099952697754,7.815000057220459,6832,0.0,0.0
2026-02-27 14:55:00-05:00,7.815000057220459,7.820000171661377,7.800000190734863,7.800000190734863,9602,0.0,0.0
2026-02-27 15:00:00-05:00,7.800000190734863,7.819900035858154,7.800000190734863,7.809999942779541,19597,0.0,0.0
2026-02-27 15:05:00-05:00,7.801400184631348,7.801400184631348,7.789999961853027,7.795000076293945,4652,0.0,0.0
2026-02-27 15:10:00-05:00,7.795000076293945,7.819900035858154,7.795000076293945,7.815000057220459,5796,0.0,0.0
2026-02-27 15:15:00-05:00,7.820000171661377,7.835000038146973,7.809999942779541,7.820000171661377,14791,0.0,0.0
2026-02-27 15:20:00-05:00,7.815000057220459,7.840000152587891,7.804999828338623,7.840000152587891,19292,0.0,0.0
2026-02-27 15:25:00-05:00,7.849999904632568,7.864999771118164,7.835000038146973,7.835000038146973,498265,0.0,0.0
2026-02-27 15:30:00-05:00,7.835000038146973,7.859000205993652,7.835000038146973,7.84499979019165,0,0.0,0.0
2026-02-27 15:35:00-05:00,7.840000152587891,7.864999771118164,7.839900016784668,7.861999988555908,31139,0.0,0.0
2026-02-27 15:40:00-05:00,7.869999885559082,7.920000076293945,7.869999885559082,7.889999866485596,47489,0.0,0.0
2026-02-27 15:45:00-05:00,7.885000228881836,7.929999828338623,7.883299827575684,7.885000228881836,48922,0.0,0.0
2026-02-27 15:50:00-05:00,7.860000133514404,7.885000228881836,7.860000133514404,7.880000114440918,40671,0.0,0.0
2026-02-27 15:55:00-05:00,7.885000228881836,7.900000095367432,7.855000019073486,7.870200157165527,127799,0.0,0.0
2026-03-02 10:45:00-05:00,7.519999980926514,7.75,7.400000095367432,7.429999828338623,280182,0.0,0.0
2026-03-02 10:50:00-05:00,7.440000057220459,7.46999979019165,7.400000095367432,7.429999828338623,338560,0.0,0.0
2026-03-02 10:55:00-05:00,7.429900169372559,7.457600116729736,7.409999847412109,7.445000171661377,0,0.0,0.0
2026-03-02 11:00:00-05:00,7.449699878692627,7.468500137329102,7.400000095367432,7.440000057220459,58282,0.0,0.0
2026-03-02 11:05:00-05:00,7.439899921417236,7.440000057220459,7.400000095367432,7.434999942779541,44358,0.0,0.0
2026-03-02 11:10:00-05:00,7.434999942779541,7.460000038146973,7.434999942779541,7.445000171661377,38425,0.0,0.0
2026-03-02 11:15:00-05:00,7.445000171661377,7.445000171661377,7.4105000495910645,7.4105000495910645,37761,0.0,0.0
2026-03-02 11:20:00-05:00,7.410699844360352,7.445000171661377,7.410699844360352,7.434999942779541,36144,0.0,0.0
2026-03-02 11:25:00-05:00,7.434999942779541,7.445000171661377,7.414299964904785,7.414299964904785,23423,0.0,0.0
2026-03-02 11:30:00-05:00,7.414999961853027,7.425000190734863,7.389999866485596,7.414999961853027,25903,0.0,0.0
2026-03-02 11:35:00-05:00,7.409999847412109,7.439899921417236,7.400000095367432,7.434999942779541,19077,0.0,0.0
2026-03-02 11:40:00-05:00,7.440000057220459,7.480000019073486,7.429999828338623,7.46999979019165,140696,0.0,0.0
2026-03-02 11:45:00-05:00,7.46999979019165,7.539899826049805,7.465000152587891,7.525000095367432,37379,0.0,0.0
2026-03-02 11:50:00-05:00,7.520299911499023,7.579100131988525,7.500100135803223,7.579100131988525,53705,0.0,0.0
2026-03-02 11:55:00-05:00,7.574999809265137,7.574999809265137,7.5416998863220215,7.559999942779541,608151,0.0,0.0
2026-03-02 12:00:00-05:00,7.560999870300293,7.560999870300293,7.533299922943115,7.549300193786621,0,0.0,0.0
2026-03-02 12:05:00-05:00,7.550000190734863,7.550000190734863,7.525000095367432,7.525000095367432,17703,0.0,0.0
2026-03-02 12:10:00-05:00,7.519999980926514,7.529900074005127,7.514999866485596,7.525000095367432,545322,0.0,0.0
2026-03-02 12:15:00-05:00,7.525000095367432,7.559899806976318,7.525000095367432,7.559899806976318,0,0.0,0.0
2026-03-02 12:20:00-05:00,7.559999942779541,7.570000171661377,7.53000020980835,7.550000190734863,14185,0.0,0.0
2026-03-02 12:25:00-05:00,7.539999961853027,7.539999961853027,7.530099868774414,7.534999847412109,6526,0.0,0.0
2026-03-02 12:30:00-05:00,7.531000137329102,7.539999961853027,7.519999980926514,7.53000020980835,13705,0.0,0.0
2026-03-02 12:35:00-05:00,7.529900074005127,7.549900054931641,7.525000095367432,7.5355000495910645,9609,0.0,0.0
2026-03-02 12:40:00-05:00,7.539999961853027,7.554999828338623,7.530700206756592,7.530700206756592,20107,0.0,0.0
2026-03-02 12:45:00-05:00,7.53000020980835,7.53000020980835,7.480000019073486,7.494999885559082,21232,0.0,0.0
2026-03-02 12:50:00-05:00,7.494999885559082,7.51800012588501,7.490699768066406,7.514999866485596,12550,0.0,0.0
2026-03-02 12:55:00-05:00,7.514999866485596,7.519999980926514,7.505000114440918,7.519999980926514,16363,0.0,0.0
2026-03-02 13:00:00-05:00,7.519999980926514,7.525000095367432,7.514999866485596,7.519999980926514,7438,0.0,0.0
2026-03-02 13:05:00-05:00,7.525000095367432,7.550000190734863,7.525000095367432,7.545000076293945,18102,0.0,0.0
2026-03-02 13:10:00-05:00,7.545000076293945,7.5792999267578125,7.545000076293945,7.565000057220459,654874,0.0,0.0
2026-03-02 13:15:00-05:00,7.565000057220459,7.579899787902832,7.554999828338623,7.565000057220459,0,0.0,0.0
2026-03-02 13:20:00-05:00,7.565000057220459,7.565000057220459,7.554999828338623,7.565000057220459,15064,0.0,0.0
2026-03-02 13:25:00-05:00,7.560100078582764,7.574999809265137,7.559999942779541,7.570000171661377,9065,0.0,0.0
2026-03-02 13:30:00-05:00,7.570000171661377,7.599999904632568,7.570000171661377,7.599999904632568,21742,0.0,0.0
2026-03-02 13:35:00-05:00,7.59499979019165,7.625,7.59499979019165,7.625,27281,0.0,0.0
2026-03-02 13:40:00-05:00,7.629899978637695,7.629899978637695,7.584499835968018,7.625,29429,0.0,0.0
2026-03-02 13:45:00-05:00,7.6234002113342285,7.639999866485596,7.619999885559082,7.639999866485596,9410,0.0,0.0
2026-03-02 13:50:00-05:00,7.639900207519531,7.6493000984191895,7.635000228881836,7.644999980926514,6153,0.0,0.0
2026-03-02 13:55:00-05:00,7.646299839019775,7.646299839019775,7.605000019073486,7.625,13643,0.0,0.0
2026-03-02 14:00:00-05:00,7.625,7.639999866485596,7.614999771118164,7.638999938964844,8698,0.0,0.0
2026-03-02 14:05:00-05:00,7.635000228881836,7.639999866485596,7.630199909210205,7.639999866485596,4683,0.0,0.0
2026-03-02 14:10:00-05:00,7.635000228881836,7.659900188446045,7.630000114440918,7.659900188446045,8026,0.0,0.0
2026-03-02 14:15:00-05:00,7.65500020980835,7.679999828338623,7.65500020980835,7.679999828338623,7918,0.0,0.0
2026-03-02 14:20:00-05:00,7.675000190734863,7.684999942779541,7.659999847412109,7.684999942779541,15392,0.0,0.0
2026-03-02 14:25:00-05:00,7.671000003814697,7.684999942779541,7.659999847412109,7.659999847412109,28637,0.0,0.0
2026-03-02 14:30:00-05:00,7.664999961853027,7.685999870300293,7.650000095367432,7.68149995803833,17025,0.0,0.0
2026-03-02 14:35:00-05:00,7.689000129699707,7.710000038146973,7.689000129699707,7.704999923706055,7055,0.0,0.0
2026-03-02 14:40:00-05:00,7.704999923706055,7.704999923706055,7.675000190734863,7.679999828338623,8111,0.0,0.0
2026-03-02 14:45:00-05:00,7.6819000244140625,7.690000057220459,7.67549991607666,7.688000202178955,13568,0.0,0.0
2026-03-02 14:50:00-05:00,7.684999942779541,7.695000171661377,7.664999961853027,7.679999828338623,15613,0.0,0.0
2026-03-02 14:55:00-05:00,7.675000190734863,7.679999828338623,7.670100212097168,7.675000190734863,9234,0.0,0.0
2026-03-02 15:00:00-05:00,7.675000190734863,7.675000190734863,7.650000095367432,7.65500020980835,21647,0.0,0.0
2026-03-02 15:05:00-05:00,7.659999847412109,7.670000076293945,7.610099792480469,7.630000114440918,17763,0.0,0.0
2026-03-02 15:10:00-05:00,7.627500057220459,7.635000228881836,7.612199783325195,7.614999771118164,21483,0.0,0.0
2026-03-02 15:15:00-05:00,7.610000133514404,7.610000133514404,7.559999942779541,7.570000171661377,38448,0.0,0.0
2026-03-02 15:20:00-05:00,7.559999942779541,7.574999809265137,7.550000190734863,7.564499855041504,13743,0.0,0.0
2026-03-02 15:25:00-05:00,7.565000057220459,7.565000057220459,7.545000076293945,7.556000232696533,6223,0.0,0.0
2026-03-02 15:30:00-05:00,7.554999828338623,7.585000038146973,7.545000076293945,7.579999923706055,16601,0.0,0.0
2026-03-02 15:35:00-05:00,7.574999809265137,7.589900016784668,7.570000171661377,7.585000038146973,7923,0.0,0.0
2026-03-02 15:40:00-05:00,7.585000038146973,7.59499979019165,7.570099830627441,7.573699951171875,15044,0.0,0.0
2026-03-02 15:45:00-05:00,7.579999923706055,7.599999904632568,7.579999923706055,7.59499979019165,11443,0.0,0.0
2026-03-02 15:50:00-05:00,7.596099853515625,7.605000019073486,7.580100059509277,7.59499979019165,38187,0.0,0.0
2026-03-02 15:55:00-05:00,7.590000152587891,7.619999885559082,7.579999923706055,7.590000152587891,83376,0.0,0.0
2026-03-03 09:30:00-05:00,7.400000095367432,7.539999961853027,7.389999866485596,7.465000152587891,206462,0.0,0.0
2026-03-03 09:35:00-05:00,7.449999809265137,7.46999979019165,7.429999828338623,7.451399803161621,55786,0.0,0.0
2026-03-03 09:40:00-05:00,7.460000038146973,7.460000038146973,7.420000076293945,7.425000190734863,65866,0.0,0.0
2026-03-03 09:45:00-05:00,7.420100212097168,7.429999828338623,7.400000095367432,7.409999847412109,51377,0.0,0.0
2026-03-03 09:50:00-05:00,7.400700092315674,7.419000148773193,7.360000133514404,7.389999866485596,84727,0.0,0.0
2026-03-03 09:55:00-05:00,7.380099773406982,7.388299942016602,7.360000133514404,7.375,32688,0.0,0.0
2026-03-03 10:00:00-05:00,7.375,7.434999942779541,7.375,7.40500020980835,37404,0.0,0.0
2026-03-03 10:05:00-05:00,7.408599853515625,7.414999961853027,7.375,7.400000095367432,32043,0.0,0.0
2026-03-03 10:10:00-05:00,7.40500020980835,7.440000057220459,7.400000095367432,7.429999828338623,37231,0.0,0.0
2026-03-03 10:15:00-05:00,7.434999942779541,7.445000171661377,7.320300102233887,7.320300102233887,28717,0.0,0.0
2026-03-03 10:20:00-05:00,7.320000171661377,7.323400020599365,7.21999979019165,7.21999979019165,149737,0.0,0.0
2026-03-03 10:25:00-05:00,7.21999979019165,7.275000095367432,7.21999979019165,7.275000095367432,42505,0.0,0.0
2026-03-03 10:30:00-05:00,7.275000095367432,7.309999942779541,7.260000228881836,7.295000076293945,76602,0.0,0.0
2026-03-03 10:35:00-05:00,7.295000076293945,7.335000038146973,7.289999961853027,7.329999923706055,45166,0.0,0.0
2026-03-03 10:40:00-05:00,7.320000171661377,7.375,7.315000057220459,7.34499979019165,29057,0.0,0.0
2026-03-03 10:45:00-05:00,7.349999904632568,7.375,7.329999923706055,7.335000038146973,35265,0.0,0.0
2026-03-03 10:50:00-05:00,7.340000152587891,7.340000152587891,7.260000228881836,7.289999961853027,169405,0.0,0.0
2026-03-03 10:55:00-05:00,7.295000076293945,7.320000171661377,7.284999847412109,7.313199996948242,38003,0.0,0.0
2026-03-03 11:00:00-05:00,7.309999942779541,7.315000057220459,7.2820000648498535,7.315000057220459,19082,0.0,0.0
2026-03-03 11:05:00-05:00,7.324999809265137,7.356800079345703,7.309999942779541,7.324999809265137,48323,0.0,0.0
2026-03-03 11:10:00-05:00,7.324999809265137,7.355000019073486,7.309999942779541,7.355000019073486,26828,0.0,0.0
2026-03-03 11:15:00-05:00,7.355000019073486,7.369999885559082,7.324999809265137,7.335000038146973,82055,0.0,0.0
2026-03-03 11:20:00-05:00,7.329999923706055,7.360000133514404,7.315000057220459,7.349899768829346,47825,0.0,0.0
2026-03-03 11:25:00-05:00,7.349999904632568,7.400000095367432,7.324999809265137,7.380099773406982,109465,0.0,0.0
2026-03-03 11:30:00-05:00,7.385000228881836,7.385000228881836,7.324999809265137,7.335000038146973,25894,0.0,0.0
2026-03-03 11:35:00-05:00,7.335000038146973,7.3790998458862305,7.329999923706055,7.348199844360352,66174,0.0,0.0
2026-03-03 11:40:00-05:00,7.340000152587891,7.40500020980835,7.329999923706055,7.394999980926514,68844,0.0,0.0
2026-03-03 11:45:00-05:00,7.399899959564209,7.474999904632568,7.399899959564209,7.449999809265137,103835,0.0,0.0
2026-03-03 11:50:00-05:00,7.449999809265137,7.454999923706055,7.402500152587891,7.409999847412109,45493,0.0,0.0
2026-03-03 11:55:00-05:00,7.400000095367432,7.434999942779541,7.390100002288818,7.400000095367432,67227,0.0,0.0
2026-03-03 12:00:00-05:00,7.389999866485596,7.40500020980835,7.34499979019165,7.359899997711182,53777,0.0,0.0
2026-03-03 12:05:00-05:00,7.360000133514404,7.364999771118164,7.34499979019165,7.34499979019165,6295,0.0,0.0
2026-03-03 12:10:00-05:00,7.349899768829346,7.355000019073486,7.335000038146973,7.34499979019165,29040,0.0,0.0
2026-03-03 12:15:00-05:00,7.349899768829346,7.375,7.34499979019165,7.375,59851,0.0,0.0
2026-03-03 12:20:00-05:00,7.379899978637695,7.425000190734863,7.355000019073486,7.425000190734863,38327,0.0,0.0
2026-03-03 12:25:00-05:00,7.420100212097168,7.420100212097168,7.380000114440918,7.39709997177124,55536,0.0,0.0
2026-03-03 12:30:00-05:00,7.394999980926514,7.394999980926514,7.355000019073486,7.355000019073486,21536,0.0,0.0
2026-03-03 12:35:00-05:00,7.349999904632568,7.364999771118164,7.340000152587891,7.364999771118164,31610,0.0,0.0
2026-03-03 12:40:00-05:00,7.364999771118164,7.385000228881836,7.364999771118164,7.380099773406982,44568,0.0,0.0
2026-03-03 12:45:00-05:00,7.375,7.389900207519531,7.360000133514404,7.389900207519531,36082,0.0,0.0
2026-03-03 12:50:00-05:00,7.380300045013428,7.380300045013428,7.320000171661377,7.320000171661377,96524,0.0,0.0
2026-03-03 12:55:00-05:00,7.326499938964844,7.335000038146973,7.309999942779541,7.315000057220459,59891,0.0,0.0
2026-03-03 13:00:00-05:00,7.313399791717529,7.329899787902832,7.309999942779541,7.319900035858154,22710,0.0,0.0
2026-03-03 13:05:00-05:00,7.315000057220459,7.324999809265137,7.309999942779541,7.324999809265137,12209,0.0,0.0
2026-03-03 13:10:00-05:00,7.324999809265137,7.349999904632568,7.324999809265137,7.340000152587891,33905,0.0,0.0
2026-03-03 13:15:00-05:00,7.335000038146973,7.355000019073486,7.335000038146973,7.335000038146973,21866,0.0,0.0
2026-03-03 13:20:00-05:00,7.340000152587891,7.365499973297119,7.340000152587891,7.364999771118164,32789,0.0,0.0
2026-03-03 13:25:00-05:00,7.364999771118164,7.375,7.349999904632568,7.355000019073486,38178,0.0,0.0
2026-03-03 13:30:00-05:00,7.355000019073486,7.369999885559082,7.353499889373779,7.360000133514404,48797,0.0,0.0
2026-03-03 13:35:00-05:00,7.369800090789795,7.385000228881836,7.364999771118164,7.380000114440918,55223,0.0,0.0
2026-03-03 13:40:00-05:00,7.380099773406982,7.389999866485596,7.360000133514404,7.389999866485596,49039,0.0,0.0
2026-03-03 13:45:00-05:00,7.394999980926514,7.394999980926514,7.385000228881836,7.394999980926514,36596,0.0,0.0
2026-03-03 13:50:00-05:00,7.394999980926514,7.420000076293945,7.369999885559082,7.385000228881836,120846,0.0,0.0
2026-03-03 13:55:00-05:00,7.380000114440918,7.380000114440918,7.364999771118164,7.375,42463,0.0,0.0
2026-03-03 14:00:00-05:00,7.375,7.375,7.329999923706055,7.329999923706055,33201,0.0,0.0
2026-03-03 14:05:00-05:00,7.329999923706055,7.329999923706055,7.310100078582764,7.315000057220459,30479,0.0,0.0
2026-03-03 14:10:00-05:00,7.315000057220459,7.329999923706055,7.295000076293945,7.324999809265137,31241,0.0,0.0
2026-03-03 14:15:00-05:00,7.324999809265137,7.349999904632568,7.322800159454346,7.340099811553955,22730,0.0,0.0
2026-03-03 14:20:00-05:00,7.34499979019165,7.369900226593018,7.34499979019165,7.355000019073486,39962,0.0,0.0
2026-03-03 14:25:00-05:00,7.349999904632568,7.364999771118164,7.324999809265137,7.324999809265137,47045,0.0,0.0
2026-03-03 14:30:00-05:00,7.324999809265137,7.335000038146973,7.324999809265137,7.324999809265137,10590,0.0,0.0
2026-03-03 14:35:00-05:00,7.320000171661377,7.380000114440918,7.320000171661377,7.370100021362305,48182,0.0,0.0
2026-03-03 14:40:00-05:00,7.375,7.385000228881836,7.355000019073486,7.369999885559082,56855,0.0,0.0
2026-03-03 14:45:00-05:00,7.375,7.389999866485596,7.373199939727783,7.385000228881836,98062,0.0,0.0
2026-03-03 14:50:00-05:00,7.389999866485596,7.40500020980835,7.375,7.385000228881836,52442,0.0,0.0
2026-03-03 14:55:00-05:00,7.385000228881836,7.385000228881836,7.355000019073486,7.375500202178955,35952,0.0,0.0
2026-03-03 15:00:00-05:00,7.369999885559082,7.425000190734863,7.369999885559082,7.40500020980835,107553,0.0,0.0
2026-03-03 15:05:00-05:00,7.40500020980835,7.409900188446045,7.394999980926514,7.394999980926514,13474,0.0,0.0
2026-03-03 15:10:00-05:00,7.394999980926514,7.40500020980835,7.380000114440918,7.385000228881836,13684,0.0,0.0
2026-03-03 15:15:00-05:00,7.380000114440918,7.385000228881836,7.360000133514404,7.375,18398,0.0,0.0
2026-03-03 15:20:00-05:00,7.375,7.40500020980835,7.360000133514404,7.369999885559082,65690,0.0,0.0
2026-03-03 15:25:00-05:00,7.375,7.385000228881836,7.369999885559082,7.385000228881836,12134,0.0,0.0
2026-03-03 15:30:00-05:00,7.385000228881836,7.389999866485596,7.369999885559082,7.385000228881836,17252,0.0,0.0
2026-03-03 15:35:00-05:00,7.385000228881836,7.400000095367432,7.385000228881836,7.394499778747559,23203,0.0,0.0
2026-03-03 15:40:00-05:00,7.394999980926514,7.400000095367432,7.369999885559082,7.375,24326,0.0,0.0
2026-03-03 15:45:00-05:00,7.375,7.380000114440918,7.370699882507324,7.379899978637695,20406,0.0,0.0
2026-03-03 15:50:00-05:00,7.369999885559082,7.380000114440918,7.355000019073486,7.370999813079834,68597,0.0,0.0
2026-03-03 15:55:00-05:00,7.380000114440918,7.385000228881836,7.360000133514404,7.360000133514404,88767,0.0,0.0
2026-03-04 09:30:00-05:00,7.349999904632568,7.666900157928467,7.349999904632568,7.601200103759766,355779,0.0,0.0
2026-03-04 09:35:00-05:00,7.610199928283691,7.650000095367432,7.494999885559082,7.505000114440918,108121,0.0,0.0
2026-03-04 09:40:00-05:00,7.5,7.559899806976318,7.493100166320801,7.53000020980835,48905,0.0,0.0
2026-03-04 09:45:00-05:00,7.539899826049805,7.579999923706055,7.518499851226807,7.53000020980835,131713,0.0,0.0
2026-03-04 09:50:00-05:00,7.520299911499023,7.574999809265137,7.520299911499023,7.559999942779541,25823,0.0,0.0
2026-03-04 09:55:00-05:00,7.550000190734863,7.573500156402588,7.53000020980835,7.550000190734863,20431,0.0,0.0
2026-03-04 10:00:00-05:00,7.558700084686279,7.5995001792907715,7.520100116729736,7.539999961853027,51508,0.0,0.0
2026-03-04 10:05:00-05:00,7.5355000495910645,7.574999809265137,7.53000020980835,7.549699783325195,28538,0.0,0.0
2026-03-04 10:10:00-05:00,7.550000190734863,7.550000190734863,7.494999885559082,7.505000114440918,41163,0.0,0.0
2026-03-04 10:15:00-05:00,7.514999866485596,7.53000020980835,7.505000114440918,7.53000020980835,20658,0.0,0.0
2026-03-04 10:20:00-05:00,7.545000076293945,7.559999942779541,7.525000095367432,7.559999942779541,17547,0.0,0.0
2026-03-04 10:25:00-05:00,7.553800106048584,7.565000057220459,7.539999961853027,7.565000057220459,50493,0.0,0.0
2026-03-04 10:30:00-05:00,7.559899806976318,7.579999923706055,7.53000020980835,7.53000020980835,35451,0.0,0.0
2026-03-04 10:35:00-05:00,7.53000020980835,7.550000190734863,7.525000095367432,7.539999961853027,16127,0.0,0.0
2026-03-04 10:40:00-05:00,7.536499977111816,7.545000076293945,7.525000095367432,7.534999847412109,27729,0.0,0.0
2026-03-04 10:45:00-05:00,7.529900074005127,7.554999828338623,7.520100116729736,7.554999828338623,14598,0.0,0.0
2026-03-04 10:50:00-05:00,7.554999828338623,7.554999828338623,7.530700206756592,7.530700206756592,10839,0.0,0.0
2026-03-04 10:55:00-05:00,7.534999847412109,7.554999828338623,7.53000020980835,7.550000190734863,4872,0.0,0.0
2026-03-04 11:00:00-05:00,7.548399925231934,7.549900054931641,7.5,7.5,45448,0.0,0.0
2026-03-04 11:05:00-05:00,7.494999885559082,7.539999961853027,7.494999885559082,7.525000095367432,21501,0.0,0.0
2026-03-04 11:10:00-05:00,7.53000020980835,7.53000020980835,7.5,7.510000228881836,12969,0.0,0.0
2026-03-04 11:15:00-05:00,7.519999980926514,7.539899826049805,7.519999980926514,7.53000020980835,9076,0.0,0.0
2026-03-04 11:20:00-05:00,7.53000020980835,7.53000020980835,7.505000114440918,7.519999980926514,23269,0.0,0.0
2026-03-04 11:25:00-05:00,7.53000020980835,7.539999961853027,7.525000095367432,7.539999961853027,10043,0.0,0.0
2026-03-04 11:30:00-05:00,7.548699855804443,7.548699855804443,7.519999980926514,7.539999961853027,8334,0.0,0.0
2026-03-04 11:35:00-05:00,7.534999847412109,7.539999961853027,7.525000095367432,7.534999847412109,5132,0.0,0.0
2026-03-04 11:40:00-05:00,7.534999847412109,7.559999942779541,7.53000020980835,7.545000076293945,27103,0.0,0.0
2026-03-04 11:45:00-05:00,7.539999961853027,7.539999961853027,7.510000228881836,7.528900146484375,32339,0.0,0.0
2026-03-04 11:50:00-05:00,7.525000095367432,7.53000020980835,7.520999908447266,7.529300212860107,4524,0.0,0.0
2026-03-04 11:55:00-05:00,7.529799938201904,7.529799938201904,7.505099773406982,7.505099773406982,7520,0.0,0.0
2026-03-04 12:00:00-05:00,7.514999866485596,7.545000076293945,7.514999866485596,7.539999961853027,6614,0.0,0.0
2026-03-04 12:05:00-05:00,7.539999961853027,7.539999961853027,7.525000095367432,7.525000095367432,30472,0.0,0.0
2026-03-04 12:10:00-05:00,7.53000020980835,7.545000076293945,7.510000228881836,7.534999847412109,34916,0.0,0.0
2026-03-04 12:15:00-05:00,7.539999961853027,7.559999942779541,7.539999961853027,7.539999961853027,28723,0.0,0.0
2026-03-04 12:20:00-05:00,7.53000020980835,7.534999847412109,7.510000228881836,7.519999980926514,18580,0.0,0.0
2026-03-04 12:25:00-05:00,7.510000228881836,7.514999866485596,7.501399993896484,7.505000114440918,9903,0.0,0.0
2026-03-04 12:30:00-05:00,7.5,7.514999866485596,7.5,7.510000228881836,21992,0.0,0.0
2026-03-04 12:35:00-05:00,7.519999980926514,7.534999847412109,7.519999980926514,7.519999980926514,7049,0.0,0.0
2026-03-04 12:40:00-05:00,7.514999866485596,7.514999866485596,7.510000228881836,7.510000228881836,1855,0.0,0.0
2026-03-04 12:45:00-05:00,7.510000228881836,7.53000020980835,7.510000228881836,7.525000095367432,11518,0.0,0.0
2026-03-04 12:50:00-05:00,7.519999980926514,7.525000095367432,7.519999980926514,7.525000095367432,20451,0.0,0.0
2026-03-04 12:55:00-05:00,7.525000095367432,7.539999961853027,7.514999866485596,7.519999980926514,29792,0.0,0.0
2026-03-04 13:00:00-05:00,7.5335001945495605,7.5335001945495605,7.525000095367432,7.53000020980835,2007,0.0,0.0
2026-03-04 13:05:00-05:00,7.529900074005127,7.53380012512207,7.519999980926514,7.525000095367432,16108,0.0,0.0
2026-03-04 13:10:00-05:00,7.514999866485596,7.514999866485596,7.5,7.5,8472,0.0,0.0
2026-03-04 13:15:00-05:00,7.496099948883057,7.5,7.489999771118164,7.489999771118164,13750,0.0,0.0
2026-03-04 13:20:00-05:00,7.494100093841553,7.499899864196777,7.485000133514404,7.485000133514404,10548,0.0,0.0
2026-03-04 13:25:00-05:00,7.471099853515625,7.485000133514404,7.460000038146973,7.485000133514404,15136,0.0,0.0
2026-03-04 13:30:00-05:00,7.485000133514404,7.494999885559082,7.485000133514404,7.485000133514404,15731,0.0,0.0
2026-03-04 13:35:00-05:00,7.489999771118164,7.5,7.4899001121521,7.5,4165,0.0,0.0
2026-03-04 13:40:00-05:00,7.490099906921387,7.494999885559082,7.489999771118164,7.490300178527832,1857,0.0,0.0
2026-03-04 13:45:00-05:00,7.494999885559082,7.5,7.480000019073486,7.494100093841553,16777,0.0,0.0
2026-03-04 13:50:00-05:00,7.5,7.510000228881836,7.5,7.507999897003174,8542,0.0,0.0
2026-03-04 13:55:00-05:00,7.5,7.505000114440918,7.494999885559082,7.494999885559082,13837,0.0,0.0
2026-03-04 14:00:00-05:00,7.5,7.509900093078613,7.5,7.509900093078613,5512,0.0,0.0
2026-03-04 14:05:00-05:00,7.505000114440918,7.509900093078613,7.501699924468994,7.505000114440918,2692,0.0,0.0
2026-03-04 14:10:00-05:00,7.5,7.505000114440918,7.474999904632568,7.474999904632568,12452,0.0,0.0
2026-03-04 14:15:00-05:00,7.474999904632568,7.474999904632568,7.460000038146973,7.4644999504089355,10706,0.0,0.0
2026-03-04 14:20:00-05:00,7.464000225067139,7.469799995422363,7.440000057220459,7.44980001449585,45955,0.0,0.0
2026-03-04 14:25:00-05:00,7.449999809265137,7.45989990234375,7.445000171661377,7.45989990234375,11911,0.0,0.0
2026-03-04 14:30:00-05:00,7.454999923706055,7.454999923706055,7.445000171661377,7.445000171661377,6113,0.0,0.0
2026-03-04 14:35:00-05:00,7.445000171661377,7.457499980926514,7.445000171661377,7.454999923706055,6193,0.0,0.0
2026-03-04 14:40:00-05:00,7.450099945068359,7.45989990234375,7.449999809265137,7.452000141143799,5100,0.0,0.0
2026-03-04 14:45:00-05:00,7.452199935913086,7.465000152587891,7.452199935913086,7.454999923706055,7374,0.0,0.0
2026-03-04 14:50:00-05:00,7.454999923706055,7.469900131225586,7.450099945068359,7.465000152587891,19993,0.0,0.0
2026-03-04 14:55:00-05:00,7.460000038146973,7.460000038146973,7.4207000732421875,7.429900169372559,21240,0.0,0.0
2026-03-04 15:00:00-05:00,7.429999828338623,7.440000057220459,7.429999828338623,7.440000057220459,12213,0.0,0.0
2026-03-04 15:05:00-05:00,7.445000171661377,7.445000171661377,7.420100212097168,7.434000015258789,18377,0.0,0.0
2026-03-04 15:10:00-05:00,7.430600166320801,7.445000171661377,7.430099964141846,7.440000057220459,6512,0.0,0.0
2026-03-04 15:15:00-05:00,7.44890022277832,7.44890022277832,7.429999828338623,7.429999828338623,10084,0.0,0.0
2026-03-04 15:20:00-05:00,7.434999942779541,7.434999942779541,7.414999961853027,7.414999961853027,42085,0.0,0.0
2026-03-04 15:25:00-05:00,7.420000076293945,7.429999828338623,7.414999961853027,7.425000190734863,13069,0.0,0.0
2026-03-04 15:30:00-05:00,7.425000190734863,7.425000190734863,7.375,7.375,47335,0.0,0.0
2026-03-04 15:35:00-05:00,7.375,7.380000114440918,7.360000133514404,7.360000133514404,33377,0.0,0.0
2026-03-04 15:40:00-05:00,7.360000133514404,7.364999771118164,7.320000171661377,7.320000171661377,66782,0.0,0.0
2026-03-04 15:45:00-05:00,7.329899787902832,7.329899787902832,7.309999942779541,7.309999942779541,15398,0.0,0.0
2026-03-04 15:50:00-05:00,7.300000190734863,7.309999942779541,7.28000020980835,7.304999828338623,110541,0.0,0.0
2026-03-04 15:55:00-05:00,7.300000190734863,7.329999923706055,7.289999961853027,7.300000190734863,117448,0.0,0.0
2026-03-05 09:30:00-05:00,7.300000190734863,7.340000152587891,7.2108001708984375,7.295000076293945,194986,0.0,0.0
2026-03-05 09:35:00-05:00,7.29010009765625,7.3256001472473145,7.275000095367432,7.300000190734863,27307,0.0,0.0
2026-03-05 09:40:00-05:00,7.304999828338623,7.349999904632568,7.300000190734863,7.34499979019165,44402,0.0,0.0
2026-03-05 09:45:00-05:00,7.340000152587891,7.380000114440918,7.301400184631348,7.320000171661377,49221,0.0,0.0
2026-03-05 09:50:00-05:00,7.320000171661377,7.359899997711182,7.29010009765625,7.302800178527832,65978,0.0,0.0
2026-03-05 09:55:00-05:00,7.309999942779541,7.335000038146973,7.292799949645996,7.298500061035156,22888,0.0,0.0
2026-03-05 10:00:00-05:00,7.300000190734863,7.319900035858154,7.28000020980835,7.289999961853027,14889,0.0,0.0
2026-03-05 10:05:00-05:00,7.289700031280518,7.289999961853027,7.15500020980835,7.180099964141846,679693,0.0,0.0
2026-03-05 10:10:00-05:00,7.190000057220459,7.199999809265137,7.175000190734863,7.175000190734863,54037,0.0,0.0
2026-03-05 10:15:00-05:00,7.175000190734863,7.188000202178955,7.150000095367432,7.170000076293945,33760,0.0,0.0
2026-03-05 10:20:00-05:00,7.170000076293945,7.175000190734863,7.105000019073486,7.125,57198,0.0,0.0
2026-03-05 10:25:00-05:00,7.125,7.144999980926514,7.119999885559082,7.125,43390,0.0,0.0
2026-03-05 10:30:00-05:00,7.129899978637695,7.129899978637695,7.10099983215332,7.119900226593018,60209,0.0,0.0
2026-03-05 10:35:00-05:00,7.119800090789795,7.159999847412109,7.110000133514404,7.150000095367432,28964,0.0,0.0
2026-03-05 10:40:00-05:00,7.159999847412109,7.164999961853027,7.130300045013428,7.135000228881836,31350,0.0,0.0
2026-03-05 10:45:00-05:00,7.139999866485596,7.150000095367432,7.130099773406982,7.1367998123168945,24740,0.0,0.0
2026-03-05 10:50:00-05:00,7.139999866485596,7.149899959564209,7.130000114440918,7.139900207519531,20354,0.0,0.0
2026-03-05 10:55:00-05:00,7.135000228881836,7.135000228881836,7.113100051879883,7.119999885559082,42106,0.0,0.0
2026-03-05 11:00:00-05:00,7.125,7.139999866485596,7.125,7.135000228881836,26522,0.0,0.0
2026-03-05 11:05:00-05:00,7.135000228881836,7.13670015335083,7.085000038146973,7.100100040435791,106612,0.0,0.0
2026-03-05 11:10:00-05:00,7.099999904632568,7.109899997711182,7.089900016784668,7.105000019073486,46974,0.0,0.0
2026-03-05 11:15:00-05:00,7.109099864959717,7.110000133514404,7.09499979019165,7.09499979019165,10150,0.0,0.0
2026-03-05 11:20:00-05:00,7.09499979019165,7.105000019073486,7.090099811553955,7.096199989318848,25527,0.0,0.0
2026-03-05 11:25:00-05:00,7.090099811553955,7.09499979019165,7.059999942779541,7.065000057220459,105163,0.0,0.0
2026-03-05 11:30:00-05:00,7.065000057220459,7.074999809265137,7.04010009765625,7.059999942779541,41323,0.0,0.0
2026-03-05 11:35:00-05:00,7.054999828338623,7.079500198364258,7.054999828338623,7.074999809265137,32384,0.0,0.0
2026-03-05 11:40:00-05:00,7.070000171661377,7.070000171661377,7.059999942779541,7.066199779510498,39724,0.0,0.0
2026-03-05 11:45:00-05:00,7.070000171661377,7.114999771118164,7.070000171661377,7.114999771118164,124070,0.0,0.0
2026-03-05 11:50:00-05:00,7.118800163269043,7.118800163269043,7.09499979019165,7.105000019073486,42705,0.0,0.0
2026-03-05 11:55:00-05:00,7.105000019073486,7.11929988861084,7.105000019073486,7.114999771118164,25866,0.0,0.0
2026-03-05 12:00:00-05:00,7.110000133514404,7.144999980926514,7.100100040435791,7.144999980926514,26316,0.0,0.0
2026-03-05 12:05:00-05:00,7.144999980926514,7.169899940490723,7.139999866485596,7.164999961853027,18717,0.0,0.0
2026-03-05 12:10:00-05:00,7.159999847412109,7.175000190734863,7.133800029754639,7.160099983215332,59580,0.0,0.0
2026-03-05 12:15:00-05:00,7.15500020980835,7.169899940490723,7.150000095367432,7.15500020980835,14884,0.0,0.0
2026-03-05 12:20:00-05:00,7.150000095367432,7.150000095367432,7.130099773406982,7.144999980926514,11757,0.0,0.0
2026-03-05 12:25:00-05:00,7.144999980926514,7.144999980926514,7.119999885559082,7.144999980926514,15095,0.0,0.0
2026-03-05 12:30:00-05:00,7.149899959564209,7.150000095367432,7.099999904632568,7.099999904632568,17309,0.0,0.0
2026-03-05 12:35:00-05:00,7.09499979019165,7.099999904632568,7.085000038146973,7.09499979019165,18264,0.0,0.0
2026-03-05 12:40:00-05:00,7.09499979019165,7.099899768829346,7.070000171661377,7.074999809265137,21142,0.0,0.0
2026-03-05 12:45:00-05:00,7.074999809265137,7.079999923706055,7.065000057220459,7.065000057220459,27167,0.0,0.0
2026-03-05 12:50:00-05:00,7.065000057220459,7.079999923706055,7.041999816894531,7.059899806976318,33856,0.0,0.0
2026-03-05 12:55:00-05:00,7.049900054931641,7.054999828338623,7.045000076293945,7.054999828338623,17088,0.0,0.0
2026-03-05 13:00:00-05:00,7.059899806976318,7.065000057220459,7.054999828338623,7.059999942779541,10344,0.0,0.0
2026-03-05 13:05:00-05:00,7.065000057220459,7.081900119781494,7.059999942779541,7.081900119781494,15832,0.0,0.0
2026-03-05 13:10:00-05:00,7.085000038146973,7.09499979019165,7.070099830627441,7.0833001136779785,7155,0.0,0.0
2026-03-05 13:15:00-05:00,7.085000038146973,7.085000038146973,7.054999828338623,7.054999828338623,5168,0.0,0.0
2026-03-05 13:20:00-05:00,7.059999942779541,7.085000038146973,7.054999828338623,7.077099800109863,11112,0.0,0.0
2026-03-05 13:25:00-05:00,7.070000171661377,7.070000171661377,7.050000190734863,7.054999828338623,7152,0.0,0.0
2026-03-05 13:30:00-05:00,7.070000171661377,7.070000171661377,7.054999828338623,7.066699981689453,11675,0.0,0.0
2026-03-05 13:35:00-05:00,7.070000171661377,7.079899787902832,7.065000057220459,7.065000057220459,23843,0.0,0.0
2026-03-05 13:40:00-05:00,7.059999942779541,7.090000152587891,7.050099849700928,7.087900161743164,16998,0.0,0.0
2026-03-05 13:45:00-05:00,7.085000038146973,7.090000152587891,7.074999809265137,7.079999923706055,11421,0.0,0.0
2026-03-05 13:50:00-05:00,7.079899787902832,7.079899787902832,7.050099849700928,7.060100078582764,26391,0.0,0.0
2026-03-05 13:55:00-05:00,7.065000057220459,7.069900035858154,7.059999942779541,7.060100078582764,10188,0.0,0.0
2026-03-05 14:00:00-05:00,7.069900035858154,7.089900016784668,7.060100078582764,7.060100078582764,29980,0.0,0.0
2026-03-05 14:05:00-05:00,7.070000171661377,7.079999923706055,7.065000057220459,7.065000057220459,17321,0.0,0.0
2026-03-05 14:10:00-05:00,7.059999942779541,7.065000057220459,7.054999828338623,7.059999942779541,13981,0.0,0.0
2026-03-05 14:15:00-05:00,7.059999942779541,7.079999923706055,7.050000190734863,7.059999942779541,58609,0.0,0.0
2026-03-05 14:20:00-05:00,7.059999942779541,7.065000057220459,7.054999828338623,7.054999828338623,6272,0.0,0.0
2026-03-05 14:25:00-05:00,7.054999828338623,7.054999828338623,7.030099868774414,7.034999847412109,29396,0.0,0.0
2026-03-05 14:30:00-05:00,7.03000020980835,7.03000020980835,7.010000228881836,7.019999980926514,44599,0.0,0.0
2026-03-05 14:35:00-05:00,7.025000095367432,7.029900074005127,7.010000228881836,7.025000095367432,21929,0.0,0.0
2026-03-05 14:40:00-05:00,7.029900074005127,7.03000020980835,7.014999866485596,7.019999980926514,17507,0.0,0.0
2026-03-05 14:45:00-05:00,7.014999866485596,7.025000095367432,7.010000228881836,7.0177998542785645,23955,0.0,0.0
2026-03-05 14:50:00-05:00,7.019599914550781,7.019599914550781,6.96999979019165,6.985000133514404,156503,0.0,0.0
2026-03-05 14:55:00-05:00,6.985000133514404,7.017499923706055,6.984499931335449,7.007999897003174,29816,0.0,0.0
2026-03-05 15:00:00-05:00,7.005000114440918,7.014999866485596,6.985000133514404,7.005000114440918,31726,0.0,0.0
2026-03-05 15:05:00-05:00,7.008500099182129,7.019999980926514,6.994999885559082,7.019999980926514,14103,0.0,0.0
2026-03-05 15:10:00-05:00,7.014999866485596,7.019999980926514,7.0,7.009399890899658,39090,0.0,0.0
2026-03-05 15:15:00-05:00,7.005000114440918,7.019999980926514,7.0,7.005000114440918,31521,0.0,0.0
2026-03-05 15:20:00-05:00,7.005000114440918,7.039999961853027,7.0,7.039999961853027,46783,0.0,0.0
2026-03-05 15:25:00-05:00,7.054999828338623,7.059999942779541,7.045000076293945,7.045000076293945,14048,0.0,0.0
2026-03-05 15:30:00-05:00,7.039999961853027,7.047100067138672,7.034999847412109,7.047100067138672,5386,0.0,0.0
2026-03-05 15:35:00-05:00,7.04449987411499,7.059899806976318,7.039999961853027,7.054999828338623,10558,0.0,0.0
2026-03-05 15:40:00-05:00,7.054999828338623,7.079999923706055,7.054200172424316,7.070000171661377,18847,0.0,0.0
2026-03-05 15:45:00-05:00,7.073299884796143,7.074999809265137,7.050000190734863,7.065000057220459,23218,0.0,0.0
2026-03-05 15:50:00-05:00,7.070000171661377,7.079999923706055,7.059999942779541,7.065000057220459,26303,0.0,0.0
2026-03-05 15:55:00-05:00,7.065000057220459,7.079999923706055,7.039999961853027,7.050000190734863,157435,0.0,0.0
2026-03-06 09:30:00-05:00,6.980000019073486,6.985000133514404,6.860000133514404,6.940000057220459,193351,0.0,0.0
2026-03-06 09:35:00-05:00,6.945000171661377,6.957200050354004,6.900000095367432,6.949900150299072,54632,0.0,0.0
2026-03-06 09:40:00-05:00,6.953700065612793,7.010000228881836,6.953700065612793,7.005000114440918,33841,0.0,0.0
2026-03-06 09:45:00-05:00,7.0,7.0,6.940000057220459,6.954999923706055,32083,0.0,0.0
2026-03-06 09:50:00-05:00,6.949999809265137,6.977499961853027,6.920000076293945,6.934999942779541,54630,0.0,0.0
2026-03-06 09:55:00-05:00,6.940000057220459,6.960000038146973,6.920000076293945,6.949999809265137,33439,0.0,0.0
2026-03-06 10:00:00-05:00,6.960000038146973,7.075500011444092,6.960000038146973,7.071300029754639,52767,0.0,0.0
2026-03-06 10:05:00-05:00,7.074999809265137,7.090000152587891,7.03000020980835,7.054999828338623,24597,0.0,0.0
2026-03-06 10:10:00-05:00,7.070000171661377,7.099899768829346,7.065000057220459,7.09499979019165,21285,0.0,0.0
2026-03-06 10:15:00-05:00,7.09499979019165,7.110000133514404,7.090000152587891,7.099999904632568,37031,0.0,0.0
2026-03-06 10:20:00-05:00,7.099999904632568,7.119900226593018,7.074999809265137,7.090000152587891,39279,0.0,0.0
2026-03-06 10:25:00-05:00,7.090000152587891,7.099999904632568,7.065000057220459,7.09499979019165,23602,0.0,0.0
2026-03-06 10:30:00-05:00,7.09499979019165,7.120100021362305,7.09499979019165,7.120100021362305,34074,0.0,0.0
2026-03-06 10:35:00-05:00,7.125,7.130000114440918,7.119999885559082,7.125,30626,0.0,0.0
2026-03-06 10:40:00-05:00,7.119999885559082,7.119999885559082,7.099999904632568,7.114999771118164,10755,0.0,0.0
2026-03-06 10:45:00-05:00,7.114999771118164,7.11870002746582,7.085000038146973,7.085000038146973,7163,0.0,0.0
2026-03-06 10:50:00-05:00,7.079999923706055,7.079999923706055,7.065000057220459,7.074999809265137,21660,0.0,0.0
2026-03-06 10:55:00-05:00,7.079999923706055,7.110000133514404,7.074999809265137,7.093900203704834,11652,0.0,0.0
2026-03-06 11:00:00-05:00,7.090000152587891,7.107999801635742,7.085000038146973,7.09499979019165,16523,0.0,0.0
2026-03-06 11:05:00-05:00,7.09499979019165,7.099999904632568,7.065000057220459,7.070000171661377,10829,0.0,0.0
2026-03-06 11:10:00-05:00,7.065000057220459,7.079899787902832,7.050000190734863,7.054999828338623,24215,0.0,0.0
2026-03-06 11:15:00-05:00,7.054999828338623,7.065000057220459,7.045000076293945,7.054999828338623,9352,0.0,0.0
2026-03-06 11:20:00-05:00,7.059999942779541,7.065000057220459,7.045000076293945,7.052000045776367,8631,0.0,0.0
2026-03-06 11:25:00-05:00,7.054999828338623,7.059299945831299,7.045000076293945,7.054999828338623,4909,0.0,0.0
2026-03-06 11:30:00-05:00,7.059999942779541,7.077499866485596,7.050000190734863,7.050000190734863,7422,0.0,0.0
2026-03-06 11:35:00-05:00,7.041399955749512,7.079999923706055,7.041399955749512,7.070000171661377,17148,0.0,0.0
2026-03-06 11:40:00-05:00,7.070000171661377,7.079999923706055,7.070000171661377,7.079999923706055,8671,0.0,0.0
2026-03-06 11:45:00-05:00,7.079999923706055,7.090000152587891,7.079999923706055,7.085000038146973,9699,0.0,0.0
2026-03-06 11:50:00-05:00,7.085000038146973,7.09499979019165,7.085000038146973,7.089900016784668,7214,0.0,0.0
2026-03-06 11:55:00-05:00,7.085000038146973,7.09499979019165,7.0802001953125,7.085000038146973,14736,0.0,0.0
2026-03-06 12:00:00-05:00,7.085000038146973,7.09499979019165,7.082499980926514,7.090000152587891,18824,0.0,0.0
2026-03-06 12:05:00-05:00,7.085000038146973,7.085000038146973,7.070000171661377,7.074999809265137,9682,0.0,0.0
2026-03-06 12:10:00-05:00,7.079999923706055,7.085000038146973,7.079999923706055,7.085000038146973,8725,0.0,0.0
2026-03-06 12:15:00-05:00,7.085000038146973,7.085000038146973,7.070000171661377,7.074999809265137,7768,0.0,0.0
2026-03-06 12:20:00-05:00,7.079999923706055,7.079999923706055,7.065000057220459,7.065000057220459,8478,0.0,0.0
2026-03-06 12:25:00-05:00,7.059999942779541,7.059999942779541,7.025000095367432,7.025000095367432,21839,0.0,0.0
2026-03-06 12:30:00-05:00,7.025000095367432,7.03000020980835,7.025000095367432,7.03000020980835,3491,0.0,0.0
2026-03-06 12:35:00-05:00,7.019999980926514,7.019999980926514,6.989999771118164,6.994999885559082,15909,0.0,0.0
2026-03-06 12:40:00-05:00,7.0,7.03000020980835,6.999899864196777,7.025000095367432,97094,0.0,0.0
2026-03-06 12:45:00-05:00,7.025000095367432,7.034999847412109,7.020100116729736,7.034999847412109,6934,0.0,0.0
2026-03-06 12:50:00-05:00,7.034999847412109,7.036499977111816,7.014999866485596,7.019999980926514,23143,0.0,0.0
2026-03-06 12:55:00-05:00,7.014999866485596,7.039999961853027,7.0100998878479,7.031400203704834,10319,0.0,0.0
2026-03-06 13:00:00-05:00,7.039899826049805,7.054999828338623,7.034999847412109,7.034999847412109,12417,0.0,0.0
2026-03-06 13:05:00-05:00,7.045000076293945,7.059999942779541,7.045000076293945,7.050000190734863,4403,0.0,0.0
2026-03-06 13:10:00-05:00,7.050000190734863,7.079899787902832,7.039999961853027,7.079899787902832,10028,0.0,0.0
2026-03-06 13:15:00-05:00,7.081900119781494,7.089900016784668,7.070099830627441,7.085000038146973,19271,0.0,0.0
2026-03-06 13:20:00-05:00,7.085000038146973,7.09499979019165,7.085000038146973,7.09499979019165,7506,0.0,0.0
2026-03-06 13:25:00-05:00,7.09499979019165,7.099999904632568,7.074999809265137,7.083899974822998,15332,0.0,0.0
2026-03-06 13:30:00-05:00,7.090000152587891,7.114999771118164,7.090000152587891,7.114999771118164,9320,0.0,0.0
2026-03-06 13:35:00-05:00,7.110000133514404,7.110000133514404,7.085000038146973,7.09499979019165,6591,0.0,0.0
2026-03-06 13:40:00-05:00,7.093900203704834,7.093900203704834,7.070000171661377,7.085000038146973,15691,0.0,0.0
2026-03-06 13:45:00-05:00,7.085000038146973,7.085000038146973,7.039999961853027,7.052599906921387,19285,0.0,0.0
2026-03-06 13:50:00-05:00,7.059899806976318,7.059899806976318,7.030700206756592,7.031400203704834,12712,0.0,0.0
2026-03-06 13:55:00-05:00,7.03000020980835,7.03000020980835,7.019999980926514,7.019999980926514,14268,0.0,0.0
2026-03-06 14:00:00-05:00,7.025000095367432,7.105000019073486,7.025000095367432,7.050000190734863,85898,0.0,0.0
2026-03-06 14:05:00-05:00,7.04010009765625,7.049900054931641,7.03000020980835,7.034999847412109,11064,0.0,0.0
2026-03-06 14:10:00-05:00,7.039000034332275,7.069900035858154,7.03000020980835,7.054999828338623,91534,0.0,0.0
2026-03-06 14:15:00-05:00,7.054999828338623,7.069900035858154,7.050000190734863,7.069900035858154,34825,0.0,0.0
2026-03-06 14:20:00-05:00,7.065000057220459,7.070000171661377,7.050000190734863,7.054999828338623,25146,0.0,0.0
2026-03-06 14:25:00-05:00,7.057199954986572,7.079999923706055,7.0507001876831055,7.062099933624268,33482,0.0,0.0
2026-03-06 14:30:00-05:00,7.065000057220459,7.070000171661377,7.045000076293945,7.059999942779541,30898,0.0,0.0
2026-03-06 14:35:00-05:00,7.059800148010254,7.065000057220459,7.047800064086914,7.059999942779541,17795,0.0,0.0
2026-03-06 14:40:00-05:00,7.058700084686279,7.074999809265137,7.054999828338623,7.054999828338623,14891,0.0,0.0
2026-03-06 14:45:00-05:00,7.052000045776367,7.059899806976318,7.039999961853027,7.059899806976318,41434,0.0,0.0
2026-03-06 14:50:00-05:00,7.050099849700928,7.059999942779541,7.04010009765625,7.050000190734863,6272,0.0,0.0
2026-03-06 14:55:00-05:00,7.050099849700928,7.15500020980835,7.050000190734863,7.099999904632568,114819,0.0,0.0
2026-03-06 15:00:00-05:00,7.1097002029418945,7.300000190734863,7.099999904632568,7.264999866485596,254069,0.0,0.0
2026-03-06 15:05:00-05:00,7.264999866485596,7.269800186157227,7.190000057220459,7.210000038146973,45878,0.0,0.0
2026-03-06 15:10:00-05:00,7.210000038146973,7.230000019073486,7.190000057220459,7.215000152587891,50605,0.0,0.0
2026-03-06 15:15:00-05:00,7.215000152587891,7.215000152587891,7.193900108337402,7.195000171661377,42784,0.0,0.0
2026-03-06 15:20:00-05:00,7.190000057220459,7.199999809265137,7.09499979019165,7.105000019073486,126399,0.0,0.0
2026-03-06 15:25:00-05:00,7.105000019073486,7.144999980926514,7.105000019073486,7.125,70271,0.0,0.0
2026-03-06 15:30:00-05:00,7.130000114440918,7.135000228881836,7.119999885559082,7.119999885559082,13543,0.0,0.0
2026-03-06 15:35:00-05:00,7.125,7.125,7.100100040435791,7.119999885559082,41313,0.0,0.0
2026-03-06 15:40:00-05:00,7.114999771118164,7.158599853515625,7.114999771118164,7.149799823760986,30033,0.0,0.0
2026-03-06 15:45:00-05:00,7.150000095367432,7.15500020980835,7.140100002288818,7.150000095367432,25176,0.0,0.0
2026-03-06 15:50:00-05:00,7.150100231170654,7.190000057220459,7.144999980926514,7.189899921417236,29097,0.0,0.0
2026-03-06 15:55:00-05:00,7.184999942779541,7.230000019073486,7.179999828338623,7.230000019073486,136617,0.0,0.0
2026-03-09 09:30:00-04:00,7.079999923706055,7.079999923706055,6.96999979019165,6.980000019073486,165031,0.0,0.0
2026-03-09 09:35:00-04:00,6.985000133514404,7.0,6.940100193023682,6.958799839019775,52002,0.0,0.0
2026-03-09 09:40:00-04:00,6.949999809265137,6.974999904632568,6.930099964141846,6.960000038146973,49651,0.0,0.0
2026-03-09 09:45:00-04:00,6.96999979019165,6.989999771118164,6.940000057220459,6.949999809265137,51130,0.0,0.0
2026-03-09 09:50:00-04:00,6.950099945068359,6.965000152587891,6.909999847412109,6.920000076293945,79833,0.0,0.0
2026-03-09 09:55:00-04:00,6.909999847412109,6.949900150299072,6.900000095367432,6.929999828338623,59238,0.0,0.0
2026-03-09 10:00:00-04:00,6.929999828338623,6.985000133514404,6.922699928283691,6.976600170135498,41412,0.0,0.0
2026-03-09 10:05:00-04:00,6.96999979019165,6.96999979019165,6.889999866485596,6.890100002288818,55849,0.0,0.0
2026-03-09 10:10:00-04:00,6.889999866485596,6.889999866485596,6.840000152587891,6.840000152587891,133791,0.0,0.0
2026-03-09 10:15:00-04:00,6.84499979019165,6.880000114440918,6.829999923706055,6.879799842834473,79028,0.0,0.0
2026-03-09 10:20:00-04:00,6.869999885559082,6.899899959564209,6.855000019073486,6.875,56940,0.0,0.0
2026-03-09 10:25:00-04:00,6.869999885559082,6.894999980926514,6.868599891662598,6.894999980926514,48784,0.0,0.0
2026-03-09 10:30:00-04:00,6.900000095367432,6.925000190734863,6.880000114440918,6.885000228881836,23989,0.0,0.0
2026-03-09 10:35:00-04:00,6.880000114440918,6.909999847412109,6.875,6.909999847412109,40169,0.0,0.0
2026-03-09 10:40:00-04:00,6.909999847412109,6.934999942779541,6.900000095367432,6.934999942779541,33973,0.0,0.0
2026-03-09 10:45:00-04:00,6.9369001388549805,6.940000057220459,6.912099838256836,6.925000190734863,42559,0.0,0.0
2026-03-09 10:50:00-04:00,6.925000190734863,6.925000190734863,6.900100231170654,6.914999961853027,37604,0.0,0.0
2026-03-09 10:55:00-04:00,6.914999961853027,6.92609977722168,6.900100231170654,6.90500020980835,49710,0.0,0.0
2026-03-09 11:00:00-04:00,6.901299953460693,6.929999828338623,6.894999980926514,6.914999961853027,63017,0.0,0.0
2026-03-09 11:05:00-04:00,6.914999961853027,6.949999809265137,6.914999961853027,6.939300060272217,32847,0.0,0.0
2026-03-09 11:10:00-04:00,6.934999942779541,6.949900150299072,6.929999828338623,6.934999942779541,31104,0.0,0.0
2026-03-09 11:15:00-04:00,6.934999942779541,6.949999809265137,6.930099964141846,6.930099964141846,27570,0.0,0.0
2026-03-09 11:20:00-04:00,6.940000057220459,6.945000171661377,6.914999961853027,6.914999961853027,24373,0.0,0.0
2026-03-09 11:25:00-04:00,6.909999847412109,6.929900169372559,6.900000095367432,6.925000190734863,39012,0.0,0.0
2026-03-09 11:30:00-04:00,6.920000076293945,6.925000190734863,6.90500020980835,6.90500020980835,10500,0.0,0.0
2026-03-09 11:35:00-04:00,6.900000095367432,6.9197001457214355,6.889999866485596,6.914999961853027,27648,0.0,0.0
2026-03-09 11:40:00-04:00,6.909999847412109,6.919600009918213,6.900000095367432,6.914999961853027,16930,0.0,0.0
2026-03-09 11:45:00-04:00,6.909999847412109,6.949900150299072,6.909999847412109,6.945000171661377,53764,0.0,0.0
2026-03-09 11:50:00-04:00,6.945000171661377,6.949900150299072,6.925000190734863,6.934999942779541,34579,0.0,0.0
2026-03-09 11:55:00-04:00,6.929999828338623,6.937600135803223,6.920000076293945,6.934999942779541,10064,0.0,0.0
2026-03-09 12:00:00-04:00,6.934999942779541,6.95989990234375,6.9319000244140625,6.954999923706055,14341,0.0,0.0
2026-03-09 12:05:00-04:00,6.965000152587891,6.96999979019165,6.949999809265137,6.949999809265137,24375,0.0,0.0
2026-03-09 12:10:00-04:00,6.940100193023682,6.949999809265137,6.940000057220459,6.945000171661377,13975,0.0,0.0
2026-03-09 12:15:00-04:00,6.945000171661377,6.949999809265137,6.940100193023682,6.949999809265137,5803,0.0,0.0
2026-03-09 12:20:00-04:00,6.949999809265137,6.974999904632568,6.945000171661377,6.974999904632568,45564,0.0,0.0
2026-03-09 12:25:00-04:00,6.974999904632568,7.009900093078613,6.974999904632568,7.009900093078613,43799,0.0,0.0
2026-03-09 12:30:00-04:00,7.0,7.019999980926514,7.0,7.019999980926514,34325,0.0,0.0
2026-03-09 12:35:00-04:00,7.019999980926514,7.029900074005127,7.010000228881836,7.025000095367432,41886,0.0,0.0
2026-03-09 12:40:00-04:00,7.029399871826172,7.034999847412109,7.019999980926514,7.025000095367432,15763,0.0,0.0
2026-03-09 12:45:00-04:00,7.03000020980835,7.054999828338623,7.026100158691406,7.050000190734863,17425,0.0,0.0
2026-03-09 12:50:00-04:00,7.054999828338623,7.085000038146973,7.050000190734863,7.054999828338623,37421,0.0,0.0
2026-03-09 12:55:00-04:00,7.050099849700928,7.074999809265137,7.050099849700928,7.065000057220459,25789,0.0,0.0
2026-03-09 13:00:00-04:00,7.054999828338623,7.074999809265137,7.039999961853027,7.040200233459473,38726,0.0,0.0
2026-03-09 13:05:00-04:00,7.045000076293945,7.049900054931641,7.025000095367432,7.039899826049805,44648,0.0,0.0
2026-03-09 13:10:00-04:00,7.039999961853027,7.049900054931641,7.019999980926514,7.025000095367432,37883,0.0,0.0
2026-03-09 13:15:00-04:00,7.019999980926514,7.019999980926514,7.010000228881836,7.010000228881836,6266,0.0,0.0
2026-03-09 13:20:00-04:00,7.009900093078613,7.014999866485596,7.0,7.005000114440918,7397,0.0,0.0
2026-03-09 13:25:00-04:00,7.005000114440918,7.005000114440918,6.994999885559082,6.999899864196777,5953,0.0,0.0
2026-03-09 13:30:00-04:00,7.0,7.010000228881836,7.0,7.004499912261963,27810,0.0,0.0
2026-03-09 13:35:00-04:00,7.005000114440918,7.005000114440918,6.980000019073486,6.985000133514404,12058,0.0,0.0
2026-03-09 13:40:00-04:00,6.980000019073486,6.98799991607666,6.9670000076293945,6.979899883270264,10165,0.0,0.0
2026-03-09 13:45:00-04:00,6.978600025177002,6.994999885559082,6.978600025177002,6.9882001876831055,10217,0.0,0.0
2026-03-09 13:50:00-04:00,6.985000133514404,6.994999885559082,6.9822998046875,6.994999885559082,5491,0.0,0.0
2026-03-09 13:55:00-04:00,7.0,7.005000114440918,6.989999771118164,6.989999771118164,7915,0.0,0.0
2026-03-09 14:00:00-04:00,7.0,7.014999866485596,7.0,7.005000114440918,9420,0.0,0.0
2026-03-09 14:05:00-04:00,7.010000228881836,7.034999847412109,7.010000228881836,7.019999980926514,17310,0.0,0.0
2026-03-09 14:10:00-04:00,7.0289998054504395,7.054999828338623,7.0289998054504395,7.054999828338623,19027,0.0,0.0
2026-03-09 14:15:00-04:00,7.050000190734863,7.065000057220459,7.045000076293945,7.059999942779541,15860,0.0,0.0
2026-03-09 14:20:00-04:00,7.054999828338623,7.065000057220459,7.045000076293945,7.061299800872803,13571,0.0,0.0
2026-03-09 14:25:00-04:00,7.065000057220459,7.074999809265137,7.054999828338623,7.054999828338623,11081,0.0,0.0
2026-03-09 14:30:00-04:00,7.054999828338623,7.085000038146973,7.054999828338623,7.085000038146973,30485,0.0,0.0
2026-03-09 14:35:00-04:00,7.080100059509277,7.144999980926514,7.070000171661377,7.144999980926514,77648,0.0,0.0
2026-03-09 14:40:00-04:00,7.144999980926514,7.150000095367432,7.125,7.125,23266,0.0,0.0
2026-03-09 14:45:00-04:00,7.119999885559082,7.170000076293945,7.114999771118164,7.1682000160217285,80745,0.0,0.0
2026-03-09 14:50:00-04:00,7.164999961853027,7.167699813842773,7.160099983215332,7.163300037384033,7769,0.0,0.0
2026-03-09 14:55:00-04:00,7.159999847412109,7.159999847412109,7.144999980926514,7.144999980926514,11387,0.0,0.0
2026-03-09 15:00:00-04:00,7.150000095367432,7.190000057220459,7.135000228881836,7.184999942779541,64575,0.0,0.0
2026-03-09 15:05:00-04:00,7.177999973297119,7.199999809265137,7.175000190734863,7.184999942779541,53925,0.0,0.0
2026-03-09 15:10:00-04:00,7.184999942779541,7.199999809265137,7.184999942779541,7.190100193023682,11204,0.0,0.0
2026-03-09 15:15:00-04:00,7.193900108337402,7.239999771118164,7.164999961853027,7.239999771118164,101070,0.0,0.0
2026-03-09 15:20:00-04:00,7.235000133514404,7.269999980926514,7.235000133514404,7.264999866485596,54077,0.0,0.0
2026-03-09 15:25:00-04:00,7.269999980926514,7.360000133514404,7.269999980926514,7.350100040435791,84387,0.0,0.0
2026-03-09 15:30:00-04:00,7.349999904632568,7.349999904632568,7.320000171661377,7.34499979019165,58797,0.0,0.0
2026-03-09 15:35:00-04:00,7.34499979019165,7.389999866485596,7.320000171661377,7.380000114440918,78485,0.0,0.0
2026-03-09 15:40:00-04:00,7.380000114440918,7.380000114440918,7.329999923706055,7.368000030517578,53263,0.0,0.0
2026-03-09 15:45:00-04:00,7.369999885559082,7.394999980926514,7.34499979019165,7.359600067138672,90668,0.0,0.0
2026-03-09 15:50:00-04:00,7.360000133514404,7.360000133514404,7.334400177001953,7.355000019073486,84355,0.0,0.0
2026-03-09 15:55:00-04:00,7.360000133514404,7.369999885559082,7.340099811553955,7.34499979019165,101478,0.0,0.0
2026-03-10 09:30:00-04:00,7.349999904632568,7.489999771118164,7.349999904632568,7.419899940490723,170598,0.0,0.0
2026-03-10 09:35:00-04:00,7.409999847412109,7.409999847412109,7.360000133514404,7.380000114440918,44568,0.0,0.0
2026-03-10 09:40:00-04:00,7.400000095367432,7.460000038146973,7.385000228881836,7.440000057220459,22517,0.0,0.0
2026-03-10 09:45:00-04:00,7.448500156402588,7.480000019073486,7.420000076293945,7.460000038146973,73079,0.0,0.0
2026-03-10 09:50:00-04:00,7.460000038146973,7.4899001121521,7.429999828338623,7.460000038146973,142021,0.0,0.0
2026-03-10 09:55:00-04:00,7.465000152587891,7.469900131225586,7.420000076293945,7.429999828338623,20326,0.0,0.0
2026-03-10 10:00:00-04:00,7.429999828338623,7.440100193023682,7.425000190734863,7.440100193023682,15965,0.0,0.0
2026-03-10 10:05:00-04:00,7.445000171661377,7.447999954223633,7.420000076293945,7.420000076293945,11161,0.0,0.0
2026-03-10 10:10:00-04:00,7.428199768066406,7.445000171661377,7.425000190734863,7.434999942779541,30088,0.0,0.0
2026-03-10 10:15:00-04:00,7.434999942779541,7.434999942779541,7.414999961853027,7.434999942779541,27852,0.0,0.0
2026-03-10 10:20:00-04:00,7.434999942779541,7.499899864196777,7.429999828338623,7.4899001121521,66271,0.0,0.0
2026-03-10 10:25:00-04:00,7.480100154876709,7.489999771118164,7.460000038146973,7.480000019073486,22629,0.0,0.0
2026-03-10 10:30:00-04:00,7.4899001121521,7.489999771118164,7.445000171661377,7.449900150299072,21168,0.0,0.0
2026-03-10 10:35:00-04:00,7.429999828338623,7.465000152587891,7.410099983215332,7.465000152587891,41876,0.0,0.0
2026-03-10 10:40:00-04:00,7.465000152587891,7.465000152587891,7.449999809265137,7.454999923706055,4907,0.0,0.0
2026-03-10 10:45:00-04:00,7.454999923706055,7.5,7.454999923706055,7.494999885559082,34784,0.0,0.0
2026-03-10 10:50:00-04:00,7.494999885559082,7.5,7.485000133514404,7.485000133514404,9256,0.0,0.0
2026-03-10 10:55:00-04:00,7.480100154876709,7.494999885559082,7.480000019073486,7.494999885559082,15564,0.0,0.0
2026-03-10 11:00:00-04:00,7.5,7.5,7.485000133514404,7.485000133514404,14720,0.0,0.0
2026-03-10 11:05:00-04:00,7.494999885559082,7.494999885559082,7.485000133514404,7.485000133514404,11162,0.0,0.0
2026-03-10 11:10:00-04:00,7.480000019073486,7.480000019073486,7.460100173950195,7.474999904632568,20636,0.0,0.0
2026-03-10 11:15:00-04:00,7.4704999923706055,7.4899001121521,7.4704999923706055,7.4899001121521,6597,0.0,0.0
2026-03-10 11:20:00-04:00,7.489999771118164,7.5,7.460000038146973,7.465000152587891,43360,0.0,0.0
2026-03-10 11:25:00-04:00,7.460000038146973,7.460000038146973,7.440000057220459,7.454999923706055,59063,0.0,0.0
2026-03-10 11:30:00-04:00,7.454999923706055,7.454999923706055,7.440000057220459,7.440000057220459,13170,0.0,0.0
2026-03-10 11:35:00-04:00,7.425000190734863,7.439700126647949,7.414999961853027,7.414999961853027,18927,0.0,0.0
2026-03-10 11:40:00-04:00,7.4197998046875,7.420000076293945,7.394999980926514,7.414999961853027,20398,0.0,0.0
2026-03-10 11:45:00-04:00,7.414999961853027,7.419899940490723,7.40500020980835,7.40500020980835,12062,0.0,0.0
2026-03-10 11:50:00-04:00,7.414999961853027,7.4197998046875,7.40500020980835,7.414999961853027,17113,0.0,0.0
2026-03-10 11:55:00-04:00,7.414999961853027,7.414999961853027,7.380000114440918,7.383900165557861,55845,0.0,0.0
2026-03-10 12:00:00-04:00,7.375,7.380000114440918,7.371300220489502,7.375,13104,0.0,0.0
2026-03-10 12:05:00-04:00,7.375,7.375,7.329999923706055,7.340000152587891,44522,0.0,0.0
2026-03-10 12:10:00-04:00,7.34499979019165,7.35699987411499,7.339900016784668,7.35699987411499,37243,0.0,0.0
2026-03-10 12:15:00-04:00,7.355000019073486,7.389999866485596,7.349999904632568,7.369999885559082,27481,0.0,0.0
2026-03-10 12:20:00-04:00,7.365600109100342,7.369999885559082,7.350100040435791,7.360000133514404,8323,0.0,0.0
2026-03-10 12:25:00-04:00,7.355000019073486,7.355000019073486,7.330100059509277,7.335000038146973,39922,0.0,0.0
2026-03-10 12:30:00-04:00,7.335000038146973,7.349999904632568,7.335000038146973,7.34499979019165,17671,0.0,0.0
2026-03-10 12:35:00-04:00,7.34499979019165,7.389999866485596,7.34499979019165,7.385000228881836,42205,0.0,0.0
2026-03-10 12:40:00-04:00,7.385000228881836,7.400000095367432,7.380099773406982,7.389999866485596,6098,0.0,0.0
2026-03-10 12:45:00-04:00,7.389999866485596,7.394999980926514,7.380000114440918,7.394999980926514,8030,0.0,0.0
2026-03-10 12:50:00-04:00,7.389999866485596,7.409999847412109,7.380199909210205,7.40500020980835,13788,0.0,0.0
2026-03-10 12:55:00-04:00,7.40500020980835,7.409900188446045,7.394999980926514,7.394999980926514,6425,0.0,0.0
2026-03-10 13:00:00-04:00,7.389999866485596,7.399899959564209,7.385000228881836,7.399899959564209,5694,0.0,0.0
2026-03-10 13:05:00-04:00,7.400000095367432,7.425000190734863,7.400000095367432,7.425000190734863,28160,0.0,0.0
2026-03-10 13:10:00-04:00,7.428899765014648,7.434999942779541,7.416100025177002,7.425000190734863,18991,0.0,0.0
2026-03-10 13:15:00-04:00,7.414999961853027,7.445000171661377,7.414999961853027,7.440000057220459,16666,0.0,0.0
2026-03-10 13:20:00-04:00,7.440000057220459,7.440000057220459,7.429999828338623,7.434999942779541,9348,0.0,0.0
2026-03-10 13:25:00-04:00,7.440000057220459,7.440000057220459,7.425000190734863,7.429999828338623,11204,0.0,0.0
2026-03-10 13:30:00-04:00,7.440000057220459,7.445000171661377,7.429999828338623,7.434999942779541,20725,0.0,0.0
2026-03-10 13:35:00-04:00,7.434999942779541,7.434999942779541,7.400000095367432,7.414999961853027,13550,0.0,0.0
2026-03-10 13:40:00-04:00,7.409999847412109,7.409999847412109,7.389999866485596,7.389999866485596,9988,0.0,0.0
2026-03-10 13:45:00-04:00,7.385000228881836,7.394999980926514,7.380000114440918,7.394999980926514,17457,0.0,0.0
2026-03-10 13:50:00-04:00,7.397799968719482,7.400000095367432,7.389999866485596,7.389999866485596,6328,0.0,0.0
2026-03-10 13:55:00-04:00,7.385000228881836,7.385000228881836,7.369999885559082,7.380000114440918,12907,0.0,0.0
2026-03-10 14:00:00-04:00,7.369999885559082,7.378699779510498,7.340000152587891,7.340000152587891,33073,0.0,0.0
2026-03-10 14:05:00-04:00,7.335000038146973,7.335000038146973,7.304999828338623,7.315000057220459,66284,0.0,0.0
2026-03-10 14:10:00-04:00,7.318999767303467,7.355000019073486,7.264999866485596,7.269999980926514,56388,0.0,0.0
2026-03-10 14:15:00-04:00,7.269999980926514,7.289999961853027,7.260000228881836,7.264999866485596,66623,0.0,0.0
2026-03-10 14:20:00-04:00,7.264999866485596,7.275000095367432,7.239999771118164,7.260000228881836,34054,0.0,0.0
2026-03-10 14:25:00-04:00,7.251299858093262,7.28000020980835,7.251299858093262,7.255000114440918,9075,0.0,0.0
2026-03-10 14:30:00-04:00,7.269999980926514,7.300000190734863,7.260000228881836,7.29010009765625,29773,0.0,0.0
2026-03-10 14:35:00-04:00,7.289999961853027,7.304999828338623,7.269999980926514,7.297599792480469,10372,0.0,0.0
2026-03-10 14:40:00-04:00,7.275000095367432,7.275000095367432,7.21999979019165,7.220099925994873,116826,0.0,0.0
2026-03-10 14:45:00-04:00,7.224999904632568,7.239999771118164,7.21999979019165,7.21999979019165,56938,0.0,0.0
2026-03-10 14:50:00-04:00,7.21999979019165,7.230000019073486,7.204999923706055,7.210000038146973,14713,0.0,0.0
2026-03-10 14:55:00-04:00,7.21999979019165,7.21999979019165,7.215000152587891,7.219900131225586,10451,0.0,0.0
2026-03-10 15:00:00-04:00,7.215000152587891,7.21999979019165,7.204999923706055,7.219900131225586,13761,0.0,0.0
2026-03-10 15:05:00-04:00,7.210000038146973,7.219699859619141,7.204999923706055,7.219699859619141,15967,0.0,0.0
2026-03-10 15:10:00-04:00,7.210000038146973,7.224999904632568,7.190000057220459,7.224999904632568,18236,0.0,0.0
2026-03-10 15:15:00-04:00,7.224999904632568,7.229899883270264,7.21999979019165,7.224999904632568,8622,0.0,0.0
2026-03-10 15:20:00-04:00,7.224999904632568,7.247900009155273,7.215000152587891,7.230000019073486,16645,0.0,0.0
2026-03-10 15:25:00-04:00,7.226399898529053,7.226399898529053,7.21999979019165,7.21999979019165,6200,0.0,0.0
2026-03-10 15:30:00-04:00,7.215000152587891,7.215000152587891,7.170000076293945,7.179999828338623,38106,0.0,0.0
2026-03-10 15:35:00-04:00,7.18120002746582,7.199900150299072,7.164999961853027,7.175000190734863,55422,0.0,0.0
2026-03-10 15:40:00-04:00,7.179999828338623,7.210000038146973,7.179999828338623,7.204999923706055,28857,0.0,0.0
2026-03-10 15:45:00-04:00,7.195000171661377,7.204999923706055,7.184999942779541,7.184999942779541,24255,0.0,0.0
2026-03-10 15:50:00-04:00,7.179999828338623,7.21999979019165,7.175000190734863,7.199999809265137,92822,0.0,0.0
2026-03-10 15:55:00-04:00,7.204999923706055,7.224999904632568,7.203000068664551,7.21999979019165,135433,0.0,0.0
2026-03-11 09:30:00-04:00,7.199999809265137,7.359899997711182,7.199999809265137,7.309999942779541,95673,0.0,0.0
2026-03-11 09:35:00-04:00,7.324999809265137,7.389999866485596,7.315000057220459,7.329999923706055,101570,0.0,0.0
2026-03-11 09:40:00-04:00,7.324999809265137,7.360000133514404,7.320000171661377,7.324999809265137,20156,0.0,0.0
2026-03-11 09:45:00-04:00,7.324999809265137,7.329999923706055,7.29010009765625,7.304999828338623,15458,0.0,0.0
2026-03-11 09:50:00-04:00,7.304999828338623,7.355000019073486,7.289999961853027,7.355000019073486,18975,0.0,0.0
2026-03-11 09:55:00-04:00,7.360000133514404,7.429999828338623,7.360000133514404,7.389999866485596,74922,0.0,0.0
2026-03-11 10:00:00-04:00,7.389999866485596,7.448999881744385,7.389999866485596,7.396100044250488,75250,0.0,0.0
2026-03-11 10:05:00-04:00,7.389999866485596,7.409999847412109,7.380000114440918,7.390100002288818,46992,0.0,0.0
2026-03-11 10:10:00-04:00,7.394999980926514,7.449999809265137,7.360000133514404,7.40500020980835,60219,0.0,0.0
2026-03-11 10:15:00-04:00,7.40500020980835,7.40500020980835,7.369999885559082,7.369999885559082,32529,0.0,0.0
2026-03-11 10:20:00-04:00,7.360000133514404,7.389900207519531,7.335000038146973,7.335000038146973,43386,0.0,0.0
2026-03-11 10:25:00-04:00,7.329999923706055,7.329999923706055,7.275000095367432,7.320000171661377,89387,0.0,0.0
2026-03-11 10:30:00-04:00,7.3180999755859375,7.341599941253662,7.310100078582764,7.334799766540527,19483,0.0,0.0
2026-03-11 10:35:00-04:00,7.340000152587891,7.349899768829346,7.335000038146973,7.340000152587891,15860,0.0,0.0
2026-03-11 10:40:00-04:00,7.341599941253662,7.369999885559082,7.320000171661377,7.369999885559082,25124,0.0,0.0
2026-03-11 10:45:00-04:00,7.355000019073486,7.369999885559082,7.329999923706055,7.340000152587891,13929,0.0,0.0
2026-03-11 10:50:00-04:00,7.343900203704834,7.349999904632568,7.340000152587891,7.340000152587891,4608,0.0,0.0
2026-03-11 10:55:00-04:00,7.335000038146973,7.340099811553955,7.320000171661377,7.320000171661377,42917,0.0,0.0
2026-03-11 11:00:00-04:00,7.329999923706055,7.34499979019165,7.3190999031066895,7.324999809265137,20024,0.0,0.0
2026-03-11 11:05:00-04:00,7.324999809265137,7.324999809265137,7.304999828338623,7.304999828338623,8123,0.0,0.0
2026-03-11 11:10:00-04:00,7.309800148010254,7.315000057220459,7.25,7.259900093078613,91696,0.0,0.0
2026-03-11 11:15:00-04:00,7.256100177764893,7.256100177764893,7.230000019073486,7.235000133514404,23157,0.0,0.0
2026-03-11 11:20:00-04:00,7.235000133514404,7.244999885559082,7.21999979019165,7.235000133514404,17191,0.0,0.0
2026-03-11 11:25:00-04:00,7.239999771118164,7.249899864196777,7.200699806213379,7.200699806213379,22404,0.0,0.0
2026-03-11 11:30:00-04:00,7.203400135040283,7.210000038146973,7.170100212097168,7.210000038146973,25673,0.0,0.0
2026-03-11 11:35:00-04:00,7.219299793243408,7.2399001121521,7.210000038146973,7.224999904632568,16449,0.0,0.0
2026-03-11 11:40:00-04:00,7.224999904632568,7.255000114440918,7.224999904632568,7.25,30723,0.0,0.0
2026-03-11 11:45:00-04:00,7.25,7.250999927520752,7.230000019073486,7.244999885559082,75533,0.0,0.0
2026-03-11 11:50:00-04:00,7.25,7.255000114440918,7.2399001121521,7.2399001121521,7364,0.0,0.0
2026-03-11 11:55:00-04:00,7.235000133514404,7.255000114440918,7.232699871063232,7.232699871063232,15890,0.0,0.0
2026-03-11 12:00:00-04:00,7.239999771118164,7.239999771118164,7.230000019073486,7.230000019073486,8353,0.0,0.0
2026-03-11 12:05:00-04:00,7.224999904632568,7.230000019073486,7.199999809265137,7.21999979019165,32930,0.0,0.0
2026-03-11 12:10:00-04:00,7.21999979019165,7.230000019073486,7.195000171661377,7.20989990234375,14876,0.0,0.0
2026-03-11 12:15:00-04:00,7.199999809265137,7.210000038146973,7.195000171661377,7.199999809265137,6074,0.0,0.0
2026-03-11 12:20:00-04:00,7.203400135040283,7.21999979019165,7.199999809265137,7.215000152587891,7774,0.0,0.0
2026-03-11 12:25:00-04:00,7.21999979019165,7.230000019073486,7.21999979019165,7.230000019073486,4756,0.0,0.0
2026-03-11 12:30:00-04:00,7.23330020904541,7.269999980926514,7.23330020904541,7.264999866485596,16991,0.0,0.0
2026-03-11 12:35:00-04:00,7.269899845123291,7.269899845123291,7.255000114440918,7.255000114440918,8577,0.0,0.0
2026-03-11 12:40:00-04:00,7.25,7.269999980926514,7.244800090789795,7.255000114440918,8019,0.0,0.0
2026-03-11 12:45:00-04:00,7.25,7.25,7.230000019073486,7.230000019073486,4567,0.0,0.0
2026-03-11 12:50:00-04:00,7.230000019073486,7.244999885559082,7.230000019073486,7.244999885559082,2633,0.0,0.0
2026-03-11 12:55:00-04:00,7.25,7.25,7.235000133514404,7.244999885559082,2771,0.0,0.0
2026-03-11 13:00:00-04:00,7.244999885559082,7.25,7.244999885559082,7.25,3730,0.0,0.0
2026-03-11 13:05:00-04:00,7.260000228881836,7.269999980926514,7.255000114440918,7.260000228881836,8246,0.0,0.0
2026-03-11 13:10:00-04:00,7.264999866485596,7.264999866485596,7.255000114440918,7.255000114440918,13389,0.0,0.0
2026-03-11 13:15:00-04:00,7.260000228881836,7.264999866485596,7.239999771118164,7.239999771118164,11638,0.0,0.0
2026-03-11 13:20:00-04:00,7.25,7.275000095367432,7.25,7.269999980926514,7589,0.0,0.0
2026-03-11 13:25:00-04:00,7.275000095367432,7.28000020980835,7.269999980926514,7.28000020980835,5964,0.0,0.0
2026-03-11 13:30:00-04:00,7.28000020980835,7.289999961853027,7.269999980926514,7.269999980926514,4786,0.0,0.0
2026-03-11 13:35:00-04:00,7.269999980926514,7.279900074005127,7.215000152587891,7.230000019073486,7269,0.0,0.0
2026-03-11 13:40:00-04:00,7.230000019073486,7.244999885559082,7.21999979019165,7.239999771118164,12814,0.0,0.0
2026-03-11 13:45:00-04:00,7.239999771118164,7.28000020980835,7.239999771118164,7.269999980926514,17019,0.0,0.0
2026-03-11 13:50:00-04:00,7.264999866485596,7.289999961853027,7.264999866485596,7.264999866485596,16005,0.0,0.0
2026-03-11 13:55:00-04:00,7.255000114440918,7.255000114440918,7.25,7.25,2538,0.0,0.0
2026-03-11 14:00:00-04:00,7.25,7.28000020980835,7.25,7.269999980926514,8788,0.0,0.0
2026-03-11 14:05:00-04:00,7.26200008392334,7.26200008392334,7.244999885559082,7.244999885559082,7339,0.0,0.0
2026-03-11 14:10:00-04:00,7.239999771118164,7.239999771118164,7.224999904632568,7.229899883270264,22033,0.0,0.0
2026-03-11 14:15:00-04:00,7.224999904632568,7.235000133514404,7.21999979019165,7.235000133514404,13204,0.0,0.0
2026-03-11 14:20:00-04:00,7.239999771118164,7.239999771118164,7.230000019073486,7.230000019073486,4372,0.0,0.0
2026-03-11 14:25:00-04:00,7.239999771118164,7.260000228881836,7.239999771118164,7.260000228881836,4073,0.0,0.0
2026-03-11 14:30:00-04:00,7.255000114440918,7.255000114440918,7.25,7.25,1806,0.0,0.0
2026-03-11 14:35:00-04:00,7.25,7.255000114440918,7.235000133514404,7.235000133514404,6427,0.0,0.0
2026-03-11 14:40:00-04:00,7.235000133514404,7.239999771118164,7.230100154876709,7.235000133514404,5742,0.0,0.0
2026-03-11 14:45:00-04:00,7.239999771118164,7.244999885559082,7.235000133514404,7.239999771118164,18970,0.0,0.0
2026-03-11 14:50:00-04:00,7.244999885559082,7.260000228881836,7.239999771118164,7.260000228881836,7888,0.0,0.0
2026-03-11 14:55:00-04:00,7.260000228881836,7.2692999839782715,7.239999771118164,7.25,7270,0.0,0.0
2026-03-11 15:00:00-04:00,7.244999885559082,7.260000228881836,7.243000030517578,7.260000228881836,6334,0.0,0.0
2026-03-11 15:05:00-04:00,7.255000114440918,7.269999980926514,7.25,7.255000114440918,19619,0.0,0.0
2026-03-11 15:10:00-04:00,7.257299900054932,7.264999866485596,7.25,7.264999866485596,26473,0.0,0.0
2026-03-11 15:15:00-04:00,7.264999866485596,7.269999980926514,7.255000114440918,7.269000053405762,13280,0.0,0.0
2026-03-11 15:20:00-04:00,7.264999866485596,7.269999980926514,7.255000114440918,7.260000228881836,11533,0.0,0.0
2026-03-11 15:25:00-04:00,7.264999866485596,7.269999980926514,7.260000228881836,7.260000228881836,28421,0.0,0.0
2026-03-11 15:30:00-04:00,7.264999866485596,7.289999961853027,7.260000228881836,7.289999961853027,14713,0.0,0.0
2026-03-11 15:35:00-04:00,7.299300193786621,7.309999942779541,7.289999961853027,7.295000076293945,23796,0.0,0.0
2026-03-11 15:40:00-04:00,7.289999961853027,7.300000190734863,7.289999961853027,7.300000190734863,13807,0.0,0.0
2026-03-11 15:45:00-04:00,7.289999961853027,7.295000076293945,7.280700206756592,7.284999847412109,16958,0.0,0.0
2026-03-11 15:50:00-04:00,7.28000020980835,7.289999961853027,7.275000095367432,7.2820000648498535,36250,0.0,0.0
2026-03-11 15:55:00-04:00,7.28000020980835,7.28000020980835,7.210000038146973,7.22790002822876,207760,0.0,0.0
2026-03-12 09:30:00-04:00,7.110000133514404,7.230000019073486,7.099999904632568,7.210000038146973,139375,0.0,0.0
2026-03-12 09:35:00-04:00,7.179999828338623,7.206900119781494,7.170000076293945,7.183000087738037,12896,0.0,0.0
2026-03-12 09:40:00-04:00,7.179999828338623,7.179999828338623,7.130000114440918,7.139999866485596,65111,0.0,0.0
2026-03-12 09:45:00-04:00,7.139999866485596,7.150000095367432,7.110000133514404,7.131199836730957,49794,0.0,0.0
2026-03-12 09:50:00-04:00,7.150000095367432,7.179999828338623,7.127099990844727,7.130000114440918,19980,0.0,0.0
2026-03-12 09:55:00-04:00,7.139599800109863,7.139599800109863,7.110000133514404,7.119999885559082,60577,0.0,0.0
2026-03-12 10:00:00-04:00,7.123899936676025,7.184999942779541,7.11870002746582,7.159999847412109,27479,0.0,0.0
2026-03-12 10:05:00-04:00,7.139999866485596,7.150000095367432,7.135000228881836,7.144999980926514,12620,0.0,0.0
2026-03-12 10:10:00-04:00,7.144999980926514,7.179999828338623,7.139999866485596,7.159999847412109,57396,0.0,0.0
2026-03-12 10:15:00-04:00,7.15500020980835,7.159999847412109,7.135000228881836,7.15500020980835,31113,0.0,0.0
2026-03-12 10:20:00-04:00,7.150000095367432,7.150000095367432,7.125500202178955,7.130000114440918,38463,0.0,0.0
2026-03-12 10:25:00-04:00,7.130000114440918,7.139999866485596,7.110000133514404,7.119999885559082,12581,0.0,0.0
2026-03-12 10:30:00-04:00,7.110000133514404,7.117300033569336,7.090000152587891,7.09499979019165,68981,0.0,0.0
2026-03-12 10:35:00-04:00,7.099999904632568,7.119999885559082,7.099999904632568,7.114999771118164,21255,0.0,0.0
2026-03-12 10:40:00-04:00,7.125,7.125,7.100100040435791,7.114999771118164,27056,0.0,0.0
2026-03-12 10:45:00-04:00,7.119999885559082,7.15500020980835,7.099999904632568,7.099999904632568,20527,0.0,0.0
2026-03-12 10:50:00-04:00,7.099999904632568,7.099999904632568,7.074999809265137,7.085000038146973,19274,0.0,0.0
2026-03-12 10:55:00-04:00,7.085000038146973,7.089799880981445,7.070000171661377,7.070000171661377,22821,0.0,0.0
2026-03-12 11:00:00-04:00,7.079699993133545,7.105000019073486,7.074999809265137,7.09499979019165,19797,0.0,0.0
2026-03-12 11:05:00-04:00,7.090000152587891,7.090000152587891,7.050000190734863,7.059999942779541,20123,0.0,0.0
2026-03-12 11:10:00-04:00,7.054999828338623,7.054999828338623,7.019999980926514,7.039999961853027,66120,0.0,0.0
2026-03-12 11:15:00-04:00,7.034999847412109,7.054999828338623,7.014999866485596,7.014999866485596,42618,0.0,0.0
2026-03-12 11:20:00-04:00,7.014999866485596,7.03000020980835,7.0,7.03000020980835,123524,0.0,0.0
2026-03-12 11:25:00-04:00,7.039999961853027,7.070000171661377,7.039899826049805,7.054999828338623,33247,0.0,0.0
2026-03-12 11:30:00-04:00,7.050000190734863,7.057499885559082,7.034999847412109,7.039999961853027,43906,0.0,0.0
2026-03-12 11:35:00-04:00,7.039999961853027,7.090000152587891,7.03000020980835,7.090000152587891,22024,0.0,0.0
2026-03-12 11:40:00-04:00,7.089900016784668,7.089900016784668,7.059999942779541,7.070000171661377,18761,0.0,0.0
2026-03-12 11:45:00-04:00,7.078100204467773,7.078100204467773,7.054999828338623,7.054999828338623,8090,0.0,0.0
2026-03-12 11:50:00-04:00,7.050099849700928,7.059999942779541,7.046999931335449,7.050000190734863,12285,0.0,0.0
2026-03-12 11:55:00-04:00,7.054999828338623,7.054999828338623,7.039999961853027,7.049900054931641,5596,0.0,0.0
2026-03-12 12:00:00-04:00,7.039999961853027,7.069300174713135,7.039999961853027,7.054999828338623,15241,0.0,0.0
2026-03-12 12:05:00-04:00,7.050000190734863,7.050000190734863,7.005000114440918,7.010000228881836,27069,0.0,0.0
2026-03-12 12:10:00-04:00,7.010300159454346,7.028600215911865,7.010300159454346,7.028600215911865,18684,0.0,0.0
2026-03-12 12:15:00-04:00,7.026100158691406,7.034999847412109,7.010000228881836,7.014999866485596,14886,0.0,0.0
2026-03-12 12:20:00-04:00,7.014999866485596,7.034999847412109,7.014999866485596,7.018700122833252,18385,0.0,0.0
2026-03-12 12:25:00-04:00,7.019700050354004,7.03000020980835,7.005000114440918,7.006999969482422,14096,0.0,0.0
2026-03-12 12:30:00-04:00,7.010000228881836,7.019899845123291,6.993500232696533,7.014999866485596,40341,0.0,0.0
2026-03-12 12:35:00-04:00,7.019899845123291,7.025000095367432,7.014999866485596,7.019999980926514,6591,0.0,0.0
2026-03-12 12:40:00-04:00,7.025000095367432,7.029900074005127,7.019999980926514,7.025000095367432,5275,0.0,0.0
2026-03-12 12:45:00-04:00,7.019999980926514,7.03000020980835,6.994999885559082,7.014999866485596,15335,0.0,0.0
2026-03-12 12:50:00-04:00,7.019999980926514,7.019999980926514,7.005000114440918,7.010000228881836,20528,0.0,0.0
2026-03-12 12:55:00-04:00,7.019999980926514,7.025000095367432,7.005000114440918,7.011499881744385,9700,0.0,0.0
2026-03-12 13:00:00-04:00,7.010000228881836,7.0192999839782715,7.010000228881836,7.0192999839782715,4435,0.0,0.0
2026-03-12 13:05:00-04:00,7.019999980926514,7.034999847412109,7.014999866485596,7.014999866485596,9084,0.0,0.0
2026-03-12 13:10:00-04:00,7.039899826049805,7.039999961853027,7.010000228881836,7.025000095367432,24339,0.0,0.0
2026-03-12 13:15:00-04:00,7.022299766540527,7.03000020980835,7.019999980926514,7.025000095367432,6010,0.0,0.0
2026-03-12 13:20:00-04:00,7.010000228881836,7.030099868774414,7.010000228881836,7.03000020980835,9556,0.0,0.0
2026-03-12 13:25:00-04:00,7.019999980926514,7.025400161743164,6.989999771118164,6.999899864196777,14701,0.0,0.0
2026-03-12 13:30:00-04:00,7.0,7.019999980926514,7.0,7.005499839782715,10693,0.0,0.0
2026-03-12 13:35:00-04:00,7.010000228881836,7.025000095367432,7.001999855041504,7.019999980926514,10194,0.0,0.0
2026-03-12 13:40:00-04:00,7.025000095367432,7.034999847412109,7.019999980926514,7.030700206756592,18364,0.0,0.0
2026-03-12 13:45:00-04:00,7.03000020980835,7.034999847412109,7.014999866485596,7.019999980926514,10234,0.0,0.0
2026-03-12 13:50:00-04:00,7.021999835968018,7.03000020980835,7.010000228881836,7.025000095367432,25605,0.0,0.0
2026-03-12 13:55:00-04:00,7.014999866485596,7.01639986038208,7.008399963378906,7.014999866485596,13830,0.0,0.0
2026-03-12 14:00:00-04:00,7.014999866485596,7.019999980926514,7.014999866485596,7.014999866485596,4002,0.0,0.0
2026-03-12 14:05:00-04:00,7.010000228881836,7.034999847412109,7.010000228881836,7.034999847412109,4179,0.0,0.0
2026-03-12 14:10:00-04:00,7.03000020980835,7.039999961853027,7.019999980926514,7.039899826049805,22410,0.0,0.0
2026-03-12 14:15:00-04:00,7.045000076293945,7.04610013961792,7.03000020980835,7.036099910736084,119042,0.0,0.0
2026-03-12 14:20:00-04:00,7.030099868774414,7.039000034332275,7.025000095367432,7.039000034332275,11590,0.0,0.0
2026-03-12 14:25:00-04:00,7.03000020980835,7.036099910736084,7.020100116729736,7.034999847412109,15742,0.0,0.0
2026-03-12 14:30:00-04:00,7.03000020980835,7.045000076293945,7.02400016784668,7.034999847412109,8077,0.0,0.0
2026-03-12 14:35:00-04:00,7.030099868774414,7.045000076293945,7.03000020980835,7.0329999923706055,12216,0.0,0.0
2026-03-12 14:40:00-04:00,7.034999847412109,7.039999961853027,6.960000038146973,6.9745001792907715,192713,0.0,0.0
2026-03-12 14:45:00-04:00,6.96999979019165,6.980000019073486,6.96999979019165,6.974999904632568,14404,0.0,0.0
2026-03-12 14:50:00-04:00,6.974999904632568,6.98799991607666,6.96999979019165,6.980000019073486,24889,0.0,0.0
2026-03-12 14:55:00-04:00,6.987400054931641,6.988800048828125,6.96999979019165,6.96999979019165,25727,0.0,0.0
2026-03-12 15:00:00-04:00,6.979000091552734,6.98829984664917,6.960100173950195,6.965000152587891,21559,0.0,0.0
2026-03-12 15:05:00-04:00,6.96999979019165,6.980000019073486,6.96999979019165,6.979899883270264,11749,0.0,0.0
2026-03-12 15:10:00-04:00,6.974999904632568,6.985000133514404,6.96999979019165,6.985000133514404,25738,0.0,0.0
2026-03-12 15:15:00-04:00,6.985000133514404,6.989999771118164,6.970099925994873,6.974999904632568,15096,0.0,0.0
2026-03-12 15:20:00-04:00,6.974999904632568,6.979899883270264,6.96999979019165,6.96999979019165,10672,0.0,0.0
2026-03-12 15:25:00-04:00,6.96999979019165,6.96999979019165,6.929999828338623,6.949999809265137,81132,0.0,0.0
2026-03-12 15:30:00-04:00,6.949999809265137,6.96999979019165,6.949999809265137,6.965000152587891,30211,0.0,0.0
2026-03-12 15:35:00-04:00,6.960000038146973,6.969900131225586,6.951399803161621,6.954999923706055,18827,0.0,0.0
2026-03-12 15:40:00-04:00,6.954999923706055,6.960000038146973,6.934999942779541,6.937699794769287,42782,0.0,0.0
2026-03-12 15:45:00-04:00,6.934999942779541,6.9492998123168945,6.929999828338623,6.9492998123168945,29132,0.0,0.0
2026-03-12 15:50:00-04:00,6.945000171661377,6.954999923706055,6.931000232696533,6.954999923706055,49358,0.0,0.0
2026-03-12 15:55:00-04:00,6.960000038146973,6.965000152587891,6.949999809265137,6.960000038146973,80249,0.0,0.0
2026-03-13 09:30:00-04:00,7.0,7.105000019073486,7.0,7.097499847412109,89568,0.0,0.0
2026-03-13 09:35:00-04:00,7.105000019073486,7.139900207519531,7.074999809265137,7.082799911499023,80563,0.0,0.0
2026-03-13 09:40:00-04:00,7.090000152587891,7.119900226593018,7.080100059509277,7.110000133514404,38986,0.0,0.0
2026-03-13 09:45:00-04:00,7.110000133514404,7.139999866485596,7.081500053405762,7.085000038146973,78178,0.0,0.0
2026-03-13 09:50:00-04:00,7.079999923706055,7.110000133514404,7.070000171661377,7.110000133514404,31920,0.0,0.0
2026-03-13 09:55:00-04:00,7.110000133514404,7.110000133514404,7.079999923706055,7.090000152587891,12767,0.0,0.0
2026-03-13 10:00:00-04:00,7.090000152587891,7.09499979019165,7.059999942779541,7.074999809265137,47794,0.0,0.0
2026-03-13 10:05:00-04:00,7.079999923706055,7.090000152587891,7.045000076293945,7.054999828338623,28997,0.0,0.0
2026-03-13 10:10:00-04:00,7.059999942779541,7.079999923706055,7.053800106048584,7.070000171661377,14106,0.0,0.0
2026-03-13 10:15:00-04:00,7.059999942779541,7.065000057220459,7.034999847412109,7.054999828338623,24890,0.0,0.0
2026-03-13 10:20:00-04:00,7.059999942779541,7.090099811553955,7.059999942779541,7.079999923706055,27074,0.0,0.0
2026-03-13 10:25:00-04:00,7.085000038146973,7.099999904632568,7.079899787902832,7.092800140380859,26132,0.0,0.0
2026-03-13 10:30:00-04:00,7.09499979019165,7.099999904632568,7.0802998542785645,7.0802998542785645,15954,0.0,0.0
2026-03-13 10:35:00-04:00,7.079999923706055,7.079999923706055,7.059999942779541,7.059999942779541,16868,0.0,0.0
2026-03-13 10:40:00-04:00,7.050000190734863,7.050000190734863,7.019999980926514,7.03000020980835,25705,0.0,0.0
2026-03-13 10:45:00-04:00,7.026100158691406,7.050000190734863,7.026100158691406,7.045000076293945,11382,0.0,0.0
2026-03-13 10:50:00-04:00,7.050000190734863,7.070000171661377,7.045000076293945,7.050000190734863,11261,0.0,0.0
2026-03-13 10:55:00-04:00,7.050000190734863,7.059999942779541,7.005000114440918,7.010000228881836,27510,0.0,0.0
2026-03-13 11:00:00-04:00,7.010000228881836,7.014999866485596,6.96999979019165,6.985000133514404,46161,0.0,0.0
2026-03-13 11:05:00-04:00,6.989999771118164,7.0,6.985000133514404,7.0,8892,0.0,0.0
2026-03-13 11:10:00-04:00,7.007999897003174,7.03000020980835,7.005000114440918,7.03000020980835,13985,0.0,0.0
2026-03-13 11:15:00-04:00,7.03000020980835,7.039999961853027,7.019999980926514,7.03000020980835,15525,0.0,0.0
2026-03-13 11:20:00-04:00,7.034999847412109,7.045000076293945,7.025000095367432,7.025000095367432,7608,0.0,0.0
2026-03-13 11:25:00-04:00,7.019999980926514,7.025000095367432,6.989999771118164,6.989999771118164,12162,0.0,0.0
2026-03-13 11:30:00-04:00,6.989999771118164,7.010000228881836,6.985000133514404,6.994999885559082,7221,0.0,0.0
2026-03-13 11:35:00-04:00,6.994999885559082,7.005000114440918,6.985000133514404,6.989999771118164,12308,0.0,0.0
2026-03-13 11:40:00-04:00,6.980000019073486,6.980000019073486,6.940000057220459,6.954999923706055,23388,0.0,0.0
2026-03-13 11:45:00-04:00,6.949999809265137,6.965000152587891,6.941400051116943,6.960000038146973,14418,0.0,0.0
2026-03-13 11:50:00-04:00,6.958000183105469,6.965000152587891,6.931399822235107,6.940000057220459,15399,0.0,0.0
2026-03-13 11:55:00-04:00,6.949999809265137,6.949999809265137,6.930200099945068,6.934999942779541,10242,0.0,0.0
2026-03-13 12:00:00-04:00,6.934999942779541,6.934999942779541,6.920000076293945,6.927199840545654,22696,0.0,0.0
2026-03-13 12:05:00-04:00,6.920000076293945,6.925000190734863,6.894999980926514,6.894999980926514,61869,0.0,0.0
2026-03-13 12:10:00-04:00,6.885000228881836,6.897200107574463,6.840000152587891,6.855000019073486,25088,0.0,0.0
2026-03-13 12:15:00-04:00,6.849999904632568,6.875,6.849999904632568,6.860000133514404,13837,0.0,0.0
2026-03-13 12:20:00-04:00,6.869999885559082,6.869999885559082,6.849999904632568,6.855000019073486,15304,0.0,0.0
2026-03-13 12:25:00-04:00,6.855000019073486,6.860000133514404,6.820000171661377,6.853899955749512,58545,0.0,0.0
2026-03-13 12:30:00-04:00,6.855000019073486,6.860000133514404,6.849999904632568,6.8582000732421875,7098,0.0,0.0
2026-03-13 12:35:00-04:00,6.860000133514404,6.880000114440918,6.860000133514404,6.880000114440918,18061,0.0,0.0
2026-03-13 12:40:00-04:00,6.875,6.894999980926514,6.869999885559082,6.885000228881836,22140,0.0,0.0
2026-03-13 12:45:00-04:00,6.880000114440918,6.885000228881836,6.864999771118164,6.879899978637695,12782,0.0,0.0
2026-03-13 12:50:00-04:00,6.880000114440918,6.90500020980835,6.880000114440918,6.90500020980835,6622,0.0,0.0
2026-03-13 12:55:00-04:00,6.90500020980835,6.909900188446045,6.875,6.876800060272217,11814,0.0,0.0
2026-03-13 13:00:00-04:00,6.880000114440918,6.885000228881836,6.869999885559082,6.879899978637695,8180,0.0,0.0
2026-03-13 13:05:00-04:00,6.880000114440918,6.889699935913086,6.869800090789795,6.877099990844727,9576,0.0,0.0
2026-03-13 13:10:00-04:00,6.864999771118164,6.889900207519531,6.864999771118164,6.889900207519531,5506,0.0,0.0
2026-03-13 13:15:00-04:00,6.880000114440918,6.880000114440918,6.869999885559082,6.869999885559082,2304,0.0,0.0
2026-03-13 13:20:00-04:00,6.879899978637695,6.879899978637695,6.8618998527526855,6.869999885559082,8558,0.0,0.0
2026-03-13 13:25:00-04:00,6.879899978637695,6.879899978637695,6.864999771118164,6.864999771118164,8556,0.0,0.0
2026-03-13 13:30:00-04:00,6.860000133514404,6.879899978637695,6.849999904632568,6.879899978637695,22355,0.0,0.0
2026-03-13 13:35:00-04:00,6.880000114440918,6.889100074768066,6.868899822235107,6.889100074768066,13457,0.0,0.0
2026-03-13 13:40:00-04:00,6.881199836730957,6.886600017547607,6.875,6.885000228881836,12648,0.0,0.0
2026-03-13 13:45:00-04:00,6.889400005340576,6.889900207519531,6.864999771118164,6.864999771118164,24503,0.0,0.0
2026-03-13 13:50:00-04:00,6.864999771118164,6.869999885559082,6.863900184631348,6.863900184631348,8435,0.0,0.0
2026-03-13 13:55:00-04:00,6.863900184631348,6.869999885559082,6.855000019073486,6.855000019073486,17121,0.0,0.0
2026-03-13 14:00:00-04:00,6.860000133514404,6.860000133514404,6.849999904632568,6.855000019073486,6226,0.0,0.0
2026-03-13 14:05:00-04:00,6.854700088500977,6.857500076293945,6.840000152587891,6.843599796295166,12904,0.0,0.0
2026-03-13 14:10:00-04:00,6.84499979019165,6.849999904632568,6.840000152587891,6.840000152587891,8642,0.0,0.0
2026-03-13 14:15:00-04:00,6.84499979019165,6.849999904632568,6.820700168609619,6.824999809265137,12216,0.0,0.0
2026-03-13 14:20:00-04:00,6.824999809265137,6.82859992980957,6.809999942779541,6.819900035858154,26940,0.0,0.0
2026-03-13 14:25:00-04:00,6.820000171661377,6.829999923706055,6.810100078582764,6.824999809265137,22678,0.0,0.0
2026-03-13 14:30:00-04:00,6.824999809265137,6.840000152587891,6.820099830627441,6.835000038146973,5729,0.0,0.0
2026-03-13 14:35:00-04:00,6.830100059509277,6.840000152587891,6.830100059509277,6.839900016784668,4486,0.0,0.0
2026-03-13 14:40:00-04:00,6.832300186157227,6.849999904632568,6.820099830627441,6.84499979019165,35987,0.0,0.0
2026-03-13 14:45:00-04:00,6.840000152587891,6.84499979019165,6.829999923706055,6.84499979019165,15859,0.0,0.0
2026-03-13 14:50:00-04:00,6.84499979019165,6.84499979019165,6.829999923706055,6.840000152587891,15990,0.0,0.0
2026-03-13 14:55:00-04:00,6.840000152587891,6.840000152587891,6.829899787902832,6.835000038146973,8547,0.0,0.0
2026-03-13 15:00:00-04:00,6.835000038146973,6.840000152587891,6.834000110626221,6.835000038146973,8706,0.0,0.0
2026-03-13 15:05:00-04:00,6.835000038146973,6.860000133514404,6.820000171661377,6.855500221252441,51617,0.0,0.0
2026-03-13 15:10:00-04:00,6.855000019073486,6.875,6.855000019073486,6.864999771118164,21232,0.0,0.0
2026-03-13 15:15:00-04:00,6.8643999099731445,6.864999771118164,6.855000019073486,6.864999771118164,11792,0.0,0.0
2026-03-13 15:20:00-04:00,6.864999771118164,6.864999771118164,6.849999904632568,6.849999904632568,7999,0.0,0.0
2026-03-13 15:25:00-04:00,6.850100040435791,6.850100040435791,6.820000171661377,6.824999809265137,19631,0.0,0.0
2026-03-13 15:30:00-04:00,6.8292999267578125,6.849999904632568,6.8292999267578125,6.835000038146973,26072,0.0,0.0
2026-03-13 15:35:00-04:00,6.840000152587891,6.8566999435424805,6.835000038146973,6.855000019073486,11356,0.0,0.0
2026-03-13 15:40:00-04:00,6.859899997711182,6.859899997711182,6.840000152587891,6.855000019073486,35779,0.0,0.0
2026-03-13 15:45:00-04:00,6.855000019073486,6.859899997711182,6.849999904632568,6.855000019073486,15829,0.0,0.0
2026-03-13 15:50:00-04:00,6.855000019073486,6.875,6.84499979019165,6.864999771118164,48316,0.0,0.0
2026-03-13 15:55:00-04:00,6.864999771118164,6.900000095367432,6.864999771118164,6.894999980926514,126604,0.0,0.0
2026-03-16 09:30:00-04:00,6.980000019073486,7.050000190734863,6.949999809265137,7.03000020980835,99218,0.0,0.0
2026-03-16 09:35:00-04:00,7.039999961853027,7.0406999588012695,7.025000095367432,7.039999961853027,13057,0.0,0.0
2026-03-16 09:40:00-04:00,7.039999961853027,7.046000003814697,7.0,7.025000095367432,52288,0.0,0.0
2026-03-16 09:45:00-04:00,7.019999980926514,7.029900074005127,6.9608001708984375,6.980000019073486,33871,0.0,0.0
2026-03-16 09:50:00-04:00,6.980000019073486,7.010000228881836,6.974999904632568,6.989999771118164,23265,0.0,0.0
2026-03-16 09:55:00-04:00,6.98799991607666,7.030200004577637,6.98799991607666,7.030200004577637,11327,0.0,0.0
2026-03-16 10:00:00-04:00,7.03000020980835,7.034999847412109,7.0100998878479,7.02400016784668,11046,0.0,0.0
2026-03-16 10:05:00-04:00,7.029900074005127,7.070000171661377,7.005000114440918,7.065000057220459,18917,0.0,0.0
2026-03-16 10:10:00-04:00,7.065000057220459,7.085000038146973,7.045000076293945,7.0524001121521,29050,0.0,0.0
2026-03-16 10:15:00-04:00,7.050000190734863,7.050000190734863,7.0,7.0,28587,0.0,0.0
2026-03-16 10:20:00-04:00,7.010000228881836,7.03000020980835,7.005000114440918,7.03000020980835,4452,0.0,0.0
2026-03-16 10:25:00-04:00,7.029900074005127,7.039999961853027,7.0,7.0,9846,0.0,0.0
2026-03-16 10:30:00-04:00,6.989999771118164,7.019999980926514,6.980000019073486,6.980000019073486,18341,0.0,0.0
2026-03-16 10:35:00-04:00,6.985000133514404,6.989999771118164,6.965000152587891,6.96999979019165,25987,0.0,0.0
2026-03-16 10:40:00-04:00,6.96999979019165,6.96999979019165,6.945000171661377,6.969900131225586,15441,0.0,0.0
2026-03-16 10:45:00-04:00,6.96999979019165,6.96999979019165,6.945000171661377,6.949999809265137,14286,0.0,0.0
2026-03-16 10:50:00-04:00,6.949999809265137,6.960000038146973,6.940000057220459,6.960000038146973,17692,0.0,0.0
2026-03-16 10:55:00-04:00,6.960000038146973,6.974999904632568,6.954999923706055,6.974999904632568,12502,0.0,0.0
2026-03-16 11:00:00-04:00,6.980000019073486,6.9899001121521,6.974999904632568,6.974999904632568,5032,0.0,0.0
2026-03-16 11:05:00-04:00,6.976500034332275,6.989999771118164,6.974999904632568,6.985000133514404,243225,0.0,0.0
2026-03-16 11:10:00-04:00,6.980000019073486,6.980000019073486,6.960000038146973,6.974999904632568,0,0.0,0.0
2026-03-16 11:15:00-04:00,6.974999904632568,6.980000019073486,6.960000038146973,6.974999904632568,5667,0.0,0.0
2026-03-16 11:20:00-04:00,6.973499774932861,6.980000019073486,6.96999979019165,6.97790002822876,8475,0.0,0.0
2026-03-16 11:25:00-04:00,6.974999904632568,6.980000019073486,6.96999979019165,6.96999979019165,3597,0.0,0.0
2026-03-16 11:30:00-04:00,6.970099925994873,6.980100154876709,6.970099925994873,6.980100154876709,6061,0.0,0.0
2026-03-16 11:35:00-04:00,6.989799976348877,7.005000114440918,6.985000133514404,6.9899001121521,8509,0.0,0.0
2026-03-16 11:40:00-04:00,6.985000133514404,6.985000133514404,6.960700035095215,6.960700035095215,7891,0.0,0.0
2026-03-16 11:45:00-04:00,6.960000038146973,6.965000152587891,6.954999923706055,6.965000152587891,9865,0.0,0.0
2026-03-16 11:50:00-04:00,6.960000038146973,6.960000038146973,6.949999809265137,6.960000038146973,6082,0.0,0.0
2026-03-16 11:55:00-04:00,6.954999923706055,6.959700107574463,6.934999942779541,6.934999942779541,5898,0.0,0.0
2026-03-16 12:00:00-04:00,6.940000057220459,6.945000171661377,6.929999828338623,6.940000057220459,5920,0.0,0.0
2026-03-16 12:05:00-04:00,6.936600208282471,6.940000057220459,6.934999942779541,6.939899921417236,3234,0.0,0.0
2026-03-16 12:10:00-04:00,6.940000057220459,6.940000057220459,6.92140007019043,6.925000190734863,4533,0.0,0.0
2026-03-16 12:15:00-04:00,6.925000190734863,6.929999828338623,6.920000076293945,6.929900169372559,1944,0.0,0.0
2026-03-16 12:20:00-04:00,6.925000190734863,6.929299831390381,6.894999980926514,6.894999980926514,19523,0.0,0.0
2026-03-16 12:25:00-04:00,6.894999980926514,6.898200035095215,6.885000228881836,6.885000228881836,5844,0.0,0.0
2026-03-16 12:30:00-04:00,6.885000228881836,6.888599872589111,6.870999813079834,6.880300045013428,13389,0.0,0.0
2026-03-16 12:35:00-04:00,6.880000114440918,6.885000228881836,6.870200157165527,6.880000114440918,4666,0.0,0.0
2026-03-16 12:40:00-04:00,6.871799945831299,6.889999866485596,6.870100021362305,6.889999866485596,15258,0.0,0.0
2026-03-16 12:45:00-04:00,6.889999866485596,6.889999866485596,6.869999885559082,6.875,348725,0.0,0.0
2026-03-16 12:50:00-04:00,6.875,6.894999980926514,6.870100021362305,6.894999980926514,0,0.0,0.0
2026-03-16 12:55:00-04:00,6.894999980926514,6.899899959564209,6.885000228881836,6.894999980926514,5927,0.0,0.0
2026-03-16 13:00:00-04:00,6.894999980926514,6.920000076293945,6.889999866485596,6.90500020980835,11449,0.0,0.0
2026-03-16 13:05:00-04:00,6.90500020980835,6.910099983215332,6.893400192260742,6.894999980926514,8104,0.0,0.0
2026-03-16 13:10:00-04:00,6.889999866485596,6.900000095367432,6.889999866485596,6.900000095367432,4722,0.0,0.0
2026-03-16 13:15:00-04:00,6.894999980926514,6.909999847412109,6.889999866485596,6.909999847412109,5888,0.0,0.0
2026-03-16 13:20:00-04:00,6.909900188446045,6.909999847412109,6.900000095367432,6.9085001945495605,2634,0.0,0.0
2026-03-16 13:25:00-04:00,6.90500020980835,6.90500020980835,6.875,6.885000228881836,12486,0.0,0.0
2026-03-16 13:30:00-04:00,6.889999866485596,6.90500020980835,6.880000114440918,6.889900207519531,3426,0.0,0.0
2026-03-16 13:35:00-04:00,6.880000114440918,6.894999980926514,6.880000114440918,6.894999980926514,408302,0.0,0.0
2026-03-16 13:40:00-04:00,6.894999980926514,6.894999980926514,6.894999980926514,6.894999980926514,0,0.0,0.0
2026-03-16 13:45:00-04:00,6.894999980926514,6.90500020980835,6.885000228881836,6.894999980926514,413426,0.0,0.0
2026-03-16 13:50:00-04:00,6.885000228881836,6.894999980926514,6.875,6.880000114440918,0,0.0,0.0
2026-03-16 13:55:00-04:00,6.879799842834473,6.880000114440918,6.875,6.880000114440918,13308,0.0,0.0
2026-03-16 14:00:00-04:00,6.875,6.885000228881836,6.875,6.885000228881836,5857,0.0,0.0
2026-03-16 14:05:00-04:00,6.885000228881836,6.890100002288818,6.884900093078613,6.890100002288818,8126,0.0,0.0
2026-03-16 14:10:00-04:00,6.894999980926514,6.900000095367432,6.880000114440918,6.900000095367432,16048,0.0,0.0
2026-03-16 14:15:00-04:00,6.909999847412109,6.934999942779541,6.90500020980835,6.934999942779541,5179,0.0,0.0
2026-03-16 14:20:00-04:00,6.934999942779541,6.946700096130371,6.934999942779541,6.940000057220459,7197,0.0,0.0
2026-03-16 14:25:00-04:00,6.940000057220459,6.945000171661377,6.934999942779541,6.945000171661377,3145,0.0,0.0
2026-03-16 14:30:00-04:00,6.940000057220459,6.949999809265137,6.934999942779541,6.949999809265137,8425,0.0,0.0
2026-03-16 14:35:00-04:00,6.950099945068359,6.950099945068359,6.940100193023682,6.945000171661377,5291,0.0,0.0
2026-03-16 14:40:00-04:00,6.945000171661377,6.954999923706055,6.934999942779541,6.945000171661377,17313,0.0,0.0
2026-03-16 14:45:00-04:00,6.943999767303467,6.960000038146973,6.943999767303467,6.960000038146973,20162,0.0,0.0
2026-03-16 14:50:00-04:00,6.954999923706055,6.960000038146973,6.954999923706055,6.954999923706055,2852,0.0,0.0
2026-03-16 14:55:00-04:00,6.954999923706055,6.969900131225586,6.949999809265137,6.954999923706055,8747,0.0,0.0
2026-03-16 15:00:00-04:00,6.954999923706055,6.980000019073486,6.954999923706055,6.974999904632568,12227,0.0,0.0
2026-03-16 15:05:00-04:00,6.974999904632568,6.9899001121521,6.960000038146973,6.96999979019165,497688,0.0,0.0
2026-03-16 15:10:00-04:00,6.980000019073486,6.980000019073486,6.945000171661377,6.949999809265137,0,0.0,0.0
2026-03-16 15:15:00-04:00,6.949999809265137,6.95989990234375,6.934999942779541,6.934999942779541,5501,0.0,0.0
2026-03-16 15:20:00-04:00,6.934999942779541,6.940000057220459,6.925000190734863,6.929999828338623,9709,0.0,0.0
2026-03-16 15:25:00-04:00,6.927499771118164,6.927499771118164,6.900000095367432,6.90500020980835,16510,0.0,0.0
2026-03-16 15:30:00-04:00,6.909800052642822,6.909999847412109,6.900000095367432,6.90500020980835,11467,0.0,0.0
2026-03-16 15:35:00-04:00,6.90500020980835,6.90500020980835,6.890500068664551,6.894999980926514,7000,0.0,0.0
2026-03-16 15:40:00-04:00,6.894999980926514,6.899899959564209,6.880000114440918,6.880000114440918,15554,0.0,0.0
2026-03-16 15:45:00-04:00,6.880000114440918,6.909999847412109,6.880000114440918,6.90500020980835,11390,0.0,0.0
2026-03-16 15:50:00-04:00,6.909900188446045,6.920000076293945,6.900000095367432,6.90500020980835,18225,0.0,0.0
2026-03-16 15:55:00-04:00,6.900000095367432,6.909999847412109,6.894999980926514,6.90500020980835,27875,0.0,0.0
2026-03-17 09:30:00-04:00,6.929999828338623,7.070000171661377,6.900000095367432,7.050000190734863,74041,0.0,0.0
2026-03-17 09:35:00-04:00,7.032899856567383,7.059999942779541,7.020899772644043,7.054999828338623,72043,0.0,0.0
2026-03-17 09:40:00-04:00,7.054999828338623,7.070199966430664,7.04010009765625,7.067500114440918,28016,0.0,0.0
2026-03-17 09:45:00-04:00,7.059999942779541,7.065000057220459,7.047999858856201,7.059999942779541,0,0.0,0.0
2026-03-17 09:50:00-04:00,7.069900035858154,7.069900035858154,7.050000190734863,7.059999942779541,5125,0.0,0.0
2026-03-17 09:55:00-04:00,7.050000190734863,7.059999942779541,7.039999961853027,7.059999942779541,90092,0.0,0.0
2026-03-17 10:00:00-04:00,7.056600093841553,7.059999942779541,7.03000020980835,7.03000020980835,0,0.0,0.0
2026-03-17 10:05:00-04:00,7.034999847412109,7.050000190734863,7.034999847412109,7.034999847412109,18336,0.0,0.0
2026-03-17 10:10:00-04:00,7.039999961853027,7.039999961853027,7.005000114440918,7.005000114440918,13581,0.0,0.0
2026-03-17 10:15:00-04:00,7.005000114440918,7.050000190734863,7.005000114440918,7.050000190734863,20455,0.0,0.0
2026-03-17 10:20:00-04:00,7.051000118255615,7.074999809265137,7.025000095367432,7.025000095367432,29545,0.0,0.0
2026-03-17 10:25:00-04:00,7.019999980926514,7.019999980926514,7.000100135803223,7.019999980926514,131116,0.0,0.0
2026-03-17 10:30:00-04:00,7.0100998878479,7.034999847412109,7.0100998878479,7.0329999923706055,7004,0.0,0.0
2026-03-17 10:35:00-04:00,7.034999847412109,7.039999961853027,7.010000228881836,7.019899845123291,0,0.0,0.0
2026-03-17 10:40:00-04:00,7.0100998878479,7.0279998779296875,7.0100998878479,7.025000095367432,3468,0.0,0.0
2026-03-17 10:45:00-04:00,7.025000095367432,7.03000020980835,6.994999885559082,7.0,171146,0.0,0.0
2026-03-17 10:50:00-04:00,6.990099906921387,6.994999885559082,6.980000019073486,6.980100154876709,0,0.0,0.0
2026-03-17 10:55:00-04:00,6.985000133514404,7.005000114440918,6.980100154876709,6.996600151062012,5056,0.0,0.0
2026-03-17 11:00:00-04:00,7.0,7.008500099182129,6.985000133514404,6.985000133514404,3842,0.0,0.0
2026-03-17 11:05:00-04:00,6.980100154876709,6.985000133514404,6.96999979019165,6.96999979019165,8765,0.0,0.0
2026-03-17 11:10:00-04:00,6.960000038146973,6.960000038146973,6.945000171661377,6.945000171661377,19387,0.0,0.0
2026-03-17 11:15:00-04:00,6.949999809265137,6.949999809265137,6.920100212097168,6.934999942779541,13608,0.0,0.0
2026-03-17 11:20:00-04:00,6.939899921417236,6.940000057220459,6.894999980926514,6.90500020980835,29709,0.0,0.0
2026-03-17 11:25:00-04:00,6.90500020980835,6.909900188446045,6.894999980926514,6.894999980926514,6594,0.0,0.0
2026-03-17 11:30:00-04:00,6.897500038146973,6.900000095367432,6.885000228881836,6.889999866485596,26724,0.0,0.0
2026-03-17 11:35:00-04:00,6.894999980926514,6.899899959564209,6.860000133514404,6.880000114440918,38970,0.0,0.0
2026-03-17 11:40:00-04:00,6.880000114440918,6.894999980926514,6.875,6.894999980926514,16926,0.0,0.0
2026-03-17 11:45:00-04:00,6.900000095367432,6.900000095367432,6.889999866485596,6.889999866485596,13812,0.0,0.0
2026-03-17 11:50:00-04:00,6.894999980926514,6.909999847412109,6.894999980926514,6.907100200653076,2787,0.0,0.0
2026-03-17 11:55:00-04:00,6.90500020980835,6.918600082397461,6.90500020980835,6.909999847412109,7039,0.0,0.0
2026-03-17 12:00:00-04:00,6.909999847412109,6.920000076293945,6.909999847412109,6.920000076293945,3666,0.0,0.0
2026-03-17 12:05:00-04:00,6.925000190734863,6.934000015258789,6.914999961853027,6.920000076293945,9486,0.0,0.0
2026-03-17 12:10:00-04:00,6.929999828338623,6.929999828338623,6.920000076293945,6.920000076293945,1865,0.0,0.0
2026-03-17 12:15:00-04:00,6.920000076293945,6.940000057220459,6.910099983215332,6.940000057220459,14529,0.0,0.0
2026-03-17 12:20:00-04:00,6.940800189971924,6.940800189971924,6.925000190734863,6.925000190734863,299325,0.0,0.0
2026-03-17 12:25:00-04:00,6.925000190734863,6.925000190734863,6.90500020980835,6.909999847412109,0,0.0,0.0
2026-03-17 12:30:00-04:00,6.920000076293945,6.926000118255615,6.914999961853027,6.914999961853027,3379,0.0,0.0
2026-03-17 12:35:00-04:00,6.912099838256836,6.945000171661377,6.912099838256836,6.930300235748291,7880,0.0,0.0
2026-03-17 12:40:00-04:00,6.939899921417236,6.939899921417236,6.920100212097168,6.929999828338623,5885,0.0,0.0
2026-03-17 12:45:00-04:00,6.925000190734863,6.940000057220459,6.920100212097168,6.929999828338623,15395,0.0,0.0
2026-03-17 12:50:00-04:00,6.930200099945068,6.934999942779541,6.925000190734863,6.929999828338623,3670,0.0,0.0
2026-03-17 12:55:00-04:00,6.934999942779541,6.934999942779541,6.925000190734863,6.929999828338623,6815,0.0,0.0
2026-03-17 13:00:00-04:00,6.929999828338623,6.934999942779541,6.929999828338623,6.934999942779541,3813,0.0,0.0
2026-03-17 13:05:00-04:00,6.930699825286865,6.934999942779541,6.920000076293945,6.930099964141846,17593,0.0,0.0
2026-03-17 13:10:00-04:00,6.934999942779541,6.940000057220459,6.925000190734863,6.934999942779541,8082,0.0,0.0
2026-03-17 13:15:00-04:00,6.929999828338623,6.929999828338623,6.920000076293945,6.929999828338623,15078,0.0,0.0
2026-03-17 13:20:00-04:00,6.925000190734863,6.940000057220459,6.925000190734863,6.939799785614014,11169,0.0,0.0
2026-03-17 13:25:00-04:00,6.934999942779541,6.934999942779541,6.920000076293945,6.923099994659424,15808,0.0,0.0
2026-03-17 13:30:00-04:00,6.925000190734863,6.925000190734863,6.909999847412109,6.920000076293945,13770,0.0,0.0
2026-03-17 13:35:00-04:00,6.925000190734863,6.93720006942749,6.917600154876709,6.93720006942749,5435,0.0,0.0
2026-03-17 13:40:00-04:00,6.934999942779541,6.934999942779541,6.929999828338623,6.934999942779541,1577,0.0,0.0
2026-03-17 13:45:00-04:00,6.934999942779541,6.940000057220459,6.925000190734863,6.934999942779541,17566,0.0,0.0
2026-03-17 13:50:00-04:00,6.9309000968933105,6.954999923706055,6.9309000968933105,6.945000171661377,16797,0.0,0.0
2026-03-17 13:55:00-04:00,6.945000171661377,6.954999923706055,6.940000057220459,6.945000171661377,12283,0.0,0.0
2026-03-17 14:00:00-04:00,6.940899848937988,6.954999923706055,6.940899848937988,6.954999923706055,3012,0.0,0.0
2026-03-17 14:05:00-04:00,6.959700107574463,6.994999885559082,6.954999923706055,6.990099906921387,57162,0.0,0.0
2026-03-17 14:10:00-04:00,6.984300136566162,6.984300136566162,6.96999979019165,6.970699787139893,15672,0.0,0.0
2026-03-17 14:15:00-04:00,6.96999979019165,6.974999904632568,6.96999979019165,6.96999979019165,7882,0.0,0.0
2026-03-17 14:20:00-04:00,6.96999979019165,6.980000019073486,6.960000038146973,6.960000038146973,6645,0.0,0.0
2026-03-17 14:25:00-04:00,6.954999923706055,6.960000038146973,6.949999809265137,6.949999809265137,1638,0.0,0.0
2026-03-17 14:30:00-04:00,6.945000171661377,6.960000038146973,6.945000171661377,6.960000038146973,10515,0.0,0.0
2026-03-17 14:35:00-04:00,6.960000038146973,6.966000080108643,6.960000038146973,6.960000038146973,8081,0.0,0.0
2026-03-17 14:40:00-04:00,6.96999979019165,6.980000019073486,6.96999979019165,6.96999979019165,4466,0.0,0.0
2026-03-17 14:45:00-04:00,6.96999979019165,6.974999904632568,6.965000152587891,6.965000152587891,6767,0.0,0.0
2026-03-17 14:50:00-04:00,6.96999979019165,6.985000133514404,6.965000152587891,6.980000019073486,8699,0.0,0.0
2026-03-17 14:55:00-04:00,6.985000133514404,6.985000133514404,6.974999904632568,6.985000133514404,4537,0.0,0.0
2026-03-17 15:00:00-04:00,6.989999771118164,7.010000228881836,6.989999771118164,7.010000228881836,8039,0.0,0.0
2026-03-17 15:05:00-04:00,7.0,7.005000114440918,6.994999885559082,6.994999885559082,4576,0.0,0.0
2026-03-17 15:10:00-04:00,6.990099906921387,6.994999885559082,6.985000133514404,6.994999885559082,5812,0.0,0.0
2026-03-17 15:15:00-04:00,6.994999885559082,7.005000114440918,6.994999885559082,7.0,6835,0.0,0.0
2026-03-17 15:20:00-04:00,6.994999885559082,7.0,6.989999771118164,6.994999885559082,2463,0.0,0.0
2026-03-17 15:25:00-04:00,6.989999771118164,6.989999771118164,6.980000019073486,6.985000133514404,8991,0.0,0.0
2026-03-17 15:30:00-04:00,6.989999771118164,6.989999771118164,6.980000019073486,6.980000019073486,4423,0.0,0.0
2026-03-17 15:35:00-04:00,6.980000019073486,6.980000019073486,6.96999979019165,6.97629976272583,10675,0.0,0.0
2026-03-17 15:40:00-04:00,6.96999979019165,6.96999979019165,6.934999942779541,6.934999942779541,8899,0.0,0.0
2026-03-17 15:45:00-04:00,6.940000057220459,6.9481000900268555,6.940000057220459,6.945000171661377,7534,0.0,0.0
2026-03-17 15:50:00-04:00,6.949999809265137,6.960000038146973,6.940000057220459,6.954999923706055,19127,0.0,0.0
2026-03-17 15:55:00-04:00,6.954999923706055,6.96999979019165,6.940000057220459,6.940000057220459,121545,0.0,0.0
2026-03-18 09:30:00-04:00,6.900000095367432,6.949900150299072,6.869999885559082,6.909999847412109,81411,0.0,0.0
2026-03-18 09:35:00-04:00,6.909999847412109,6.945000171661377,6.900899887084961,6.929999828338623,0,0.0,0.0
2026-03-18 09:40:00-04:00,6.939700126647949,6.939700126647949,6.894999980926514,6.894999980926514,19355,0.0,0.0
2026-03-18 09:45:00-04:00,6.899899959564209,6.920000076293945,6.880000114440918,6.914999961853027,42262,0.0,0.0
2026-03-18 09:50:00-04:00,6.9008002281188965,6.919899940490723,6.889999866485596,6.909900188446045,13447,0.0,0.0
2026-03-18 09:55:00-04:00,6.90500020980835,6.914999961853027,6.885000228881836,6.914999961853027,14203,0.0,0.0
2026-03-18 10:00:00-04:00,6.914999961853027,6.914999961853027,6.896500110626221,6.900100231170654,25938,0.0,0.0
2026-03-18 10:05:00-04:00,6.900000095367432,6.92549991607666,6.890100002288818,6.924499988555908,19908,0.0,0.0
2026-03-18 10:10:00-04:00,6.920000076293945,6.929999828338623,6.894999980926514,6.894999980926514,15289,0.0,0.0
2026-03-18 10:15:00-04:00,6.90500020980835,6.909999847412109,6.891300201416016,6.894999980926514,7388,0.0,0.0
2026-03-18 10:20:00-04:00,6.909999847412109,6.909999847412109,6.894999980926514,6.90500020980835,6914,0.0,0.0
2026-03-18 10:25:00-04:00,6.909800052642822,6.920000076293945,6.879700183868408,6.885000228881836,15653,0.0,0.0
2026-03-18 10:30:00-04:00,6.880000114440918,6.885499954223633,6.869999885559082,6.880000114440918,12138,0.0,0.0
2026-03-18 10:35:00-04:00,6.880000114440918,6.885000228881836,6.880000114440918,6.880000114440918,8338,0.0,0.0
2026-03-18 10:40:00-04:00,6.875,6.889999866485596,6.875,6.881400108337402,21653,0.0,0.0
2026-03-18 10:45:00-04:00,6.889999866485596,6.894999980926514,6.885000228881836,6.889999866485596,7514,0.0,0.0
2026-03-18 10:50:00-04:00,6.889999866485596,6.900000095367432,6.88070011138916,6.888599872589111,5432,0.0,0.0
2026-03-18 10:55:00-04:00,6.885000228881836,6.900000095367432,6.884500026702881,6.900000095367432,5707,0.0,0.0
2026-03-18 11:00:00-04:00,6.900000095367432,6.909999847412109,6.882999897003174,6.894000053405762,6403,0.0,0.0
2026-03-18 11:05:00-04:00,6.880199909210205,6.900000095367432,6.880199909210205,6.900000095367432,11138,0.0,0.0
2026-03-18 11:10:00-04:00,6.891200065612793,6.900000095367432,6.881400108337402,6.884200096130371,5974,0.0,0.0
2026-03-18 11:15:00-04:00,6.885000228881836,6.885000228881836,6.869999885559082,6.878600120544434,12954,0.0,0.0
2026-03-18 11:20:00-04:00,6.864999771118164,6.885000228881836,6.864699840545654,6.875,22653,0.0,0.0
2026-03-18 11:25:00-04:00,6.877699851989746,6.877699851989746,6.869999885559082,6.869999885559082,1251,0.0,0.0
2026-03-18 11:30:00-04:00,6.875,6.880000114440918,6.869999885559082,6.879899978637695,6310,0.0,0.0
2026-03-18 11:35:00-04:00,6.875,6.885000228881836,6.869999885559082,6.885000228881836,7035,0.0,0.0
2026-03-18 11:40:00-04:00,6.874000072479248,6.875,6.869999885559082,6.869999885559082,2823,0.0,0.0
2026-03-18 11:45:00-04:00,6.872099876403809,6.872099876403809,6.85099983215332,6.864999771118164,15343,0.0,0.0
2026-03-18 11:50:00-04:00,6.860000133514404,6.864999771118164,6.855000019073486,6.859899997711182,26862,0.0,0.0
2026-03-18 11:55:00-04:00,6.864999771118164,6.864999771118164,6.84499979019165,6.84499979019165,6073,0.0,0.0
2026-03-18 12:00:00-04:00,6.849100112915039,6.849100112915039,6.840000152587891,6.84499979019165,3922,0.0,0.0
2026-03-18 12:05:00-04:00,6.84499979019165,6.849699974060059,6.84499979019165,6.849699974060059,3312,0.0,0.0
2026-03-18 12:10:00-04:00,6.84499979019165,6.849899768829346,6.840000152587891,6.84499979019165,4059,0.0,0.0
2026-03-18 12:15:00-04:00,6.84499979019165,6.84499979019165,6.829999923706055,6.835000038146973,6092,0.0,0.0
2026-03-18 12:20:00-04:00,6.835000038146973,6.840000152587891,6.829999923706055,6.835000038146973,7263,0.0,0.0
2026-03-18 12:25:00-04:00,6.835000038146973,6.849899768829346,6.829999923706055,6.849899768829346,16625,0.0,0.0
2026-03-18 12:30:00-04:00,6.849999904632568,6.860000133514404,6.835000038146973,6.839900016784668,10277,0.0,0.0
2026-03-18 12:35:00-04:00,6.829999923706055,6.840000152587891,6.824999809265137,6.835000038146973,6206,0.0,0.0
2026-03-18 12:40:00-04:00,6.840000152587891,6.860000133514404,6.835000038146973,6.860000133514404,9581,0.0,0.0
2026-03-18 12:45:00-04:00,6.852099895477295,6.864999771118164,6.850100040435791,6.864999771118164,7239,0.0,0.0
2026-03-18 12:50:00-04:00,6.867000102996826,6.869999885559082,6.860000133514404,6.864999771118164,2127,0.0,0.0
2026-03-18 12:55:00-04:00,6.869999885559082,6.875,6.866000175476074,6.875,6700,0.0,0.0
2026-03-18 13:00:00-04:00,6.869999885559082,6.875,6.864999771118164,6.870200157165527,3996,0.0,0.0
2026-03-18 13:05:00-04:00,6.869999885559082,6.869999885559082,6.8643999099731445,6.869999885559082,2234,0.0,0.0
2026-03-18 13:10:00-04:00,6.869999885559082,6.887199878692627,6.869999885559082,6.885000228881836,4098,0.0,0.0
2026-03-18 13:15:00-04:00,6.885000228881836,6.894999980926514,6.885000228881836,6.894999980926514,16069,0.0,0.0
2026-03-18 13:20:00-04:00,6.894999980926514,6.908599853515625,6.890399932861328,6.894999980926514,15079,0.0,0.0
2026-03-18 13:25:00-04:00,6.889999866485596,6.889999866485596,6.875,6.885000228881836,9098,0.0,0.0
2026-03-18 13:30:00-04:00,6.885000228881836,6.885000228881836,6.864999771118164,6.869999885559082,10393,0.0,0.0
2026-03-18 13:35:00-04:00,6.875,6.900000095367432,6.875,6.900000095367432,27665,0.0,0.0
2026-03-18 13:40:00-04:00,6.893899917602539,6.900000095367432,6.885000228881836,6.894999980926514,11220,0.0,0.0
2026-03-18 13:45:00-04:00,6.900000095367432,6.90500020980835,6.894700050354004,6.894700050354004,13948,0.0,0.0
2026-03-18 13:50:00-04:00,6.894999980926514,6.900000095367432,6.889999866485596,6.894199848175049,10542,0.0,0.0
2026-03-18 13:55:00-04:00,6.885000228881836,6.889999866485596,6.881400108337402,6.881400108337402,1817,0.0,0.0
2026-03-18 14:00:00-04:00,6.885000228881836,6.885000228881836,6.880000114440918,6.88070011138916,4941,0.0,0.0
2026-03-18 14:05:00-04:00,6.880000114440918,6.880000114440918,6.864999771118164,6.864999771118164,6010,0.0,0.0
2026-03-18 14:10:00-04:00,6.869999885559082,6.875,6.86299991607666,6.875,4347,0.0,0.0
2026-03-18 14:15:00-04:00,6.864999771118164,6.869999885559082,6.855000019073486,6.860300064086914,5250,0.0,0.0
2026-03-18 14:20:00-04:00,6.869200229644775,6.869200229644775,6.849999904632568,6.849999904632568,3817,0.0,0.0
2026-03-18 14:25:00-04:00,6.855000019073486,6.864999771118164,6.855000019073486,6.864999771118164,11665,0.0,0.0
2026-03-18 14:30:00-04:00,6.864999771118164,6.86899995803833,6.855000019073486,6.855000019073486,8905,0.0,0.0
2026-03-18 14:35:00-04:00,6.855000019073486,6.875,6.855000019073486,6.855000019073486,5738,0.0,0.0
2026-03-18 14:40:00-04:00,6.849999904632568,6.856500148773193,6.84499979019165,6.849999904632568,10383,0.0,0.0
2026-03-18 14:45:00-04:00,6.84499979019165,6.84499979019165,6.835000038146973,6.835000038146973,9802,0.0,0.0
2026-03-18 14:50:00-04:00,6.829999923706055,6.829999923706055,6.784999847412109,6.795000076293945,35054,0.0,0.0
2026-03-18 14:55:00-04:00,6.795000076293945,6.800000190734863,6.789999961853027,6.789999961853027,20191,0.0,0.0
2026-03-18 15:00:00-04:00,6.784999847412109,6.784999847412109,6.769999980926514,6.784999847412109,17318,0.0,0.0
2026-03-18 15:05:00-04:00,6.789999961853027,6.789999961853027,6.78000020980835,6.789999961853027,6506,0.0,0.0
2026-03-18 15:10:00-04:00,6.784999847412109,6.795000076293945,6.78000020980835,6.795000076293945,7936,0.0,0.0
2026-03-18 15:15:00-04:00,6.795000076293945,6.804999828338623,6.795000076293945,6.800000190734863,9622,0.0,0.0
2026-03-18 15:20:00-04:00,6.795000076293945,6.798999786376953,6.784999847412109,6.795000076293945,12279,0.0,0.0
2026-03-18 15:25:00-04:00,6.790299892425537,6.795000076293945,6.769999980926514,6.769999980926514,28540,0.0,0.0
2026-03-18 15:30:00-04:00,6.769999980926514,6.769999980926514,6.739999771118164,6.75,43854,0.0,0.0
2026-03-18 15:35:00-04:00,6.755000114440918,6.760000228881836,6.730000019073486,6.735000133514404,14910,0.0,0.0
2026-03-18 15:40:00-04:00,6.735000133514404,6.75,6.730000019073486,6.744999885559082,491637,0.0,0.0
2026-03-18 15:45:00-04:00,6.744999885559082,6.744999885559082,6.71999979019165,6.724999904632568,0,0.0,0.0
2026-03-18 15:50:00-04:00,6.724999904632568,6.739999771118164,6.71999979019165,6.724999904632568,48468,0.0,0.0
2026-03-18 15:55:00-04:00,6.730000019073486,6.739999771118164,6.71999979019165,6.735000133514404,89202,0.0,0.0
2026-03-19 09:30:00-04:00,6.559999942779541,6.619999885559082,6.460100173950195,6.502600193023682,191177,0.0,0.0
2026-03-19 09:35:00-04:00,6.519999980926514,6.519999980926514,6.480000019073486,6.519999980926514,48555,0.0,0.0
2026-03-19 09:40:00-04:00,6.525000095367432,6.541999816894531,6.500100135803223,6.525000095367432,36023,0.0,0.0
2026-03-19 09:45:00-04:00,6.53000020980835,6.549900054931641,6.519899845123291,6.545000076293945,52834,0.0,0.0
2026-03-19 09:50:00-04:00,6.545000076293945,6.579999923706055,6.544000148773193,6.5696001052856445,60215,0.0,0.0
2026-03-19 09:55:00-04:00,6.565000057220459,6.590000152587891,6.559999942779541,6.590000152587891,7622,0.0,0.0
2026-03-19 10:00:00-04:00,6.590000152587891,6.607999801635742,6.574999809265137,6.574999809265137,24367,0.0,0.0
2026-03-19 10:05:00-04:00,6.574999809265137,6.610099792480469,6.574999809265137,6.590000152587891,45637,0.0,0.0
2026-03-19 10:10:00-04:00,6.590000152587891,6.630000114440918,6.590000152587891,6.599999904632568,13241,0.0,0.0
2026-03-19 10:15:00-04:00,6.59499979019165,6.59499979019165,6.556000232696533,6.570000171661377,10303,0.0,0.0
2026-03-19 10:20:00-04:00,6.559999942779541,6.57859992980957,6.53000020980835,6.545000076293945,19748,0.0,0.0
2026-03-19 10:25:00-04:00,6.550000190734863,6.614999771118164,6.550000190734863,6.574999809265137,101373,0.0,0.0
2026-03-19 10:30:00-04:00,6.585000038146973,6.610000133514404,6.579999923706055,6.59499979019165,9619,0.0,0.0
2026-03-19 10:35:00-04:00,6.6006999015808105,6.610000133514404,6.584499835968018,6.59499979019165,15977,0.0,0.0
2026-03-19 10:40:00-04:00,6.581999778747559,6.610000133514404,6.574999809265137,6.590000152587891,20959,0.0,0.0
2026-03-19 10:45:00-04:00,6.590000152587891,6.593999862670898,6.570000171661377,6.574999809265137,9321,0.0,0.0
2026-03-19 10:50:00-04:00,6.579999923706055,6.590000152587891,6.574999809265137,6.581600189208984,217339,0.0,0.0
2026-03-19 10:55:00-04:00,6.585000038146973,6.650000095367432,6.584000110626221,6.627099990844727,0,0.0,0.0
2026-03-19 11:00:00-04:00,6.630000114440918,6.650000095367432,6.621399879455566,6.650000095367432,49804,0.0,0.0
2026-03-19 11:05:00-04:00,6.664999961853027,6.684999942779541,6.659999847412109,6.670000076293945,33414,0.0,0.0
2026-03-19 11:10:00-04:00,6.664999961853027,6.679999828338623,6.659999847412109,6.664999961853027,13589,0.0,0.0
2026-03-19 11:15:00-04:00,6.664999961853027,6.679999828338623,6.664999961853027,6.670000076293945,13324,0.0,0.0
2026-03-19 11:20:00-04:00,6.670000076293945,6.670000076293945,6.64139986038208,6.65500020980835,9760,0.0,0.0
2026-03-19 11:25:00-04:00,6.65500020980835,6.659999847412109,6.650000095367432,6.65500020980835,5861,0.0,0.0
2026-03-19 11:30:00-04:00,6.659900188446045,6.664999961853027,6.644999980926514,6.65500020980835,33449,0.0,0.0
2026-03-19 11:35:00-04:00,6.65500020980835,6.659999847412109,6.639999866485596,6.659999847412109,7398,0.0,0.0
2026-03-19 11:40:00-04:00,6.65500020980835,6.679999828338623,6.644999980926514,6.675000190734863,12313,0.0,0.0
2026-03-19 11:45:00-04:00,6.651400089263916,6.679800033569336,6.650000095367432,6.661399841308594,9574,0.0,0.0
2026-03-19 11:50:00-04:00,6.670000076293945,6.670000076293945,6.659999847412109,6.659999847412109,4271,0.0,0.0
2026-03-19 11:55:00-04:00,6.659999847412109,6.684999942779541,6.65500020980835,6.664999961853027,7623,0.0,0.0
2026-03-19 12:00:00-04:00,6.664999961853027,6.695000171661377,6.660099983215332,6.684999942779541,29706,0.0,0.0
2026-03-19 12:05:00-04:00,6.679999828338623,6.684999942779541,6.675000190734863,6.679999828338623,332190,0.0,0.0
2026-03-19 12:10:00-04:00,6.674200057983398,6.674200057983398,6.650000095367432,6.659999847412109,0,0.0,0.0
2026-03-19 12:15:00-04:00,6.650000095367432,6.664999961853027,6.650000095367432,6.650000095367432,7095,0.0,0.0
2026-03-19 12:20:00-04:00,6.650000095367432,6.659999847412109,6.639999866485596,6.6479997634887695,8178,0.0,0.0
2026-03-19 12:25:00-04:00,6.644999980926514,6.659999847412109,6.639999866485596,6.659999847412109,5989,0.0,0.0
2026-03-19 12:30:00-04:00,6.656000137329102,6.664999961853027,6.650000095367432,6.664999961853027,13855,0.0,0.0
2026-03-19 12:35:00-04:00,6.659999847412109,6.679900169372559,6.650000095367432,6.650000095367432,22668,0.0,0.0
2026-03-19 12:40:00-04:00,6.650000095367432,6.659999847412109,6.639999866485596,6.640100002288818,33607,0.0,0.0
2026-03-19 12:45:00-04:00,6.644999980926514,6.644999980926514,6.619999885559082,6.625,14119,0.0,0.0
2026-03-19 12:50:00-04:00,6.619999885559082,6.620100021362305,6.579999923706055,6.590000152587891,21584,0.0,0.0
2026-03-19 12:55:00-04:00,6.599899768829346,6.599999904632568,6.590000152587891,6.590000152587891,15502,0.0,0.0
2026-03-19 13:00:00-04:00,6.588699817657471,6.609899997711182,6.588699817657471,6.590000152587891,22253,0.0,0.0
2026-03-19 13:05:00-04:00,6.590000152587891,6.598899841308594,6.565000057220459,6.570000171661377,17931,0.0,0.0
2026-03-19 13:10:00-04:00,6.565000057220459,6.579899787902832,6.545000076293945,6.549900054931641,23217,0.0,0.0
2026-03-19 13:15:00-04:00,6.549900054931641,6.570000171661377,6.539999961853027,6.565000057220459,27843,0.0,0.0
2026-03-19 13:20:00-04:00,6.565000057220459,6.574999809265137,6.550000190734863,6.574999809265137,44919,0.0,0.0
2026-03-19 13:25:00-04:00,6.570000171661377,6.585000038146973,6.565000057220459,6.570099830627441,13551,0.0,0.0
2026-03-19 13:30:00-04:00,6.574999809265137,6.585000038146973,6.559999942779541,6.559999942779541,11725,0.0,0.0
2026-03-19 13:35:00-04:00,6.559999942779541,6.565000057220459,6.559999942779541,6.565000057220459,8227,0.0,0.0
2026-03-19 13:40:00-04:00,6.568600177764893,6.568600177764893,6.559000015258789,6.565999984741211,3886,0.0,0.0
2026-03-19 13:45:00-04:00,6.565000057220459,6.565000057220459,6.550000190734863,6.558599948883057,9546,0.0,0.0
2026-03-19 13:50:00-04:00,6.559999942779541,6.570000171661377,6.554999828338623,6.570000171661377,2894,0.0,0.0
2026-03-19 13:55:00-04:00,6.559999942779541,6.570000171661377,6.559999942779541,6.559999942779541,1916,0.0,0.0
2026-03-19 14:00:00-04:00,6.559999942779541,6.565000057220459,6.539999961853027,6.545000076293945,14534,0.0,0.0
2026-03-19 14:05:00-04:00,6.545000076293945,6.554999828338623,6.545000076293945,6.554999828338623,437485,0.0,0.0
2026-03-19 14:10:00-04:00,6.559999942779541,6.585000038146973,6.559999942779541,6.5792999267578125,0,0.0,0.0
2026-03-19 14:15:00-04:00,6.577499866485596,6.589399814605713,6.574999809265137,6.580100059509277,6460,0.0,0.0
2026-03-19 14:20:00-04:00,6.585000038146973,6.599999904632568,6.585000038146973,6.59499979019165,15779,0.0,0.0
2026-03-19 14:25:00-04:00,6.59499979019165,6.599899768829346,6.590000152587891,6.590000152587891,449457,0.0,0.0
2026-03-19 14:30:00-04:00,6.590099811553955,6.59499979019165,6.579999923706055,6.579999923706055,0,0.0,0.0
2026-03-19 14:35:00-04:00,6.579999923706055,6.582699775695801,6.570000171661377,6.574999809265137,4058,0.0,0.0
2026-03-19 14:40:00-04:00,6.570000171661377,6.574999809265137,6.561999797821045,6.56879997253418,452633,0.0,0.0
2026-03-19 14:45:00-04:00,6.565000057220459,6.569900035858154,6.559999942779541,6.559999942779541,0,0.0,0.0
2026-03-19 14:50:00-04:00,6.560100078582764,6.560100078582764,6.554999828338623,6.556000232696533,6095,0.0,0.0
2026-03-19 14:55:00-04:00,6.550000190734863,6.590000152587891,6.550000190734863,6.590000152587891,5955,0.0,0.0
2026-03-19 15:00:00-04:00,6.594699859619141,6.650000095367432,6.594699859619141,6.644999980926514,35506,0.0,0.0
2026-03-19 15:05:00-04:00,6.650000095367432,6.703000068664551,6.650000095367432,6.679999828338623,44241,0.0,0.0
2026-03-19 15:10:00-04:00,6.670000076293945,6.704999923706055,6.65500020980835,6.679999828338623,517171,0.0,0.0
2026-03-19 15:15:00-04:00,6.675000190734863,6.690000057220459,6.644999980926514,6.675000190734863,0,0.0,0.0
2026-03-19 15:20:00-04:00,6.659999847412109,6.679900169372559,6.650000095367432,6.675000190734863,541431,0.0,0.0
2026-03-19 15:25:00-04:00,6.65500020980835,6.65500020980835,6.630000114440918,6.635000228881836,0,0.0,0.0
2026-03-19 15:30:00-04:00,6.630099773406982,6.649899959564209,6.630000114440918,6.639999866485596,11210,0.0,0.0
2026-03-19 15:35:00-04:00,6.641600131988525,6.652299880981445,6.630000114440918,6.652299880981445,6616,0.0,0.0
2026-03-19 15:40:00-04:00,6.65500020980835,6.659999847412109,6.650000095367432,6.650000095367432,10038,0.0,0.0
2026-03-19 15:45:00-04:00,6.653200149536133,6.679999828338623,6.644999980926514,6.679999828338623,62676,0.0,0.0
2026-03-19 15:50:00-04:00,6.675000190734863,6.684999942779541,6.664999961853027,6.675000190734863,12385,0.0,0.0
2026-03-19 15:55:00-04:00,6.675000190734863,6.679900169372559,6.650000095367432,6.650000095367432,47938,0.0,0.0
2026-03-20 09:30:00-04:00,6.630000114440918,6.630000114440918,6.560100078582764,6.570000171661377,70983,0.0,0.0
2026-03-20 09:35:00-04:00,6.590000152587891,6.590000152587891,6.559999942779541,6.560500144958496,14019,0.0,0.0
2026-03-20 09:40:00-04:00,6.579999923706055,6.599999904632568,6.559999942779541,6.599299907684326,38392,0.0,0.0
2026-03-20 09:45:00-04:00,6.59499979019165,6.599999904632568,6.58519983291626,6.590000152587891,11828,0.0,0.0
2026-03-20 09:50:00-04:00,6.590000152587891,6.599899768829346,6.560100078582764,6.560100078582764,11958,0.0,0.0
2026-03-20 09:55:00-04:00,6.559999942779541,6.559999942779541,6.5,6.500699996948242,59457,0.0,0.0
2026-03-20 10:00:00-04:00,6.514999866485596,6.53000020980835,6.5,6.521599769592285,44302,0.0,0.0
2026-03-20 10:05:00-04:00,6.520100116729736,6.538099765777588,6.505000114440918,6.519800186157227,45506,0.0,0.0
2026-03-20 10:10:00-04:00,6.519999980926514,6.519999980926514,6.485000133514404,6.489999771118164,27923,0.0,0.0
2026-03-20 10:15:00-04:00,6.4893999099731445,6.4893999099731445,6.46999979019165,6.470300197601318,28564,0.0,0.0
2026-03-20 10:20:00-04:00,6.474999904632568,6.494999885559082,6.46999979019165,6.489999771118164,10373,0.0,0.0
2026-03-20 10:25:00-04:00,6.494999885559082,6.5,6.489999771118164,6.494500160217285,13301,0.0,0.0
2026-03-20 10:30:00-04:00,6.5,6.53000020980835,6.5,6.514999866485596,36713,0.0,0.0
2026-03-20 10:35:00-04:00,6.519999980926514,6.53000020980835,6.510000228881836,6.529900074005127,12063,0.0,0.0
2026-03-20 10:40:00-04:00,6.525000095367432,6.539999961853027,6.525000095367432,6.531400203704834,19302,0.0,0.0
2026-03-20 10:45:00-04:00,6.539999961853027,6.545000076293945,6.53000020980835,6.53000020980835,6025,0.0,0.0
2026-03-20 10:50:00-04:00,6.53000020980835,6.53000020980835,6.46999979019165,6.4730000495910645,44957,0.0,0.0
2026-03-20 10:55:00-04:00,6.4629998207092285,6.489999771118164,6.4629998207092285,6.474999904632568,39807,0.0,0.0
2026-03-20 11:00:00-04:00,6.474999904632568,6.485000133514404,6.445000171661377,6.449999809265137,90470,0.0,0.0
2026-03-20 11:05:00-04:00,6.459700107574463,6.46999979019165,6.454999923706055,6.460000038146973,16101,0.0,0.0
2026-03-20 11:10:00-04:00,6.465000152587891,6.480000019073486,6.460000038146973,6.480000019073486,16343,0.0,0.0
2026-03-20 11:15:00-04:00,6.485000133514404,6.485000133514404,6.460000038146973,6.460000038146973,16131,0.0,0.0
2026-03-20 11:20:00-04:00,6.460000038146973,6.5,6.454999923706055,6.485000133514404,45324,0.0,0.0
2026-03-20 11:25:00-04:00,6.474999904632568,6.474999904632568,6.449999809265137,6.449999809265137,15188,0.0,0.0
2026-03-20 11:30:00-04:00,6.454999923706055,6.46750020980835,6.450099945068359,6.450099945068359,21181,0.0,0.0
2026-03-20 11:35:00-04:00,6.460000038146973,6.460000038146973,6.400000095367432,6.400000095367432,47690,0.0,0.0
2026-03-20 11:40:00-04:00,6.405900001525879,6.419899940490723,6.380000114440918,6.385000228881836,171473,0.0,0.0
2026-03-20 11:45:00-04:00,6.380000114440918,6.380000114440918,6.360000133514404,6.375,46467,0.0,0.0
2026-03-20 11:50:00-04:00,6.375,6.389999866485596,6.360000133514404,6.389999866485596,68682,0.0,0.0
2026-03-20 11:55:00-04:00,6.385000228881836,6.389999866485596,6.369999885559082,6.388899803161621,39055,0.0,0.0
2026-03-20 12:00:00-04:00,6.400000095367432,6.40500020980835,6.369999885559082,6.399700164794922,101789,0.0,0.0
2026-03-20 12:05:00-04:00,6.395299911499023,6.400000095367432,6.380000114440918,6.385000228881836,21041,0.0,0.0
2026-03-20 12:10:00-04:00,6.385000228881836,6.398900032043457,6.375,6.380099773406982,44714,0.0,0.0
2026-03-20 12:15:00-04:00,6.385000228881836,6.385000228881836,6.329999923706055,6.335000038146973,50314,0.0,0.0
2026-03-20 12:20:00-04:00,6.335000038146973,6.340000152587891,6.310100078582764,6.315000057220459,60905,0.0,0.0
2026-03-20 12:25:00-04:00,6.315000057220459,6.315000057220459,6.289999961853027,6.300000190734863,48997,0.0,0.0
2026-03-20 12:30:00-04:00,6.299900054931641,6.300000190734863,6.289999961853027,6.295000076293945,16994,0.0,0.0
2026-03-20 12:35:00-04:00,6.295000076293945,6.349999904632568,6.295000076293945,6.34499979019165,51812,0.0,0.0
2026-03-20 12:40:00-04:00,6.341000080108643,6.349899768829346,6.329999923706055,6.335000038146973,28850,0.0,0.0
2026-03-20 12:45:00-04:00,6.330100059509277,6.330100059509277,6.315000057220459,6.329699993133545,22303,0.0,0.0
2026-03-20 12:50:00-04:00,6.329699993133545,6.330100059509277,6.304999828338623,6.315000057220459,18731,0.0,0.0
2026-03-20 12:55:00-04:00,6.311100006103516,6.3354997634887695,6.300099849700928,6.315000057220459,29702,0.0,0.0
2026-03-20 13:00:00-04:00,6.314300060272217,6.315000057220459,6.300000190734863,6.309100151062012,17590,0.0,0.0
2026-03-20 13:05:00-04:00,6.309800148010254,6.309899806976318,6.289999961853027,6.30019998550415,40276,0.0,0.0
2026-03-20 13:10:00-04:00,6.301400184631348,6.309999942779541,6.289999961853027,6.289999961853027,17263,0.0,0.0
2026-03-20 13:15:00-04:00,6.289899826049805,6.295000076293945,6.269999980926514,6.275000095367432,58633,0.0,0.0
2026-03-20 13:20:00-04:00,6.279900074005127,6.298999786376953,6.264999866485596,6.284999847412109,32395,0.0,0.0
2026-03-20 13:25:00-04:00,6.280700206756592,6.289899826049805,6.269999980926514,6.279600143432617,16982,0.0,0.0
2026-03-20 13:30:00-04:00,6.275000095367432,6.279900074005127,6.25,6.255000114440918,25805,0.0,0.0
2026-03-20 13:35:00-04:00,6.260000228881836,6.260000228881836,6.210000038146973,6.21999979019165,205922,0.0,0.0
2026-03-20 13:40:00-04:00,6.229700088500977,6.239999771118164,6.224800109863281,6.235000133514404,35788,0.0,0.0
2026-03-20 13:45:00-04:00,6.224999904632568,6.236999988555908,6.21999979019165,6.224999904632568,18109,0.0,0.0
2026-03-20 13:50:00-04:00,6.225500106811523,6.239699840545654,6.220099925994873,6.224999904632568,17207,0.0,0.0
2026-03-20 13:55:00-04:00,6.230000019073486,6.25,6.220099925994873,6.235000133514404,54887,0.0,0.0
2026-03-20 14:00:00-04:00,6.235000133514404,6.260000228881836,6.235000133514404,6.255000114440918,17548,0.0,0.0
2026-03-20 14:05:00-04:00,6.255499839782715,6.269999980926514,6.252999782562256,6.2571001052856445,16724,0.0,0.0
2026-03-20 14:10:00-04:00,6.252600193023682,6.255000114440918,6.241399765014648,6.24970006942749,7308,0.0,0.0
2026-03-20 14:15:00-04:00,6.247700214385986,6.259900093078613,6.241099834442139,6.245200157165527,17352,0.0,0.0
2026-03-20 14:20:00-04:00,6.25,6.255000114440918,6.21999979019165,6.224999904632568,15487,0.0,0.0
2026-03-20 14:25:00-04:00,6.230000019073486,6.239999771118164,6.21999979019165,6.229000091552734,44452,0.0,0.0
2026-03-20 14:30:00-04:00,6.225500106811523,6.225500106811523,6.210000038146973,6.215000152587891,13036,0.0,0.0
2026-03-20 14:35:00-04:00,6.210000038146973,6.21999979019165,6.199999809265137,6.204999923706055,41018,0.0,0.0
2026-03-20 14:40:00-04:00,6.204999923706055,6.210000038146973,6.180099964141846,6.184999942779541,40242,0.0,0.0
2026-03-20 14:45:00-04:00,6.190000057220459,6.204999923706055,6.170000076293945,6.175000190734863,49280,0.0,0.0
2026-03-20 14:50:00-04:00,6.174799919128418,6.199999809265137,6.174799919128418,6.184999942779541,30609,0.0,0.0
2026-03-20 14:55:00-04:00,6.18149995803833,6.195000171661377,6.170000076293945,6.190000057220459,11718,0.0,0.0
2026-03-20 15:00:00-04:00,6.184999942779541,6.20989990234375,6.184999942779541,6.200099945068359,31932,0.0,0.0
2026-03-20 15:05:00-04:00,6.202000141143799,6.20989990234375,6.195000171661377,6.195000171661377,33543,0.0,0.0
2026-03-20 15:10:00-04:00,6.190000057220459,6.230000019073486,6.189700126647949,6.224999904632568,49342,0.0,0.0
2026-03-20 15:15:00-04:00,6.21999979019165,6.21999979019165,6.199999809265137,6.204999923706055,35047,0.0,0.0
2026-03-20 15:20:00-04:00,6.204999923706055,6.204999923706055,6.190000057220459,6.195000171661377,31858,0.0,0.0
2026-03-20 15:25:00-04:00,6.195000171661377,6.195000171661377,6.170000076293945,6.170000076293945,35254,0.0,0.0
2026-03-20 15:30:00-04:00,6.175000190734863,6.199999809265137,6.170000076293945,6.199999809265137,47507,0.0,0.0
2026-03-20 15:35:00-04:00,6.193299770355225,6.195000171661377,6.159999847412109,6.162099838256836,37506,0.0,0.0
2026-03-20 15:40:00-04:00,6.164999961853027,6.179999828338623,6.150000095367432,6.175000190734863,33140,0.0,0.0
2026-03-20 15:45:00-04:00,6.171999931335449,6.175000190734863,6.150000095367432,6.15880012512207,48049,0.0,0.0
2026-03-20 15:50:00-04:00,6.159999847412109,6.224999904632568,6.159999847412109,6.210000038146973,144582,0.0,0.0
2026-03-20 15:55:00-04:00,6.204999923706055,6.21999979019165,6.199999809265137,6.199999809265137,135918,0.0,0.0
2026-03-23 09:30:00-04:00,6.25,6.300000190734863,6.21999979019165,6.240099906921387,215346,0.0,0.0
2026-03-23 09:35:00-04:00,6.243299961090088,6.255000114440918,6.210000038146973,6.210000038146973,25129,0.0,0.0
2026-03-23 09:40:00-04:00,6.21999979019165,6.235000133514404,6.156000137329102,6.179900169372559,28148,0.0,0.0
2026-03-23 09:45:00-04:00,6.159999847412109,6.25,6.119999885559082,6.25,132956,0.0,0.0
2026-03-23 09:50:00-04:00,6.25,6.320000171661377,6.25,6.320000171661377,79275,0.0,0.0
2026-03-23 09:55:00-04:00,6.320000171661377,6.320000171661377,6.269999980926514,6.28000020980835,54907,0.0,0.0
2026-03-23 10:00:00-04:00,6.289999961853027,6.320000171661377,6.264999866485596,6.28000020980835,76756,0.0,0.0
2026-03-23 10:05:00-04:00,6.28000020980835,6.309899806976318,6.28000020980835,6.300000190734863,29295,0.0,0.0
2026-03-23 10:10:00-04:00,6.304999828338623,6.324999809265137,6.275000095367432,6.324999809265137,46288,0.0,0.0
2026-03-23 10:15:00-04:00,6.324999809265137,6.3358001708984375,6.309999942779541,6.319200038909912,43350,0.0,0.0
2026-03-23 10:20:00-04:00,6.309999942779541,6.329999923706055,6.300000190734863,6.324999809265137,23260,0.0,0.0
2026-03-23 10:25:00-04:00,6.324999809265137,6.324999809265137,6.284999847412109,6.300000190734863,17289,0.0,0.0
2026-03-23 10:30:00-04:00,6.304999828338623,6.304999828338623,6.295000076293945,6.301000118255615,9680,0.0,0.0
2026-03-23 10:35:00-04:00,6.304999828338623,6.335000038146973,6.304999828338623,6.315000057220459,30239,0.0,0.0
2026-03-23 10:40:00-04:00,6.320000171661377,6.355000019073486,6.3165998458862305,6.349999904632568,21242,0.0,0.0
2026-03-23 10:45:00-04:00,6.349999904632568,6.369999885559082,6.331200122833252,6.357999801635742,34525,0.0,0.0
2026-03-23 10:50:00-04:00,6.349999904632568,6.35099983215332,6.335000038146973,6.335000038146973,13206,0.0,0.0
2026-03-23 10:55:00-04:00,6.335000038146973,6.364999771118164,6.335000038146973,6.355000019073486,21521,0.0,0.0
2026-03-23 11:00:00-04:00,6.355000019073486,6.389999866485596,6.35230016708374,6.385000228881836,20902,0.0,0.0
2026-03-23 11:05:00-04:00,6.388000011444092,6.440000057220459,6.380000114440918,6.420000076293945,23728,0.0,0.0
2026-03-23 11:10:00-04:00,6.420000076293945,6.425099849700928,6.409999847412109,6.425000190734863,9590,0.0,0.0
2026-03-23 11:15:00-04:00,6.422800064086914,6.425000190734863,6.385000228881836,6.385000228881836,39540,0.0,0.0
2026-03-23 11:20:00-04:00,6.385000228881836,6.425000190734863,6.385000228881836,6.42140007019043,10585,0.0,0.0
2026-03-23 11:25:00-04:00,6.420100212097168,6.429999828338623,6.410099983215332,6.411399841308594,4544,0.0,0.0
2026-03-23 11:30:00-04:00,6.420000076293945,6.420000076293945,6.394999980926514,6.394999980926514,10413,0.0,0.0
2026-03-23 11:35:00-04:00,6.394999980926514,6.409900188446045,6.370100021362305,6.389999866485596,67494,0.0,0.0
2026-03-23 11:40:00-04:00,6.394999980926514,6.4070000648498535,6.349999904632568,6.355000019073486,29186,0.0,0.0
2026-03-23 11:45:00-04:00,6.349999904632568,6.349999904632568,6.324999809265137,6.34499979019165,28241,0.0,0.0
2026-03-23 11:50:00-04:00,6.340000152587891,6.34499979019165,6.329999923706055,6.335000038146973,8080,0.0,0.0
2026-03-23 11:55:00-04:00,6.329999923706055,6.329999923706055,6.304999828338623,6.304999828338623,38990,0.0,0.0
2026-03-23 12:00:00-04:00,6.309999942779541,6.329999923706055,6.309999942779541,6.320000171661377,34194,0.0,0.0
2026-03-23 12:05:00-04:00,6.319900035858154,6.340000152587891,6.295000076293945,6.300000190734863,194120,0.0,0.0
2026-03-23 12:10:00-04:00,6.309999942779541,6.369999885559082,6.304999828338623,6.360000133514404,103566,0.0,0.0
2026-03-23 12:15:00-04:00,6.360000133514404,6.364999771118164,6.335000038146973,6.335000038146973,37929,0.0,0.0
2026-03-23 12:20:00-04:00,6.335000038146973,6.340000152587891,6.324999809265137,6.324999809265137,53765,0.0,0.0
2026-03-23 12:25:00-04:00,6.320099830627441,6.320099830627441,6.29010009765625,6.295000076293945,24470,0.0,0.0
2026-03-23 12:30:00-04:00,6.300000190734863,6.320000171661377,6.295000076293945,6.320000171661377,13968,0.0,0.0
2026-03-23 12:35:00-04:00,6.320000171661377,6.360000133514404,6.320000171661377,6.339900016784668,42322,0.0,0.0
2026-03-23 12:40:00-04:00,6.340000152587891,6.349999904632568,6.329999923706055,6.349999904632568,8625,0.0,0.0
2026-03-23 12:45:00-04:00,6.34499979019165,6.355000019073486,6.344900131225586,6.34499979019165,11220,0.0,0.0
2026-03-23 12:50:00-04:00,6.349999904632568,6.360000133514404,6.349999904632568,6.35860013961792,18779,0.0,0.0
2026-03-23 12:55:00-04:00,6.355000019073486,6.366000175476074,6.355000019073486,6.3607001304626465,4441,0.0,0.0
2026-03-23 13:00:00-04:00,6.369999885559082,6.375,6.360000133514404,6.360000133514404,5776,0.0,0.0
2026-03-23 13:05:00-04:00,6.359899997711182,6.369999885559082,6.349999904632568,6.369999885559082,14133,0.0,0.0
2026-03-23 13:10:00-04:00,6.369999885559082,6.380000114440918,6.369999885559082,6.380000114440918,6633,0.0,0.0
2026-03-23 13:15:00-04:00,6.375,6.375,6.349999904632568,6.349999904632568,16908,0.0,0.0
2026-03-23 13:20:00-04:00,6.335000038146973,6.340000152587891,6.320000171661377,6.320000171661377,10077,0.0,0.0
2026-03-23 13:25:00-04:00,6.329999923706055,6.335000038146973,6.329999923706055,6.335000038146973,4149,0.0,0.0
2026-03-23 13:30:00-04:00,6.340000152587891,6.355000019073486,6.309999942779541,6.349999904632568,155494,0.0,0.0
2026-03-23 13:35:00-04:00,6.360000133514404,6.400000095367432,6.360000133514404,6.388599872589111,34218,0.0,0.0
2026-03-23 13:40:00-04:00,6.380000114440918,6.380000114440918,6.349999904632568,6.349999904632568,20467,0.0,0.0
2026-03-23 13:45:00-04:00,6.355000019073486,6.355000019073486,6.355000019073486,6.355000019073486,2619,0.0,0.0
2026-03-23 13:50:00-04:00,6.360000133514404,6.380000114440918,6.355000019073486,6.380000114440918,10751,0.0,0.0
2026-03-23 13:55:00-04:00,6.380000114440918,6.385000228881836,6.375,6.385000228881836,4055,0.0,0.0
2026-03-23 14:00:00-04:00,6.38070011138916,6.389999866485596,6.380199909210205,6.385000228881836,5089,0.0,0.0
2026-03-23 14:05:00-04:00,6.380000114440918,6.385000228881836,6.349999904632568,6.360000133514404,18896,0.0,0.0
2026-03-23 14:10:00-04:00,6.360000133514404,6.375,6.360000133514404,6.361000061035156,7103,0.0,0.0
2026-03-23 14:15:00-04:00,6.361000061035156,6.361000061035156,6.34499979019165,6.355000019073486,20469,0.0,0.0
2026-03-23 14:20:00-04:00,6.35099983215332,6.389999866485596,6.340000152587891,6.389999866485596,26553,0.0,0.0
2026-03-23 14:25:00-04:00,6.385000228881836,6.38700008392334,6.36929988861084,6.36929988861084,15338,0.0,0.0
2026-03-23 14:30:00-04:00,6.369999885559082,6.40500020980835,6.369999885559082,6.40500020980835,32834,0.0,0.0
2026-03-23 14:35:00-04:00,6.409999847412109,6.434999942779541,6.409999847412109,6.429999828338623,15668,0.0,0.0
2026-03-23 14:40:00-04:00,6.440000057220459,6.454999923706055,6.440000057220459,6.445000171661377,12002,0.0,0.0
2026-03-23 14:45:00-04:00,6.440100193023682,6.445000171661377,6.429999828338623,6.434999942779541,26340,0.0,0.0
2026-03-23 14:50:00-04:00,6.439000129699707,6.449900150299072,6.439000129699707,6.440100193023682,8414,0.0,0.0
2026-03-23 14:55:00-04:00,6.445000171661377,6.465000152587891,6.440999984741211,6.465000152587891,17898,0.0,0.0
2026-03-23 15:00:00-04:00,6.46999979019165,6.4710001945495605,6.460000038146973,6.460100173950195,12054,0.0,0.0
2026-03-23 15:05:00-04:00,6.454999923706055,6.460000038146973,6.440999984741211,6.460000038146973,9909,0.0,0.0
2026-03-23 15:10:00-04:00,6.454999923706055,6.454999923706055,6.440000057220459,6.445000171661377,9930,0.0,0.0
2026-03-23 15:15:00-04:00,6.4405999183654785,6.459099769592285,6.434999942779541,6.459099769592285,20492,0.0,0.0
2026-03-23 15:20:00-04:00,6.454999923706055,6.480000019073486,6.445000171661377,6.474999904632568,39496,0.0,0.0
2026-03-23 15:25:00-04:00,6.480000019073486,6.480000019073486,6.460000038146973,6.4710001945495605,39560,0.0,0.0
2026-03-23 15:30:00-04:00,6.474999904632568,6.485000133514404,6.46999979019165,6.485000133514404,12486,0.0,0.0
2026-03-23 15:35:00-04:00,6.485000133514404,6.494999885559082,6.480000019073486,6.494999885559082,15923,0.0,0.0
2026-03-23 15:40:00-04:00,6.494999885559082,6.494999885559082,6.489999771118164,6.494999885559082,7095,0.0,0.0
2026-03-23 15:45:00-04:00,6.498899936676025,6.5,6.474999904632568,6.474999904632568,36815,0.0,0.0
2026-03-23 15:50:00-04:00,6.480000019073486,6.480000019073486,6.460000038146973,6.460000038146973,16402,0.0,0.0
2026-03-23 15:55:00-04:00,6.452000141143799,6.454999923706055,6.429999828338623,6.431000232696533,61819,0.0,0.0
2026-03-24 09:30:00-04:00,6.400000095367432,6.434999942779541,6.3597002029418945,6.434999942779541,82054,0.0,0.0
2026-03-24 09:35:00-04:00,6.449999809265137,6.460000038146973,6.389999866485596,6.389999866485596,87870,0.0,0.0
2026-03-24 09:40:00-04:00,6.409999847412109,6.409999847412109,6.377399921417236,6.40500020980835,24574,0.0,0.0
2026-03-24 09:45:00-04:00,6.40500020980835,6.414999961853027,6.369999885559082,6.369999885559082,37810,0.0,0.0
2026-03-24 09:50:00-04:00,6.369999885559082,6.380000114440918,6.349999904632568,6.349999904632568,16437,0.0,0.0
2026-03-24 09:55:00-04:00,6.340000152587891,6.369999885559082,6.340000152587891,6.360000133514404,18366,0.0,0.0
2026-03-24 10:00:00-04:00,6.380000114440918,6.389999866485596,6.380000114440918,6.389999866485596,16482,0.0,0.0
2026-03-24 10:05:00-04:00,6.394999980926514,6.438000202178955,6.375,6.438000202178955,18761,0.0,0.0
2026-03-24 10:10:00-04:00,6.440000057220459,6.440000057220459,6.364999771118164,6.389999866485596,11820,0.0,0.0
2026-03-24 10:15:00-04:00,6.385000228881836,6.385000228881836,6.341899871826172,6.34499979019165,12459,0.0,0.0
2026-03-24 10:20:00-04:00,6.340199947357178,6.350100040435791,6.320099830627441,6.340000152587891,13252,0.0,0.0
2026-03-24 10:25:00-04:00,6.339900016784668,6.385000228881836,6.3302001953125,6.3703999519348145,12566,0.0,0.0
2026-03-24 10:30:00-04:00,6.375,6.380000114440918,6.369999885559082,6.379899978637695,18177,0.0,0.0
2026-03-24 10:35:00-04:00,6.380000114440918,6.380000114440918,6.35260009765625,6.35260009765625,6406,0.0,0.0
2026-03-24 10:40:00-04:00,6.35260009765625,6.375,6.35260009765625,6.375,5901,0.0,0.0
2026-03-24 10:45:00-04:00,6.375,6.385000228881836,6.355000019073486,6.355000019073486,24745,0.0,0.0
2026-03-24 10:50:00-04:00,6.349999904632568,6.40500020980835,6.335000038146973,6.380000114440918,34356,0.0,0.0
2026-03-24 10:55:00-04:00,6.380000114440918,6.394999980926514,6.369999885559082,6.380000114440918,16981,0.0,0.0
2026-03-24 11:00:00-04:00,6.40500020980835,6.420000076293945,6.389999866485596,6.39900016784668,15141,0.0,0.0
2026-03-24 11:05:00-04:00,6.394999980926514,6.40500020980835,6.375,6.375,8224,0.0,0.0
2026-03-24 11:10:00-04:00,6.369999885559082,6.380000114440918,6.360000133514404,6.360000133514404,11889,0.0,0.0
2026-03-24 11:15:00-04:00,6.375,6.400000095367432,6.375,6.400000095367432,8038,0.0,0.0
2026-03-24 11:20:00-04:00,6.40500020980835,6.433000087738037,6.394999980926514,6.433000087738037,31012,0.0,0.0
2026-03-24 11:25:00-04:00,6.440000057220459,6.449999809265137,6.429999828338623,6.429999828338623,12255,0.0,0.0
2026-03-24 11:30:00-04:00,6.430300235748291,6.430300235748291,6.400000095367432,6.400000095367432,7507,0.0,0.0
2026-03-24 11:35:00-04:00,6.404900074005127,6.425000190734863,6.400000095367432,6.409999847412109,14818,0.0,0.0
2026-03-24 11:40:00-04:00,6.414999961853027,6.416999816894531,6.410299777984619,6.410299777984619,1949,0.0,0.0
2026-03-24 11:45:00-04:00,6.409999847412109,6.414999961853027,6.40500020980835,6.409999847412109,7481,0.0,0.0
2026-03-24 11:50:00-04:00,6.408599853515625,6.425000190734863,6.408599853515625,6.414999961853027,5244,0.0,0.0
2026-03-24 11:55:00-04:00,6.409999847412109,6.414100170135498,6.380000114440918,6.38100004196167,21110,0.0,0.0
2026-03-24 12:00:00-04:00,6.385000228881836,6.386300086975098,6.375,6.376800060272217,9149,0.0,0.0
2026-03-24 12:05:00-04:00,6.3769001960754395,6.389900207519531,6.375,6.389900207519531,3758,0.0,0.0
2026-03-24 12:10:00-04:00,6.389999866485596,6.394999980926514,6.385000228881836,6.394999980926514,8774,0.0,0.0
2026-03-24 12:15:00-04:00,6.389999866485596,6.409999847412109,6.389999866485596,6.409999847412109,19600,0.0,0.0
2026-03-24 12:20:00-04:00,6.414999961853027,6.434999942779541,6.414999961853027,6.434999942779541,18125,0.0,0.0
2026-03-24 12:25:00-04:00,6.434999942779541,6.445000171661377,6.429999828338623,6.445000171661377,4443,0.0,0.0
2026-03-24 12:30:00-04:00,6.445000171661377,6.460000038146973,6.441400051116943,6.454999923706055,14990,0.0,0.0
2026-03-24 12:35:00-04:00,6.449699878692627,6.451399803161621,6.420000076293945,6.429999828338623,6949,0.0,0.0
2026-03-24 12:40:00-04:00,6.429999828338623,6.433700084686279,6.420000076293945,6.429999828338623,12844,0.0,0.0
2026-03-24 12:45:00-04:00,6.449999809265137,6.474999904632568,6.449999809265137,6.474999904632568,6464,0.0,0.0
2026-03-24 12:50:00-04:00,6.480000019073486,6.485000133514404,6.460100173950195,6.465000152587891,15520,0.0,0.0
2026-03-24 12:55:00-04:00,6.445000171661377,6.465000152587891,6.440000057220459,6.440100193023682,5813,0.0,0.0
2026-03-24 13:00:00-04:00,6.440000057220459,6.445000171661377,6.425000190734863,6.425000190734863,9387,0.0,0.0
2026-03-24 13:05:00-04:00,6.420000076293945,6.429999828338623,6.389999866485596,6.429999828338623,80534,0.0,0.0
2026-03-24 13:10:00-04:00,6.425000190734863,6.480000019073486,6.425000190734863,6.465000152587891,75890,0.0,0.0
2026-03-24 13:15:00-04:00,6.465000152587891,6.465000152587891,6.425000190734863,6.425000190734863,11288,0.0,0.0
2026-03-24 13:20:00-04:00,6.425000190734863,6.434999942779541,6.425000190734863,6.434999942779541,5425,0.0,0.0
2026-03-24 13:25:00-04:00,6.436999797821045,6.445000171661377,6.430099964141846,6.4309000968933105,5993,0.0,0.0
2026-03-24 13:30:00-04:00,6.440000057220459,6.454999923706055,6.440000057220459,6.454999923706055,18127,0.0,0.0
2026-03-24 13:35:00-04:00,6.454999923706055,6.465000152587891,6.453499794006348,6.453499794006348,8121,0.0,0.0
2026-03-24 13:40:00-04:00,6.460000038146973,6.461400032043457,6.440000057220459,6.445000171661377,8959,0.0,0.0
2026-03-24 13:45:00-04:00,6.440100193023682,6.460299968719482,6.440100193023682,6.460299968719482,3158,0.0,0.0
2026-03-24 13:50:00-04:00,6.465000152587891,6.480000019073486,6.449999809265137,6.449999809265137,20079,0.0,0.0
2026-03-24 13:55:00-04:00,6.449999809265137,6.500100135803223,6.449999809265137,6.494999885559082,22111,0.0,0.0
2026-03-24 14:00:00-04:00,6.5,6.514999866485596,6.480000019073486,6.489999771118164,9516,0.0,0.0
2026-03-24 14:05:00-04:00,6.505000114440918,6.505000114440918,6.489999771118164,6.494999885559082,10966,0.0,0.0
2026-03-24 14:10:00-04:00,6.494999885559082,6.494999885559082,6.480000019073486,6.489999771118164,6268,0.0,0.0
2026-03-24 14:15:00-04:00,6.480000019073486,6.489999771118164,6.474999904632568,6.489999771118164,5577,0.0,0.0
2026-03-24 14:20:00-04:00,6.489999771118164,6.494999885559082,6.489999771118164,6.494999885559082,3284,0.0,0.0
2026-03-24 14:25:00-04:00,6.494999885559082,6.505000114440918,6.489999771118164,6.489999771118164,6250,0.0,0.0
2026-03-24 14:30:00-04:00,6.485000133514404,6.53000020980835,6.485000133514404,6.53000020980835,18169,0.0,0.0
2026-03-24 14:35:00-04:00,6.534999847412109,6.574999809265137,6.53000020980835,6.574999809265137,24167,0.0,0.0
2026-03-24 14:40:00-04:00,6.570000171661377,6.570000171661377,6.539999961853027,6.569699764251709,13614,0.0,0.0
2026-03-24 14:45:00-04:00,6.565000057220459,6.565000057220459,6.559999942779541,6.560100078582764,3058,0.0,0.0
2026-03-24 14:50:00-04:00,6.559999942779541,6.559999942779541,6.5507001876831055,6.552299976348877,4063,0.0,0.0
2026-03-24 14:55:00-04:00,6.554999828338623,6.579999923706055,6.539999961853027,6.574999809265137,48419,0.0,0.0
2026-03-24 15:00:00-04:00,6.579999923706055,6.619999885559082,6.579999923706055,6.614999771118164,34527,0.0,0.0
2026-03-24 15:05:00-04:00,6.614999771118164,6.635000228881836,6.614999771118164,6.625,32103,0.0,0.0
2026-03-24 15:10:00-04:00,6.620100021362305,6.644999980926514,6.620100021362305,6.630099773406982,22267,0.0,0.0
2026-03-24 15:15:00-04:00,6.635000228881836,6.675000190734863,6.620100021362305,6.670000076293945,48182,0.0,0.0
2026-03-24 15:20:00-04:00,6.664999961853027,6.699999809265137,6.664999961853027,6.695000171661377,19616,0.0,0.0
2026-03-24 15:25:00-04:00,6.695000171661377,6.697999954223633,6.664999961853027,6.664999961853027,35302,0.0,0.0
2026-03-24 15:30:00-04:00,6.675000190734863,6.675000190734863,6.664999961853027,6.675000190734863,7497,0.0,0.0
2026-03-24 15:35:00-04:00,6.675000190734863,6.695000171661377,6.664999961853027,6.695000171661377,12262,0.0,0.0
2026-03-24 15:40:00-04:00,6.699900150299072,6.71999979019165,6.695000171661377,6.715000152587891,40481,0.0,0.0
2026-03-24 15:45:00-04:00,6.715000152587891,6.715000152587891,6.684999942779541,6.699999809265137,25573,0.0,0.0
2026-03-24 15:50:00-04:00,6.695000171661377,6.695000171661377,6.680099964141846,6.684999942779541,22259,0.0,0.0
2026-03-24 15:55:00-04:00,6.681700229644775,6.690000057220459,6.659999847412109,6.670000076293945,93399,0.0,0.0
2026-03-25 09:30:00-04:00,6.760000228881836,6.969900131225586,6.75540018081665,6.940000057220459,191418,0.0,0.0
2026-03-25 09:35:00-04:00,6.940000057220459,7.039999961853027,6.930099964141846,7.033699989318848,119348,0.0,0.0
2026-03-25 09:40:00-04:00,7.050000190734863,7.050000190734863,7.010000228881836,7.0100998878479,82303,0.0,0.0
2026-03-25 09:45:00-04:00,7.019999980926514,7.019999980926514,6.980000019073486,6.989999771118164,48144,0.0,0.0
2026-03-25 09:50:00-04:00,6.98799991607666,7.0,6.96999979019165,7.0,36381,0.0,0.0
2026-03-25 09:55:00-04:00,7.000100135803223,7.039999961853027,7.0,7.039899826049805,63058,0.0,0.0
2026-03-25 10:00:00-04:00,7.039999961853027,7.079899787902832,6.965000152587891,6.985000133514404,101206,0.0,0.0
2026-03-25 10:05:00-04:00,6.985000133514404,6.985000133514404,6.889999866485596,6.909999847412109,39352,0.0,0.0
2026-03-25 10:10:00-04:00,6.914999961853027,6.949900150299072,6.909999847412109,6.949900150299072,60965,0.0,0.0
2026-03-25 10:15:00-04:00,6.945000171661377,6.9899001121521,6.940000057220459,6.960000038146973,83041,0.0,0.0
2026-03-25 10:20:00-04:00,6.965000152587891,7.005000114440918,6.960100173950195,6.980000019073486,50446,0.0,0.0
2026-03-25 10:25:00-04:00,6.989999771118164,7.010000228881836,6.985000133514404,7.000100135803223,29256,0.0,0.0
2026-03-25 10:30:00-04:00,7.000699996948242,7.03000020980835,6.989999771118164,7.014999866485596,19523,0.0,0.0
2026-03-25 10:35:00-04:00,7.010000228881836,7.025000095367432,6.989999771118164,7.010000228881836,16862,0.0,0.0
2026-03-25 10:40:00-04:00,7.005000114440918,7.009900093078613,6.980100154876709,6.989999771118164,11980,0.0,0.0
2026-03-25 10:45:00-04:00,6.994999885559082,7.025000095367432,6.989999771118164,7.014999866485596,19681,0.0,0.0
2026-03-25 10:50:00-04:00,7.014999866485596,7.054999828338623,7.014999866485596,7.039999961853027,35217,0.0,0.0
2026-03-25 10:55:00-04:00,7.034999847412109,7.050000190734863,7.03000020980835,7.034999847412109,17581,0.0,0.0
2026-03-25 11:00:00-04:00,7.034999847412109,7.045000076293945,7.025000095367432,7.03249979019165,33805,0.0,0.0
2026-03-25 11:05:00-04:00,7.034999847412109,7.045000076293945,6.980000019073486,6.980000019073486,29200,0.0,0.0
2026-03-25 11:10:00-04:00,6.989999771118164,6.999300003051758,6.940000057220459,6.949999809265137,27116,0.0,0.0
2026-03-25 11:15:00-04:00,6.954999923706055,6.954999923706055,6.880000114440918,6.90500020980835,42782,0.0,0.0
2026-03-25 11:20:00-04:00,6.900000095367432,6.945000171661377,6.885000228881836,6.940000057220459,26599,0.0,0.0
2026-03-25 11:25:00-04:00,6.934999942779541,6.954999923706055,6.934999942779541,6.954999923706055,13327,0.0,0.0
2026-03-25 11:30:00-04:00,6.954999923706055,6.974999904632568,6.945000171661377,6.965000152587891,38856,0.0,0.0
2026-03-25 11:35:00-04:00,6.965000152587891,6.965000152587891,6.940000057220459,6.940000057220459,24564,0.0,0.0
2026-03-25 11:40:00-04:00,6.945000171661377,6.945000171661377,6.920000076293945,6.940000057220459,24692,0.0,0.0
2026-03-25 11:45:00-04:00,6.934999942779541,6.934999942779541,6.875,6.885000228881836,54511,0.0,0.0
2026-03-25 11:50:00-04:00,6.885000228881836,6.909999847412109,6.885000228881836,6.90500020980835,29076,0.0,0.0
2026-03-25 11:55:00-04:00,6.90500020980835,6.919899940490723,6.900300025939941,6.90500020980835,50415,0.0,0.0
2026-03-25 12:00:00-04:00,6.900000095367432,6.900000095367432,6.894999980926514,6.894999980926514,10450,0.0,0.0
2026-03-25 12:05:00-04:00,6.889999866485596,6.889999866485596,6.875,6.879899978637695,30756,0.0,0.0
2026-03-25 12:10:00-04:00,6.875,6.875,6.850200176239014,6.869100093841553,19154,0.0,0.0
2026-03-25 12:15:00-04:00,6.864999771118164,6.869999885559082,6.855000019073486,6.855000019073486,19186,0.0,0.0
2026-03-25 12:20:00-04:00,6.859899997711182,6.889999866485596,6.855000019073486,6.889999866485596,17490,0.0,0.0
2026-03-25 12:25:00-04:00,6.900000095367432,6.919899940490723,6.894999980926514,6.914999961853027,35295,0.0,0.0
2026-03-25 12:30:00-04:00,6.920000076293945,6.934999942779541,6.90500020980835,6.90500020980835,20344,0.0,0.0
2026-03-25 12:35:00-04:00,6.900000095367432,6.925000190734863,6.900000095367432,6.925000190734863,14709,0.0,0.0
2026-03-25 12:40:00-04:00,6.920000076293945,6.934999942779541,6.909999847412109,6.930200099945068,21578,0.0,0.0
2026-03-25 12:45:00-04:00,6.934999942779541,6.935500144958496,6.914999961853027,6.914999961853027,16829,0.0,0.0
2026-03-25 12:50:00-04:00,6.925000190734863,6.949999809265137,6.920000076293945,6.949900150299072,21261,0.0,0.0
2026-03-25 12:55:00-04:00,6.945000171661377,6.960000038146973,6.940000057220459,6.945000171661377,9247,0.0,0.0
2026-03-25 13:00:00-04:00,6.949900150299072,6.949900150299072,6.914999961853027,6.916299819946289,22640,0.0,0.0
2026-03-25 13:05:00-04:00,6.909999847412109,6.909999847412109,6.889999866485596,6.889999866485596,6955,0.0,0.0
2026-03-25 13:10:00-04:00,6.889999866485596,6.900000095367432,6.889900207519531,6.894999980926514,9328,0.0,0.0
2026-03-25 13:15:00-04:00,6.894999980926514,6.894999980926514,6.875,6.875,8462,0.0,0.0
2026-03-25 13:20:00-04:00,6.870100021362305,6.894999980926514,6.870100021362305,6.889999866485596,5920,0.0,0.0
2026-03-25 13:25:00-04:00,6.885000228881836,6.920000076293945,6.885000228881836,6.900000095367432,23884,0.0,0.0
2026-03-25 13:30:00-04:00,6.900000095367432,6.925000190734863,6.900000095367432,6.925000190734863,16605,0.0,0.0
2026-03-25 13:35:00-04:00,6.929999828338623,6.960000038146973,6.925000190734863,6.948699951171875,24086,0.0,0.0
2026-03-25 13:40:00-04:00,6.945000171661377,6.960000038146973,6.945000171661377,6.945000171661377,21955,0.0,0.0
2026-03-25 13:45:00-04:00,6.940000057220459,6.940000057220459,6.929999828338623,6.929999828338623,7571,0.0,0.0
2026-03-25 13:50:00-04:00,6.929999828338623,6.929999828338623,6.890100002288818,6.90500020980835,18438,0.0,0.0
2026-03-25 13:55:00-04:00,6.900000095367432,6.909999847412109,6.900000095367432,6.909999847412109,4967,0.0,0.0
2026-03-25 14:00:00-04:00,6.894999980926514,6.909999847412109,6.894999980926514,6.900000095367432,9628,0.0,0.0
2026-03-25 14:05:00-04:00,6.90500020980835,6.909999847412109,6.90500020980835,6.90500020980835,2158,0.0,0.0
2026-03-25 14:10:00-04:00,6.90500020980835,6.909999847412109,6.900000095367432,6.909999847412109,19755,0.0,0.0
2026-03-25 14:15:00-04:00,6.909999847412109,6.954999923706055,6.909999847412109,6.940000057220459,40114,0.0,0.0
2026-03-25 14:20:00-04:00,6.934999942779541,6.949999809265137,6.929999828338623,6.949999809265137,24396,0.0,0.0
2026-03-25 14:25:00-04:00,6.955699920654297,6.955699920654297,6.909999847412109,6.909999847412109,17930,0.0,0.0
2026-03-25 14:30:00-04:00,6.909999847412109,6.940000057220459,6.909999847412109,6.929999828338623,11239,0.0,0.0
2026-03-25 14:35:00-04:00,6.929999828338623,6.9440999031066895,6.929999828338623,6.931399822235107,5194,0.0,0.0
2026-03-25 14:40:00-04:00,6.940000057220459,6.945000171661377,6.929999828338623,6.945000171661377,11331,0.0,0.0
2026-03-25 14:45:00-04:00,6.945000171661377,6.960000038146973,6.934999942779541,6.949999809265137,26361,0.0,0.0
2026-03-25 14:50:00-04:00,6.940000057220459,6.945000171661377,6.940000057220459,6.945000171661377,3038,0.0,0.0
2026-03-25 14:55:00-04:00,6.949999809265137,6.949999809265137,6.894999980926514,6.929999828338623,35958,0.0,0.0
2026-03-25 15:00:00-04:00,6.920000076293945,6.920000076293945,6.890100002288818,6.909999847412109,14948,0.0,0.0
2026-03-25 15:05:00-04:00,6.909999847412109,6.934999942779541,6.909999847412109,6.925000190734863,10708,0.0,0.0
2026-03-25 15:10:00-04:00,6.929999828338623,6.940000057220459,6.929999828338623,6.929999828338623,16212,0.0,0.0
2026-03-25 15:15:00-04:00,6.925000190734863,6.940000057220459,6.920000076293945,6.934999942779541,17801,0.0,0.0
2026-03-25 15:20:00-04:00,6.940000057220459,6.960000038146973,6.940000057220459,6.957200050354004,26781,0.0,0.0
2026-03-25 15:25:00-04:00,6.945000171661377,6.949999809265137,6.942399978637695,6.945000171661377,10241,0.0,0.0
2026-03-25 15:30:00-04:00,6.945000171661377,6.960000038146973,6.941999912261963,6.945000171661377,58235,0.0,0.0
2026-03-25 15:35:00-04:00,6.949999809265137,6.960000038146973,6.945000171661377,6.954999923706055,29711,0.0,0.0
2026-03-25 15:40:00-04:00,6.960000038146973,6.96999979019165,6.929999828338623,6.929999828338623,32191,0.0,0.0
2026-03-25 15:45:00-04:00,6.930699825286865,6.930699825286865,6.909999847412109,6.910099983215332,14167,0.0,0.0
2026-03-25 15:50:00-04:00,6.909999847412109,6.9375,6.909999847412109,6.920000076293945,50548,0.0,0.0
2026-03-25 15:55:00-04:00,6.914999961853027,6.960000038146973,6.909999847412109,6.954999923706055,170675,0.0,0.0
2026-03-26 09:30:00-04:00,6.909999847412109,6.929299831390381,6.880000114440918,6.900000095367432,67355,0.0,0.0
2026-03-26 09:35:00-04:00,6.909999847412109,6.929999828338623,6.900300025939941,6.925000190734863,23892,0.0,0.0
2026-03-26 09:40:00-04:00,6.920000076293945,6.925000190734863,6.860000133514404,6.889900207519531,41880,0.0,0.0
2026-03-26 09:45:00-04:00,6.889999866485596,6.900000095367432,6.875,6.899899959564209,21057,0.0,0.0
2026-03-26 09:50:00-04:00,6.889999866485596,6.900000095367432,6.880000114440918,6.900000095367432,29293,0.0,0.0
2026-03-26 09:55:00-04:00,6.899600028991699,6.909999847412109,6.8979997634887695,6.900100231170654,22798,0.0,0.0
2026-03-26 10:00:00-04:00,6.914999961853027,6.914999961853027,6.860000133514404,6.875,11170,0.0,0.0
2026-03-26 10:05:00-04:00,6.875,6.900000095367432,6.860000133514404,6.860000133514404,34922,0.0,0.0
2026-03-26 10:10:00-04:00,6.869999885559082,6.880000114440918,6.849999904632568,6.875,22304,0.0,0.0
2026-03-26 10:15:00-04:00,6.869999885559082,6.880000114440918,6.855000019073486,6.880000114440918,13845,0.0,0.0
2026-03-26 10:20:00-04:00,6.880000114440918,6.894999980926514,6.880000114440918,6.890100002288818,19959,0.0,0.0
2026-03-26 10:25:00-04:00,6.889999866485596,6.899899959564209,6.880000114440918,6.889999866485596,10698,0.0,0.0
2026-03-26 10:30:00-04:00,6.894999980926514,6.944200038909912,6.894999980926514,6.940100193023682,26660,0.0,0.0
2026-03-26 10:35:00-04:00,6.940999984741211,6.940999984741211,6.878300189971924,6.900000095367432,59596,0.0,0.0
2026-03-26 10:40:00-04:00,6.894999980926514,6.900000095367432,6.855000019073486,6.869999885559082,34218,0.0,0.0
2026-03-26 10:45:00-04:00,6.875,6.875,6.855000019073486,6.855000019073486,9729,0.0,0.0
2026-03-26 10:50:00-04:00,6.855000019073486,6.860000133514404,6.820000171661377,6.820000171661377,20679,0.0,0.0
2026-03-26 10:55:00-04:00,6.820000171661377,6.839700222015381,6.810100078582764,6.8379998207092285,8350,0.0,0.0
2026-03-26 11:00:00-04:00,6.839799880981445,6.849999904632568,6.838600158691406,6.841000080108643,6866,0.0,0.0
2026-03-26 11:05:00-04:00,6.835000038146973,6.855000019073486,6.795000076293945,6.795000076293945,47474,0.0,0.0
2026-03-26 11:10:00-04:00,6.800000190734863,6.800000190734863,6.760000228881836,6.7683000564575195,18454,0.0,0.0
2026-03-26 11:15:00-04:00,6.769899845123291,6.769899845123291,6.730000019073486,6.744999885559082,26784,0.0,0.0
2026-03-26 11:20:00-04:00,6.748600006103516,6.75,6.719799995422363,6.71999979019165,52975,0.0,0.0
2026-03-26 11:25:00-04:00,6.71999979019165,6.71999979019165,6.700099945068359,6.710000038146973,27451,0.0,0.0
2026-03-26 11:30:00-04:00,6.710000038146973,6.71999979019165,6.699999809265137,6.711999893188477,39300,0.0,0.0
2026-03-26 11:35:00-04:00,6.710000038146973,6.71999979019165,6.710000038146973,6.715000152587891,12862,0.0,0.0
2026-03-26 11:40:00-04:00,6.71999979019165,6.71999979019165,6.710100173950195,6.717400074005127,5647,0.0,0.0
2026-03-26 11:45:00-04:00,6.715000152587891,6.735000133514404,6.715000152587891,6.715000152587891,26560,0.0,0.0
2026-03-26 11:50:00-04:00,6.713399887084961,6.71999979019165,6.690000057220459,6.717700004577637,45119,0.0,0.0
2026-03-26 11:55:00-04:00,6.715000152587891,6.715000152587891,6.707399845123291,6.715000152587891,6971,0.0,0.0
2026-03-26 12:00:00-04:00,6.715000152587891,6.729899883270264,6.715000152587891,6.724999904632568,17059,0.0,0.0
2026-03-26 12:05:00-04:00,6.724999904632568,6.735000133514404,6.724999904632568,6.724999904632568,15761,0.0,0.0
2026-03-26 12:10:00-04:00,6.724899768829346,6.724999904632568,6.689899921417236,6.699999809265137,30747,0.0,0.0
2026-03-26 12:15:00-04:00,6.695000171661377,6.699999809265137,6.675000190734863,6.684999942779541,11949,0.0,0.0
2026-03-26 12:20:00-04:00,6.690000057220459,6.690000057220459,6.679999828338623,6.679999828338623,8666,0.0,0.0
2026-03-26 12:25:00-04:00,6.690000057220459,6.690000057220459,6.659999847412109,6.659999847412109,19226,0.0,0.0
2026-03-26 12:30:00-04:00,6.664999961853027,6.669899940490723,6.650000095367432,6.659999847412109,14910,0.0,0.0
2026-03-26 12:35:00-04:00,6.669899940490723,6.679999828338623,6.664999961853027,6.664999961853027,23424,0.0,0.0
2026-03-26 12:40:00-04:00,6.659999847412109,6.675000190734863,6.659999847412109,6.664999961853027,26602,0.0,0.0
2026-03-26 12:45:00-04:00,6.670000076293945,6.675099849700928,6.659999847412109,6.669000148773193,12482,0.0,0.0
2026-03-26 12:50:00-04:00,6.664999961853027,6.669899940490723,6.660099983215332,6.664999961853027,17033,0.0,0.0
2026-03-26 12:55:00-04:00,6.664999961853027,6.664999961853027,6.659999847412109,6.664999961853027,6713,0.0,0.0
2026-03-26 13:00:00-04:00,6.664999961853027,6.695000171661377,6.65500020980835,6.659999847412109,70788,0.0,0.0
2026-03-26 13:05:00-04:00,6.657199859619141,6.675000190734863,6.657199859619141,6.670000076293945,12503,0.0,0.0
2026-03-26 13:10:00-04:00,6.670000076293945,6.670000076293945,6.650100231170654,6.659999847412109,15389,0.0,0.0
2026-03-26 13:15:00-04:00,6.659999847412109,6.66510009765625,6.64139986038208,6.64139986038208,25090,0.0,0.0
2026-03-26 13:20:00-04:00,6.640100002288818,6.650000095367432,6.630000114440918,6.630099773406982,44913,0.0,0.0
2026-03-26 13:25:00-04:00,6.630000114440918,6.635000228881836,6.619999885559082,6.630000114440918,5969,0.0,0.0
2026-03-26 13:30:00-04:00,6.635000228881836,6.65500020980835,6.630000114440918,6.650100231170654,22900,0.0,0.0
2026-03-26 13:35:00-04:00,6.652699947357178,6.664999961853027,6.644999980926514,6.659999847412109,12199,0.0,0.0
2026-03-26 13:40:00-04:00,6.65500020980835,6.699900150299072,6.644999980926514,6.690100193023682,52462,0.0,0.0
2026-03-26 13:45:00-04:00,6.678100109100342,6.679800033569336,6.659999847412109,6.659999847412109,7537,0.0,0.0
2026-03-26 13:50:00-04:00,6.650000095367432,6.659999847412109,6.640600204467773,6.640600204467773,10368,0.0,0.0
2026-03-26 13:55:00-04:00,6.640100002288818,6.640100002288818,6.620999813079834,6.625,17770,0.0,0.0
2026-03-26 14:00:00-04:00,6.630000114440918,6.639900207519531,6.620999813079834,6.620999813079834,6362,0.0,0.0
2026-03-26 14:05:00-04:00,6.625,6.635000228881836,6.620100021362305,6.635000228881836,54632,0.0,0.0
2026-03-26 14:10:00-04:00,6.635000228881836,6.635000228881836,6.620100021362305,6.625,6238,0.0,0.0
2026-03-26 14:15:00-04:00,6.619999885559082,6.620100021362305,6.605000019073486,6.605000019073486,12597,0.0,0.0
2026-03-26 14:20:00-04:00,6.601399898529053,6.609899997711182,6.590000152587891,6.609899997711182,21564,0.0,0.0
2026-03-26 14:25:00-04:00,6.599999904632568,6.609600067138672,6.59499979019165,6.599999904632568,5854,0.0,0.0
2026-03-26 14:30:00-04:00,6.59499979019165,6.605000019073486,6.590099811553955,6.605000019073486,7049,0.0,0.0
2026-03-26 14:35:00-04:00,6.610000133514404,6.629899978637695,6.609099864959717,6.629899978637695,9866,0.0,0.0
2026-03-26 14:40:00-04:00,6.625,6.630000114440918,6.614999771118164,6.625,14019,0.0,0.0
2026-03-26 14:45:00-04:00,6.625,6.639999866485596,6.625,6.638599872589111,8836,0.0,0.0
2026-03-26 14:50:00-04:00,6.630000114440918,6.635000228881836,6.620100021362305,6.630000114440918,6803,0.0,0.0
2026-03-26 14:55:00-04:00,6.625,6.625,6.614999771118164,6.614999771118164,7273,0.0,0.0
2026-03-26 15:00:00-04:00,6.619999885559082,6.625,6.59499979019165,6.59499979019165,14777,0.0,0.0
2026-03-26 15:05:00-04:00,6.590000152587891,6.605000019073486,6.590000152587891,6.599999904632568,14960,0.0,0.0
2026-03-26 15:10:00-04:00,6.605000019073486,6.605000019073486,6.554999828338623,6.565000057220459,17034,0.0,0.0
2026-03-26 15:15:00-04:00,6.569699764251709,6.590000152587891,6.569699764251709,6.585000038146973,13454,0.0,0.0
2026-03-26 15:20:00-04:00,6.588699817657471,6.59499979019165,6.574999809265137,6.59499979019165,15916,0.0,0.0
2026-03-26 15:25:00-04:00,6.59499979019165,6.59499979019165,6.565000057220459,6.572199821472168,29151,0.0,0.0
2026-03-26 15:30:00-04:00,6.579999923706055,6.579999923706055,6.570000171661377,6.574999809265137,7056,0.0,0.0
2026-03-26 15:35:00-04:00,6.570000171661377,6.579999923706055,6.565000057220459,6.565000057220459,27574,0.0,0.0
2026-03-26 15:40:00-04:00,6.565000057220459,6.570000171661377,6.545000076293945,6.545000076293945,32740,0.0,0.0
2026-03-26 15:45:00-04:00,6.539999961853027,6.550000190734863,6.519999980926514,6.539999961853027,59154,0.0,0.0
2026-03-26 15:50:00-04:00,6.550000190734863,6.565000057220459,6.545000076293945,6.559999942779541,61199,0.0,0.0
2026-03-26 15:55:00-04:00,6.554999828338623,6.570000171661377,6.539999961853027,6.559999942779541,79236,0.0,0.0
2026-03-27 09:30:00-04:00,6.539999961853027,6.630000114440918,6.519999980926514,6.612500190734863,94729,0.0,0.0
2026-03-27 09:35:00-04:00,6.610099792480469,6.650000095367432,6.570099830627441,6.610000133514404,58162,0.0,0.0
2026-03-27 09:40:00-04:00,6.605000019073486,6.619699954986572,6.510000228881836,6.510000228881836,109004,0.0,0.0
2026-03-27 09:45:00-04:00,6.519999980926514,6.534999847412109,6.519999980926514,6.53000020980835,24778,0.0,0.0
2026-03-27 09:50:00-04:00,6.53000020980835,6.53000020980835,6.420000076293945,6.429999828338623,54084,0.0,0.0
2026-03-27 09:55:00-04:00,6.429999828338623,6.429999828338623,6.369999885559082,6.402400016784668,43790,0.0,0.0
2026-03-27 10:00:00-04:00,6.414999961853027,6.46999979019165,6.414999961853027,6.46999979019165,36537,0.0,0.0
2026-03-27 10:05:00-04:00,6.46999979019165,6.480000019073486,6.460000038146973,6.460000038146973,14456,0.0,0.0
2026-03-27 10:10:00-04:00,6.46999979019165,6.505000114440918,6.460100173950195,6.505000114440918,41756,0.0,0.0
2026-03-27 10:15:00-04:00,6.5,6.525000095367432,6.5,6.514999866485596,15242,0.0,0.0
2026-03-27 10:20:00-04:00,6.519999980926514,6.525000095367432,6.474999904632568,6.494999885559082,16994,0.0,0.0
2026-03-27 10:25:00-04:00,6.505000114440918,6.505000114440918,6.449999809265137,6.46999979019165,16148,0.0,0.0
2026-03-27 10:30:00-04:00,6.474999904632568,6.494999885559082,6.465000152587891,6.489999771118164,16395,0.0,0.0
2026-03-27 10:35:00-04:00,6.480000019073486,6.480000019073486,6.460000038146973,6.460000038146973,14311,0.0,0.0
2026-03-27 10:40:00-04:00,6.465000152587891,6.465000152587891,6.445000171661377,6.445000171661377,11233,0.0,0.0
2026-03-27 10:45:00-04:00,6.449999809265137,6.465000152587891,6.433300018310547,6.465000152587891,37447,0.0,0.0
2026-03-27 10:50:00-04:00,6.46999979019165,6.474999904632568,6.449999809265137,6.454999923706055,15466,0.0,0.0
2026-03-27 10:55:00-04:00,6.454999923706055,6.480000019073486,6.454999923706055,6.480000019073486,13063,0.0,0.0
2026-03-27 11:00:00-04:00,6.485000133514404,6.514999866485596,6.485000133514404,6.510000228881836,16511,0.0,0.0
2026-03-27 11:05:00-04:00,6.5,6.510000228881836,6.485000133514404,6.485000133514404,13778,0.0,0.0
2026-03-27 11:10:00-04:00,6.481400012969971,6.489699840545654,6.450500011444092,6.454999923706055,17427,0.0,0.0
2026-03-27 11:15:00-04:00,6.454999923706055,6.465000152587891,6.446899890899658,6.449999809265137,35244,0.0,0.0
2026-03-27 11:20:00-04:00,6.454999923706055,6.5100998878479,6.454999923706055,6.485000133514404,51764,0.0,0.0
2026-03-27 11:25:00-04:00,6.489999771118164,6.5,6.480100154876709,6.489999771118164,27227,0.0,0.0
2026-03-27 11:30:00-04:00,6.5,6.525000095367432,6.5,6.525000095367432,7496,0.0,0.0
2026-03-27 11:35:00-04:00,6.53000020980835,6.550000190734863,6.520299911499023,6.525000095367432,20513,0.0,0.0
2026-03-27 11:40:00-04:00,6.525000095367432,6.525000095367432,6.494999885559082,6.5,10770,0.0,0.0
2026-03-27 11:45:00-04:00,6.494999885559082,6.505000114440918,6.494999885559082,6.5,6928,0.0,0.0
2026-03-27 11:50:00-04:00,6.5,6.505000114440918,6.485000133514404,6.485000133514404,8469,0.0,0.0
2026-03-27 11:55:00-04:00,6.489999771118164,6.494999885559082,6.46999979019165,6.474999904632568,17794,0.0,0.0
2026-03-27 12:00:00-04:00,6.46999979019165,6.46999979019165,6.454999923706055,6.460000038146973,10441,0.0,0.0
2026-03-27 12:05:00-04:00,6.465099811553955,6.474999904632568,6.460000038146973,6.465000152587891,14324,0.0,0.0
2026-03-27 12:10:00-04:00,6.465000152587891,6.46999979019165,6.449999809265137,6.465000152587891,29394,0.0,0.0
2026-03-27 12:15:00-04:00,6.465000152587891,6.4679999351501465,6.460000038146973,6.465000152587891,8785,0.0,0.0
2026-03-27 12:20:00-04:00,6.465000152587891,6.465000152587891,6.454999923706055,6.454999923706055,7695,0.0,0.0
2026-03-27 12:25:00-04:00,6.456399917602539,6.465000152587891,6.449999809265137,6.454999923706055,27323,0.0,0.0
2026-03-27 12:30:00-04:00,6.45989990234375,6.460000038146973,6.449999809265137,6.454999923706055,15256,0.0,0.0
2026-03-27 12:35:00-04:00,6.454999923706055,6.454999923706055,6.429999828338623,6.429999828338623,26434,0.0,0.0
2026-03-27 12:40:00-04:00,6.425000190734863,6.434999942779541,6.414999961853027,6.425000190734863,28163,0.0,0.0
2026-03-27 12:45:00-04:00,6.42710018157959,6.440000057220459,6.422999858856201,6.429999828338623,24772,0.0,0.0
2026-03-27 12:50:00-04:00,6.434999942779541,6.434999942779541,6.409999847412109,6.410099983215332,20647,0.0,0.0
2026-03-27 12:55:00-04:00,6.414999961853027,6.420000076293945,6.40500020980835,6.409999847412109,20091,0.0,0.0
2026-03-27 13:00:00-04:00,6.409999847412109,6.425000190734863,6.409999847412109,6.420000076293945,9802,0.0,0.0
2026-03-27 13:05:00-04:00,6.400000095367432,6.429999828338623,6.389999866485596,6.425000190734863,21945,0.0,0.0
2026-03-27 13:10:00-04:00,6.426499843597412,6.429999828338623,6.420000076293945,6.429999828338623,4847,0.0,0.0
2026-03-27 13:15:00-04:00,6.429999828338623,6.434999942779541,6.414999961853027,6.420100212097168,6600,0.0,0.0
2026-03-27 13:20:00-04:00,6.423099994659424,6.423099994659424,6.385000228881836,6.394999980926514,22550,0.0,0.0
2026-03-27 13:25:00-04:00,6.394999980926514,6.400000095367432,6.369999885559082,6.375,23029,0.0,0.0
2026-03-27 13:30:00-04:00,6.375,6.375,6.360000133514404,6.369999885559082,71294,0.0,0.0
2026-03-27 13:35:00-04:00,6.369999885559082,6.385000228881836,6.349999904632568,6.360000133514404,43934,0.0,0.0
2026-03-27 13:40:00-04:00,6.364999771118164,6.364999771118164,6.351399898529053,6.355000019073486,15033,0.0,0.0
2026-03-27 13:45:00-04:00,6.355000019073486,6.356100082397461,6.34499979019165,6.349999904632568,19880,0.0,0.0
2026-03-27 13:50:00-04:00,6.340099811553955,6.349999904632568,6.329999923706055,6.349999904632568,14217,0.0,0.0
2026-03-27 13:55:00-04:00,6.34499979019165,6.34499979019165,6.335000038146973,6.335000038146973,3320,0.0,0.0
2026-03-27 14:00:00-04:00,6.335000038146973,6.349999904632568,6.329999923706055,6.34499979019165,7665,0.0,0.0
2026-03-27 14:05:00-04:00,6.34499979019165,6.34499979019165,6.335000038146973,6.340000152587891,5503,0.0,0.0
2026-03-27 14:10:00-04:00,6.34499979019165,6.34499979019165,6.340000152587891,6.34499979019165,3909,0.0,0.0
2026-03-27 14:15:00-04:00,6.34499979019165,6.360000133514404,6.340000152587891,6.360000133514404,12173,0.0,0.0
2026-03-27 14:20:00-04:00,6.360000133514404,6.369999885559082,6.351399898529053,6.351399898529053,11588,0.0,0.0
2026-03-27 14:25:00-04:00,6.349999904632568,6.355000019073486,6.349899768829346,6.355000019073486,5838,0.0,0.0
2026-03-27 14:30:00-04:00,6.349999904632568,6.360000133514404,6.349999904632568,6.355000019073486,6051,0.0,0.0
2026-03-27 14:35:00-04:00,6.355000019073486,6.364999771118164,6.3506999015808105,6.355100154876709,9110,0.0,0.0
2026-03-27 14:40:00-04:00,6.360000133514404,6.389999866485596,6.360000133514404,6.375,21836,0.0,0.0
2026-03-27 14:45:00-04:00,6.376999855041504,6.378499984741211,6.369999885559082,6.378499984741211,21031,0.0,0.0
2026-03-27 14:50:00-04:00,6.375,6.378600120544434,6.375,6.375,6937,0.0,0.0
2026-03-27 14:55:00-04:00,6.369999885559082,6.375,6.364999771118164,6.369999885559082,21342,0.0,0.0
2026-03-27 15:00:00-04:00,6.369999885559082,6.375,6.360000133514404,6.363500118255615,3834,0.0,0.0
2026-03-27 15:05:00-04:00,6.360000133514404,6.360000133514404,6.329999923706055,6.329999923706055,10178,0.0,0.0
2026-03-27 15:10:00-04:00,6.335000038146973,6.3354997634887695,6.329999923706055,6.3354997634887695,15068,0.0,0.0
2026-03-27 15:15:00-04:00,6.340000152587891,6.34499979019165,6.329999923706055,6.34499979019165,27919,0.0,0.0
2026-03-27 15:20:00-04:00,6.34499979019165,6.364999771118164,6.34499979019165,6.355000019073486,31551,0.0,0.0
2026-03-27 15:25:00-04:00,6.355000019073486,6.35860013961792,6.340000152587891,6.355000019073486,15727,0.0,0.0
2026-03-27 15:30:00-04:00,6.360000133514404,6.364999771118164,6.349999904632568,6.355000019073486,13154,0.0,0.0
2026-03-27 15:35:00-04:00,6.349999904632568,6.349999904632568,6.329999923706055,6.329999923706055,19924,0.0,0.0
2026-03-27 15:40:00-04:00,6.320499897003174,6.320499897003174,6.295000076293945,6.295000076293945,42351,0.0,0.0
2026-03-27 15:45:00-04:00,6.289999961853027,6.300000190734863,6.28000020980835,6.300000190734863,46048,0.0,0.0
2026-03-27 15:50:00-04:00,6.295000076293945,6.320000171661377,6.289999961853027,6.309999942779541,53186,0.0,0.0
2026-03-27 15:55:00-04:00,6.315000057220459,6.340000152587891,6.300000190734863,6.329999923706055,118406,0.0,0.0
2026-03-30 09:30:00-04:00,6.329999923706055,6.389999866485596,6.302599906921387,6.3694000244140625,162536,0.0,0.0
2026-03-30 09:35:00-04:00,6.360000133514404,6.369100093841553,6.303199768066406,6.329899787902832,23255,0.0,0.0
2026-03-30 09:40:00-04:00,6.320000171661377,6.329999923706055,6.260000228881836,6.260000228881836,51793,0.0,0.0
2026-03-30 09:45:00-04:00,6.279900074005127,6.279900074005127,6.230000019073486,6.249499797821045,36481,0.0,0.0
2026-03-30 09:50:00-04:00,6.230100154876709,6.260000228881836,6.230100154876709,6.25,22658,0.0,0.0
2026-03-30 09:55:00-04:00,6.256499767303467,6.260000228881836,6.239999771118164,6.25,20745,0.0,0.0
2026-03-30 10:00:00-04:00,6.25,6.25,6.210000038146973,6.219900131225586,27637,0.0,0.0
2026-03-30 10:05:00-04:00,6.215000152587891,6.215000152587891,6.179999828338623,6.199999809265137,28463,0.0,0.0
2026-03-30 10:10:00-04:00,6.210000038146973,6.230000019073486,6.195000171661377,6.215000152587891,20186,0.0,0.0
2026-03-30 10:15:00-04:00,6.215000152587891,6.215000152587891,6.19350004196167,6.195000171661377,29198,0.0,0.0
2026-03-30 10:20:00-04:00,6.199999809265137,6.21999979019165,6.199999809265137,6.215000152587891,14266,0.0,0.0
2026-03-30 10:25:00-04:00,6.215000152587891,6.215000152587891,6.184999942779541,6.184999942779541,34227,0.0,0.0
2026-03-30 10:30:00-04:00,6.190000057220459,6.20989990234375,6.190000057220459,6.199900150299072,17776,0.0,0.0
2026-03-30 10:35:00-04:00,6.195000171661377,6.199999809265137,6.179999828338623,6.190000057220459,21595,0.0,0.0
2026-03-30 10:40:00-04:00,6.184999942779541,6.189799785614014,6.139999866485596,6.139999866485596,53526,0.0,0.0
2026-03-30 10:45:00-04:00,6.144999980926514,6.159999847412109,6.130000114440918,6.15500020980835,82832,0.0,0.0
2026-03-30 10:50:00-04:00,6.15500020980835,6.15500020980835,6.139999866485596,6.144999980926514,10976,0.0,0.0
2026-03-30 10:55:00-04:00,6.139999866485596,6.15500020980835,6.134200096130371,6.150000095367432,12280,0.0,0.0
2026-03-30 11:00:00-04:00,6.157100200653076,6.179900169372559,6.150000095367432,6.179900169372559,10613,0.0,0.0
2026-03-30 11:05:00-04:00,6.179999828338623,6.190000057220459,6.140100002288818,6.144999980926514,30747,0.0,0.0
2026-03-30 11:10:00-04:00,6.144999980926514,6.150000095367432,6.130000114440918,6.130000114440918,11053,0.0,0.0
2026-03-30 11:15:00-04:00,6.139100074768066,6.139100074768066,6.110000133514404,6.125,48170,0.0,0.0
2026-03-30 11:20:00-04:00,6.125,6.159999847412109,6.125,6.158599853515625,16570,0.0,0.0
2026-03-30 11:25:00-04:00,6.159999847412109,6.179900169372559,6.159999847412109,6.175000190734863,34231,0.0,0.0
2026-03-30 11:30:00-04:00,6.175000190734863,6.184999942779541,6.159999847412109,6.180099964141846,33797,0.0,0.0
2026-03-30 11:35:00-04:00,6.188600063323975,6.204999923706055,6.188600063323975,6.198800086975098,9555,0.0,0.0
2026-03-30 11:40:00-04:00,6.190000057220459,6.210000038146973,6.180099964141846,6.210000038146973,10796,0.0,0.0
2026-03-30 11:45:00-04:00,6.210000038146973,6.212900161743164,6.184999942779541,6.195000171661377,21477,0.0,0.0
2026-03-30 11:50:00-04:00,6.195000171661377,6.210000038146973,6.190100193023682,6.199999809265137,13936,0.0,0.0
2026-03-30 11:55:00-04:00,6.195000171661377,6.195000171661377,6.170000076293945,6.184999942779541,14655,0.0,0.0
2026-03-30 12:00:00-04:00,6.184999942779541,6.184999942779541,6.170000076293945,6.170000076293945,6556,0.0,0.0
2026-03-30 12:05:00-04:00,6.170000076293945,6.179999828338623,6.159999847412109,6.175000190734863,27767,0.0,0.0
2026-03-30 12:10:00-04:00,6.175000190734863,6.190000057220459,6.175000190734863,6.183000087738037,5855,0.0,0.0
2026-03-30 12:15:00-04:00,6.179999828338623,6.179999828338623,6.15500020980835,6.15500020980835,54084,0.0,0.0
2026-03-30 12:20:00-04:00,6.159999847412109,6.170000076293945,6.150000095367432,6.15500020980835,5158,0.0,0.0
2026-03-30 12:25:00-04:00,6.150000095367432,6.150000095367432,6.144999980926514,6.149899959564209,7140,0.0,0.0
2026-03-30 12:30:00-04:00,6.148900032043457,6.158599853515625,6.145699977874756,6.150300025939941,19189,0.0,0.0
2026-03-30 12:35:00-04:00,6.15500020980835,6.15500020980835,6.150000095367432,6.150000095367432,28713,0.0,0.0
2026-03-30 12:40:00-04:00,6.144999980926514,6.144999980926514,6.114999771118164,6.114999771118164,25793,0.0,0.0
2026-03-30 12:45:00-04:00,6.114999771118164,6.119999885559082,6.105000019073486,6.105000019073486,15719,0.0,0.0
2026-03-30 12:50:00-04:00,6.105000019073486,6.119999885559082,6.105000019073486,6.110000133514404,7326,0.0,0.0
2026-03-30 12:55:00-04:00,6.110000133514404,6.110000133514404,6.065000057220459,6.085000038146973,117226,0.0,0.0
2026-03-30 13:00:00-04:00,6.085000038146973,6.090000152587891,6.065000057220459,6.065000057220459,16277,0.0,0.0
2026-03-30 13:05:00-04:00,6.070000171661377,6.079999923706055,6.060100078582764,6.070000171661377,18910,0.0,0.0
2026-03-30 13:10:00-04:00,6.074999809265137,6.074999809265137,6.054999828338623,6.054999828338623,26352,0.0,0.0
2026-03-30 13:15:00-04:00,6.051400184631348,6.0584001541137695,6.03000020980835,6.043300151824951,49156,0.0,0.0
2026-03-30 13:20:00-04:00,6.045000076293945,6.050000190734863,6.019999980926514,6.025000095367432,110748,0.0,0.0
2026-03-30 13:25:00-04:00,6.027100086212158,6.049900054931641,6.027100086212158,6.034999847412109,18902,0.0,0.0
2026-03-30 13:30:00-04:00,6.03980016708374,6.050000190734863,6.034999847412109,6.034999847412109,29691,0.0,0.0
2026-03-30 13:35:00-04:00,6.039999961853027,6.045000076293945,6.030099868774414,6.042799949645996,14797,0.0,0.0
2026-03-30 13:40:00-04:00,6.045000076293945,6.059999942779541,6.039999961853027,6.059999942779541,8533,0.0,0.0
2026-03-30 13:45:00-04:00,6.054999828338623,6.079999923706055,6.045000076293945,6.056099891662598,17224,0.0,0.0
2026-03-30 13:50:00-04:00,6.045000076293945,6.049499988555908,6.039999961853027,6.047399997711182,12957,0.0,0.0
2026-03-30 13:55:00-04:00,6.045000076293945,6.045000076293945,6.03000020980835,6.034999847412109,13134,0.0,0.0
2026-03-30 14:00:00-04:00,6.034999847412109,6.045000076293945,6.034999847412109,6.045000076293945,50246,0.0,0.0
2026-03-30 14:05:00-04:00,6.039999961853027,6.045000076293945,6.034999847412109,6.034999847412109,8948,0.0,0.0
2026-03-30 14:10:00-04:00,6.03000020980835,6.039999961853027,6.03000020980835,6.034999847412109,14158,0.0,0.0
2026-03-30 14:15:00-04:00,6.039999961853027,6.045000076293945,6.03000020980835,6.045000076293945,19286,0.0,0.0
2026-03-30 14:20:00-04:00,6.045000076293945,6.050000190734863,6.045000076293945,6.050000190734863,8454,0.0,0.0
2026-03-30 14:25:00-04:00,6.045000076293945,6.049900054931641,6.03000020980835,6.03000020980835,8348,0.0,0.0
2026-03-30 14:30:00-04:00,6.039999961853027,6.039999961853027,6.03000020980835,6.039100170135498,10214,0.0,0.0
2026-03-30 14:35:00-04:00,6.039999961853027,6.055699825286865,6.010000228881836,6.014999866485596,61882,0.0,0.0
2026-03-30 14:40:00-04:00,6.019899845123291,6.019899845123291,5.989999771118164,6.0,135580,0.0,0.0
2026-03-30 14:45:00-04:00,5.994999885559082,6.0,5.989999771118164,6.0,36021,0.0,0.0
2026-03-30 14:50:00-04:00,5.994999885559082,5.999899864196777,5.985000133514404,5.985000133514404,35631,0.0,0.0
2026-03-30 14:55:00-04:00,5.985000133514404,6.0,5.980000019073486,5.985000133514404,22120,0.0,0.0
2026-03-30 15:00:00-04:00,5.987100124359131,5.989999771118164,5.980000019073486,5.980000019073486,19687,0.0,0.0
2026-03-30 15:05:00-04:00,5.985300064086914,5.985300064086914,5.960000038146973,5.965000152587891,27454,0.0,0.0
2026-03-30 15:10:00-04:00,5.967800140380859,5.967800140380859,5.929999828338623,5.930099964141846,61697,0.0,0.0
2026-03-30 15:15:00-04:00,5.938600063323975,5.948800086975098,5.929999828338623,5.945000171661377,35846,0.0,0.0
2026-03-30 15:20:00-04:00,5.949900150299072,5.949999809265137,5.940000057220459,5.945000171661377,12459,0.0,0.0
2026-03-30 15:25:00-04:00,5.945000171661377,5.960000038146973,5.940000057220459,5.954999923706055,49219,0.0,0.0
2026-03-30 15:30:00-04:00,5.958099842071533,5.965000152587891,5.940000057220459,5.960000038146973,47051,0.0,0.0
2026-03-30 15:35:00-04:00,5.968900203704834,6.005000114440918,5.960100173950195,5.989999771118164,31083,0.0,0.0
2026-03-30 15:40:00-04:00,5.989999771118164,6.010000228881836,5.989999771118164,6.010000228881836,25401,0.0,0.0
2026-03-30 15:45:00-04:00,6.005000114440918,6.019999980926514,6.005000114440918,6.012499809265137,41208,0.0,0.0
2026-03-30 15:50:00-04:00,6.019899845123291,6.050000190734863,6.010000228881836,6.03000020980835,88195,0.0,0.0
2026-03-30 15:55:00-04:00,6.034999847412109,6.039999961853027,5.989999771118164,5.989999771118164,232691,0.0,0.0
2026-03-31 09:30:00-04:00,6.050000190734863,6.210299968719482,6.03000020980835,6.179800033569336,104575,0.0,0.0
2026-03-31 09:35:00-04:00,6.170000076293945,6.190000057220459,6.150000095367432,6.179999828338623,45630,0.0,0.0
2026-03-31 09:40:00-04:00,6.175000190734863,6.210000038146973,6.170000076293945,6.190000057220459,121670,0.0,0.0
2026-03-31 09:45:00-04:00,6.190000057220459,6.25,6.190000057220459,6.25,73607,0.0,0.0
2026-03-31 09:50:00-04:00,6.252299785614014,6.269899845123291,6.25,6.264999866485596,47504,0.0,0.0
2026-03-31 09:55:00-04:00,6.260000228881836,6.269999980926514,6.239999771118164,6.25,46146,0.0,0.0
2026-03-31 10:00:00-04:00,6.239999771118164,6.25,6.215000152587891,6.230000019073486,21273,0.0,0.0
2026-03-31 10:05:00-04:00,6.230100154876709,6.25,6.21999979019165,6.239999771118164,23185,0.0,0.0
2026-03-31 10:10:00-04:00,6.230000019073486,6.25,6.230000019073486,6.239999771118164,12932,0.0,0.0
2026-03-31 10:15:00-04:00,6.235000133514404,6.255000114440918,6.230000019073486,6.244999885559082,12573,0.0,0.0
2026-03-31 10:20:00-04:00,6.239999771118164,6.255000114440918,6.235000133514404,6.244999885559082,8857,0.0,0.0
2026-03-31 10:25:00-04:00,6.239999771118164,6.255000114440918,6.235000133514404,6.255000114440918,8893,0.0,0.0
2026-03-31 10:30:00-04:00,6.260000228881836,6.2606000900268555,6.224999904632568,6.25,35859,0.0,0.0
2026-03-31 10:35:00-04:00,6.244999885559082,6.244999885559082,6.204999923706055,6.215000152587891,21514,0.0,0.0
2026-03-31 10:40:00-04:00,6.210299968719482,6.230000019073486,6.190000057220459,6.204999923706055,30384,0.0,0.0
2026-03-31 10:45:00-04:00,6.204999923706055,6.204999923706055,6.179999828338623,6.184999942779541,31479,0.0,0.0
2026-03-31 10:50:00-04:00,6.179999828338623,6.184999942779541,6.160200119018555,6.160200119018555,16989,0.0,0.0
2026-03-31 10:55:00-04:00,6.164999961853027,6.175000190734863,6.144999980926514,6.171000003814697,35446,0.0,0.0
2026-03-31 11:00:00-04:00,6.170000076293945,6.190000057220459,6.170000076293945,6.184999942779541,13909,0.0,0.0
2026-03-31 11:05:00-04:00,6.184999942779541,6.199900150299072,6.179999828338623,6.184999942779541,22735,0.0,0.0
2026-03-31 11:10:00-04:00,6.190000057220459,6.25029993057251,6.190000057220459,6.25029993057251,16326,0.0,0.0
2026-03-31 11:15:00-04:00,6.258800029754639,6.258800029754639,6.239999771118164,6.255000114440918,10999,0.0,0.0
2026-03-31 11:20:00-04:00,6.25,6.275000095367432,6.248600006103516,6.264999866485596,39704,0.0,0.0
2026-03-31 11:25:00-04:00,6.264999866485596,6.264999866485596,6.224999904632568,6.2399001121521,23899,0.0,0.0
2026-03-31 11:30:00-04:00,6.235000133514404,6.235000133514404,6.210000038146973,6.223999977111816,23824,0.0,0.0
2026-03-31 11:35:00-04:00,6.224999904632568,6.230000019073486,6.215000152587891,6.215000152587891,15775,0.0,0.0
2026-03-31 11:40:00-04:00,6.215000152587891,6.215000152587891,6.199999809265137,6.204999923706055,16727,0.0,0.0
2026-03-31 11:45:00-04:00,6.204999923706055,6.204999923706055,6.190000057220459,6.195000171661377,7085,0.0,0.0
2026-03-31 11:50:00-04:00,6.199999809265137,6.204999923706055,6.190000057220459,6.190000057220459,25718,0.0,0.0
2026-03-31 11:55:00-04:00,6.190000057220459,6.190000057220459,6.159999847412109,6.159999847412109,20119,0.0,0.0
2026-03-31 12:00:00-04:00,6.159999847412109,6.180099964141846,6.159999847412109,6.179800033569336,26221,0.0,0.0
2026-03-31 12:05:00-04:00,6.179800033569336,6.197500228881836,6.170000076293945,6.179999828338623,22305,0.0,0.0
2026-03-31 12:10:00-04:00,6.175000190734863,6.175000190734863,6.150000095367432,6.164999961853027,33829,0.0,0.0
2026-03-31 12:15:00-04:00,6.170000076293945,6.179999828338623,6.170000076293945,6.175000190734863,8613,0.0,0.0
2026-03-31 12:20:00-04:00,6.175000190734863,6.195000171661377,6.175000190734863,6.195000171661377,16398,0.0,0.0
2026-03-31 12:25:00-04:00,6.199999809265137,6.204999923706055,6.179999828338623,6.180099964141846,17962,0.0,0.0
2026-03-31 12:30:00-04:00,6.184999942779541,6.210000038146973,6.184999942779541,6.204999923706055,18219,0.0,0.0
2026-03-31 12:35:00-04:00,6.210000038146973,6.260000228881836,6.199999809265137,6.260000228881836,19917,0.0,0.0
2026-03-31 12:40:00-04:00,6.269999980926514,6.409999847412109,6.269999980926514,6.349999904632568,138371,0.0,0.0
2026-03-31 12:45:00-04:00,6.340000152587891,6.349999904632568,6.300000190734863,6.309999942779541,24588,0.0,0.0
2026-03-31 12:50:00-04:00,6.309999942779541,6.340000152587891,6.304999828338623,6.340000152587891,22500,0.0,0.0
2026-03-31 12:55:00-04:00,6.340000152587891,6.340000152587891,6.300000190734863,6.315000057220459,20007,0.0,0.0
2026-03-31 13:00:00-04:00,6.320000171661377,6.335000038146973,6.300099849700928,6.324999809265137,43595,0.0,0.0
2026-03-31 13:05:00-04:00,6.324999809265137,6.329999923706055,6.310100078582764,6.324999809265137,23677,0.0,0.0
2026-03-31 13:10:00-04:00,6.324999809265137,6.349999904632568,6.295000076293945,6.346499919891357,39587,0.0,0.0
2026-03-31 13:15:00-04:00,6.349999904632568,6.369999885559082,6.340000152587891,6.360199928283691,43457,0.0,0.0
2026-03-31 13:20:00-04:00,6.364999771118164,6.419899940490723,6.360000133514404,6.385000228881836,86549,0.0,0.0
2026-03-31 13:25:00-04:00,6.400100231170654,6.40500020980835,6.364999771118164,6.364999771118164,57056,0.0,0.0
2026-03-31 13:30:00-04:00,6.369999885559082,6.398200035095215,6.369999885559082,6.398200035095215,14748,0.0,0.0
2026-03-31 13:35:00-04:00,6.400000095367432,6.409800052642822,6.360099792480469,6.364999771118164,29987,0.0,0.0
2026-03-31 13:40:00-04:00,6.361400127410889,6.380000114440918,6.360000133514404,6.369900226593018,13673,0.0,0.0
2026-03-31 13:45:00-04:00,6.369999885559082,6.394999980926514,6.369999885559082,6.369999885559082,22603,0.0,0.0
2026-03-31 13:50:00-04:00,6.375,6.377399921417236,6.364999771118164,6.375,5379,0.0,0.0
2026-03-31 13:55:00-04:00,6.379899978637695,6.379899978637695,6.355000019073486,6.369999885559082,30293,0.0,0.0
2026-03-31 14:00:00-04:00,6.380099773406982,6.389999866485596,6.369999885559082,6.385000228881836,10632,0.0,0.0
2026-03-31 14:05:00-04:00,6.389999866485596,6.420000076293945,6.380099773406982,6.409999847412109,25601,0.0,0.0
2026-03-31 14:10:00-04:00,6.414999961853027,6.429900169372559,6.409999847412109,6.414999961853027,51406,0.0,0.0
2026-03-31 14:15:00-04:00,6.420000076293945,6.45989990234375,6.420000076293945,6.440000057220459,71989,0.0,0.0
2026-03-31 14:20:00-04:00,6.445000171661377,6.448500156402588,6.431099891662598,6.431099891662598,11860,0.0,0.0
2026-03-31 14:25:00-04:00,6.429999828338623,6.429999828338623,6.409999847412109,6.420599937438965,26795,0.0,0.0
2026-03-31 14:30:00-04:00,6.420000076293945,6.434999942779541,6.414999961853027,6.420000076293945,58342,0.0,0.0
2026-03-31 14:35:00-04:00,6.414999961853027,6.449900150299072,6.414999961853027,6.440000057220459,45479,0.0,0.0
2026-03-31 14:40:00-04:00,6.440000057220459,6.445000171661377,6.409999847412109,6.425000190734863,43485,0.0,0.0
2026-03-31 14:45:00-04:00,6.425000190734863,6.449999809265137,6.425000190734863,6.429999828338623,17249,0.0,0.0
2026-03-31 14:50:00-04:00,6.429999828338623,6.434999942779541,6.420000076293945,6.420000076293945,8699,0.0,0.0
2026-03-31 14:55:00-04:00,6.429999828338623,6.440000057220459,6.425000190734863,6.434999942779541,48323,0.0,0.0
2026-03-31 15:00:00-04:00,6.434999942779541,6.440000057220459,6.425000190734863,6.425000190734863,41870,0.0,0.0
2026-03-31 15:05:00-04:00,6.425000190734863,6.425000190734863,6.414999961853027,6.425000190734863,14696,0.0,0.0
2026-03-31 15:10:00-04:00,6.425000190734863,6.460000038146973,6.420000076293945,6.434999942779541,39603,0.0,0.0
2026-03-31 15:15:00-04:00,6.434999942779541,6.449999809265137,6.394999980926514,6.400000095367432,96420,0.0,0.0
2026-03-31 15:20:00-04:00,6.400000095367432,6.414999961853027,6.400000095367432,6.414999961853027,41166,0.0,0.0
2026-03-31 15:25:00-04:00,6.409999847412109,6.440000057220459,6.400000095367432,6.427499771118164,108839,0.0,0.0
2026-03-31 15:30:00-04:00,6.425000190734863,6.429999828338623,6.414999961853027,6.414999961853027,15248,0.0,0.0
2026-03-31 15:35:00-04:00,6.414999961853027,6.429900169372559,6.414599895477295,6.420000076293945,34288,0.0,0.0
2026-03-31 15:40:00-04:00,6.414999961853027,6.449999809265137,6.409999847412109,6.434999942779541,74495,0.0,0.0
2026-03-31 15:45:00-04:00,6.439799785614014,6.449900150299072,6.425000190734863,6.445000171661377,116146,0.0,0.0
2026-03-31 15:50:00-04:00,6.449999809265137,6.46999979019165,6.449999809265137,6.460000038146973,245661,0.0,0.0
2026-03-31 15:55:00-04:00,6.4593000411987305,6.46999979019165,6.440000057220459,6.46999979019165,412733,0.0,0.0
2026-04-01 09:30:00-04:00,6.559999942779541,6.78000020980835,6.53000020980835,6.729700088500977,770137,0.0,0.0
2026-04-01 09:35:00-04:00,6.699999809265137,6.73960018157959,6.610000133514404,6.699999809265137,163153,0.0,0.0
2026-04-01 09:40:00-04:00,6.695000171661377,6.730000019073486,6.559999942779541,6.570000171661377,112813,0.0,0.0
2026-04-01 09:45:00-04:00,6.539999961853027,6.539999961853027,6.3618998527526855,6.394999980926514,183650,0.0,0.0
2026-04-01 09:50:00-04:00,6.394999980926514,6.479899883270264,6.369999885559082,6.465000152587891,93231,0.0,0.0
2026-04-01 09:55:00-04:00,6.460000038146973,6.567299842834473,6.460000038146973,6.474999904632568,73528,0.0,0.0
2026-04-01 10:00:00-04:00,6.489999771118164,6.519999980926514,6.270100116729736,6.289999961853027,165227,0.0,0.0
2026-04-01 10:05:00-04:00,6.295000076293945,6.320000171661377,6.164999961853027,6.164999961853027,195246,0.0,0.0
2026-04-01 10:10:00-04:00,6.164999961853027,6.179999828338623,6.114999771118164,6.164999961853027,173778,0.0,0.0
2026-04-01 10:15:00-04:00,6.164999961853027,6.199999809265137,6.130099773406982,6.1992998123168945,111084,0.0,0.0
2026-04-01 10:20:00-04:00,6.199999809265137,6.239999771118164,6.119999885559082,6.139999866485596,201730,0.0,0.0
2026-04-01 10:25:00-04:00,6.139999866485596,6.190000057220459,6.139999866485596,6.175000190734863,99162,0.0,0.0
2026-04-01 10:30:00-04:00,6.170000076293945,6.215000152587891,6.159999847412109,6.190000057220459,134859,0.0,0.0
2026-04-01 10:35:00-04:00,6.190000057220459,6.210000038146973,6.143099784851074,6.204999923706055,143984,0.0,0.0
2026-04-01 10:40:00-04:00,6.199999809265137,6.215000152587891,6.180099964141846,6.199999809265137,55735,0.0,0.0
2026-04-01 10:45:00-04:00,6.204999923706055,6.215000152587891,6.159999847412109,6.195000171661377,97839,0.0,0.0
2026-04-01 10:50:00-04:00,6.19950008392334,6.2399001121521,6.195000171661377,6.215000152587891,43190,0.0,0.0
2026-04-01 10:55:00-04:00,6.210000038146973,6.235000133514404,6.199999809265137,6.199999809265137,55300,0.0,0.0
2026-04-01 11:00:00-04:00,6.1975998878479,6.199999809265137,6.167699813842773,6.180099964141846,64295,0.0,0.0
2026-04-01 11:05:00-04:00,6.184999942779541,6.204999923706055,6.175000190734863,6.199999809265137,38354,0.0,0.0
2026-04-01 11:10:00-04:00,6.199900150299072,6.199900150299072,6.170000076293945,6.175000190734863,43987,0.0,0.0
2026-04-01 11:15:00-04:00,6.179999828338623,6.190000057220459,6.164999961853027,6.179999828338623,24845,0.0,0.0
2026-04-01 11:20:00-04:00,6.178899765014648,6.184999942779541,6.159999847412109,6.170000076293945,35068,0.0,0.0
2026-04-01 11:25:00-04:00,6.170000076293945,6.190000057220459,6.159999847412109,6.175000190734863,51016,0.0,0.0
2026-04-01 11:30:00-04:00,6.175000190734863,6.230000019073486,6.169000148773193,6.21999979019165,37120,0.0,0.0
2026-04-01 11:35:00-04:00,6.21999979019165,6.21999979019165,6.179900169372559,6.190000057220459,56794,0.0,0.0
2026-04-01 11:40:00-04:00,6.189899921417236,6.199999809265137,6.18149995803833,6.199999809265137,31818,0.0,0.0
2026-04-01 11:45:00-04:00,6.199999809265137,6.204999923706055,6.179999828338623,6.190000057220459,47094,0.0,0.0
2026-04-01 11:50:00-04:00,6.179999828338623,6.184999942779541,6.164999961853027,6.179999828338623,39796,0.0,0.0
2026-04-01 11:55:00-04:00,6.175000190734863,6.179999828338623,6.164999961853027,6.164999961853027,25712,0.0,0.0
2026-04-01 12:00:00-04:00,6.164999961853027,6.164999961853027,6.079999923706055,6.099999904632568,184148,0.0,0.0
2026-04-01 12:05:00-04:00,6.099999904632568,6.099999904632568,6.079999923706055,6.085000038146973,40925,0.0,0.0
2026-04-01 12:10:00-04:00,6.090000152587891,6.119999885559082,6.090000152587891,6.105000019073486,45533,0.0,0.0
2026-04-01 12:15:00-04:00,6.109000205993652,6.119999885559082,6.105000019073486,6.114999771118164,43245,0.0,0.0
2026-04-01 12:20:00-04:00,6.114999771118164,6.119999885559082,6.090099811553955,6.105000019073486,44140,0.0,0.0
2026-04-01 12:25:00-04:00,6.106500148773193,6.114999771118164,6.09499979019165,6.09499979019165,27111,0.0,0.0
2026-04-01 12:30:00-04:00,6.09499979019165,6.09499979019165,6.082799911499023,6.09499979019165,20128,0.0,0.0
2026-04-01 12:35:00-04:00,6.099999904632568,6.159999847412109,6.099999904632568,6.139999866485596,90949,0.0,0.0
2026-04-01 12:40:00-04:00,6.130000114440918,6.150000095367432,6.125,6.144999980926514,22052,0.0,0.0
2026-04-01 12:45:00-04:00,6.139999866485596,6.150000095367432,6.130000114440918,6.144999980926514,27007,0.0,0.0
2026-04-01 12:50:00-04:00,6.139999866485596,6.190000057220459,6.139999866485596,6.164999961853027,115441,0.0,0.0
2026-04-01 12:55:00-04:00,6.164999961853027,6.195000171661377,6.164999961853027,6.195000171661377,27163,0.0,0.0
2026-04-01 13:00:00-04:00,6.190000057220459,6.199999809265137,6.170000076293945,6.190000057220459,23595,0.0,0.0
2026-04-01 13:05:00-04:00,6.184999942779541,6.190000057220459,6.159999847412109,6.170000076293945,22884,0.0,0.0
2026-04-01 13:10:00-04:00,6.170000076293945,6.170000076293945,6.139999866485596,6.144999980926514,17345,0.0,0.0
2026-04-01 13:15:00-04:00,6.144999980926514,6.175000190734863,6.144999980926514,6.159999847412109,15924,0.0,0.0
2026-04-01 13:20:00-04:00,6.164999961853027,6.164999961853027,6.150000095367432,6.15500020980835,25683,0.0,0.0
2026-04-01 13:25:00-04:00,6.150000095367432,6.169899940490723,6.150000095367432,6.164999961853027,20550,0.0,0.0
2026-04-01 13:30:00-04:00,6.164999961853027,6.179999828338623,6.159999847412109,6.170000076293945,37361,0.0,0.0
2026-04-01 13:35:00-04:00,6.164999961853027,6.170000076293945,6.144999980926514,6.150000095367432,17630,0.0,0.0
2026-04-01 13:40:00-04:00,6.144999980926514,6.164999961853027,6.139999866485596,6.164999961853027,15850,0.0,0.0
2026-04-01 13:45:00-04:00,6.159999847412109,6.170000076293945,6.15500020980835,6.159900188446045,13067,0.0,0.0
2026-04-01 13:50:00-04:00,6.159999847412109,6.164999961853027,6.150000095367432,6.15500020980835,9268,0.0,0.0
2026-04-01 13:55:00-04:00,6.15500020980835,6.167399883270264,6.150000095367432,6.159999847412109,32630,0.0,0.0
2026-04-01 14:00:00-04:00,6.150000095367432,6.15500020980835,6.119999885559082,6.149700164794922,92530,0.0,0.0
2026-04-01 14:05:00-04:00,6.15500020980835,6.15500020980835,6.144999980926514,6.144999980926514,32021,0.0,0.0
2026-04-01 14:10:00-04:00,6.15500020980835,6.159999847412109,6.143700122833252,6.144999980926514,23291,0.0,0.0
2026-04-01 14:15:00-04:00,6.139999866485596,6.139999866485596,6.099899768829346,6.099999904632568,53959,0.0,0.0
2026-04-01 14:20:00-04:00,6.099999904632568,6.114999771118164,6.090000152587891,6.099999904632568,28127,0.0,0.0
2026-04-01 14:25:00-04:00,6.09499979019165,6.099999904632568,6.085000038146973,6.09499979019165,49302,0.0,0.0
2026-04-01 14:30:00-04:00,6.099999904632568,6.105000019073486,6.085000038146973,6.090000152587891,79863,0.0,0.0
2026-04-01 14:35:00-04:00,6.085000038146973,6.090000152587891,6.059999942779541,6.078000068664551,61476,0.0,0.0
2026-04-01 14:40:00-04:00,6.074999809265137,6.099999904632568,6.074999809265137,6.085000038146973,28822,0.0,0.0
2026-04-01 14:45:00-04:00,6.085000038146973,6.09499979019165,6.074999809265137,6.089000225067139,11273,0.0,0.0
2026-04-01 14:50:00-04:00,6.090000152587891,6.099899768829346,6.085000038146973,6.099899768829346,12673,0.0,0.0
2026-04-01 14:55:00-04:00,6.09499979019165,6.099999904632568,6.090000152587891,6.099999904632568,20920,0.0,0.0
2026-04-01 15:00:00-04:00,6.099699974060059,6.118599891662598,6.09499979019165,6.118599891662598,53583,0.0,0.0
2026-04-01 15:05:00-04:00,6.114999771118164,6.125,6.110000133514404,6.125,9027,0.0,0.0
2026-04-01 15:10:00-04:00,6.125,6.135000228881836,6.119999885559082,6.135000228881836,16918,0.0,0.0
2026-04-01 15:15:00-04:00,6.135000228881836,6.144999980926514,6.125,6.144999980926514,19145,0.0,0.0
2026-04-01 15:20:00-04:00,6.150000095367432,6.15500020980835,6.139999866485596,6.150000095367432,11494,0.0,0.0
2026-04-01 15:25:00-04:00,6.159999847412109,6.179999828338623,6.159999847412109,6.174499988555908,29057,0.0,0.0
2026-04-01 15:30:00-04:00,6.175000190734863,6.175000190734863,6.159999847412109,6.160099983215332,39138,0.0,0.0
2026-04-01 15:35:00-04:00,6.170000076293945,6.170000076293945,6.090000152587891,6.090099811553955,76108,0.0,0.0
2026-04-01 15:40:00-04:00,6.090000152587891,6.099999904632568,6.073999881744385,6.09499979019165,55778,0.0,0.0
2026-04-01 15:45:00-04:00,6.090000152587891,6.130000114440918,6.090000152587891,6.130000114440918,52925,0.0,0.0
2026-04-01 15:50:00-04:00,6.129899978637695,6.139999866485596,6.119999885559082,6.138599872589111,67662,0.0,0.0
2026-04-01 15:55:00-04:00,6.135000228881836,6.150000095367432,6.130000114440918,6.1493000984191895,160011,0.0,0.0
2026-04-02 09:30:00-04:00,6.070000171661377,6.074999809265137,5.920000076293945,5.929999828338623,537915,0.0,0.0
2026-04-02 09:35:00-04:00,5.934999942779541,5.949999809265137,5.920000076293945,5.929999828338623,106446,0.0,0.0
2026-04-02 09:40:00-04:00,5.929999828338623,5.940000057220459,5.894999980926514,5.90500020980835,148915,0.0,0.0
2026-04-02 09:45:00-04:00,5.900000095367432,5.929999828338623,5.889999866485596,5.909999847412109,135327,0.0,0.0
2026-04-02 09:50:00-04:00,5.914999961853027,5.960000038146973,5.900100231170654,5.949999809265137,94254,0.0,0.0
2026-04-02 09:55:00-04:00,5.949999809265137,5.949999809265137,5.929999828338623,5.940000057220459,72140,0.0,0.0
2026-04-02 10:00:00-04:00,5.939899921417236,5.945000171661377,5.909999847412109,5.940000057220459,77392,0.0,0.0
2026-04-02 10:05:00-04:00,5.94189977645874,5.989999771118164,5.940000057220459,5.96999979019165,71886,0.0,0.0
2026-04-02 10:10:00-04:00,5.974999904632568,5.986700057983398,5.965000152587891,5.974999904632568,51911,0.0,0.0
2026-04-02 10:15:00-04:00,5.96999979019165,6.034999847412109,5.965000152587891,6.029900074005127,73662,0.0,0.0
2026-04-02 10:20:00-04:00,6.03000020980835,6.065000057220459,6.03000020980835,6.054999828338623,67517,0.0,0.0
2026-04-02 10:25:00-04:00,6.050000190734863,6.105000019073486,6.03000020980835,6.099999904632568,73366,0.0,0.0
2026-04-02 10:30:00-04:00,6.090000152587891,6.135000228881836,6.074999809265137,6.135000228881836,47186,0.0,0.0
2026-04-02 10:35:00-04:00,6.135900020599365,6.28000020980835,6.135000228881836,6.239999771118164,188385,0.0,0.0
2026-04-02 10:40:00-04:00,6.239999771118164,6.239999771118164,6.199999809265137,6.230000019073486,85072,0.0,0.0
2026-04-02 10:45:00-04:00,6.224999904632568,6.230000019073486,6.204999923706055,6.224999904632568,34547,0.0,0.0
2026-04-02 10:50:00-04:00,6.220099925994873,6.339900016784668,6.215000152587891,6.335000038146973,92864,0.0,0.0
2026-04-02 10:55:00-04:00,6.338600158691406,6.5,6.320000171661377,6.4899001121521,255931,0.0,0.0
2026-04-02 11:00:00-04:00,6.480000019073486,6.480100154876709,6.400000095367432,6.45989990234375,114862,0.0,0.0
2026-04-02 11:05:00-04:00,6.449999809265137,6.449999809265137,6.369999885559082,6.379899978637695,108865,0.0,0.0
2026-04-02 11:10:00-04:00,6.385000228881836,6.425000190734863,6.380000114440918,6.420000076293945,44763,0.0,0.0
2026-04-02 11:15:00-04:00,6.414999961853027,6.425000190734863,6.381700038909912,6.389900207519531,55805,0.0,0.0
2026-04-02 11:20:00-04:00,6.364999771118164,6.389900207519531,6.360000133514404,6.369999885559082,40794,0.0,0.0
2026-04-02 11:25:00-04:00,6.369999885559082,6.414999961853027,6.349999904632568,6.397299766540527,49597,0.0,0.0
2026-04-02 11:30:00-04:00,6.3993000984191895,6.400000095367432,6.369999885559082,6.389999866485596,49455,0.0,0.0
2026-04-02 11:35:00-04:00,6.389999866485596,6.454999923706055,6.389400005340576,6.440000057220459,83538,0.0,0.0
2026-04-02 11:40:00-04:00,6.440000057220459,6.449900150299072,6.409999847412109,6.429900169372559,22617,0.0,0.0
2026-04-02 11:45:00-04:00,6.420000076293945,6.460000038146973,6.409999847412109,6.420000076293945,53922,0.0,0.0
2026-04-02 11:50:00-04:00,6.429900169372559,6.505000114440918,6.40500020980835,6.505000114440918,79108,0.0,0.0
2026-04-02 11:55:00-04:00,6.505000114440918,6.519999980926514,6.440000057220459,6.449999809265137,73088,0.0,0.0
2026-04-02 12:00:00-04:00,6.440100193023682,6.453999996185303,6.380000114440918,6.385000228881836,32276,0.0,0.0
2026-04-02 12:05:00-04:00,6.389999866485596,6.419899940490723,6.380000114440918,6.419899940490723,37165,0.0,0.0
2026-04-02 12:10:00-04:00,6.414999961853027,6.414999961853027,6.364999771118164,6.390100002288818,92527,0.0,0.0
2026-04-02 12:15:00-04:00,6.389999866485596,6.414999961853027,6.380000114440918,6.385000228881836,24207,0.0,0.0
2026-04-02 12:20:00-04:00,6.380000114440918,6.380000114440918,6.364999771118164,6.375,19951,0.0,0.0
2026-04-02 12:25:00-04:00,6.370100021362305,6.370100021362305,6.360000133514404,6.362599849700928,14644,0.0,0.0
2026-04-02 12:30:00-04:00,6.360000133514404,6.429999828338623,6.349999904632568,6.425000190734863,63694,0.0,0.0
2026-04-02 12:35:00-04:00,6.425000190734863,6.445000171661377,6.420000076293945,6.445000171661377,35533,0.0,0.0
2026-04-02 12:40:00-04:00,6.449999809265137,6.479899883270264,6.449900150299072,6.474999904632568,46217,0.0,0.0
2026-04-02 12:45:00-04:00,6.46999979019165,6.46999979019165,6.449999809265137,6.460000038146973,28544,0.0,0.0
2026-04-02 12:50:00-04:00,6.465000152587891,6.550000190734863,6.460000038146973,6.550000190734863,107113,0.0,0.0
2026-04-02 12:55:00-04:00,6.559899806976318,6.579400062561035,6.519999980926514,6.559800148010254,192177,0.0,0.0
2026-04-02 13:00:00-04:00,6.550000190734863,6.565000057220459,6.519999980926514,6.560100078582764,36791,0.0,0.0
2026-04-02 13:05:00-04:00,6.560100078582764,6.579999923706055,6.550000190734863,6.559999942779541,31015,0.0,0.0
2026-04-02 13:10:00-04:00,6.559999942779541,6.619999885559082,6.559999942779541,6.614999771118164,61970,0.0,0.0
2026-04-02 13:15:00-04:00,6.619999885559082,6.659999847412109,6.599999904632568,6.599999904632568,114256,0.0,0.0
2026-04-02 13:20:00-04:00,6.610000133514404,6.610000133514404,6.559999942779541,6.59499979019165,80443,0.0,0.0
2026-04-02 13:25:00-04:00,6.599999904632568,6.605000019073486,6.570000171661377,6.579999923706055,22374,0.0,0.0
2026-04-02 13:30:00-04:00,6.587500095367432,6.59499979019165,6.565000057220459,6.579999923706055,31498,0.0,0.0
2026-04-02 13:35:00-04:00,6.590000152587891,6.590000152587891,6.563000202178955,6.574999809265137,38218,0.0,0.0
2026-04-02 13:40:00-04:00,6.579899787902832,6.585000038146973,6.550000190734863,6.559999942779541,23537,0.0,0.0
2026-04-02 13:45:00-04:00,6.565000057220459,6.569900035858154,6.480000019073486,6.5100998878479,54570,0.0,0.0
2026-04-02 13:50:00-04:00,6.510000228881836,6.53000020980835,6.5,6.525000095367432,45017,0.0,0.0
2026-04-02 13:55:00-04:00,6.519999980926514,6.534999847412109,6.510000228881836,6.521999835968018,65493,0.0,0.0
2026-04-02 14:00:00-04:00,6.53000020980835,6.554999828338623,6.53000020980835,6.550000190734863,14110,0.0,0.0
2026-04-02 14:05:00-04:00,6.554999828338623,6.570000171661377,6.539999961853027,6.5507001876831055,38314,0.0,0.0
2026-04-02 14:10:00-04:00,6.559800148010254,6.570000171661377,6.550000190734863,6.550000190734863,15254,0.0,0.0
2026-04-02 14:15:00-04:00,6.550000190734863,6.550000190734863,6.53000020980835,6.53000020980835,32769,0.0,0.0
2026-04-02 14:20:00-04:00,6.534999847412109,6.534999847412109,6.514999866485596,6.525000095367432,13654,0.0,0.0
2026-04-02 14:25:00-04:00,6.526599884033203,6.539999961853027,6.514999866485596,6.519999980926514,27721,0.0,0.0
2026-04-02 14:30:00-04:00,6.525000095367432,6.53000020980835,6.489999771118164,6.489999771118164,29414,0.0,0.0
2026-04-02 14:35:00-04:00,6.491199970245361,6.525000095367432,6.491199970245361,6.525000095367432,77572,0.0,0.0
2026-04-02 14:40:00-04:00,6.525000095367432,6.550000190734863,6.525000095367432,6.545000076293945,14702,0.0,0.0
2026-04-02 14:45:00-04:00,6.545000076293945,6.579999923706055,6.545000076293945,6.578499794006348,25472,0.0,0.0
2026-04-02 14:50:00-04:00,6.570000171661377,6.599999904632568,6.559999942779541,6.560100078582764,49578,0.0,0.0
2026-04-02 14:55:00-04:00,6.565000057220459,6.590000152587891,6.559999942779541,6.585000038146973,22981,0.0,0.0
2026-04-02 15:00:00-04:00,6.590000152587891,6.599999904632568,6.570000171661377,6.574999809265137,50848,0.0,0.0
2026-04-02 15:05:00-04:00,6.574999809265137,6.599999904632568,6.565000057220459,6.599999904632568,24869,0.0,0.0
2026-04-02 15:10:00-04:00,6.59499979019165,6.619999885559082,6.59499979019165,6.599999904632568,52443,0.0,0.0
2026-04-02 15:15:00-04:00,6.59499979019165,6.607699871063232,6.590000152587891,6.599999904632568,38450,0.0,0.0
2026-04-02 15:20:00-04:00,6.599999904632568,6.605000019073486,6.574999809265137,6.59499979019165,62254,0.0,0.0
2026-04-02 15:25:00-04:00,6.59499979019165,6.599299907684326,6.565000057220459,6.574999809265137,40667,0.0,0.0
2026-04-02 15:30:00-04:00,6.5706000328063965,6.579999923706055,6.570000171661377,6.579999923706055,16403,0.0,0.0
2026-04-02 15:35:00-04:00,6.574999809265137,6.574999809265137,6.554999828338623,6.565000057220459,43578,0.0,0.0
2026-04-02 15:40:00-04:00,6.565000057220459,6.570000171661377,6.559999942779541,6.565000057220459,34563,0.0,0.0
2026-04-02 15:45:00-04:00,6.565000057220459,6.580100059509277,6.550000190734863,6.580100059509277,107485,0.0,0.0
2026-04-02 15:50:00-04:00,6.585000038146973,6.585000038146973,6.565000057220459,6.579999923706055,68183,0.0,0.0
2026-04-02 15:55:00-04:00,6.579999923706055,6.579999923706055,6.550000190734863,6.550000190734863,181650,0.0,0.0
2026-04-06 09:30:00-04:00,6.619999885559082,6.690000057220459,6.570000171661377,6.675000190734863,199395,0.0,0.0
2026-04-06 09:35:00-04:00,6.679999828338623,6.728799819946289,6.650000095367432,6.698999881744385,90780,0.0,0.0
2026-04-06 09:40:00-04:00,6.670000076293945,6.71999979019165,6.670000076293945,6.704999923706055,56730,0.0,0.0
2026-04-06 09:45:00-04:00,6.690000057220459,6.690000057220459,6.590000152587891,6.607999801635742,85949,0.0,0.0
2026-04-06 09:50:00-04:00,6.605000019073486,6.639999866485596,6.550000190734863,6.559999942779541,81060,0.0,0.0
2026-04-06 09:55:00-04:00,6.550000190734863,6.589000225067139,6.539899826049805,6.559999942779541,121791,0.0,0.0
2026-04-06 10:00:00-04:00,6.599999904632568,6.609899997711182,6.570000171661377,6.570000171661377,42527,0.0,0.0
2026-04-06 10:05:00-04:00,6.559999942779541,6.560100078582764,6.5,6.525000095367432,60152,0.0,0.0
2026-04-06 10:10:00-04:00,6.53000020980835,6.539999961853027,6.505000114440918,6.534999847412109,16326,0.0,0.0
2026-04-06 10:15:00-04:00,6.539999961853027,6.560200214385986,6.534999847412109,6.539999961853027,25665,0.0,0.0
2026-04-06 10:20:00-04:00,6.559999942779541,6.625,6.559999942779541,6.599999904632568,45497,0.0,0.0
2026-04-06 10:25:00-04:00,6.59499979019165,6.614999771118164,6.590000152587891,6.59499979019165,24182,0.0,0.0
2026-04-06 10:30:00-04:00,6.599999904632568,6.630000114440918,6.570000171661377,6.570000171661377,24911,0.0,0.0
2026-04-06 10:35:00-04:00,6.570000171661377,6.579999923706055,6.5,6.510000228881836,57183,0.0,0.0
2026-04-06 10:40:00-04:00,6.514999866485596,6.534999847412109,6.514999866485596,6.519999980926514,19163,0.0,0.0
2026-04-06 10:45:00-04:00,6.519999980926514,6.519999980926514,6.5,6.505000114440918,12776,0.0,0.0
2026-04-06 10:50:00-04:00,6.505000114440918,6.570000171661377,6.5,6.554999828338623,21873,0.0,0.0
2026-04-06 10:55:00-04:00,6.550000190734863,6.630000114440918,6.534999847412109,6.604000091552734,53993,0.0,0.0
2026-04-06 11:00:00-04:00,6.602499961853027,6.619999885559082,6.59499979019165,6.610000133514404,33080,0.0,0.0
2026-04-06 11:05:00-04:00,6.614999771118164,6.625,6.6006999015808105,6.619999885559082,25901,0.0,0.0
2026-04-06 11:10:00-04:00,6.619999885559082,6.670000076293945,6.619999885559082,6.644999980926514,39174,0.0,0.0
2026-04-06 11:15:00-04:00,6.650000095367432,6.664999961853027,6.644999980926514,6.65500020980835,20425,0.0,0.0
2026-04-06 11:20:00-04:00,6.659999847412109,6.695000171661377,6.649899959564209,6.684999942779541,48929,0.0,0.0
2026-04-06 11:25:00-04:00,6.684999942779541,6.700099945068359,6.675000190734863,6.699999809265137,19543,0.0,0.0
2026-04-06 11:30:00-04:00,6.699999809265137,6.715000152587891,6.695000171661377,6.710000038146973,21193,0.0,0.0
2026-04-06 11:35:00-04:00,6.713200092315674,6.724999904632568,6.675000190734863,6.71999979019165,50296,0.0,0.0
2026-04-06 11:40:00-04:00,6.724999904632568,6.829999923706055,6.71999979019165,6.824999809265137,155605,0.0,0.0
2026-04-06 11:45:00-04:00,6.820000171661377,6.900000095367432,6.7932000160217285,6.829800128936768,372466,0.0,0.0
2026-04-06 11:50:00-04:00,6.828999996185303,6.880000114440918,6.824999809265137,6.840000152587891,84061,0.0,0.0
2026-04-06 11:55:00-04:00,6.839900016784668,6.8780999183654785,6.839900016784668,6.859799861907959,26897,0.0,0.0
2026-04-06 12:00:00-04:00,6.855000019073486,6.870100021362305,6.809999942779541,6.824999809265137,68238,0.0,0.0
2026-04-06 12:05:00-04:00,6.82859992980957,6.82859992980957,6.800099849700928,6.809999942779541,61168,0.0,0.0
2026-04-06 12:10:00-04:00,6.819900035858154,6.819900035858154,6.784999847412109,6.809999942779541,27710,0.0,0.0
2026-04-06 12:15:00-04:00,6.809999942779541,6.835000038146973,6.789999961853027,6.824999809265137,36278,0.0,0.0
2026-04-06 12:20:00-04:00,6.824999809265137,6.824999809265137,6.80079984664917,6.804999828338623,67412,0.0,0.0
2026-04-06 12:25:00-04:00,6.804999828338623,6.809999942779541,6.789999961853027,6.7916998863220215,13894,0.0,0.0
2026-04-06 12:30:00-04:00,6.784999847412109,6.789999961853027,6.775000095367432,6.789899826049805,18204,0.0,0.0
2026-04-06 12:35:00-04:00,6.795000076293945,6.804999828338623,6.789999961853027,6.800000190734863,5633,0.0,0.0
2026-04-06 12:40:00-04:00,6.789999961853027,6.789999961853027,6.760000228881836,6.775000095367432,16937,0.0,0.0
2026-04-06 12:45:00-04:00,6.775000095367432,6.799799919128418,6.769999980926514,6.789999961853027,17545,0.0,0.0
2026-04-06 12:50:00-04:00,6.789999961853027,6.789999961853027,6.760000228881836,6.775000095367432,13781,0.0,0.0
2026-04-06 12:55:00-04:00,6.770299911499023,6.770299911499023,6.760000228881836,6.764999866485596,10765,0.0,0.0
2026-04-06 13:00:00-04:00,6.764999866485596,6.764999866485596,6.701099872589111,6.703199863433838,70277,0.0,0.0
2026-04-06 13:05:00-04:00,6.690000057220459,6.710000038146973,6.690000057220459,6.710000038146973,8748,0.0,0.0
2026-04-06 13:10:00-04:00,6.715000152587891,6.71999979019165,6.673099994659424,6.679999828338623,23109,0.0,0.0
2026-04-06 13:15:00-04:00,6.690000057220459,6.699999809265137,6.684999942779541,6.699999809265137,9780,0.0,0.0
2026-04-06 13:20:00-04:00,6.704999923706055,6.730000019073486,6.699999809265137,6.729899883270264,17319,0.0,0.0
2026-04-06 13:25:00-04:00,6.730000019073486,6.744999885559082,6.724999904632568,6.739999771118164,6778,0.0,0.0
2026-04-06 13:30:00-04:00,6.740099906921387,6.760000228881836,6.740099906921387,6.760000228881836,11582,0.0,0.0
2026-04-06 13:35:00-04:00,6.755000114440918,6.760000228881836,6.744999885559082,6.755000114440918,13863,0.0,0.0
2026-04-06 13:40:00-04:00,6.760000228881836,6.775000095367432,6.760000228881836,6.775000095367432,10174,0.0,0.0
2026-04-06 13:45:00-04:00,6.779900074005127,6.779900074005127,6.75,6.75,16623,0.0,0.0
2026-04-06 13:50:00-04:00,6.755000114440918,6.755000114440918,6.735000133514404,6.739999771118164,39926,0.0,0.0
2026-04-06 13:55:00-04:00,6.744999885559082,6.755000114440918,6.740099906921387,6.755000114440918,18638,0.0,0.0
2026-04-06 14:00:00-04:00,6.755000114440918,6.78000020980835,6.744999885559082,6.769999980926514,49465,0.0,0.0
2026-04-06 14:05:00-04:00,6.760000228881836,6.76039981842041,6.755000114440918,6.7600998878479,9075,0.0,0.0
2026-04-06 14:10:00-04:00,6.769999980926514,6.789999961853027,6.769999980926514,6.775000095367432,13570,0.0,0.0
2026-04-06 14:15:00-04:00,6.779699802398682,6.784999847412109,6.769999980926514,6.78000020980835,8577,0.0,0.0
2026-04-06 14:20:00-04:00,6.784999847412109,6.829999923706055,6.784999847412109,6.820000171661377,24757,0.0,0.0
2026-04-06 14:25:00-04:00,6.824999809265137,6.824999809265137,6.800000190734863,6.804999828338623,10131,0.0,0.0
2026-04-06 14:30:00-04:00,6.804999828338623,6.81850004196167,6.804999828338623,6.815000057220459,19835,0.0,0.0
2026-04-06 14:35:00-04:00,6.810100078582764,6.820000171661377,6.800099849700928,6.804999828338623,32037,0.0,0.0
2026-04-06 14:40:00-04:00,6.800000190734863,6.804999828338623,6.780099868774414,6.795000076293945,38033,0.0,0.0
2026-04-06 14:45:00-04:00,6.800000190734863,6.809999942779541,6.784999847412109,6.790999889373779,26265,0.0,0.0
2026-04-06 14:50:00-04:00,6.795000076293945,6.799900054931641,6.78000020980835,6.795000076293945,37821,0.0,0.0
2026-04-06 14:55:00-04:00,6.795000076293945,6.809999942779541,6.75,6.760000228881836,52815,0.0,0.0
2026-04-06 15:00:00-04:00,6.764999866485596,6.78000020980835,6.735000133514404,6.735000133514404,58532,0.0,0.0
2026-04-06 15:05:00-04:00,6.730000019073486,6.730000019073486,6.690000057220459,6.724999904632568,50498,0.0,0.0
2026-04-06 15:10:00-04:00,6.724999904632568,6.739999771118164,6.699999809265137,6.739999771118164,33265,0.0,0.0
2026-04-06 15:15:00-04:00,6.735000133514404,6.744999885559082,6.730000019073486,6.735000133514404,11337,0.0,0.0
2026-04-06 15:20:00-04:00,6.735000133514404,6.75,6.71999979019165,6.71999979019165,36984,0.0,0.0
2026-04-06 15:25:00-04:00,6.730000019073486,6.730000019073486,6.699999809265137,6.704999923706055,22713,0.0,0.0
2026-04-06 15:30:00-04:00,6.704999923706055,6.724999904632568,6.704999923706055,6.710000038146973,29593,0.0,0.0
2026-04-06 15:35:00-04:00,6.710000038146973,6.710000038146973,6.679999828338623,6.684999942779541,48013,0.0,0.0
2026-04-06 15:40:00-04:00,6.688300132751465,6.688300132751465,6.670000076293945,6.684999942779541,17341,0.0,0.0
2026-04-06 15:45:00-04:00,6.690000057220459,6.704999923706055,6.679999828338623,6.679999828338623,55342,0.0,0.0
2026-04-06 15:50:00-04:00,6.690000057220459,6.699999809265137,6.679999828338623,6.699999809265137,82779,0.0,0.0
2026-04-06 15:55:00-04:00,6.670000076293945,6.679999828338623,6.650000095367432,6.65500020980835,125407,0.0,0.0
2026-04-07 09:30:00-04:00,6.550000190734863,6.570000171661377,6.380000114440918,6.46999979019165,206854,0.0,0.0
2026-04-07 09:35:00-04:00,6.460000038146973,6.482999801635742,6.429999828338623,6.441199779510498,57855,0.0,0.0
2026-04-07 09:40:00-04:00,6.429999828338623,6.480000019073486,6.429999828338623,6.460000038146973,42744,0.0,0.0
2026-04-07 09:45:00-04:00,6.454999923706055,6.510000228881836,6.454999923706055,6.5,46375,0.0,0.0
2026-04-07 09:50:00-04:00,6.499899864196777,6.529900074005127,6.485000133514404,6.5100998878479,34059,0.0,0.0
2026-04-07 09:55:00-04:00,6.519999980926514,6.519999980926514,6.474999904632568,6.489999771118164,30726,0.0,0.0
2026-04-07 10:00:00-04:00,6.489999771118164,6.489999771118164,6.460000038146973,6.465099811553955,39245,0.0,0.0
2026-04-07 10:05:00-04:00,6.450099945068359,6.46999979019165,6.450099945068359,6.465000152587891,11030,0.0,0.0
2026-04-07 10:10:00-04:00,6.46999979019165,6.5100998878479,6.46999979019165,6.491000175476074,29313,0.0,0.0
2026-04-07 10:15:00-04:00,6.505000114440918,6.505000114440918,6.46999979019165,6.489999771118164,19976,0.0,0.0
2026-04-07 10:20:00-04:00,6.494999885559082,6.545000076293945,6.480000019073486,6.545000076293945,51525,0.0,0.0
2026-04-07 10:25:00-04:00,6.545000076293945,6.59499979019165,6.519999980926514,6.59499979019165,28255,0.0,0.0
2026-04-07 10:30:00-04:00,6.590000152587891,6.599999904632568,6.565000057220459,6.565000057220459,18440,0.0,0.0
2026-04-07 10:35:00-04:00,6.559999942779541,6.559999942779541,6.53000020980835,6.545000076293945,32761,0.0,0.0
2026-04-07 10:40:00-04:00,6.546800136566162,6.550000190734863,6.5279998779296875,6.5279998779296875,9277,0.0,0.0
2026-04-07 10:45:00-04:00,6.53000020980835,6.559999942779541,6.519999980926514,6.525000095367432,7981,0.0,0.0
2026-04-07 10:50:00-04:00,6.529300212860107,6.529300212860107,6.470099925994873,6.489999771118164,39198,0.0,0.0
2026-04-07 10:55:00-04:00,6.494999885559082,6.494999885559082,6.485000133514404,6.485000133514404,7872,0.0,0.0
2026-04-07 11:00:00-04:00,6.485000133514404,6.485000133514404,6.454999923706055,6.454999923706055,22295,0.0,0.0
2026-04-07 11:05:00-04:00,6.449999809265137,6.449999809265137,6.440000057220459,6.4471001625061035,36032,0.0,0.0
2026-04-07 11:10:00-04:00,6.449999809265137,6.480000019073486,6.449999809265137,6.465000152587891,16536,0.0,0.0
2026-04-07 11:15:00-04:00,6.46999979019165,6.500100135803223,6.46999979019165,6.489999771118164,16217,0.0,0.0
2026-04-07 11:20:00-04:00,6.490099906921387,6.5,6.470099925994873,6.470099925994873,14039,0.0,0.0
2026-04-07 11:25:00-04:00,6.474999904632568,6.499899864196777,6.474999904632568,6.489999771118164,18523,0.0,0.0
2026-04-07 11:30:00-04:00,6.489999771118164,6.5,6.485000133514404,6.489999771118164,7230,0.0,0.0
2026-04-07 11:35:00-04:00,6.491499900817871,6.505000114440918,6.485000133514404,6.485000133514404,11356,0.0,0.0
2026-04-07 11:40:00-04:00,6.485000133514404,6.488999843597412,6.474999904632568,6.480000019073486,7831,0.0,0.0
2026-04-07 11:45:00-04:00,6.46999979019165,6.485000133514404,6.46999979019165,6.46999979019165,7419,0.0,0.0
2026-04-07 11:50:00-04:00,6.480000019073486,6.480000019073486,6.465000152587891,6.480000019073486,12430,0.0,0.0
2026-04-07 11:55:00-04:00,6.480000019073486,6.489999771118164,6.46999979019165,6.480000019073486,12190,0.0,0.0
2026-04-07 12:00:00-04:00,6.485000133514404,6.570000171661377,6.485000133514404,6.525000095367432,53069,0.0,0.0
2026-04-07 12:05:00-04:00,6.519999980926514,6.550000190734863,6.514999866485596,6.514999866485596,51384,0.0,0.0
2026-04-07 12:10:00-04:00,6.514999866485596,6.525000095367432,6.510200023651123,6.525000095367432,8579,0.0,0.0
2026-04-07 12:15:00-04:00,6.514999866485596,6.53000020980835,6.514999866485596,6.519999980926514,14923,0.0,0.0
2026-04-07 12:20:00-04:00,6.519999980926514,6.539999961853027,6.519000053405762,6.539999961853027,19362,0.0,0.0
2026-04-07 12:25:00-04:00,6.530200004577637,6.545000076293945,6.505000114440918,6.505000114440918,29392,0.0,0.0
2026-04-07 12:30:00-04:00,6.5,6.5,6.480000019073486,6.485000133514404,15618,0.0,0.0
2026-04-07 12:35:00-04:00,6.480000019073486,6.489999771118164,6.46999979019165,6.46999979019165,6638,0.0,0.0
2026-04-07 12:40:00-04:00,6.46999979019165,6.489999771118164,6.46999979019165,6.480100154876709,13236,0.0,0.0
2026-04-07 12:45:00-04:00,6.485000133514404,6.5,6.485000133514404,6.5,23487,0.0,0.0
2026-04-07 12:50:00-04:00,6.485000133514404,6.5,6.485000133514404,6.5,22078,0.0,0.0
2026-04-07 12:55:00-04:00,6.489999771118164,6.494999885559082,6.485000133514404,6.494999885559082,7528,0.0,0.0
2026-04-07 13:00:00-04:00,6.489999771118164,6.505000114440918,6.489999771118164,6.505000114440918,9170,0.0,0.0
2026-04-07 13:05:00-04:00,6.5,6.514999866485596,6.5,6.514999866485596,8583,0.0,0.0
2026-04-07 13:10:00-04:00,6.519999980926514,6.519999980926514,6.5,6.5,4764,0.0,0.0
2026-04-07 13:15:00-04:00,6.5,6.510000228881836,6.489999771118164,6.510000228881836,8447,0.0,0.0
2026-04-07 13:20:00-04:00,6.514999866485596,6.53000020980835,6.510000228881836,6.53000020980835,17670,0.0,0.0
2026-04-07 13:25:00-04:00,6.53000020980835,6.570000171661377,6.53000020980835,6.545000076293945,45236,0.0,0.0
2026-04-07 13:30:00-04:00,6.545000076293945,6.559999942779541,6.539999961853027,6.554999828338623,12306,0.0,0.0
2026-04-07 13:35:00-04:00,6.559999942779541,6.630000114440918,6.559999942779541,6.599999904632568,35271,0.0,0.0
2026-04-07 13:40:00-04:00,6.599999904632568,6.610000133514404,6.579999923706055,6.605000019073486,39195,0.0,0.0
2026-04-07 13:45:00-04:00,6.599999904632568,6.610000133514404,6.597499847412109,6.605000019073486,6174,0.0,0.0
2026-04-07 13:50:00-04:00,6.610000133514404,6.614999771118164,6.600100040435791,6.600100040435791,7576,0.0,0.0
2026-04-07 13:55:00-04:00,6.605000019073486,6.605000019073486,6.590099811553955,6.590099811553955,9977,0.0,0.0
2026-04-07 14:00:00-04:00,6.599999904632568,6.605000019073486,6.590000152587891,6.590000152587891,6141,0.0,0.0
2026-04-07 14:05:00-04:00,6.5995001792907715,6.5995001792907715,6.559999942779541,6.559999942779541,19924,0.0,0.0
2026-04-07 14:10:00-04:00,6.570000171661377,6.570000171661377,6.562900066375732,6.564499855041504,6288,0.0,0.0
2026-04-07 14:15:00-04:00,6.559999942779541,6.559999942779541,6.550000190734863,6.554999828338623,8199,0.0,0.0
2026-04-07 14:20:00-04:00,6.554999828338623,6.565000057220459,6.545000076293945,6.545000076293945,11902,0.0,0.0
2026-04-07 14:25:00-04:00,6.545000076293945,6.550000190734863,6.539999961853027,6.545000076293945,7157,0.0,0.0
2026-04-07 14:30:00-04:00,6.545000076293945,6.5671000480651855,6.539999961853027,6.554999828338623,13819,0.0,0.0
2026-04-07 14:35:00-04:00,6.559899806976318,6.559899806976318,6.539999961853027,6.539999961853027,7182,0.0,0.0
2026-04-07 14:40:00-04:00,6.545000076293945,6.545000076293945,6.519999980926514,6.534999847412109,24351,0.0,0.0
2026-04-07 14:45:00-04:00,6.534999847412109,6.534999847412109,6.449999809265137,6.460000038146973,111674,0.0,0.0
2026-04-07 14:50:00-04:00,6.469900131225586,6.469900131225586,6.451200008392334,6.451200008392334,9871,0.0,0.0
2026-04-07 14:55:00-04:00,6.449999809265137,6.46999979019165,6.440000057220459,6.460000038146973,52742,0.0,0.0
2026-04-07 15:00:00-04:00,6.460000038146973,6.480000019073486,6.454999923706055,6.454999923706055,18398,0.0,0.0
2026-04-07 15:05:00-04:00,6.449999809265137,6.450099945068359,6.429999828338623,6.434999942779541,32106,0.0,0.0
2026-04-07 15:10:00-04:00,6.439899921417236,6.449999809265137,6.434999942779541,6.440000057220459,15032,0.0,0.0
2026-04-07 15:15:00-04:00,6.440000057220459,6.490799903869629,6.440000057220459,6.490799903869629,25881,0.0,0.0
2026-04-07 15:20:00-04:00,6.494999885559082,6.519999980926514,6.460000038146973,6.46999979019165,85474,0.0,0.0
2026-04-07 15:25:00-04:00,6.46999979019165,6.480000019073486,6.460000038146973,6.46999979019165,18881,0.0,0.0
2026-04-07 15:30:00-04:00,6.474999904632568,6.479899883270264,6.460000038146973,6.460000038146973,31349,0.0,0.0
2026-04-07 15:35:00-04:00,6.454999923706055,6.454999923706055,6.429999828338623,6.429999828338623,25794,0.0,0.0
2026-04-07 15:40:00-04:00,6.429999828338623,6.449999809265137,6.420000076293945,6.445000171661377,29683,0.0,0.0
2026-04-07 15:45:00-04:00,6.445000171661377,6.480000019073486,6.440000057220459,6.465000152587891,33758,0.0,0.0
2026-04-07 15:50:00-04:00,6.46999979019165,6.480000019073486,6.449999809265137,6.454999923706055,64939,0.0,0.0
2026-04-07 15:55:00-04:00,6.449999809265137,6.46999979019165,6.444499969482422,6.465000152587891,99364,0.0,0.0
2026-04-08 09:30:00-04:00,6.800000190734863,6.940000057220459,6.800000190734863,6.814599990844727,429629,0.0,0.0
2026-04-08 09:35:00-04:00,6.789999961853027,6.829999923706055,6.75,6.775000095367432,129591,0.0,0.0
2026-04-08 09:40:00-04:00,6.7870001792907715,6.829999923706055,6.750100135803223,6.809999942779541,60902,0.0,0.0
2026-04-08 09:45:00-04:00,6.809999942779541,6.860000133514404,6.800000190734863,6.860000133514404,86933,0.0,0.0
2026-04-08 09:50:00-04:00,6.849999904632568,6.859300136566162,6.800000190734863,6.815000057220459,28664,0.0,0.0
2026-04-08 09:55:00-04:00,6.820000171661377,6.824999809265137,6.804999828338623,6.820000171661377,27270,0.0,0.0
2026-04-08 10:00:00-04:00,6.835000038146973,6.860000133514404,6.829999923706055,6.840000152587891,77325,0.0,0.0
2026-04-08 10:05:00-04:00,6.849999904632568,6.849999904632568,6.809999942779541,6.835000038146973,80302,0.0,0.0
2026-04-08 10:10:00-04:00,6.835000038146973,6.90500020980835,6.820000171661377,6.90500020980835,53283,0.0,0.0
2026-04-08 10:15:00-04:00,6.90500020980835,6.910099983215332,6.871699810028076,6.871699810028076,42521,0.0,0.0
2026-04-08 10:20:00-04:00,6.875,6.889800071716309,6.860199928283691,6.882800102233887,40436,0.0,0.0
2026-04-08 10:25:00-04:00,6.880000114440918,6.880000114440918,6.835000038146973,6.840000152587891,31028,0.0,0.0
2026-04-08 10:30:00-04:00,6.829999923706055,6.840000152587891,6.800000190734863,6.829999923706055,42388,0.0,0.0
2026-04-08 10:35:00-04:00,6.829999923706055,6.835000038146973,6.809999942779541,6.815000057220459,15310,0.0,0.0
2026-04-08 10:40:00-04:00,6.820000171661377,6.820000171661377,6.769999980926514,6.775000095367432,60021,0.0,0.0
2026-04-08 10:45:00-04:00,6.78000020980835,6.784999847412109,6.730000019073486,6.750999927520752,49074,0.0,0.0
2026-04-08 10:50:00-04:00,6.75,6.75,6.670100212097168,6.704999923706055,123254,0.0,0.0
2026-04-08 10:55:00-04:00,6.704999923706055,6.713500022888184,6.684999942779541,6.695000171661377,66802,0.0,0.0
2026-04-08 11:00:00-04:00,6.695000171661377,6.735000133514404,6.695000171661377,6.735000133514404,15476,0.0,0.0
2026-04-08 11:05:00-04:00,6.735000133514404,6.75,6.71999979019165,6.724999904632568,13034,0.0,0.0
2026-04-08 11:10:00-04:00,6.71999979019165,6.78000020980835,6.715000152587891,6.760000228881836,25426,0.0,0.0
2026-04-08 11:15:00-04:00,6.764999866485596,6.789999961853027,6.760000228881836,6.789999961853027,17663,0.0,0.0
2026-04-08 11:20:00-04:00,6.799900054931641,6.804999828338623,6.789999961853027,6.804999828338623,11996,0.0,0.0
2026-04-08 11:25:00-04:00,6.808599948883057,6.808599948883057,6.760000228881836,6.7600998878479,41990,0.0,0.0
2026-04-08 11:30:00-04:00,6.764999866485596,6.78000020980835,6.764999866485596,6.769999980926514,16598,0.0,0.0
2026-04-08 11:35:00-04:00,6.775000095367432,6.789999961853027,6.769999980926514,6.789999961853027,12088,0.0,0.0
2026-04-08 11:40:00-04:00,6.795000076293945,6.800000190734863,6.7835001945495605,6.7835001945495605,10504,0.0,0.0
2026-04-08 11:45:00-04:00,6.789999961853027,6.820000171661377,6.784999847412109,6.820000171661377,57680,0.0,0.0
2026-04-08 11:50:00-04:00,6.820000171661377,6.829999923706055,6.815000057220459,6.824999809265137,13803,0.0,0.0
2026-04-08 11:55:00-04:00,6.820000171661377,6.840000152587891,6.809999942779541,6.8302998542785645,43985,0.0,0.0
2026-04-08 12:00:00-04:00,6.835000038146973,6.849999904632568,6.835000038146973,6.84499979019165,12771,0.0,0.0
2026-04-08 12:05:00-04:00,6.84499979019165,6.84499979019165,6.824999809265137,6.835000038146973,10090,0.0,0.0
2026-04-08 12:10:00-04:00,6.835000038146973,6.835000038146973,6.820099830627441,6.835000038146973,8306,0.0,0.0
2026-04-08 12:15:00-04:00,6.829999923706055,6.84499979019165,6.820000171661377,6.835000038146973,26079,0.0,0.0
2026-04-08 12:20:00-04:00,6.840000152587891,6.840000152587891,6.824999809265137,6.829999923706055,36178,0.0,0.0
2026-04-08 12:25:00-04:00,6.829999923706055,6.829999923706055,6.79010009765625,6.815000057220459,26095,0.0,0.0
2026-04-08 12:30:00-04:00,6.820000171661377,6.820000171661377,6.809999942779541,6.815000057220459,16028,0.0,0.0
2026-04-08 12:35:00-04:00,6.810100078582764,6.815000057220459,6.789999961853027,6.800000190734863,20268,0.0,0.0
2026-04-08 12:40:00-04:00,6.804999828338623,6.804999828338623,6.795000076293945,6.795000076293945,17553,0.0,0.0
2026-04-08 12:45:00-04:00,6.795000076293945,6.800000190734863,6.780099868774414,6.795000076293945,27432,0.0,0.0
2026-04-08 12:50:00-04:00,6.795000076293945,6.800000190734863,6.780200004577637,6.78980016708374,15230,0.0,0.0
2026-04-08 12:55:00-04:00,6.784999847412109,6.795000076293945,6.769999980926514,6.769999980926514,13727,0.0,0.0
2026-04-08 13:00:00-04:00,6.769999980926514,6.789999961853027,6.769999980926514,6.775000095367432,7637,0.0,0.0
2026-04-08 13:05:00-04:00,6.769999980926514,6.769999980926514,6.741000175476074,6.744999885559082,24099,0.0,0.0
2026-04-08 13:10:00-04:00,6.744999885559082,6.759900093078613,6.744999885559082,6.755000114440918,7711,0.0,0.0
2026-04-08 13:15:00-04:00,6.755000114440918,6.755000114440918,6.730000019073486,6.735000133514404,20340,0.0,0.0
2026-04-08 13:20:00-04:00,6.731400012969971,6.739999771118164,6.71999979019165,6.71999979019165,17040,0.0,0.0
2026-04-08 13:25:00-04:00,6.71999979019165,6.748600006103516,6.71999979019165,6.744999885559082,48399,0.0,0.0
2026-04-08 13:30:00-04:00,6.75,6.764999866485596,6.75,6.760000228881836,11524,0.0,0.0
2026-04-08 13:35:00-04:00,6.755000114440918,6.78000020980835,6.755000114440918,6.764999866485596,13449,0.0,0.0
2026-04-08 13:40:00-04:00,6.760000228881836,6.769999980926514,6.755000114440918,6.755000114440918,18197,0.0,0.0
2026-04-08 13:45:00-04:00,6.759399890899658,6.759399890899658,6.739999771118164,6.739999771118164,19314,0.0,0.0
2026-04-08 13:50:00-04:00,6.744999885559082,6.769999980926514,6.739999771118164,6.755000114440918,75967,0.0,0.0
2026-04-08 13:55:00-04:00,6.760000228881836,6.764999866485596,6.75,6.764999866485596,8778,0.0,0.0
2026-04-08 14:00:00-04:00,6.760000228881836,6.789999961853027,6.760000228881836,6.775000095367432,36817,0.0,0.0
2026-04-08 14:05:00-04:00,6.769999980926514,6.775000095367432,6.764999866485596,6.769499778747559,6661,0.0,0.0
2026-04-08 14:10:00-04:00,6.764999866485596,6.764999866485596,6.75,6.760000228881836,8359,0.0,0.0
2026-04-08 14:15:00-04:00,6.764999866485596,6.764999866485596,6.71999979019165,6.720399856567383,10967,0.0,0.0
2026-04-08 14:20:00-04:00,6.724999904632568,6.730000019073486,6.710000038146973,6.715000152587891,39524,0.0,0.0
2026-04-08 14:25:00-04:00,6.710000038146973,6.71999979019165,6.704999923706055,6.715000152587891,9682,0.0,0.0
2026-04-08 14:30:00-04:00,6.715000152587891,6.715000152587891,6.702000141143799,6.702000141143799,11092,0.0,0.0
2026-04-08 14:35:00-04:00,6.704999923706055,6.704999923706055,6.695000171661377,6.695000171661377,11832,0.0,0.0
2026-04-08 14:40:00-04:00,6.695000171661377,6.715000152587891,6.695000171661377,6.704999923706055,24412,0.0,0.0
2026-04-08 14:45:00-04:00,6.704999923706055,6.715000152587891,6.704999923706055,6.710000038146973,13789,0.0,0.0
2026-04-08 14:50:00-04:00,6.704999923706055,6.704999923706055,6.695000171661377,6.695000171661377,7712,0.0,0.0
2026-04-08 14:55:00-04:00,6.690000057220459,6.695000171661377,6.670000076293945,6.670000076293945,25313,0.0,0.0
2026-04-08 15:00:00-04:00,6.675000190734863,6.730000019073486,6.670000076293945,6.699999809265137,47126,0.0,0.0
2026-04-08 15:05:00-04:00,6.690000057220459,6.704999923706055,6.690000057220459,6.704999923706055,26848,0.0,0.0
2026-04-08 15:10:00-04:00,6.704999923706055,6.710000038146973,6.704999923706055,6.710000038146973,12147,0.0,0.0
2026-04-08 15:15:00-04:00,6.704999923706055,6.724999904632568,6.699999809265137,6.699999809265137,28688,0.0,0.0
2026-04-08 15:20:00-04:00,6.702000141143799,6.710000038146973,6.700099945068359,6.704999923706055,15038,0.0,0.0
2026-04-08 15:25:00-04:00,6.704999923706055,6.704999923706055,6.699999809265137,6.700099945068359,8674,0.0,0.0
2026-04-08 15:30:00-04:00,6.704999923706055,6.739099979400635,6.699999809265137,6.735000133514404,36264,0.0,0.0
2026-04-08 15:35:00-04:00,6.735000133514404,6.755000114440918,6.735000133514404,6.740099906921387,32584,0.0,0.0
2026-04-08 15:40:00-04:00,6.744999885559082,6.75,6.735000133514404,6.744999885559082,27718,0.0,0.0
2026-04-08 15:45:00-04:00,6.744999885559082,6.760000228881836,6.744999885559082,6.755000114440918,34347,0.0,0.0
2026-04-08 15:50:00-04:00,6.75,6.760000228881836,6.744999885559082,6.755000114440918,38111,0.0,0.0
2026-04-08 15:55:00-04:00,6.75,6.775000095367432,6.730000019073486,6.769999980926514,244707,0.0,0.0
2026-04-09 09:30:00-04:00,6.710000038146973,6.789999961853027,6.670100212097168,6.736100196838379,125254,0.0,0.0
2026-04-09 09:35:00-04:00,6.75,6.757400035858154,6.699999809265137,6.699999809265137,28164,0.0,0.0
2026-04-09 09:40:00-04:00,6.710000038146973,6.71999979019165,6.659999847412109,6.675000190734863,78166,0.0,0.0
2026-04-09 09:45:00-04:00,6.679999828338623,6.690000057220459,6.651000022888184,6.65500020980835,35156,0.0,0.0
2026-04-09 09:50:00-04:00,6.650000095367432,6.650000095367432,6.614999771118164,6.622700214385986,29697,0.0,0.0
2026-04-09 09:55:00-04:00,6.630000114440918,6.669600009918213,6.630000114440918,6.669600009918213,63822,0.0,0.0
2026-04-09 10:00:00-04:00,6.659999847412109,6.659999847412109,6.610000133514404,6.614999771118164,30102,0.0,0.0
2026-04-09 10:05:00-04:00,6.614999771118164,6.639999866485596,6.605000019073486,6.605000019073486,37376,0.0,0.0
2026-04-09 10:10:00-04:00,6.605000019073486,6.610000133514404,6.590000152587891,6.59499979019165,30184,0.0,0.0
2026-04-09 10:15:00-04:00,6.590000152587891,6.590000152587891,6.570000171661377,6.579999923706055,21683,0.0,0.0
2026-04-09 10:20:00-04:00,6.589000225067139,6.598999977111816,6.579999923706055,6.598999977111816,17779,0.0,0.0
2026-04-09 10:25:00-04:00,6.590000152587891,6.590000152587891,6.550000190734863,6.559999942779541,16207,0.0,0.0
2026-04-09 10:30:00-04:00,6.559999942779541,6.570000171661377,6.550000190734863,6.554999828338623,34129,0.0,0.0
2026-04-09 10:35:00-04:00,6.554999828338623,6.559999942779541,6.539999961853027,6.545000076293945,23827,0.0,0.0
2026-04-09 10:40:00-04:00,6.549900054931641,6.559999942779541,6.53000020980835,6.534999847412109,35259,0.0,0.0
2026-04-09 10:45:00-04:00,6.539999961853027,6.550000190734863,6.534999847412109,6.539999961853027,25444,0.0,0.0
2026-04-09 10:50:00-04:00,6.550000190734863,6.565000057220459,6.539999961853027,6.565000057220459,26517,0.0,0.0
2026-04-09 10:55:00-04:00,6.570000171661377,6.574999809265137,6.550000190734863,6.554999828338623,32050,0.0,0.0
2026-04-09 11:00:00-04:00,6.554999828338623,6.569900035858154,6.539999961853027,6.549900054931641,12489,0.0,0.0
2026-04-09 11:05:00-04:00,6.545000076293945,6.545000076293945,6.53000020980835,6.539999961853027,19986,0.0,0.0
2026-04-09 11:10:00-04:00,6.534999847412109,6.545000076293945,6.519999980926514,6.545000076293945,25532,0.0,0.0
2026-04-09 11:15:00-04:00,6.550000190734863,6.570000171661377,6.550000190734863,6.559999942779541,67067,0.0,0.0
2026-04-09 11:20:00-04:00,6.559999942779541,6.568900108337402,6.550000190734863,6.559999942779541,17596,0.0,0.0
2026-04-09 11:25:00-04:00,6.559999942779541,6.559999942779541,6.545000076293945,6.550000190734863,14950,0.0,0.0
2026-04-09 11:30:00-04:00,6.545000076293945,6.610000133514404,6.539999961853027,6.599999904632568,24240,0.0,0.0
2026-04-09 11:35:00-04:00,6.59499979019165,6.599999904632568,6.570099830627441,6.574999809265137,31758,0.0,0.0
2026-04-09 11:40:00-04:00,6.574999809265137,6.59499979019165,6.570000171661377,6.585000038146973,29106,0.0,0.0
2026-04-09 11:45:00-04:00,6.585000038146973,6.630000114440918,6.585000038146973,6.614999771118164,22204,0.0,0.0
2026-04-09 11:50:00-04:00,6.610000133514404,6.669899940490723,6.610000133514404,6.664999961853027,28407,0.0,0.0
2026-04-09 11:55:00-04:00,6.670000076293945,6.710000038146973,6.664999961853027,6.710000038146973,24905,0.0,0.0
2026-04-09 12:00:00-04:00,6.715000152587891,6.749899864196777,6.704999923706055,6.730000019073486,100100,0.0,0.0
2026-04-09 12:05:00-04:00,6.724999904632568,6.739999771118164,6.710000038146973,6.730000019073486,16866,0.0,0.0
2026-04-09 12:10:00-04:00,6.724999904632568,6.739999771118164,6.715000152587891,6.715000152587891,9426,0.0,0.0
2026-04-09 12:15:00-04:00,6.710000038146973,6.739999771118164,6.710000038146973,6.730000019073486,54270,0.0,0.0
2026-04-09 12:20:00-04:00,6.730000019073486,6.735000133514404,6.710000038146973,6.71999979019165,20931,0.0,0.0
2026-04-09 12:25:00-04:00,6.71999979019165,6.739999771118164,6.715000152587891,6.735000133514404,11239,0.0,0.0
2026-04-09 12:30:00-04:00,6.730000019073486,6.840000152587891,6.724999904632568,6.769999980926514,140405,0.0,0.0
2026-04-09 12:35:00-04:00,6.770100116729736,6.7729997634887695,6.735000133514404,6.744999885559082,76567,0.0,0.0
2026-04-09 12:40:00-04:00,6.75,6.819699764251709,6.75,6.789999961853027,58512,0.0,0.0
2026-04-09 12:45:00-04:00,6.789999961853027,6.789999961853027,6.775000095367432,6.784999847412109,11347,0.0,0.0
2026-04-09 12:50:00-04:00,6.784999847412109,6.830100059509277,6.784999847412109,6.827499866485596,37250,0.0,0.0
2026-04-09 12:55:00-04:00,6.824999809265137,6.84499979019165,6.820000171661377,6.835000038146973,18318,0.0,0.0
2026-04-09 13:00:00-04:00,6.835000038146973,6.835000038146973,6.789999961853027,6.809999942779541,28816,0.0,0.0
2026-04-09 13:05:00-04:00,6.810999870300293,6.815000057220459,6.801000118255615,6.809999942779541,20126,0.0,0.0
2026-04-09 13:10:00-04:00,6.800000190734863,6.800000190734863,6.789999961853027,6.795000076293945,16802,0.0,0.0
2026-04-09 13:15:00-04:00,6.804999828338623,6.809999942779541,6.784999847412109,6.789999961853027,10639,0.0,0.0
2026-04-09 13:20:00-04:00,6.79010009765625,6.820000171661377,6.79010009765625,6.804999828338623,13593,0.0,0.0
2026-04-09 13:25:00-04:00,6.800000190734863,6.804999828338623,6.800000190734863,6.800000190734863,11892,0.0,0.0
2026-04-09 13:30:00-04:00,6.808599948883057,6.809999942779541,6.789999961853027,6.795000076293945,10060,0.0,0.0
2026-04-09 13:35:00-04:00,6.800000190734863,6.860000133514404,6.800000190734863,6.855000019073486,42924,0.0,0.0
2026-04-09 13:40:00-04:00,6.860000133514404,6.860099792480469,6.849999904632568,6.855000019073486,11438,0.0,0.0
2026-04-09 13:45:00-04:00,6.855000019073486,6.864999771118164,6.849999904632568,6.855000019073486,12610,0.0,0.0
2026-04-09 13:50:00-04:00,6.855000019073486,6.855000019073486,6.840000152587891,6.840000152587891,35530,0.0,0.0
2026-04-09 13:55:00-04:00,6.840000152587891,6.840000152587891,6.824999809265137,6.835000038146973,21053,0.0,0.0
2026-04-09 14:00:00-04:00,6.835000038146973,6.835000038146973,6.784999847412109,6.795000076293945,21102,0.0,0.0
2026-04-09 14:05:00-04:00,6.809999942779541,6.82889986038208,6.809999942779541,6.815000057220459,9000,0.0,0.0
2026-04-09 14:10:00-04:00,6.815000057220459,6.824999809265137,6.775000095367432,6.775000095367432,20066,0.0,0.0
2026-04-09 14:15:00-04:00,6.775000095367432,6.789999961853027,6.769999980926514,6.784999847412109,20414,0.0,0.0
2026-04-09 14:20:00-04:00,6.78000020980835,6.784999847412109,6.769999980926514,6.775000095367432,14771,0.0,0.0
2026-04-09 14:25:00-04:00,6.769999980926514,6.775000095367432,6.764999866485596,6.769999980926514,14876,0.0,0.0
2026-04-09 14:30:00-04:00,6.78000020980835,6.78000020980835,6.75,6.758600234985352,11082,0.0,0.0
2026-04-09 14:35:00-04:00,6.755000114440918,6.775000095367432,6.75,6.775000095367432,14530,0.0,0.0
2026-04-09 14:40:00-04:00,6.769999980926514,6.769999980926514,6.75,6.75,7113,0.0,0.0
2026-04-09 14:45:00-04:00,6.755000114440918,6.764999866485596,6.744999885559082,6.755000114440918,11815,0.0,0.0
2026-04-09 14:50:00-04:00,6.75,6.760000228881836,6.739999771118164,6.760000228881836,11253,0.0,0.0
2026-04-09 14:55:00-04:00,6.755000114440918,6.764999866485596,6.75,6.755000114440918,9941,0.0,0.0
2026-04-09 15:00:00-04:00,6.755000114440918,6.759799957275391,6.752099990844727,6.755000114440918,4313,0.0,0.0
2026-04-09 15:05:00-04:00,6.755000114440918,6.755099773406982,6.744999885559082,6.7546000480651855,9173,0.0,0.0
2026-04-09 15:10:00-04:00,6.755000114440918,6.764999866485596,6.755000114440918,6.760000228881836,16651,0.0,0.0
2026-04-09 15:15:00-04:00,6.764999866485596,6.769899845123291,6.744999885559082,6.755000114440918,25605,0.0,0.0
2026-04-09 15:20:00-04:00,6.755000114440918,6.764999866485596,6.75,6.764999866485596,6765,0.0,0.0
2026-04-09 15:25:00-04:00,6.764999866485596,6.769899845123291,6.744999885559082,6.760200023651123,16794,0.0,0.0
2026-04-09 15:30:00-04:00,6.760000228881836,6.769999980926514,6.750100135803223,6.755000114440918,17518,0.0,0.0
2026-04-09 15:35:00-04:00,6.755000114440918,6.760000228881836,6.71999979019165,6.724999904632568,24853,0.0,0.0
2026-04-09 15:40:00-04:00,6.71999979019165,6.730000019073486,6.710000038146973,6.710000038146973,29714,0.0,0.0
2026-04-09 15:45:00-04:00,6.715000152587891,6.724999904632568,6.715000152587891,6.71999979019165,14430,0.0,0.0
2026-04-09 15:50:00-04:00,6.730000019073486,6.7399001121521,6.71999979019165,6.735000133514404,25745,0.0,0.0
2026-04-09 15:55:00-04:00,6.730000019073486,6.739999771118164,6.710000038146973,6.730000019073486,115326,0.0,0.0
2026-04-10 09:30:00-04:00,6.769999980926514,6.920000076293945,6.769999980926514,6.853600025177002,114488,0.0,0.0
2026-04-10 09:35:00-04:00,6.840000152587891,6.840000152587891,6.760000228881836,6.760000228881836,57362,0.0,0.0
2026-04-10 09:40:00-04:00,6.764999866485596,6.800000190734863,6.760000228881836,6.78000020980835,24362,0.0,0.0
2026-04-10 09:45:00-04:00,6.769999980926514,6.782400131225586,6.739999771118164,6.739999771118164,21155,0.0,0.0
2026-04-10 09:50:00-04:00,6.730000019073486,6.760000228881836,6.730000019073486,6.739999771118164,19991,0.0,0.0
2026-04-10 09:55:00-04:00,6.730000019073486,6.769999980926514,6.730000019073486,6.760000228881836,24264,0.0,0.0
2026-04-10 10:00:00-04:00,6.75,6.760000228881836,6.730000019073486,6.744999885559082,15964,0.0,0.0
2026-04-10 10:05:00-04:00,6.746799945831299,6.755000114440918,6.715000152587891,6.724999904632568,37381,0.0,0.0
2026-04-10 10:10:00-04:00,6.720099925994873,6.724999904632568,6.710000038146973,6.715000152587891,34480,0.0,0.0
2026-04-10 10:15:00-04:00,6.710000038146973,6.719900131225586,6.690000057220459,6.699900150299072,26597,0.0,0.0
2026-04-10 10:20:00-04:00,6.695000171661377,6.710000038146973,6.679999828338623,6.706699848175049,18391,0.0,0.0
2026-04-10 10:25:00-04:00,6.704999923706055,6.739999771118164,6.704999923706055,6.735000133514404,38017,0.0,0.0
2026-04-10 10:30:00-04:00,6.739999771118164,6.764999866485596,6.730000019073486,6.739999771118164,16123,0.0,0.0
2026-04-10 10:35:00-04:00,6.739999771118164,6.739999771118164,6.71999979019165,6.724999904632568,16308,0.0,0.0
2026-04-10 10:40:00-04:00,6.724999904632568,6.742300033569336,6.699999809265137,6.7067999839782715,21914,0.0,0.0
2026-04-10 10:45:00-04:00,6.699999809265137,6.699999809265137,6.670000076293945,6.675000190734863,35575,0.0,0.0
2026-04-10 10:50:00-04:00,6.679999828338623,6.690000057220459,6.679999828338623,6.679999828338623,14067,0.0,0.0
2026-04-10 10:55:00-04:00,6.680799961090088,6.6996002197265625,6.679999828338623,6.695000171661377,17043,0.0,0.0
2026-04-10 11:00:00-04:00,6.695000171661377,6.699999809265137,6.670000076293945,6.679999828338623,30514,0.0,0.0
2026-04-10 11:05:00-04:00,6.679999828338623,6.695000171661377,6.670000076293945,6.695000171661377,21908,0.0,0.0
2026-04-10 11:10:00-04:00,6.699900150299072,6.699900150299072,6.670000076293945,6.675000190734863,8816,0.0,0.0
2026-04-10 11:15:00-04:00,6.670000076293945,6.679999828338623,6.670000076293945,6.675000190734863,9612,0.0,0.0
2026-04-10 11:20:00-04:00,6.684999942779541,6.690000057220459,6.679999828338623,6.679999828338623,23719,0.0,0.0
2026-04-10 11:25:00-04:00,6.684999942779541,6.699900150299072,6.675000190734863,6.679999828338623,23920,0.0,0.0
2026-04-10 11:30:00-04:00,6.684999942779541,6.689899921417236,6.65500020980835,6.65500020980835,21650,0.0,0.0
2026-04-10 11:35:00-04:00,6.65500020980835,6.65500020980835,6.639999866485596,6.639999866485596,18880,0.0,0.0
2026-04-10 11:40:00-04:00,6.640399932861328,6.640399932861328,6.630000114440918,6.630000114440918,14330,0.0,0.0
2026-04-10 11:45:00-04:00,6.635000228881836,6.639999866485596,6.610000133514404,6.619999885559082,22416,0.0,0.0
2026-04-10 11:50:00-04:00,6.625,6.639999866485596,6.610000133514404,6.635000228881836,63422,0.0,0.0
2026-04-10 11:55:00-04:00,6.625,6.630000114440918,6.614999771118164,6.619999885559082,19573,0.0,0.0
2026-04-10 12:00:00-04:00,6.625,6.644999980926514,6.619999885559082,6.644999980926514,14649,0.0,0.0
2026-04-10 12:05:00-04:00,6.644999980926514,6.650000095367432,6.610000133514404,6.610000133514404,22503,0.0,0.0
2026-04-10 12:10:00-04:00,6.614999771118164,6.619999885559082,6.610000133514404,6.610000133514404,23226,0.0,0.0
2026-04-10 12:15:00-04:00,6.614999771118164,6.619999885559082,6.610000133514404,6.610000133514404,11696,0.0,0.0
2026-04-10 12:20:00-04:00,6.610000133514404,6.610000133514404,6.590000152587891,6.59499979019165,30055,0.0,0.0
2026-04-10 12:25:00-04:00,6.59499979019165,6.598299980163574,6.590000152587891,6.598299980163574,5320,0.0,0.0
2026-04-10 12:30:00-04:00,6.590000152587891,6.599999904632568,6.570000171661377,6.570000171661377,28865,0.0,0.0
2026-04-10 12:35:00-04:00,6.565000057220459,6.570000171661377,6.550000190734863,6.565000057220459,14300,0.0,0.0
2026-04-10 12:40:00-04:00,6.565000057220459,6.565000057220459,6.550000190734863,6.554999828338623,8030,0.0,0.0
2026-04-10 12:45:00-04:00,6.550000190734863,6.570099830627441,6.550000190734863,6.570000171661377,27569,0.0,0.0
2026-04-10 12:50:00-04:00,6.570000171661377,6.585000038146973,6.560100078582764,6.570000171661377,19888,0.0,0.0
2026-04-10 12:55:00-04:00,6.574999809265137,6.59499979019165,6.574999809265137,6.585000038146973,9056,0.0,0.0
2026-04-10 13:00:00-04:00,6.579999923706055,6.579999923706055,6.570000171661377,6.574999809265137,21072,0.0,0.0
2026-04-10 13:05:00-04:00,6.570000171661377,6.579999923706055,6.570000171661377,6.579999923706055,8879,0.0,0.0
2026-04-10 13:10:00-04:00,6.579999923706055,6.59499979019165,6.570000171661377,6.59499979019165,13994,0.0,0.0
2026-04-10 13:15:00-04:00,6.599899768829346,6.605000019073486,6.585000038146973,6.590000152587891,7136,0.0,0.0
2026-04-10 13:20:00-04:00,6.599899768829346,6.600200176239014,6.59499979019165,6.600200176239014,5551,0.0,0.0
2026-04-10 13:25:00-04:00,6.599999904632568,6.599999904632568,6.590000152587891,6.595799922943115,7902,0.0,0.0
2026-04-10 13:30:00-04:00,6.590000152587891,6.599999904632568,6.579999923706055,6.579999923706055,9629,0.0,0.0
2026-04-10 13:35:00-04:00,6.585000038146973,6.599999904632568,6.579999923706055,6.59499979019165,15012,0.0,0.0
2026-04-10 13:40:00-04:00,6.590000152587891,6.610000133514404,6.579999923706055,6.599999904632568,18060,0.0,0.0
2026-04-10 13:45:00-04:00,6.599999904632568,6.609899997711182,6.590000152587891,6.599999904632568,4101,0.0,0.0
2026-04-10 13:50:00-04:00,6.599999904632568,6.613399982452393,6.599999904632568,6.610000133514404,6599,0.0,0.0
2026-04-10 13:55:00-04:00,6.614999771118164,6.617300033569336,6.610000133514404,6.610000133514404,6363,0.0,0.0
2026-04-10 14:00:00-04:00,6.610000133514404,6.618100166320801,6.610000133514404,6.610000133514404,5663,0.0,0.0
2026-04-10 14:05:00-04:00,6.610000133514404,6.610000133514404,6.590000152587891,6.605000019073486,8089,0.0,0.0
2026-04-10 14:10:00-04:00,6.6020002365112305,6.605000019073486,6.570000171661377,6.599999904632568,21069,0.0,0.0
2026-04-10 14:15:00-04:00,6.605000019073486,6.619999885559082,6.600200176239014,6.614999771118164,8084,0.0,0.0
2026-04-10 14:20:00-04:00,6.610000133514404,6.614999771118164,6.599999904632568,6.605000019073486,11984,0.0,0.0
2026-04-10 14:25:00-04:00,6.605000019073486,6.605000019073486,6.599999904632568,6.605000019073486,5446,0.0,0.0
2026-04-10 14:30:00-04:00,6.610000133514404,6.619900226593018,6.599999904632568,6.605000019073486,7175,0.0,0.0
2026-04-10 14:35:00-04:00,6.605000019073486,6.605000019073486,6.590000152587891,6.594799995422363,6748,0.0,0.0
2026-04-10 14:40:00-04:00,6.59499979019165,6.599999904632568,6.585000038146973,6.59119987487793,9763,0.0,0.0
2026-04-10 14:45:00-04:00,6.590000152587891,6.599999904632568,6.585000038146973,6.599999904632568,6534,0.0,0.0
2026-04-10 14:50:00-04:00,6.590000152587891,6.605000019073486,6.579999923706055,6.579999923706055,34877,0.0,0.0
2026-04-10 14:55:00-04:00,6.579999923706055,6.581999778747559,6.570000171661377,6.574999809265137,17386,0.0,0.0
2026-04-10 15:00:00-04:00,6.574999809265137,6.590000152587891,6.574999809265137,6.582200050354004,12301,0.0,0.0
2026-04-10 15:05:00-04:00,6.579999923706055,6.599999904632568,6.579999923706055,6.59499979019165,18341,0.0,0.0
2026-04-10 15:10:00-04:00,6.59499979019165,6.599999904632568,6.579999923706055,6.59499979019165,12305,0.0,0.0
2026-04-10 15:15:00-04:00,6.59499979019165,6.59499979019165,6.590000152587891,6.590000152587891,7252,0.0,0.0
2026-04-10 15:20:00-04:00,6.590000152587891,6.59499979019165,6.590000152587891,6.590000152587891,6561,0.0,0.0
2026-04-10 15:25:00-04:00,6.590000152587891,6.599999904632568,6.590000152587891,6.590000152587891,12249,0.0,0.0
2026-04-10 15:30:00-04:00,6.59499979019165,6.59499979019165,6.590000152587891,6.59499979019165,10856,0.0,0.0
2026-04-10 15:35:00-04:00,6.59499979019165,6.59499979019165,6.579999923706055,6.579999923706055,18465,0.0,0.0
2026-04-10 15:40:00-04:00,6.579999923706055,6.585000038146973,6.559999942779541,6.580100059509277,42133,0.0,0.0
2026-04-10 15:45:00-04:00,6.585000038146973,6.590000152587891,6.579999923706055,6.585000038146973,18203,0.0,0.0
2026-04-10 15:50:00-04:00,6.585000038146973,6.599999904632568,6.570000171661377,6.589900016784668,46678,0.0,0.0
2026-04-10 15:55:00-04:00,6.579999923706055,6.599999904632568,6.564499855041504,6.590000152587891,174576,0.0,0.0
2026-04-13 09:30:00-04:00,6.434700012207031,6.480000019073486,6.369999885559082,6.414999961853027,215576,0.0,0.0
2026-04-13 09:35:00-04:00,6.414999961853027,6.414999961853027,6.369999885559082,6.369999885559082,38010,0.0,0.0
2026-04-13 09:40:00-04:00,6.385000228881836,6.409999847412109,6.385000228881836,6.40500020980835,30818,0.0,0.0
2026-04-13 09:45:00-04:00,6.401400089263916,6.409999847412109,6.385000228881836,6.404300212860107,121258,0.0,0.0
2026-04-13 09:50:00-04:00,6.400100231170654,6.429900169372559,6.389999866485596,6.420000076293945,28875,0.0,0.0
2026-04-13 09:55:00-04:00,6.414999961853027,6.449999809265137,6.400000095367432,6.434999942779541,80202,0.0,0.0
2026-04-13 10:00:00-04:00,6.434999942779541,6.466700077056885,6.40500020980835,6.40500020980835,76549,0.0,0.0
2026-04-13 10:05:00-04:00,6.400000095367432,6.409999847412109,6.380000114440918,6.380000114440918,109537,0.0,0.0
2026-04-13 10:10:00-04:00,6.389999866485596,6.409999847412109,6.369999885559082,6.385000228881836,24395,0.0,0.0
2026-04-13 10:15:00-04:00,6.385000228881836,6.385000228881836,6.360000133514404,6.369999885559082,36831,0.0,0.0
2026-04-13 10:20:00-04:00,6.375,6.409999847412109,6.375,6.40500020980835,28438,0.0,0.0
2026-04-13 10:25:00-04:00,6.40500020980835,6.468800067901611,6.40500020980835,6.468800067901611,21932,0.0,0.0
2026-04-13 10:30:00-04:00,6.465000152587891,6.470300197601318,6.440000057220459,6.440000057220459,25681,0.0,0.0
2026-04-13 10:35:00-04:00,6.440000057220459,6.460000038146973,6.429999828338623,6.454999923706055,12821,0.0,0.0
2026-04-13 10:40:00-04:00,6.454999923706055,6.489999771118164,6.454999923706055,6.485000133514404,26703,0.0,0.0
2026-04-13 10:45:00-04:00,6.485000133514404,6.485000133514404,6.449999809265137,6.454999923706055,24188,0.0,0.0
2026-04-13 10:50:00-04:00,6.445000171661377,6.460000038146973,6.440000057220459,6.449999809265137,34016,0.0,0.0
2026-04-13 10:55:00-04:00,6.449999809265137,6.489999771118164,6.449999809265137,6.480000019073486,30322,0.0,0.0
2026-04-13 11:00:00-04:00,6.485000133514404,6.485000133514404,6.460100173950195,6.465000152587891,26391,0.0,0.0
2026-04-13 11:05:00-04:00,6.460000038146973,6.460000038146973,6.445000171661377,6.454999923706055,24301,0.0,0.0
2026-04-13 11:10:00-04:00,6.454999923706055,6.474999904632568,6.454999923706055,6.474999904632568,11187,0.0,0.0
2026-04-13 11:15:00-04:00,6.470699787139893,6.480000019073486,6.46999979019165,6.470099925994873,12450,0.0,0.0
2026-04-13 11:20:00-04:00,6.474999904632568,6.489999771118164,6.460000038146973,6.485000133514404,29185,0.0,0.0
2026-04-13 11:25:00-04:00,6.480000019073486,6.494999885559082,6.46999979019165,6.474999904632568,13611,0.0,0.0
2026-04-13 11:30:00-04:00,6.46999979019165,6.485000133514404,6.460000038146973,6.482500076293945,10552,0.0,0.0
2026-04-13 11:35:00-04:00,6.485000133514404,6.494999885559082,6.480000019073486,6.494999885559082,11262,0.0,0.0
2026-04-13 11:40:00-04:00,6.492199897766113,6.5,6.485000133514404,6.485000133514404,22495,0.0,0.0
2026-04-13 11:45:00-04:00,6.485000133514404,6.5,6.485000133514404,6.494999885559082,17648,0.0,0.0
2026-04-13 11:50:00-04:00,6.494999885559082,6.494999885559082,6.480000019073486,6.480000019073486,10526,0.0,0.0
2026-04-13 11:55:00-04:00,6.485000133514404,6.494999885559082,6.485000133514404,6.494999885559082,16004,0.0,0.0
2026-04-13 12:00:00-04:00,6.494999885559082,6.497200012207031,6.46999979019165,6.474999904632568,10818,0.0,0.0
2026-04-13 12:05:00-04:00,6.474999904632568,6.485000133514404,6.449999809265137,6.485000133514404,31231,0.0,0.0
2026-04-13 12:10:00-04:00,6.485000133514404,6.519999980926514,6.485000133514404,6.514999866485596,41100,0.0,0.0
2026-04-13 12:15:00-04:00,6.514999866485596,6.525000095367432,6.513500213623047,6.525000095367432,12749,0.0,0.0
2026-04-13 12:20:00-04:00,6.525000095367432,6.545000076293945,6.525000095367432,6.540200233459473,20660,0.0,0.0
2026-04-13 12:25:00-04:00,6.545000076293945,6.58650016784668,6.545000076293945,6.58650016784668,18962,0.0,0.0
2026-04-13 12:30:00-04:00,6.585000038146973,6.605000019073486,6.574999809265137,6.599999904632568,39530,0.0,0.0
2026-04-13 12:35:00-04:00,6.599999904632568,6.619999885559082,6.599999904632568,6.605000019073486,21662,0.0,0.0
2026-04-13 12:40:00-04:00,6.605000019073486,6.610000133514404,6.590000152587891,6.605000019073486,17394,0.0,0.0
2026-04-13 12:45:00-04:00,6.610000133514404,6.650000095367432,6.610000133514404,6.635000228881836,18636,0.0,0.0
2026-04-13 12:50:00-04:00,6.635000228881836,6.650000095367432,6.625,6.629300117492676,26626,0.0,0.0
2026-04-13 12:55:00-04:00,6.625,6.639999866485596,6.613100051879883,6.635000228881836,22181,0.0,0.0
2026-04-13 13:00:00-04:00,6.635000228881836,6.679999828338623,6.635000228881836,6.675000190734863,70719,0.0,0.0
2026-04-13 13:05:00-04:00,6.675000190734863,6.71999979019165,6.664999961853027,6.715000152587891,41174,0.0,0.0
2026-04-13 13:10:00-04:00,6.714300155639648,6.75,6.710000038146973,6.710000038146973,59410,0.0,0.0
2026-04-13 13:15:00-04:00,6.71999979019165,6.740099906921387,6.710000038146973,6.735000133514404,20646,0.0,0.0
2026-04-13 13:20:00-04:00,6.735000133514404,6.75,6.730000019073486,6.7403998374938965,31994,0.0,0.0
2026-04-13 13:25:00-04:00,6.744999885559082,6.755000114440918,6.724999904632568,6.735000133514404,29198,0.0,0.0
2026-04-13 13:30:00-04:00,6.735000133514404,6.764999866485596,6.735000133514404,6.764999866485596,44556,0.0,0.0
2026-04-13 13:35:00-04:00,6.769999980926514,6.78000020980835,6.755000114440918,6.755000114440918,83728,0.0,0.0
2026-04-13 13:40:00-04:00,6.755000114440918,6.755000114440918,6.724999904632568,6.739999771118164,53502,0.0,0.0
2026-04-13 13:45:00-04:00,6.744999885559082,6.744999885559082,6.71999979019165,6.730100154876709,12627,0.0,0.0
2026-04-13 13:50:00-04:00,6.735000133514404,6.739999771118164,6.71999979019165,6.739999771118164,49419,0.0,0.0
2026-04-13 13:55:00-04:00,6.735000133514404,6.735000133514404,6.71999979019165,6.730000019073486,23510,0.0,0.0
2026-04-13 14:00:00-04:00,6.735000133514404,6.760000228881836,6.730000019073486,6.760000228881836,22945,0.0,0.0
2026-04-13 14:05:00-04:00,6.755000114440918,6.760000228881836,6.75,6.75,17687,0.0,0.0
2026-04-13 14:10:00-04:00,6.755000114440918,6.760000228881836,6.739999771118164,6.744999885559082,13496,0.0,0.0
2026-04-13 14:15:00-04:00,6.744999885559082,6.760000228881836,6.744999885559082,6.760000228881836,11945,0.0,0.0
2026-04-13 14:20:00-04:00,6.759900093078613,6.78000020980835,6.755000114440918,6.764999866485596,41165,0.0,0.0
2026-04-13 14:25:00-04:00,6.764999866485596,6.764999866485596,6.739999771118164,6.755000114440918,20548,0.0,0.0
2026-04-13 14:30:00-04:00,6.755000114440918,6.760000228881836,6.75,6.755000114440918,16736,0.0,0.0
2026-04-13 14:35:00-04:00,6.755000114440918,6.755099773406982,6.75,6.75,12247,0.0,0.0
2026-04-13 14:40:00-04:00,6.755000114440918,6.760000228881836,6.75,6.755000114440918,7582,0.0,0.0
2026-04-13 14:45:00-04:00,6.755000114440918,6.78000020980835,6.75,6.77209997177124,43218,0.0,0.0
2026-04-13 14:50:00-04:00,6.779900074005127,6.78000020980835,6.760000228881836,6.760000228881836,21778,0.0,0.0
2026-04-13 14:55:00-04:00,6.764999866485596,6.769999980926514,6.760000228881836,6.764999866485596,15097,0.0,0.0
2026-04-13 15:00:00-04:00,6.764999866485596,6.78000020980835,6.739999771118164,6.739999771118164,28151,0.0,0.0
2026-04-13 15:05:00-04:00,6.744999885559082,6.744999885559082,6.724999904632568,6.735000133514404,26723,0.0,0.0
2026-04-13 15:10:00-04:00,6.735000133514404,6.735000133514404,6.71999979019165,6.724999904632568,15772,0.0,0.0
2026-04-13 15:15:00-04:00,6.724999904632568,6.739999771118164,6.710000038146973,6.724999904632568,53078,0.0,0.0
2026-04-13 15:20:00-04:00,6.724999904632568,6.735000133514404,6.719900131225586,6.719900131225586,44770,0.0,0.0
2026-04-13 15:25:00-04:00,6.715000152587891,6.71999979019165,6.699999809265137,6.699999809265137,49910,0.0,0.0
2026-04-13 15:30:00-04:00,6.699999809265137,6.755000114440918,6.699999809265137,6.744999885559082,34860,0.0,0.0
2026-04-13 15:35:00-04:00,6.744999885559082,6.7484002113342285,6.730000019073486,6.735000133514404,15173,0.0,0.0
2026-04-13 15:40:00-04:00,6.735000133514404,6.735000133514404,6.710000038146973,6.724999904632568,34802,0.0,0.0
2026-04-13 15:45:00-04:00,6.724999904632568,6.7399001121521,6.724999904632568,6.730000019073486,22879,0.0,0.0
2026-04-13 15:50:00-04:00,6.735000133514404,6.739999771118164,6.71999979019165,6.724999904632568,54461,0.0,0.0
2026-04-13 15:55:00-04:00,6.724999904632568,6.739999771118164,6.710000038146973,6.730000019073486,142170,0.0,0.0
